   1.0000000000000000        1.0000000000000000        1.0000000000000000        1.0000000000000000        1.0000000000000000        1.0000000000000000        1.0000000000000000        1.0000000000000000        1.0000000000000000        1.0000000000000000        1.0000000000000000        1.0000000000000000        1.0000000000000000        1.0000000000000000        1.0000000000000000     
   1.0000000000000000        1.0000000000000000        1.0000000000000000        1.0000000000000000        1.0000000000000000        1.0000000000000000        1.0000000000000000        1.0000000000000000        1.0000000000000000        1.0000000000000000        1.0000000000000000        1.0000000000000000        1.0000000000000000        1.0000000000000000        1.0000000000000000     
   1.0000000000000000        1.0000000000000000        1.0000000000000000        1.0000000000000000        1.0000000000000000        1.0000000000000000        1.0000000000000000        1.0000000000000000        1.0000000000000000        1.0000000000000000        1.0000000000000000        1.0000000000000000        1.0000000000000000        1.0000000000000000        1.0000000000000000     
   1.0000000000000000        1.0000000000000000        1.0000000000000000        1.0000000000000000        1.0000000000000000        1.0000000000000000        1.0000000000000000        1.0000000000000000        1.0000000000000000        1.0000000000000000        1.0000000000000000        1.0000000000000000        1.0000000000000000        1.0000000000000000        1.0000000000000000     
   1.0000000000000000        1.0000000000000000        1.0000000000000000        1.0000000000000000        1.0000000000000000        1.0000000000000000        1.0000000000000000        1.0000000000000000        1.0000000000000000        1.0000000000000000        1.0000000000000000        1.0000000000000000        1.0000000000000000        1.0000000000000000        1.0000000000000000     
   1.0000000000000000        1.0000000000000000        1.0000000000000000        1.0000000000000000        1.0000000000000000        1.0000000000000000        1.0000000000000000        1.0000000000000000        1.0000000000000000        1.0000000000000000        1.0000000000000000        1.0000000000000000        1.0000000000000000        1.0000000000000000        1.0000000000000000     
   1.0000000000000000        1.0000000000000000        1.0000000000000000        1.0000000000000000        1.0000000000000000        1.0000000000000000        1.0000000000000000        1.0000000000000000        1.0000000000000000        1.0000000000000000        1.0000000000000000        1.0000000000000000        1.0000000000000000        1.0000000000000000        1.0000000000000000     
   1.0000000000000000        1.0000000000000000        1.0000000000000000        1.0000000000000000        1.0000000000000000        1.0000000000000000        1.0000000000000000        1.0000000000000000        1.0000000000000000        1.0000000000000000        1.0000000000000000        1.0000000000000000        1.0000000000000000        1.0000000000000000        1.0000000000000000     
   1.0000000000000000        1.0000000000000000        1.0000000000000000        1.0000000000000000        1.0000000000000000        1.0000000000000000        1.0000000000000000        1.0000000000000000        1.0000000000000000        1.0000000000000000        1.0000000000000000        1.0000000000000000        1.0000000000000000        1.0000000000000000        1.0000000000000000     
   1.0000000000000000        1.0000000000000000        1.0000000000000000        1.0000000000000000        1.0000000000000000        1.0000000000000000        1.0000000000000000        1.0000000000000000        1.0000000000000000        1.0000000000000000        1.0000000000000000        1.0000000000000000        1.0000000000000000        1.0000000000000000        1.0000000000000000     
   1.0000000000000000        1.0000000000000000        1.0000000000000000        1.0000000000000000        1.0000000000000000        1.0000000000000000        1.0000000000000000        1.0000000000000000        1.0000000000000000        1.0000000000000000        1.0000000000000000        1.0000000000000000        1.0000000000000000        1.0000000000000000        1.0000000000000000     
   1.0000000000000000        1.0000000000000000        1.0000000000000000        1.0000000000000000        1.0000000000000000        1.0000000000000000        1.0000000000000000        1.0000000000000000        1.0000000000000000        1.0000000000000000        1.0000000000000000        1.0000000000000000        1.0000000000000000        1.0000000000000000        1.0000000000000000     
   1.0000000000000000        1.0000000000000000        1.0000000000000000        1.0000000000000000        1.0000000000000000        1.0000000000000000        1.0000000000000000        1.0000000000000000        1.0000000000000000        1.0000000000000000        1.0000000000000000        1.0000000000000000        1.0000000000000000        1.0000000000000000        1.0000000000000000     
   1.0000000000000000        1.0000000000000000        1.0000000000000000        1.0000000000000000        1.0000000000000000        1.0000000000000000        1.0000000000000000        1.0000000000000000        1.0000000000000000        1.0000000000000000        1.0000000000000000        1.0000000000000000        1.0000000000000000        1.0000000000000000        1.0000000000000000     
   1.0000000000000000        1.0000000000000000        1.0000000000000000        1.0000000000000000        1.0000000000000000        1.0000000000000000        1.0000000000000000        1.0000000000000000        1.0000000000000000        1.0000000000000000        1.0000000000000000        1.0000000000000000        1.0000000000000000        1.0000000000000000        1.0000000000000000     
   1.0000000000000000        1.0000000000000000        1.0000000000000000        1.0000000000000000        1.0000000000000000        1.0000000000000000        1.0000000000000000        1.0000000000000000        1.0000000000000000        1.0000000000000000        1.0000000000000000        1.0000000000000000        1.0000000000000000        1.0000000000000000        1.0000000000000000     
   1.0000000000000000        1.0000000000000000        1.0000000000000000        1.0000000000000000        1.0000000000000000        1.0000000000000000        1.0000000000000000        1.0000000000000000        1.0000000000000000        1.0000000000000000        1.0000000000000000        1.0000000000000000        1.0000000000000000        1.0000000000000000        1.0000000000000000     
   1.0000000000000000        1.0000000000000000        1.0000000000000000        1.0000000000000000        1.0000000000000000        1.0000000000000000        1.0000000000000000        1.0000000000000000        1.0000000000000000        1.0000000000000000        1.0000000000000000        1.0000000000000000        1.0000000000000000        1.0000000000000000        1.0000000000000000     
   1.0000000000000000        1.0000000000000000        1.0000000000000000        1.0000000000000000        1.0000000000000000        1.0000000000000000        1.0000000000000000        1.0000000000000000        1.0000000000000000        1.0000000000000000        1.0000000000000000        1.0000000000000000        1.0000000000000000        1.0000000000000000        1.0000000000000000     
   1.0000000000000000        1.0000000000000000        1.0000000000000000        1.0000000000000000        1.0000000000000000        1.0000000000000000        1.0000000000000000        1.0000000000000000        1.0000000000000000        1.0000000000000000        1.0000000000000000        1.0000000000000000        1.0000000000000000        1.0000000000000000        1.0000000000000000     
   1.0000000000000000        1.0000000000000000        1.0000000000000000        1.0000000000000000        1.0000000000000000        1.0000000000000000        1.0000000000000000        1.0000000000000000        1.0000000000000000        1.0000000000000000        1.0000000000000000        1.0000000000000000        1.0000000000000000        1.0000000000000000        1.0000000000000000     
   1.0000000000000000        1.0000000000000000        1.0000000000000000        1.0000000000000000        1.0000000000000000        1.0000000000000000        1.0000000000000000        1.0000000000000000        1.0000000000000000        1.0000000000000000        1.0000000000000000        1.0000000000000000        1.0000000000000000        1.0000000000000000        1.0000000000000000     
   1.0000000000000000        1.0000000000000000        1.0000000000000000        1.0000000000000000        1.0000000000000000        1.0000000000000000        1.0000000000000000        1.0000000000000000        1.0000000000000000        1.0000000000000000        1.0000000000000000        1.0000000000000000        1.0000000000000000        1.0000000000000000        1.0000000000000000     
   1.0000000000000000        1.0000000000000000        1.0000000000000000        1.0000000000000000        1.0000000000000000        1.0000000000000000        1.0000000000000000        1.0000000000000000        1.0000000000000000        1.0000000000000000        1.0000000000000000        1.0000000000000000        1.0000000000000000        1.0000000000000000        1.0000000000000000     
   1.0000000000000000        1.0000000000000000        1.0000000000000000        1.0000000000000000        1.0000000000000000        1.0000000000000000        1.0000000000000000        1.0000000000000000        1.0000000000000000        1.0000000000000000        1.0000000000000000        1.0000000000000000        1.0000000000000000        1.0000000000000000        1.0000000000000000     
   1.0000000000000000        1.0000000000000000        1.0000000000000000        1.0000000000000000        1.0000000000000000        1.0000000000000000        1.0000000000000000        1.0000000000000000        1.0000000000000000        1.0000000000000000        1.0000000000000000        1.0000000000000000        1.0000000000000000        1.0000000000000000        1.0000000000000000     
   1.0000000000000000        1.0000000000000000        1.0000000000000000        1.0000000000000000        1.0000000000000000        1.0000000000000000        1.0000000000000000        1.0000000000000000        1.0000000000000000        1.0000000000000000        1.0000000000000000        1.0000000000000000        1.0000000000000000        1.0000000000000000        1.0000000000000000     
   1.0000000000000000        1.0000000000000000        1.0000000000000000        1.0000000000000000        1.0000000000000000        1.0000000000000000        1.0000000000000000        1.0000000000000000        1.0000000000000000        1.0000000000000000        1.0000000000000000        1.0000000000000000        1.0000000000000000        1.0000000000000000        1.0000000000000000     
   1.0000000000000000        1.0000000000000000        1.0000000000000000        1.0000000000000000        1.0000000000000000        1.0000000000000000        1.0000000000000000        1.0000000000000000        1.0000000000000000        1.0000000000000000        1.0000000000000000        1.0000000000000000        1.0000000000000000        1.0000000000000000        1.0000000000000000     
   1.0000000000000000        1.0000000000000000        1.0000000000000000        1.0000000000000000        1.0000000000000000        1.0000000000000000        1.0000000000000000        1.0000000000000000        1.0000000000000000        1.0000000000000000        1.0000000000000000        1.0000000000000000        1.0000000000000000        1.0000000000000000        1.0000000000000000     
   1.0000000000000000        1.0000000000000000        1.0000000000000000        1.0000000000000000        1.0000000000000000        1.0000000000000000        1.0000000000000000        1.0000000000000000        1.0000000000000000        1.0000000000000000        1.0000000000000000        1.0000000000000000        1.0000000000000000        1.0000000000000000        1.0000000000000000     
   1.0000000000000000        1.0000000000000000        1.0000000000000000        1.0000000000000000        1.0000000000000000        1.0000000000000000        1.0000000000000000        1.0000000000000000        1.0000000000000000        1.0000000000000000        1.0000000000000000        1.0000000000000000        1.0000000000000000        1.0000000000000000        1.0000000000000000     
   1.0000000000000000        1.0000000000000000        1.0000000000000000        1.0000000000000000        1.0000000000000000        1.0000000000000000        1.0000000000000000        1.0000000000000000        1.0000000000000000        1.0000000000000000        1.0000000000000000        1.0000000000000000        1.0000000000000000        1.0000000000000000        1.0000000000000000     
   1.0000000000000000        1.0000000000000000        1.0000000000000000        1.0000000000000000        1.0000000000000000        1.0000000000000000        1.0000000000000000        1.0000000000000000        1.0000000000000000        1.0000000000000000        1.0000000000000000        1.0000000000000000        1.0000000000000000        1.0000000000000000        1.0000000000000000     
   1.0000000000000000        1.0000000000000000        1.0000000000000000        1.0000000000000000        1.0000000000000000        1.0000000000000000        1.0000000000000000        1.0000000000000000        1.0000000000000000        1.0000000000000000        1.0000000000000000        1.0000000000000000        1.0000000000000000        1.0000000000000000        1.0000000000000000     
   1.0000000000000000        1.0000000000000000        1.0000000000000000        1.0000000000000000        1.0000000000000000        1.0000000000000000        1.0000000000000000        1.0000000000000000        1.0000000000000000        1.0000000000000000        1.0000000000000000        1.0000000000000000        1.0000000000000000        1.0000000000000000        1.0000000000000000     
   1.0000000000000000        1.0000000000000000        1.0000000000000000        1.0000000000000000        1.0000000000000000        1.0000000000000000        1.0000000000000000        1.0000000000000000        1.0000000000000000        1.0000000000000000        1.0000000000000000        1.0000000000000000        1.0000000000000000        1.0000000000000000        1.0000000000000000     
   1.0000000000000000        1.0000000000000000        1.0000000000000000        1.0000000000000000        1.0000000000000000        1.0000000000000000        1.0000000000000000        1.0000000000000000        1.0000000000000000        1.0000000000000000        1.0000000000000000        1.0000000000000000        1.0000000000000000        1.0000000000000000        1.0000000000000000     
   1.0000000000000000        1.0000000000000000        1.0000000000000000        1.0000000000000000        1.0000000000000000        1.0000000000000000        1.0000000000000000        1.0000000000000000        1.0000000000000000        1.0000000000000000        1.0000000000000000        1.0000000000000000        1.0000000000000000        1.0000000000000000        1.0000000000000000     
   1.0000000000000000        1.0000000000000000        1.0000000000000000        1.0000000000000000        1.0000000000000000        1.0000000000000000        1.0000000000000000        1.0000000000000000        1.0000000000000000        1.0000000000000000        1.0000000000000000        1.0000000000000000        1.0000000000000000        1.0000000000000000        1.0000000000000000     
   1.0000000000000000        1.0000000000000000        1.0000000000000000        1.0000000000000000        1.0000000000000000        1.0000000000000000        1.0000000000000000        1.0000000000000000        1.0000000000000000        1.0000000000000000        1.0000000000000000        1.0000000000000000        1.0000000000000000        1.0000000000000000        1.0000000000000000     
   1.0000000000000000        1.0000000000000000        1.0000000000000000        1.0000000000000000        1.0000000000000000        1.0000000000000000        1.0000000000000000        1.0000000000000000        1.0000000000000000        1.0000000000000000        1.0000000000000000        1.0000000000000000        1.0000000000000000        1.0000000000000000        1.0000000000000000     
   1.0000000000000000        1.0000000000000000        1.0000000000000000        1.0000000000000000        1.0000000000000000        1.0000000000000000        1.0000000000000000        1.0000000000000000        1.0000000000000000        1.0000000000000000        1.0000000000000000        1.0000000000000000        1.0000000000000000        1.0000000000000000        1.0000000000000000     
   1.0000000000000000        1.0000000000000000        1.0000000000000000        1.0000000000000000        1.0000000000000000        1.0000000000000000        1.0000000000000000        1.0000000000000000        1.0000000000000000        1.0000000000000000        1.0000000000000000        1.0000000000000000        1.0000000000000000        1.0000000000000000        1.0000000000000000     
   1.0000000000000000        1.0000000000000000        1.0000000000000000        1.0000000000000000        1.0000000000000000        1.0000000000000000        1.0000000000000000        1.0000000000000000        1.0000000000000000        1.0000000000000000        1.0000000000000000        1.0000000000000000        1.0000000000000000        1.0000000000000000        1.0000000000000000     
   1.0000000000000000        1.0000000000000000        1.0000000000000000        1.0000000000000000        1.0000000000000000        1.0000000000000000        1.0000000000000000        1.0000000000000000        1.0000000000000000        1.0000000000000000        1.0000000000000000        1.0000000000000000        1.0000000000000000        1.0000000000000000        1.0000000000000000     
   1.0000000000000000        1.0000000000000000        1.0000000000000000        1.0000000000000000        1.0000000000000000        1.0000000000000000        1.0000000000000000        1.0000000000000000        1.0000000000000000        1.0000000000000000        1.0000000000000000        1.0000000000000000        1.0000000000000000        1.0000000000000000        1.0000000000000000     
   1.0000000000000000        1.0000000000000000        1.0000000000000000        1.0000000000000000        1.0000000000000000        1.0000000000000000        1.0000000000000000        1.0000000000000000        1.0000000000000000        1.0000000000000000        1.0000000000000000        1.0000000000000000        1.0000000000000000        1.0000000000000000        1.0000000000000000     
   1.0000000000000000        1.0000000000000000        1.0000000000000000        1.0000000000000000        1.0000000000000000        1.0000000000000000        1.0000000000000000        1.0000000000000000        1.0000000000000000        1.0000000000000000        1.0000000000000000        1.0000000000000000        1.0000000000000000        1.0000000000000000        1.0000000000000000     
   1.0000000000000000        1.0000000000000000        1.0000000000000000        1.0000000000000000        1.0000000000000000        1.0000000000000000        1.0000000000000000        1.0000000000000000        1.0000000000000000        1.0000000000000000        1.0000000000000000        1.0000000000000000        1.0000000000000000        1.0000000000000000        1.0000000000000000     
   1.0000000000000000        1.0000000000000000        1.0000000000000000        1.0000000000000000        1.0000000000000000        1.0000000000000000        1.0000000000000000        1.0000000000000000        1.0000000000000000        1.0000000000000000        1.0000000000000000        1.0000000000000000        1.0000000000000000        1.0000000000000000        1.0000000000000000     
   1.0000000000000000        1.0000000000000000        1.0000000000000000        1.0000000000000000        1.0000000000000000        1.0000000000000000        1.0000000000000000        1.0000000000000000        1.0000000000000000        1.0000000000000000        1.0000000000000000        1.0000000000000000        1.0000000000000000        1.0000000000000000        1.0000000000000000     
   1.0000000000000000        1.0000000000000000        1.0000000000000000        1.0000000000000000        1.0000000000000000        1.0000000000000000        1.0000000000000000        1.0000000000000000        1.0000000000000000        1.0000000000000000        1.0000000000000000        1.0000000000000000        1.0000000000000000        1.0000000000000000        1.0000000000000000     
   1.0000000000000000        1.0000000000000000        1.0000000000000000        1.0000000000000000        1.0000000000000000        1.0000000000000000        1.0000000000000000        1.0000000000000000        1.0000000000000000        1.0000000000000000        1.0000000000000000        1.0000000000000000        1.0000000000000000        1.0000000000000000        1.0000000000000000     
   1.0000000000000000        1.0000000000000000        1.0000000000000000        1.0000000000000000        1.0000000000000000        1.0000000000000000        1.0000000000000000        1.0000000000000000        1.0000000000000000        1.0000000000000000        1.0000000000000000        1.0000000000000000        1.0000000000000000        1.0000000000000000        1.0000000000000000     
   1.0000000000000000        1.0000000000000000        1.0000000000000000        1.0000000000000000        1.0000000000000000        1.0000000000000000        1.0000000000000000        1.0000000000000000        1.0000000000000000        1.0000000000000000        1.0000000000000000        1.0000000000000000        1.0000000000000000        1.0000000000000000        1.0000000000000000     
   1.0000000000000000        1.0000000000000000        1.0000000000000000        1.0000000000000000        1.0000000000000000        1.0000000000000000        1.0000000000000000        1.0000000000000000        1.0000000000000000        1.0000000000000000        1.0000000000000000        1.0000000000000000        1.0000000000000000        1.0000000000000000        1.0000000000000000     
   1.0000000000000000        1.0000000000000000        1.0000000000000000        1.0000000000000000        1.0000000000000000        1.0000000000000000        1.0000000000000000        1.0000000000000000        1.0000000000000000        1.0000000000000000        1.0000000000000000        1.0000000000000000        1.0000000000000000        1.0000000000000000        1.0000000000000000     
   1.0000000000000000        1.0000000000000000        1.0000000000000000        1.0000000000000000        1.0000000000000000        1.0000000000000000        1.0000000000000000        1.0000000000000000        1.0000000000000000        1.0000000000000000        1.0000000000000000        1.0000000000000000        1.0000000000000000        1.0000000000000000        1.0000000000000000     
   1.0000000000000000        1.0000000000000000        1.0000000000000000        1.0000000000000000        1.0000000000000000        1.0000000000000000        1.0000000000000000        1.0000000000000000        1.0000000000000000        1.0000000000000000        1.0000000000000000        1.0000000000000000        1.0000000000000000        1.0000000000000000        1.0000000000000000     
   1.0000000000000000        1.0000000000000000        1.0000000000000000        1.0000000000000000        1.0000000000000000        1.0000000000000000        1.0000000000000000        1.0000000000000000        1.0000000000000000        1.0000000000000000        1.0000000000000000        1.0000000000000000        1.0000000000000000        1.0000000000000000        1.0000000000000000     
   1.0000000000000000        1.0000000000000000        1.0000000000000000        1.0000000000000000        1.0000000000000000        1.0000000000000000        1.0000000000000000        1.0000000000000000        1.0000000000000000        1.0000000000000000        1.0000000000000000        1.0000000000000000        1.0000000000000000        1.0000000000000000        1.0000000000000000     
   1.0000000000000000        1.0000000000000000        1.0000000000000000        1.0000000000000000        1.0000000000000000        1.0000000000000000        1.0000000000000000        1.0000000000000000        1.0000000000000000        1.0000000000000000        1.0000000000000000        1.0000000000000000        1.0000000000000000        1.0000000000000000        1.0000000000000000     
   1.0000000000000000        1.0000000000000000        1.0000000000000000        1.0000000000000000        1.0000000000000000        1.0000000000000000        1.0000000000000000        1.0000000000000000        1.0000000000000000        1.0000000000000000        1.0000000000000000        1.0000000000000000        1.0000000000000000        1.0000000000000000        1.0000000000000000     
   1.0000000000000000        1.0000000000000000        1.0000000000000000        1.0000000000000000        1.0000000000000000        1.0000000000000000        1.0000000000000000        1.0000000000000000        1.0000000000000000        1.0000000000000000        1.0000000000000000        1.0000000000000000        1.0000000000000000        1.0000000000000000        1.0000000000000000     
   1.0000000000000000        1.0000000000000000        1.0000000000000000        1.0000000000000000        1.0000000000000000        1.0000000000000000        1.0000000000000000        1.0000000000000000        1.0000000000000000        1.0000000000000000        1.0000000000000000        1.0000000000000000        1.0000000000000000        1.0000000000000000        1.0000000000000000     
   1.0000000000000000        1.0000000000000000        1.0000000000000000        1.0000000000000000        1.0000000000000000        1.0000000000000000        1.0000000000000000        1.0000000000000000        1.0000000000000000        1.0000000000000000        1.0000000000000000        1.0000000000000000        1.0000000000000000        1.0000000000000000        1.0000000000000000     
   1.0000000000000000        1.0000000000000000        1.0000000000000000        1.0000000000000000        1.0000000000000000        1.0000000000000000        1.0000000000000000        1.0000000000000000        1.0000000000000000        1.0000000000000000        1.0000000000000000        1.0000000000000000        1.0000000000000000        1.0000000000000000        1.0000000000000000     
   1.0000000000000000        1.0000000000000000        1.0000000000000000        1.0000000000000000        1.0000000000000000        1.0000000000000000        1.0000000000000000        1.0000000000000000        1.0000000000000000        1.0000000000000000        1.0000000000000000        1.0000000000000000        1.0000000000000000        1.0000000000000000        1.0000000000000000     
   1.0000000000000000        1.0000000000000000        1.0000000000000000        1.0000000000000000        1.0000000000000000        1.0000000000000000        1.0000000000000000        1.0000000000000000        1.0000000000000000        1.0000000000000000        1.0000000000000000        1.0000000000000000        1.0000000000000000        1.0000000000000000        1.0000000000000000     
   1.0000000000000000        1.0000000000000000        1.0000000000000000        1.0000000000000000        1.0000000000000000        1.0000000000000000        1.0000000000000000        1.0000000000000000        1.0000000000000000        1.0000000000000000        1.0000000000000000        1.0000000000000000        1.0000000000000000        1.0000000000000000        1.0000000000000000     
   1.0000000000000000        1.0000000000000000        1.0000000000000000        1.0000000000000000        1.0000000000000000        1.0000000000000000        1.0000000000000000        1.0000000000000000        1.0000000000000000        1.0000000000000000        1.0000000000000000        1.0000000000000000        1.0000000000000000        1.0000000000000000        1.0000000000000000     
   1.0000000000000000        1.0000000000000000        1.0000000000000000        1.0000000000000000        1.0000000000000000        1.0000000000000000        1.0000000000000000        1.0000000000000000        1.0000000000000000        1.0000000000000000        1.0000000000000000        1.0000000000000000        1.0000000000000000        1.0000000000000000        1.0000000000000000     
   1.0000000000000000        1.0000000000000000        1.0000000000000000        1.0000000000000000        1.0000000000000000        1.0000000000000000        1.0000000000000000        1.0000000000000000        1.0000000000000000        1.0000000000000000        1.0000000000000000        1.0000000000000000        1.0000000000000000        1.0000000000000000        1.0000000000000000     
   1.0000000000000000        1.0000000000000000        1.0000000000000000        1.0000000000000000        1.0000000000000000        1.0000000000000000        1.0000000000000000        1.0000000000000000        1.0000000000000000        1.0000000000000000        1.0000000000000000        1.0000000000000000        1.0000000000000000        1.0000000000000000        1.0000000000000000     
   1.0000000000000000        1.0000000000000000        1.0000000000000000        1.0000000000000000        1.0000000000000000        1.0000000000000000        1.0000000000000000        1.0000000000000000        1.0000000000000000        1.0000000000000000        1.0000000000000000        1.0000000000000000        1.0000000000000000        1.0000000000000000        1.0000000000000000     
   1.0000000000000000        1.0000000000000000        1.0000000000000000        1.0000000000000000        1.0000000000000000        1.0000000000000000        1.0000000000000000        1.0000000000000000        1.0000000000000000        1.0000000000000000        1.0000000000000000        1.0000000000000000        1.0000000000000000        1.0000000000000000        1.0000000000000000     
   1.0000000000000000        1.0000000000000000        1.0000000000000000        1.0000000000000000        1.0000000000000000        1.0000000000000000        1.0000000000000000        1.0000000000000000        1.0000000000000000        1.0000000000000000        1.0000000000000000        1.0000000000000000        1.0000000000000000        1.0000000000000000        1.0000000000000000     
   1.0000000000000000        1.0000000000000000        1.0000000000000000        1.0000000000000000        1.0000000000000000        1.0000000000000000        1.0000000000000000        1.0000000000000000        1.0000000000000000        1.0000000000000000        1.0000000000000000        1.0000000000000000        1.0000000000000000        1.0000000000000000        1.0000000000000000     
   1.0000000000000000        1.0000000000000000        1.0000000000000000        1.0000000000000000        1.0000000000000000        1.0000000000000000        1.0000000000000000        1.0000000000000000        1.0000000000000000        1.0000000000000000        1.0000000000000000        1.0000000000000000        1.0000000000000000        1.0000000000000000        1.0000000000000000     
   1.0000000000000000        1.0000000000000000        1.0000000000000000        1.0000000000000000        1.0000000000000000        1.0000000000000000        1.0000000000000000        1.0000000000000000        1.0000000000000000        1.0000000000000000        1.0000000000000000        1.0000000000000000        1.0000000000000000        1.0000000000000000        1.0000000000000000     
   1.0000000000000000        1.0000000000000000        1.0000000000000000        1.0000000000000000        1.0000000000000000        1.0000000000000000        1.0000000000000000        1.0000000000000000        1.0000000000000000        1.0000000000000000        1.0000000000000000        1.0000000000000000        1.0000000000000000        1.0000000000000000        1.0000000000000000     
   1.0000000000000000        1.0000000000000000        1.0000000000000000        1.0000000000000000        1.0000000000000000        1.0000000000000000        1.0000000000000000        1.0000000000000000        1.0000000000000000        1.0000000000000000        1.0000000000000000        1.0000000000000000        1.0000000000000000        1.0000000000000000        1.0000000000000000     
   1.0000000000000000        1.0000000000000000        1.0000000000000000        1.0000000000000000        1.0000000000000000        1.0000000000000000        1.0000000000000000        1.0000000000000000        1.0000000000000000        1.0000000000000000        1.0000000000000000        1.0000000000000000        1.0000000000000000        1.0000000000000000        1.0000000000000000     
   1.0000000000000000        1.0000000000000000        1.0000000000000000        1.0000000000000000        1.0000000000000000        1.0000000000000000        1.0000000000000000        1.0000000000000000        1.0000000000000000        1.0000000000000000        1.0000000000000000        1.0000000000000000        1.0000000000000000        1.0000000000000000        1.0000000000000000     
   1.0000000000000000        1.0000000000000000        1.0000000000000000        1.0000000000000000        1.0000000000000000        1.0000000000000000        1.0000000000000000        1.0000000000000000        1.0000000000000000        1.0000000000000000        1.0000000000000000        1.0000000000000000        1.0000000000000000        1.0000000000000000        1.0000000000000000     
   1.0000000000000000        1.0000000000000000        1.0000000000000000        1.0000000000000000        1.0000000000000000        1.0000000000000000        1.0000000000000000        1.0000000000000000        1.0000000000000000        1.0000000000000000        1.0000000000000000        1.0000000000000000        1.0000000000000000        1.0000000000000000        1.0000000000000000     
   1.0000000000000000        1.0000000000000000        1.0000000000000000        1.0000000000000000        1.0000000000000000        1.0000000000000000        1.0000000000000000        1.0000000000000000        1.0000000000000000        1.0000000000000000        1.0000000000000000        1.0000000000000000        1.0000000000000000        1.0000000000000000        1.0000000000000000     
   1.0000000000000000        1.0000000000000000        1.0000000000000000        1.0000000000000000        1.0000000000000000        1.0000000000000000        1.0000000000000000        1.0000000000000000        1.0000000000000000        1.0000000000000000        1.0000000000000000        1.0000000000000000        1.0000000000000000        1.0000000000000000        1.0000000000000000     
   1.0000000000000000        1.0000000000000000        1.0000000000000000        1.0000000000000000        1.0000000000000000        1.0000000000000000        1.0000000000000000        1.0000000000000000        1.0000000000000000        1.0000000000000000        1.0000000000000000        1.0000000000000000        1.0000000000000000        1.0000000000000000        1.0000000000000000     
   1.0000000000000000        1.0000000000000000        1.0000000000000000        1.0000000000000000        1.0000000000000000        1.0000000000000000        1.0000000000000000        1.0000000000000000        1.0000000000000000        1.0000000000000000        1.0000000000000000        1.0000000000000000        1.0000000000000000        1.0000000000000000        1.0000000000000000     
   1.0000000000000000        1.0000000000000000        1.0000000000000000        1.0000000000000000        1.0000000000000000        1.0000000000000000        1.0000000000000000        1.0000000000000000        1.0000000000000000        1.0000000000000000        1.0000000000000000        1.0000000000000000        1.0000000000000000        1.0000000000000000        1.0000000000000000     
   1.0000000000000000        1.0000000000000000        1.0000000000000000        1.0000000000000000        1.0000000000000000        1.0000000000000000        1.0000000000000000        1.0000000000000000        1.0000000000000000        1.0000000000000000        1.0000000000000000        1.0000000000000000        1.0000000000000000        1.0000000000000000        1.0000000000000000     
   1.0000000000000000        1.0000000000000000        1.0000000000000000        1.0000000000000000        1.0000000000000000        1.0000000000000000        1.0000000000000000        1.0000000000000000        1.0000000000000000        1.0000000000000000        1.0000000000000000        1.0000000000000000        1.0000000000000000        1.0000000000000000        1.0000000000000000     
   1.0000000000000000        1.0000000000000000        1.0000000000000000        1.0000000000000000        1.0000000000000000        1.0000000000000000        1.0000000000000000        1.0000000000000000        1.0000000000000000        1.0000000000000000        1.0000000000000000        1.0000000000000000        1.0000000000000000        1.0000000000000000        1.0000000000000000     
   1.0000000000000000        1.0000000000000000        1.0000000000000000        1.0000000000000000        1.0000000000000000        1.0000000000000000        1.0000000000000000        1.0000000000000000        1.0000000000000000        1.0000000000000000        1.0000000000000000        1.0000000000000000        1.0000000000000000        1.0000000000000000        1.0000000000000000     
   1.0000000000000000        1.0000000000000000        1.0000000000000000        1.0000000000000000        1.0000000000000000        1.0000000000000000        1.0000000000000000        1.0000000000000000        1.0000000000000000        1.0000000000000000        1.0000000000000000        1.0000000000000000        1.0000000000000000        1.0000000000000000        1.0000000000000000     
   1.0000000000000000        1.0000000000000000        1.0000000000000000        1.0000000000000000        1.0000000000000000        1.0000000000000000        1.0000000000000000        1.0000000000000000        1.0000000000000000        1.0000000000000000        1.0000000000000000        1.0000000000000000        1.0000000000000000        1.0000000000000000        1.0000000000000000     
   1.0000000000000000        1.0000000000000000        1.0000000000000000        1.0000000000000000        1.0000000000000000        1.0000000000000000        1.0000000000000000        1.0000000000000000        1.0000000000000000        1.0000000000000000        1.0000000000000000        1.0000000000000000        1.0000000000000000        1.0000000000000000        1.0000000000000000     
   1.0000000000000000        1.0000000000000000        1.0000000000000000        1.0000000000000000        1.0000000000000000        1.0000000000000000        1.0000000000000000        1.0000000000000000        1.0000000000000000        1.0000000000000000        1.0000000000000000        1.0000000000000000        1.0000000000000000        1.0000000000000000        1.0000000000000000     
   1.0000000000000000        1.0000000000000000        1.0000000000000000        1.0000000000000000        1.0000000000000000        1.0000000000000000        1.0000000000000000        1.0000000000000000        1.0000000000000000        1.0000000000000000        1.0000000000000000        1.0000000000000000        1.0000000000000000        1.0000000000000000        1.0000000000000000     
   1.0000000000000000        1.0000000000000000        1.0000000000000000        1.0000000000000000        1.0000000000000000        1.0000000000000000        1.0000000000000000        1.0000000000000000        1.0000000000000000        1.0000000000000000        1.0000000000000000        1.0000000000000000        1.0000000000000000        1.0000000000000000        1.0000000000000000     
   1.0000000000000000        1.0000000000000000        1.0000000000000000        1.0000000000000000        1.0000000000000000        1.0000000000000000        1.0000000000000000        1.0000000000000000        1.0000000000000000        1.0000000000000000        1.0000000000000000        1.0000000000000000        1.0000000000000000        1.0000000000000000        1.0000000000000000     
   1.0000000000000000        1.0000000000000000        1.0000000000000000        1.0000000000000000        1.0000000000000000        1.0000000000000000        1.0000000000000000        1.0000000000000000        1.0000000000000000        1.0000000000000000        1.0000000000000000        1.0000000000000000        1.0000000000000000        1.0000000000000000        1.0000000000000000     
   1.0000000000000000        1.0000000000000000        1.0000000000000000        1.0000000000000000        1.0000000000000000        1.0000000000000000        1.0000000000000000        1.0000000000000000        1.0000000000000000        1.0000000000000000        1.0000000000000000        1.0000000000000000        1.0000000000000000        1.0000000000000000        1.0000000000000000     
   1.0000000000000000        1.0000000000000000        1.0000000000000000        1.0000000000000000        1.0000000000000000        1.0000000000000000        1.0000000000000000        1.0000000000000000        1.0000000000000000        1.0000000000000000        1.0000000000000000        1.0000000000000000        1.0000000000000000        1.0000000000000000        1.0000000000000000     
   1.0000000000000000        1.0000000000000000        1.0000000000000000        1.0000000000000000        1.0000000000000000        1.0000000000000000        1.0000000000000000        1.0000000000000000        1.0000000000000000        1.0000000000000000        1.0000000000000000        1.0000000000000000        1.0000000000000000        1.0000000000000000        1.0000000000000000     
   1.0000000000000000        1.0000000000000000        1.0000000000000000        1.0000000000000000        1.0000000000000000        1.0000000000000000        1.0000000000000000        1.0000000000000000        1.0000000000000000        1.0000000000000000        1.0000000000000000        1.0000000000000000        1.0000000000000000        1.0000000000000000        1.0000000000000000     
   1.0000000000000000        1.0000000000000000        1.0000000000000000        1.0000000000000000        1.0000000000000000        1.0000000000000000        1.0000000000000000        1.0000000000000000        1.0000000000000000        1.0000000000000000        1.0000000000000000        1.0000000000000000        1.0000000000000000        1.0000000000000000        1.0000000000000000     
   1.0000000000000000        1.0000000000000000        1.0000000000000000        1.0000000000000000        1.0000000000000000        1.0000000000000000        1.0000000000000000        1.0000000000000000        1.0000000000000000        1.0000000000000000        1.0000000000000000        1.0000000000000000        1.0000000000000000        1.0000000000000000        1.0000000000000000     
   1.0000000000000000        1.0000000000000000        1.0000000000000000        1.0000000000000000        1.0000000000000000        1.0000000000000000        1.0000000000000000        1.0000000000000000        1.0000000000000000        1.0000000000000000        1.0000000000000000        1.0000000000000000        1.0000000000000000        1.0000000000000000        1.0000000000000000     
   1.0000000000000000        1.0000000000000000        1.0000000000000000        1.0000000000000000        1.0000000000000000        1.0000000000000000        1.0000000000000000        1.0000000000000000        1.0000000000000000        1.0000000000000000        1.0000000000000000        1.0000000000000000        1.0000000000000000        1.0000000000000000        1.0000000000000000     
   1.0000000000000000        1.0000000000000000        1.0000000000000000        1.0000000000000000        1.0000000000000000        1.0000000000000000        1.0000000000000000        1.0000000000000000        1.0000000000000000        1.0000000000000000        1.0000000000000000        1.0000000000000000        1.0000000000000000        1.0000000000000000        1.0000000000000000     
   1.0000000000000000        1.0000000000000000        1.0000000000000000        1.0000000000000000        1.0000000000000000        1.0000000000000000        1.0000000000000000        1.0000000000000000        1.0000000000000000        1.0000000000000000        1.0000000000000000        1.0000000000000000        1.0000000000000000        1.0000000000000000        1.0000000000000000     
   1.0000000000000000        1.0000000000000000        1.0000000000000000        1.0000000000000000        1.0000000000000000        1.0000000000000000        1.0000000000000000        1.0000000000000000        1.0000000000000000        1.0000000000000000        1.0000000000000000        1.0000000000000000        1.0000000000000000        1.0000000000000000        1.0000000000000000     
   1.0000000000000000        1.0000000000000000        1.0000000000000000        1.0000000000000000        1.0000000000000000        1.0000000000000000        1.0000000000000000        1.0000000000000000        1.0000000000000000        1.0000000000000000        1.0000000000000000        1.0000000000000000        1.0000000000000000        1.0000000000000000        1.0000000000000000     
   1.0000000000000000        1.0000000000000000        1.0000000000000000        1.0000000000000000        1.0000000000000000        1.0000000000000000        1.0000000000000000        1.0000000000000000        1.0000000000000000        1.0000000000000000        1.0000000000000000        1.0000000000000000        1.0000000000000000        1.0000000000000000        1.0000000000000000     
   1.0000000000000000        1.0000000000000000        1.0000000000000000        1.0000000000000000        1.0000000000000000        1.0000000000000000        1.0000000000000000        1.0000000000000000        1.0000000000000000        1.0000000000000000        1.0000000000000000        1.0000000000000000        1.0000000000000000        1.0000000000000000        1.0000000000000000     
   1.0000000000000000        1.0000000000000000        1.0000000000000000        1.0000000000000000        1.0000000000000000        1.0000000000000000        1.0000000000000000        1.0000000000000000        1.0000000000000000        1.0000000000000000        1.0000000000000000        1.0000000000000000        1.0000000000000000        1.0000000000000000        1.0000000000000000     
   1.0000000000000000        1.0000000000000000        1.0000000000000000        1.0000000000000000        1.0000000000000000        1.0000000000000000        1.0000000000000000        1.0000000000000000        1.0000000000000000        1.0000000000000000        1.0000000000000000        1.0000000000000000        1.0000000000000000        1.0000000000000000        1.0000000000000000     
   1.0000000000000000        1.0000000000000000        1.0000000000000000        1.0000000000000000        1.0000000000000000        1.0000000000000000        1.0000000000000000        1.0000000000000000        1.0000000000000000        1.0000000000000000        1.0000000000000000        1.0000000000000000        1.0000000000000000        1.0000000000000000        1.0000000000000000     
   1.0000000000000000        1.0000000000000000        1.0000000000000000        1.0000000000000000        1.0000000000000000        1.0000000000000000        1.0000000000000000        1.0000000000000000        1.0000000000000000        1.0000000000000000        1.0000000000000000        1.0000000000000000        1.0000000000000000        1.0000000000000000        1.0000000000000000     
   1.0000000000000000        1.0000000000000000        1.0000000000000000        1.0000000000000000        1.0000000000000000        1.0000000000000000        1.0000000000000000        1.0000000000000000        1.0000000000000000        1.0000000000000000        1.0000000000000000        1.0000000000000000        1.0000000000000000        1.0000000000000000        1.0000000000000000     
   1.0000000000000000        1.0000000000000000        1.0000000000000000        1.0000000000000000        1.0000000000000000        1.0000000000000000        1.0000000000000000        1.0000000000000000        1.0000000000000000        1.0000000000000000        1.0000000000000000        1.0000000000000000        1.0000000000000000        1.0000000000000000        1.0000000000000000     
   1.0000000000000000        1.0000000000000000        1.0000000000000000        1.0000000000000000        1.0000000000000000        1.0000000000000000        1.0000000000000000        1.0000000000000000        1.0000000000000000        1.0000000000000000        1.0000000000000000        1.0000000000000000        1.0000000000000000        1.0000000000000000        1.0000000000000000     
   1.0000000000000000        1.0000000000000000        1.0000000000000000        1.0000000000000000        1.0000000000000000        1.0000000000000000        1.0000000000000000        1.0000000000000000        1.0000000000000000        1.0000000000000000        1.0000000000000000        1.0000000000000000        1.0000000000000000        1.0000000000000000        1.0000000000000000     
   1.0000000000000000        1.0000000000000000        1.0000000000000000        1.0000000000000000        1.0000000000000000        1.0000000000000000        1.0000000000000000        1.0000000000000000        1.0000000000000000        1.0000000000000000        1.0000000000000000        1.0000000000000000        1.0000000000000000        1.0000000000000000        1.0000000000000000     
   1.0000000000000000        1.0000000000000000        1.0000000000000000        1.0000000000000000        1.0000000000000000        1.0000000000000000        1.0000000000000000        1.0000000000000000        1.0000000000000000        1.0000000000000000        1.0000000000000000        1.0000000000000000        1.0000000000000000        1.0000000000000000        1.0000000000000000     
   1.0000000000000000        1.0000000000000000        1.0000000000000000        1.0000000000000000        1.0000000000000000        1.0000000000000000        1.0000000000000000        1.0000000000000000        1.0000000000000000        1.0000000000000000        1.0000000000000000        1.0000000000000000        1.0000000000000000        1.0000000000000000        1.0000000000000000     
   1.0000000000000000        1.0000000000000000        1.0000000000000000        1.0000000000000000        1.0000000000000000        1.0000000000000000        1.0000000000000000        1.0000000000000000        1.0000000000000000        1.0000000000000000        1.0000000000000000        1.0000000000000000        1.0000000000000000        1.0000000000000000        1.0000000000000000     
   1.0000000000000000        1.0000000000000000        1.0000000000000000        1.0000000000000000        1.0000000000000000        1.0000000000000000        1.0000000000000000        1.0000000000000000        1.0000000000000000        1.0000000000000000        1.0000000000000000        1.0000000000000000        1.0000000000000000        1.0000000000000000        1.0000000000000000     
   1.0000000000000000        1.0000000000000000        1.0000000000000000        1.0000000000000000        1.0000000000000000        1.0000000000000000        1.0000000000000000        1.0000000000000000        1.0000000000000000        1.0000000000000000        1.0000000000000000        1.0000000000000000        1.0000000000000000        1.0000000000000000        1.0000000000000000     
   1.0000000000000000        1.0000000000000000        1.0000000000000000        1.0000000000000000        1.0000000000000000        1.0000000000000000        1.0000000000000000        1.0000000000000000        1.0000000000000000        1.0000000000000000        1.0000000000000000        1.0000000000000000        1.0000000000000000        1.0000000000000000        1.0000000000000000     
   1.0000000000000000        1.0000000000000000        1.0000000000000000        1.0000000000000000        1.0000000000000000        1.0000000000000000        1.0000000000000000        1.0000000000000000        1.0000000000000000        1.0000000000000000        1.0000000000000000        1.0000000000000000        1.0000000000000000        1.0000000000000000        1.0000000000000000     
   1.0000000000000000        1.0000000000000000        1.0000000000000000        1.0000000000000000        1.0000000000000000        1.0000000000000000        1.0000000000000000        1.0000000000000000        1.0000000000000000        1.0000000000000000        1.0000000000000000        1.0000000000000000        1.0000000000000000        1.0000000000000000        1.0000000000000000     
   1.0000000000000000        1.0000000000000000        1.0000000000000000        1.0000000000000000        1.0000000000000000        1.0000000000000000        1.0000000000000000        1.0000000000000000        1.0000000000000000        1.0000000000000000        1.0000000000000000        1.0000000000000000        1.0000000000000000        1.0000000000000000        1.0000000000000000     
   1.0000000000000000        1.0000000000000000        1.0000000000000000        1.0000000000000000        1.0000000000000000        1.0000000000000000        1.0000000000000000        1.0000000000000000        1.0000000000000000        1.0000000000000000        1.0000000000000000        1.0000000000000000        1.0000000000000000        1.0000000000000000        1.0000000000000000     
   1.0000000000000000        1.0000000000000000        1.0000000000000000        1.0000000000000000        1.0000000000000000        1.0000000000000000        1.0000000000000000        1.0000000000000000        1.0000000000000000        1.0000000000000000        1.0000000000000000        1.0000000000000000        1.0000000000000000        1.0000000000000000        1.0000000000000000     
   1.0000000000000000        1.0000000000000000        1.0000000000000000        1.0000000000000000        1.0000000000000000        1.0000000000000000        1.0000000000000000        1.0000000000000000        1.0000000000000000        1.0000000000000000        1.0000000000000000        1.0000000000000000        1.0000000000000000        1.0000000000000000        1.0000000000000000     
   1.0000000000000000        1.0000000000000000        1.0000000000000000        1.0000000000000000        1.0000000000000000        1.0000000000000000        1.0000000000000000        1.0000000000000000        1.0000000000000000        1.0000000000000000        1.0000000000000000        1.0000000000000000        1.0000000000000000        1.0000000000000000        1.0000000000000000     
   1.0000000000000000        1.0000000000000000        1.0000000000000000        1.0000000000000000        1.0000000000000000        1.0000000000000000        1.0000000000000000        1.0000000000000000        1.0000000000000000        1.0000000000000000        1.0000000000000000        1.0000000000000000        1.0000000000000000        1.0000000000000000        1.0000000000000000     
   1.0000000000000000        1.0000000000000000        1.0000000000000000        1.0000000000000000        1.0000000000000000        1.0000000000000000        1.0000000000000000        1.0000000000000000        1.0000000000000000        1.0000000000000000        1.0000000000000000        1.0000000000000000        1.0000000000000000        1.0000000000000000        1.0000000000000000     
   1.0000000000000000        1.0000000000000000        1.0000000000000000        1.0000000000000000        1.0000000000000000        1.0000000000000000        1.0000000000000000        1.0000000000000000        1.0000000000000000        1.0000000000000000        1.0000000000000000        1.0000000000000000        1.0000000000000000        1.0000000000000000        1.0000000000000000     
   1.0000000000000000        1.0000000000000000        1.0000000000000000        1.0000000000000000        1.0000000000000000        1.0000000000000000        1.0000000000000000        1.0000000000000000        1.0000000000000000        1.0000000000000000        1.0000000000000000        1.0000000000000000        1.0000000000000000        1.0000000000000000        1.0000000000000000     
   1.0000000000000000        1.0000000000000000        1.0000000000000000        1.0000000000000000        1.0000000000000000        1.0000000000000000        1.0000000000000000        1.0000000000000000        1.0000000000000000        1.0000000000000000        1.0000000000000000        1.0000000000000000        1.0000000000000000        1.0000000000000000        1.0000000000000000     
   1.0000000000000000        1.0000000000000000        1.0000000000000000        1.0000000000000000        1.0000000000000000        1.0000000000000000        1.0000000000000000        1.0000000000000000        1.0000000000000000        1.0000000000000000        1.0000000000000000        1.0000000000000000        1.0000000000000000        1.0000000000000000        1.0000000000000000     
   1.0000000000000000        1.0000000000000000        1.0000000000000000        1.0000000000000000        1.0000000000000000        1.0000000000000000        1.0000000000000000        1.0000000000000000        1.0000000000000000        1.0000000000000000        1.0000000000000000        1.0000000000000000        1.0000000000000000        1.0000000000000000        1.0000000000000000     
   1.0000000000000000        1.0000000000000000        1.0000000000000000        1.0000000000000000        1.0000000000000000        1.0000000000000000        1.0000000000000000        1.0000000000000000        1.0000000000000000        1.0000000000000000        1.0000000000000000        1.0000000000000000        1.0000000000000000        1.0000000000000000        1.0000000000000000     
   1.0000000000000000        1.0000000000000000        1.0000000000000000        1.0000000000000000        1.0000000000000000        1.0000000000000000        1.0000000000000000        1.0000000000000000        1.0000000000000000        1.0000000000000000        1.0000000000000000        1.0000000000000000        1.0000000000000000        1.0000000000000000        1.0000000000000000     
   1.0000000000000000        1.0000000000000000        1.0000000000000000        1.0000000000000000        1.0000000000000000        1.0000000000000000        1.0000000000000000        1.0000000000000000        1.0000000000000000        1.0000000000000000        1.0000000000000000        1.0000000000000000        1.0000000000000000        1.0000000000000000        1.0000000000000000     
   1.0000000000000000        1.0000000000000000        1.0000000000000000        1.0000000000000000        1.0000000000000000        1.0000000000000000        1.0000000000000000        1.0000000000000000        1.0000000000000000        1.0000000000000000        1.0000000000000000        1.0000000000000000        1.0000000000000000        1.0000000000000000        1.0000000000000000     
   1.0000000000000000        1.0000000000000000        1.0000000000000000        1.0000000000000000        1.0000000000000000        1.0000000000000000        1.0000000000000000        1.0000000000000000        1.0000000000000000        1.0000000000000000        1.0000000000000000        1.0000000000000000        1.0000000000000000        1.0000000000000000        1.0000000000000000     
   1.0000000000000000        1.0000000000000000        1.0000000000000000        1.0000000000000000        1.0000000000000000        1.0000000000000000        1.0000000000000000        1.0000000000000000        1.0000000000000000        1.0000000000000000        1.0000000000000000        1.0000000000000000        1.0000000000000000        1.0000000000000000        1.0000000000000000     
   1.0000000000000000        1.0000000000000000        1.0000000000000000        1.0000000000000000        1.0000000000000000        1.0000000000000000        1.0000000000000000        1.0000000000000000        1.0000000000000000        1.0000000000000000        1.0000000000000000        1.0000000000000000        1.0000000000000000        1.0000000000000000        1.0000000000000000     
   1.0000000000000000        1.0000000000000000        1.0000000000000000        1.0000000000000000        1.0000000000000000        1.0000000000000000        1.0000000000000000        1.0000000000000000        1.0000000000000000        1.0000000000000000        1.0000000000000000        1.0000000000000000        1.0000000000000000        1.0000000000000000        1.0000000000000000     
   1.0000000000000000        1.0000000000000000        1.0000000000000000        1.0000000000000000        1.0000000000000000        1.0000000000000000        1.0000000000000000        1.0000000000000000        1.0000000000000000        1.0000000000000000        1.0000000000000000        1.0000000000000000        1.0000000000000000        1.0000000000000000        1.0000000000000000     
   1.0000000000000000        1.0000000000000000        1.0000000000000000        1.0000000000000000        1.0000000000000000        1.0000000000000000        1.0000000000000000        1.0000000000000000        1.0000000000000000        1.0000000000000000        1.0000000000000000        1.0000000000000000        1.0000000000000000        1.0000000000000000        1.0000000000000000     
   1.0000000000000000        1.0000000000000000        1.0000000000000000        1.0000000000000000        1.0000000000000000        1.0000000000000000        1.0000000000000000        1.0000000000000000        1.0000000000000000        1.0000000000000000        1.0000000000000000        1.0000000000000000        1.0000000000000000        1.0000000000000000        1.0000000000000000     
   1.0000000000000000        1.0000000000000000        1.0000000000000000        1.0000000000000000        1.0000000000000000        1.0000000000000000        1.0000000000000000        1.0000000000000000        1.0000000000000000        1.0000000000000000        1.0000000000000000        1.0000000000000000        1.0000000000000000        1.0000000000000000        1.0000000000000000     
   1.0000000000000000        1.0000000000000000        1.0000000000000000        1.0000000000000000        1.0000000000000000        1.0000000000000000        1.0000000000000000        1.0000000000000000        1.0000000000000000        1.0000000000000000        1.0000000000000000        1.0000000000000000        1.0000000000000000        1.0000000000000000        1.0000000000000000     
   1.0000000000000000        1.0000000000000000        1.0000000000000000        1.0000000000000000        1.0000000000000000        1.0000000000000000        1.0000000000000000        1.0000000000000000        1.0000000000000000        1.0000000000000000        1.0000000000000000        1.0000000000000000        1.0000000000000000        1.0000000000000000        1.0000000000000000     
   1.0000000000000000        1.0000000000000000        1.0000000000000000        1.0000000000000000        1.0000000000000000        1.0000000000000000        1.0000000000000000        1.0000000000000000        1.0000000000000000        1.0000000000000000        1.0000000000000000        1.0000000000000000        1.0000000000000000        1.0000000000000000        1.0000000000000000     
   1.0000000000000000        1.0000000000000000        1.0000000000000000        1.0000000000000000        1.0000000000000000        1.0000000000000000        1.0000000000000000        1.0000000000000000        1.0000000000000000        1.0000000000000000        1.0000000000000000        1.0000000000000000        1.0000000000000000        1.0000000000000000        1.0000000000000000     
   1.0000000000000000        1.0000000000000000        1.0000000000000000        1.0000000000000000        1.0000000000000000        1.0000000000000000        1.0000000000000000        1.0000000000000000        1.0000000000000000        1.0000000000000000        1.0000000000000000        1.0000000000000000        1.0000000000000000        1.0000000000000000        1.0000000000000000     
   1.0000000000000000        1.0000000000000000        1.0000000000000000        1.0000000000000000        1.0000000000000000        1.0000000000000000        1.0000000000000000        1.0000000000000000        1.0000000000000000        1.0000000000000000        1.0000000000000000        1.0000000000000000        1.0000000000000000        1.0000000000000000        1.0000000000000000     
   1.0000000000000000        1.0000000000000000        1.0000000000000000        1.0000000000000000        1.0000000000000000        1.0000000000000000        1.0000000000000000        1.0000000000000000        1.0000000000000000        1.0000000000000000        1.0000000000000000        1.0000000000000000        1.0000000000000000        1.0000000000000000        1.0000000000000000     
   1.0000000000000000        1.0000000000000000        1.0000000000000000        1.0000000000000000        1.0000000000000000        1.0000000000000000        1.0000000000000000        1.0000000000000000        1.0000000000000000        1.0000000000000000        1.0000000000000000        1.0000000000000000        1.0000000000000000        1.0000000000000000        1.0000000000000000     
   1.0000000000000000        1.0000000000000000        1.0000000000000000        1.0000000000000000        1.0000000000000000        1.0000000000000000        1.0000000000000000        1.0000000000000000        1.0000000000000000        1.0000000000000000        1.0000000000000000        1.0000000000000000        1.0000000000000000        1.0000000000000000        1.0000000000000000     
   1.0000000000000000        1.0000000000000000        1.0000000000000000        1.0000000000000000        1.0000000000000000        1.0000000000000000        1.0000000000000000        1.0000000000000000        1.0000000000000000        1.0000000000000000        1.0000000000000000        1.0000000000000000        1.0000000000000000        1.0000000000000000        1.0000000000000000     
   1.0000000000000000        1.0000000000000000        1.0000000000000000        1.0000000000000000        1.0000000000000000        1.0000000000000000        1.0000000000000000        1.0000000000000000        1.0000000000000000        1.0000000000000000        1.0000000000000000        1.0000000000000000        1.0000000000000000        1.0000000000000000        1.0000000000000000     
   1.0000000000000000        1.0000000000000000        1.0000000000000000        1.0000000000000000        1.0000000000000000        1.0000000000000000        1.0000000000000000        1.0000000000000000        1.0000000000000000        1.0000000000000000        1.0000000000000000        1.0000000000000000        1.0000000000000000        1.0000000000000000        1.0000000000000000     
   1.0000000000000000        1.0000000000000000        1.0000000000000000        1.0000000000000000        1.0000000000000000        1.0000000000000000        1.0000000000000000        1.0000000000000000        1.0000000000000000        1.0000000000000000        1.0000000000000000        1.0000000000000000        1.0000000000000000        1.0000000000000000        1.0000000000000000     
   1.0000000000000000        1.0000000000000000        1.0000000000000000        1.0000000000000000        1.0000000000000000        1.0000000000000000        1.0000000000000000        1.0000000000000000        1.0000000000000000        1.0000000000000000        1.0000000000000000        1.0000000000000000        1.0000000000000000        1.0000000000000000        1.0000000000000000     
   1.0000000000000000        1.0000000000000000        1.0000000000000000        1.0000000000000000        1.0000000000000000        1.0000000000000000        1.0000000000000000        1.0000000000000000        1.0000000000000000        1.0000000000000000        1.0000000000000000        1.0000000000000000        1.0000000000000000        1.0000000000000000        1.0000000000000000     
   1.0000000000000000        1.0000000000000000        1.0000000000000000        1.0000000000000000        1.0000000000000000        1.0000000000000000        1.0000000000000000        1.0000000000000000        1.0000000000000000        1.0000000000000000        1.0000000000000000        1.0000000000000000        1.0000000000000000        1.0000000000000000        1.0000000000000000     
   1.0000000000000000        1.0000000000000000        1.0000000000000000        1.0000000000000000        1.0000000000000000        1.0000000000000000        1.0000000000000000        1.0000000000000000        1.0000000000000000        1.0000000000000000        1.0000000000000000        1.0000000000000000        1.0000000000000000        1.0000000000000000        1.0000000000000000     
   1.0000000000000000        1.0000000000000000        1.0000000000000000        1.0000000000000000        1.0000000000000000        1.0000000000000000        1.0000000000000000        1.0000000000000000        1.0000000000000000        1.0000000000000000        1.0000000000000000        1.0000000000000000        1.0000000000000000        1.0000000000000000        1.0000000000000000     
   1.0000000000000000        1.0000000000000000        1.0000000000000000        1.0000000000000000        1.0000000000000000        1.0000000000000000        1.0000000000000000        1.0000000000000000        1.0000000000000000        1.0000000000000000        1.0000000000000000        1.0000000000000000        1.0000000000000000        1.0000000000000000        1.0000000000000000     
   1.0000000000000000        1.0000000000000000        1.0000000000000000        1.0000000000000000        1.0000000000000000        1.0000000000000000        1.0000000000000000        1.0000000000000000        1.0000000000000000        1.0000000000000000        1.0000000000000000        1.0000000000000000        1.0000000000000000        1.0000000000000000        1.0000000000000000     
   1.0000000000000000        1.0000000000000000        1.0000000000000000        1.0000000000000000        1.0000000000000000        1.0000000000000000        1.0000000000000000        1.0000000000000000        1.0000000000000000        1.0000000000000000        1.0000000000000000        1.0000000000000000        1.0000000000000000        1.0000000000000000        1.0000000000000000     
   1.0000000000000000        1.0000000000000000        1.0000000000000000        1.0000000000000000        1.0000000000000000        1.0000000000000000        1.0000000000000000        1.0000000000000000        1.0000000000000000        1.0000000000000000        1.0000000000000000        1.0000000000000000        1.0000000000000000        1.0000000000000000        1.0000000000000000     
   1.0000000000000000        1.0000000000000000        1.0000000000000000        1.0000000000000000        1.0000000000000000        1.0000000000000000        1.0000000000000000        1.0000000000000000        1.0000000000000000        1.0000000000000000        1.0000000000000000        1.0000000000000000        1.0000000000000000        1.0000000000000000        1.0000000000000000     
   1.0000000000000000        1.0000000000000000        1.0000000000000000        1.0000000000000000        1.0000000000000000        1.0000000000000000        1.0000000000000000        1.0000000000000000        1.0000000000000000        1.0000000000000000        1.0000000000000000        1.0000000000000000        1.0000000000000000        1.0000000000000000        1.0000000000000000     
   1.0000000000000000        1.0000000000000000        1.0000000000000000        1.0000000000000000        1.0000000000000000        1.0000000000000000        1.0000000000000000        1.0000000000000000        1.0000000000000000        1.0000000000000000        1.0000000000000000        1.0000000000000000        1.0000000000000000        1.0000000000000000        1.0000000000000000     
   1.0000000000000000        1.0000000000000000        1.0000000000000000        1.0000000000000000        1.0000000000000000        1.0000000000000000        1.0000000000000000        1.0000000000000000        1.0000000000000000        1.0000000000000000        1.0000000000000000        1.0000000000000000        1.0000000000000000        1.0000000000000000        1.0000000000000000     
   1.0000000000000000        1.0000000000000000        1.0000000000000000        1.0000000000000000        1.0000000000000000        1.0000000000000000        1.0000000000000000        1.0000000000000000        1.0000000000000000        1.0000000000000000        1.0000000000000000        1.0000000000000000        1.0000000000000000        1.0000000000000000        1.0000000000000000     
   1.0000000000000000        1.0000000000000000        1.0000000000000000        1.0000000000000000        1.0000000000000000        1.0000000000000000        1.0000000000000000        1.0000000000000000        1.0000000000000000        1.0000000000000000        1.0000000000000000        1.0000000000000000        1.0000000000000000        1.0000000000000000        1.0000000000000000     
   1.0000000000000000        1.0000000000000000        1.0000000000000000        1.0000000000000000        1.0000000000000000        1.0000000000000000        1.0000000000000000        1.0000000000000000        1.0000000000000000        1.0000000000000000        1.0000000000000000        1.0000000000000000        1.0000000000000000        1.0000000000000000        1.0000000000000000     
   1.0000000000000000        1.0000000000000000        1.0000000000000000        1.0000000000000000        1.0000000000000000        1.0000000000000000        1.0000000000000000        1.0000000000000000        1.0000000000000000        1.0000000000000000        1.0000000000000000        1.0000000000000000        1.0000000000000000        1.0000000000000000        1.0000000000000000     
   1.0000000000000000        1.0000000000000000        1.0000000000000000        1.0000000000000000        1.0000000000000000        1.0000000000000000        1.0000000000000000        1.0000000000000000        1.0000000000000000        1.0000000000000000        1.0000000000000000        1.0000000000000000        1.0000000000000000        1.0000000000000000        1.0000000000000000     
   1.0000000000000000        1.0000000000000000        1.0000000000000000        1.0000000000000000        1.0000000000000000        1.0000000000000000        1.0000000000000000        1.0000000000000000        1.0000000000000000        1.0000000000000000        1.0000000000000000        1.0000000000000000        1.0000000000000000        1.0000000000000000        1.0000000000000000     
   1.0000000000000000        1.0000000000000000        1.0000000000000000        1.0000000000000000        1.0000000000000000        1.0000000000000000        1.0000000000000000        1.0000000000000000        1.0000000000000000        1.0000000000000000        1.0000000000000000        1.0000000000000000        1.0000000000000000        1.0000000000000000        1.0000000000000000     
   1.0000000000000000        1.0000000000000000        1.0000000000000000        1.0000000000000000        1.0000000000000000        1.0000000000000000        1.0000000000000000        1.0000000000000000        1.0000000000000000        1.0000000000000000        1.0000000000000000        1.0000000000000000        1.0000000000000000        1.0000000000000000        1.0000000000000000     
   1.0000000000000000        1.0000000000000000        1.0000000000000000        1.0000000000000000        1.0000000000000000        1.0000000000000000        1.0000000000000000        1.0000000000000000        1.0000000000000000        1.0000000000000000        1.0000000000000000        1.0000000000000000        1.0000000000000000        1.0000000000000000        1.0000000000000000     
   1.0000000000000000        1.0000000000000000        1.0000000000000000        1.0000000000000000        1.0000000000000000        1.0000000000000000        1.0000000000000000        1.0000000000000000        1.0000000000000000        1.0000000000000000        1.0000000000000000        1.0000000000000000        1.0000000000000000        1.0000000000000000        1.0000000000000000     
   1.0000000000000000        1.0000000000000000        1.0000000000000000        1.0000000000000000        1.0000000000000000        1.0000000000000000        1.0000000000000000        1.0000000000000000        1.0000000000000000        1.0000000000000000        1.0000000000000000        1.0000000000000000        1.0000000000000000        1.0000000000000000        1.0000000000000000     
   1.0000000000000000        1.0000000000000000        1.0000000000000000        1.0000000000000000        1.0000000000000000        1.0000000000000000        1.0000000000000000        1.0000000000000000        1.0000000000000000        1.0000000000000000        1.0000000000000000        1.0000000000000000        1.0000000000000000        1.0000000000000000        1.0000000000000000     
   1.0000000000000000        1.0000000000000000        1.0000000000000000        1.0000000000000000        1.0000000000000000        1.0000000000000000        1.0000000000000000        1.0000000000000000        1.0000000000000000        1.0000000000000000        1.0000000000000000        1.0000000000000000        1.0000000000000000        1.0000000000000000        1.0000000000000000     
   1.0000000000000000        1.0000000000000000        1.0000000000000000        1.0000000000000000        1.0000000000000000        1.0000000000000000        1.0000000000000000        1.0000000000000000        1.0000000000000000        1.0000000000000000        1.0000000000000000        1.0000000000000000        1.0000000000000000        1.0000000000000000        1.0000000000000000     
   1.0000000000000000        1.0000000000000000        1.0000000000000000        1.0000000000000000        1.0000000000000000        1.0000000000000000        1.0000000000000000        1.0000000000000000        1.0000000000000000        1.0000000000000000        1.0000000000000000        1.0000000000000000        1.0000000000000000        1.0000000000000000        1.0000000000000000     
   1.0000000000000000        1.0000000000000000        1.0000000000000000        1.0000000000000000        1.0000000000000000        1.0000000000000000        1.0000000000000000        1.0000000000000000        1.0000000000000000        1.0000000000000000        1.0000000000000000        1.0000000000000000        1.0000000000000000        1.0000000000000000        1.0000000000000000     
   1.0000000000000000        1.0000000000000000        1.0000000000000000        1.0000000000000000        1.0000000000000000        1.0000000000000000        1.0000000000000000        1.0000000000000000        1.0000000000000000        1.0000000000000000        1.0000000000000000        1.0000000000000000        1.0000000000000000        1.0000000000000000        1.0000000000000000     
   1.0000000000000000        1.0000000000000000        1.0000000000000000        1.0000000000000000        1.0000000000000000        1.0000000000000000        1.0000000000000000        1.0000000000000000        1.0000000000000000        1.0000000000000000        1.0000000000000000        1.0000000000000000        1.0000000000000000        1.0000000000000000        1.0000000000000000     
   1.0000000000000000        1.0000000000000000        1.0000000000000000        1.0000000000000000        1.0000000000000000        1.0000000000000000        1.0000000000000000        1.0000000000000000        1.0000000000000000        1.0000000000000000        1.0000000000000000        1.0000000000000000        1.0000000000000000        1.0000000000000000        1.0000000000000000     
   1.0000000000000000        1.0000000000000000        1.0000000000000000        1.0000000000000000        1.0000000000000000        1.0000000000000000        1.0000000000000000        1.0000000000000000        1.0000000000000000        1.0000000000000000        1.0000000000000000        1.0000000000000000        1.0000000000000000        1.0000000000000000        1.0000000000000000     
   1.0000000000000000        1.0000000000000000        1.0000000000000000        1.0000000000000000        1.0000000000000000        1.0000000000000000        1.0000000000000000        1.0000000000000000        1.0000000000000000        1.0000000000000000        1.0000000000000000        1.0000000000000000        1.0000000000000000        1.0000000000000000        1.0000000000000000     
   1.0000000000000000        1.0000000000000000        1.0000000000000000        1.0000000000000000        1.0000000000000000        1.0000000000000000        1.0000000000000000        1.0000000000000000        1.0000000000000000        1.0000000000000000        1.0000000000000000        1.0000000000000000        1.0000000000000000        1.0000000000000000        1.0000000000000000     
   1.0000000000000000        1.0000000000000000        1.0000000000000000        1.0000000000000000        1.0000000000000000        1.0000000000000000        1.0000000000000000        1.0000000000000000        1.0000000000000000        1.0000000000000000        1.0000000000000000        1.0000000000000000        1.0000000000000000        1.0000000000000000        1.0000000000000000     
   1.0000000000000000        1.0000000000000000        1.0000000000000000        1.0000000000000000        1.0000000000000000        1.0000000000000000        1.0000000000000000        1.0000000000000000        1.0000000000000000        1.0000000000000000        1.0000000000000000        1.0000000000000000        1.0000000000000000        1.0000000000000000        1.0000000000000000     
   1.0000000000000000        1.0000000000000000        1.0000000000000000        1.0000000000000000        1.0000000000000000        1.0000000000000000        1.0000000000000000        1.0000000000000000        1.0000000000000000        1.0000000000000000        1.0000000000000000        1.0000000000000000        1.0000000000000000        1.0000000000000000        1.0000000000000000     
   1.0000000000000000        1.0000000000000000        1.0000000000000000        1.0000000000000000        1.0000000000000000        1.0000000000000000        1.0000000000000000        1.0000000000000000        1.0000000000000000        1.0000000000000000        1.0000000000000000        1.0000000000000000        1.0000000000000000        1.0000000000000000        1.0000000000000000     
   1.0000000000000000        1.0000000000000000        1.0000000000000000        1.0000000000000000        1.0000000000000000        1.0000000000000000        1.0000000000000000        1.0000000000000000        1.0000000000000000        1.0000000000000000        1.0000000000000000        1.0000000000000000        1.0000000000000000        1.0000000000000000        1.0000000000000000     
   1.0000000000000000        1.0000000000000000        1.0000000000000000        1.0000000000000000        1.0000000000000000        1.0000000000000000        1.0000000000000000        1.0000000000000000        1.0000000000000000        1.0000000000000000        1.0000000000000000        1.0000000000000000        1.0000000000000000        1.0000000000000000        1.0000000000000000     
   1.0000000000000000        1.0000000000000000        1.0000000000000000        1.0000000000000000        1.0000000000000000        1.0000000000000000        1.0000000000000000        1.0000000000000000        1.0000000000000000        1.0000000000000000        1.0000000000000000        1.0000000000000000        1.0000000000000000        1.0000000000000000        1.0000000000000000     
   1.0000000000000000        1.0000000000000000        1.0000000000000000        1.0000000000000000        1.0000000000000000        1.0000000000000000        1.0000000000000000        1.0000000000000000        1.0000000000000000        1.0000000000000000        1.0000000000000000        1.0000000000000000        1.0000000000000000        1.0000000000000000        1.0000000000000000     
   1.0000000000000000        1.0000000000000000        1.0000000000000000        1.0000000000000000        1.0000000000000000        1.0000000000000000        1.0000000000000000        1.0000000000000000        1.0000000000000000        1.0000000000000000        1.0000000000000000        1.0000000000000000        1.0000000000000000        1.0000000000000000        1.0000000000000000     
   1.0000000000000000        1.0000000000000000        1.0000000000000000        1.0000000000000000        1.0000000000000000        1.0000000000000000        1.0000000000000000        1.0000000000000000        1.0000000000000000        1.0000000000000000        1.0000000000000000        1.0000000000000000        1.0000000000000000        1.0000000000000000        1.0000000000000000     
   1.0000000000000000        1.0000000000000000        1.0000000000000000        1.0000000000000000        1.0000000000000000        1.0000000000000000        1.0000000000000000        1.0000000000000000        1.0000000000000000        1.0000000000000000        1.0000000000000000        1.0000000000000000        1.0000000000000000        1.0000000000000000        1.0000000000000000     
   1.0000000000000000        1.0000000000000000        1.0000000000000000        1.0000000000000000        1.0000000000000000        1.0000000000000000        1.0000000000000000        1.0000000000000000        1.0000000000000000        1.0000000000000000        1.0000000000000000        1.0000000000000000        1.0000000000000000        1.0000000000000000        1.0000000000000000     
   1.0000000000000000        1.0000000000000000        1.0000000000000000        1.0000000000000000        1.0000000000000000        1.0000000000000000        1.0000000000000000        1.0000000000000000        1.0000000000000000        1.0000000000000000        1.0000000000000000        1.0000000000000000        1.0000000000000000        1.0000000000000000        1.0000000000000000     
   1.0000000000000000        1.0000000000000000        1.0000000000000000        1.0000000000000000        1.0000000000000000        1.0000000000000000        1.0000000000000000        1.0000000000000000        1.0000000000000000        1.0000000000000000        1.0000000000000000        1.0000000000000000        1.0000000000000000        1.0000000000000000        1.0000000000000000     
   1.0000000000000000        1.0000000000000000        1.0000000000000000        1.0000000000000000        1.0000000000000000        1.0000000000000000        1.0000000000000000        1.0000000000000000        1.0000000000000000        1.0000000000000000        1.0000000000000000        1.0000000000000000        1.0000000000000000        1.0000000000000000        1.0000000000000000     
   1.0000000000000000        1.0000000000000000        1.0000000000000000        1.0000000000000000        1.0000000000000000        1.0000000000000000        1.0000000000000000        1.0000000000000000        1.0000000000000000        1.0000000000000000        1.0000000000000000        1.0000000000000000        1.0000000000000000        1.0000000000000000        1.0000000000000000     
   1.0000000000000000        1.0000000000000000        1.0000000000000000        1.0000000000000000        1.0000000000000000        1.0000000000000000        1.0000000000000000        1.0000000000000000        1.0000000000000000        1.0000000000000000        1.0000000000000000        1.0000000000000000        1.0000000000000000        1.0000000000000000        1.0000000000000000     
   1.0000000000000000        1.0000000000000000        1.0000000000000000        1.0000000000000000        1.0000000000000000        1.0000000000000000        1.0000000000000000        1.0000000000000000        1.0000000000000000        1.0000000000000000        1.0000000000000000        1.0000000000000000        1.0000000000000000        1.0000000000000000        1.0000000000000000     
   1.0000000000000000        1.0000000000000000        1.0000000000000000        1.0000000000000000        1.0000000000000000        1.0000000000000000        1.0000000000000000        1.0000000000000000        1.0000000000000000        1.0000000000000000        1.0000000000000000        1.0000000000000000        1.0000000000000000        1.0000000000000000        1.0000000000000000     
   1.0000000000000000        1.0000000000000000        1.0000000000000000        1.0000000000000000        1.0000000000000000        1.0000000000000000        1.0000000000000000        1.0000000000000000        1.0000000000000000        1.0000000000000000        1.0000000000000000        1.0000000000000000        1.0000000000000000        1.0000000000000000        1.0000000000000000     
   1.0000000000000000        1.0000000000000000        1.0000000000000000        1.0000000000000000        1.0000000000000000        1.0000000000000000        1.0000000000000000        1.0000000000000000        1.0000000000000000        1.0000000000000000        1.0000000000000000        1.0000000000000000        1.0000000000000000        1.0000000000000000        1.0000000000000000     
   1.0000000000000000        1.0000000000000000        1.0000000000000000        1.0000000000000000        1.0000000000000000        1.0000000000000000        1.0000000000000000        1.0000000000000000        1.0000000000000000        1.0000000000000000        1.0000000000000000        1.0000000000000000        1.0000000000000000        1.0000000000000000        1.0000000000000000     
   1.0000000000000000        1.0000000000000000        1.0000000000000000        1.0000000000000000        1.0000000000000000        1.0000000000000000        1.0000000000000000        1.0000000000000000        1.0000000000000000        1.0000000000000000        1.0000000000000000        1.0000000000000000        1.0000000000000000        1.0000000000000000        1.0000000000000000     
   1.0000000000000000        1.0000000000000000        1.0000000000000000        1.0000000000000000        1.0000000000000000        1.0000000000000000        1.0000000000000000        1.0000000000000000        1.0000000000000000        1.0000000000000000        1.0000000000000000        1.0000000000000000        1.0000000000000000        1.0000000000000000        1.0000000000000000     
   1.0000000000000000        1.0000000000000000        1.0000000000000000        1.0000000000000000        1.0000000000000000        1.0000000000000000        1.0000000000000000        1.0000000000000000        1.0000000000000000        1.0000000000000000        1.0000000000000000        1.0000000000000000        1.0000000000000000        1.0000000000000000        1.0000000000000000     
   1.0000000000000000        1.0000000000000000        1.0000000000000000        1.0000000000000000        1.0000000000000000        1.0000000000000000        1.0000000000000000        1.0000000000000000        1.0000000000000000        1.0000000000000000        1.0000000000000000        1.0000000000000000        1.0000000000000000        1.0000000000000000        1.0000000000000000     
   1.0000000000000000        1.0000000000000000        1.0000000000000000        1.0000000000000000        1.0000000000000000        1.0000000000000000        1.0000000000000000        1.0000000000000000        1.0000000000000000        1.0000000000000000        1.0000000000000000        1.0000000000000000        1.0000000000000000        1.0000000000000000        1.0000000000000000     
   1.0000000000000000        1.0000000000000000        1.0000000000000000        1.0000000000000000        1.0000000000000000        1.0000000000000000        1.0000000000000000        1.0000000000000000        1.0000000000000000        1.0000000000000000        1.0000000000000000        1.0000000000000000        1.0000000000000000        1.0000000000000000        1.0000000000000000     
   1.0000000000000000        1.0000000000000000        1.0000000000000000        1.0000000000000000        1.0000000000000000        1.0000000000000000        1.0000000000000000        1.0000000000000000        1.0000000000000000        1.0000000000000000        1.0000000000000000        1.0000000000000000        1.0000000000000000        1.0000000000000000        1.0000000000000000     
   1.0000000000000000        1.0000000000000000        1.0000000000000000        1.0000000000000000        1.0000000000000000        1.0000000000000000        1.0000000000000000        1.0000000000000000        1.0000000000000000        1.0000000000000000        1.0000000000000000        1.0000000000000000        1.0000000000000000        1.0000000000000000        1.0000000000000000     
   1.0000000000000000        1.0000000000000000        1.0000000000000000        1.0000000000000000        1.0000000000000000        1.0000000000000000        1.0000000000000000        1.0000000000000000        1.0000000000000000        1.0000000000000000        1.0000000000000000        1.0000000000000000        1.0000000000000000        1.0000000000000000        1.0000000000000000     
   1.0000000000000000        1.0000000000000000        1.0000000000000000        1.0000000000000000        1.0000000000000000        1.0000000000000000        1.0000000000000000        1.0000000000000000        1.0000000000000000        1.0000000000000000        1.0000000000000000        1.0000000000000000        1.0000000000000000        1.0000000000000000        1.0000000000000000     
   1.0000000000000000        1.0000000000000000        1.0000000000000000        1.0000000000000000        1.0000000000000000        1.0000000000000000        1.0000000000000000        1.0000000000000000        1.0000000000000000        1.0000000000000000        1.0000000000000000        1.0000000000000000        1.0000000000000000        1.0000000000000000        1.0000000000000000     
   1.0000000000000000        1.0000000000000000        1.0000000000000000        1.0000000000000000        1.0000000000000000        1.0000000000000000        1.0000000000000000        1.0000000000000000        1.0000000000000000        1.0000000000000000        1.0000000000000000        1.0000000000000000        1.0000000000000000        1.0000000000000000        1.0000000000000000     
   1.0000000000000000        1.0000000000000000        1.0000000000000000        1.0000000000000000        1.0000000000000000        1.0000000000000000        1.0000000000000000        1.0000000000000000        1.0000000000000000        1.0000000000000000        1.0000000000000000        1.0000000000000000        1.0000000000000000        1.0000000000000000        1.0000000000000000     
   1.0000000000000000        1.0000000000000000        1.0000000000000000        1.0000000000000000        1.0000000000000000        1.0000000000000000        1.0000000000000000        1.0000000000000000        1.0000000000000000        1.0000000000000000        1.0000000000000000        1.0000000000000000        1.0000000000000000        1.0000000000000000        1.0000000000000000     
   1.0000000000000000        1.0000000000000000        1.0000000000000000        1.0000000000000000        1.0000000000000000        1.0000000000000000        1.0000000000000000        1.0000000000000000        1.0000000000000000        1.0000000000000000        1.0000000000000000        1.0000000000000000        1.0000000000000000        1.0000000000000000        1.0000000000000000     
   1.0000000000000000        1.0000000000000000        1.0000000000000000        1.0000000000000000        1.0000000000000000        1.0000000000000000        1.0000000000000000        1.0000000000000000        1.0000000000000000        1.0000000000000000        1.0000000000000000        1.0000000000000000        1.0000000000000000        1.0000000000000000        1.0000000000000000     
   1.0000000000000000        1.0000000000000000        1.0000000000000000        1.0000000000000000        1.0000000000000000        1.0000000000000000        1.0000000000000000        1.0000000000000000        1.0000000000000000        1.0000000000000000        1.0000000000000000        1.0000000000000000        1.0000000000000000        1.0000000000000000        1.0000000000000000     
   1.0000000000000000        1.0000000000000000        1.0000000000000000        1.0000000000000000        1.0000000000000000        1.0000000000000000        1.0000000000000000        1.0000000000000000        1.0000000000000000        1.0000000000000000        1.0000000000000000        1.0000000000000000        1.0000000000000000        1.0000000000000000        1.0000000000000000     
   1.0000000000000000        1.0000000000000000        1.0000000000000000        1.0000000000000000        1.0000000000000000        1.0000000000000000        1.0000000000000000        1.0000000000000000        1.0000000000000000        1.0000000000000000        1.0000000000000000        1.0000000000000000        1.0000000000000000        1.0000000000000000        1.0000000000000000     
   1.0000000000000000        1.0000000000000000        1.0000000000000000        1.0000000000000000        1.0000000000000000        1.0000000000000000        1.0000000000000000        1.0000000000000000        1.0000000000000000        1.0000000000000000        1.0000000000000000        1.0000000000000000        1.0000000000000000        1.0000000000000000        1.0000000000000000     
   1.0000000000000000        1.0000000000000000        1.0000000000000000        1.0000000000000000        1.0000000000000000        1.0000000000000000        1.0000000000000000        1.0000000000000000        1.0000000000000000        1.0000000000000000        1.0000000000000000        1.0000000000000000        1.0000000000000000        1.0000000000000000        1.0000000000000000     
   1.0000000000000000        1.0000000000000000        1.0000000000000000        1.0000000000000000        1.0000000000000000        1.0000000000000000        1.0000000000000000        1.0000000000000000        1.0000000000000000        1.0000000000000000        1.0000000000000000        1.0000000000000000        1.0000000000000000        1.0000000000000000        1.0000000000000000     
   1.0000000000000000        1.0000000000000000        1.0000000000000000        1.0000000000000000        1.0000000000000000        1.0000000000000000        1.0000000000000000        1.0000000000000000        1.0000000000000000        1.0000000000000000        1.0000000000000000        1.0000000000000000        1.0000000000000000        1.0000000000000000        1.0000000000000000     
   1.0000000000000000        1.0000000000000000        1.0000000000000000        1.0000000000000000        1.0000000000000000        1.0000000000000000        1.0000000000000000        1.0000000000000000        1.0000000000000000        1.0000000000000000        1.0000000000000000        1.0000000000000000        1.0000000000000000        1.0000000000000000        1.0000000000000000     
   1.0000000000000000        1.0000000000000000        1.0000000000000000        1.0000000000000000        1.0000000000000000        1.0000000000000000        1.0000000000000000        1.0000000000000000        1.0000000000000000        1.0000000000000000        1.0000000000000000        1.0000000000000000        1.0000000000000000        1.0000000000000000        1.0000000000000000     
   1.0000000000000000        1.0000000000000000        1.0000000000000000        1.0000000000000000        1.0000000000000000        1.0000000000000000        1.0000000000000000        1.0000000000000000        1.0000000000000000        1.0000000000000000        1.0000000000000000        1.0000000000000000        1.0000000000000000        1.0000000000000000        1.0000000000000000     
   1.0000000000000000        1.0000000000000000        1.0000000000000000        1.0000000000000000        1.0000000000000000        1.0000000000000000        1.0000000000000000        1.0000000000000000        1.0000000000000000        1.0000000000000000        1.0000000000000000        1.0000000000000000        1.0000000000000000        1.0000000000000000        1.0000000000000000     
   1.0000000000000000        1.0000000000000000        1.0000000000000000        1.0000000000000000        1.0000000000000000        1.0000000000000000        1.0000000000000000        1.0000000000000000        1.0000000000000000        1.0000000000000000        1.0000000000000000        1.0000000000000000        1.0000000000000000        1.0000000000000000        1.0000000000000000     
   1.0000000000000000        1.0000000000000000        1.0000000000000000        1.0000000000000000        1.0000000000000000        1.0000000000000000        1.0000000000000000        1.0000000000000000        1.0000000000000000        1.0000000000000000        1.0000000000000000        1.0000000000000000        1.0000000000000000        1.0000000000000000        1.0000000000000000     
   1.0000000000000000        1.0000000000000000        1.0000000000000000        1.0000000000000000        1.0000000000000000        1.0000000000000000        1.0000000000000000        1.0000000000000000        1.0000000000000000        1.0000000000000000        1.0000000000000000        1.0000000000000000        1.0000000000000000        1.0000000000000000        1.0000000000000000     
   1.0000000000000000        1.0000000000000000        1.0000000000000000        1.0000000000000000        1.0000000000000000        1.0000000000000000        1.0000000000000000        1.0000000000000000        1.0000000000000000        1.0000000000000000        1.0000000000000000        1.0000000000000000        1.0000000000000000        1.0000000000000000        1.0000000000000000     
   1.0000000000000000        1.0000000000000000        1.0000000000000000        1.0000000000000000        1.0000000000000000        1.0000000000000000        1.0000000000000000        1.0000000000000000        1.0000000000000000        1.0000000000000000        1.0000000000000000        1.0000000000000000        1.0000000000000000        1.0000000000000000        1.0000000000000000     
   1.0000000000000000        1.0000000000000000        1.0000000000000000        1.0000000000000000        1.0000000000000000        1.0000000000000000        1.0000000000000000        1.0000000000000000        1.0000000000000000        1.0000000000000000        1.0000000000000000        1.0000000000000000        1.0000000000000000        1.0000000000000000        1.0000000000000000     
   1.0000000000000000        1.0000000000000000        1.0000000000000000        1.0000000000000000        1.0000000000000000        1.0000000000000000        1.0000000000000000        1.0000000000000000        1.0000000000000000        1.0000000000000000        1.0000000000000000        1.0000000000000000        1.0000000000000000        1.0000000000000000        1.0000000000000000     
   1.0000000000000000        1.0000000000000000        1.0000000000000000        1.0000000000000000        1.0000000000000000        1.0000000000000000        1.0000000000000000        1.0000000000000000        1.0000000000000000        1.0000000000000000        1.0000000000000000        1.0000000000000000        1.0000000000000000        1.0000000000000000        1.0000000000000000     
   1.0000000000000000        1.0000000000000000        1.0000000000000000        1.0000000000000000        1.0000000000000000        1.0000000000000000        1.0000000000000000        1.0000000000000000        1.0000000000000000        1.0000000000000000        1.0000000000000000        1.0000000000000000        1.0000000000000000        1.0000000000000000        1.0000000000000000     
   1.0000000000000000        1.0000000000000000        1.0000000000000000        1.0000000000000000        1.0000000000000000        1.0000000000000000        1.0000000000000000        1.0000000000000000        1.0000000000000000        1.0000000000000000        1.0000000000000000        1.0000000000000000        1.0000000000000000        1.0000000000000000        1.0000000000000000     
   1.0000000000000000        1.0000000000000000        1.0000000000000000        1.0000000000000000        1.0000000000000000        1.0000000000000000        1.0000000000000000        1.0000000000000000        1.0000000000000000        1.0000000000000000        1.0000000000000000        1.0000000000000000        1.0000000000000000        1.0000000000000000        1.0000000000000000     
   1.0000000000000000        1.0000000000000000        1.0000000000000000        1.0000000000000000        1.0000000000000000        1.0000000000000000        1.0000000000000000        1.0000000000000000        1.0000000000000000        1.0000000000000000        1.0000000000000000        1.0000000000000000        1.0000000000000000        1.0000000000000000        1.0000000000000000     
   1.0000000000000000        1.0000000000000000        1.0000000000000000        1.0000000000000000        1.0000000000000000        1.0000000000000000        1.0000000000000000        1.0000000000000000        1.0000000000000000        1.0000000000000000        1.0000000000000000        1.0000000000000000        1.0000000000000000        1.0000000000000000        1.0000000000000000     
   1.0000000000000000        1.0000000000000000        1.0000000000000000        1.0000000000000000        1.0000000000000000        1.0000000000000000        1.0000000000000000        1.0000000000000000        1.0000000000000000        1.0000000000000000        1.0000000000000000        1.0000000000000000        1.0000000000000000        1.0000000000000000        1.0000000000000000     
   1.0000000000000000        1.0000000000000000        1.0000000000000000        1.0000000000000000        1.0000000000000000        1.0000000000000000        1.0000000000000000        1.0000000000000000        1.0000000000000000        1.0000000000000000        1.0000000000000000        1.0000000000000000        1.0000000000000000        1.0000000000000000        1.0000000000000000     
   1.0000000000000000        1.0000000000000000        1.0000000000000000        1.0000000000000000        1.0000000000000000        1.0000000000000000        1.0000000000000000        1.0000000000000000        1.0000000000000000        1.0000000000000000        1.0000000000000000        1.0000000000000000        1.0000000000000000        1.0000000000000000        1.0000000000000000     
   1.0000000000000000        1.0000000000000000        1.0000000000000000        1.0000000000000000        1.0000000000000000        1.0000000000000000        1.0000000000000000        1.0000000000000000        1.0000000000000000        1.0000000000000000        1.0000000000000000        1.0000000000000000        1.0000000000000000        1.0000000000000000        1.0000000000000000     
   1.0000000000000000        1.0000000000000000        1.0000000000000000        1.0000000000000000        1.0000000000000000        1.0000000000000000        1.0000000000000000        1.0000000000000000        1.0000000000000000        1.0000000000000000        1.0000000000000000        1.0000000000000000        1.0000000000000000        1.0000000000000000        1.0000000000000000     
   1.0000000000000000        1.0000000000000000        1.0000000000000000        1.0000000000000000        1.0000000000000000        1.0000000000000000        1.0000000000000000        1.0000000000000000        1.0000000000000000        1.0000000000000000        1.0000000000000000        1.0000000000000000        1.0000000000000000        1.0000000000000000        1.0000000000000000     
   1.0000000000000000        1.0000000000000000        1.0000000000000000        1.0000000000000000        1.0000000000000000        1.0000000000000000        1.0000000000000000        1.0000000000000000        1.0000000000000000        1.0000000000000000        1.0000000000000000        1.0000000000000000        1.0000000000000000        1.0000000000000000        1.0000000000000000     
   1.0000000000000000        1.0000000000000000        1.0000000000000000        1.0000000000000000        1.0000000000000000        1.0000000000000000        1.0000000000000000        1.0000000000000000        1.0000000000000000        1.0000000000000000        1.0000000000000000        1.0000000000000000        1.0000000000000000        1.0000000000000000        1.0000000000000000     
   1.0000000000000000        1.0000000000000000        1.0000000000000000        1.0000000000000000        1.0000000000000000        1.0000000000000000        1.0000000000000000        1.0000000000000000        1.0000000000000000        1.0000000000000000        1.0000000000000000        1.0000000000000000        1.0000000000000000        1.0000000000000000        1.0000000000000000     
   1.0000000000000000        1.0000000000000000        1.0000000000000000        1.0000000000000000        1.0000000000000000        1.0000000000000000        1.0000000000000000        1.0000000000000000        1.0000000000000000        1.0000000000000000        1.0000000000000000        1.0000000000000000        1.0000000000000000        1.0000000000000000        1.0000000000000000     
   1.0000000000000000        1.0000000000000000        1.0000000000000000        1.0000000000000000        1.0000000000000000        1.0000000000000000        1.0000000000000000        1.0000000000000000        1.0000000000000000        1.0000000000000000        1.0000000000000000        1.0000000000000000        1.0000000000000000        1.0000000000000000        1.0000000000000000     
   1.0000000000000000        1.0000000000000000        1.0000000000000000        1.0000000000000000        1.0000000000000000        1.0000000000000000        1.0000000000000000        1.0000000000000000        1.0000000000000000        1.0000000000000000        1.0000000000000000        1.0000000000000000        1.0000000000000000        1.0000000000000000        1.0000000000000000     
   1.0000000000000000        1.0000000000000000        1.0000000000000000        1.0000000000000000        1.0000000000000000        1.0000000000000000        1.0000000000000000        1.0000000000000000        1.0000000000000000        1.0000000000000000        1.0000000000000000        1.0000000000000000        1.0000000000000000        1.0000000000000000        1.0000000000000000     
   1.0000000000000000        1.0000000000000000        1.0000000000000000        1.0000000000000000        1.0000000000000000        1.0000000000000000        1.0000000000000000        1.0000000000000000        1.0000000000000000        1.0000000000000000        1.0000000000000000        1.0000000000000000        1.0000000000000000        1.0000000000000000        1.0000000000000000     
   1.0000000000000000        1.0000000000000000        1.0000000000000000        1.0000000000000000        1.0000000000000000        1.0000000000000000        1.0000000000000000        1.0000000000000000        1.0000000000000000        1.0000000000000000        1.0000000000000000        1.0000000000000000        1.0000000000000000        1.0000000000000000        1.0000000000000000     
   1.0000000000000000        1.0000000000000000        1.0000000000000000        1.0000000000000000        1.0000000000000000        1.0000000000000000        1.0000000000000000        1.0000000000000000        1.0000000000000000        1.0000000000000000        1.0000000000000000        1.0000000000000000        1.0000000000000000        1.0000000000000000        1.0000000000000000     
   1.0000000000000000        1.0000000000000000        1.0000000000000000        1.0000000000000000        1.0000000000000000        1.0000000000000000        1.0000000000000000        1.0000000000000000        1.0000000000000000        1.0000000000000000        1.0000000000000000        1.0000000000000000        1.0000000000000000        1.0000000000000000        1.0000000000000000     
   1.0000000000000000        1.0000000000000000        1.0000000000000000        1.0000000000000000        1.0000000000000000        1.0000000000000000        1.0000000000000000        1.0000000000000000        1.0000000000000000        1.0000000000000000        1.0000000000000000        1.0000000000000000        1.0000000000000000        1.0000000000000000        1.0000000000000000     
   1.0000000000000000        1.0000000000000000        1.0000000000000000        1.0000000000000000        1.0000000000000000        1.0000000000000000        1.0000000000000000        1.0000000000000000        1.0000000000000000        1.0000000000000000        1.0000000000000000        1.0000000000000000        1.0000000000000000        1.0000000000000000        1.0000000000000000     
   1.0000000000000000        1.0000000000000000        1.0000000000000000        1.0000000000000000        1.0000000000000000        1.0000000000000000        1.0000000000000000        1.0000000000000000        1.0000000000000000        1.0000000000000000        1.0000000000000000        1.0000000000000000        1.0000000000000000        1.0000000000000000        1.0000000000000000     
   1.0000000000000000        1.0000000000000000        1.0000000000000000        1.0000000000000000        1.0000000000000000        1.0000000000000000        1.0000000000000000        1.0000000000000000        1.0000000000000000        1.0000000000000000        1.0000000000000000        1.0000000000000000        1.0000000000000000        1.0000000000000000        1.0000000000000000     
   1.0000000000000000        1.0000000000000000        1.0000000000000000        1.0000000000000000        1.0000000000000000        1.0000000000000000        1.0000000000000000        1.0000000000000000        1.0000000000000000        1.0000000000000000        1.0000000000000000        1.0000000000000000        1.0000000000000000        1.0000000000000000        1.0000000000000000     
   1.0000000000000000        1.0000000000000000        1.0000000000000000        1.0000000000000000        1.0000000000000000        1.0000000000000000        1.0000000000000000        1.0000000000000000        1.0000000000000000        1.0000000000000000        1.0000000000000000        1.0000000000000000        1.0000000000000000        1.0000000000000000        1.0000000000000000     
   1.0000000000000000        1.0000000000000000        1.0000000000000000        1.0000000000000000        1.0000000000000000        1.0000000000000000        1.0000000000000000        1.0000000000000000        1.0000000000000000        1.0000000000000000        1.0000000000000000        1.0000000000000000        1.0000000000000000        1.0000000000000000        1.0000000000000000     
   1.0000000000000000        1.0000000000000000        1.0000000000000000        1.0000000000000000        1.0000000000000000        1.0000000000000000        1.0000000000000000        1.0000000000000000        1.0000000000000000        1.0000000000000000        1.0000000000000000        1.0000000000000000        1.0000000000000000        1.0000000000000000        1.0000000000000000     
   1.0000000000000000        1.0000000000000000        1.0000000000000000        1.0000000000000000        1.0000000000000000        1.0000000000000000        1.0000000000000000        1.0000000000000000        1.0000000000000000        1.0000000000000000        1.0000000000000000        1.0000000000000000        1.0000000000000000        1.0000000000000000        1.0000000000000000     
   1.0000000000000000        1.0000000000000000        1.0000000000000000        1.0000000000000000        1.0000000000000000        1.0000000000000000        1.0000000000000000        1.0000000000000000        1.0000000000000000        1.0000000000000000        1.0000000000000000        1.0000000000000000        1.0000000000000000        1.0000000000000000        1.0000000000000000     
   1.0000000000000000        1.0000000000000000        1.0000000000000000        1.0000000000000000        1.0000000000000000        1.0000000000000000        1.0000000000000000        1.0000000000000000        1.0000000000000000        1.0000000000000000        1.0000000000000000        1.0000000000000000        1.0000000000000000        1.0000000000000000        1.0000000000000000     
   1.0000000000000000        1.0000000000000000        1.0000000000000000        1.0000000000000000        1.0000000000000000        1.0000000000000000        1.0000000000000000        1.0000000000000000        1.0000000000000000        1.0000000000000000        1.0000000000000000        1.0000000000000000        1.0000000000000000        1.0000000000000000        1.0000000000000000     
   1.0000000000000000        1.0000000000000000        1.0000000000000000        1.0000000000000000        1.0000000000000000        1.0000000000000000        1.0000000000000000        1.0000000000000000        1.0000000000000000        1.0000000000000000        1.0000000000000000        1.0000000000000000        1.0000000000000000        1.0000000000000000        1.0000000000000000     
   1.0000000000000000        1.0000000000000000        1.0000000000000000        1.0000000000000000        1.0000000000000000        1.0000000000000000        1.0000000000000000        1.0000000000000000        1.0000000000000000        1.0000000000000000        1.0000000000000000        1.0000000000000000        1.0000000000000000        1.0000000000000000        1.0000000000000000     
   1.0000000000000000        1.0000000000000000        1.0000000000000000        1.0000000000000000        1.0000000000000000        1.0000000000000000        1.0000000000000000        1.0000000000000000        1.0000000000000000        1.0000000000000000        1.0000000000000000        1.0000000000000000        1.0000000000000000        1.0000000000000000        1.0000000000000000     
   1.0000000000000000        1.0000000000000000        1.0000000000000000        1.0000000000000000        1.0000000000000000        1.0000000000000000        1.0000000000000000        1.0000000000000000        1.0000000000000000        1.0000000000000000        1.0000000000000000        1.0000000000000000        1.0000000000000000        1.0000000000000000        1.0000000000000000     
   1.0000000000000000        1.0000000000000000        1.0000000000000000        1.0000000000000000        1.0000000000000000        1.0000000000000000        1.0000000000000000        1.0000000000000000        1.0000000000000000        1.0000000000000000        1.0000000000000000        1.0000000000000000        1.0000000000000000        1.0000000000000000        1.0000000000000000     
   1.0000000000000000        1.0000000000000000        1.0000000000000000        1.0000000000000000        1.0000000000000000        1.0000000000000000        1.0000000000000000        1.0000000000000000        1.0000000000000000        1.0000000000000000        1.0000000000000000        1.0000000000000000        1.0000000000000000        1.0000000000000000        1.0000000000000000     
   1.0000000000000000        1.0000000000000000        1.0000000000000000        1.0000000000000000        1.0000000000000000        1.0000000000000000        1.0000000000000000        1.0000000000000000        1.0000000000000000        1.0000000000000000        1.0000000000000000        1.0000000000000000        1.0000000000000000        1.0000000000000000        1.0000000000000000     
   1.0000000000000000        1.0000000000000000        1.0000000000000000        1.0000000000000000        1.0000000000000000        1.0000000000000000        1.0000000000000000        1.0000000000000000        1.0000000000000000        1.0000000000000000        1.0000000000000000        1.0000000000000000        1.0000000000000000        1.0000000000000000        1.0000000000000000     
   1.0000000000000000        1.0000000000000000        1.0000000000000000        1.0000000000000000        1.0000000000000000        1.0000000000000000        1.0000000000000000        1.0000000000000000        1.0000000000000000        1.0000000000000000        1.0000000000000000        1.0000000000000000        1.0000000000000000        1.0000000000000000        1.0000000000000000     
   1.0000000000000000        1.0000000000000000        1.0000000000000000        1.0000000000000000        1.0000000000000000        1.0000000000000000        1.0000000000000000        1.0000000000000000        1.0000000000000000        1.0000000000000000        1.0000000000000000        1.0000000000000000        1.0000000000000000        1.0000000000000000        1.0000000000000000     
   1.0000000000000000        1.0000000000000000        1.0000000000000000        1.0000000000000000        1.0000000000000000        1.0000000000000000        1.0000000000000000        1.0000000000000000        1.0000000000000000        1.0000000000000000        1.0000000000000000        1.0000000000000000        1.0000000000000000        1.0000000000000000        1.0000000000000000     
   1.0000000000000000        1.0000000000000000        1.0000000000000000        1.0000000000000000        1.0000000000000000        1.0000000000000000        1.0000000000000000        1.0000000000000000        1.0000000000000000        1.0000000000000000        1.0000000000000000        1.0000000000000000        1.0000000000000000        1.0000000000000000        1.0000000000000000     
   1.0000000000000000        1.0000000000000000        1.0000000000000000        1.0000000000000000        1.0000000000000000        1.0000000000000000        1.0000000000000000        1.0000000000000000        1.0000000000000000        1.0000000000000000        1.0000000000000000        1.0000000000000000        1.0000000000000000        1.0000000000000000        1.0000000000000000     
   1.0000000000000000        1.0000000000000000        1.0000000000000000        1.0000000000000000        1.0000000000000000        1.0000000000000000        1.0000000000000000        1.0000000000000000        1.0000000000000000        1.0000000000000000        1.0000000000000000        1.0000000000000000        1.0000000000000000        1.0000000000000000        1.0000000000000000     
   1.0000000000000000        1.0000000000000000        1.0000000000000000        1.0000000000000000        1.0000000000000000        1.0000000000000000        1.0000000000000000        1.0000000000000000        1.0000000000000000        1.0000000000000000        1.0000000000000000        1.0000000000000000        1.0000000000000000        1.0000000000000000        1.0000000000000000     
   1.0000000000000000        1.0000000000000000        1.0000000000000000        1.0000000000000000        1.0000000000000000        1.0000000000000000        1.0000000000000000        1.0000000000000000        1.0000000000000000        1.0000000000000000        1.0000000000000000        1.0000000000000000        1.0000000000000000        1.0000000000000000        1.0000000000000000     
   1.0000000000000000        1.0000000000000000        1.0000000000000000        1.0000000000000000        1.0000000000000000        1.0000000000000000        1.0000000000000000        1.0000000000000000        1.0000000000000000        1.0000000000000000        1.0000000000000000        1.0000000000000000        1.0000000000000000        1.0000000000000000        1.0000000000000000     
   1.0000000000000000        1.0000000000000000        1.0000000000000000        1.0000000000000000        1.0000000000000000        1.0000000000000000        1.0000000000000000        1.0000000000000000        1.0000000000000000        1.0000000000000000        1.0000000000000000        1.0000000000000000        1.0000000000000000        1.0000000000000000        1.0000000000000000     
   1.0000000000000000        1.0000000000000000        1.0000000000000000        1.0000000000000000        1.0000000000000000        1.0000000000000000        1.0000000000000000        1.0000000000000000        1.0000000000000000        1.0000000000000000        1.0000000000000000        1.0000000000000000        1.0000000000000000        1.0000000000000000        1.0000000000000000     
   1.0000000000000000        1.0000000000000000        1.0000000000000000        1.0000000000000000        1.0000000000000000        1.0000000000000000        1.0000000000000000        1.0000000000000000        1.0000000000000000        1.0000000000000000        1.0000000000000000        1.0000000000000000        1.0000000000000000        1.0000000000000000        1.0000000000000000     
   1.0000000000000000        1.0000000000000000        1.0000000000000000        1.0000000000000000        1.0000000000000000        1.0000000000000000        1.0000000000000000        1.0000000000000000        1.0000000000000000        1.0000000000000000        1.0000000000000000        1.0000000000000000        1.0000000000000000        1.0000000000000000        1.0000000000000000     
   1.0000000000000000        1.0000000000000000        1.0000000000000000        1.0000000000000000        1.0000000000000000        1.0000000000000000        1.0000000000000000        1.0000000000000000        1.0000000000000000        1.0000000000000000        1.0000000000000000        1.0000000000000000        1.0000000000000000        1.0000000000000000        1.0000000000000000     
   1.0000000000000000        1.0000000000000000        1.0000000000000000        1.0000000000000000        1.0000000000000000        1.0000000000000000        1.0000000000000000        1.0000000000000000        1.0000000000000000        1.0000000000000000        1.0000000000000000        1.0000000000000000        1.0000000000000000        1.0000000000000000        1.0000000000000000     
   1.0000000000000000        1.0000000000000000        1.0000000000000000        1.0000000000000000        1.0000000000000000        1.0000000000000000        1.0000000000000000        1.0000000000000000        1.0000000000000000        1.0000000000000000        1.0000000000000000        1.0000000000000000        1.0000000000000000        1.0000000000000000        1.0000000000000000     
   1.0000000000000000        1.0000000000000000        1.0000000000000000        1.0000000000000000        1.0000000000000000        1.0000000000000000        1.0000000000000000        1.0000000000000000        1.0000000000000000        1.0000000000000000        1.0000000000000000        1.0000000000000000        1.0000000000000000        1.0000000000000000        1.0000000000000000     
   1.0000000000000000        1.0000000000000000        1.0000000000000000        1.0000000000000000        1.0000000000000000        1.0000000000000000        1.0000000000000000        1.0000000000000000        1.0000000000000000        1.0000000000000000        1.0000000000000000        1.0000000000000000        1.0000000000000000        1.0000000000000000        1.0000000000000000     
   1.0000000000000000        1.0000000000000000        1.0000000000000000        1.0000000000000000        1.0000000000000000        1.0000000000000000        1.0000000000000000        1.0000000000000000        1.0000000000000000        1.0000000000000000        1.0000000000000000        1.0000000000000000        1.0000000000000000        1.0000000000000000        1.0000000000000000     
   1.0000000000000000        1.0000000000000000        1.0000000000000000        1.0000000000000000        1.0000000000000000        1.0000000000000000        1.0000000000000000        1.0000000000000000        1.0000000000000000        1.0000000000000000        1.0000000000000000        1.0000000000000000        1.0000000000000000        1.0000000000000000        1.0000000000000000     
   1.0000000000000000        1.0000000000000000        1.0000000000000000        1.0000000000000000        1.0000000000000000        1.0000000000000000        1.0000000000000000        1.0000000000000000        1.0000000000000000        1.0000000000000000        1.0000000000000000        1.0000000000000000        1.0000000000000000        1.0000000000000000        1.0000000000000000     
   1.0000000000000000        1.0000000000000000        1.0000000000000000        1.0000000000000000        1.0000000000000000        1.0000000000000000        1.0000000000000000        1.0000000000000000        1.0000000000000000        1.0000000000000000        1.0000000000000000        1.0000000000000000        1.0000000000000000        1.0000000000000000        1.0000000000000000     
   1.0000000000000000        1.0000000000000000        1.0000000000000000        1.0000000000000000        1.0000000000000000        1.0000000000000000        1.0000000000000000        1.0000000000000000        1.0000000000000000        1.0000000000000000        1.0000000000000000        1.0000000000000000        1.0000000000000000        1.0000000000000000        1.0000000000000000     
   1.0000000000000000        1.0000000000000000        1.0000000000000000        1.0000000000000000        1.0000000000000000        1.0000000000000000        1.0000000000000000        1.0000000000000000        1.0000000000000000        1.0000000000000000        1.0000000000000000        1.0000000000000000        1.0000000000000000        1.0000000000000000        1.0000000000000000     
   1.0000000000000000        1.0000000000000000        1.0000000000000000        1.0000000000000000        1.0000000000000000        1.0000000000000000        1.0000000000000000        1.0000000000000000        1.0000000000000000        1.0000000000000000        1.0000000000000000        1.0000000000000000        1.0000000000000000        1.0000000000000000        1.0000000000000000     
   1.0000000000000000        1.0000000000000000        1.0000000000000000        1.0000000000000000        1.0000000000000000        1.0000000000000000        1.0000000000000000        1.0000000000000000        1.0000000000000000        1.0000000000000000        1.0000000000000000        1.0000000000000000        1.0000000000000000        1.0000000000000000        1.0000000000000000     
   1.0000000000000000        1.0000000000000000        1.0000000000000000        1.0000000000000000        1.0000000000000000        1.0000000000000000        1.0000000000000000        1.0000000000000000        1.0000000000000000        1.0000000000000000        1.0000000000000000        1.0000000000000000        1.0000000000000000        1.0000000000000000        1.0000000000000000     
   1.0000000000000000        1.0000000000000000        1.0000000000000000        1.0000000000000000        1.0000000000000000        1.0000000000000000        1.0000000000000000        1.0000000000000000        1.0000000000000000        1.0000000000000000        1.0000000000000000        1.0000000000000000        1.0000000000000000        1.0000000000000000        1.0000000000000000     
   1.0000000000000000        1.0000000000000000        1.0000000000000000        1.0000000000000000        1.0000000000000000        1.0000000000000000        1.0000000000000000        1.0000000000000000        1.0000000000000000        1.0000000000000000        1.0000000000000000        1.0000000000000000        1.0000000000000000        1.0000000000000000        1.0000000000000000     
   1.0000000000000000        1.0000000000000000        1.0000000000000000        1.0000000000000000        1.0000000000000000        1.0000000000000000        1.0000000000000000        1.0000000000000000        1.0000000000000000        1.0000000000000000        1.0000000000000000        1.0000000000000000        1.0000000000000000        1.0000000000000000        1.0000000000000000     
   1.0000000000000000        1.0000000000000000        1.0000000000000000        1.0000000000000000        1.0000000000000000        1.0000000000000000        1.0000000000000000        1.0000000000000000        1.0000000000000000        1.0000000000000000        1.0000000000000000        1.0000000000000000        1.0000000000000000        1.0000000000000000        1.0000000000000000     
   1.0000000000000000        1.0000000000000000        1.0000000000000000        1.0000000000000000        1.0000000000000000        1.0000000000000000        1.0000000000000000        1.0000000000000000        1.0000000000000000        1.0000000000000000        1.0000000000000000        1.0000000000000000        1.0000000000000000        1.0000000000000000        1.0000000000000000     
   1.0000000000000000        1.0000000000000000        1.0000000000000000        1.0000000000000000        1.0000000000000000        1.0000000000000000        1.0000000000000000        1.0000000000000000        1.0000000000000000        1.0000000000000000        1.0000000000000000        1.0000000000000000        1.0000000000000000        1.0000000000000000        1.0000000000000000     
   1.0000000000000000        1.0000000000000000        1.0000000000000000        1.0000000000000000        1.0000000000000000        1.0000000000000000        1.0000000000000000        1.0000000000000000        1.0000000000000000        1.0000000000000000        1.0000000000000000        1.0000000000000000        1.0000000000000000        1.0000000000000000        1.0000000000000000     
   1.0000000000000000        1.0000000000000000        1.0000000000000000        1.0000000000000000        1.0000000000000000        1.0000000000000000        1.0000000000000000        1.0000000000000000        1.0000000000000000        1.0000000000000000        1.0000000000000000        1.0000000000000000        1.0000000000000000        1.0000000000000000        1.0000000000000000     
   1.0000000000000000        1.0000000000000000        1.0000000000000000        1.0000000000000000        1.0000000000000000        1.0000000000000000        1.0000000000000000        1.0000000000000000        1.0000000000000000        1.0000000000000000        1.0000000000000000        1.0000000000000000        1.0000000000000000        1.0000000000000000        1.0000000000000000     
   1.0000000000000000        1.0000000000000000        1.0000000000000000        1.0000000000000000        1.0000000000000000        1.0000000000000000        1.0000000000000000        1.0000000000000000        1.0000000000000000        1.0000000000000000        1.0000000000000000        1.0000000000000000        1.0000000000000000        1.0000000000000000        1.0000000000000000     
   1.0000000000000000        1.0000000000000000        1.0000000000000000        1.0000000000000000        1.0000000000000000        1.0000000000000000        1.0000000000000000        1.0000000000000000        1.0000000000000000        1.0000000000000000        1.0000000000000000        1.0000000000000000        1.0000000000000000        1.0000000000000000        1.0000000000000000     
   1.0000000000000000        1.0000000000000000        1.0000000000000000        1.0000000000000000        1.0000000000000000        1.0000000000000000        1.0000000000000000        1.0000000000000000        1.0000000000000000        1.0000000000000000        1.0000000000000000        1.0000000000000000        1.0000000000000000        1.0000000000000000        1.0000000000000000     
   1.0000000000000000        1.0000000000000000        1.0000000000000000        1.0000000000000000        1.0000000000000000        1.0000000000000000        1.0000000000000000        1.0000000000000000        1.0000000000000000        1.0000000000000000        1.0000000000000000        1.0000000000000000        1.0000000000000000        1.0000000000000000        1.0000000000000000     
   1.0000000000000000        1.0000000000000000        1.0000000000000000        1.0000000000000000        1.0000000000000000        1.0000000000000000        1.0000000000000000        1.0000000000000000        1.0000000000000000        1.0000000000000000        1.0000000000000000        1.0000000000000000        1.0000000000000000        1.0000000000000000        1.0000000000000000     
   1.0000000000000000        1.0000000000000000        1.0000000000000000        1.0000000000000000        1.0000000000000000        1.0000000000000000        1.0000000000000000        1.0000000000000000        1.0000000000000000        1.0000000000000000        1.0000000000000000        1.0000000000000000        1.0000000000000000        1.0000000000000000        1.0000000000000000     
   1.0000000000000000        1.0000000000000000        1.0000000000000000        1.0000000000000000        1.0000000000000000        1.0000000000000000        1.0000000000000000        1.0000000000000000        1.0000000000000000        1.0000000000000000        1.0000000000000000        1.0000000000000000        1.0000000000000000        1.0000000000000000        1.0000000000000000     
   1.0000000000000000        1.0000000000000000        1.0000000000000000        1.0000000000000000        1.0000000000000000        1.0000000000000000        1.0000000000000000        1.0000000000000000        1.0000000000000000        1.0000000000000000        1.0000000000000000        1.0000000000000000        1.0000000000000000        1.0000000000000000        1.0000000000000000     
   1.0000000000000000        1.0000000000000000        1.0000000000000000        1.0000000000000000        1.0000000000000000        1.0000000000000000        1.0000000000000000        1.0000000000000000        1.0000000000000000        1.0000000000000000        1.0000000000000000        1.0000000000000000        1.0000000000000000        1.0000000000000000        1.0000000000000000     
   1.0000000000000000        1.0000000000000000        1.0000000000000000        1.0000000000000000        1.0000000000000000        1.0000000000000000        1.0000000000000000        1.0000000000000000        1.0000000000000000        1.0000000000000000        1.0000000000000000        1.0000000000000000        1.0000000000000000        1.0000000000000000        1.0000000000000000     
   1.0000000000000000        1.0000000000000000        1.0000000000000000        1.0000000000000000        1.0000000000000000        1.0000000000000000        1.0000000000000000        1.0000000000000000        1.0000000000000000        1.0000000000000000        1.0000000000000000        1.0000000000000000        1.0000000000000000        1.0000000000000000        1.0000000000000000     
   1.0000000000000000        1.0000000000000000        1.0000000000000000        1.0000000000000000        1.0000000000000000        1.0000000000000000        1.0000000000000000        1.0000000000000000        1.0000000000000000        1.0000000000000000        1.0000000000000000        1.0000000000000000        1.0000000000000000        1.0000000000000000        1.0000000000000000     
   1.0000000000000000        1.0000000000000000        1.0000000000000000        1.0000000000000000        1.0000000000000000        1.0000000000000000        1.0000000000000000        1.0000000000000000        1.0000000000000000        1.0000000000000000        1.0000000000000000        1.0000000000000000        1.0000000000000000        1.0000000000000000        1.0000000000000000     
   1.0000000000000000        1.0000000000000000        1.0000000000000000        1.0000000000000000        1.0000000000000000        1.0000000000000000        1.0000000000000000        1.0000000000000000        1.0000000000000000        1.0000000000000000        1.0000000000000000        1.0000000000000000        1.0000000000000000        1.0000000000000000        1.0000000000000000     
   1.0000000000000000        1.0000000000000000        1.0000000000000000        1.0000000000000000        1.0000000000000000        1.0000000000000000        1.0000000000000000        1.0000000000000000        1.0000000000000000        1.0000000000000000        1.0000000000000000        1.0000000000000000        1.0000000000000000        1.0000000000000000        1.0000000000000000     
   1.0000000000000000        1.0000000000000000        1.0000000000000000        1.0000000000000000        1.0000000000000000        1.0000000000000000        1.0000000000000000        1.0000000000000000        1.0000000000000000        1.0000000000000000        1.0000000000000000        1.0000000000000000        1.0000000000000000        1.0000000000000000        1.0000000000000000     
   1.0000000000000000        1.0000000000000000        1.0000000000000000        1.0000000000000000        1.0000000000000000        1.0000000000000000        1.0000000000000000        1.0000000000000000        1.0000000000000000        1.0000000000000000        1.0000000000000000        1.0000000000000000        1.0000000000000000        1.0000000000000000        1.0000000000000000     
   1.0000000000000000        1.0000000000000000        1.0000000000000000        1.0000000000000000        1.0000000000000000        1.0000000000000000        1.0000000000000000        1.0000000000000000        1.0000000000000000        1.0000000000000000        1.0000000000000000        1.0000000000000000        1.0000000000000000        1.0000000000000000        1.0000000000000000     
   1.0000000000000000        1.0000000000000000        1.0000000000000000        1.0000000000000000        1.0000000000000000        1.0000000000000000        1.0000000000000000        1.0000000000000000        1.0000000000000000        1.0000000000000000        1.0000000000000000        1.0000000000000000        1.0000000000000000        1.0000000000000000        1.0000000000000000     
   1.0000000000000000        1.0000000000000000        1.0000000000000000        1.0000000000000000        1.0000000000000000        1.0000000000000000        1.0000000000000000        1.0000000000000000        1.0000000000000000        1.0000000000000000        1.0000000000000000        1.0000000000000000        1.0000000000000000        1.0000000000000000        1.0000000000000000     
   1.0000000000000000        1.0000000000000000        1.0000000000000000        1.0000000000000000        1.0000000000000000        1.0000000000000000        1.0000000000000000        1.0000000000000000        1.0000000000000000        1.0000000000000000        1.0000000000000000        1.0000000000000000        1.0000000000000000        1.0000000000000000        1.0000000000000000     
   1.0000000000000000        1.0000000000000000        1.0000000000000000        1.0000000000000000        1.0000000000000000        1.0000000000000000        1.0000000000000000        1.0000000000000000        1.0000000000000000        1.0000000000000000        1.0000000000000000        1.0000000000000000        1.0000000000000000        1.0000000000000000        1.0000000000000000     
   1.0000000000000000        1.0000000000000000        1.0000000000000000        1.0000000000000000        1.0000000000000000        1.0000000000000000        1.0000000000000000        1.0000000000000000        1.0000000000000000        1.0000000000000000        1.0000000000000000        1.0000000000000000        1.0000000000000000        1.0000000000000000        1.0000000000000000     
   1.0000000000000000        1.0000000000000000        1.0000000000000000        1.0000000000000000        1.0000000000000000        1.0000000000000000        1.0000000000000000        1.0000000000000000        1.0000000000000000        1.0000000000000000        1.0000000000000000        1.0000000000000000        1.0000000000000000        1.0000000000000000        1.0000000000000000     
   1.0000000000000000        1.0000000000000000        1.0000000000000000        1.0000000000000000        1.0000000000000000        1.0000000000000000        1.0000000000000000        1.0000000000000000        1.0000000000000000        1.0000000000000000        1.0000000000000000        1.0000000000000000        1.0000000000000000        1.0000000000000000        1.0000000000000000     
   1.0000000000000000        1.0000000000000000        1.0000000000000000        1.0000000000000000        1.0000000000000000        1.0000000000000000        1.0000000000000000        1.0000000000000000        1.0000000000000000        1.0000000000000000        1.0000000000000000        1.0000000000000000        1.0000000000000000        1.0000000000000000        1.0000000000000000     
   1.0000000000000000        1.0000000000000000        1.0000000000000000        1.0000000000000000        1.0000000000000000        1.0000000000000000        1.0000000000000000        1.0000000000000000        1.0000000000000000        1.0000000000000000        1.0000000000000000        1.0000000000000000        1.0000000000000000        1.0000000000000000        1.0000000000000000     
   1.0000000000000000        1.0000000000000000        1.0000000000000000        1.0000000000000000        1.0000000000000000        1.0000000000000000        1.0000000000000000        1.0000000000000000        1.0000000000000000        1.0000000000000000        1.0000000000000000        1.0000000000000000        1.0000000000000000        1.0000000000000000        1.0000000000000000     
   1.0000000000000000        1.0000000000000000        1.0000000000000000        1.0000000000000000        1.0000000000000000        1.0000000000000000        1.0000000000000000        1.0000000000000000        1.0000000000000000        1.0000000000000000        1.0000000000000000        1.0000000000000000        1.0000000000000000        1.0000000000000000        1.0000000000000000     
   1.0000000000000000        1.0000000000000000        1.0000000000000000        1.0000000000000000        1.0000000000000000        1.0000000000000000        1.0000000000000000        1.0000000000000000        1.0000000000000000        1.0000000000000000        1.0000000000000000        1.0000000000000000        1.0000000000000000        1.0000000000000000        1.0000000000000000     
   1.0000000000000000        1.0000000000000000        1.0000000000000000        1.0000000000000000        1.0000000000000000        1.0000000000000000        1.0000000000000000        1.0000000000000000        1.0000000000000000        1.0000000000000000        1.0000000000000000        1.0000000000000000        1.0000000000000000        1.0000000000000000        1.0000000000000000     
   1.0000000000000000        1.0000000000000000        1.0000000000000000        1.0000000000000000        1.0000000000000000        1.0000000000000000        1.0000000000000000        1.0000000000000000        1.0000000000000000        1.0000000000000000        1.0000000000000000        1.0000000000000000        1.0000000000000000        1.0000000000000000        1.0000000000000000     
   1.0000000000000000        1.0000000000000000        1.0000000000000000        1.0000000000000000        1.0000000000000000        1.0000000000000000        1.0000000000000000        1.0000000000000000        1.0000000000000000        1.0000000000000000        1.0000000000000000        1.0000000000000000        1.0000000000000000        1.0000000000000000        1.0000000000000000     
   1.0000000000000000        1.0000000000000000        1.0000000000000000        1.0000000000000000        1.0000000000000000        1.0000000000000000        1.0000000000000000        1.0000000000000000        1.0000000000000000        1.0000000000000000        1.0000000000000000        1.0000000000000000        1.0000000000000000        1.0000000000000000        1.0000000000000000     
   1.0000000000000000        1.0000000000000000        1.0000000000000000        1.0000000000000000        1.0000000000000000        1.0000000000000000        1.0000000000000000        1.0000000000000000        1.0000000000000000        1.0000000000000000        1.0000000000000000        1.0000000000000000        1.0000000000000000        1.0000000000000000        1.0000000000000000     
   1.0000000000000000        1.0000000000000000        1.0000000000000000        1.0000000000000000        1.0000000000000000        1.0000000000000000        1.0000000000000000        1.0000000000000000        1.0000000000000000        1.0000000000000000        1.0000000000000000        1.0000000000000000        1.0000000000000000        1.0000000000000000        1.0000000000000000     
   1.0000000000000000        1.0000000000000000        1.0000000000000000        1.0000000000000000        1.0000000000000000        1.0000000000000000        1.0000000000000000        1.0000000000000000        1.0000000000000000        1.0000000000000000        1.0000000000000000        1.0000000000000000        1.0000000000000000        1.0000000000000000        1.0000000000000000     
   1.0000000000000000        1.0000000000000000        1.0000000000000000        1.0000000000000000        1.0000000000000000        1.0000000000000000        1.0000000000000000        1.0000000000000000        1.0000000000000000        1.0000000000000000        1.0000000000000000        1.0000000000000000        1.0000000000000000        1.0000000000000000        1.0000000000000000     
   1.0000000000000000        1.0000000000000000        1.0000000000000000        1.0000000000000000        1.0000000000000000        1.0000000000000000        1.0000000000000000        1.0000000000000000        1.0000000000000000        1.0000000000000000        1.0000000000000000        1.0000000000000000        1.0000000000000000        1.0000000000000000        1.0000000000000000     
   1.0000000000000000        1.0000000000000000        1.0000000000000000        1.0000000000000000        1.0000000000000000        1.0000000000000000        1.0000000000000000        1.0000000000000000        1.0000000000000000        1.0000000000000000        1.0000000000000000        1.0000000000000000        1.0000000000000000        1.0000000000000000        1.0000000000000000     
   1.0000000000000000        1.0000000000000000        1.0000000000000000        1.0000000000000000        1.0000000000000000        1.0000000000000000        1.0000000000000000        1.0000000000000000        1.0000000000000000        1.0000000000000000        1.0000000000000000        1.0000000000000000        1.0000000000000000        1.0000000000000000        1.0000000000000000     
   1.0000000000000000        1.0000000000000000        1.0000000000000000        1.0000000000000000        1.0000000000000000        1.0000000000000000        1.0000000000000000        1.0000000000000000        1.0000000000000000        1.0000000000000000        1.0000000000000000        1.0000000000000000        1.0000000000000000        1.0000000000000000        1.0000000000000000     
   1.0000000000000000        1.0000000000000000        1.0000000000000000        1.0000000000000000        1.0000000000000000        1.0000000000000000        1.0000000000000000        1.0000000000000000        1.0000000000000000        1.0000000000000000        1.0000000000000000        1.0000000000000000        1.0000000000000000        1.0000000000000000        1.0000000000000000     
   1.0000000000000000        1.0000000000000000        1.0000000000000000        1.0000000000000000        1.0000000000000000        1.0000000000000000        1.0000000000000000        1.0000000000000000        1.0000000000000000        1.0000000000000000        1.0000000000000000        1.0000000000000000        1.0000000000000000        1.0000000000000000        1.0000000000000000     
   1.0000000000000000        1.0000000000000000        1.0000000000000000        1.0000000000000000        1.0000000000000000        1.0000000000000000        1.0000000000000000        1.0000000000000000        1.0000000000000000        1.0000000000000000        1.0000000000000000        1.0000000000000000        1.0000000000000000        1.0000000000000000        1.0000000000000000     
   1.0000000000000000        1.0000000000000000        1.0000000000000000        1.0000000000000000        1.0000000000000000        1.0000000000000000        1.0000000000000000        1.0000000000000000        1.0000000000000000        1.0000000000000000        1.0000000000000000        1.0000000000000000        1.0000000000000000        1.0000000000000000        1.0000000000000000     
   1.0000000000000000        1.0000000000000000        1.0000000000000000        1.0000000000000000        1.0000000000000000        1.0000000000000000        1.0000000000000000        1.0000000000000000        1.0000000000000000        1.0000000000000000        1.0000000000000000        1.0000000000000000        1.0000000000000000        1.0000000000000000        1.0000000000000000     
   1.0000000000000000        1.0000000000000000        1.0000000000000000        1.0000000000000000        1.0000000000000000        1.0000000000000000        1.0000000000000000        1.0000000000000000        1.0000000000000000        1.0000000000000000        1.0000000000000000        1.0000000000000000        1.0000000000000000        1.0000000000000000        1.0000000000000000     
   1.0000000000000000        1.0000000000000000        1.0000000000000000        1.0000000000000000        1.0000000000000000        1.0000000000000000        1.0000000000000000        1.0000000000000000        1.0000000000000000        1.0000000000000000        1.0000000000000000        1.0000000000000000        1.0000000000000000        1.0000000000000000        1.0000000000000000     
   1.0000000000000000        1.0000000000000000        1.0000000000000000        1.0000000000000000        1.0000000000000000        1.0000000000000000        1.0000000000000000        1.0000000000000000        1.0000000000000000        1.0000000000000000        1.0000000000000000        1.0000000000000000        1.0000000000000000        1.0000000000000000        1.0000000000000000     
   1.0000000000000000        1.0000000000000000        1.0000000000000000        1.0000000000000000        1.0000000000000000        1.0000000000000000        1.0000000000000000        1.0000000000000000        1.0000000000000000        1.0000000000000000        1.0000000000000000        1.0000000000000000        1.0000000000000000        1.0000000000000000        1.0000000000000000     
   1.0000000000000000        1.0000000000000000        1.0000000000000000        1.0000000000000000        1.0000000000000000        1.0000000000000000        1.0000000000000000        1.0000000000000000        1.0000000000000000        1.0000000000000000        1.0000000000000000        1.0000000000000000        1.0000000000000000        1.0000000000000000        1.0000000000000000     
   1.0000000000000000        1.0000000000000000        1.0000000000000000        1.0000000000000000        1.0000000000000000        1.0000000000000000        1.0000000000000000        1.0000000000000000        1.0000000000000000        1.0000000000000000        1.0000000000000000        1.0000000000000000        1.0000000000000000        1.0000000000000000        1.0000000000000000     
   1.0000000000000000        1.0000000000000000        1.0000000000000000        1.0000000000000000        1.0000000000000000        1.0000000000000000        1.0000000000000000        1.0000000000000000        1.0000000000000000        1.0000000000000000        1.0000000000000000        1.0000000000000000        1.0000000000000000        1.0000000000000000        1.0000000000000000     
   1.0000000000000000        1.0000000000000000        1.0000000000000000        1.0000000000000000        1.0000000000000000        1.0000000000000000        1.0000000000000000        1.0000000000000000        1.0000000000000000        1.0000000000000000        1.0000000000000000        1.0000000000000000        1.0000000000000000        1.0000000000000000        1.0000000000000000     
   1.0000000000000000        1.0000000000000000        1.0000000000000000        1.0000000000000000        1.0000000000000000        1.0000000000000000        1.0000000000000000        1.0000000000000000        1.0000000000000000        1.0000000000000000        1.0000000000000000        1.0000000000000000        1.0000000000000000        1.0000000000000000        1.0000000000000000     
   1.0000000000000000        1.0000000000000000        1.0000000000000000        1.0000000000000000        1.0000000000000000        1.0000000000000000        1.0000000000000000        1.0000000000000000        1.0000000000000000        1.0000000000000000        1.0000000000000000        1.0000000000000000        1.0000000000000000        1.0000000000000000        1.0000000000000000     
   1.0000000000000000        1.0000000000000000        1.0000000000000000        1.0000000000000000        1.0000000000000000        1.0000000000000000        1.0000000000000000        1.0000000000000000        1.0000000000000000        1.0000000000000000        1.0000000000000000        1.0000000000000000        1.0000000000000000        1.0000000000000000        1.0000000000000000     
   1.0000000000000000        1.0000000000000000        1.0000000000000000        1.0000000000000000        1.0000000000000000        1.0000000000000000        1.0000000000000000        1.0000000000000000        1.0000000000000000        1.0000000000000000        1.0000000000000000        1.0000000000000000        1.0000000000000000        1.0000000000000000        1.0000000000000000     
   1.0000000000000000        1.0000000000000000        1.0000000000000000        1.0000000000000000        1.0000000000000000        1.0000000000000000        1.0000000000000000        1.0000000000000000        1.0000000000000000        1.0000000000000000        1.0000000000000000        1.0000000000000000        1.0000000000000000        1.0000000000000000        1.0000000000000000     
   1.0000000000000000        1.0000000000000000        1.0000000000000000        1.0000000000000000        1.0000000000000000        1.0000000000000000        1.0000000000000000        1.0000000000000000        1.0000000000000000        1.0000000000000000        1.0000000000000000        1.0000000000000000        1.0000000000000000        1.0000000000000000        1.0000000000000000     
   1.0000000000000000        1.0000000000000000        1.0000000000000000        1.0000000000000000        1.0000000000000000        1.0000000000000000        1.0000000000000000        1.0000000000000000        1.0000000000000000        1.0000000000000000        1.0000000000000000        1.0000000000000000        1.0000000000000000        1.0000000000000000        1.0000000000000000     
   1.0000000000000000        1.0000000000000000        1.0000000000000000        1.0000000000000000        1.0000000000000000        1.0000000000000000        1.0000000000000000        1.0000000000000000        1.0000000000000000        1.0000000000000000        1.0000000000000000        1.0000000000000000        1.0000000000000000        1.0000000000000000        1.0000000000000000     
   1.0000000000000000        1.0000000000000000        1.0000000000000000        1.0000000000000000        1.0000000000000000        1.0000000000000000        1.0000000000000000        1.0000000000000000        1.0000000000000000        1.0000000000000000        1.0000000000000000        1.0000000000000000        1.0000000000000000        1.0000000000000000        1.0000000000000000     
   1.0000000000000000        1.0000000000000000        1.0000000000000000        1.0000000000000000        1.0000000000000000        1.0000000000000000        1.0000000000000000        1.0000000000000000        1.0000000000000000        1.0000000000000000        1.0000000000000000        1.0000000000000000        1.0000000000000000        1.0000000000000000        1.0000000000000000     
   1.0000000000000000        1.0000000000000000        1.0000000000000000        1.0000000000000000        1.0000000000000000        1.0000000000000000        1.0000000000000000        1.0000000000000000        1.0000000000000000        1.0000000000000000        1.0000000000000000        1.0000000000000000        1.0000000000000000        1.0000000000000000        1.0000000000000000     
   1.0000000000000000        1.0000000000000000        1.0000000000000000        1.0000000000000000        1.0000000000000000        1.0000000000000000        1.0000000000000000        1.0000000000000000        1.0000000000000000        1.0000000000000000        1.0000000000000000        1.0000000000000000        1.0000000000000000        1.0000000000000000        1.0000000000000000     
   1.0000000000000000        1.0000000000000000        1.0000000000000000        1.0000000000000000        1.0000000000000000        1.0000000000000000        1.0000000000000000        1.0000000000000000        1.0000000000000000        1.0000000000000000        1.0000000000000000        1.0000000000000000        1.0000000000000000        1.0000000000000000        1.0000000000000000     
   1.0000000000000000        1.0000000000000000        1.0000000000000000        1.0000000000000000        1.0000000000000000        1.0000000000000000        1.0000000000000000        1.0000000000000000        1.0000000000000000        1.0000000000000000        1.0000000000000000        1.0000000000000000        1.0000000000000000        1.0000000000000000        1.0000000000000000     
   1.0000000000000000        1.0000000000000000        1.0000000000000000        1.0000000000000000        1.0000000000000000        1.0000000000000000        1.0000000000000000        1.0000000000000000        1.0000000000000000        1.0000000000000000        1.0000000000000000        1.0000000000000000        1.0000000000000000        1.0000000000000000        1.0000000000000000     
   1.0000000000000000        1.0000000000000000        1.0000000000000000        1.0000000000000000        1.0000000000000000        1.0000000000000000        1.0000000000000000        1.0000000000000000        1.0000000000000000        1.0000000000000000        1.0000000000000000        1.0000000000000000        1.0000000000000000        1.0000000000000000        1.0000000000000000     
   1.0000000000000000        1.0000000000000000        1.0000000000000000        1.0000000000000000        1.0000000000000000        1.0000000000000000        1.0000000000000000        1.0000000000000000        1.0000000000000000        1.0000000000000000        1.0000000000000000        1.0000000000000000        1.0000000000000000        1.0000000000000000        1.0000000000000000     
   1.0000000000000000        1.0000000000000000        1.0000000000000000        1.0000000000000000        1.0000000000000000        1.0000000000000000        1.0000000000000000        1.0000000000000000        1.0000000000000000        1.0000000000000000        1.0000000000000000        1.0000000000000000        1.0000000000000000        1.0000000000000000        1.0000000000000000     
   1.0000000000000000        1.0000000000000000        1.0000000000000000        1.0000000000000000        1.0000000000000000        1.0000000000000000        1.0000000000000000        1.0000000000000000        1.0000000000000000        1.0000000000000000        1.0000000000000000        1.0000000000000000        1.0000000000000000        1.0000000000000000        1.0000000000000000     
   1.0000000000000000        1.0000000000000000        1.0000000000000000        1.0000000000000000        1.0000000000000000        1.0000000000000000        1.0000000000000000        1.0000000000000000        1.0000000000000000        1.0000000000000000        1.0000000000000000        1.0000000000000000        1.0000000000000000        1.0000000000000000        1.0000000000000000     
   1.0000000000000000        1.0000000000000000        1.0000000000000000        1.0000000000000000        1.0000000000000000        1.0000000000000000        1.0000000000000000        1.0000000000000000        1.0000000000000000        1.0000000000000000        1.0000000000000000        1.0000000000000000        1.0000000000000000        1.0000000000000000        1.0000000000000000     
   1.0000000000000000        1.0000000000000000        1.0000000000000000        1.0000000000000000        1.0000000000000000        1.0000000000000000        1.0000000000000000        1.0000000000000000        1.0000000000000000        1.0000000000000000        1.0000000000000000        1.0000000000000000        1.0000000000000000        1.0000000000000000        1.0000000000000000     
   1.0000000000000000        1.0000000000000000        1.0000000000000000        1.0000000000000000        1.0000000000000000        1.0000000000000000        1.0000000000000000        1.0000000000000000        1.0000000000000000        1.0000000000000000        1.0000000000000000        1.0000000000000000        1.0000000000000000        1.0000000000000000        1.0000000000000000     
   1.0000000000000000        1.0000000000000000        1.0000000000000000        1.0000000000000000        1.0000000000000000        1.0000000000000000        1.0000000000000000        1.0000000000000000        1.0000000000000000        1.0000000000000000        1.0000000000000000        1.0000000000000000        1.0000000000000000        1.0000000000000000        1.0000000000000000     
   1.0000000000000000        1.0000000000000000        1.0000000000000000        1.0000000000000000        1.0000000000000000        1.0000000000000000        1.0000000000000000        1.0000000000000000        1.0000000000000000        1.0000000000000000        1.0000000000000000        1.0000000000000000        1.0000000000000000        1.0000000000000000        1.0000000000000000     
   1.0000000000000000        1.0000000000000000        1.0000000000000000        1.0000000000000000        1.0000000000000000        1.0000000000000000        1.0000000000000000        1.0000000000000000        1.0000000000000000        1.0000000000000000        1.0000000000000000        1.0000000000000000        1.0000000000000000        1.0000000000000000        1.0000000000000000     
   1.0000000000000000        1.0000000000000000        1.0000000000000000        1.0000000000000000        1.0000000000000000        1.0000000000000000        1.0000000000000000        1.0000000000000000        1.0000000000000000        1.0000000000000000        1.0000000000000000        1.0000000000000000        1.0000000000000000        1.0000000000000000        1.0000000000000000     
   1.0000000000000000        1.0000000000000000        1.0000000000000000        1.0000000000000000        1.0000000000000000        1.0000000000000000        1.0000000000000000        1.0000000000000000        1.0000000000000000        1.0000000000000000        1.0000000000000000        1.0000000000000000        1.0000000000000000        1.0000000000000000        1.0000000000000000     
   1.0000000000000000        1.0000000000000000        1.0000000000000000        1.0000000000000000        1.0000000000000000        1.0000000000000000        1.0000000000000000        1.0000000000000000        1.0000000000000000        1.0000000000000000        1.0000000000000000        1.0000000000000000        1.0000000000000000        1.0000000000000000        1.0000000000000000     
   1.0000000000000000        1.0000000000000000        1.0000000000000000        1.0000000000000000        1.0000000000000000        1.0000000000000000        1.0000000000000000        1.0000000000000000        1.0000000000000000        1.0000000000000000        1.0000000000000000        1.0000000000000000        1.0000000000000000        1.0000000000000000        1.0000000000000000     
   1.0000000000000000        1.0000000000000000        1.0000000000000000        1.0000000000000000        1.0000000000000000        1.0000000000000000        1.0000000000000000        1.0000000000000000        1.0000000000000000        1.0000000000000000        1.0000000000000000        1.0000000000000000        1.0000000000000000        1.0000000000000000        1.0000000000000000     
   1.0000000000000000        1.0000000000000000        1.0000000000000000        1.0000000000000000        1.0000000000000000        1.0000000000000000        1.0000000000000000        1.0000000000000000        1.0000000000000000        1.0000000000000000        1.0000000000000000        1.0000000000000000        1.0000000000000000        1.0000000000000000        1.0000000000000000     
   1.0000000000000000        1.0000000000000000        1.0000000000000000        1.0000000000000000        1.0000000000000000        1.0000000000000000        1.0000000000000000        1.0000000000000000        1.0000000000000000        1.0000000000000000        1.0000000000000000        1.0000000000000000        1.0000000000000000        1.0000000000000000        1.0000000000000000     
   1.0000000000000000        1.0000000000000000        1.0000000000000000        1.0000000000000000        1.0000000000000000        1.0000000000000000        1.0000000000000000        1.0000000000000000        1.0000000000000000        1.0000000000000000        1.0000000000000000        1.0000000000000000        1.0000000000000000        1.0000000000000000        1.0000000000000000     
   1.0000000000000000        1.0000000000000000        1.0000000000000000        1.0000000000000000        1.0000000000000000        1.0000000000000000        1.0000000000000000        1.0000000000000000        1.0000000000000000        1.0000000000000000        1.0000000000000000        1.0000000000000000        1.0000000000000000        1.0000000000000000        1.0000000000000000     
   1.0000000000000000        1.0000000000000000        1.0000000000000000        1.0000000000000000        1.0000000000000000        1.0000000000000000        1.0000000000000000        1.0000000000000000        1.0000000000000000        1.0000000000000000        1.0000000000000000        1.0000000000000000        1.0000000000000000        1.0000000000000000        1.0000000000000000     
   1.0000000000000000        1.0000000000000000        1.0000000000000000        1.0000000000000000        1.0000000000000000        1.0000000000000000        1.0000000000000000        1.0000000000000000        1.0000000000000000        1.0000000000000000        1.0000000000000000        1.0000000000000000        1.0000000000000000        1.0000000000000000        1.0000000000000000     
   1.0000000000000000        1.0000000000000000        1.0000000000000000        1.0000000000000000        1.0000000000000000        1.0000000000000000        1.0000000000000000        1.0000000000000000        1.0000000000000000        1.0000000000000000        1.0000000000000000        1.0000000000000000        1.0000000000000000        1.0000000000000000        1.0000000000000000     
   1.0000000000000000        1.0000000000000000        1.0000000000000000        1.0000000000000000        1.0000000000000000        1.0000000000000000        1.0000000000000000        1.0000000000000000        1.0000000000000000        1.0000000000000000        1.0000000000000000        1.0000000000000000        1.0000000000000000        1.0000000000000000        1.0000000000000000     
   1.0000000000000000        1.0000000000000000        1.0000000000000000        1.0000000000000000        1.0000000000000000        1.0000000000000000        1.0000000000000000        1.0000000000000000        1.0000000000000000        1.0000000000000000        1.0000000000000000        1.0000000000000000        1.0000000000000000        1.0000000000000000        1.0000000000000000     
   1.0000000000000000        1.0000000000000000        1.0000000000000000        1.0000000000000000        1.0000000000000000        1.0000000000000000        1.0000000000000000        1.0000000000000000        1.0000000000000000        1.0000000000000000        1.0000000000000000        1.0000000000000000        1.0000000000000000        1.0000000000000000        1.0000000000000000     
   1.0000000000000000        1.0000000000000000        1.0000000000000000        1.0000000000000000        1.0000000000000000        1.0000000000000000        1.0000000000000000        1.0000000000000000        1.0000000000000000        1.0000000000000000        1.0000000000000000        1.0000000000000000        1.0000000000000000        1.0000000000000000        1.0000000000000000     
   1.0000000000000000        1.0000000000000000        1.0000000000000000        1.0000000000000000        1.0000000000000000        1.0000000000000000        1.0000000000000000        1.0000000000000000        1.0000000000000000        1.0000000000000000        1.0000000000000000        1.0000000000000000        1.0000000000000000        1.0000000000000000        1.0000000000000000     
   1.0000000000000000        1.0000000000000000        1.0000000000000000        1.0000000000000000        1.0000000000000000        1.0000000000000000        1.0000000000000000        1.0000000000000000        1.0000000000000000        1.0000000000000000        1.0000000000000000        1.0000000000000000        1.0000000000000000        1.0000000000000000        1.0000000000000000     
   1.0000000000000000        1.0000000000000000        1.0000000000000000        1.0000000000000000        1.0000000000000000        1.0000000000000000        1.0000000000000000        1.0000000000000000        1.0000000000000000        1.0000000000000000        1.0000000000000000        1.0000000000000000        1.0000000000000000        1.0000000000000000        1.0000000000000000     
   1.0000000000000000        1.0000000000000000        1.0000000000000000        1.0000000000000000        1.0000000000000000        1.0000000000000000        1.0000000000000000        1.0000000000000000        1.0000000000000000        1.0000000000000000        1.0000000000000000        1.0000000000000000        1.0000000000000000        1.0000000000000000        1.0000000000000000     
   1.0000000000000000        1.0000000000000000        1.0000000000000000        1.0000000000000000        1.0000000000000000        1.0000000000000000        1.0000000000000000        1.0000000000000000        1.0000000000000000        1.0000000000000000        1.0000000000000000        1.0000000000000000        1.0000000000000000        1.0000000000000000        1.0000000000000000     
   1.0000000000000000        1.0000000000000000        1.0000000000000000        1.0000000000000000        1.0000000000000000        1.0000000000000000        1.0000000000000000        1.0000000000000000        1.0000000000000000        1.0000000000000000        1.0000000000000000        1.0000000000000000        1.0000000000000000        1.0000000000000000        1.0000000000000000     
   1.0000000000000000        1.0000000000000000        1.0000000000000000        1.0000000000000000        1.0000000000000000        1.0000000000000000        1.0000000000000000        1.0000000000000000        1.0000000000000000        1.0000000000000000        1.0000000000000000        1.0000000000000000        1.0000000000000000        1.0000000000000000        1.0000000000000000     
   1.0000000000000000        1.0000000000000000        1.0000000000000000        1.0000000000000000        1.0000000000000000        1.0000000000000000        1.0000000000000000        1.0000000000000000        1.0000000000000000        1.0000000000000000        1.0000000000000000        1.0000000000000000        1.0000000000000000        1.0000000000000000        1.0000000000000000     
   1.0000000000000000        1.0000000000000000        1.0000000000000000        1.0000000000000000        1.0000000000000000        1.0000000000000000        1.0000000000000000        1.0000000000000000        1.0000000000000000        1.0000000000000000        1.0000000000000000        1.0000000000000000        1.0000000000000000        1.0000000000000000        1.0000000000000000     
   1.0000000000000000        1.0000000000000000        1.0000000000000000        1.0000000000000000        1.0000000000000000        1.0000000000000000        1.0000000000000000        1.0000000000000000        1.0000000000000000        1.0000000000000000        1.0000000000000000        1.0000000000000000        1.0000000000000000        1.0000000000000000        1.0000000000000000     
   1.0000000000000000        1.0000000000000000        1.0000000000000000        1.0000000000000000        1.0000000000000000        1.0000000000000000        1.0000000000000000        1.0000000000000000        1.0000000000000000        1.0000000000000000        1.0000000000000000        1.0000000000000000        1.0000000000000000        1.0000000000000000        1.0000000000000000     
   1.0000000000000000        1.0000000000000000        1.0000000000000000        1.0000000000000000        1.0000000000000000        1.0000000000000000        1.0000000000000000        1.0000000000000000        1.0000000000000000        1.0000000000000000        1.0000000000000000        1.0000000000000000        1.0000000000000000        1.0000000000000000        1.0000000000000000     
   1.0000000000000000        1.0000000000000000        1.0000000000000000        1.0000000000000000        1.0000000000000000        1.0000000000000000        1.0000000000000000        1.0000000000000000        1.0000000000000000        1.0000000000000000        1.0000000000000000        1.0000000000000000        1.0000000000000000        1.0000000000000000        1.0000000000000000     
   1.0000000000000000        1.0000000000000000        1.0000000000000000        1.0000000000000000        1.0000000000000000        1.0000000000000000        1.0000000000000000        1.0000000000000000        1.0000000000000000        1.0000000000000000        1.0000000000000000        1.0000000000000000        1.0000000000000000        1.0000000000000000        1.0000000000000000     
   1.0000000000000000        1.0000000000000000        1.0000000000000000        1.0000000000000000        1.0000000000000000        1.0000000000000000        1.0000000000000000        1.0000000000000000        1.0000000000000000        1.0000000000000000        1.0000000000000000        1.0000000000000000        1.0000000000000000        1.0000000000000000        1.0000000000000000     
   1.0000000000000000        1.0000000000000000        1.0000000000000000        1.0000000000000000        1.0000000000000000        1.0000000000000000        1.0000000000000000        1.0000000000000000        1.0000000000000000        1.0000000000000000        1.0000000000000000        1.0000000000000000        1.0000000000000000        1.0000000000000000        1.0000000000000000     
   1.0000000000000000        1.0000000000000000        1.0000000000000000        1.0000000000000000        1.0000000000000000        1.0000000000000000        1.0000000000000000        1.0000000000000000        1.0000000000000000        1.0000000000000000        1.0000000000000000        1.0000000000000000        1.0000000000000000        1.0000000000000000        1.0000000000000000     
   1.0000000000000000        1.0000000000000000        1.0000000000000000        1.0000000000000000        1.0000000000000000        1.0000000000000000        1.0000000000000000        1.0000000000000000        1.0000000000000000        1.0000000000000000        1.0000000000000000        1.0000000000000000        1.0000000000000000        1.0000000000000000        1.0000000000000000     
   1.0000000000000000        1.0000000000000000        1.0000000000000000        1.0000000000000000        1.0000000000000000        1.0000000000000000        1.0000000000000000        1.0000000000000000        1.0000000000000000        1.0000000000000000        1.0000000000000000        1.0000000000000000        1.0000000000000000        1.0000000000000000        1.0000000000000000     
   1.0000000000000000        1.0000000000000000        1.0000000000000000        1.0000000000000000        1.0000000000000000        1.0000000000000000        1.0000000000000000        1.0000000000000000        1.0000000000000000        1.0000000000000000        1.0000000000000000        1.0000000000000000        1.0000000000000000        1.0000000000000000        1.0000000000000000     
   1.0000000000000000        1.0000000000000000        1.0000000000000000        1.0000000000000000        1.0000000000000000        1.0000000000000000        1.0000000000000000        1.0000000000000000        1.0000000000000000        1.0000000000000000        1.0000000000000000        1.0000000000000000        1.0000000000000000        1.0000000000000000        1.0000000000000000     
   1.0000000000000000        1.0000000000000000        1.0000000000000000        1.0000000000000000        1.0000000000000000        1.0000000000000000        1.0000000000000000        1.0000000000000000        1.0000000000000000        1.0000000000000000        1.0000000000000000        1.0000000000000000        1.0000000000000000        1.0000000000000000        1.0000000000000000     
   1.0000000000000000        1.0000000000000000        1.0000000000000000        1.0000000000000000        1.0000000000000000        1.0000000000000000        1.0000000000000000        1.0000000000000000        1.0000000000000000        1.0000000000000000        1.0000000000000000        1.0000000000000000        1.0000000000000000        1.0000000000000000        1.0000000000000000     
   1.0000000000000000        1.0000000000000000        1.0000000000000000        1.0000000000000000        1.0000000000000000        1.0000000000000000        1.0000000000000000        1.0000000000000000        1.0000000000000000        1.0000000000000000        1.0000000000000000        1.0000000000000000        1.0000000000000000        1.0000000000000000        1.0000000000000000     
   1.0000000000000000        1.0000000000000000        1.0000000000000000        1.0000000000000000        1.0000000000000000        1.0000000000000000        1.0000000000000000        1.0000000000000000        1.0000000000000000        1.0000000000000000        1.0000000000000000        1.0000000000000000        1.0000000000000000        1.0000000000000000        1.0000000000000000     
   1.0000000000000000        1.0000000000000000        1.0000000000000000        1.0000000000000000        1.0000000000000000        1.0000000000000000        1.0000000000000000        1.0000000000000000        1.0000000000000000        1.0000000000000000        1.0000000000000000        1.0000000000000000        1.0000000000000000        1.0000000000000000        1.0000000000000000     
   1.0000000000000000        1.0000000000000000        1.0000000000000000        1.0000000000000000        1.0000000000000000        1.0000000000000000        1.0000000000000000        1.0000000000000000        1.0000000000000000        1.0000000000000000        1.0000000000000000        1.0000000000000000        1.0000000000000000        1.0000000000000000        1.0000000000000000     
   1.0000000000000000        1.0000000000000000        1.0000000000000000        1.0000000000000000        1.0000000000000000        1.0000000000000000        1.0000000000000000        1.0000000000000000        1.0000000000000000        1.0000000000000000        1.0000000000000000        1.0000000000000000        1.0000000000000000        1.0000000000000000        1.0000000000000000     
   1.0000000000000000        1.0000000000000000        1.0000000000000000        1.0000000000000000        1.0000000000000000        1.0000000000000000        1.0000000000000000        1.0000000000000000        1.0000000000000000        1.0000000000000000        1.0000000000000000        1.0000000000000000        1.0000000000000000        1.0000000000000000        1.0000000000000000     
   1.0000000000000000        1.0000000000000000        1.0000000000000000        1.0000000000000000        1.0000000000000000        1.0000000000000000        1.0000000000000000        1.0000000000000000        1.0000000000000000        1.0000000000000000        1.0000000000000000        1.0000000000000000        1.0000000000000000        1.0000000000000000        1.0000000000000000     
   1.0000000000000000        1.0000000000000000        1.0000000000000000        1.0000000000000000        1.0000000000000000        1.0000000000000000        1.0000000000000000        1.0000000000000000        1.0000000000000000        1.0000000000000000        1.0000000000000000        1.0000000000000000        1.0000000000000000        1.0000000000000000        1.0000000000000000     
   1.0000000000000000        1.0000000000000000        1.0000000000000000        1.0000000000000000        1.0000000000000000        1.0000000000000000        1.0000000000000000        1.0000000000000000        1.0000000000000000        1.0000000000000000        1.0000000000000000        1.0000000000000000        1.0000000000000000        1.0000000000000000        1.0000000000000000     
   1.0000000000000000        1.0000000000000000        1.0000000000000000        1.0000000000000000        1.0000000000000000        1.0000000000000000        1.0000000000000000        1.0000000000000000        1.0000000000000000        1.0000000000000000        1.0000000000000000        1.0000000000000000        1.0000000000000000        1.0000000000000000        1.0000000000000000     
   1.0000000000000000        1.0000000000000000        1.0000000000000000        1.0000000000000000        1.0000000000000000        1.0000000000000000        1.0000000000000000        1.0000000000000000        1.0000000000000000        1.0000000000000000        1.0000000000000000        1.0000000000000000        1.0000000000000000        1.0000000000000000        1.0000000000000000     
   1.0000000000000000        1.0000000000000000        1.0000000000000000        1.0000000000000000        1.0000000000000000        1.0000000000000000        1.0000000000000000        1.0000000000000000        1.0000000000000000        1.0000000000000000        1.0000000000000000        1.0000000000000000        1.0000000000000000        1.0000000000000000        1.0000000000000000     
   1.0000000000000000        1.0000000000000000        1.0000000000000000        1.0000000000000000        1.0000000000000000        1.0000000000000000        1.0000000000000000        1.0000000000000000        1.0000000000000000        1.0000000000000000        1.0000000000000000        1.0000000000000000        1.0000000000000000        1.0000000000000000        1.0000000000000000     
   1.0000000000000000        1.0000000000000000        1.0000000000000000        1.0000000000000000        1.0000000000000000        1.0000000000000000        1.0000000000000000        1.0000000000000000        1.0000000000000000        1.0000000000000000        1.0000000000000000        1.0000000000000000        1.0000000000000000        1.0000000000000000        1.0000000000000000     
   1.0000000000000000        1.0000000000000000        1.0000000000000000        1.0000000000000000        1.0000000000000000        1.0000000000000000        1.0000000000000000        1.0000000000000000        1.0000000000000000        1.0000000000000000        1.0000000000000000        1.0000000000000000        1.0000000000000000        1.0000000000000000        1.0000000000000000     
   1.0000000000000000        1.0000000000000000        1.0000000000000000        1.0000000000000000        1.0000000000000000        1.0000000000000000        1.0000000000000000        1.0000000000000000        1.0000000000000000        1.0000000000000000        1.0000000000000000        1.0000000000000000        1.0000000000000000        1.0000000000000000        1.0000000000000000     
   1.0000000000000000        1.0000000000000000        1.0000000000000000        1.0000000000000000        1.0000000000000000        1.0000000000000000        1.0000000000000000        1.0000000000000000        1.0000000000000000        1.0000000000000000        1.0000000000000000        1.0000000000000000        1.0000000000000000        1.0000000000000000        1.0000000000000000     
   1.0000000000000000        1.0000000000000000        1.0000000000000000        1.0000000000000000        1.0000000000000000        1.0000000000000000        1.0000000000000000        1.0000000000000000        1.0000000000000000        1.0000000000000000        1.0000000000000000        1.0000000000000000        1.0000000000000000        1.0000000000000000        1.0000000000000000     
   1.0000000000000000        1.0000000000000000        1.0000000000000000        1.0000000000000000        1.0000000000000000        1.0000000000000000        1.0000000000000000        1.0000000000000000        1.0000000000000000        1.0000000000000000        1.0000000000000000        1.0000000000000000        1.0000000000000000        1.0000000000000000        1.0000000000000000     
   1.0000000000000000        1.0000000000000000        1.0000000000000000        1.0000000000000000        1.0000000000000000        1.0000000000000000        1.0000000000000000        1.0000000000000000        1.0000000000000000        1.0000000000000000        1.0000000000000000        1.0000000000000000        1.0000000000000000        1.0000000000000000        1.0000000000000000     
   1.0000000000000000        1.0000000000000000        1.0000000000000000        1.0000000000000000        1.0000000000000000        1.0000000000000000        1.0000000000000000        1.0000000000000000        1.0000000000000000        1.0000000000000000        1.0000000000000000        1.0000000000000000        1.0000000000000000        1.0000000000000000        1.0000000000000000     
   1.0000000000000000        1.0000000000000000        1.0000000000000000        1.0000000000000000        1.0000000000000000        1.0000000000000000        1.0000000000000000        1.0000000000000000        1.0000000000000000        1.0000000000000000        1.0000000000000000        1.0000000000000000        1.0000000000000000        1.0000000000000000        1.0000000000000000     
   1.0000000000000000        1.0000000000000000        1.0000000000000000        1.0000000000000000        1.0000000000000000        1.0000000000000000        1.0000000000000000        1.0000000000000000        1.0000000000000000        1.0000000000000000        1.0000000000000000        1.0000000000000000        1.0000000000000000        1.0000000000000000        1.0000000000000000     
   1.0000000000000000        1.0000000000000000        1.0000000000000000        1.0000000000000000        1.0000000000000000        1.0000000000000000        1.0000000000000000        1.0000000000000000        1.0000000000000000        1.0000000000000000        1.0000000000000000        1.0000000000000000        1.0000000000000000        1.0000000000000000        1.0000000000000000     
   1.0000000000000000        1.0000000000000000        1.0000000000000000        1.0000000000000000        1.0000000000000000        1.0000000000000000        1.0000000000000000        1.0000000000000000        1.0000000000000000        1.0000000000000000        1.0000000000000000        1.0000000000000000        1.0000000000000000        1.0000000000000000        1.0000000000000000     
   1.0000000000000000        1.0000000000000000        1.0000000000000000        1.0000000000000000        1.0000000000000000        1.0000000000000000        1.0000000000000000        1.0000000000000000        1.0000000000000000        1.0000000000000000        1.0000000000000000        1.0000000000000000        1.0000000000000000        1.0000000000000000        1.0000000000000000     
   1.0000000000000000        1.0000000000000000        1.0000000000000000        1.0000000000000000        1.0000000000000000        1.0000000000000000        1.0000000000000000        1.0000000000000000        1.0000000000000000        1.0000000000000000        1.0000000000000000        1.0000000000000000        1.0000000000000000        1.0000000000000000        1.0000000000000000     
   1.0000000000000000        1.0000000000000000        1.0000000000000000        1.0000000000000000        1.0000000000000000        1.0000000000000000        1.0000000000000000        1.0000000000000000        1.0000000000000000        1.0000000000000000        1.0000000000000000        1.0000000000000000        1.0000000000000000        1.0000000000000000        1.0000000000000000     
   1.0000000000000000        1.0000000000000000        1.0000000000000000        1.0000000000000000        1.0000000000000000        1.0000000000000000        1.0000000000000000        1.0000000000000000        1.0000000000000000        1.0000000000000000        1.0000000000000000        1.0000000000000000        1.0000000000000000        1.0000000000000000        1.0000000000000000     
   1.0000000000000000        1.0000000000000000        1.0000000000000000        1.0000000000000000        1.0000000000000000        1.0000000000000000        1.0000000000000000        1.0000000000000000        1.0000000000000000        1.0000000000000000        1.0000000000000000        1.0000000000000000        1.0000000000000000        1.0000000000000000        1.0000000000000000     
   1.0000000000000000        1.0000000000000000        1.0000000000000000        1.0000000000000000        1.0000000000000000        1.0000000000000000        1.0000000000000000        1.0000000000000000        1.0000000000000000        1.0000000000000000        1.0000000000000000        1.0000000000000000        1.0000000000000000        1.0000000000000000        1.0000000000000000     
   1.0000000000000000        1.0000000000000000        1.0000000000000000        1.0000000000000000        1.0000000000000000        1.0000000000000000        1.0000000000000000        1.0000000000000000        1.0000000000000000        1.0000000000000000        1.0000000000000000        1.0000000000000000        1.0000000000000000        1.0000000000000000        1.0000000000000000     
   1.0000000000000000        1.0000000000000000        1.0000000000000000        1.0000000000000000        1.0000000000000000        1.0000000000000000        1.0000000000000000        1.0000000000000000        1.0000000000000000        1.0000000000000000        1.0000000000000000        1.0000000000000000        1.0000000000000000        1.0000000000000000        1.0000000000000000     
   1.0000000000000000        1.0000000000000000        1.0000000000000000        1.0000000000000000        1.0000000000000000        1.0000000000000000        1.0000000000000000        1.0000000000000000        1.0000000000000000        1.0000000000000000        1.0000000000000000        1.0000000000000000        1.0000000000000000        1.0000000000000000        1.0000000000000000     
   1.0000000000000000        1.0000000000000000        1.0000000000000000        1.0000000000000000        1.0000000000000000        1.0000000000000000        1.0000000000000000        1.0000000000000000        1.0000000000000000        1.0000000000000000        1.0000000000000000        1.0000000000000000        1.0000000000000000        1.0000000000000000        1.0000000000000000     
   1.0000000000000000        1.0000000000000000        1.0000000000000000        1.0000000000000000        1.0000000000000000        1.0000000000000000        1.0000000000000000        1.0000000000000000        1.0000000000000000        1.0000000000000000        1.0000000000000000        1.0000000000000000        1.0000000000000000        1.0000000000000000        1.0000000000000000     
   1.0000000000000000        1.0000000000000000        1.0000000000000000        1.0000000000000000        1.0000000000000000        1.0000000000000000        1.0000000000000000        1.0000000000000000        1.0000000000000000        1.0000000000000000        1.0000000000000000        1.0000000000000000        1.0000000000000000        1.0000000000000000        1.0000000000000000     
   1.0000000000000000        1.0000000000000000        1.0000000000000000        1.0000000000000000        1.0000000000000000        1.0000000000000000        1.0000000000000000        1.0000000000000000        1.0000000000000000        1.0000000000000000        1.0000000000000000        1.0000000000000000        1.0000000000000000        1.0000000000000000        1.0000000000000000     
   1.0000000000000000        1.0000000000000000        1.0000000000000000        1.0000000000000000        1.0000000000000000        1.0000000000000000        1.0000000000000000        1.0000000000000000        1.0000000000000000        1.0000000000000000        1.0000000000000000        1.0000000000000000        1.0000000000000000        1.0000000000000000        1.0000000000000000     
   1.0000000000000000        1.0000000000000000        1.0000000000000000        1.0000000000000000        1.0000000000000000        1.0000000000000000        1.0000000000000000        1.0000000000000000        1.0000000000000000        1.0000000000000000        1.0000000000000000        1.0000000000000000        1.0000000000000000        1.0000000000000000        1.0000000000000000     
   1.0000000000000000        1.0000000000000000        1.0000000000000000        1.0000000000000000        1.0000000000000000        1.0000000000000000        1.0000000000000000        1.0000000000000000        1.0000000000000000        1.0000000000000000        1.0000000000000000        1.0000000000000000        1.0000000000000000        1.0000000000000000        1.0000000000000000     
   1.0000000000000000        1.0000000000000000        1.0000000000000000        1.0000000000000000        1.0000000000000000        1.0000000000000000        1.0000000000000000        1.0000000000000000        1.0000000000000000        1.0000000000000000        1.0000000000000000        1.0000000000000000        1.0000000000000000        1.0000000000000000        1.0000000000000000     
   1.0000000000000000        1.0000000000000000        1.0000000000000000        1.0000000000000000        1.0000000000000000        1.0000000000000000        1.0000000000000000        1.0000000000000000        1.0000000000000000        1.0000000000000000        1.0000000000000000        1.0000000000000000        1.0000000000000000        1.0000000000000000        1.0000000000000000     
   1.0000000000000000        1.0000000000000000        1.0000000000000000        1.0000000000000000        1.0000000000000000        1.0000000000000000        1.0000000000000000        1.0000000000000000        1.0000000000000000        1.0000000000000000        1.0000000000000000        1.0000000000000000        1.0000000000000000        1.0000000000000000        1.0000000000000000     
   1.0000000000000000        1.0000000000000000        1.0000000000000000        1.0000000000000000        1.0000000000000000        1.0000000000000000        1.0000000000000000        1.0000000000000000        1.0000000000000000        1.0000000000000000        1.0000000000000000        1.0000000000000000        1.0000000000000000        1.0000000000000000        1.0000000000000000     
   1.0000000000000000        1.0000000000000000        1.0000000000000000        1.0000000000000000        1.0000000000000000        1.0000000000000000        1.0000000000000000        1.0000000000000000        1.0000000000000000        1.0000000000000000        1.0000000000000000        1.0000000000000000        1.0000000000000000        1.0000000000000000        1.0000000000000000     
   1.0000000000000000        1.0000000000000000        1.0000000000000000        1.0000000000000000        1.0000000000000000        1.0000000000000000        1.0000000000000000        1.0000000000000000        1.0000000000000000        1.0000000000000000        1.0000000000000000        1.0000000000000000        1.0000000000000000        1.0000000000000000        1.0000000000000000     
   1.0000000000000000        1.0000000000000000        1.0000000000000000        1.0000000000000000        1.0000000000000000        1.0000000000000000        1.0000000000000000        1.0000000000000000        1.0000000000000000        1.0000000000000000        1.0000000000000000        1.0000000000000000        1.0000000000000000        1.0000000000000000        1.0000000000000000     
   1.0000000000000000        1.0000000000000000        1.0000000000000000        1.0000000000000000        1.0000000000000000        1.0000000000000000        1.0000000000000000        1.0000000000000000        1.0000000000000000        1.0000000000000000        1.0000000000000000        1.0000000000000000        1.0000000000000000        1.0000000000000000        1.0000000000000000     
   1.0000000000000000        1.0000000000000000        1.0000000000000000        1.0000000000000000        1.0000000000000000        1.0000000000000000        1.0000000000000000        1.0000000000000000        1.0000000000000000        1.0000000000000000        1.0000000000000000        1.0000000000000000        1.0000000000000000        1.0000000000000000        1.0000000000000000     
   1.0000000000000000        1.0000000000000000        1.0000000000000000        1.0000000000000000        1.0000000000000000        1.0000000000000000        1.0000000000000000        1.0000000000000000        1.0000000000000000        1.0000000000000000        1.0000000000000000        1.0000000000000000        1.0000000000000000        1.0000000000000000        1.0000000000000000     
   1.0000000000000000        1.0000000000000000        1.0000000000000000        1.0000000000000000        1.0000000000000000        1.0000000000000000        1.0000000000000000        1.0000000000000000        1.0000000000000000        1.0000000000000000        1.0000000000000000        1.0000000000000000        1.0000000000000000        1.0000000000000000        1.0000000000000000     
   1.0000000000000000        1.0000000000000000        1.0000000000000000        1.0000000000000000        1.0000000000000000        1.0000000000000000        1.0000000000000000        1.0000000000000000        1.0000000000000000        1.0000000000000000        1.0000000000000000        1.0000000000000000        1.0000000000000000        1.0000000000000000        1.0000000000000000     
   1.0000000000000000        1.0000000000000000        1.0000000000000000        1.0000000000000000        1.0000000000000000        1.0000000000000000        1.0000000000000000        1.0000000000000000        1.0000000000000000        1.0000000000000000        1.0000000000000000        1.0000000000000000        1.0000000000000000        1.0000000000000000        1.0000000000000000     
   1.0000000000000000        1.0000000000000000        1.0000000000000000        1.0000000000000000        1.0000000000000000        1.0000000000000000        1.0000000000000000        1.0000000000000000        1.0000000000000000        1.0000000000000000        1.0000000000000000        1.0000000000000000        1.0000000000000000        1.0000000000000000        1.0000000000000000     
   1.0000000000000000        1.0000000000000000        1.0000000000000000        1.0000000000000000        1.0000000000000000        1.0000000000000000        1.0000000000000000        1.0000000000000000        1.0000000000000000        1.0000000000000000        1.0000000000000000        1.0000000000000000        1.0000000000000000        1.0000000000000000        1.0000000000000000     
   1.0000000000000000        1.0000000000000000        1.0000000000000000        1.0000000000000000        1.0000000000000000        1.0000000000000000        1.0000000000000000        1.0000000000000000        1.0000000000000000        1.0000000000000000        1.0000000000000000        1.0000000000000000        1.0000000000000000        1.0000000000000000        1.0000000000000000     
   1.0000000000000000        1.0000000000000000        1.0000000000000000        1.0000000000000000        1.0000000000000000        1.0000000000000000        1.0000000000000000        1.0000000000000000        1.0000000000000000        1.0000000000000000        1.0000000000000000        1.0000000000000000        1.0000000000000000        1.0000000000000000        1.0000000000000000     
   1.0000000000000000        1.0000000000000000        1.0000000000000000        1.0000000000000000        1.0000000000000000        1.0000000000000000        1.0000000000000000        1.0000000000000000        1.0000000000000000        1.0000000000000000        1.0000000000000000        1.0000000000000000        1.0000000000000000        1.0000000000000000        1.0000000000000000     
   1.0000000000000000        1.0000000000000000        1.0000000000000000        1.0000000000000000        1.0000000000000000        1.0000000000000000        1.0000000000000000        1.0000000000000000        1.0000000000000000        1.0000000000000000        1.0000000000000000        1.0000000000000000        1.0000000000000000        1.0000000000000000        1.0000000000000000     
   1.0000000000000000        1.0000000000000000        1.0000000000000000        1.0000000000000000        1.0000000000000000        1.0000000000000000        1.0000000000000000        1.0000000000000000        1.0000000000000000        1.0000000000000000        1.0000000000000000        1.0000000000000000        1.0000000000000000        1.0000000000000000        1.0000000000000000     
   1.0000000000000000        1.0000000000000000        1.0000000000000000        1.0000000000000000        1.0000000000000000        1.0000000000000000        1.0000000000000000        1.0000000000000000        1.0000000000000000        1.0000000000000000        1.0000000000000000        1.0000000000000000        1.0000000000000000        1.0000000000000000        1.0000000000000000     
   1.0000000000000000        1.0000000000000000        1.0000000000000000        1.0000000000000000        1.0000000000000000        1.0000000000000000        1.0000000000000000        1.0000000000000000        1.0000000000000000        1.0000000000000000        1.0000000000000000        1.0000000000000000        1.0000000000000000        1.0000000000000000        1.0000000000000000     
   1.0000000000000000        1.0000000000000000        1.0000000000000000        1.0000000000000000        1.0000000000000000        1.0000000000000000        1.0000000000000000        1.0000000000000000        1.0000000000000000        1.0000000000000000        1.0000000000000000        1.0000000000000000        1.0000000000000000        1.0000000000000000        1.0000000000000000     
   1.0000000000000000        1.0000000000000000        1.0000000000000000        1.0000000000000000        1.0000000000000000        1.0000000000000000        1.0000000000000000        1.0000000000000000        1.0000000000000000        1.0000000000000000        1.0000000000000000        1.0000000000000000        1.0000000000000000        1.0000000000000000        1.0000000000000000     
   1.0000000000000000        1.0000000000000000        1.0000000000000000        1.0000000000000000        1.0000000000000000        1.0000000000000000        1.0000000000000000        1.0000000000000000        1.0000000000000000        1.0000000000000000        1.0000000000000000        1.0000000000000000        1.0000000000000000        1.0000000000000000        1.0000000000000000     
   1.0000000000000000        1.0000000000000000        1.0000000000000000        1.0000000000000000        1.0000000000000000        1.0000000000000000        1.0000000000000000        1.0000000000000000        1.0000000000000000        1.0000000000000000        1.0000000000000000        1.0000000000000000        1.0000000000000000        1.0000000000000000        1.0000000000000000     
   1.0000000000000000        1.0000000000000000        1.0000000000000000        1.0000000000000000        1.0000000000000000        1.0000000000000000        1.0000000000000000        1.0000000000000000        1.0000000000000000        1.0000000000000000        1.0000000000000000        1.0000000000000000        1.0000000000000000        1.0000000000000000        1.0000000000000000     
   1.0000000000000000        1.0000000000000000        1.0000000000000000        1.0000000000000000        1.0000000000000000        1.0000000000000000        1.0000000000000000        1.0000000000000000        1.0000000000000000        1.0000000000000000        1.0000000000000000        1.0000000000000000        1.0000000000000000        1.0000000000000000        1.0000000000000000     
   1.0000000000000000        1.0000000000000000        1.0000000000000000        1.0000000000000000        1.0000000000000000        1.0000000000000000        1.0000000000000000        1.0000000000000000        1.0000000000000000        1.0000000000000000        1.0000000000000000        1.0000000000000000        1.0000000000000000        1.0000000000000000        1.0000000000000000     
   1.0000000000000000        1.0000000000000000        1.0000000000000000        1.0000000000000000        1.0000000000000000        1.0000000000000000        1.0000000000000000        1.0000000000000000        1.0000000000000000        1.0000000000000000        1.0000000000000000        1.0000000000000000        1.0000000000000000        1.0000000000000000        1.0000000000000000     
   1.0000000000000000        1.0000000000000000        1.0000000000000000        1.0000000000000000        1.0000000000000000        1.0000000000000000        1.0000000000000000        1.0000000000000000        1.0000000000000000        1.0000000000000000        1.0000000000000000        1.0000000000000000        1.0000000000000000        1.0000000000000000        1.0000000000000000     
   1.0000000000000000        1.0000000000000000        1.0000000000000000        1.0000000000000000        1.0000000000000000        1.0000000000000000        1.0000000000000000        1.0000000000000000        1.0000000000000000        1.0000000000000000        1.0000000000000000        1.0000000000000000        1.0000000000000000        1.0000000000000000        1.0000000000000000     
   1.0000000000000000        1.0000000000000000        1.0000000000000000        1.0000000000000000        1.0000000000000000        1.0000000000000000        1.0000000000000000        1.0000000000000000        1.0000000000000000        1.0000000000000000        1.0000000000000000        1.0000000000000000        1.0000000000000000        1.0000000000000000        1.0000000000000000     
   1.0000000000000000        1.0000000000000000        1.0000000000000000        1.0000000000000000        1.0000000000000000        1.0000000000000000        1.0000000000000000        1.0000000000000000        1.0000000000000000        1.0000000000000000        1.0000000000000000        1.0000000000000000        1.0000000000000000        1.0000000000000000        1.0000000000000000     
   1.0000000000000000        1.0000000000000000        1.0000000000000000        1.0000000000000000        1.0000000000000000        1.0000000000000000        1.0000000000000000        1.0000000000000000        1.0000000000000000        1.0000000000000000        1.0000000000000000        1.0000000000000000        1.0000000000000000        1.0000000000000000        1.0000000000000000     
   1.0000000000000000        1.0000000000000000        1.0000000000000000        1.0000000000000000        1.0000000000000000        1.0000000000000000        1.0000000000000000        1.0000000000000000        1.0000000000000000        1.0000000000000000        1.0000000000000000        1.0000000000000000        1.0000000000000000        1.0000000000000000        1.0000000000000000     
   1.0000000000000000        1.0000000000000000        1.0000000000000000        1.0000000000000000        1.0000000000000000        1.0000000000000000        1.0000000000000000        1.0000000000000000        1.0000000000000000        1.0000000000000000        1.0000000000000000        1.0000000000000000        1.0000000000000000        1.0000000000000000        1.0000000000000000     
   1.0000000000000000        1.0000000000000000        1.0000000000000000        1.0000000000000000        1.0000000000000000        1.0000000000000000        1.0000000000000000        1.0000000000000000        1.0000000000000000        1.0000000000000000        1.0000000000000000        1.0000000000000000        1.0000000000000000        1.0000000000000000        1.0000000000000000     
   1.0000000000000000        1.0000000000000000        1.0000000000000000        1.0000000000000000        1.0000000000000000        1.0000000000000000        1.0000000000000000        1.0000000000000000        1.0000000000000000        1.0000000000000000        1.0000000000000000        1.0000000000000000        1.0000000000000000        1.0000000000000000        1.0000000000000000     
   1.0000000000000000        1.0000000000000000        1.0000000000000000        1.0000000000000000        1.0000000000000000        1.0000000000000000        1.0000000000000000        1.0000000000000000        1.0000000000000000        1.0000000000000000        1.0000000000000000        1.0000000000000000        1.0000000000000000        1.0000000000000000        1.0000000000000000     
   1.0000000000000000        1.0000000000000000        1.0000000000000000        1.0000000000000000        1.0000000000000000        1.0000000000000000        1.0000000000000000        1.0000000000000000        1.0000000000000000        1.0000000000000000        1.0000000000000000        1.0000000000000000        1.0000000000000000        1.0000000000000000        1.0000000000000000     
   1.0000000000000000        1.0000000000000000        1.0000000000000000        1.0000000000000000        1.0000000000000000        1.0000000000000000        1.0000000000000000        1.0000000000000000        1.0000000000000000        1.0000000000000000        1.0000000000000000        1.0000000000000000        1.0000000000000000        1.0000000000000000        1.0000000000000000     
   1.0000000000000000        1.0000000000000000        1.0000000000000000        1.0000000000000000        1.0000000000000000        1.0000000000000000        1.0000000000000000        1.0000000000000000        1.0000000000000000        1.0000000000000000        1.0000000000000000        1.0000000000000000        1.0000000000000000        1.0000000000000000        1.0000000000000000     
   1.0000000000000000        1.0000000000000000        1.0000000000000000        1.0000000000000000        1.0000000000000000        1.0000000000000000        1.0000000000000000        1.0000000000000000        1.0000000000000000        1.0000000000000000        1.0000000000000000        1.0000000000000000        1.0000000000000000        1.0000000000000000        1.0000000000000000     
   1.0000000000000000        1.0000000000000000        1.0000000000000000        1.0000000000000000        1.0000000000000000        1.0000000000000000        1.0000000000000000        1.0000000000000000        1.0000000000000000        1.0000000000000000        1.0000000000000000        1.0000000000000000        1.0000000000000000        1.0000000000000000        1.0000000000000000     
   1.0000000000000000        1.0000000000000000        1.0000000000000000        1.0000000000000000        1.0000000000000000        1.0000000000000000        1.0000000000000000        1.0000000000000000        1.0000000000000000        1.0000000000000000        1.0000000000000000        1.0000000000000000        1.0000000000000000        1.0000000000000000        1.0000000000000000     
   1.0000000000000000        1.0000000000000000        1.0000000000000000        1.0000000000000000        1.0000000000000000        1.0000000000000000        1.0000000000000000        1.0000000000000000        1.0000000000000000        1.0000000000000000        1.0000000000000000        1.0000000000000000        1.0000000000000000        1.0000000000000000        1.0000000000000000     
   1.0000000000000000        1.0000000000000000        1.0000000000000000        1.0000000000000000        1.0000000000000000        1.0000000000000000        1.0000000000000000        1.0000000000000000        1.0000000000000000        1.0000000000000000        1.0000000000000000        1.0000000000000000        1.0000000000000000        1.0000000000000000        1.0000000000000000     
   1.0000000000000000        1.0000000000000000        1.0000000000000000        1.0000000000000000        1.0000000000000000        1.0000000000000000        1.0000000000000000        1.0000000000000000        1.0000000000000000        1.0000000000000000        1.0000000000000000        1.0000000000000000        1.0000000000000000        1.0000000000000000        1.0000000000000000     
   1.0000000000000000        1.0000000000000000        1.0000000000000000        1.0000000000000000        1.0000000000000000        1.0000000000000000        1.0000000000000000        1.0000000000000000        1.0000000000000000        1.0000000000000000        1.0000000000000000        1.0000000000000000        1.0000000000000000        1.0000000000000000        1.0000000000000000     
   1.0000000000000000        1.0000000000000000        1.0000000000000000        1.0000000000000000        1.0000000000000000        1.0000000000000000        1.0000000000000000        1.0000000000000000        1.0000000000000000        1.0000000000000000        1.0000000000000000        1.0000000000000000        1.0000000000000000        1.0000000000000000        1.0000000000000000     
   1.0000000000000000        1.0000000000000000        1.0000000000000000        1.0000000000000000        1.0000000000000000        1.0000000000000000        1.0000000000000000        1.0000000000000000        1.0000000000000000        1.0000000000000000        1.0000000000000000        1.0000000000000000        1.0000000000000000        1.0000000000000000        1.0000000000000000     
   1.0000000000000000        1.0000000000000000        1.0000000000000000        1.0000000000000000        1.0000000000000000        1.0000000000000000        1.0000000000000000        1.0000000000000000        1.0000000000000000        1.0000000000000000        1.0000000000000000        1.0000000000000000        1.0000000000000000        1.0000000000000000        1.0000000000000000     
   1.0000000000000000        1.0000000000000000        1.0000000000000000        1.0000000000000000        1.0000000000000000        1.0000000000000000        1.0000000000000000        1.0000000000000000        1.0000000000000000        1.0000000000000000        1.0000000000000000        1.0000000000000000        1.0000000000000000        1.0000000000000000        1.0000000000000000     
   1.0000000000000000        1.0000000000000000        1.0000000000000000        1.0000000000000000        1.0000000000000000        1.0000000000000000        1.0000000000000000        1.0000000000000000        1.0000000000000000        1.0000000000000000        1.0000000000000000        1.0000000000000000        1.0000000000000000        1.0000000000000000        1.0000000000000000     
   1.0000000000000000        1.0000000000000000        1.0000000000000000        1.0000000000000000        1.0000000000000000        1.0000000000000000        1.0000000000000000        1.0000000000000000        1.0000000000000000        1.0000000000000000        1.0000000000000000        1.0000000000000000        1.0000000000000000        1.0000000000000000        1.0000000000000000     
   1.0000000000000000        1.0000000000000000        1.0000000000000000        1.0000000000000000        1.0000000000000000        1.0000000000000000        1.0000000000000000        1.0000000000000000        1.0000000000000000        1.0000000000000000        1.0000000000000000        1.0000000000000000        1.0000000000000000        1.0000000000000000        1.0000000000000000     
   1.0000000000000000        1.0000000000000000        1.0000000000000000        1.0000000000000000        1.0000000000000000        1.0000000000000000        1.0000000000000000        1.0000000000000000        1.0000000000000000        1.0000000000000000        1.0000000000000000        1.0000000000000000        1.0000000000000000        1.0000000000000000        1.0000000000000000     
   1.0000000000000000        1.0000000000000000        1.0000000000000000        1.0000000000000000        1.0000000000000000        1.0000000000000000        1.0000000000000000        1.0000000000000000        1.0000000000000000        1.0000000000000000        1.0000000000000000        1.0000000000000000        1.0000000000000000        1.0000000000000000        1.0000000000000000     
   1.0000000000000000        1.0000000000000000        1.0000000000000000        1.0000000000000000        1.0000000000000000        1.0000000000000000        1.0000000000000000        1.0000000000000000        1.0000000000000000        1.0000000000000000        1.0000000000000000        1.0000000000000000        1.0000000000000000        1.0000000000000000        1.0000000000000000     
   1.0000000000000000        1.0000000000000000        1.0000000000000000        1.0000000000000000        1.0000000000000000        1.0000000000000000        1.0000000000000000        1.0000000000000000        1.0000000000000000        1.0000000000000000        1.0000000000000000        1.0000000000000000        1.0000000000000000        1.0000000000000000        1.0000000000000000     
   1.0000000000000000        1.0000000000000000        1.0000000000000000        1.0000000000000000        1.0000000000000000        1.0000000000000000        1.0000000000000000        1.0000000000000000        1.0000000000000000        1.0000000000000000        1.0000000000000000        1.0000000000000000        1.0000000000000000        1.0000000000000000        1.0000000000000000     
   1.0000000000000000        1.0000000000000000        1.0000000000000000        1.0000000000000000        1.0000000000000000        1.0000000000000000        1.0000000000000000        1.0000000000000000        1.0000000000000000        1.0000000000000000        1.0000000000000000        1.0000000000000000        1.0000000000000000        1.0000000000000000        1.0000000000000000     
   1.0000000000000000        1.0000000000000000        1.0000000000000000        1.0000000000000000        1.0000000000000000        1.0000000000000000        1.0000000000000000        1.0000000000000000        1.0000000000000000        1.0000000000000000        1.0000000000000000        1.0000000000000000        1.0000000000000000        1.0000000000000000        1.0000000000000000     
   1.0000000000000000        1.0000000000000000        1.0000000000000000        1.0000000000000000        1.0000000000000000        1.0000000000000000        1.0000000000000000        1.0000000000000000        1.0000000000000000        1.0000000000000000        1.0000000000000000        1.0000000000000000        1.0000000000000000        1.0000000000000000        1.0000000000000000     
   1.0000000000000000        1.0000000000000000        1.0000000000000000        1.0000000000000000        1.0000000000000000        1.0000000000000000        1.0000000000000000        1.0000000000000000        1.0000000000000000        1.0000000000000000        1.0000000000000000        1.0000000000000000        1.0000000000000000        1.0000000000000000        1.0000000000000000     
   1.0000000000000000        1.0000000000000000        1.0000000000000000        1.0000000000000000        1.0000000000000000        1.0000000000000000        1.0000000000000000        1.0000000000000000        1.0000000000000000        1.0000000000000000        1.0000000000000000        1.0000000000000000        1.0000000000000000        1.0000000000000000        1.0000000000000000     
   1.0000000000000000        1.0000000000000000        1.0000000000000000        1.0000000000000000        1.0000000000000000        1.0000000000000000        1.0000000000000000        1.0000000000000000        1.0000000000000000        1.0000000000000000        1.0000000000000000        1.0000000000000000        1.0000000000000000        1.0000000000000000        1.0000000000000000     
   1.0000000000000000        1.0000000000000000        1.0000000000000000        1.0000000000000000        1.0000000000000000        1.0000000000000000        1.0000000000000000        1.0000000000000000        1.0000000000000000        1.0000000000000000        1.0000000000000000        1.0000000000000000        1.0000000000000000        1.0000000000000000        1.0000000000000000     
   1.0000000000000000        1.0000000000000000        1.0000000000000000        1.0000000000000000        1.0000000000000000        1.0000000000000000        1.0000000000000000        1.0000000000000000        1.0000000000000000        1.0000000000000000        1.0000000000000000        1.0000000000000000        1.0000000000000000        1.0000000000000000        1.0000000000000000     
   1.0000000000000000        1.0000000000000000        1.0000000000000000        1.0000000000000000        1.0000000000000000        1.0000000000000000        1.0000000000000000        1.0000000000000000        1.0000000000000000        1.0000000000000000        1.0000000000000000        1.0000000000000000        1.0000000000000000        1.0000000000000000        1.0000000000000000     
   1.0000000000000000        1.0000000000000000        1.0000000000000000        1.0000000000000000        1.0000000000000000        1.0000000000000000        1.0000000000000000        1.0000000000000000        1.0000000000000000        1.0000000000000000        1.0000000000000000        1.0000000000000000        1.0000000000000000        1.0000000000000000        1.0000000000000000     
   1.0000000000000000        1.0000000000000000        1.0000000000000000        1.0000000000000000        1.0000000000000000        1.0000000000000000        1.0000000000000000        1.0000000000000000        1.0000000000000000        1.0000000000000000        1.0000000000000000        1.0000000000000000        1.0000000000000000        1.0000000000000000        1.0000000000000000     
   1.0000000000000000        1.0000000000000000        1.0000000000000000        1.0000000000000000        1.0000000000000000        1.0000000000000000        1.0000000000000000        1.0000000000000000        1.0000000000000000        1.0000000000000000        1.0000000000000000        1.0000000000000000        1.0000000000000000        1.0000000000000000        1.0000000000000000     
   1.0000000000000000        1.0000000000000000        1.0000000000000000        1.0000000000000000        1.0000000000000000        1.0000000000000000        1.0000000000000000        1.0000000000000000        1.0000000000000000        1.0000000000000000        1.0000000000000000        1.0000000000000000        1.0000000000000000        1.0000000000000000        1.0000000000000000     
   1.0000000000000000        1.0000000000000000        1.0000000000000000        1.0000000000000000        1.0000000000000000        1.0000000000000000        1.0000000000000000        1.0000000000000000        1.0000000000000000        1.0000000000000000        1.0000000000000000        1.0000000000000000        1.0000000000000000        1.0000000000000000        1.0000000000000000     
   1.0000000000000000        1.0000000000000000        1.0000000000000000        1.0000000000000000        1.0000000000000000        1.0000000000000000        1.0000000000000000        1.0000000000000000        1.0000000000000000        1.0000000000000000        1.0000000000000000        1.0000000000000000        1.0000000000000000        1.0000000000000000        1.0000000000000000     
   1.0000000000000000        1.0000000000000000        1.0000000000000000        1.0000000000000000        1.0000000000000000        1.0000000000000000        1.0000000000000000        1.0000000000000000        1.0000000000000000        1.0000000000000000        1.0000000000000000        1.0000000000000000        1.0000000000000000        1.0000000000000000        1.0000000000000000     
   1.0000000000000000        1.0000000000000000        1.0000000000000000        1.0000000000000000        1.0000000000000000        1.0000000000000000        1.0000000000000000        1.0000000000000000        1.0000000000000000        1.0000000000000000        1.0000000000000000        1.0000000000000000        1.0000000000000000        1.0000000000000000        1.0000000000000000     
   1.0000000000000000        1.0000000000000000        1.0000000000000000        1.0000000000000000        1.0000000000000000        1.0000000000000000        1.0000000000000000        1.0000000000000000        1.0000000000000000        1.0000000000000000        1.0000000000000000        1.0000000000000000        1.0000000000000000        1.0000000000000000        1.0000000000000000     
   1.0000000000000000        1.0000000000000000        1.0000000000000000        1.0000000000000000        1.0000000000000000        1.0000000000000000        1.0000000000000000        1.0000000000000000        1.0000000000000000        1.0000000000000000        1.0000000000000000        1.0000000000000000        1.0000000000000000        1.0000000000000000        1.0000000000000000     
   1.0000000000000000        1.0000000000000000        1.0000000000000000        1.0000000000000000        1.0000000000000000        1.0000000000000000        1.0000000000000000        1.0000000000000000        1.0000000000000000        1.0000000000000000        1.0000000000000000        1.0000000000000000        1.0000000000000000        1.0000000000000000        1.0000000000000000     
   1.0000000000000000        1.0000000000000000        1.0000000000000000        1.0000000000000000        1.0000000000000000        1.0000000000000000        1.0000000000000000        1.0000000000000000        1.0000000000000000        1.0000000000000000        1.0000000000000000        1.0000000000000000        1.0000000000000000        1.0000000000000000        1.0000000000000000     
   1.0000000000000000        1.0000000000000000        1.0000000000000000        1.0000000000000000        1.0000000000000000        1.0000000000000000        1.0000000000000000        1.0000000000000000        1.0000000000000000        1.0000000000000000        1.0000000000000000        1.0000000000000000        1.0000000000000000        1.0000000000000000        1.0000000000000000     
   1.0000000000000000        1.0000000000000000        1.0000000000000000        1.0000000000000000        1.0000000000000000        1.0000000000000000        1.0000000000000000        1.0000000000000000        1.0000000000000000        1.0000000000000000        1.0000000000000000        1.0000000000000000        1.0000000000000000        1.0000000000000000        1.0000000000000000     
   1.0000000000000000        1.0000000000000000        1.0000000000000000        1.0000000000000000        1.0000000000000000        1.0000000000000000        1.0000000000000000        1.0000000000000000        1.0000000000000000        1.0000000000000000        1.0000000000000000        1.0000000000000000        1.0000000000000000        1.0000000000000000        1.0000000000000000     
   1.0000000000000000        1.0000000000000000        1.0000000000000000        1.0000000000000000        1.0000000000000000        1.0000000000000000        1.0000000000000000        1.0000000000000000        1.0000000000000000        1.0000000000000000        1.0000000000000000        1.0000000000000000        1.0000000000000000        1.0000000000000000        1.0000000000000000     
   1.0000000000000000        1.0000000000000000        1.0000000000000000        1.0000000000000000        1.0000000000000000        1.0000000000000000        1.0000000000000000        1.0000000000000000        1.0000000000000000        1.0000000000000000        1.0000000000000000        1.0000000000000000        1.0000000000000000        1.0000000000000000        1.0000000000000000     
   1.0000000000000000        1.0000000000000000        1.0000000000000000        1.0000000000000000        1.0000000000000000        1.0000000000000000        1.0000000000000000        1.0000000000000000        1.0000000000000000        1.0000000000000000        1.0000000000000000        1.0000000000000000        1.0000000000000000        1.0000000000000000        1.0000000000000000     
   1.0000000000000000        1.0000000000000000        1.0000000000000000        1.0000000000000000        1.0000000000000000        1.0000000000000000        1.0000000000000000        1.0000000000000000        1.0000000000000000        1.0000000000000000        1.0000000000000000        1.0000000000000000        1.0000000000000000        1.0000000000000000        1.0000000000000000     
   1.0000000000000000        1.0000000000000000        1.0000000000000000        1.0000000000000000        1.0000000000000000        1.0000000000000000        1.0000000000000000        1.0000000000000000        1.0000000000000000        1.0000000000000000        1.0000000000000000        1.0000000000000000        1.0000000000000000        1.0000000000000000        1.0000000000000000     
   1.0000000000000000        1.0000000000000000        1.0000000000000000        1.0000000000000000        1.0000000000000000        1.0000000000000000        1.0000000000000000        1.0000000000000000        1.0000000000000000        1.0000000000000000        1.0000000000000000        1.0000000000000000        1.0000000000000000        1.0000000000000000        1.0000000000000000     
   1.0000000000000000        1.0000000000000000        1.0000000000000000        1.0000000000000000        1.0000000000000000        1.0000000000000000        1.0000000000000000        1.0000000000000000        1.0000000000000000        1.0000000000000000        1.0000000000000000        1.0000000000000000        1.0000000000000000        1.0000000000000000        1.0000000000000000     
   1.0000000000000000        1.0000000000000000        1.0000000000000000        1.0000000000000000        1.0000000000000000        1.0000000000000000        1.0000000000000000        1.0000000000000000        1.0000000000000000        1.0000000000000000        1.0000000000000000        1.0000000000000000        1.0000000000000000        1.0000000000000000        1.0000000000000000     
   1.0000000000000000        1.0000000000000000        1.0000000000000000        1.0000000000000000        1.0000000000000000        1.0000000000000000        1.0000000000000000        1.0000000000000000        1.0000000000000000        1.0000000000000000        1.0000000000000000        1.0000000000000000        1.0000000000000000        1.0000000000000000        1.0000000000000000     
   1.0000000000000000        1.0000000000000000        1.0000000000000000        1.0000000000000000        1.0000000000000000        1.0000000000000000        1.0000000000000000        1.0000000000000000        1.0000000000000000        1.0000000000000000        1.0000000000000000        1.0000000000000000        1.0000000000000000        1.0000000000000000        1.0000000000000000     
   1.0000000000000000        1.0000000000000000        1.0000000000000000        1.0000000000000000        1.0000000000000000        1.0000000000000000        1.0000000000000000        1.0000000000000000        1.0000000000000000        1.0000000000000000        1.0000000000000000        1.0000000000000000        1.0000000000000000        1.0000000000000000        1.0000000000000000     
   1.0000000000000000        1.0000000000000000        1.0000000000000000        1.0000000000000000        1.0000000000000000        1.0000000000000000        1.0000000000000000        1.0000000000000000        1.0000000000000000        1.0000000000000000        1.0000000000000000        1.0000000000000000        1.0000000000000000        1.0000000000000000        1.0000000000000000     
   1.0000000000000000        1.0000000000000000        1.0000000000000000        1.0000000000000000        1.0000000000000000        1.0000000000000000        1.0000000000000000        1.0000000000000000        1.0000000000000000        1.0000000000000000        1.0000000000000000        1.0000000000000000        1.0000000000000000        1.0000000000000000        1.0000000000000000     
   1.0000000000000000        1.0000000000000000        1.0000000000000000        1.0000000000000000        1.0000000000000000        1.0000000000000000        1.0000000000000000        1.0000000000000000        1.0000000000000000        1.0000000000000000        1.0000000000000000        1.0000000000000000        1.0000000000000000        1.0000000000000000        1.0000000000000000     
   1.0000000000000000        1.0000000000000000        1.0000000000000000        1.0000000000000000        1.0000000000000000        1.0000000000000000        1.0000000000000000        1.0000000000000000        1.0000000000000000        1.0000000000000000        1.0000000000000000        1.0000000000000000        1.0000000000000000        1.0000000000000000        1.0000000000000000     
   1.0000000000000000        1.0000000000000000        1.0000000000000000        1.0000000000000000        1.0000000000000000        1.0000000000000000        1.0000000000000000        1.0000000000000000        1.0000000000000000        1.0000000000000000        1.0000000000000000        1.0000000000000000        1.0000000000000000        1.0000000000000000        1.0000000000000000     
   1.0000000000000000        1.0000000000000000        1.0000000000000000        1.0000000000000000        1.0000000000000000        1.0000000000000000        1.0000000000000000        1.0000000000000000        1.0000000000000000        1.0000000000000000        1.0000000000000000        1.0000000000000000        1.0000000000000000        1.0000000000000000        1.0000000000000000     
   1.0000000000000000        1.0000000000000000        1.0000000000000000        1.0000000000000000        1.0000000000000000        1.0000000000000000        1.0000000000000000        1.0000000000000000        1.0000000000000000        1.0000000000000000        1.0000000000000000        1.0000000000000000        1.0000000000000000        1.0000000000000000        1.0000000000000000     
   1.0000000000000000        1.0000000000000000        1.0000000000000000        1.0000000000000000        1.0000000000000000        1.0000000000000000        1.0000000000000000        1.0000000000000000        1.0000000000000000        1.0000000000000000        1.0000000000000000        1.0000000000000000        1.0000000000000000        1.0000000000000000        1.0000000000000000     
   1.0000000000000000        1.0000000000000000        1.0000000000000000        1.0000000000000000        1.0000000000000000        1.0000000000000000        1.0000000000000000        1.0000000000000000        1.0000000000000000        1.0000000000000000        1.0000000000000000        1.0000000000000000        1.0000000000000000        1.0000000000000000        1.0000000000000000     
   1.0000000000000000        1.0000000000000000        1.0000000000000000        1.0000000000000000        1.0000000000000000        1.0000000000000000        1.0000000000000000        1.0000000000000000        1.0000000000000000        1.0000000000000000        1.0000000000000000        1.0000000000000000        1.0000000000000000        1.0000000000000000        1.0000000000000000     
   1.0000000000000000        1.0000000000000000        1.0000000000000000        1.0000000000000000        1.0000000000000000        1.0000000000000000        1.0000000000000000        1.0000000000000000        1.0000000000000000        1.0000000000000000        1.0000000000000000        1.0000000000000000        1.0000000000000000        1.0000000000000000        1.0000000000000000     
   1.0000000000000000        1.0000000000000000        1.0000000000000000        1.0000000000000000        1.0000000000000000        1.0000000000000000        1.0000000000000000        1.0000000000000000        1.0000000000000000        1.0000000000000000        1.0000000000000000        1.0000000000000000        1.0000000000000000        1.0000000000000000        1.0000000000000000     
   1.0000000000000000        1.0000000000000000        1.0000000000000000        1.0000000000000000        1.0000000000000000        1.0000000000000000        1.0000000000000000        1.0000000000000000        1.0000000000000000        1.0000000000000000        1.0000000000000000        1.0000000000000000        1.0000000000000000        1.0000000000000000        1.0000000000000000     
   1.0000000000000000        1.0000000000000000        1.0000000000000000        1.0000000000000000        1.0000000000000000        1.0000000000000000        1.0000000000000000        1.0000000000000000        1.0000000000000000        1.0000000000000000        1.0000000000000000        1.0000000000000000        1.0000000000000000        1.0000000000000000        1.0000000000000000     
   1.0000000000000000        1.0000000000000000        1.0000000000000000        1.0000000000000000        1.0000000000000000        1.0000000000000000        1.0000000000000000        1.0000000000000000        1.0000000000000000        1.0000000000000000        1.0000000000000000        1.0000000000000000        1.0000000000000000        1.0000000000000000        1.0000000000000000     
   1.0000000000000000        1.0000000000000000        1.0000000000000000        1.0000000000000000        1.0000000000000000        1.0000000000000000        1.0000000000000000        1.0000000000000000        1.0000000000000000        1.0000000000000000        1.0000000000000000        1.0000000000000000        1.0000000000000000        1.0000000000000000        1.0000000000000000     
   1.0000000000000000        1.0000000000000000        1.0000000000000000        1.0000000000000000        1.0000000000000000        1.0000000000000000        1.0000000000000000        1.0000000000000000        1.0000000000000000        1.0000000000000000        1.0000000000000000        1.0000000000000000        1.0000000000000000        1.0000000000000000        1.0000000000000000     
   1.0000000000000000        1.0000000000000000        1.0000000000000000        1.0000000000000000        1.0000000000000000        1.0000000000000000        1.0000000000000000        1.0000000000000000        1.0000000000000000        1.0000000000000000        1.0000000000000000        1.0000000000000000        1.0000000000000000        1.0000000000000000        1.0000000000000000     
   1.0000000000000000        1.0000000000000000        1.0000000000000000        1.0000000000000000        1.0000000000000000        1.0000000000000000        1.0000000000000000        1.0000000000000000        1.0000000000000000        1.0000000000000000        1.0000000000000000        1.0000000000000000        1.0000000000000000        1.0000000000000000        1.0000000000000000     
   1.0000000000000000        1.0000000000000000        1.0000000000000000        1.0000000000000000        1.0000000000000000        1.0000000000000000        1.0000000000000000        1.0000000000000000        1.0000000000000000        1.0000000000000000        1.0000000000000000        1.0000000000000000        1.0000000000000000        1.0000000000000000        1.0000000000000000     
   1.0000000000000000        1.0000000000000000        1.0000000000000000        1.0000000000000000        1.0000000000000000        1.0000000000000000        1.0000000000000000        1.0000000000000000        1.0000000000000000        1.0000000000000000        1.0000000000000000        1.0000000000000000        1.0000000000000000        1.0000000000000000        1.0000000000000000     
   1.0000000000000000        1.0000000000000000        1.0000000000000000        1.0000000000000000        1.0000000000000000        1.0000000000000000        1.0000000000000000        1.0000000000000000        1.0000000000000000        1.0000000000000000        1.0000000000000000        1.0000000000000000        1.0000000000000000        1.0000000000000000        1.0000000000000000     
   1.0000000000000000        1.0000000000000000        1.0000000000000000        1.0000000000000000        1.0000000000000000        1.0000000000000000        1.0000000000000000        1.0000000000000000        1.0000000000000000        1.0000000000000000        1.0000000000000000        1.0000000000000000        1.0000000000000000        1.0000000000000000        1.0000000000000000     
   1.0000000000000000        1.0000000000000000        1.0000000000000000        1.0000000000000000        1.0000000000000000        1.0000000000000000        1.0000000000000000        1.0000000000000000        1.0000000000000000        1.0000000000000000        1.0000000000000000        1.0000000000000000        1.0000000000000000        1.0000000000000000        1.0000000000000000     
   1.0000000000000000        1.0000000000000000        1.0000000000000000        1.0000000000000000        1.0000000000000000        1.0000000000000000        1.0000000000000000        1.0000000000000000        1.0000000000000000        1.0000000000000000        1.0000000000000000        1.0000000000000000        1.0000000000000000        1.0000000000000000        1.0000000000000000     
   1.0000000000000000        1.0000000000000000        1.0000000000000000        1.0000000000000000        1.0000000000000000        1.0000000000000000        1.0000000000000000        1.0000000000000000        1.0000000000000000        1.0000000000000000        1.0000000000000000        1.0000000000000000        1.0000000000000000        1.0000000000000000        1.0000000000000000     
   1.0000000000000000        1.0000000000000000        1.0000000000000000        1.0000000000000000        1.0000000000000000        1.0000000000000000        1.0000000000000000        1.0000000000000000        1.0000000000000000        1.0000000000000000        1.0000000000000000        1.0000000000000000        1.0000000000000000        1.0000000000000000        1.0000000000000000     
   1.0000000000000000        1.0000000000000000        1.0000000000000000        1.0000000000000000        1.0000000000000000        1.0000000000000000        1.0000000000000000        1.0000000000000000        1.0000000000000000        1.0000000000000000        1.0000000000000000        1.0000000000000000        1.0000000000000000        1.0000000000000000        1.0000000000000000     
   1.0000000000000000        1.0000000000000000        1.0000000000000000        1.0000000000000000        1.0000000000000000        1.0000000000000000        1.0000000000000000        1.0000000000000000        1.0000000000000000        1.0000000000000000        1.0000000000000000        1.0000000000000000        1.0000000000000000        1.0000000000000000        1.0000000000000000     
   1.0000000000000000        1.0000000000000000        1.0000000000000000        1.0000000000000000        1.0000000000000000        1.0000000000000000        1.0000000000000000        1.0000000000000000        1.0000000000000000        1.0000000000000000        1.0000000000000000        1.0000000000000000        1.0000000000000000        1.0000000000000000        1.0000000000000000     
   1.0000000000000000        1.0000000000000000        1.0000000000000000        1.0000000000000000        1.0000000000000000        1.0000000000000000        1.0000000000000000        1.0000000000000000        1.0000000000000000        1.0000000000000000        1.0000000000000000        1.0000000000000000        1.0000000000000000        1.0000000000000000        1.0000000000000000     
   1.0000000000000000        1.0000000000000000        1.0000000000000000        1.0000000000000000        1.0000000000000000        1.0000000000000000        1.0000000000000000        1.0000000000000000        1.0000000000000000        1.0000000000000000        1.0000000000000000        1.0000000000000000        1.0000000000000000        1.0000000000000000        1.0000000000000000     
   1.0000000000000000        1.0000000000000000        1.0000000000000000        1.0000000000000000        1.0000000000000000        1.0000000000000000        1.0000000000000000        1.0000000000000000        1.0000000000000000        1.0000000000000000        1.0000000000000000        1.0000000000000000        1.0000000000000000        1.0000000000000000        1.0000000000000000     
   1.0000000000000000        1.0000000000000000        1.0000000000000000        1.0000000000000000        1.0000000000000000        1.0000000000000000        1.0000000000000000        1.0000000000000000        1.0000000000000000        1.0000000000000000        1.0000000000000000        1.0000000000000000        1.0000000000000000        1.0000000000000000        1.0000000000000000     
   1.0000000000000000        1.0000000000000000        1.0000000000000000        1.0000000000000000        1.0000000000000000        1.0000000000000000        1.0000000000000000        1.0000000000000000        1.0000000000000000        1.0000000000000000        1.0000000000000000        1.0000000000000000        1.0000000000000000        1.0000000000000000        1.0000000000000000     
   1.0000000000000000        1.0000000000000000        1.0000000000000000        1.0000000000000000        1.0000000000000000        1.0000000000000000        1.0000000000000000        1.0000000000000000        1.0000000000000000        1.0000000000000000        1.0000000000000000        1.0000000000000000        1.0000000000000000        1.0000000000000000        1.0000000000000000     
   1.0000000000000000        1.0000000000000000        1.0000000000000000        1.0000000000000000        1.0000000000000000        1.0000000000000000        1.0000000000000000        1.0000000000000000        1.0000000000000000        1.0000000000000000        1.0000000000000000        1.0000000000000000        1.0000000000000000        1.0000000000000000        1.0000000000000000     
   1.0000000000000000        1.0000000000000000        1.0000000000000000        1.0000000000000000        1.0000000000000000        1.0000000000000000        1.0000000000000000        1.0000000000000000        1.0000000000000000        1.0000000000000000        1.0000000000000000        1.0000000000000000        1.0000000000000000        1.0000000000000000        1.0000000000000000     
   1.0000000000000000        1.0000000000000000        1.0000000000000000        1.0000000000000000        1.0000000000000000        1.0000000000000000        1.0000000000000000        1.0000000000000000        1.0000000000000000        1.0000000000000000        1.0000000000000000        1.0000000000000000        1.0000000000000000        1.0000000000000000        1.0000000000000000     
   1.0000000000000000        1.0000000000000000        1.0000000000000000        1.0000000000000000        1.0000000000000000        1.0000000000000000        1.0000000000000000        1.0000000000000000        1.0000000000000000        1.0000000000000000        1.0000000000000000        1.0000000000000000        1.0000000000000000        1.0000000000000000        1.0000000000000000     
   1.0000000000000000        1.0000000000000000        1.0000000000000000        1.0000000000000000        1.0000000000000000        1.0000000000000000        1.0000000000000000        1.0000000000000000        1.0000000000000000        1.0000000000000000        1.0000000000000000        1.0000000000000000        1.0000000000000000        1.0000000000000000        1.0000000000000000     
   1.0000000000000000        1.0000000000000000        1.0000000000000000        1.0000000000000000        1.0000000000000000        1.0000000000000000        1.0000000000000000        1.0000000000000000        1.0000000000000000        1.0000000000000000        1.0000000000000000        1.0000000000000000        1.0000000000000000        1.0000000000000000        1.0000000000000000     
   1.0000000000000000        1.0000000000000000        1.0000000000000000        1.0000000000000000        1.0000000000000000        1.0000000000000000        1.0000000000000000        1.0000000000000000        1.0000000000000000        1.0000000000000000        1.0000000000000000        1.0000000000000000        1.0000000000000000        1.0000000000000000        1.0000000000000000     
   1.0000000000000000        1.0000000000000000        1.0000000000000000        1.0000000000000000        1.0000000000000000        1.0000000000000000        1.0000000000000000        1.0000000000000000        1.0000000000000000        1.0000000000000000        1.0000000000000000        1.0000000000000000        1.0000000000000000        1.0000000000000000        1.0000000000000000     
   1.0000000000000000        1.0000000000000000        1.0000000000000000        1.0000000000000000        1.0000000000000000        1.0000000000000000        1.0000000000000000        1.0000000000000000        1.0000000000000000        1.0000000000000000        1.0000000000000000        1.0000000000000000        1.0000000000000000        1.0000000000000000        1.0000000000000000     
   1.0000000000000000        1.0000000000000000        1.0000000000000000        1.0000000000000000        1.0000000000000000        1.0000000000000000        1.0000000000000000        1.0000000000000000        1.0000000000000000        1.0000000000000000        1.0000000000000000        1.0000000000000000        1.0000000000000000        1.0000000000000000        1.0000000000000000     
   1.0000000000000000        1.0000000000000000        1.0000000000000000        1.0000000000000000        1.0000000000000000        1.0000000000000000        1.0000000000000000        1.0000000000000000        1.0000000000000000        1.0000000000000000        1.0000000000000000        1.0000000000000000        1.0000000000000000        1.0000000000000000        1.0000000000000000     
   1.0000000000000000        1.0000000000000000        1.0000000000000000        1.0000000000000000        1.0000000000000000        1.0000000000000000        1.0000000000000000        1.0000000000000000        1.0000000000000000        1.0000000000000000        1.0000000000000000        1.0000000000000000        1.0000000000000000        1.0000000000000000        1.0000000000000000     
   1.0000000000000000        1.0000000000000000        1.0000000000000000        1.0000000000000000        1.0000000000000000        1.0000000000000000        1.0000000000000000        1.0000000000000000        1.0000000000000000        1.0000000000000000        1.0000000000000000        1.0000000000000000        1.0000000000000000        1.0000000000000000        1.0000000000000000     
   1.0000000000000000        1.0000000000000000        1.0000000000000000        1.0000000000000000        1.0000000000000000        1.0000000000000000        1.0000000000000000        1.0000000000000000        1.0000000000000000        1.0000000000000000        1.0000000000000000        1.0000000000000000        1.0000000000000000        1.0000000000000000        1.0000000000000000     
   1.0000000000000000        1.0000000000000000        1.0000000000000000        1.0000000000000000        1.0000000000000000        1.0000000000000000        1.0000000000000000        1.0000000000000000        1.0000000000000000        1.0000000000000000        1.0000000000000000        1.0000000000000000        1.0000000000000000        1.0000000000000000        1.0000000000000000     
   1.0000000000000000        1.0000000000000000        1.0000000000000000        1.0000000000000000        1.0000000000000000        1.0000000000000000        1.0000000000000000        1.0000000000000000        1.0000000000000000        1.0000000000000000        1.0000000000000000        1.0000000000000000        1.0000000000000000        1.0000000000000000        1.0000000000000000     
   1.0000000000000000        1.0000000000000000        1.0000000000000000        1.0000000000000000        1.0000000000000000        1.0000000000000000        1.0000000000000000        1.0000000000000000        1.0000000000000000        1.0000000000000000        1.0000000000000000        1.0000000000000000        1.0000000000000000        1.0000000000000000        1.0000000000000000     
   1.0000000000000000        1.0000000000000000        1.0000000000000000        1.0000000000000000        1.0000000000000000        1.0000000000000000        1.0000000000000000        1.0000000000000000        1.0000000000000000        1.0000000000000000        1.0000000000000000        1.0000000000000000        1.0000000000000000        1.0000000000000000        1.0000000000000000     
   1.0000000000000000        1.0000000000000000        1.0000000000000000        1.0000000000000000        1.0000000000000000        1.0000000000000000        1.0000000000000000        1.0000000000000000        1.0000000000000000        1.0000000000000000        1.0000000000000000        1.0000000000000000        1.0000000000000000        1.0000000000000000        1.0000000000000000     
   1.0000000000000000        1.0000000000000000        1.0000000000000000        1.0000000000000000        1.0000000000000000        1.0000000000000000        1.0000000000000000        1.0000000000000000        1.0000000000000000        1.0000000000000000        1.0000000000000000        1.0000000000000000        1.0000000000000000        1.0000000000000000        1.0000000000000000     
   1.0000000000000000        1.0000000000000000        1.0000000000000000        1.0000000000000000        1.0000000000000000        1.0000000000000000        1.0000000000000000        1.0000000000000000        1.0000000000000000        1.0000000000000000        1.0000000000000000        1.0000000000000000        1.0000000000000000        1.0000000000000000        1.0000000000000000     
   1.0000000000000000        1.0000000000000000        1.0000000000000000        1.0000000000000000        1.0000000000000000        1.0000000000000000        1.0000000000000000        1.0000000000000000        1.0000000000000000        1.0000000000000000        1.0000000000000000        1.0000000000000000        1.0000000000000000        1.0000000000000000        1.0000000000000000     
   1.0000000000000000        1.0000000000000000        1.0000000000000000        1.0000000000000000        1.0000000000000000        1.0000000000000000        1.0000000000000000        1.0000000000000000        1.0000000000000000        1.0000000000000000        1.0000000000000000        1.0000000000000000        1.0000000000000000        1.0000000000000000        1.0000000000000000     
   1.0000000000000000        1.0000000000000000        1.0000000000000000        1.0000000000000000        1.0000000000000000        1.0000000000000000        1.0000000000000000        1.0000000000000000        1.0000000000000000        1.0000000000000000        1.0000000000000000        1.0000000000000000        1.0000000000000000        1.0000000000000000        1.0000000000000000     
   1.0000000000000000        1.0000000000000000        1.0000000000000000        1.0000000000000000        1.0000000000000000        1.0000000000000000        1.0000000000000000        1.0000000000000000        1.0000000000000000        1.0000000000000000        1.0000000000000000        1.0000000000000000        1.0000000000000000        1.0000000000000000        1.0000000000000000     
   1.0000000000000000        1.0000000000000000        1.0000000000000000        1.0000000000000000        1.0000000000000000        1.0000000000000000        1.0000000000000000        1.0000000000000000        1.0000000000000000        1.0000000000000000        1.0000000000000000        1.0000000000000000        1.0000000000000000        1.0000000000000000        1.0000000000000000     
   1.0000000000000000        1.0000000000000000        1.0000000000000000        1.0000000000000000        1.0000000000000000        1.0000000000000000        1.0000000000000000        1.0000000000000000        1.0000000000000000        1.0000000000000000        1.0000000000000000        1.0000000000000000        1.0000000000000000        1.0000000000000000        1.0000000000000000     
   1.0000000000000000        1.0000000000000000        1.0000000000000000        1.0000000000000000        1.0000000000000000        1.0000000000000000        1.0000000000000000        1.0000000000000000        1.0000000000000000        1.0000000000000000        1.0000000000000000        1.0000000000000000        1.0000000000000000        1.0000000000000000        1.0000000000000000     
   1.0000000000000000        1.0000000000000000        1.0000000000000000        1.0000000000000000        1.0000000000000000        1.0000000000000000        1.0000000000000000        1.0000000000000000        1.0000000000000000        1.0000000000000000        1.0000000000000000        1.0000000000000000        1.0000000000000000        1.0000000000000000        1.0000000000000000     
   1.0000000000000000        1.0000000000000000        1.0000000000000000        1.0000000000000000        1.0000000000000000        1.0000000000000000        1.0000000000000000        1.0000000000000000        1.0000000000000000        1.0000000000000000        1.0000000000000000        1.0000000000000000        1.0000000000000000        1.0000000000000000        1.0000000000000000     
   1.0000000000000000        1.0000000000000000        1.0000000000000000        1.0000000000000000        1.0000000000000000        1.0000000000000000        1.0000000000000000        1.0000000000000000        1.0000000000000000        1.0000000000000000        1.0000000000000000        1.0000000000000000        1.0000000000000000        1.0000000000000000        1.0000000000000000     
   1.0000000000000000        1.0000000000000000        1.0000000000000000        1.0000000000000000        1.0000000000000000        1.0000000000000000        1.0000000000000000        1.0000000000000000        1.0000000000000000        1.0000000000000000        1.0000000000000000        1.0000000000000000        1.0000000000000000        1.0000000000000000        1.0000000000000000     
   1.0000000000000000        1.0000000000000000        1.0000000000000000        1.0000000000000000        1.0000000000000000        1.0000000000000000        1.0000000000000000        1.0000000000000000        1.0000000000000000        1.0000000000000000        1.0000000000000000        1.0000000000000000        1.0000000000000000        1.0000000000000000        1.0000000000000000     
   1.0000000000000000        1.0000000000000000        1.0000000000000000        1.0000000000000000        1.0000000000000000        1.0000000000000000        1.0000000000000000        1.0000000000000000        1.0000000000000000        1.0000000000000000        1.0000000000000000        1.0000000000000000        1.0000000000000000        1.0000000000000000        1.0000000000000000     
   1.0000000000000000        1.0000000000000000        1.0000000000000000        1.0000000000000000        1.0000000000000000        1.0000000000000000        1.0000000000000000        1.0000000000000000        1.0000000000000000        1.0000000000000000        1.0000000000000000        1.0000000000000000        1.0000000000000000        1.0000000000000000        1.0000000000000000     
   1.0000000000000000        1.0000000000000000        1.0000000000000000        1.0000000000000000        1.0000000000000000        1.0000000000000000        1.0000000000000000        1.0000000000000000        1.0000000000000000        1.0000000000000000        1.0000000000000000        1.0000000000000000        1.0000000000000000        1.0000000000000000        1.0000000000000000     
   1.0000000000000000        1.0000000000000000        1.0000000000000000        1.0000000000000000        1.0000000000000000        1.0000000000000000        1.0000000000000000        1.0000000000000000        1.0000000000000000        1.0000000000000000        1.0000000000000000        1.0000000000000000        1.0000000000000000        1.0000000000000000        1.0000000000000000     
   1.0000000000000000        1.0000000000000000        1.0000000000000000        1.0000000000000000        1.0000000000000000        1.0000000000000000        1.0000000000000000        1.0000000000000000        1.0000000000000000        1.0000000000000000        1.0000000000000000        1.0000000000000000        1.0000000000000000        1.0000000000000000        1.0000000000000000     
   1.0000000000000000        1.0000000000000000        1.0000000000000000        1.0000000000000000        1.0000000000000000        1.0000000000000000        1.0000000000000000        1.0000000000000000        1.0000000000000000        1.0000000000000000        1.0000000000000000        1.0000000000000000        1.0000000000000000        1.0000000000000000        1.0000000000000000     
   1.0000000000000000        1.0000000000000000        1.0000000000000000        1.0000000000000000        1.0000000000000000        1.0000000000000000        1.0000000000000000        1.0000000000000000        1.0000000000000000        1.0000000000000000        1.0000000000000000        1.0000000000000000        1.0000000000000000        1.0000000000000000        1.0000000000000000     
   1.0000000000000000        1.0000000000000000        1.0000000000000000        1.0000000000000000        1.0000000000000000        1.0000000000000000        1.0000000000000000        1.0000000000000000        1.0000000000000000        1.0000000000000000        1.0000000000000000        1.0000000000000000        1.0000000000000000        1.0000000000000000        1.0000000000000000     
   1.0000000000000000        1.0000000000000000        1.0000000000000000        1.0000000000000000        1.0000000000000000        1.0000000000000000        1.0000000000000000        1.0000000000000000        1.0000000000000000        1.0000000000000000        1.0000000000000000        1.0000000000000000        1.0000000000000000        1.0000000000000000        1.0000000000000000     
   1.0000000000000000        1.0000000000000000        1.0000000000000000        1.0000000000000000        1.0000000000000000        1.0000000000000000        1.0000000000000000        1.0000000000000000        1.0000000000000000        1.0000000000000000        1.0000000000000000        1.0000000000000000        1.0000000000000000        1.0000000000000000        1.0000000000000000     
   1.0000000000000000        1.0000000000000000        1.0000000000000000        1.0000000000000000        1.0000000000000000        1.0000000000000000        1.0000000000000000        1.0000000000000000        1.0000000000000000        1.0000000000000000        1.0000000000000000        1.0000000000000000        1.0000000000000000        1.0000000000000000        1.0000000000000000     
   1.0000000000000000        1.0000000000000000        1.0000000000000000        1.0000000000000000        1.0000000000000000        1.0000000000000000        1.0000000000000000        1.0000000000000000        1.0000000000000000        1.0000000000000000        1.0000000000000000        1.0000000000000000        1.0000000000000000        1.0000000000000000        1.0000000000000000     
   1.0000000000000000        1.0000000000000000        1.0000000000000000        1.0000000000000000        1.0000000000000000        1.0000000000000000        1.0000000000000000        1.0000000000000000        1.0000000000000000        1.0000000000000000        1.0000000000000000        1.0000000000000000        1.0000000000000000        1.0000000000000000        1.0000000000000000     
   1.0000000000000000        1.0000000000000000        1.0000000000000000        1.0000000000000000        1.0000000000000000        1.0000000000000000        1.0000000000000000        1.0000000000000000        1.0000000000000000        1.0000000000000000        1.0000000000000000        1.0000000000000000        1.0000000000000000        1.0000000000000000        1.0000000000000000     
   1.0000000000000000        1.0000000000000000        1.0000000000000000        1.0000000000000000        1.0000000000000000        1.0000000000000000        1.0000000000000000        1.0000000000000000        1.0000000000000000        1.0000000000000000        1.0000000000000000        1.0000000000000000        1.0000000000000000        1.0000000000000000        1.0000000000000000     
   1.0000000000000000        1.0000000000000000        1.0000000000000000        1.0000000000000000        1.0000000000000000        1.0000000000000000        1.0000000000000000        1.0000000000000000        1.0000000000000000        1.0000000000000000        1.0000000000000000        1.0000000000000000        1.0000000000000000        1.0000000000000000        1.0000000000000000     
   1.0000000000000000        1.0000000000000000        1.0000000000000000        1.0000000000000000        1.0000000000000000        1.0000000000000000        1.0000000000000000        1.0000000000000000        1.0000000000000000        1.0000000000000000        1.0000000000000000        1.0000000000000000        1.0000000000000000        1.0000000000000000        1.0000000000000000     
   1.0000000000000000        1.0000000000000000        1.0000000000000000        1.0000000000000000        1.0000000000000000        1.0000000000000000        1.0000000000000000        1.0000000000000000        1.0000000000000000        1.0000000000000000        1.0000000000000000        1.0000000000000000        1.0000000000000000        1.0000000000000000        1.0000000000000000     
   1.0000000000000000        1.0000000000000000        1.0000000000000000        1.0000000000000000        1.0000000000000000        1.0000000000000000        1.0000000000000000        1.0000000000000000        1.0000000000000000        1.0000000000000000        1.0000000000000000        1.0000000000000000        1.0000000000000000        1.0000000000000000        1.0000000000000000     
   1.0000000000000000        1.0000000000000000        1.0000000000000000        1.0000000000000000        1.0000000000000000        1.0000000000000000        1.0000000000000000        1.0000000000000000        1.0000000000000000        1.0000000000000000        1.0000000000000000        1.0000000000000000        1.0000000000000000        1.0000000000000000        1.0000000000000000     
   1.0000000000000000        1.0000000000000000        1.0000000000000000        1.0000000000000000        1.0000000000000000        1.0000000000000000        1.0000000000000000        1.0000000000000000        1.0000000000000000        1.0000000000000000        1.0000000000000000        1.0000000000000000        1.0000000000000000        1.0000000000000000        1.0000000000000000     
   1.0000000000000000        1.0000000000000000        1.0000000000000000        1.0000000000000000        1.0000000000000000        1.0000000000000000        1.0000000000000000        1.0000000000000000        1.0000000000000000        1.0000000000000000        1.0000000000000000        1.0000000000000000        1.0000000000000000        1.0000000000000000        1.0000000000000000     
   1.0000000000000000        1.0000000000000000        1.0000000000000000        1.0000000000000000        1.0000000000000000        1.0000000000000000        1.0000000000000000        1.0000000000000000        1.0000000000000000        1.0000000000000000        1.0000000000000000        1.0000000000000000        1.0000000000000000        1.0000000000000000        1.0000000000000000     
   1.0000000000000000        1.0000000000000000        1.0000000000000000        1.0000000000000000        1.0000000000000000        1.0000000000000000        1.0000000000000000        1.0000000000000000        1.0000000000000000        1.0000000000000000        1.0000000000000000        1.0000000000000000        1.0000000000000000        1.0000000000000000        1.0000000000000000     
   1.0000000000000000        1.0000000000000000        1.0000000000000000        1.0000000000000000        1.0000000000000000        1.0000000000000000        1.0000000000000000        1.0000000000000000        1.0000000000000000        1.0000000000000000        1.0000000000000000        1.0000000000000000        1.0000000000000000        1.0000000000000000        1.0000000000000000     
   1.0000000000000000        1.0000000000000000        1.0000000000000000        1.0000000000000000        1.0000000000000000        1.0000000000000000        1.0000000000000000        1.0000000000000000        1.0000000000000000        1.0000000000000000        1.0000000000000000        1.0000000000000000        1.0000000000000000        1.0000000000000000        1.0000000000000000     
   1.0000000000000000        1.0000000000000000        1.0000000000000000        1.0000000000000000        1.0000000000000000        1.0000000000000000        1.0000000000000000        1.0000000000000000        1.0000000000000000        1.0000000000000000        1.0000000000000000        1.0000000000000000        1.0000000000000000        1.0000000000000000        1.0000000000000000     
   1.0000000000000000        1.0000000000000000        1.0000000000000000        1.0000000000000000        1.0000000000000000        1.0000000000000000        1.0000000000000000        1.0000000000000000        1.0000000000000000        1.0000000000000000        1.0000000000000000        1.0000000000000000        1.0000000000000000        1.0000000000000000        1.0000000000000000     
   1.0000000000000000        1.0000000000000000        1.0000000000000000        1.0000000000000000        1.0000000000000000        1.0000000000000000        1.0000000000000000        1.0000000000000000        1.0000000000000000        1.0000000000000000        1.0000000000000000        1.0000000000000000        1.0000000000000000        1.0000000000000000        1.0000000000000000     
   1.0000000000000000        1.0000000000000000        1.0000000000000000        1.0000000000000000        1.0000000000000000        1.0000000000000000        1.0000000000000000        1.0000000000000000        1.0000000000000000        1.0000000000000000        1.0000000000000000        1.0000000000000000        1.0000000000000000        1.0000000000000000        1.0000000000000000     
   1.0000000000000000        1.0000000000000000        1.0000000000000000        1.0000000000000000        1.0000000000000000        1.0000000000000000        1.0000000000000000        1.0000000000000000        1.0000000000000000        1.0000000000000000        1.0000000000000000        1.0000000000000000        1.0000000000000000        1.0000000000000000        1.0000000000000000     
   1.0000000000000000        1.0000000000000000        1.0000000000000000        1.0000000000000000        1.0000000000000000        1.0000000000000000        1.0000000000000000        1.0000000000000000        1.0000000000000000        1.0000000000000000        1.0000000000000000        1.0000000000000000        1.0000000000000000        1.0000000000000000        1.0000000000000000     
   1.0000000000000000        1.0000000000000000        1.0000000000000000        1.0000000000000000        1.0000000000000000        1.0000000000000000        1.0000000000000000        1.0000000000000000        1.0000000000000000        1.0000000000000000        1.0000000000000000        1.0000000000000000        1.0000000000000000        1.0000000000000000        1.0000000000000000     
   1.0000000000000000        1.0000000000000000        1.0000000000000000        1.0000000000000000        1.0000000000000000        1.0000000000000000        1.0000000000000000        1.0000000000000000        1.0000000000000000        1.0000000000000000        1.0000000000000000        1.0000000000000000        1.0000000000000000        1.0000000000000000        1.0000000000000000     
   1.0000000000000000        1.0000000000000000        1.0000000000000000        1.0000000000000000        1.0000000000000000        1.0000000000000000        1.0000000000000000        1.0000000000000000        1.0000000000000000        1.0000000000000000        1.0000000000000000        1.0000000000000000        1.0000000000000000        1.0000000000000000        1.0000000000000000     
   1.0000000000000000        1.0000000000000000        1.0000000000000000        1.0000000000000000        1.0000000000000000        1.0000000000000000        1.0000000000000000        1.0000000000000000        1.0000000000000000        1.0000000000000000        1.0000000000000000        1.0000000000000000        1.0000000000000000        1.0000000000000000        1.0000000000000000     
   1.0000000000000000        1.0000000000000000        1.0000000000000000        1.0000000000000000        1.0000000000000000        1.0000000000000000        1.0000000000000000        1.0000000000000000        1.0000000000000000        1.0000000000000000        1.0000000000000000        1.0000000000000000        1.0000000000000000        1.0000000000000000        1.0000000000000000     
   1.0000000000000000        1.0000000000000000        1.0000000000000000        1.0000000000000000        1.0000000000000000        1.0000000000000000        1.0000000000000000        1.0000000000000000        1.0000000000000000        1.0000000000000000        1.0000000000000000        1.0000000000000000        1.0000000000000000        1.0000000000000000        1.0000000000000000     
   1.0000000000000000        1.0000000000000000        1.0000000000000000        1.0000000000000000        1.0000000000000000        1.0000000000000000        1.0000000000000000        1.0000000000000000        1.0000000000000000        1.0000000000000000        1.0000000000000000        1.0000000000000000        1.0000000000000000        1.0000000000000000        1.0000000000000000     
   1.0000000000000000        1.0000000000000000        1.0000000000000000        1.0000000000000000        1.0000000000000000        1.0000000000000000        1.0000000000000000        1.0000000000000000        1.0000000000000000        1.0000000000000000        1.0000000000000000        1.0000000000000000        1.0000000000000000        1.0000000000000000        1.0000000000000000     
   1.0000000000000000        1.0000000000000000        1.0000000000000000        1.0000000000000000        1.0000000000000000        1.0000000000000000        1.0000000000000000        1.0000000000000000        1.0000000000000000        1.0000000000000000        1.0000000000000000        1.0000000000000000        1.0000000000000000        1.0000000000000000        1.0000000000000000     
   1.0000000000000000        1.0000000000000000        1.0000000000000000        1.0000000000000000        1.0000000000000000        1.0000000000000000        1.0000000000000000        1.0000000000000000        1.0000000000000000        1.0000000000000000        1.0000000000000000        1.0000000000000000        1.0000000000000000        1.0000000000000000        1.0000000000000000     
   1.0000000000000000        1.0000000000000000        1.0000000000000000        1.0000000000000000        1.0000000000000000        1.0000000000000000        1.0000000000000000        1.0000000000000000        1.0000000000000000        1.0000000000000000        1.0000000000000000        1.0000000000000000        1.0000000000000000        1.0000000000000000        1.0000000000000000     
   1.0000000000000000        1.0000000000000000        1.0000000000000000        1.0000000000000000        1.0000000000000000        1.0000000000000000        1.0000000000000000        1.0000000000000000        1.0000000000000000        1.0000000000000000        1.0000000000000000        1.0000000000000000        1.0000000000000000        1.0000000000000000        1.0000000000000000     
   1.0000000000000000        1.0000000000000000        1.0000000000000000        1.0000000000000000        1.0000000000000000        1.0000000000000000        1.0000000000000000        1.0000000000000000        1.0000000000000000        1.0000000000000000        1.0000000000000000        1.0000000000000000        1.0000000000000000        1.0000000000000000        1.0000000000000000     
   1.0000000000000000        1.0000000000000000        1.0000000000000000        1.0000000000000000        1.0000000000000000        1.0000000000000000        1.0000000000000000        1.0000000000000000        1.0000000000000000        1.0000000000000000        1.0000000000000000        1.0000000000000000        1.0000000000000000        1.0000000000000000        1.0000000000000000     
   1.0000000000000000        1.0000000000000000        1.0000000000000000        1.0000000000000000        1.0000000000000000        1.0000000000000000        1.0000000000000000        1.0000000000000000        1.0000000000000000        1.0000000000000000        1.0000000000000000        1.0000000000000000        1.0000000000000000        1.0000000000000000        1.0000000000000000     
   1.0000000000000000        1.0000000000000000        1.0000000000000000        1.0000000000000000        1.0000000000000000        1.0000000000000000        1.0000000000000000        1.0000000000000000        1.0000000000000000        1.0000000000000000        1.0000000000000000        1.0000000000000000        1.0000000000000000        1.0000000000000000        1.0000000000000000     
   1.0000000000000000        1.0000000000000000        1.0000000000000000        1.0000000000000000        1.0000000000000000        1.0000000000000000        1.0000000000000000        1.0000000000000000        1.0000000000000000        1.0000000000000000        1.0000000000000000        1.0000000000000000        1.0000000000000000        1.0000000000000000        1.0000000000000000     
   1.0000000000000000        1.0000000000000000        1.0000000000000000        1.0000000000000000        1.0000000000000000        1.0000000000000000        1.0000000000000000        1.0000000000000000        1.0000000000000000        1.0000000000000000        1.0000000000000000        1.0000000000000000        1.0000000000000000        1.0000000000000000        1.0000000000000000     
   1.0000000000000000        1.0000000000000000        1.0000000000000000        1.0000000000000000        1.0000000000000000        1.0000000000000000        1.0000000000000000        1.0000000000000000        1.0000000000000000        1.0000000000000000        1.0000000000000000        1.0000000000000000        1.0000000000000000        1.0000000000000000        1.0000000000000000     
   1.0000000000000000        1.0000000000000000        1.0000000000000000        1.0000000000000000        1.0000000000000000        1.0000000000000000        1.0000000000000000        1.0000000000000000        1.0000000000000000        1.0000000000000000        1.0000000000000000        1.0000000000000000        1.0000000000000000        1.0000000000000000        1.0000000000000000     
   1.0000000000000000        1.0000000000000000        1.0000000000000000        1.0000000000000000        1.0000000000000000        1.0000000000000000        1.0000000000000000        1.0000000000000000        1.0000000000000000        1.0000000000000000        1.0000000000000000        1.0000000000000000        1.0000000000000000        1.0000000000000000        1.0000000000000000     
   1.0000000000000000        1.0000000000000000        1.0000000000000000        1.0000000000000000        1.0000000000000000        1.0000000000000000        1.0000000000000000        1.0000000000000000        1.0000000000000000        1.0000000000000000        1.0000000000000000        1.0000000000000000        1.0000000000000000        1.0000000000000000        1.0000000000000000     
   1.0000000000000000        1.0000000000000000        1.0000000000000000        1.0000000000000000        1.0000000000000000        1.0000000000000000        1.0000000000000000        1.0000000000000000        1.0000000000000000        1.0000000000000000        1.0000000000000000        1.0000000000000000        1.0000000000000000        1.0000000000000000        1.0000000000000000     
   1.0000000000000000        1.0000000000000000        1.0000000000000000        1.0000000000000000        1.0000000000000000        1.0000000000000000        1.0000000000000000        1.0000000000000000        1.0000000000000000        1.0000000000000000        1.0000000000000000        1.0000000000000000        1.0000000000000000        1.0000000000000000        1.0000000000000000     
   1.0000000000000000        1.0000000000000000        1.0000000000000000        1.0000000000000000        1.0000000000000000        1.0000000000000000        1.0000000000000000        1.0000000000000000        1.0000000000000000        1.0000000000000000        1.0000000000000000        1.0000000000000000        1.0000000000000000        1.0000000000000000        1.0000000000000000     
   1.0000000000000000        1.0000000000000000        1.0000000000000000        1.0000000000000000        1.0000000000000000        1.0000000000000000        1.0000000000000000        1.0000000000000000        1.0000000000000000        1.0000000000000000        1.0000000000000000        1.0000000000000000        1.0000000000000000        1.0000000000000000        1.0000000000000000     
   1.0000000000000000        1.0000000000000000        1.0000000000000000        1.0000000000000000        1.0000000000000000        1.0000000000000000        1.0000000000000000        1.0000000000000000        1.0000000000000000        1.0000000000000000        1.0000000000000000        1.0000000000000000        1.0000000000000000        1.0000000000000000        1.0000000000000000     
   1.0000000000000000        1.0000000000000000        1.0000000000000000        1.0000000000000000        1.0000000000000000        1.0000000000000000        1.0000000000000000        1.0000000000000000        1.0000000000000000        1.0000000000000000        1.0000000000000000        1.0000000000000000        1.0000000000000000        1.0000000000000000        1.0000000000000000     
   1.0000000000000000        1.0000000000000000        1.0000000000000000        1.0000000000000000        1.0000000000000000        1.0000000000000000        1.0000000000000000        1.0000000000000000        1.0000000000000000        1.0000000000000000        1.0000000000000000        1.0000000000000000        1.0000000000000000        1.0000000000000000        1.0000000000000000     
   1.0000000000000000        1.0000000000000000        1.0000000000000000        1.0000000000000000        1.0000000000000000        1.0000000000000000        1.0000000000000000        1.0000000000000000        1.0000000000000000        1.0000000000000000        1.0000000000000000        1.0000000000000000        1.0000000000000000        1.0000000000000000        1.0000000000000000     
   1.0000000000000000        1.0000000000000000        1.0000000000000000        1.0000000000000000        1.0000000000000000        1.0000000000000000        1.0000000000000000        1.0000000000000000        1.0000000000000000        1.0000000000000000        1.0000000000000000        1.0000000000000000        1.0000000000000000        1.0000000000000000        1.0000000000000000     
   1.0000000000000000        1.0000000000000000        1.0000000000000000        1.0000000000000000        1.0000000000000000        1.0000000000000000        1.0000000000000000        1.0000000000000000        1.0000000000000000        1.0000000000000000        1.0000000000000000        1.0000000000000000        1.0000000000000000        1.0000000000000000        1.0000000000000000     
   1.0000000000000000        1.0000000000000000        1.0000000000000000        1.0000000000000000        1.0000000000000000        1.0000000000000000        1.0000000000000000        1.0000000000000000        1.0000000000000000        1.0000000000000000        1.0000000000000000        1.0000000000000000        1.0000000000000000        1.0000000000000000        1.0000000000000000     
   1.0000000000000000        1.0000000000000000        1.0000000000000000        1.0000000000000000        1.0000000000000000        1.0000000000000000        1.0000000000000000        1.0000000000000000        1.0000000000000000        1.0000000000000000        1.0000000000000000        1.0000000000000000        1.0000000000000000        1.0000000000000000        1.0000000000000000     
   1.0000000000000000        1.0000000000000000        1.0000000000000000        1.0000000000000000        1.0000000000000000        1.0000000000000000        1.0000000000000000        1.0000000000000000        1.0000000000000000        1.0000000000000000        1.0000000000000000        1.0000000000000000        1.0000000000000000        1.0000000000000000        1.0000000000000000     
   1.0000000000000000        1.0000000000000000        1.0000000000000000        1.0000000000000000        1.0000000000000000        1.0000000000000000        1.0000000000000000        1.0000000000000000        1.0000000000000000        1.0000000000000000        1.0000000000000000        1.0000000000000000        1.0000000000000000        1.0000000000000000        1.0000000000000000     
   1.0000000000000000        1.0000000000000000        1.0000000000000000        1.0000000000000000        1.0000000000000000        1.0000000000000000        1.0000000000000000        1.0000000000000000        1.0000000000000000        1.0000000000000000        1.0000000000000000        1.0000000000000000        1.0000000000000000        1.0000000000000000        1.0000000000000000     
   1.0000000000000000        1.0000000000000000        1.0000000000000000        1.0000000000000000        1.0000000000000000        1.0000000000000000        1.0000000000000000        1.0000000000000000        1.0000000000000000        1.0000000000000000        1.0000000000000000        1.0000000000000000        1.0000000000000000        1.0000000000000000        1.0000000000000000     
   1.0000000000000000        1.0000000000000000        1.0000000000000000        1.0000000000000000        1.0000000000000000        1.0000000000000000        1.0000000000000000        1.0000000000000000        1.0000000000000000        1.0000000000000000        1.0000000000000000        1.0000000000000000        1.0000000000000000        1.0000000000000000        1.0000000000000000     
   1.0000000000000000        1.0000000000000000        1.0000000000000000        1.0000000000000000        1.0000000000000000        1.0000000000000000        1.0000000000000000        1.0000000000000000        1.0000000000000000        1.0000000000000000        1.0000000000000000        1.0000000000000000        1.0000000000000000        1.0000000000000000        1.0000000000000000     
   1.0000000000000000        1.0000000000000000        1.0000000000000000        1.0000000000000000        1.0000000000000000        1.0000000000000000        1.0000000000000000        1.0000000000000000        1.0000000000000000        1.0000000000000000        1.0000000000000000        1.0000000000000000        1.0000000000000000        1.0000000000000000        1.0000000000000000     
   1.0000000000000000        1.0000000000000000        1.0000000000000000        1.0000000000000000        1.0000000000000000        1.0000000000000000        1.0000000000000000        1.0000000000000000        1.0000000000000000        1.0000000000000000        1.0000000000000000        1.0000000000000000        1.0000000000000000        1.0000000000000000        1.0000000000000000     
   1.0000000000000000        1.0000000000000000        1.0000000000000000        1.0000000000000000        1.0000000000000000        1.0000000000000000        1.0000000000000000        1.0000000000000000        1.0000000000000000        1.0000000000000000        1.0000000000000000        1.0000000000000000        1.0000000000000000        1.0000000000000000        1.0000000000000000     
   1.0000000000000000        1.0000000000000000        1.0000000000000000        1.0000000000000000        1.0000000000000000        1.0000000000000000        1.0000000000000000        1.0000000000000000        1.0000000000000000        1.0000000000000000        1.0000000000000000        1.0000000000000000        1.0000000000000000        1.0000000000000000        1.0000000000000000     
   1.0000000000000000        1.0000000000000000        1.0000000000000000        1.0000000000000000        1.0000000000000000        1.0000000000000000        1.0000000000000000        1.0000000000000000        1.0000000000000000        1.0000000000000000        1.0000000000000000        1.0000000000000000        1.0000000000000000        1.0000000000000000        1.0000000000000000     
   1.0000000000000000        1.0000000000000000        1.0000000000000000        1.0000000000000000        1.0000000000000000        1.0000000000000000        1.0000000000000000        1.0000000000000000        1.0000000000000000        1.0000000000000000        1.0000000000000000        1.0000000000000000        1.0000000000000000        1.0000000000000000        1.0000000000000000     
   1.0000000000000000        1.0000000000000000        1.0000000000000000        1.0000000000000000        1.0000000000000000        1.0000000000000000        1.0000000000000000        1.0000000000000000        1.0000000000000000        1.0000000000000000        1.0000000000000000        1.0000000000000000        1.0000000000000000        1.0000000000000000        1.0000000000000000     
   1.0000000000000000        1.0000000000000000        1.0000000000000000        1.0000000000000000        1.0000000000000000        1.0000000000000000        1.0000000000000000        1.0000000000000000        1.0000000000000000        1.0000000000000000        1.0000000000000000        1.0000000000000000        1.0000000000000000        1.0000000000000000        1.0000000000000000     
   1.0000000000000000        1.0000000000000000        1.0000000000000000        1.0000000000000000        1.0000000000000000        1.0000000000000000        1.0000000000000000        1.0000000000000000        1.0000000000000000        1.0000000000000000        1.0000000000000000        1.0000000000000000        1.0000000000000000        1.0000000000000000        1.0000000000000000     
   1.0000000000000000        1.0000000000000000        1.0000000000000000        1.0000000000000000        1.0000000000000000        1.0000000000000000        1.0000000000000000        1.0000000000000000        1.0000000000000000        1.0000000000000000        1.0000000000000000        1.0000000000000000        1.0000000000000000        1.0000000000000000        1.0000000000000000     
   1.0000000000000000        1.0000000000000000        1.0000000000000000        1.0000000000000000        1.0000000000000000        1.0000000000000000        1.0000000000000000        1.0000000000000000        1.0000000000000000        1.0000000000000000        1.0000000000000000        1.0000000000000000        1.0000000000000000        1.0000000000000000        1.0000000000000000     
   1.0000000000000000        1.0000000000000000        1.0000000000000000        1.0000000000000000        1.0000000000000000        1.0000000000000000        1.0000000000000000        1.0000000000000000        1.0000000000000000        1.0000000000000000        1.0000000000000000        1.0000000000000000        1.0000000000000000        1.0000000000000000        1.0000000000000000     
   1.0000000000000000        1.0000000000000000        1.0000000000000000        1.0000000000000000        1.0000000000000000        1.0000000000000000        1.0000000000000000        1.0000000000000000        1.0000000000000000        1.0000000000000000        1.0000000000000000        1.0000000000000000        1.0000000000000000        1.0000000000000000        1.0000000000000000     
   1.0000000000000000        1.0000000000000000        1.0000000000000000        1.0000000000000000        1.0000000000000000        1.0000000000000000        1.0000000000000000        1.0000000000000000        1.0000000000000000        1.0000000000000000        1.0000000000000000        1.0000000000000000        1.0000000000000000        1.0000000000000000        1.0000000000000000     
   1.0000000000000000        1.0000000000000000        1.0000000000000000        1.0000000000000000        1.0000000000000000        1.0000000000000000        1.0000000000000000        1.0000000000000000        1.0000000000000000        1.0000000000000000        1.0000000000000000        1.0000000000000000        1.0000000000000000        1.0000000000000000        1.0000000000000000     
   1.0000000000000000        1.0000000000000000        1.0000000000000000        1.0000000000000000        1.0000000000000000        1.0000000000000000        1.0000000000000000        1.0000000000000000        1.0000000000000000        1.0000000000000000        1.0000000000000000        1.0000000000000000        1.0000000000000000        1.0000000000000000        1.0000000000000000     
   1.0000000000000000        1.0000000000000000        1.0000000000000000        1.0000000000000000        1.0000000000000000        1.0000000000000000        1.0000000000000000        1.0000000000000000        1.0000000000000000        1.0000000000000000        1.0000000000000000        1.0000000000000000        1.0000000000000000        1.0000000000000000        1.0000000000000000     
   1.0000000000000000        1.0000000000000000        1.0000000000000000        1.0000000000000000        1.0000000000000000        1.0000000000000000        1.0000000000000000        1.0000000000000000        1.0000000000000000        1.0000000000000000        1.0000000000000000        1.0000000000000000        1.0000000000000000        1.0000000000000000        1.0000000000000000     
   1.0000000000000000        1.0000000000000000        1.0000000000000000        1.0000000000000000        1.0000000000000000        1.0000000000000000        1.0000000000000000        1.0000000000000000        1.0000000000000000        1.0000000000000000        1.0000000000000000        1.0000000000000000        1.0000000000000000        1.0000000000000000        1.0000000000000000     
   1.0000000000000000        1.0000000000000000        1.0000000000000000        1.0000000000000000        1.0000000000000000        1.0000000000000000        1.0000000000000000        1.0000000000000000        1.0000000000000000        1.0000000000000000        1.0000000000000000        1.0000000000000000        1.0000000000000000        1.0000000000000000        1.0000000000000000     
   1.0000000000000000        1.0000000000000000        1.0000000000000000        1.0000000000000000        1.0000000000000000        1.0000000000000000        1.0000000000000000        1.0000000000000000        1.0000000000000000        1.0000000000000000        1.0000000000000000        1.0000000000000000        1.0000000000000000        1.0000000000000000        1.0000000000000000     
   1.0000000000000000        1.0000000000000000        1.0000000000000000        1.0000000000000000        1.0000000000000000        1.0000000000000000        1.0000000000000000        1.0000000000000000        1.0000000000000000        1.0000000000000000        1.0000000000000000        1.0000000000000000        1.0000000000000000        1.0000000000000000        1.0000000000000000     
   1.0000000000000000        1.0000000000000000        1.0000000000000000        1.0000000000000000        1.0000000000000000        1.0000000000000000        1.0000000000000000        1.0000000000000000        1.0000000000000000        1.0000000000000000        1.0000000000000000        1.0000000000000000        1.0000000000000000        1.0000000000000000        1.0000000000000000     
   1.0000000000000000        1.0000000000000000        1.0000000000000000        1.0000000000000000        1.0000000000000000        1.0000000000000000        1.0000000000000000        1.0000000000000000        1.0000000000000000        1.0000000000000000        1.0000000000000000        1.0000000000000000        1.0000000000000000        1.0000000000000000        1.0000000000000000     
   1.0000000000000000        1.0000000000000000        1.0000000000000000        1.0000000000000000        1.0000000000000000        1.0000000000000000        1.0000000000000000        1.0000000000000000        1.0000000000000000        1.0000000000000000        1.0000000000000000        1.0000000000000000        1.0000000000000000        1.0000000000000000        1.0000000000000000     
   1.0000000000000000        1.0000000000000000        1.0000000000000000        1.0000000000000000        1.0000000000000000        1.0000000000000000        1.0000000000000000        1.0000000000000000        1.0000000000000000        1.0000000000000000        1.0000000000000000        1.0000000000000000        1.0000000000000000        1.0000000000000000        1.0000000000000000     
   1.0000000000000000        1.0000000000000000        1.0000000000000000        1.0000000000000000        1.0000000000000000        1.0000000000000000        1.0000000000000000        1.0000000000000000        1.0000000000000000        1.0000000000000000        1.0000000000000000        1.0000000000000000        1.0000000000000000        1.0000000000000000        1.0000000000000000     
   1.0000000000000000        1.0000000000000000        1.0000000000000000        1.0000000000000000        1.0000000000000000        1.0000000000000000        1.0000000000000000        1.0000000000000000        1.0000000000000000        1.0000000000000000        1.0000000000000000        1.0000000000000000        1.0000000000000000        1.0000000000000000        1.0000000000000000     
   1.0000000000000000        1.0000000000000000        1.0000000000000000        1.0000000000000000        1.0000000000000000        1.0000000000000000        1.0000000000000000        1.0000000000000000        1.0000000000000000        1.0000000000000000        1.0000000000000000        1.0000000000000000        1.0000000000000000        1.0000000000000000        1.0000000000000000     
   1.0000000000000000        1.0000000000000000        1.0000000000000000        1.0000000000000000        1.0000000000000000        1.0000000000000000        1.0000000000000000        1.0000000000000000        1.0000000000000000        1.0000000000000000        1.0000000000000000        1.0000000000000000        1.0000000000000000        1.0000000000000000        1.0000000000000000     
   1.0000000000000000        1.0000000000000000        1.0000000000000000        1.0000000000000000        1.0000000000000000        1.0000000000000000        1.0000000000000000        1.0000000000000000        1.0000000000000000        1.0000000000000000        1.0000000000000000        1.0000000000000000        1.0000000000000000        1.0000000000000000        1.0000000000000000     
   1.0000000000000000        1.0000000000000000        1.0000000000000000        1.0000000000000000        1.0000000000000000        1.0000000000000000        1.0000000000000000        1.0000000000000000        1.0000000000000000        1.0000000000000000        1.0000000000000000        1.0000000000000000        1.0000000000000000        1.0000000000000000        1.0000000000000000     
   1.0000000000000000        1.0000000000000000        1.0000000000000000        1.0000000000000000        1.0000000000000000        1.0000000000000000        1.0000000000000000        1.0000000000000000        1.0000000000000000        1.0000000000000000        1.0000000000000000        1.0000000000000000        1.0000000000000000        1.0000000000000000        1.0000000000000000     
   1.0000000000000000        1.0000000000000000        1.0000000000000000        1.0000000000000000        1.0000000000000000        1.0000000000000000        1.0000000000000000        1.0000000000000000        1.0000000000000000        1.0000000000000000        1.0000000000000000        1.0000000000000000        1.0000000000000000        1.0000000000000000        1.0000000000000000     
   1.0000000000000000        1.0000000000000000        1.0000000000000000        1.0000000000000000        1.0000000000000000        1.0000000000000000        1.0000000000000000        1.0000000000000000        1.0000000000000000        1.0000000000000000        1.0000000000000000        1.0000000000000000        1.0000000000000000        1.0000000000000000        1.0000000000000000     
   1.0000000000000000        1.0000000000000000        1.0000000000000000        1.0000000000000000        1.0000000000000000        1.0000000000000000        1.0000000000000000        1.0000000000000000        1.0000000000000000        1.0000000000000000        1.0000000000000000        1.0000000000000000        1.0000000000000000        1.0000000000000000        1.0000000000000000     
   1.0000000000000000        1.0000000000000000        1.0000000000000000        1.0000000000000000        1.0000000000000000        1.0000000000000000        1.0000000000000000        1.0000000000000000        1.0000000000000000        1.0000000000000000        1.0000000000000000        1.0000000000000000        1.0000000000000000        1.0000000000000000        1.0000000000000000     
   1.0000000000000000        1.0000000000000000        1.0000000000000000        1.0000000000000000        1.0000000000000000        1.0000000000000000        1.0000000000000000        1.0000000000000000        1.0000000000000000        1.0000000000000000        1.0000000000000000        1.0000000000000000        1.0000000000000000        1.0000000000000000        1.0000000000000000     
   1.0000000000000000        1.0000000000000000        1.0000000000000000        1.0000000000000000        1.0000000000000000        1.0000000000000000        1.0000000000000000        1.0000000000000000        1.0000000000000000        1.0000000000000000        1.0000000000000000        1.0000000000000000        1.0000000000000000        1.0000000000000000        1.0000000000000000     
   1.0000000000000000        1.0000000000000000        1.0000000000000000        1.0000000000000000        1.0000000000000000        1.0000000000000000        1.0000000000000000        1.0000000000000000        1.0000000000000000        1.0000000000000000        1.0000000000000000        1.0000000000000000        1.0000000000000000        1.0000000000000000        1.0000000000000000     
   1.0000000000000000        1.0000000000000000        1.0000000000000000        1.0000000000000000        1.0000000000000000        1.0000000000000000        1.0000000000000000        1.0000000000000000        1.0000000000000000        1.0000000000000000        1.0000000000000000        1.0000000000000000        1.0000000000000000        1.0000000000000000        1.0000000000000000     
   1.0000000000000000        1.0000000000000000        1.0000000000000000        1.0000000000000000        1.0000000000000000        1.0000000000000000        1.0000000000000000        1.0000000000000000        1.0000000000000000        1.0000000000000000        1.0000000000000000        1.0000000000000000        1.0000000000000000        1.0000000000000000        1.0000000000000000     
   1.0000000000000000        1.0000000000000000        1.0000000000000000        1.0000000000000000        1.0000000000000000        1.0000000000000000        1.0000000000000000        1.0000000000000000        1.0000000000000000        1.0000000000000000        1.0000000000000000        1.0000000000000000        1.0000000000000000        1.0000000000000000        1.0000000000000000     
   1.0000000000000000        1.0000000000000000        1.0000000000000000        1.0000000000000000        1.0000000000000000        1.0000000000000000        1.0000000000000000        1.0000000000000000        1.0000000000000000        1.0000000000000000        1.0000000000000000        1.0000000000000000        1.0000000000000000        1.0000000000000000        1.0000000000000000     
   1.0000000000000000        1.0000000000000000        1.0000000000000000        1.0000000000000000        1.0000000000000000        1.0000000000000000        1.0000000000000000        1.0000000000000000        1.0000000000000000        1.0000000000000000        1.0000000000000000        1.0000000000000000        1.0000000000000000        1.0000000000000000        1.0000000000000000     
   1.0000000000000000        1.0000000000000000        1.0000000000000000        1.0000000000000000        1.0000000000000000        1.0000000000000000        1.0000000000000000        1.0000000000000000        1.0000000000000000        1.0000000000000000        1.0000000000000000        1.0000000000000000        1.0000000000000000        1.0000000000000000        1.0000000000000000     
   1.0000000000000000        1.0000000000000000        1.0000000000000000        1.0000000000000000        1.0000000000000000        1.0000000000000000        1.0000000000000000        1.0000000000000000        1.0000000000000000        1.0000000000000000        1.0000000000000000        1.0000000000000000        1.0000000000000000        1.0000000000000000        1.0000000000000000     
   1.0000000000000000        1.0000000000000000        1.0000000000000000        1.0000000000000000        1.0000000000000000        1.0000000000000000        1.0000000000000000        1.0000000000000000        1.0000000000000000        1.0000000000000000        1.0000000000000000        1.0000000000000000        1.0000000000000000        1.0000000000000000        1.0000000000000000     
   1.0000000000000000        1.0000000000000000        1.0000000000000000        1.0000000000000000        1.0000000000000000        1.0000000000000000        1.0000000000000000        1.0000000000000000        1.0000000000000000        1.0000000000000000        1.0000000000000000        1.0000000000000000        1.0000000000000000        1.0000000000000000        1.0000000000000000     
   1.0000000000000000        1.0000000000000000        1.0000000000000000        1.0000000000000000        1.0000000000000000        1.0000000000000000        1.0000000000000000        1.0000000000000000        1.0000000000000000        1.0000000000000000        1.0000000000000000        1.0000000000000000        1.0000000000000000        1.0000000000000000        1.0000000000000000     
   1.0000000000000000        1.0000000000000000        1.0000000000000000        1.0000000000000000        1.0000000000000000        1.0000000000000000        1.0000000000000000        1.0000000000000000        1.0000000000000000        1.0000000000000000        1.0000000000000000        1.0000000000000000        1.0000000000000000        1.0000000000000000        1.0000000000000000     
   1.0000000000000000        1.0000000000000000        1.0000000000000000        1.0000000000000000        1.0000000000000000        1.0000000000000000        1.0000000000000000        1.0000000000000000        1.0000000000000000        1.0000000000000000        1.0000000000000000        1.0000000000000000        1.0000000000000000        1.0000000000000000        1.0000000000000000     
   1.0000000000000000        1.0000000000000000        1.0000000000000000        1.0000000000000000        1.0000000000000000        1.0000000000000000        1.0000000000000000        1.0000000000000000        1.0000000000000000        1.0000000000000000        1.0000000000000000        1.0000000000000000        1.0000000000000000        1.0000000000000000        1.0000000000000000     
   1.0000000000000000        1.0000000000000000        1.0000000000000000        1.0000000000000000        1.0000000000000000        1.0000000000000000        1.0000000000000000        1.0000000000000000        1.0000000000000000        1.0000000000000000        1.0000000000000000        1.0000000000000000        1.0000000000000000        1.0000000000000000        1.0000000000000000     
   1.0000000000000000        1.0000000000000000        1.0000000000000000        1.0000000000000000        1.0000000000000000        1.0000000000000000        1.0000000000000000        1.0000000000000000        1.0000000000000000        1.0000000000000000        1.0000000000000000        1.0000000000000000        1.0000000000000000        1.0000000000000000        1.0000000000000000     
   1.0000000000000000        1.0000000000000000        1.0000000000000000        1.0000000000000000        1.0000000000000000        1.0000000000000000        1.0000000000000000        1.0000000000000000        1.0000000000000000        1.0000000000000000        1.0000000000000000        1.0000000000000000        1.0000000000000000        1.0000000000000000        1.0000000000000000     
   1.0000000000000000        1.0000000000000000        1.0000000000000000        1.0000000000000000        1.0000000000000000        1.0000000000000000        1.0000000000000000        1.0000000000000000        1.0000000000000000        1.0000000000000000        1.0000000000000000        1.0000000000000000        1.0000000000000000        1.0000000000000000        1.0000000000000000     
   1.0000000000000000        1.0000000000000000        1.0000000000000000        1.0000000000000000        1.0000000000000000        1.0000000000000000        1.0000000000000000        1.0000000000000000        1.0000000000000000        1.0000000000000000        1.0000000000000000        1.0000000000000000        1.0000000000000000        1.0000000000000000        1.0000000000000000     
   1.0000000000000000        1.0000000000000000        1.0000000000000000        1.0000000000000000        1.0000000000000000        1.0000000000000000        1.0000000000000000        1.0000000000000000        1.0000000000000000        1.0000000000000000        1.0000000000000000        1.0000000000000000        1.0000000000000000        1.0000000000000000        1.0000000000000000     
   1.0000000000000000        1.0000000000000000        1.0000000000000000        1.0000000000000000        1.0000000000000000        1.0000000000000000        1.0000000000000000        1.0000000000000000        1.0000000000000000        1.0000000000000000        1.0000000000000000        1.0000000000000000        1.0000000000000000        1.0000000000000000        1.0000000000000000     
   1.0000000000000000        1.0000000000000000        1.0000000000000000        1.0000000000000000        1.0000000000000000        1.0000000000000000        1.0000000000000000        1.0000000000000000        1.0000000000000000        1.0000000000000000        1.0000000000000000        1.0000000000000000        1.0000000000000000        1.0000000000000000        1.0000000000000000     
   1.0000000000000000        1.0000000000000000        1.0000000000000000        1.0000000000000000        1.0000000000000000        1.0000000000000000        1.0000000000000000        1.0000000000000000        1.0000000000000000        1.0000000000000000        1.0000000000000000        1.0000000000000000        1.0000000000000000        1.0000000000000000        1.0000000000000000     
   1.0000000000000000        1.0000000000000000        1.0000000000000000        1.0000000000000000        1.0000000000000000        1.0000000000000000        1.0000000000000000        1.0000000000000000        1.0000000000000000        1.0000000000000000        1.0000000000000000        1.0000000000000000        1.0000000000000000        1.0000000000000000        1.0000000000000000     
   1.0000000000000000        1.0000000000000000        1.0000000000000000        1.0000000000000000        1.0000000000000000        1.0000000000000000        1.0000000000000000        1.0000000000000000        1.0000000000000000        1.0000000000000000        1.0000000000000000        1.0000000000000000        1.0000000000000000        1.0000000000000000        1.0000000000000000     
   1.0000000000000000        1.0000000000000000        1.0000000000000000        1.0000000000000000        1.0000000000000000        1.0000000000000000        1.0000000000000000        1.0000000000000000        1.0000000000000000        1.0000000000000000        1.0000000000000000        1.0000000000000000        1.0000000000000000        1.0000000000000000        1.0000000000000000     
   1.0000000000000000        1.0000000000000000        1.0000000000000000        1.0000000000000000        1.0000000000000000        1.0000000000000000        1.0000000000000000        1.0000000000000000        1.0000000000000000        1.0000000000000000        1.0000000000000000        1.0000000000000000        1.0000000000000000        1.0000000000000000        1.0000000000000000     
   1.0000000000000000        1.0000000000000000        1.0000000000000000        1.0000000000000000        1.0000000000000000        1.0000000000000000        1.0000000000000000        1.0000000000000000        1.0000000000000000        1.0000000000000000        1.0000000000000000        1.0000000000000000        1.0000000000000000        1.0000000000000000        1.0000000000000000     
   1.0000000000000000        1.0000000000000000        1.0000000000000000        1.0000000000000000        1.0000000000000000        1.0000000000000000        1.0000000000000000        1.0000000000000000        1.0000000000000000        1.0000000000000000        1.0000000000000000        1.0000000000000000        1.0000000000000000        1.0000000000000000        1.0000000000000000     
   1.0000000000000000        1.0000000000000000        1.0000000000000000        1.0000000000000000        1.0000000000000000        1.0000000000000000        1.0000000000000000        1.0000000000000000        1.0000000000000000        1.0000000000000000        1.0000000000000000        1.0000000000000000        1.0000000000000000        1.0000000000000000        1.0000000000000000     
   1.0000000000000000        1.0000000000000000        1.0000000000000000        1.0000000000000000        1.0000000000000000        1.0000000000000000        1.0000000000000000        1.0000000000000000        1.0000000000000000        1.0000000000000000        1.0000000000000000        1.0000000000000000        1.0000000000000000        1.0000000000000000        1.0000000000000000     
   1.0000000000000000        1.0000000000000000        1.0000000000000000        1.0000000000000000        1.0000000000000000        1.0000000000000000        1.0000000000000000        1.0000000000000000        1.0000000000000000        1.0000000000000000        1.0000000000000000        1.0000000000000000        1.0000000000000000        1.0000000000000000        1.0000000000000000     
   1.0000000000000000        1.0000000000000000        1.0000000000000000        1.0000000000000000        1.0000000000000000        1.0000000000000000        1.0000000000000000        1.0000000000000000        1.0000000000000000        1.0000000000000000        1.0000000000000000        1.0000000000000000        1.0000000000000000        1.0000000000000000        1.0000000000000000     
   1.0000000000000000        1.0000000000000000        1.0000000000000000        1.0000000000000000        1.0000000000000000        1.0000000000000000        1.0000000000000000        1.0000000000000000        1.0000000000000000        1.0000000000000000        1.0000000000000000        1.0000000000000000        1.0000000000000000        1.0000000000000000        1.0000000000000000     
   1.0000000000000000        1.0000000000000000        1.0000000000000000        1.0000000000000000        1.0000000000000000        1.0000000000000000        1.0000000000000000        1.0000000000000000        1.0000000000000000        1.0000000000000000        1.0000000000000000        1.0000000000000000        1.0000000000000000        1.0000000000000000        1.0000000000000000     
   1.0000000000000000        1.0000000000000000        1.0000000000000000        1.0000000000000000        1.0000000000000000        1.0000000000000000        1.0000000000000000        1.0000000000000000        1.0000000000000000        1.0000000000000000        1.0000000000000000        1.0000000000000000        1.0000000000000000        1.0000000000000000        1.0000000000000000     
   1.0000000000000000        1.0000000000000000        1.0000000000000000        1.0000000000000000        1.0000000000000000        1.0000000000000000        1.0000000000000000        1.0000000000000000        1.0000000000000000        1.0000000000000000        1.0000000000000000        1.0000000000000000        1.0000000000000000        1.0000000000000000        1.0000000000000000     
   1.0000000000000000        1.0000000000000000        1.0000000000000000        1.0000000000000000        1.0000000000000000        1.0000000000000000        1.0000000000000000        1.0000000000000000        1.0000000000000000        1.0000000000000000        1.0000000000000000        1.0000000000000000        1.0000000000000000        1.0000000000000000        1.0000000000000000     
   1.0000000000000000        1.0000000000000000        1.0000000000000000        1.0000000000000000        1.0000000000000000        1.0000000000000000        1.0000000000000000        1.0000000000000000        1.0000000000000000        1.0000000000000000        1.0000000000000000        1.0000000000000000        1.0000000000000000        1.0000000000000000        1.0000000000000000     
   1.0000000000000000        1.0000000000000000        1.0000000000000000        1.0000000000000000        1.0000000000000000        1.0000000000000000        1.0000000000000000        1.0000000000000000        1.0000000000000000        1.0000000000000000        1.0000000000000000        1.0000000000000000        1.0000000000000000        1.0000000000000000        1.0000000000000000     
   1.0000000000000000        1.0000000000000000        1.0000000000000000        1.0000000000000000        1.0000000000000000        1.0000000000000000        1.0000000000000000        1.0000000000000000        1.0000000000000000        1.0000000000000000        1.0000000000000000        1.0000000000000000        1.0000000000000000        1.0000000000000000        1.0000000000000000     
   1.0000000000000000        1.0000000000000000        1.0000000000000000        1.0000000000000000        1.0000000000000000        1.0000000000000000        1.0000000000000000        1.0000000000000000        1.0000000000000000        1.0000000000000000        1.0000000000000000        1.0000000000000000        1.0000000000000000        1.0000000000000000        1.0000000000000000     
   1.0000000000000000        1.0000000000000000        1.0000000000000000        1.0000000000000000        1.0000000000000000        1.0000000000000000        1.0000000000000000        1.0000000000000000        1.0000000000000000        1.0000000000000000        1.0000000000000000        1.0000000000000000        1.0000000000000000        1.0000000000000000        1.0000000000000000     
   1.0000000000000000        1.0000000000000000        1.0000000000000000        1.0000000000000000        1.0000000000000000        1.0000000000000000        1.0000000000000000        1.0000000000000000        1.0000000000000000        1.0000000000000000        1.0000000000000000        1.0000000000000000        1.0000000000000000        1.0000000000000000        1.0000000000000000     
   1.0000000000000000        1.0000000000000000        1.0000000000000000        1.0000000000000000        1.0000000000000000        1.0000000000000000        1.0000000000000000        1.0000000000000000        1.0000000000000000        1.0000000000000000        1.0000000000000000        1.0000000000000000        1.0000000000000000        1.0000000000000000        1.0000000000000000     
   1.0000000000000000        1.0000000000000000        1.0000000000000000        1.0000000000000000        1.0000000000000000        1.0000000000000000        1.0000000000000000        1.0000000000000000        1.0000000000000000        1.0000000000000000        1.0000000000000000        1.0000000000000000        1.0000000000000000        1.0000000000000000        1.0000000000000000     
   1.0000000000000000        1.0000000000000000        1.0000000000000000        1.0000000000000000        1.0000000000000000        1.0000000000000000        1.0000000000000000        1.0000000000000000        1.0000000000000000        1.0000000000000000        1.0000000000000000        1.0000000000000000        1.0000000000000000        1.0000000000000000        1.0000000000000000     
   1.0000000000000000        1.0000000000000000        1.0000000000000000        1.0000000000000000        1.0000000000000000        1.0000000000000000        1.0000000000000000        1.0000000000000000        1.0000000000000000        1.0000000000000000        1.0000000000000000        1.0000000000000000        1.0000000000000000        1.0000000000000000        1.0000000000000000     
   1.0000000000000000        1.0000000000000000        1.0000000000000000        1.0000000000000000        1.0000000000000000        1.0000000000000000        1.0000000000000000        1.0000000000000000        1.0000000000000000        1.0000000000000000        1.0000000000000000        1.0000000000000000        1.0000000000000000        1.0000000000000000        1.0000000000000000     
   1.0000000000000000        1.0000000000000000        1.0000000000000000        1.0000000000000000        1.0000000000000000        1.0000000000000000        1.0000000000000000        1.0000000000000000        1.0000000000000000        1.0000000000000000        1.0000000000000000        1.0000000000000000        1.0000000000000000        1.0000000000000000        1.0000000000000000     
   1.0000000000000000        1.0000000000000000        1.0000000000000000        1.0000000000000000        1.0000000000000000        1.0000000000000000        1.0000000000000000        1.0000000000000000        1.0000000000000000        1.0000000000000000        1.0000000000000000        1.0000000000000000        1.0000000000000000        1.0000000000000000        1.0000000000000000     
   1.0000000000000000        1.0000000000000000        1.0000000000000000        1.0000000000000000        1.0000000000000000        1.0000000000000000        1.0000000000000000        1.0000000000000000        1.0000000000000000        1.0000000000000000        1.0000000000000000        1.0000000000000000        1.0000000000000000        1.0000000000000000        1.0000000000000000     
   1.0000000000000000        1.0000000000000000        1.0000000000000000        1.0000000000000000        1.0000000000000000        1.0000000000000000        1.0000000000000000        1.0000000000000000        1.0000000000000000        1.0000000000000000        1.0000000000000000        1.0000000000000000        1.0000000000000000        1.0000000000000000        1.0000000000000000     
   1.0000000000000000        1.0000000000000000        1.0000000000000000        1.0000000000000000        1.0000000000000000        1.0000000000000000        1.0000000000000000        1.0000000000000000        1.0000000000000000        1.0000000000000000        1.0000000000000000        1.0000000000000000        1.0000000000000000        1.0000000000000000        1.0000000000000000     
   1.0000000000000000        1.0000000000000000        1.0000000000000000        1.0000000000000000        1.0000000000000000        1.0000000000000000        1.0000000000000000        1.0000000000000000        1.0000000000000000        1.0000000000000000        1.0000000000000000        1.0000000000000000        1.0000000000000000        1.0000000000000000        1.0000000000000000     
   1.0000000000000000        1.0000000000000000        1.0000000000000000        1.0000000000000000        1.0000000000000000        1.0000000000000000        1.0000000000000000        1.0000000000000000        1.0000000000000000        1.0000000000000000        1.0000000000000000        1.0000000000000000        1.0000000000000000        1.0000000000000000        1.0000000000000000     
   1.0000000000000000        1.0000000000000000        1.0000000000000000        1.0000000000000000        1.0000000000000000        1.0000000000000000        1.0000000000000000        1.0000000000000000        1.0000000000000000        1.0000000000000000        1.0000000000000000        1.0000000000000000        1.0000000000000000        1.0000000000000000        1.0000000000000000     
   1.0000000000000000        1.0000000000000000        1.0000000000000000        1.0000000000000000        1.0000000000000000        1.0000000000000000        1.0000000000000000        1.0000000000000000        1.0000000000000000        1.0000000000000000        1.0000000000000000        1.0000000000000000        1.0000000000000000        1.0000000000000000        1.0000000000000000     
   1.0000000000000000        1.0000000000000000        1.0000000000000000        1.0000000000000000        1.0000000000000000        1.0000000000000000        1.0000000000000000        1.0000000000000000        1.0000000000000000        1.0000000000000000        1.0000000000000000        1.0000000000000000        1.0000000000000000        1.0000000000000000        1.0000000000000000     
   1.0000000000000000        1.0000000000000000        1.0000000000000000        1.0000000000000000        1.0000000000000000        1.0000000000000000        1.0000000000000000        1.0000000000000000        1.0000000000000000        1.0000000000000000        1.0000000000000000        1.0000000000000000        1.0000000000000000        1.0000000000000000        1.0000000000000000     
   1.0000000000000000        1.0000000000000000        1.0000000000000000        1.0000000000000000        1.0000000000000000        1.0000000000000000        1.0000000000000000        1.0000000000000000        1.0000000000000000        1.0000000000000000        1.0000000000000000        1.0000000000000000        1.0000000000000000        1.0000000000000000        1.0000000000000000     
   1.0000000000000000        1.0000000000000000        1.0000000000000000        1.0000000000000000        1.0000000000000000        1.0000000000000000        1.0000000000000000        1.0000000000000000        1.0000000000000000        1.0000000000000000        1.0000000000000000        1.0000000000000000        1.0000000000000000        1.0000000000000000        1.0000000000000000     
   1.0000000000000000        1.0000000000000000        1.0000000000000000        1.0000000000000000        1.0000000000000000        1.0000000000000000        1.0000000000000000        1.0000000000000000        1.0000000000000000        1.0000000000000000        1.0000000000000000        1.0000000000000000        1.0000000000000000        1.0000000000000000        1.0000000000000000     
   1.0000000000000000        1.0000000000000000        1.0000000000000000        1.0000000000000000        1.0000000000000000        1.0000000000000000        1.0000000000000000        1.0000000000000000        1.0000000000000000        1.0000000000000000        1.0000000000000000        1.0000000000000000        1.0000000000000000        1.0000000000000000        1.0000000000000000     
   1.0000000000000000        1.0000000000000000        1.0000000000000000        1.0000000000000000        1.0000000000000000        1.0000000000000000        1.0000000000000000        1.0000000000000000        1.0000000000000000        1.0000000000000000        1.0000000000000000        1.0000000000000000        1.0000000000000000        1.0000000000000000        1.0000000000000000     
   1.0000000000000000        1.0000000000000000        1.0000000000000000        1.0000000000000000        1.0000000000000000        1.0000000000000000        1.0000000000000000        1.0000000000000000        1.0000000000000000        1.0000000000000000        1.0000000000000000        1.0000000000000000        1.0000000000000000        1.0000000000000000        1.0000000000000000     
   1.0000000000000000        1.0000000000000000        1.0000000000000000        1.0000000000000000        1.0000000000000000        1.0000000000000000        1.0000000000000000        1.0000000000000000        1.0000000000000000        1.0000000000000000        1.0000000000000000        1.0000000000000000        1.0000000000000000        1.0000000000000000        1.0000000000000000     
   1.0000000000000000        1.0000000000000000        1.0000000000000000        1.0000000000000000        1.0000000000000000        1.0000000000000000        1.0000000000000000        1.0000000000000000        1.0000000000000000        1.0000000000000000        1.0000000000000000        1.0000000000000000        1.0000000000000000        1.0000000000000000        1.0000000000000000     
   1.0000000000000000        1.0000000000000000        1.0000000000000000        1.0000000000000000        1.0000000000000000        1.0000000000000000        1.0000000000000000        1.0000000000000000        1.0000000000000000        1.0000000000000000        1.0000000000000000        1.0000000000000000        1.0000000000000000        1.0000000000000000        1.0000000000000000     
   1.0000000000000000        1.0000000000000000        1.0000000000000000        1.0000000000000000        1.0000000000000000        1.0000000000000000        1.0000000000000000        1.0000000000000000        1.0000000000000000        1.0000000000000000        1.0000000000000000        1.0000000000000000        1.0000000000000000        1.0000000000000000        1.0000000000000000     
   1.0000000000000000        1.0000000000000000        1.0000000000000000        1.0000000000000000        1.0000000000000000        1.0000000000000000        1.0000000000000000        1.0000000000000000        1.0000000000000000        1.0000000000000000        1.0000000000000000        1.0000000000000000        1.0000000000000000        1.0000000000000000        1.0000000000000000     
   1.0000000000000000        1.0000000000000000        1.0000000000000000        1.0000000000000000        1.0000000000000000        1.0000000000000000        1.0000000000000000        1.0000000000000000        1.0000000000000000        1.0000000000000000        1.0000000000000000        1.0000000000000000        1.0000000000000000        1.0000000000000000        1.0000000000000000     
   1.0000000000000000        1.0000000000000000        1.0000000000000000        1.0000000000000000        1.0000000000000000        1.0000000000000000        1.0000000000000000        1.0000000000000000        1.0000000000000000        1.0000000000000000        1.0000000000000000        1.0000000000000000        1.0000000000000000        1.0000000000000000        1.0000000000000000     
   1.0000000000000000        1.0000000000000000        1.0000000000000000        1.0000000000000000        1.0000000000000000        1.0000000000000000        1.0000000000000000        1.0000000000000000        1.0000000000000000        1.0000000000000000        1.0000000000000000        1.0000000000000000        1.0000000000000000        1.0000000000000000        1.0000000000000000     
   1.0000000000000000        1.0000000000000000        1.0000000000000000        1.0000000000000000        1.0000000000000000        1.0000000000000000        1.0000000000000000        1.0000000000000000        1.0000000000000000        1.0000000000000000        1.0000000000000000        1.0000000000000000        1.0000000000000000        1.0000000000000000        1.0000000000000000     
   1.0000000000000000        1.0000000000000000        1.0000000000000000        1.0000000000000000        1.0000000000000000        1.0000000000000000        1.0000000000000000        1.0000000000000000        1.0000000000000000        1.0000000000000000        1.0000000000000000        1.0000000000000000        1.0000000000000000        1.0000000000000000        1.0000000000000000     
   1.0000000000000000        1.0000000000000000        1.0000000000000000        1.0000000000000000        1.0000000000000000        1.0000000000000000        1.0000000000000000        1.0000000000000000        1.0000000000000000        1.0000000000000000        1.0000000000000000        1.0000000000000000        1.0000000000000000        1.0000000000000000        1.0000000000000000     
   1.0000000000000000        1.0000000000000000        1.0000000000000000        1.0000000000000000        1.0000000000000000        1.0000000000000000        1.0000000000000000        1.0000000000000000        1.0000000000000000        1.0000000000000000        1.0000000000000000        1.0000000000000000        1.0000000000000000        1.0000000000000000        1.0000000000000000     
   1.0000000000000000        1.0000000000000000        1.0000000000000000        1.0000000000000000        1.0000000000000000        1.0000000000000000        1.0000000000000000        1.0000000000000000        1.0000000000000000        1.0000000000000000        1.0000000000000000        1.0000000000000000        1.0000000000000000        1.0000000000000000        1.0000000000000000     
   1.0000000000000000        1.0000000000000000        1.0000000000000000        1.0000000000000000        1.0000000000000000        1.0000000000000000        1.0000000000000000        1.0000000000000000        1.0000000000000000        1.0000000000000000        1.0000000000000000        1.0000000000000000        1.0000000000000000        1.0000000000000000        1.0000000000000000     
   1.0000000000000000        1.0000000000000000        1.0000000000000000        1.0000000000000000        1.0000000000000000        1.0000000000000000        1.0000000000000000        1.0000000000000000        1.0000000000000000        1.0000000000000000        1.0000000000000000        1.0000000000000000        1.0000000000000000        1.0000000000000000        1.0000000000000000     
   1.0000000000000000        1.0000000000000000        1.0000000000000000        1.0000000000000000        1.0000000000000000        1.0000000000000000        1.0000000000000000        1.0000000000000000        1.0000000000000000        1.0000000000000000        1.0000000000000000        1.0000000000000000        1.0000000000000000        1.0000000000000000        1.0000000000000000     
   1.0000000000000000        1.0000000000000000        1.0000000000000000        1.0000000000000000        1.0000000000000000        1.0000000000000000        1.0000000000000000        1.0000000000000000        1.0000000000000000        1.0000000000000000        1.0000000000000000        1.0000000000000000        1.0000000000000000        1.0000000000000000        1.0000000000000000     
   1.0000000000000000        1.0000000000000000        1.0000000000000000        1.0000000000000000        1.0000000000000000        1.0000000000000000        1.0000000000000000        1.0000000000000000        1.0000000000000000        1.0000000000000000        1.0000000000000000        1.0000000000000000        1.0000000000000000        1.0000000000000000        1.0000000000000000     
   1.0000000000000000        1.0000000000000000        1.0000000000000000        1.0000000000000000        1.0000000000000000        1.0000000000000000        1.0000000000000000        1.0000000000000000        1.0000000000000000        1.0000000000000000        1.0000000000000000        1.0000000000000000        1.0000000000000000        1.0000000000000000        1.0000000000000000     
   1.0000000000000000        1.0000000000000000        1.0000000000000000        1.0000000000000000        1.0000000000000000        1.0000000000000000        1.0000000000000000        1.0000000000000000        1.0000000000000000        1.0000000000000000        1.0000000000000000        1.0000000000000000        1.0000000000000000        1.0000000000000000        1.0000000000000000     
   1.0000000000000000        1.0000000000000000        1.0000000000000000        1.0000000000000000        1.0000000000000000        1.0000000000000000        1.0000000000000000        1.0000000000000000        1.0000000000000000        1.0000000000000000        1.0000000000000000        1.0000000000000000        1.0000000000000000        1.0000000000000000        1.0000000000000000     
   1.0000000000000000        1.0000000000000000        1.0000000000000000        1.0000000000000000        1.0000000000000000        1.0000000000000000        1.0000000000000000        1.0000000000000000        1.0000000000000000        1.0000000000000000        1.0000000000000000        1.0000000000000000        1.0000000000000000        1.0000000000000000        1.0000000000000000     
   1.0000000000000000        1.0000000000000000        1.0000000000000000        1.0000000000000000        1.0000000000000000        1.0000000000000000        1.0000000000000000        1.0000000000000000        1.0000000000000000        1.0000000000000000        1.0000000000000000        1.0000000000000000        1.0000000000000000        1.0000000000000000        1.0000000000000000     
   1.0000000000000000        1.0000000000000000        1.0000000000000000        1.0000000000000000        1.0000000000000000        1.0000000000000000        1.0000000000000000        1.0000000000000000        1.0000000000000000        1.0000000000000000        1.0000000000000000        1.0000000000000000        1.0000000000000000        1.0000000000000000        1.0000000000000000     
   1.0000000000000000        1.0000000000000000        1.0000000000000000        1.0000000000000000        1.0000000000000000        1.0000000000000000        1.0000000000000000        1.0000000000000000        1.0000000000000000        1.0000000000000000        1.0000000000000000        1.0000000000000000        1.0000000000000000        1.0000000000000000        1.0000000000000000     
   1.0000000000000000        1.0000000000000000        1.0000000000000000        1.0000000000000000        1.0000000000000000        1.0000000000000000        1.0000000000000000        1.0000000000000000        1.0000000000000000        1.0000000000000000        1.0000000000000000        1.0000000000000000        1.0000000000000000        1.0000000000000000        1.0000000000000000     
  0.99999999999999212       0.99999999999999212       0.99999999999999212       0.99999999999999212       0.99999999999999212       0.99999999999999212       0.99999999999999212       0.99999999999999212       0.99999999999999212       0.99999999999999212       0.99999999999999212       0.99999999999999212       0.99999999999999212       0.99999999999999212       0.99999999999999212     
  0.99999999999994948       0.99999999999994948       0.99999999999994948       0.99999999999994948       0.99999999999994948       0.99999999999994948       0.99999999999994948       0.99999999999994948       0.99999999999994948       0.99999999999994948       0.99999999999994948       0.99999999999994948       0.99999999999994948       0.99999999999994948       0.99999999999994948     
  0.99999999999987221       0.99999999999987221       0.99999999999987221       0.99999999999987221       0.99999999999987221       0.99999999999987221       0.99999999999987221       0.99999999999987221       0.99999999999987221       0.99999999999987221       0.99999999999987221       0.99999999999987221       0.99999999999987221       0.99999999999987221       0.99999999999987221     
  0.99999999999976030       0.99999999999976030       0.99999999999976030       0.99999999999976030       0.99999999999976030       0.99999999999976030       0.99999999999976030       0.99999999999976030       0.99999999999976030       0.99999999999976030       0.99999999999976030       0.99999999999976030       0.99999999999976030       0.99999999999976030       0.99999999999976030     
  0.99999999999961375       0.99999999999961375       0.99999999999961375       0.99999999999961375       0.99999999999961375       0.99999999999961375       0.99999999999961375       0.99999999999961375       0.99999999999961375       0.99999999999961375       0.99999999999961375       0.99999999999961375       0.99999999999961375       0.99999999999961375       0.99999999999961375     
  0.99999999999943257       0.99999999999943257       0.99999999999943257       0.99999999999943257       0.99999999999943257       0.99999999999943257       0.99999999999943257       0.99999999999943257       0.99999999999943257       0.99999999999943257       0.99999999999943257       0.99999999999943257       0.99999999999943257       0.99999999999943257       0.99999999999943257     
  0.99999999999914746       0.99999999999914746       0.99999999999914746       0.99999999999914746       0.99999999999914746       0.99999999999914746       0.99999999999914746       0.99999999999914746       0.99999999999914746       0.99999999999914746       0.99999999999914746       0.99999999999914746       0.99999999999914746       0.99999999999914746       0.99999999999914746     
  0.99999999999877254       0.99999999999877254       0.99999999999877254       0.99999999999877254       0.99999999999877254       0.99999999999877254       0.99999999999877254       0.99999999999877254       0.99999999999877254       0.99999999999877254       0.99999999999877254       0.99999999999877254       0.99999999999877254       0.99999999999877254       0.99999999999877254     
  0.99999999999829348       0.99999999999829348       0.99999999999829348       0.99999999999829348       0.99999999999829348       0.99999999999829348       0.99999999999829348       0.99999999999829348       0.99999999999829348       0.99999999999829348       0.99999999999829348       0.99999999999829348       0.99999999999829348       0.99999999999829348       0.99999999999829348     
  0.99999999999764078       0.99999999999764078       0.99999999999764078       0.99999999999764078       0.99999999999764078       0.99999999999764078       0.99999999999764078       0.99999999999764078       0.99999999999764078       0.99999999999764078       0.99999999999764078       0.99999999999764078       0.99999999999764078       0.99999999999764078       0.99999999999764078     
  0.99999999999668676       0.99999999999668676       0.99999999999668676       0.99999999999668676       0.99999999999668676       0.99999999999668676       0.99999999999668676       0.99999999999668676       0.99999999999668676       0.99999999999668676       0.99999999999668676       0.99999999999668676       0.99999999999668676       0.99999999999668676       0.99999999999668676     
  0.99999999999535105       0.99999999999535105       0.99999999999535105       0.99999999999535105       0.99999999999535105       0.99999999999535105       0.99999999999535105       0.99999999999535105       0.99999999999535105       0.99999999999535105       0.99999999999535105       0.99999999999535105       0.99999999999535105       0.99999999999535105       0.99999999999535105     
  0.99999999999342548       0.99999999999342548       0.99999999999342548       0.99999999999342548       0.99999999999342548       0.99999999999342548       0.99999999999342548       0.99999999999342548       0.99999999999342548       0.99999999999342548       0.99999999999342548       0.99999999999342548       0.99999999999342548       0.99999999999342548       0.99999999999342548     
  0.99999999999070188       0.99999999999070188       0.99999999999070188       0.99999999999070188       0.99999999999070188       0.99999999999070188       0.99999999999070188       0.99999999999070188       0.99999999999070188       0.99999999999070188       0.99999999999070188       0.99999999999070188       0.99999999999070188       0.99999999999070188       0.99999999999070188     
  0.99999999998684397       0.99999999998684397       0.99999999998684397       0.99999999998684397       0.99999999998684397       0.99999999998684397       0.99999999998684397       0.99999999998684397       0.99999999998684397       0.99999999998684397       0.99999999998684397       0.99999999998684397       0.99999999998684397       0.99999999998684397       0.99999999998684397     
  0.99999999998142475       0.99999999998142475       0.99999999998142475       0.99999999998142475       0.99999999998142475       0.99999999998142475       0.99999999998142475       0.99999999998142475       0.99999999998142475       0.99999999998142475       0.99999999998142475       0.99999999998142475       0.99999999998142475       0.99999999998142475       0.99999999998142475     
  0.99999999997368094       0.99999999997368094       0.99999999997368094       0.99999999997368094       0.99999999997368094       0.99999999997368094       0.99999999997368094       0.99999999997368094       0.99999999997368094       0.99999999997368094       0.99999999997368094       0.99999999997368094       0.99999999997368094       0.99999999997368094       0.99999999997368094     
  0.99999999996271050       0.99999999996271050       0.99999999996271050       0.99999999996271050       0.99999999996271050       0.99999999996271050       0.99999999996271050       0.99999999996271050       0.99999999996271050       0.99999999996271050       0.99999999996271050       0.99999999996271050       0.99999999996271050       0.99999999996271050       0.99999999996271050     
  0.99999999994712563       0.99999999994712563       0.99999999994712563       0.99999999994712563       0.99999999994712563       0.99999999994712563       0.99999999994712563       0.99999999994712563       0.99999999994712563       0.99999999994712563       0.99999999994712563       0.99999999994712563       0.99999999994712563       0.99999999994712563       0.99999999994712563     
  0.99999999992499500       0.99999999992499500       0.99999999992499500       0.99999999992499500       0.99999999992499500       0.99999999992499500       0.99999999992499500       0.99999999992499500       0.99999999992499500       0.99999999992499500       0.99999999992499500       0.99999999992499500       0.99999999992499500       0.99999999992499500       0.99999999992499500     
  0.99999999989360089       0.99999999989360089       0.99999999989360089       0.99999999989360089       0.99999999989360089       0.99999999989360089       0.99999999989360089       0.99999999989360089       0.99999999989360089       0.99999999989360089       0.99999999989360089       0.99999999989360089       0.99999999989360089       0.99999999989360089       0.99999999989360089     
  0.99999999984905741       0.99999999984905741       0.99999999984905741       0.99999999984905741       0.99999999984905741       0.99999999984905741       0.99999999984905741       0.99999999984905741       0.99999999984905741       0.99999999984905741       0.99999999984905741       0.99999999984905741       0.99999999984905741       0.99999999984905741       0.99999999984905741     
  0.99999999978581366       0.99999999978581366       0.99999999978581366       0.99999999978581366       0.99999999978581366       0.99999999978581366       0.99999999978581366       0.99999999978581366       0.99999999978581366       0.99999999978581366       0.99999999978581366       0.99999999978581366       0.99999999978581366       0.99999999978581366       0.99999999978581366     
  0.99999999969602860       0.99999999969602860       0.99999999969602860       0.99999999969602860       0.99999999969602860       0.99999999969602860       0.99999999969602860       0.99999999969602860       0.99999999969602860       0.99999999969602860       0.99999999969602860       0.99999999969602860       0.99999999969602860       0.99999999969602860       0.99999999969602860     
  0.99999999956860020       0.99999999956860020       0.99999999956860020       0.99999999956860020       0.99999999956860020       0.99999999956860020       0.99999999956860020       0.99999999956860020       0.99999999956860020       0.99999999956860020       0.99999999956860020       0.99999999956860020       0.99999999956860020       0.99999999956860020       0.99999999956860020     
  0.99999999938770767       0.99999999938770767       0.99999999938770767       0.99999999938770767       0.99999999938770767       0.99999999938770767       0.99999999938770767       0.99999999938770767       0.99999999938770767       0.99999999938770767       0.99999999938770767       0.99999999938770767       0.99999999938770767       0.99999999938770767       0.99999999938770767     
  0.99999999913089610       0.99999999913089610       0.99999999913089610       0.99999999913089610       0.99999999913089610       0.99999999913089610       0.99999999913089610       0.99999999913089610       0.99999999913089610       0.99999999913089610       0.99999999913089610       0.99999999913089610       0.99999999913089610       0.99999999913089610       0.99999999913089610     
  0.99999999876635826       0.99999999876635826       0.99999999876635826       0.99999999876635826       0.99999999876635826       0.99999999876635826       0.99999999876635826       0.99999999876635826       0.99999999876635826       0.99999999876635826       0.99999999876635826       0.99999999876635826       0.99999999876635826       0.99999999876635826       0.99999999876635826     
  0.99999999824885255       0.99999999824885255       0.99999999824885255       0.99999999824885255       0.99999999824885255       0.99999999824885255       0.99999999824885255       0.99999999824885255       0.99999999824885255       0.99999999824885255       0.99999999824885255       0.99999999824885255       0.99999999824885255       0.99999999824885255       0.99999999824885255     
  0.99999999751426094       0.99999999751426094       0.99999999751426094       0.99999999751426094       0.99999999751426094       0.99999999751426094       0.99999999751426094       0.99999999751426094       0.99999999751426094       0.99999999751426094       0.99999999751426094       0.99999999751426094       0.99999999751426094       0.99999999751426094       0.99999999751426094     
  0.99999999647144822       0.99999999647144822       0.99999999647144822       0.99999999647144822       0.99999999647144822       0.99999999647144822       0.99999999647144822       0.99999999647144822       0.99999999647144822       0.99999999647144822       0.99999999647144822       0.99999999647144822       0.99999999647144822       0.99999999647144822       0.99999999647144822     
  0.99999999499113268       0.99999999499113268       0.99999999499113268       0.99999999499113268       0.99999999499113268       0.99999999499113268       0.99999999499113268       0.99999999499113268       0.99999999499113268       0.99999999499113268       0.99999999499113268       0.99999999499113268       0.99999999499113268       0.99999999499113268       0.99999999499113268     
  0.99999999288975783       0.99999999288975783       0.99999999288975783       0.99999999288975783       0.99999999288975783       0.99999999288975783       0.99999999288975783       0.99999999288975783       0.99999999288975783       0.99999999288975783       0.99999999288975783       0.99999999288975783       0.99999999288975783       0.99999999288975783       0.99999999288975783     
  0.99999998990683114       0.99999998990683114       0.99999998990683114       0.99999998990683114       0.99999998990683114       0.99999998990683114       0.99999998990683114       0.99999998990683114       0.99999998990683114       0.99999998990683114       0.99999998990683114       0.99999998990683114       0.99999998990683114       0.99999998990683114       0.99999998990683114     
  0.99999998567244242       0.99999998567244242       0.99999998567244242       0.99999998567244242       0.99999998567244242       0.99999998567244242       0.99999998567244242       0.99999998567244242       0.99999998567244242       0.99999998567244242       0.99999998567244242       0.99999998567244242       0.99999998567244242       0.99999998567244242       0.99999998567244242     
  0.99999997966159615       0.99999997966159615       0.99999997966159615       0.99999997966159615       0.99999997966159615       0.99999997966159615       0.99999997966159615       0.99999997966159615       0.99999997966159615       0.99999997966159615       0.99999997966159615       0.99999997966159615       0.99999997966159615       0.99999997966159615       0.99999997966159615     
  0.99999997112905681       0.99999997112905681       0.99999997112905681       0.99999997112905681       0.99999997112905681       0.99999997112905681       0.99999997112905681       0.99999997112905681       0.99999997112905681       0.99999997112905681       0.99999997112905681       0.99999997112905681       0.99999997112905681       0.99999997112905681       0.99999997112905681     
  0.99999995901685179       0.99999995901685179       0.99999995901685179       0.99999995901685179       0.99999995901685179       0.99999995901685179       0.99999995901685179       0.99999995901685179       0.99999995901685179       0.99999995901685179       0.99999995901685179       0.99999995901685179       0.99999995901685179       0.99999995901685179       0.99999995901685179     
  0.99999994182321716       0.99999994182321716       0.99999994182321716       0.99999994182321716       0.99999994182321716       0.99999994182321716       0.99999994182321716       0.99999994182321716       0.99999994182321716       0.99999994182321716       0.99999994182321716       0.99999994182321716       0.99999994182321716       0.99999994182321716       0.99999994182321716     
  0.99999991741636252       0.99999991741636252       0.99999991741636252       0.99999991741636252       0.99999991741636252       0.99999991741636252       0.99999991741636252       0.99999991741636252       0.99999991741636252       0.99999991741636252       0.99999991741636252       0.99999991741636252       0.99999991741636252       0.99999991741636252       0.99999991741636252     
  0.99999988277012242       0.99999988277012242       0.99999988277012242       0.99999988277012242       0.99999988277012242       0.99999988277012242       0.99999988277012242       0.99999988277012242       0.99999988277012242       0.99999988277012242       0.99999988277012242       0.99999988277012242       0.99999988277012242       0.99999988277012242       0.99999988277012242     
  0.99999983358878486       0.99999983358878486       0.99999983358878486       0.99999983358878486       0.99999983358878486       0.99999983358878486       0.99999983358878486       0.99999983358878486       0.99999983358878486       0.99999983358878486       0.99999983358878486       0.99999983358878486       0.99999983358878486       0.99999983358878486       0.99999983358878486     
  0.99999976377445343       0.99999976377445343       0.99999976377445343       0.99999976377445343       0.99999976377445343       0.99999976377445343       0.99999976377445343       0.99999976377445343       0.99999976377445343       0.99999976377445343       0.99999976377445343       0.99999976377445343       0.99999976377445343       0.99999976377445343       0.99999976377445343     
  0.99999966467099832       0.99999966467099832       0.99999966467099832       0.99999966467099832       0.99999966467099832       0.99999966467099832       0.99999966467099832       0.99999966467099832       0.99999966467099832       0.99999966467099832       0.99999966467099832       0.99999966467099832       0.99999966467099832       0.99999966467099832       0.99999966467099832     
  0.99999952399079595       0.99999952399079595       0.99999952399079595       0.99999952399079595       0.99999952399079595       0.99999952399079595       0.99999952399079595       0.99999952399079595       0.99999952399079595       0.99999952399079595       0.99999952399079595       0.99999952399079595       0.99999952399079595       0.99999952399079595       0.99999952399079595     
  0.99999932429122518       0.99999932429122518       0.99999932429122518       0.99999932429122518       0.99999932429122518       0.99999932429122518       0.99999932429122518       0.99999932429122518       0.99999932429122518       0.99999932429122518       0.99999932429122518       0.99999932429122518       0.99999932429122518       0.99999932429122518       0.99999932429122518     
  0.99999904081201119       0.99999904081201119       0.99999904081201119       0.99999904081201119       0.99999904081201119       0.99999904081201119       0.99999904081201119       0.99999904081201119       0.99999904081201119       0.99999904081201119       0.99999904081201119       0.99999904081201119       0.99999904081201119       0.99999904081201119       0.99999904081201119     
  0.99999863840528980       0.99999863840528980       0.99999863840528980       0.99999863840528980       0.99999863840528980       0.99999863840528980       0.99999863840528980       0.99999863840528980       0.99999863840528980       0.99999863840528980       0.99999863840528980       0.99999863840528980       0.99999863840528980       0.99999863840528980       0.99999863840528980     
  0.99999806717777928       0.99999806717777928       0.99999806717777928       0.99999806717777928       0.99999806717777928       0.99999806717777928       0.99999806717777928       0.99999806717777928       0.99999806717777928       0.99999806717777928       0.99999806717777928       0.99999806717777928       0.99999806717777928       0.99999806717777928       0.99999806717777928     
  0.99999725630478575       0.99999725630478575       0.99999725630478575       0.99999725630478575       0.99999725630478575       0.99999725630478575       0.99999725630478575       0.99999725630478575       0.99999725630478575       0.99999725630478575       0.99999725630478575       0.99999725630478575       0.99999725630478575       0.99999725630478575       0.99999725630478575     
  0.99999610524913929       0.99999610524913929       0.99999610524913929       0.99999610524913929       0.99999610524913929       0.99999610524913929       0.99999610524913929       0.99999610524913929       0.99999610524913929       0.99999610524913929       0.99999610524913929       0.99999610524913929       0.99999610524913929       0.99999610524913929       0.99999610524913929     
  0.99999447129649710       0.99999447129649710       0.99999447129649710       0.99999447129649710       0.99999447129649710       0.99999447129649710       0.99999447129649710       0.99999447129649710       0.99999447129649710       0.99999447129649710       0.99999447129649710       0.99999447129649710       0.99999447129649710       0.99999447129649710       0.99999447129649710     
  0.99999215186190049       0.99999215186190049       0.99999215186190049       0.99999215186190049       0.99999215186190049       0.99999215186190049       0.99999215186190049       0.99999215186190049       0.99999215186190049       0.99999215186190049       0.99999215186190049       0.99999215186190049       0.99999215186190049       0.99999215186190049       0.99999215186190049     
  0.99998885937454551       0.99998885937454551       0.99998885937454551       0.99998885937454551       0.99998885937454551       0.99998885937454551       0.99998885937454551       0.99998885937454551       0.99998885937454551       0.99998885937454551       0.99998885937454551       0.99998885937454551       0.99998885937454551       0.99998885937454551       0.99998885937454551     
  0.99998418562824798       0.99998418562824798       0.99998418562824798       0.99998418562824798       0.99998418562824798       0.99998418562824798       0.99998418562824798       0.99998418562824798       0.99998418562824798       0.99998418562824798       0.99998418562824798       0.99998418562824798       0.99998418562824798       0.99998418562824798       0.99998418562824798     
  0.99997755118045994       0.99997755118045994       0.99997755118045994       0.99997755118045994       0.99997755118045994       0.99997755118045994       0.99997755118045994       0.99997755118045994       0.99997755118045994       0.99997755118045994       0.99997755118045994       0.99997755118045994       0.99997755118045994       0.99997755118045994       0.99997755118045994     
  0.99996813353190239       0.99996813353190239       0.99996813353190239       0.99996813353190239       0.99996813353190239       0.99996813353190239       0.99996813353190239       0.99996813353190239       0.99996813353190239       0.99996813353190239       0.99996813353190239       0.99996813353190239       0.99996813353190239       0.99996813353190239       0.99996813353190239     
  0.99995476519400672       0.99995476519400672       0.99995476519400672       0.99995476519400672       0.99995476519400672       0.99995476519400672       0.99995476519400672       0.99995476519400672       0.99995476519400672       0.99995476519400672       0.99995476519400672       0.99995476519400672       0.99995476519400672       0.99995476519400672       0.99995476519400672     
  0.99993578903003300       0.99993578903003300       0.99993578903003300       0.99993578903003300       0.99993578903003300       0.99993578903003300       0.99993578903003300       0.99993578903003300       0.99993578903003300       0.99993578903003300       0.99993578903003300       0.99993578903003300       0.99993578903003300       0.99993578903003300       0.99993578903003300     
  0.99990885298283017       0.99990885298283017       0.99990885298283017       0.99990885298283017       0.99990885298283017       0.99990885298283017       0.99990885298283017       0.99990885298283017       0.99990885298283017       0.99990885298283017       0.99990885298283017       0.99990885298283017       0.99990885298283017       0.99990885298283017       0.99990885298283017     
  0.99987061883654449       0.99987061883654449       0.99987061883654449       0.99987061883654449       0.99987061883654449       0.99987061883654449       0.99987061883654449       0.99987061883654449       0.99987061883654449       0.99987061883654449       0.99987061883654449       0.99987061883654449       0.99987061883654449       0.99987061883654449       0.99987061883654449     
  0.99981634910079542       0.99981634910079542       0.99981634910079542       0.99981634910079542       0.99981634910079542       0.99981634910079542       0.99981634910079542       0.99981634910079542       0.99981634910079542       0.99981634910079542       0.99981634910079542       0.99981634910079542       0.99981634910079542       0.99981634910079542       0.99981634910079542     
  0.99973932119590081       0.99973932119590081       0.99973932119590081       0.99973932119590081       0.99973932119590081       0.99973932119590081       0.99973932119590081       0.99973932119590081       0.99973932119590081       0.99973932119590081       0.99973932119590081       0.99973932119590081       0.99973932119590081       0.99973932119590081       0.99973932119590081     
  0.99962999711059375       0.99962999711059375       0.99962999711059375       0.99962999711059375       0.99962999711059375       0.99962999711059375       0.99962999711059375       0.99962999711059375       0.99962999711059375       0.99962999711059375       0.99962999711059375       0.99962999711059375       0.99962999711059375       0.99962999711059375       0.99962999711059375     
  0.99947484720116075       0.99947484720116075       0.99947484720116075       0.99947484720116075       0.99947484720116075       0.99947484720116075       0.99947484720116075       0.99947484720116075       0.99947484720116075       0.99947484720116075       0.99947484720116075       0.99947484720116075       0.99947484720116075       0.99947484720116075       0.99947484720116075     
  0.99925468555987862       0.99925468555987862       0.99925468555987862       0.99925468555987862       0.99925468555987862       0.99925468555987862       0.99925468555987862       0.99925468555987862       0.99925468555987862       0.99925468555987862       0.99925468555987862       0.99925468555987862       0.99925468555987862       0.99925468555987862       0.99925468555987862     
  0.99894231711979120       0.99894231711979120       0.99894231711979120       0.99894231711979120       0.99894231711979120       0.99894231711979120       0.99894231711979120       0.99894231711979120       0.99894231711979120       0.99894231711979120       0.99894231711979120       0.99894231711979120       0.99894231711979120       0.99894231711979120       0.99894231711979120     
  0.99849921794912322       0.99849921794912322       0.99849921794912322       0.99849921794912322       0.99849921794912322       0.99849921794912322       0.99849921794912322       0.99849921794912322       0.99849921794912322       0.99849921794912322       0.99849921794912322       0.99849921794912322       0.99849921794912322       0.99849921794912322       0.99849921794912322     
  0.99787086359143229       0.99787086359143229       0.99787086359143229       0.99787086359143229       0.99787086359143229       0.99787086359143229       0.99787086359143229       0.99787086359143229       0.99787086359143229       0.99787086359143229       0.99787086359143229       0.99787086359143229       0.99787086359143229       0.99787086359143229       0.99787086359143229     
  0.99698017923477666       0.99698017923477666       0.99698017923477666       0.99698017923477666       0.99698017923477666       0.99698017923477666       0.99698017923477666       0.99698017923477666       0.99698017923477666       0.99698017923477666       0.99698017923477666       0.99698017923477666       0.99698017923477666       0.99698017923477666       0.99698017923477666     
  0.99571840556632107       0.99571840556632107       0.99571840556632107       0.99571840556632107       0.99571840556632107       0.99571840556632107       0.99571840556632107       0.99571840556632107       0.99571840556632107       0.99571840556632107       0.99571840556632107       0.99571840556632107       0.99571840556632107       0.99571840556632107       0.99571840556632107     
  0.99393245883472969       0.99393245883472969       0.99393245883472969       0.99393245883472969       0.99393245883472969       0.99393245883472969       0.99393245883472969       0.99393245883472969       0.99393245883472969       0.99393245883472969       0.99393245883472969       0.99393245883472969       0.99393245883472969       0.99393245883472969       0.99393245883472969     
  0.99140763622515693       0.99140763622515693       0.99140763622515693       0.99140763622515693       0.99140763622515693       0.99140763622515693       0.99140763622515693       0.99140763622515693       0.99140763622515693       0.99140763622515693       0.99140763622515693       0.99140763622515693       0.99140763622515693       0.99140763622515693       0.99140763622515693     
  0.98784434551657574       0.98784434551657574       0.98784434551657574       0.98784434551657574       0.98784434551657574       0.98784434551657574       0.98784434551657574       0.98784434551657574       0.98784434551657574       0.98784434551657574       0.98784434551657574       0.98784434551657574       0.98784434551657574       0.98784434551657574       0.98784434551657574     
  0.98282757791006248       0.98282757791006248       0.98282757791006248       0.98282757791006248       0.98282757791006248       0.98282757791006248       0.98282757791006248       0.98282757791006248       0.98282757791006248       0.98282757791006248       0.98282757791006248       0.98282757791006248       0.98282757791006248       0.98282757791006248       0.98282757791006248     
  0.97578841946986017       0.97578841946986017       0.97578841946986017       0.97578841946986017       0.97578841946986017       0.97578841946986017       0.97578841946986017       0.97578841946986017       0.97578841946986017       0.97578841946986017       0.97578841946986017       0.97578841946986017       0.97578841946986017       0.97578841946986017       0.97578841946986017     
  0.96595862096346929       0.96595862096346929       0.96595862096346929       0.96595862096346929       0.96595862096346929       0.96595862096346929       0.96595862096346929       0.96595862096346929       0.96595862096346929       0.96595862096346929       0.96595862096346929       0.96595862096346929       0.96595862096346929       0.96595862096346929       0.96595862096346929     
  0.95232315075030860       0.95232315075030860       0.95232315075030860       0.95232315075030860       0.95232315075030860       0.95232315075030860       0.95232315075030860       0.95232315075030860       0.95232315075030860       0.95232315075030860       0.95232315075030860       0.95232315075030860       0.95232315075030860       0.95232315075030860       0.95232315075030860     
  0.93358321752278983       0.93358321752278983       0.93358321752278983       0.93358321752278983       0.93358321752278983       0.93358321752278983       0.93358321752278983       0.93358321752278983       0.93358321752278983       0.93358321752278983       0.93358321752278983       0.93358321752278983       0.93358321752278983       0.93358321752278983       0.93358321752278983     
  0.90815491480430799       0.90815491480430799       0.90815491480430799       0.90815491480430799       0.90815491480430799       0.90815491480430799       0.90815491480430799       0.90815491480430799       0.90815491480430799       0.90815491480430799       0.90815491480430799       0.90815491480430799       0.90815491480430799       0.90815491480430799       0.90815491480430799     
  0.87424601597181395       0.87424601597181395       0.87424601597181395       0.87424601597181395       0.87424601597181395       0.87424601597181395       0.87424601597181395       0.87424601597181395       0.87424601597181395       0.87424601597181395       0.87424601597181395       0.87424601597181395       0.87424601597181395       0.87424601597181395       0.87424601597181395     
  0.83006904825332783       0.83006904825332783       0.83006904825332783       0.83006904825332783       0.83006904825332783       0.83006904825332783       0.83006904825332783       0.83006904825332783       0.83006904825332783       0.83006904825332783       0.83006904825332783       0.83006904825332783       0.83006904825332783       0.83006904825332783       0.83006904825332783     
  0.77424363200492263       0.77424363200492263       0.77424363200492263       0.77424363200492263       0.77424363200492263       0.77424363200492263       0.77424363200492263       0.77424363200492263       0.77424363200492263       0.77424363200492263       0.77424363200492263       0.77424363200492263       0.77424363200492263       0.77424363200492263       0.77424363200492263     
  0.70638217735365139       0.70638217735365139       0.70638217735365139       0.70638217735365139       0.70638217735365139       0.70638217735365139       0.70638217735365139       0.70638217735365139       0.70638217735365139       0.70638217735365139       0.70638217735365139       0.70638217735365139       0.70638217735365139       0.70638217735365139       0.70638217735365139     
  0.62771543005029717       0.62771543005029717       0.62771543005029717       0.62771543005029717       0.62771543005029717       0.62771543005029717       0.62771543005029717       0.62771543005029717       0.62771543005029717       0.62771543005029717       0.62771543005029717       0.62771543005029717       0.62771543005029717       0.62771543005029717       0.62771543005029717     
  0.54144247986753058       0.54144247986753058       0.54144247986753058       0.54144247986753058       0.54144247986753058       0.54144247986753058       0.54144247986753058       0.54144247986753058       0.54144247986753058       0.54144247986753058       0.54144247986753058       0.54144247986753058       0.54144247986753058       0.54144247986753058       0.54144247986753058     
  0.45244813845294896       0.45244813845294896       0.45244813845294896       0.45244813845294896       0.45244813845294896       0.45244813845294896       0.45244813845294896       0.45244813845294896       0.45244813845294896       0.45244813845294896       0.45244813845294896       0.45244813845294896       0.45244813845294896       0.45244813845294896       0.45244813845294896     
  0.36629646752632128       0.36629646752632128       0.36629646752632128       0.36629646752632128       0.36629646752632128       0.36629646752632128       0.36629646752632128       0.36629646752632128       0.36629646752632128       0.36629646752632128       0.36629646752632128       0.36629646752632128       0.36629646752632128       0.36629646752632128       0.36629646752632128     
  0.28788776695806728       0.28788776695806728       0.28788776695806728       0.28788776695806728       0.28788776695806728       0.28788776695806728       0.28788776695806728       0.28788776695806728       0.28788776695806728       0.28788776695806728       0.28788776695806728       0.28788776695806728       0.28788776695806728       0.28788776695806728       0.28788776695806728     
  0.22042945022369059       0.22042945022369059       0.22042945022369059       0.22042945022369059       0.22042945022369059       0.22042945022369059       0.22042945022369059       0.22042945022369059       0.22042945022369059       0.22042945022369059       0.22042945022369059       0.22042945022369059       0.22042945022369059       0.22042945022369059       0.22042945022369059     
  0.16513364981370943       0.16513364981370943       0.16513364981370943       0.16513364981370943       0.16513364981370943       0.16513364981370943       0.16513364981370943       0.16513364981370943       0.16513364981370943       0.16513364981370943       0.16513364981370943       0.16513364981370943       0.16513364981370943       0.16513364981370943       0.16513364981370943     
  0.12156804297275219       0.12156804297275219       0.12156804297275219       0.12156804297275219       0.12156804297275219       0.12156804297275219       0.12156804297275219       0.12156804297275219       0.12156804297275219       0.12156804297275219       0.12156804297275219       0.12156804297275219       0.12156804297275219       0.12156804297275219       0.12156804297275219     
   8.8297271464942859E-002   8.8297271464942859E-002   8.8297271464942859E-002   8.8297271464942859E-002   8.8297271464942859E-002   8.8297271464942859E-002   8.8297271464942859E-002   8.8297271464942859E-002   8.8297271464942859E-002   8.8297271464942859E-002   8.8297271464942859E-002   8.8297271464942859E-002   8.8297271464942859E-002   8.8297271464942859E-002   8.8297271464942859E-002
   6.3485077523392192E-002   6.3485077523392192E-002   6.3485077523392192E-002   6.3485077523392192E-002   6.3485077523392192E-002   6.3485077523392192E-002   6.3485077523392192E-002   6.3485077523392192E-002   6.3485077523392192E-002   6.3485077523392192E-002   6.3485077523392192E-002   6.3485077523392192E-002   6.3485077523392192E-002   6.3485077523392192E-002   6.3485077523392192E-002
   4.5305428986973324E-002   4.5305428986973324E-002   4.5305428986973324E-002   4.5305428986973324E-002   4.5305428986973324E-002   4.5305428986973324E-002   4.5305428986973324E-002   4.5305428986973324E-002   4.5305428986973324E-002   4.5305428986973324E-002   4.5305428986973324E-002   4.5305428986973324E-002   4.5305428986973324E-002   4.5305428986973324E-002   4.5305428986973324E-002
   3.2156677978980822E-002   3.2156677978980822E-002   3.2156677978980822E-002   3.2156677978980822E-002   3.2156677978980822E-002   3.2156677978980822E-002   3.2156677978980822E-002   3.2156677978980822E-002   3.2156677978980822E-002   3.2156677978980822E-002   3.2156677978980822E-002   3.2156677978980822E-002   3.2156677978980822E-002   3.2156677978980822E-002   3.2156677978980822E-002
   2.2735137896667462E-002   2.2735137896667462E-002   2.2735137896667462E-002   2.2735137896667462E-002   2.2735137896667462E-002   2.2735137896667462E-002   2.2735137896667462E-002   2.2735137896667462E-002   2.2735137896667462E-002   2.2735137896667462E-002   2.2735137896667462E-002   2.2735137896667462E-002   2.2735137896667462E-002   2.2735137896667462E-002   2.2735137896667462E-002
   1.6029328317125634E-002   1.6029328317125634E-002   1.6029328317125634E-002   1.6029328317125634E-002   1.6029328317125634E-002   1.6029328317125634E-002   1.6029328317125634E-002   1.6029328317125634E-002   1.6029328317125634E-002   1.6029328317125634E-002   1.6029328317125634E-002   1.6029328317125634E-002   1.6029328317125634E-002   1.6029328317125634E-002   1.6029328317125634E-002
   1.1279128710125963E-002   1.1279128710125963E-002   1.1279128710125963E-002   1.1279128710125963E-002   1.1279128710125963E-002   1.1279128710125963E-002   1.1279128710125963E-002   1.1279128710125963E-002   1.1279128710125963E-002   1.1279128710125963E-002   1.1279128710125963E-002   1.1279128710125963E-002   1.1279128710125963E-002   1.1279128710125963E-002   1.1279128710125963E-002
   7.9255561201770977E-003   7.9255561201770977E-003   7.9255561201770977E-003   7.9255561201770977E-003   7.9255561201770977E-003   7.9255561201770977E-003   7.9255561201770977E-003   7.9255561201770977E-003   7.9255561201770977E-003   7.9255561201770977E-003   7.9255561201770977E-003   7.9255561201770977E-003   7.9255561201770977E-003   7.9255561201770977E-003   7.9255561201770977E-003
   5.5636113106088021E-003   5.5636113106088021E-003   5.5636113106088021E-003   5.5636113106088021E-003   5.5636113106088021E-003   5.5636113106088021E-003   5.5636113106088021E-003   5.5636113106088021E-003   5.5636113106088021E-003   5.5636113106088021E-003   5.5636113106088021E-003   5.5636113106088021E-003   5.5636113106088021E-003   5.5636113106088021E-003   5.5636113106088021E-003
   3.9028630484060673E-003   3.9028630484060673E-003   3.9028630484060673E-003   3.9028630484060673E-003   3.9028630484060673E-003   3.9028630484060673E-003   3.9028630484060673E-003   3.9028630484060673E-003   3.9028630484060673E-003   3.9028630484060673E-003   3.9028630484060673E-003   3.9028630484060673E-003   3.9028630484060673E-003   3.9028630484060673E-003   3.9028630484060673E-003
   2.7365205885614787E-003   2.7365205885614787E-003   2.7365205885614787E-003   2.7365205885614787E-003   2.7365205885614787E-003   2.7365205885614787E-003   2.7365205885614787E-003   2.7365205885614787E-003   2.7365205885614787E-003   2.7365205885614787E-003   2.7365205885614787E-003   2.7365205885614787E-003   2.7365205885614787E-003   2.7365205885614787E-003   2.7365205885614787E-003
   1.9180765699250649E-003   1.9180765699250649E-003   1.9180765699250649E-003   1.9180765699250649E-003   1.9180765699250649E-003   1.9180765699250649E-003   1.9180765699250649E-003   1.9180765699250649E-003   1.9180765699250649E-003   1.9180765699250649E-003   1.9180765699250649E-003   1.9180765699250649E-003   1.9180765699250649E-003   1.9180765699250649E-003   1.9180765699250649E-003
   1.3440926805515208E-003   1.3440926805515208E-003   1.3440926805515208E-003   1.3440926805515208E-003   1.3440926805515208E-003   1.3440926805515208E-003   1.3440926805515208E-003   1.3440926805515208E-003   1.3440926805515208E-003   1.3440926805515208E-003   1.3440926805515208E-003   1.3440926805515208E-003   1.3440926805515208E-003   1.3440926805515208E-003   1.3440926805515208E-003
   9.4171527473381012E-004   9.4171527473381012E-004   9.4171527473381012E-004   9.4171527473381012E-004   9.4171527473381012E-004   9.4171527473381012E-004   9.4171527473381012E-004   9.4171527473381012E-004   9.4171527473381012E-004   9.4171527473381012E-004   9.4171527473381012E-004   9.4171527473381012E-004   9.4171527473381012E-004   9.4171527473381012E-004   9.4171527473381012E-004
   6.5971891305489818E-004   6.5971891305489818E-004   6.5971891305489818E-004   6.5971891305489818E-004   6.5971891305489818E-004   6.5971891305489818E-004   6.5971891305489818E-004   6.5971891305489818E-004   6.5971891305489818E-004   6.5971891305489818E-004   6.5971891305489818E-004   6.5971891305489818E-004   6.5971891305489818E-004   6.5971891305489818E-004   6.5971891305489818E-004
   4.6212819099030735E-004   4.6212819099030735E-004   4.6212819099030735E-004   4.6212819099030735E-004   4.6212819099030735E-004   4.6212819099030735E-004   4.6212819099030735E-004   4.6212819099030735E-004   4.6212819099030735E-004   4.6212819099030735E-004   4.6212819099030735E-004   4.6212819099030735E-004   4.6212819099030735E-004   4.6212819099030735E-004   4.6212819099030735E-004
   3.2369866869524374E-004   3.2369866869524374E-004   3.2369866869524374E-004   3.2369866869524374E-004   3.2369866869524374E-004   3.2369866869524374E-004   3.2369866869524374E-004   3.2369866869524374E-004   3.2369866869524374E-004   3.2369866869524374E-004   3.2369866869524374E-004   3.2369866869524374E-004   3.2369866869524374E-004   3.2369866869524374E-004   3.2369866869524374E-004
   2.2672624575314636E-004   2.2672624575314636E-004   2.2672624575314636E-004   2.2672624575314636E-004   2.2672624575314636E-004   2.2672624575314636E-004   2.2672624575314636E-004   2.2672624575314636E-004   2.2672624575314636E-004   2.2672624575314636E-004   2.2672624575314636E-004   2.2672624575314636E-004   2.2672624575314636E-004   2.2672624575314636E-004   2.2672624575314636E-004
   1.5879995490793508E-004   1.5879995490793508E-004   1.5879995490793508E-004   1.5879995490793508E-004   1.5879995490793508E-004   1.5879995490793508E-004   1.5879995490793508E-004   1.5879995490793508E-004   1.5879995490793508E-004   1.5879995490793508E-004   1.5879995490793508E-004   1.5879995490793508E-004   1.5879995490793508E-004   1.5879995490793508E-004   1.5879995490793508E-004
   1.1122190600432034E-004   1.1122190600432034E-004   1.1122190600432034E-004   1.1122190600432034E-004   1.1122190600432034E-004   1.1122190600432034E-004   1.1122190600432034E-004   1.1122190600432034E-004   1.1122190600432034E-004   1.1122190600432034E-004   1.1122190600432034E-004   1.1122190600432034E-004   1.1122190600432034E-004   1.1122190600432034E-004   1.1122190600432034E-004
   7.7897631778626013E-005   7.7897631778626013E-005   7.7897631778626013E-005   7.7897631778626013E-005   7.7897631778626013E-005   7.7897631778626013E-005   7.7897631778626013E-005   7.7897631778626013E-005   7.7897631778626013E-005   7.7897631778626013E-005   7.7897631778626013E-005   7.7897631778626013E-005   7.7897631778626013E-005   7.7897631778626013E-005   7.7897631778626013E-005
   5.4557435435849947E-005   5.4557435435849947E-005   5.4557435435849947E-005   5.4557435435849947E-005   5.4557435435849947E-005   5.4557435435849947E-005   5.4557435435849947E-005   5.4557435435849947E-005   5.4557435435849947E-005   5.4557435435849947E-005   5.4557435435849947E-005   5.4557435435849947E-005   5.4557435435849947E-005   5.4557435435849947E-005   5.4557435435849947E-005
   3.8210320336270220E-005   3.8210320336270220E-005   3.8210320336270220E-005   3.8210320336270220E-005   3.8210320336270220E-005   3.8210320336270220E-005   3.8210320336270220E-005   3.8210320336270220E-005   3.8210320336270220E-005   3.8210320336270220E-005   3.8210320336270220E-005   3.8210320336270220E-005   3.8210320336270220E-005   3.8210320336270220E-005   3.8210320336270220E-005
   2.6761184709821118E-005   2.6761184709821118E-005   2.6761184709821118E-005   2.6761184709821118E-005   2.6761184709821118E-005   2.6761184709821118E-005   2.6761184709821118E-005   2.6761184709821118E-005   2.6761184709821118E-005   2.6761184709821118E-005   2.6761184709821118E-005   2.6761184709821118E-005   2.6761184709821118E-005   2.6761184709821118E-005   2.6761184709821118E-005
   1.8742544034878170E-005   1.8742544034878170E-005   1.8742544034878170E-005   1.8742544034878170E-005   1.8742544034878170E-005   1.8742544034878170E-005   1.8742544034878170E-005   1.8742544034878170E-005   1.8742544034878170E-005   1.8742544034878170E-005   1.8742544034878170E-005   1.8742544034878170E-005   1.8742544034878170E-005   1.8742544034878170E-005   1.8742544034878170E-005
   1.3126553915221992E-005   1.3126553915221992E-005   1.3126553915221992E-005   1.3126553915221992E-005   1.3126553915221992E-005   1.3126553915221992E-005   1.3126553915221992E-005   1.3126553915221992E-005   1.3126553915221992E-005   1.3126553915221992E-005   1.3126553915221992E-005   1.3126553915221992E-005   1.3126553915221992E-005   1.3126553915221992E-005   1.3126553915221992E-005
   9.1933162675623269E-006   9.1933162675623269E-006   9.1933162675623269E-006   9.1933162675623269E-006   9.1933162675623269E-006   9.1933162675623269E-006   9.1933162675623269E-006   9.1933162675623269E-006   9.1933162675623269E-006   9.1933162675623269E-006   9.1933162675623269E-006   9.1933162675623269E-006   9.1933162675623269E-006   9.1933162675623269E-006   9.1933162675623269E-006
   6.4386256605422010E-006   6.4386256605422010E-006   6.4386256605422010E-006   6.4386256605422010E-006   6.4386256605422010E-006   6.4386256605422010E-006   6.4386256605422010E-006   6.4386256605422010E-006   6.4386256605422010E-006   6.4386256605422010E-006   6.4386256605422010E-006   6.4386256605422010E-006   6.4386256605422010E-006   6.4386256605422010E-006   6.4386256605422010E-006
   4.5093485120767827E-006   4.5093485120767827E-006   4.5093485120767827E-006   4.5093485120767827E-006   4.5093485120767827E-006   4.5093485120767827E-006   4.5093485120767827E-006   4.5093485120767827E-006   4.5093485120767827E-006   4.5093485120767827E-006   4.5093485120767827E-006   4.5093485120767827E-006   4.5093485120767827E-006   4.5093485120767827E-006   4.5093485120767827E-006
   3.1581603922650684E-006   3.1581603922650684E-006   3.1581603922650684E-006   3.1581603922650684E-006   3.1581603922650684E-006   3.1581603922650684E-006   3.1581603922650684E-006   3.1581603922650684E-006   3.1581603922650684E-006   3.1581603922650684E-006   3.1581603922650684E-006   3.1581603922650684E-006   3.1581603922650684E-006   3.1581603922650684E-006   3.1581603922650684E-006
   2.2118434845244988E-006   2.2118434845244988E-006   2.2118434845244988E-006   2.2118434845244988E-006   2.2118434845244988E-006   2.2118434845244988E-006   2.2118434845244988E-006   2.2118434845244988E-006   2.2118434845244988E-006   2.2118434845244988E-006   2.2118434845244988E-006   2.2118434845244988E-006   2.2118434845244988E-006   2.2118434845244988E-006   2.2118434845244988E-006
   1.5490822630215837E-006   1.5490822630215837E-006   1.5490822630215837E-006   1.5490822630215837E-006   1.5490822630215837E-006   1.5490822630215837E-006   1.5490822630215837E-006   1.5490822630215837E-006   1.5490822630215837E-006   1.5490822630215837E-006   1.5490822630215837E-006   1.5490822630215837E-006   1.5490822630215837E-006   1.5490822630215837E-006   1.5490822630215837E-006
   1.0849119342050731E-006   1.0849119342050731E-006   1.0849119342050731E-006   1.0849119342050731E-006   1.0849119342050731E-006   1.0849119342050731E-006   1.0849119342050731E-006   1.0849119342050731E-006   1.0849119342050731E-006   1.0849119342050731E-006   1.0849119342050731E-006   1.0849119342050731E-006   1.0849119342050731E-006   1.0849119342050731E-006   1.0849119342050731E-006
   7.5982649434244016E-007   7.5982649434244016E-007   7.5982649434244016E-007   7.5982649434244016E-007   7.5982649434244016E-007   7.5982649434244016E-007   7.5982649434244016E-007   7.5982649434244016E-007   7.5982649434244016E-007   7.5982649434244016E-007   7.5982649434244016E-007   7.5982649434244016E-007   7.5982649434244016E-007   7.5982649434244016E-007   7.5982649434244016E-007
   5.3215033263855198E-007   5.3215033263855198E-007   5.3215033263855198E-007   5.3215033263855198E-007   5.3215033263855198E-007   5.3215033263855198E-007   5.3215033263855198E-007   5.3215033263855198E-007   5.3215033263855198E-007   5.3215033263855198E-007   5.3215033263855198E-007   5.3215033263855198E-007   5.3215033263855198E-007   5.3215033263855198E-007   5.3215033263855198E-007
   3.7269555589199602E-007   3.7269555589199602E-007   3.7269555589199602E-007   3.7269555589199602E-007   3.7269555589199602E-007   3.7269555589199602E-007   3.7269555589199602E-007   3.7269555589199602E-007   3.7269555589199602E-007   3.7269555589199602E-007   3.7269555589199602E-007   3.7269555589199602E-007   3.7269555589199602E-007   3.7269555589199602E-007   3.7269555589199602E-007
   2.6102017116472157E-007   2.6102017116472157E-007   2.6102017116472157E-007   2.6102017116472157E-007   2.6102017116472157E-007   2.6102017116472157E-007   2.6102017116472157E-007   2.6102017116472157E-007   2.6102017116472157E-007   2.6102017116472157E-007   2.6102017116472157E-007   2.6102017116472157E-007   2.6102017116472157E-007   2.6102017116472157E-007   2.6102017116472157E-007
   1.8280745894286832E-007   1.8280745894286832E-007   1.8280745894286832E-007   1.8280745894286832E-007   1.8280745894286832E-007   1.8280745894286832E-007   1.8280745894286832E-007   1.8280745894286832E-007   1.8280745894286832E-007   1.8280745894286832E-007   1.8280745894286832E-007   1.8280745894286832E-007   1.8280745894286832E-007   1.8280745894286832E-007   1.8280745894286832E-007
   1.2803058910117640E-007   1.2803058910117640E-007   1.2803058910117640E-007   1.2803058910117640E-007   1.2803058910117640E-007   1.2803058910117640E-007   1.2803058910117640E-007   1.2803058910117640E-007   1.2803058910117640E-007   1.2803058910117640E-007   1.2803058910117640E-007   1.2803058910117640E-007   1.2803058910117640E-007   1.2803058910117640E-007   1.2803058910117640E-007
   8.9667191798706736E-008   8.9667191798706736E-008   8.9667191798706736E-008   8.9667191798706736E-008   8.9667191798706736E-008   8.9667191798706736E-008   8.9667191798706736E-008   8.9667191798706736E-008   8.9667191798706736E-008   8.9667191798706736E-008   8.9667191798706736E-008   8.9667191798706736E-008   8.9667191798706736E-008   8.9667191798706736E-008   8.9667191798706736E-008
   6.2799095523923302E-008   6.2799095523923302E-008   6.2799095523923302E-008   6.2799095523923302E-008   6.2799095523923302E-008   6.2799095523923302E-008   6.2799095523923302E-008   6.2799095523923302E-008   6.2799095523923302E-008   6.2799095523923302E-008   6.2799095523923302E-008   6.2799095523923302E-008   6.2799095523923302E-008   6.2799095523923302E-008   6.2799095523923302E-008
   4.3981820870653730E-008   4.3981820870653730E-008   4.3981820870653730E-008   4.3981820870653730E-008   4.3981820870653730E-008   4.3981820870653730E-008   4.3981820870653730E-008   4.3981820870653730E-008   4.3981820870653730E-008   4.3981820870653730E-008   4.3981820870653730E-008   4.3981820870653730E-008   4.3981820870653730E-008   4.3981820870653730E-008   4.3981820870653730E-008
   3.0803000271343922E-008   3.0803000271343922E-008   3.0803000271343922E-008   3.0803000271343922E-008   3.0803000271343922E-008   3.0803000271343922E-008   3.0803000271343922E-008   3.0803000271343922E-008   3.0803000271343922E-008   3.0803000271343922E-008   3.0803000271343922E-008   3.0803000271343922E-008   3.0803000271343922E-008   3.0803000271343922E-008   3.0803000271343922E-008
   2.1573113692893832E-008   2.1573113692893832E-008   2.1573113692893832E-008   2.1573113692893832E-008   2.1573113692893832E-008   2.1573113692893832E-008   2.1573113692893832E-008   2.1573113692893832E-008   2.1573113692893832E-008   2.1573113692893832E-008   2.1573113692893832E-008   2.1573113692893832E-008   2.1573113692893832E-008   2.1573113692893832E-008   2.1573113692893832E-008
   1.5108892934188682E-008   1.5108892934188682E-008   1.5108892934188682E-008   1.5108892934188682E-008   1.5108892934188682E-008   1.5108892934188682E-008   1.5108892934188682E-008   1.5108892934188682E-008   1.5108892934188682E-008   1.5108892934188682E-008   1.5108892934188682E-008   1.5108892934188682E-008   1.5108892934188682E-008   1.5108892934188682E-008   1.5108892934188682E-008
   1.0581627136227720E-008   1.0581627136227720E-008   1.0581627136227720E-008   1.0581627136227720E-008   1.0581627136227720E-008   1.0581627136227720E-008   1.0581627136227720E-008   1.0581627136227720E-008   1.0581627136227720E-008   1.0581627136227720E-008   1.0581627136227720E-008   1.0581627136227720E-008   1.0581627136227720E-008   1.0581627136227720E-008   1.0581627136227720E-008
   7.4109223746418182E-009   7.4109223746418182E-009   7.4109223746418182E-009   7.4109223746418182E-009   7.4109223746418182E-009   7.4109223746418182E-009   7.4109223746418182E-009   7.4109223746418182E-009   7.4109223746418182E-009   7.4109223746418182E-009   7.4109223746418182E-009   7.4109223746418182E-009   7.4109223746418182E-009   7.4109223746418182E-009   7.4109223746418182E-009
   5.1902953756570990E-009   5.1902953756570990E-009   5.1902953756570990E-009   5.1902953756570990E-009   5.1902953756570990E-009   5.1902953756570990E-009   5.1902953756570990E-009   5.1902953756570990E-009   5.1902953756570990E-009   5.1902953756570990E-009   5.1902953756570990E-009   5.1902953756570990E-009   5.1902953756570990E-009   5.1902953756570990E-009   5.1902953756570990E-009
   3.6350625073699071E-009   3.6350625073699071E-009   3.6350625073699071E-009   3.6350625073699071E-009   3.6350625073699071E-009   3.6350625073699071E-009   3.6350625073699071E-009   3.6350625073699071E-009   3.6350625073699071E-009   3.6350625073699071E-009   3.6350625073699071E-009   3.6350625073699071E-009   3.6350625073699071E-009   3.6350625073699071E-009   3.6350625073699071E-009
   2.5458434385942119E-009   2.5458434385942119E-009   2.5458434385942119E-009   2.5458434385942119E-009   2.5458434385942119E-009   2.5458434385942119E-009   2.5458434385942119E-009   2.5458434385942119E-009   2.5458434385942119E-009   2.5458434385942119E-009   2.5458434385942119E-009   2.5458434385942119E-009   2.5458434385942119E-009   2.5458434385942119E-009   2.5458434385942119E-009
   1.7830006495432151E-009   1.7830006495432151E-009   1.7830006495432151E-009   1.7830006495432151E-009   1.7830006495432151E-009   1.7830006495432151E-009   1.7830006495432151E-009   1.7830006495432151E-009   1.7830006495432151E-009   1.7830006495432151E-009   1.7830006495432151E-009   1.7830006495432151E-009   1.7830006495432151E-009   1.7830006495432151E-009   1.7830006495432151E-009
   1.2487379496197314E-009   1.2487379496197314E-009   1.2487379496197314E-009   1.2487379496197314E-009   1.2487379496197314E-009   1.2487379496197314E-009   1.2487379496197314E-009   1.2487379496197314E-009   1.2487379496197314E-009   1.2487379496197314E-009   1.2487379496197314E-009   1.2487379496197314E-009   1.2487379496197314E-009   1.2487379496197314E-009   1.2487379496197314E-009
   8.7456303898519903E-010   8.7456303898519903E-010   8.7456303898519903E-010   8.7456303898519903E-010   8.7456303898519903E-010   8.7456303898519903E-010   8.7456303898519903E-010   8.7456303898519903E-010   8.7456303898519903E-010   8.7456303898519903E-010   8.7456303898519903E-010   8.7456303898519903E-010   8.7456303898519903E-010   8.7456303898519903E-010   8.7456303898519903E-010
   6.1250681883121549E-010   6.1250681883121549E-010   6.1250681883121549E-010   6.1250681883121549E-010   6.1250681883121549E-010   6.1250681883121549E-010   6.1250681883121549E-010   6.1250681883121549E-010   6.1250681883121549E-010   6.1250681883121549E-010   6.1250681883121549E-010   6.1250681883121549E-010   6.1250681883121549E-010   6.1250681883121549E-010   6.1250681883121549E-010
   4.2897376902795314E-010   4.2897376902795314E-010   4.2897376902795314E-010   4.2897376902795314E-010   4.2897376902795314E-010   4.2897376902795314E-010   4.2897376902795314E-010   4.2897376902795314E-010   4.2897376902795314E-010   4.2897376902795314E-010   4.2897376902795314E-010   4.2897376902795314E-010   4.2897376902795314E-010   4.2897376902795314E-010   4.2897376902795314E-010
   3.0043501369555326E-010   3.0043501369555326E-010   3.0043501369555326E-010   3.0043501369555326E-010   3.0043501369555326E-010   3.0043501369555326E-010   3.0043501369555326E-010   3.0043501369555326E-010   3.0043501369555326E-010   3.0043501369555326E-010   3.0043501369555326E-010   3.0043501369555326E-010   3.0043501369555326E-010   3.0043501369555326E-010   3.0043501369555326E-010
   2.1041192718004890E-010   2.1041192718004890E-010   2.1041192718004890E-010   2.1041192718004890E-010   2.1041192718004890E-010   2.1041192718004890E-010   2.1041192718004890E-010   2.1041192718004890E-010   2.1041192718004890E-010   2.1041192718004890E-010   2.1041192718004890E-010   2.1041192718004890E-010   2.1041192718004890E-010   2.1041192718004890E-010   2.1041192718004890E-010
   1.4736357974348084E-010   1.4736357974348084E-010   1.4736357974348084E-010   1.4736357974348084E-010   1.4736357974348084E-010   1.4736357974348084E-010   1.4736357974348084E-010   1.4736357974348084E-010   1.4736357974348084E-010   1.4736357974348084E-010   1.4736357974348084E-010   1.4736357974348084E-010   1.4736357974348084E-010   1.4736357974348084E-010   1.4736357974348084E-010
   1.0320719421875383E-010   1.0320719421875383E-010   1.0320719421875383E-010   1.0320719421875383E-010   1.0320719421875383E-010   1.0320719421875383E-010   1.0320719421875383E-010   1.0320719421875383E-010   1.0320719421875383E-010   1.0320719421875383E-010   1.0320719421875383E-010   1.0320719421875383E-010   1.0320719421875383E-010   1.0320719421875383E-010   1.0320719421875383E-010
   7.2281936669234780E-011   7.2281936669234780E-011   7.2281936669234780E-011   7.2281936669234780E-011   7.2281936669234780E-011   7.2281936669234780E-011   7.2281936669234780E-011   7.2281936669234780E-011   7.2281936669234780E-011   7.2281936669234780E-011   7.2281936669234780E-011   7.2281936669234780E-011   7.2281936669234780E-011   7.2281936669234780E-011   7.2281936669234780E-011
   5.0623199362768304E-011   5.0623199362768304E-011   5.0623199362768304E-011   5.0623199362768304E-011   5.0623199362768304E-011   5.0623199362768304E-011   5.0623199362768304E-011   5.0623199362768304E-011   5.0623199362768304E-011   5.0623199362768304E-011   5.0623199362768304E-011   5.0623199362768304E-011   5.0623199362768304E-011   5.0623199362768304E-011   5.0623199362768304E-011
   3.5454339379883376E-011   3.5454339379883376E-011   3.5454339379883376E-011   3.5454339379883376E-011   3.5454339379883376E-011   3.5454339379883376E-011   3.5454339379883376E-011   3.5454339379883376E-011   3.5454339379883376E-011   3.5454339379883376E-011   3.5454339379883376E-011   3.5454339379883376E-011   3.5454339379883376E-011   3.5454339379883376E-011   3.5454339379883376E-011
   2.4830713915383890E-011   2.4830713915383890E-011   2.4830713915383890E-011   2.4830713915383890E-011   2.4830713915383890E-011   2.4830713915383890E-011   2.4830713915383890E-011   2.4830713915383890E-011   2.4830713915383890E-011   2.4830713915383890E-011   2.4830713915383890E-011   2.4830713915383890E-011   2.4830713915383890E-011   2.4830713915383890E-011   2.4830713915383890E-011
   1.7390377717644560E-011   1.7390377717644560E-011   1.7390377717644560E-011   1.7390377717644560E-011   1.7390377717644560E-011   1.7390377717644560E-011   1.7390377717644560E-011   1.7390377717644560E-011   1.7390377717644560E-011   1.7390377717644560E-011   1.7390377717644560E-011   1.7390377717644560E-011   1.7390377717644560E-011   1.7390377717644560E-011   1.7390377717644560E-011
   1.2179482160371533E-011   1.2179482160371533E-011   1.2179482160371533E-011   1.2179482160371533E-011   1.2179482160371533E-011   1.2179482160371533E-011   1.2179482160371533E-011   1.2179482160371533E-011   1.2179482160371533E-011   1.2179482160371533E-011   1.2179482160371533E-011   1.2179482160371533E-011   1.2179482160371533E-011   1.2179482160371533E-011   1.2179482160371533E-011
   8.5299921659592727E-012   8.5299921659592727E-012   8.5299921659592727E-012   8.5299921659592727E-012   8.5299921659592727E-012   8.5299921659592727E-012   8.5299921659592727E-012   8.5299921659592727E-012   8.5299921659592727E-012   8.5299921659592727E-012   8.5299921659592727E-012   8.5299921659592727E-012   8.5299921659592727E-012   8.5299921659592727E-012   8.5299921659592727E-012
   5.9740443307181097E-012   5.9740443307181097E-012   5.9740443307181097E-012   5.9740443307181097E-012   5.9740443307181097E-012   5.9740443307181097E-012   5.9740443307181097E-012   5.9740443307181097E-012   5.9740443307181097E-012   5.9740443307181097E-012   5.9740443307181097E-012   5.9740443307181097E-012   5.9740443307181097E-012   5.9740443307181097E-012   5.9740443307181097E-012
   4.1839669921132395E-012   4.1839669921132395E-012   4.1839669921132395E-012   4.1839669921132395E-012   4.1839669921132395E-012   4.1839669921132395E-012   4.1839669921132395E-012   4.1839669921132395E-012   4.1839669921132395E-012   4.1839669921132395E-012   4.1839669921132395E-012   4.1839669921132395E-012   4.1839669921132395E-012   4.1839669921132395E-012   4.1839669921132395E-012
   2.9302728305966784E-012   2.9302728305966784E-012   2.9302728305966784E-012   2.9302728305966784E-012   2.9302728305966784E-012   2.9302728305966784E-012   2.9302728305966784E-012   2.9302728305966784E-012   2.9302728305966784E-012   2.9302728305966784E-012   2.9302728305966784E-012   2.9302728305966784E-012   2.9302728305966784E-012   2.9302728305966784E-012   2.9302728305966784E-012
   2.0522386715562138E-012   2.0522386715562138E-012   2.0522386715562138E-012   2.0522386715562138E-012   2.0522386715562138E-012   2.0522386715562138E-012   2.0522386715562138E-012   2.0522386715562138E-012   2.0522386715562138E-012   2.0522386715562138E-012   2.0522386715562138E-012   2.0522386715562138E-012   2.0522386715562138E-012   2.0522386715562138E-012   2.0522386715562138E-012
   1.4373008277772517E-012   1.4373008277772517E-012   1.4373008277772517E-012   1.4373008277772517E-012   1.4373008277772517E-012   1.4373008277772517E-012   1.4373008277772517E-012   1.4373008277772517E-012   1.4373008277772517E-012   1.4373008277772517E-012   1.4373008277772517E-012   1.4373008277772517E-012   1.4373008277772517E-012   1.4373008277772517E-012   1.4373008277772517E-012
   1.0066244721732482E-012   1.0066244721732482E-012   1.0066244721732482E-012   1.0066244721732482E-012   1.0066244721732482E-012   1.0066244721732482E-012   1.0066244721732482E-012   1.0066244721732482E-012   1.0066244721732482E-012   1.0066244721732482E-012   1.0066244721732482E-012   1.0066244721732482E-012   1.0066244721732482E-012   1.0066244721732482E-012   1.0066244721732482E-012
   7.0499703916887670E-013   7.0499703916887670E-013   7.0499703916887670E-013   7.0499703916887670E-013   7.0499703916887670E-013   7.0499703916887670E-013   7.0499703916887670E-013   7.0499703916887670E-013   7.0499703916887670E-013   7.0499703916887670E-013   7.0499703916887670E-013   7.0499703916887670E-013   7.0499703916887670E-013   7.0499703916887670E-013   7.0499703916887670E-013
   4.9374999215327332E-013   4.9374999215327332E-013   4.9374999215327332E-013   4.9374999215327332E-013   4.9374999215327332E-013   4.9374999215327332E-013   4.9374999215327332E-013   4.9374999215327332E-013   4.9374999215327332E-013   4.9374999215327332E-013   4.9374999215327332E-013   4.9374999215327332E-013   4.9374999215327332E-013   4.9374999215327332E-013   4.9374999215327332E-013
   3.4580152994506258E-013   3.4580152994506258E-013   3.4580152994506258E-013   3.4580152994506258E-013   3.4580152994506258E-013   3.4580152994506258E-013   3.4580152994506258E-013   3.4580152994506258E-013   3.4580152994506258E-013   3.4580152994506258E-013   3.4580152994506258E-013   3.4580152994506258E-013   3.4580152994506258E-013   3.4580152994506258E-013   3.4580152994506258E-013
   2.4218470888646985E-013   2.4218470888646985E-013   2.4218470888646985E-013   2.4218470888646985E-013   2.4218470888646985E-013   2.4218470888646985E-013   2.4218470888646985E-013   2.4218470888646985E-013   2.4218470888646985E-013   2.4218470888646985E-013   2.4218470888646985E-013   2.4218470888646985E-013   2.4218470888646985E-013   2.4218470888646985E-013   2.4218470888646985E-013
   1.6961588697349786E-013   1.6961588697349786E-013   1.6961588697349786E-013   1.6961588697349786E-013   1.6961588697349786E-013   1.6961588697349786E-013   1.6961588697349786E-013   1.6961588697349786E-013   1.6961588697349786E-013   1.6961588697349786E-013   1.6961588697349786E-013   1.6961588697349786E-013   1.6961588697349786E-013   1.6961588697349786E-013   1.6961588697349786E-013
   1.1879176536819637E-013   1.1879176536819637E-013   1.1879176536819637E-013   1.1879176536819637E-013   1.1879176536819637E-013   1.1879176536819637E-013   1.1879176536819637E-013   1.1879176536819637E-013   1.1879176536819637E-013   1.1879176536819637E-013   1.1879176536819637E-013   1.1879176536819637E-013   1.1879176536819637E-013   1.1879176536819637E-013   1.1879176536819637E-013
   8.3196708581299182E-014   8.3196708581299182E-014   8.3196708581299182E-014   8.3196708581299182E-014   8.3196708581299182E-014   8.3196708581299182E-014   8.3196708581299182E-014   8.3196708581299182E-014   8.3196708581299182E-014   8.3196708581299182E-014   8.3196708581299182E-014   8.3196708581299182E-014   8.3196708581299182E-014   8.3196708581299182E-014   8.3196708581299182E-014
   5.8267442169141731E-014   5.8267442169141731E-014   5.8267442169141731E-014   5.8267442169141731E-014   5.8267442169141731E-014   5.8267442169141731E-014   5.8267442169141731E-014   5.8267442169141731E-014   5.8267442169141731E-014   5.8267442169141731E-014   5.8267442169141731E-014   5.8267442169141731E-014   5.8267442169141731E-014   5.8267442169141731E-014   5.8267442169141731E-014
   4.0808042467408705E-014   4.0808042467408705E-014   4.0808042467408705E-014   4.0808042467408705E-014   4.0808042467408705E-014   4.0808042467408705E-014   4.0808042467408705E-014   4.0808042467408705E-014   4.0808042467408705E-014   4.0808042467408705E-014   4.0808042467408705E-014   4.0808042467408705E-014   4.0808042467408705E-014   4.0808042467408705E-014   4.0808042467408705E-014
   2.8580220240108214E-014   2.8580220240108214E-014   2.8580220240108214E-014   2.8580220240108214E-014   2.8580220240108214E-014   2.8580220240108214E-014   2.8580220240108214E-014   2.8580220240108214E-014   2.8580220240108214E-014   2.8580220240108214E-014   2.8580220240108214E-014   2.8580220240108214E-014   2.8580220240108214E-014   2.8580220240108214E-014   2.8580220240108214E-014
   2.0016372743815221E-014   2.0016372743815221E-014   2.0016372743815221E-014   2.0016372743815221E-014   2.0016372743815221E-014   2.0016372743815221E-014   2.0016372743815221E-014   2.0016372743815221E-014   2.0016372743815221E-014   2.0016372743815221E-014   2.0016372743815221E-014   2.0016372743815221E-014   2.0016372743815221E-014   2.0016372743815221E-014   2.0016372743815221E-014
   1.4018617577239231E-014   1.4018617577239231E-014   1.4018617577239231E-014   1.4018617577239231E-014   1.4018617577239231E-014   1.4018617577239231E-014   1.4018617577239231E-014   1.4018617577239231E-014   1.4018617577239231E-014   1.4018617577239231E-014   1.4018617577239231E-014   1.4018617577239231E-014   1.4018617577239231E-014   1.4018617577239231E-014   1.4018617577239231E-014
   9.8180445224574244E-015   9.8180445224574244E-015   9.8180445224574244E-015   9.8180445224574244E-015   9.8180445224574244E-015   9.8180445224574244E-015   9.8180445224574244E-015   9.8180445224574244E-015   9.8180445224574244E-015   9.8180445224574244E-015   9.8180445224574244E-015   9.8180445224574244E-015   9.8180445224574244E-015   9.8180445224574244E-015   9.8180445224574244E-015
   6.8761415106623989E-015   6.8761415106623989E-015   6.8761415106623989E-015   6.8761415106623989E-015   6.8761415106623989E-015   6.8761415106623989E-015   6.8761415106623989E-015   6.8761415106623989E-015   6.8761415106623989E-015   6.8761415106623989E-015   6.8761415106623989E-015   6.8761415106623989E-015   6.8761415106623989E-015   6.8761415106623989E-015   6.8761415106623989E-015
   4.8157575540124176E-015   4.8157575540124176E-015   4.8157575540124176E-015   4.8157575540124176E-015   4.8157575540124176E-015   4.8157575540124176E-015   4.8157575540124176E-015   4.8157575540124176E-015   4.8157575540124176E-015   4.8157575540124176E-015   4.8157575540124176E-015   4.8157575540124176E-015   4.8157575540124176E-015   4.8157575540124176E-015   4.8157575540124176E-015
   3.3727521144039957E-015   3.3727521144039957E-015   3.3727521144039957E-015   3.3727521144039957E-015   3.3727521144039957E-015   3.3727521144039957E-015   3.3727521144039957E-015   3.3727521144039957E-015   3.3727521144039957E-015   3.3727521144039957E-015   3.3727521144039957E-015   3.3727521144039957E-015   3.3727521144039957E-015   3.3727521144039957E-015   3.3727521144039957E-015
   2.3621323743216230E-015   2.3621323743216230E-015   2.3621323743216230E-015   2.3621323743216230E-015   2.3621323743216230E-015   2.3621323743216230E-015   2.3621323743216230E-015   2.3621323743216230E-015   2.3621323743216230E-015   2.3621323743216230E-015   2.3621323743216230E-015   2.3621323743216230E-015   2.3621323743216230E-015   2.3621323743216230E-015   2.3621323743216230E-015
   1.6543372191478962E-015   1.6543372191478962E-015   1.6543372191478962E-015   1.6543372191478962E-015   1.6543372191478962E-015   1.6543372191478962E-015   1.6543372191478962E-015   1.6543372191478962E-015   1.6543372191478962E-015   1.6543372191478962E-015   1.6543372191478962E-015   1.6543372191478962E-015   1.6543372191478962E-015   1.6543372191478962E-015   1.6543372191478962E-015
   1.1586275453525272E-015   1.1586275453525272E-015   1.1586275453525272E-015   1.1586275453525272E-015   1.1586275453525272E-015   1.1586275453525272E-015   1.1586275453525272E-015   1.1586275453525272E-015   1.1586275453525272E-015   1.1586275453525272E-015   1.1586275453525272E-015   1.1586275453525272E-015   1.1586275453525272E-015   1.1586275453525272E-015   1.1586275453525272E-015
   8.1145353759317823E-016   8.1145353759317823E-016   8.1145353759317823E-016   8.1145353759317823E-016   8.1145353759317823E-016   8.1145353759317823E-016   8.1145353759317823E-016   8.1145353759317823E-016   8.1145353759317823E-016   8.1145353759317823E-016   8.1145353759317823E-016   8.1145353759317823E-016   8.1145353759317823E-016   8.1145353759317823E-016   8.1145353759317823E-016
   5.6830760352080208E-016   5.6830760352080208E-016   5.6830760352080208E-016   5.6830760352080208E-016   5.6830760352080208E-016   5.6830760352080208E-016   5.6830760352080208E-016   5.6830760352080208E-016   5.6830760352080208E-016   5.6830760352080208E-016   5.6830760352080208E-016   5.6830760352080208E-016   5.6830760352080208E-016   5.6830760352080208E-016   5.6830760352080208E-016
   3.9801851524058471E-016   3.9801851524058471E-016   3.9801851524058471E-016   3.9801851524058471E-016   3.9801851524058471E-016   3.9801851524058471E-016   3.9801851524058471E-016   3.9801851524058471E-016   3.9801851524058471E-016   3.9801851524058471E-016   3.9801851524058471E-016   3.9801851524058471E-016   3.9801851524058471E-016   3.9801851524058471E-016   3.9801851524058471E-016
   2.7875526826119751E-016   2.7875526826119751E-016   2.7875526826119751E-016   2.7875526826119751E-016   2.7875526826119751E-016   2.7875526826119751E-016   2.7875526826119751E-016   2.7875526826119751E-016   2.7875526826119751E-016   2.7875526826119751E-016   2.7875526826119751E-016   2.7875526826119751E-016   2.7875526826119751E-016   2.7875526826119751E-016   2.7875526826119751E-016
   1.9522835397846553E-016   1.9522835397846553E-016   1.9522835397846553E-016   1.9522835397846553E-016   1.9522835397846553E-016   1.9522835397846553E-016   1.9522835397846553E-016   1.9522835397846553E-016   1.9522835397846553E-016   1.9522835397846553E-016   1.9522835397846553E-016   1.9522835397846553E-016   1.9522835397846553E-016   1.9522835397846553E-016   1.9522835397846553E-016
   1.3672964975652983E-016   1.3672964975652983E-016   1.3672964975652983E-016   1.3672964975652983E-016   1.3672964975652983E-016   1.3672964975652983E-016   1.3672964975652983E-016   1.3672964975652983E-016   1.3672964975652983E-016   1.3672964975652983E-016   1.3672964975652983E-016   1.3672964975652983E-016   1.3672964975652983E-016   1.3672964975652983E-016   1.3672964975652983E-016
   9.5759641166699732E-017   9.5759641166699732E-017   9.5759641166699732E-017   9.5759641166699732E-017   9.5759641166699732E-017   9.5759641166699732E-017   9.5759641166699732E-017   9.5759641166699732E-017   9.5759641166699732E-017   9.5759641166699732E-017   9.5759641166699732E-017   9.5759641166699732E-017   9.5759641166699732E-017   9.5759641166699732E-017   9.5759641166699732E-017
   6.7065986731507329E-017   6.7065986731507329E-017   6.7065986731507329E-017   6.7065986731507329E-017   6.7065986731507329E-017   6.7065986731507329E-017   6.7065986731507329E-017   6.7065986731507329E-017   6.7065986731507329E-017   6.7065986731507329E-017   6.7065986731507329E-017   6.7065986731507329E-017   6.7065986731507329E-017   6.7065986731507329E-017   6.7065986731507329E-017
   4.6970169493856109E-017   4.6970169493856109E-017   4.6970169493856109E-017   4.6970169493856109E-017   4.6970169493856109E-017   4.6970169493856109E-017   4.6970169493856109E-017   4.6970169493856109E-017   4.6970169493856109E-017   4.6970169493856109E-017   4.6970169493856109E-017   4.6970169493856109E-017   4.6970169493856109E-017   4.6970169493856109E-017   4.6970169493856109E-017
   3.2895912366336744E-017   3.2895912366336744E-017   3.2895912366336744E-017   3.2895912366336744E-017   3.2895912366336744E-017   3.2895912366336744E-017   3.2895912366336744E-017   3.2895912366336744E-017   3.2895912366336744E-017   3.2895912366336744E-017   3.2895912366336744E-017   3.2895912366336744E-017   3.2895912366336744E-017   3.2895912366336744E-017   3.2895912366336744E-017
   2.3038900265311063E-017   2.3038900265311063E-017   2.3038900265311063E-017   2.3038900265311063E-017   2.3038900265311063E-017   2.3038900265311063E-017   2.3038900265311063E-017   2.3038900265311063E-017   2.3038900265311063E-017   2.3038900265311063E-017   2.3038900265311063E-017   2.3038900265311063E-017   2.3038900265311063E-017   2.3038900265311063E-017   2.3038900265311063E-017
   1.6135467517177676E-017   1.6135467517177676E-017   1.6135467517177676E-017   1.6135467517177676E-017   1.6135467517177676E-017   1.6135467517177676E-017   1.6135467517177676E-017   1.6135467517177676E-017   1.6135467517177676E-017   1.6135467517177676E-017   1.6135467517177676E-017   1.6135467517177676E-017   1.6135467517177676E-017   1.6135467517177676E-017   1.6135467517177676E-017
   1.1300596339222881E-017   1.1300596339222881E-017   1.1300596339222881E-017   1.1300596339222881E-017   1.1300596339222881E-017   1.1300596339222881E-017   1.1300596339222881E-017   1.1300596339222881E-017   1.1300596339222881E-017   1.1300596339222881E-017   1.1300596339222881E-017   1.1300596339222881E-017   1.1300596339222881E-017   1.1300596339222881E-017   1.1300596339222881E-017
   7.9144578541716101E-018   7.9144578541716101E-018   7.9144578541716101E-018   7.9144578541716101E-018   7.9144578541716101E-018   7.9144578541716101E-018   7.9144578541716101E-018   7.9144578541716101E-018   7.9144578541716101E-018   7.9144578541716101E-018   7.9144578541716101E-018   7.9144578541716101E-018   7.9144578541716101E-018   7.9144578541716101E-018   7.9144578541716101E-018
   5.5429502342321694E-018   5.5429502342321694E-018   5.5429502342321694E-018   5.5429502342321694E-018   5.5429502342321694E-018   5.5429502342321694E-018   5.5429502342321694E-018   5.5429502342321694E-018   5.5429502342321694E-018   5.5429502342321694E-018   5.5429502342321694E-018   5.5429502342321694E-018   5.5429502342321694E-018   5.5429502342321694E-018   5.5429502342321694E-018
   3.8820469911252470E-018   3.8820469911252470E-018   3.8820469911252470E-018   3.8820469911252470E-018   3.8820469911252470E-018   3.8820469911252470E-018   3.8820469911252470E-018   3.8820469911252470E-018   3.8820469911252470E-018   3.8820469911252470E-018   3.8820469911252470E-018   3.8820469911252470E-018   3.8820469911252470E-018   3.8820469911252470E-018   3.8820469911252470E-018
   2.7188208813843262E-018   2.7188208813843262E-018   2.7188208813843262E-018   2.7188208813843262E-018   2.7188208813843262E-018   2.7188208813843262E-018   2.7188208813843262E-018   2.7188208813843262E-018   2.7188208813843262E-018   2.7188208813843262E-018   2.7188208813843262E-018   2.7188208813843262E-018   2.7188208813843262E-018   2.7188208813843262E-018   2.7188208813843262E-018
   1.9041467045479520E-018   1.9041467045479520E-018   1.9041467045479520E-018   1.9041467045479520E-018   1.9041467045479520E-018   1.9041467045479520E-018   1.9041467045479520E-018   1.9041467045479520E-018   1.9041467045479520E-018   1.9041467045479520E-018   1.9041467045479520E-018   1.9041467045479520E-018   1.9041467045479520E-018   1.9041467045479520E-018   1.9041467045479520E-018
   1.3335835020491359E-018   1.3335835020491359E-018   1.3335835020491359E-018   1.3335835020491359E-018   1.3335835020491359E-018   1.3335835020491359E-018   1.3335835020491359E-018   1.3335835020491359E-018   1.3335835020491359E-018   1.3335835020491359E-018   1.3335835020491359E-018   1.3335835020491359E-018   1.3335835020491359E-018   1.3335835020491359E-018   1.3335835020491359E-018
   9.3398526105678680E-019   9.3398526105678680E-019   9.3398526105678680E-019   9.3398526105678680E-019   9.3398526105678680E-019   9.3398526105678680E-019   9.3398526105678680E-019   9.3398526105678680E-019   9.3398526105678680E-019   9.3398526105678680E-019   9.3398526105678680E-019   9.3398526105678680E-019   9.3398526105678680E-019   9.3398526105678680E-019   9.3398526105678680E-019
   6.5412361995400064E-019   6.5412361995400064E-019   6.5412361995400064E-019   6.5412361995400064E-019   6.5412361995400064E-019   6.5412361995400064E-019   6.5412361995400064E-019   6.5412361995400064E-019   6.5412361995400064E-019   6.5412361995400064E-019   6.5412361995400064E-019   6.5412361995400064E-019   6.5412361995400064E-019   6.5412361995400064E-019   6.5412361995400064E-019
   4.5812040941373012E-019   4.5812040941373012E-019   4.5812040941373012E-019   4.5812040941373012E-019   4.5812040941373012E-019   4.5812040941373012E-019   4.5812040941373012E-019   4.5812040941373012E-019   4.5812040941373012E-019   4.5812040941373012E-019   4.5812040941373012E-019   4.5812040941373012E-019   4.5812040941373012E-019   4.5812040941373012E-019   4.5812040941373012E-019
   3.2084808302162090E-019   3.2084808302162090E-019   3.2084808302162090E-019   3.2084808302162090E-019   3.2084808302162090E-019   3.2084808302162090E-019   3.2084808302162090E-019   3.2084808302162090E-019   3.2084808302162090E-019   3.2084808302162090E-019   3.2084808302162090E-019   3.2084808302162090E-019   3.2084808302162090E-019   3.2084808302162090E-019   3.2084808302162090E-019
   2.2470837418133976E-019   2.2470837418133976E-019   2.2470837418133976E-019   2.2470837418133976E-019   2.2470837418133976E-019   2.2470837418133976E-019   2.2470837418133976E-019   2.2470837418133976E-019   2.2470837418133976E-019   2.2470837418133976E-019   2.2470837418133976E-019   2.2470837418133976E-019   2.2470837418133976E-019   2.2470837418133976E-019   2.2470837418133976E-019
   1.5737620418887832E-019   1.5737620418887832E-019   1.5737620418887832E-019   1.5737620418887832E-019   1.5737620418887832E-019   1.5737620418887832E-019   1.5737620418887832E-019   1.5737620418887832E-019   1.5737620418887832E-019   1.5737620418887832E-019   1.5737620418887832E-019   1.5737620418887832E-019   1.5737620418887832E-019   1.5737620418887832E-019   1.5737620418887832E-019
   1.1021961124115624E-019   1.1021961124115624E-019   1.1021961124115624E-019   1.1021961124115624E-019   1.1021961124115624E-019   1.1021961124115624E-019   1.1021961124115624E-019   1.1021961124115624E-019   1.1021961124115624E-019   1.1021961124115624E-019   1.1021961124115624E-019   1.1021961124115624E-019   1.1021961124115624E-019   1.1021961124115624E-019   1.1021961124115624E-019
   7.7193135803247053E-020   7.7193135803247053E-020   7.7193135803247053E-020   7.7193135803247053E-020   7.7193135803247053E-020   7.7193135803247053E-020   7.7193135803247053E-020   7.7193135803247053E-020   7.7193135803247053E-020   7.7193135803247053E-020   7.7193135803247053E-020   7.7193135803247053E-020   7.7193135803247053E-020   7.7193135803247053E-020   7.7193135803247053E-020
   5.4062794706297421E-020   5.4062794706297421E-020   5.4062794706297421E-020   5.4062794706297421E-020   5.4062794706297421E-020   5.4062794706297421E-020   5.4062794706297421E-020   5.4062794706297421E-020   5.4062794706297421E-020   5.4062794706297421E-020   5.4062794706297421E-020   5.4062794706297421E-020   5.4062794706297421E-020   5.4062794706297421E-020   5.4062794706297421E-020
   3.7863285913205704E-020   3.7863285913205704E-020   3.7863285913205704E-020   3.7863285913205704E-020   3.7863285913205704E-020   3.7863285913205704E-020   3.7863285913205704E-020   3.7863285913205704E-020   3.7863285913205704E-020   3.7863285913205704E-020   3.7863285913205704E-020   3.7863285913205704E-020   3.7863285913205704E-020   3.7863285913205704E-020   3.7863285913205704E-020
   2.6517837783516725E-020   2.6517837783516725E-020   2.6517837783516725E-020   2.6517837783516725E-020   2.6517837783516725E-020   2.6517837783516725E-020   2.6517837783516725E-020   2.6517837783516725E-020   2.6517837783516725E-020   2.6517837783516725E-020   2.6517837783516725E-020   2.6517837783516725E-020   2.6517837783516725E-020   2.6517837783516725E-020   2.6517837783516725E-020
   1.8571967639703736E-020   1.8571967639703736E-020   1.8571967639703736E-020   1.8571967639703736E-020   1.8571967639703736E-020   1.8571967639703736E-020   1.8571967639703736E-020   1.8571967639703736E-020   1.8571967639703736E-020   1.8571967639703736E-020   1.8571967639703736E-020   1.8571967639703736E-020   1.8571967639703736E-020   1.8571967639703736E-020   1.8571967639703736E-020
   1.3007017571568414E-020   1.3007017571568414E-020   1.3007017571568414E-020   1.3007017571568414E-020   1.3007017571568414E-020   1.3007017571568414E-020   1.3007017571568414E-020   1.3007017571568414E-020   1.3007017571568414E-020   1.3007017571568414E-020   1.3007017571568414E-020   1.3007017571568414E-020   1.3007017571568414E-020   1.3007017571568414E-020   1.3007017571568414E-020
   9.1095628308874578E-021   9.1095628308874578E-021   9.1095628308874578E-021   9.1095628308874578E-021   9.1095628308874578E-021   9.1095628308874578E-021   9.1095628308874578E-021   9.1095628308874578E-021   9.1095628308874578E-021   9.1095628308874578E-021   9.1095628308874578E-021   9.1095628308874578E-021   9.1095628308874578E-021   9.1095628308874578E-021   9.1095628308874578E-021
   6.3799510159252854E-021   6.3799510159252854E-021   6.3799510159252854E-021   6.3799510159252854E-021   6.3799510159252854E-021   6.3799510159252854E-021   6.3799510159252854E-021   6.3799510159252854E-021   6.3799510159252854E-021   6.3799510159252854E-021   6.3799510159252854E-021   6.3799510159252854E-021   6.3799510159252854E-021   6.3799510159252854E-021   6.3799510159252854E-021
   4.4682467996810240E-021   4.4682467996810240E-021   4.4682467996810240E-021   4.4682467996810240E-021   4.4682467996810240E-021   4.4682467996810240E-021   4.4682467996810240E-021   4.4682467996810240E-021   4.4682467996810240E-021   4.4682467996810240E-021   4.4682467996810240E-021   4.4682467996810240E-021   4.4682467996810240E-021   4.4682467996810240E-021   4.4682467996810240E-021
   3.1293703373307478E-021   3.1293703373307478E-021   3.1293703373307478E-021   3.1293703373307478E-021   3.1293703373307478E-021   3.1293703373307478E-021   3.1293703373307478E-021   3.1293703373307478E-021   3.1293703373307478E-021   3.1293703373307478E-021   3.1293703373307478E-021   3.1293703373307478E-021   3.1293703373307478E-021   3.1293703373307478E-021   3.1293703373307478E-021
   2.1916781116174359E-021   2.1916781116174359E-021   2.1916781116174359E-021   2.1916781116174359E-021   2.1916781116174359E-021   2.1916781116174359E-021   2.1916781116174359E-021   2.1916781116174359E-021   2.1916781116174359E-021   2.1916781116174359E-021   2.1916781116174359E-021   2.1916781116174359E-021   2.1916781116174359E-021   2.1916781116174359E-021   2.1916781116174359E-021
   1.5349582910152330E-021   1.5349582910152330E-021   1.5349582910152330E-021   1.5349582910152330E-021   1.5349582910152330E-021   1.5349582910152330E-021   1.5349582910152330E-021   1.5349582910152330E-021   1.5349582910152330E-021   1.5349582910152330E-021   1.5349582910152330E-021   1.5349582910152330E-021   1.5349582910152330E-021   1.5349582910152330E-021   1.5349582910152330E-021
   1.0750196129018373E-021   1.0750196129018373E-021   1.0750196129018373E-021   1.0750196129018373E-021   1.0750196129018373E-021   1.0750196129018373E-021   1.0750196129018373E-021   1.0750196129018373E-021   1.0750196129018373E-021   1.0750196129018373E-021   1.0750196129018373E-021   1.0750196129018373E-021   1.0750196129018373E-021   1.0750196129018373E-021   1.0750196129018373E-021
   7.5289809168641707E-022   7.5289809168641707E-022   7.5289809168641707E-022   7.5289809168641707E-022   7.5289809168641707E-022   7.5289809168641707E-022   7.5289809168641707E-022   7.5289809168641707E-022   7.5289809168641707E-022   7.5289809168641707E-022   7.5289809168641707E-022   7.5289809168641707E-022   7.5289809168641707E-022   7.5289809168641707E-022   7.5289809168641707E-022
   5.2729785546415885E-022   5.2729785546415885E-022   5.2729785546415885E-022   5.2729785546415885E-022   5.2729785546415885E-022   5.2729785546415885E-022   5.2729785546415885E-022   5.2729785546415885E-022   5.2729785546415885E-022   5.2729785546415885E-022   5.2729785546415885E-022   5.2729785546415885E-022   5.2729785546415885E-022   5.2729785546415885E-022   5.2729785546415885E-022
   3.6929702897016538E-022   3.6929702897016538E-022   3.6929702897016538E-022   3.6929702897016538E-022   3.6929702897016538E-022   3.6929702897016538E-022   3.6929702897016538E-022   3.6929702897016538E-022   3.6929702897016538E-022   3.6929702897016538E-022   3.6929702897016538E-022   3.6929702897016538E-022   3.6929702897016538E-022   3.6929702897016538E-022   3.6929702897016538E-022
   2.5863995878788703E-022   2.5863995878788703E-022   2.5863995878788703E-022   2.5863995878788703E-022   2.5863995878788703E-022   2.5863995878788703E-022   2.5863995878788703E-022   2.5863995878788703E-022   2.5863995878788703E-022   2.5863995878788703E-022   2.5863995878788703E-022   2.5863995878788703E-022   2.5863995878788703E-022   2.5863995878788703E-022   2.5863995878788703E-022
   1.8114044531672668E-022   1.8114044531672668E-022   1.8114044531672668E-022   1.8114044531672668E-022   1.8114044531672668E-022   1.8114044531672668E-022   1.8114044531672668E-022   1.8114044531672668E-022   1.8114044531672668E-022   1.8114044531672668E-022   1.8114044531672668E-022   1.8114044531672668E-022   1.8114044531672668E-022   1.8114044531672668E-022   1.8114044531672668E-022
   1.2686307670057802E-022   1.2686307670057802E-022   1.2686307670057802E-022   1.2686307670057802E-022   1.2686307670057802E-022   1.2686307670057802E-022   1.2686307670057802E-022   1.2686307670057802E-022   1.2686307670057802E-022   1.2686307670057802E-022   1.2686307670057802E-022   1.2686307670057802E-022   1.2686307670057802E-022   1.2686307670057802E-022   1.2686307670057802E-022
   8.8849512331692212E-023   8.8849512331692212E-023   8.8849512331692212E-023   8.8849512331692212E-023   8.8849512331692212E-023   8.8849512331692212E-023   8.8849512331692212E-023   8.8849512331692212E-023   8.8849512331692212E-023   8.8849512331692212E-023   8.8849512331692212E-023   8.8849512331692212E-023   8.8849512331692212E-023   8.8849512331692212E-023   8.8849512331692212E-023
   6.2226425898620615E-023   6.2226425898620615E-023   6.2226425898620615E-023   6.2226425898620615E-023   6.2226425898620615E-023   6.2226425898620615E-023   6.2226425898620615E-023   6.2226425898620615E-023   6.2226425898620615E-023   6.2226425898620615E-023   6.2226425898620615E-023   6.2226425898620615E-023   6.2226425898620615E-023   6.2226425898620615E-023   6.2226425898620615E-023
   4.3580746573612240E-023   4.3580746573612240E-023   4.3580746573612240E-023   4.3580746573612240E-023   4.3580746573612240E-023   4.3580746573612240E-023   4.3580746573612240E-023   4.3580746573612240E-023   4.3580746573612240E-023   4.3580746573612240E-023   4.3580746573612240E-023   4.3580746573612240E-023   4.3580746573612240E-023   4.3580746573612240E-023   4.3580746573612240E-023
   3.0522104467444904E-023   3.0522104467444904E-023   3.0522104467444904E-023   3.0522104467444904E-023   3.0522104467444904E-023   3.0522104467444904E-023   3.0522104467444904E-023   3.0522104467444904E-023   3.0522104467444904E-023   3.0522104467444904E-023   3.0522104467444904E-023   3.0522104467444904E-023   3.0522104467444904E-023   3.0522104467444904E-023   3.0522104467444904E-023
   2.1376386004495228E-023   2.1376386004495228E-023   2.1376386004495228E-023   2.1376386004495228E-023   2.1376386004495228E-023   2.1376386004495228E-023   2.1376386004495228E-023   2.1376386004495228E-023   2.1376386004495228E-023   2.1376386004495228E-023   2.1376386004495228E-023   2.1376386004495228E-023   2.1376386004495228E-023   2.1376386004495228E-023   2.1376386004495228E-023
   1.4971113119036927E-023   1.4971113119036927E-023   1.4971113119036927E-023   1.4971113119036927E-023   1.4971113119036927E-023   1.4971113119036927E-023   1.4971113119036927E-023   1.4971113119036927E-023   1.4971113119036927E-023   1.4971113119036927E-023   1.4971113119036927E-023   1.4971113119036927E-023   1.4971113119036927E-023   1.4971113119036927E-023   1.4971113119036927E-023
   1.0485131957098204E-023   1.0485131957098204E-023   1.0485131957098204E-023   1.0485131957098204E-023   1.0485131957098204E-023   1.0485131957098204E-023   1.0485131957098204E-023   1.0485131957098204E-023   1.0485131957098204E-023   1.0485131957098204E-023   1.0485131957098204E-023   1.0485131957098204E-023   1.0485131957098204E-023   1.0485131957098204E-023   1.0485131957098204E-023
   7.3433412254408347E-024   7.3433412254408347E-024   7.3433412254408347E-024   7.3433412254408347E-024   7.3433412254408347E-024   7.3433412254408347E-024   7.3433412254408347E-024   7.3433412254408347E-024   7.3433412254408347E-024   7.3433412254408347E-024   7.3433412254408347E-024   7.3433412254408347E-024   7.3433412254408347E-024   7.3433412254408347E-024   7.3433412254408347E-024
   5.1429643970053337E-024   5.1429643970053337E-024   5.1429643970053337E-024   5.1429643970053337E-024   5.1429643970053337E-024   5.1429643970053337E-024   5.1429643970053337E-024   5.1429643970053337E-024   5.1429643970053337E-024   5.1429643970053337E-024   5.1429643970053337E-024   5.1429643970053337E-024   5.1429643970053337E-024   5.1429643970053337E-024   5.1429643970053337E-024
   3.6019138940770919E-024   3.6019138940770919E-024   3.6019138940770919E-024   3.6019138940770919E-024   3.6019138940770919E-024   3.6019138940770919E-024   3.6019138940770919E-024   3.6019138940770919E-024   3.6019138940770919E-024   3.6019138940770919E-024   3.6019138940770919E-024   3.6019138940770919E-024   3.6019138940770919E-024   3.6019138940770919E-024   3.6019138940770919E-024
   2.5226275546258901E-024   2.5226275546258901E-024   2.5226275546258901E-024   2.5226275546258901E-024   2.5226275546258901E-024   2.5226275546258901E-024   2.5226275546258901E-024   2.5226275546258901E-024   2.5226275546258901E-024   2.5226275546258901E-024   2.5226275546258901E-024   2.5226275546258901E-024   2.5226275546258901E-024   2.5226275546258901E-024   2.5226275546258901E-024
   1.7667412288289416E-024   1.7667412288289416E-024   1.7667412288289416E-024   1.7667412288289416E-024   1.7667412288289416E-024   1.7667412288289416E-024   1.7667412288289416E-024   1.7667412288289416E-024   1.7667412288289416E-024   1.7667412288289416E-024   1.7667412288289416E-024   1.7667412288289416E-024   1.7667412288289416E-024   1.7667412288289416E-024   1.7667412288289416E-024
   1.2373505410737945E-024   1.2373505410737945E-024   1.2373505410737945E-024   1.2373505410737945E-024   1.2373505410737945E-024   1.2373505410737945E-024   1.2373505410737945E-024   1.2373505410737945E-024   1.2373505410737945E-024   1.2373505410737945E-024   1.2373505410737945E-024   1.2373505410737945E-024   1.2373505410737945E-024   1.2373505410737945E-024   1.2373505410737945E-024
   8.6658778122839987E-025   8.6658778122839987E-025   8.6658778122839987E-025   8.6658778122839987E-025   8.6658778122839987E-025   8.6658778122839987E-025   8.6658778122839987E-025   8.6658778122839987E-025   8.6658778122839987E-025   8.6658778122839987E-025   8.6658778122839987E-025   8.6658778122839987E-025   8.6658778122839987E-025   8.6658778122839987E-025   8.6658778122839987E-025
   6.0692128677024124E-025   6.0692128677024124E-025   6.0692128677024124E-025   6.0692128677024124E-025   6.0692128677024124E-025   6.0692128677024124E-025   6.0692128677024124E-025   6.0692128677024124E-025   6.0692128677024124E-025   6.0692128677024124E-025   6.0692128677024124E-025   6.0692128677024124E-025   6.0692128677024124E-025   6.0692128677024124E-025   6.0692128677024124E-025
   4.2506189945662488E-025   4.2506189945662488E-025   4.2506189945662488E-025   4.2506189945662488E-025   4.2506189945662488E-025   4.2506189945662488E-025   4.2506189945662488E-025   4.2506189945662488E-025   4.2506189945662488E-025   4.2506189945662488E-025   4.2506189945662488E-025   4.2506189945662488E-025   4.2506189945662488E-025   4.2506189945662488E-025   4.2506189945662488E-025
   2.9769530630760619E-025   2.9769530630760619E-025   2.9769530630760619E-025   2.9769530630760619E-025   2.9769530630760619E-025   2.9769530630760619E-025   2.9769530630760619E-025   2.9769530630760619E-025   2.9769530630760619E-025   2.9769530630760619E-025   2.9769530630760619E-025   2.9769530630760619E-025   2.9769530630760619E-025   2.9769530630760619E-025   2.9769530630760619E-025
   2.0849315243466766E-025   2.0849315243466766E-025   2.0849315243466766E-025   2.0849315243466766E-025   2.0849315243466766E-025   2.0849315243466766E-025   2.0849315243466766E-025   2.0849315243466766E-025   2.0849315243466766E-025   2.0849315243466766E-025   2.0849315243466766E-025   2.0849315243466766E-025   2.0849315243466766E-025   2.0849315243466766E-025   2.0849315243466766E-025
   1.4601975137367154E-025   1.4601975137367154E-025   1.4601975137367154E-025   1.4601975137367154E-025   1.4601975137367154E-025   1.4601975137367154E-025   1.4601975137367154E-025   1.4601975137367154E-025   1.4601975137367154E-025   1.4601975137367154E-025   1.4601975137367154E-025   1.4601975137367154E-025   1.4601975137367154E-025   1.4601975137367154E-025   1.4601975137367154E-025
   1.0226603388286428E-025   1.0226603388286428E-025   1.0226603388286428E-025   1.0226603388286428E-025   1.0226603388286428E-025   1.0226603388286428E-025   1.0226603388286428E-025   1.0226603388286428E-025   1.0226603388286428E-025   1.0226603388286428E-025   1.0226603388286428E-025   1.0226603388286428E-025   1.0226603388286428E-025   1.0226603388286428E-025   1.0226603388286428E-025
   7.1622787929337894E-026   7.1622787929337894E-026   7.1622787929337894E-026   7.1622787929337894E-026   7.1622787929337894E-026   7.1622787929337894E-026   7.1622787929337894E-026   7.1622787929337894E-026   7.1622787929337894E-026   7.1622787929337894E-026   7.1622787929337894E-026   7.1622787929337894E-026   7.1622787929337894E-026   7.1622787929337894E-026   7.1622787929337894E-026
   5.0161559571642529E-026   5.0161559571642529E-026   5.0161559571642529E-026   5.0161559571642529E-026   5.0161559571642529E-026   5.0161559571642529E-026   5.0161559571642529E-026   5.0161559571642529E-026   5.0161559571642529E-026   5.0161559571642529E-026   5.0161559571642529E-026   5.0161559571642529E-026   5.0161559571642529E-026   5.0161559571642529E-026   5.0161559571642529E-026
   3.5131026470819243E-026   3.5131026470819243E-026   3.5131026470819243E-026   3.5131026470819243E-026   3.5131026470819243E-026   3.5131026470819243E-026   3.5131026470819243E-026   3.5131026470819243E-026   3.5131026470819243E-026   3.5131026470819243E-026   3.5131026470819243E-026   3.5131026470819243E-026   3.5131026470819243E-026   3.5131026470819243E-026   3.5131026470819243E-026
   2.4604279281442390E-026   2.4604279281442390E-026   2.4604279281442390E-026   2.4604279281442390E-026   2.4604279281442390E-026   2.4604279281442390E-026   2.4604279281442390E-026   2.4604279281442390E-026   2.4604279281442390E-026   2.4604279281442390E-026   2.4604279281442390E-026   2.4604279281442390E-026   2.4604279281442390E-026   2.4604279281442390E-026   2.4604279281442390E-026
   1.7231792514290757E-026   1.7231792514290757E-026   1.7231792514290757E-026   1.7231792514290757E-026   1.7231792514290757E-026   1.7231792514290757E-026   1.7231792514290757E-026   1.7231792514290757E-026   1.7231792514290757E-026   1.7231792514290757E-026   1.7231792514290757E-026   1.7231792514290757E-026   1.7231792514290757E-026   1.7231792514290757E-026   1.7231792514290757E-026
   1.2068415817387038E-026   1.2068415817387038E-026   1.2068415817387038E-026   1.2068415817387038E-026   1.2068415817387038E-026   1.2068415817387038E-026   1.2068415817387038E-026   1.2068415817387038E-026   1.2068415817387038E-026   1.2068415817387038E-026   1.2068415817387038E-026   1.2068415817387038E-026   1.2068415817387038E-026   1.2068415817387038E-026   1.2068415817387038E-026
   8.4522060151646471E-027   8.4522060151646471E-027   8.4522060151646471E-027   8.4522060151646471E-027   8.4522060151646471E-027   8.4522060151646471E-027   8.4522060151646471E-027   8.4522060151646471E-027   8.4522060151646471E-027   8.4522060151646471E-027   8.4522060151646471E-027   8.4522060151646471E-027   8.4522060151646471E-027   8.4522060151646471E-027   8.4522060151646471E-027
   5.9195662134761607E-027   5.9195662134761607E-027   5.9195662134761607E-027   5.9195662134761607E-027   5.9195662134761607E-027   5.9195662134761607E-027   5.9195662134761607E-027   5.9195662134761607E-027   5.9195662134761607E-027   5.9195662134761607E-027   5.9195662134761607E-027   5.9195662134761607E-027   5.9195662134761607E-027   5.9195662134761607E-027   5.9195662134761607E-027
   4.1458128319232461E-027   4.1458128319232461E-027   4.1458128319232461E-027   4.1458128319232461E-027   4.1458128319232461E-027   4.1458128319232461E-027   4.1458128319232461E-027   4.1458128319232461E-027   4.1458128319232461E-027   4.1458128319232461E-027   4.1458128319232461E-027   4.1458128319232461E-027   4.1458128319232461E-027   4.1458128319232461E-027   4.1458128319232461E-027
   2.9035512768166622E-027   2.9035512768166622E-027   2.9035512768166622E-027   2.9035512768166622E-027   2.9035512768166622E-027   2.9035512768166622E-027   2.9035512768166622E-027   2.9035512768166622E-027   2.9035512768166622E-027   2.9035512768166622E-027   2.9035512768166622E-027   2.9035512768166622E-027   2.9035512768166622E-027   2.9035512768166622E-027   2.9035512768166622E-027
   2.0335240298807007E-027   2.0335240298807007E-027   2.0335240298807007E-027   2.0335240298807007E-027   2.0335240298807007E-027   2.0335240298807007E-027   2.0335240298807007E-027   2.0335240298807007E-027   2.0335240298807007E-027   2.0335240298807007E-027   2.0335240298807007E-027   2.0335240298807007E-027   2.0335240298807007E-027   2.0335240298807007E-027   2.0335240298807007E-027
   1.4241938873681354E-027   1.4241938873681354E-027   1.4241938873681354E-027   1.4241938873681354E-027   1.4241938873681354E-027   1.4241938873681354E-027   1.4241938873681354E-027   1.4241938873681354E-027   1.4241938873681354E-027   1.4241938873681354E-027   1.4241938873681354E-027   1.4241938873681354E-027   1.4241938873681354E-027   1.4241938873681354E-027   1.4241938873681354E-027
   9.9744492762928310E-028   9.9744492762928310E-028   9.9744492762928310E-028   9.9744492762928310E-028   9.9744492762928310E-028   9.9744492762928310E-028   9.9744492762928310E-028   9.9744492762928310E-028   9.9744492762928310E-028   9.9744492762928310E-028   9.9744492762928310E-028   9.9744492762928310E-028   9.9744492762928310E-028   9.9744492762928310E-028   9.9744492762928310E-028
   6.9856807593235870E-028   6.9856807593235870E-028   6.9856807593235870E-028   6.9856807593235870E-028   6.9856807593235870E-028   6.9856807593235870E-028   6.9856807593235870E-028   6.9856807593235870E-028   6.9856807593235870E-028   6.9856807593235870E-028   6.9856807593235870E-028   6.9856807593235870E-028   6.9856807593235870E-028   6.9856807593235870E-028   6.9856807593235870E-028
   4.8924741927527439E-028   4.8924741927527439E-028   4.8924741927527439E-028   4.8924741927527439E-028   4.8924741927527439E-028   4.8924741927527439E-028   4.8924741927527439E-028   4.8924741927527439E-028   4.8924741927527439E-028   4.8924741927527439E-028   4.8924741927527439E-028   4.8924741927527439E-028   4.8924741927527439E-028   4.8924741927527439E-028   4.8924741927527439E-028
   3.4264811907994053E-028   3.4264811907994053E-028   3.4264811907994053E-028   3.4264811907994053E-028   3.4264811907994053E-028   3.4264811907994053E-028   3.4264811907994053E-028   3.4264811907994053E-028   3.4264811907994053E-028   3.4264811907994053E-028   3.4264811907994053E-028   3.4264811907994053E-028   3.4264811907994053E-028   3.4264811907994053E-028   3.4264811907994053E-028
   2.3997619380995019E-028   2.3997619380995019E-028   2.3997619380995019E-028   2.3997619380995019E-028   2.3997619380995019E-028   2.3997619380995019E-028   2.3997619380995019E-028   2.3997619380995019E-028   2.3997619380995019E-028   2.3997619380995019E-028   2.3997619380995019E-028   2.3997619380995019E-028   2.3997619380995019E-028   2.3997619380995019E-028   2.3997619380995019E-028
   1.6806913678716328E-028   1.6806913678716328E-028   1.6806913678716328E-028   1.6806913678716328E-028   1.6806913678716328E-028   1.6806913678716328E-028   1.6806913678716328E-028   1.6806913678716328E-028   1.6806913678716328E-028   1.6806913678716328E-028   1.6806913678716328E-028   1.6806913678716328E-028   1.6806913678716328E-028   1.6806913678716328E-028   1.6806913678716328E-028
   1.1770848721249681E-028   1.1770848721249681E-028   1.1770848721249681E-028   1.1770848721249681E-028   1.1770848721249681E-028   1.1770848721249681E-028   1.1770848721249681E-028   1.1770848721249681E-028   1.1770848721249681E-028   1.1770848721249681E-028   1.1770848721249681E-028   1.1770848721249681E-028   1.1770848721249681E-028   1.1770848721249681E-028   1.1770848721249681E-028
   8.2438026556894622E-029   8.2438026556894622E-029   8.2438026556894622E-029   8.2438026556894622E-029   8.2438026556894622E-029   8.2438026556894622E-029   8.2438026556894622E-029   8.2438026556894622E-029   8.2438026556894622E-029   8.2438026556894622E-029   8.2438026556894622E-029   8.2438026556894622E-029   8.2438026556894622E-029   8.2438026556894622E-029   8.2438026556894622E-029
   5.7736093492787242E-029   5.7736093492787242E-029   5.7736093492787242E-029   5.7736093492787242E-029   5.7736093492787242E-029   5.7736093492787242E-029   5.7736093492787242E-029   5.7736093492787242E-029   5.7736093492787242E-029   5.7736093492787242E-029   5.7736093492787242E-029   5.7736093492787242E-029   5.7736093492787242E-029   5.7736093492787242E-029   5.7736093492787242E-029
   4.0435908415484450E-029   4.0435908415484450E-029   4.0435908415484450E-029   4.0435908415484450E-029   4.0435908415484450E-029   4.0435908415484450E-029   4.0435908415484450E-029   4.0435908415484450E-029   4.0435908415484450E-029   4.0435908415484450E-029   4.0435908415484450E-029   4.0435908415484450E-029   4.0435908415484450E-029   4.0435908415484450E-029   4.0435908415484450E-029
   2.8319593350902906E-029   2.8319593350902906E-029   2.8319593350902906E-029   2.8319593350902906E-029   2.8319593350902906E-029   2.8319593350902906E-029   2.8319593350902906E-029   2.8319593350902906E-029   2.8319593350902906E-029   2.8319593350902906E-029   2.8319593350902906E-029   2.8319593350902906E-029   2.8319593350902906E-029   2.8319593350902906E-029   2.8319593350902906E-029
   1.9833840736798857E-029   1.9833840736798857E-029   1.9833840736798857E-029   1.9833840736798857E-029   1.9833840736798857E-029   1.9833840736798857E-029   1.9833840736798857E-029   1.9833840736798857E-029   1.9833840736798857E-029   1.9833840736798857E-029   1.9833840736798857E-029   1.9833840736798857E-029   1.9833840736798857E-029   1.9833840736798857E-029   1.9833840736798857E-029
   1.3890779909809706E-029   1.3890779909809706E-029   1.3890779909809706E-029   1.3890779909809706E-029   1.3890779909809706E-029   1.3890779909809706E-029   1.3890779909809706E-029   1.3890779909809706E-029   1.3890779909809706E-029   1.3890779909809706E-029   1.3890779909809706E-029   1.3890779909809706E-029   1.3890779909809706E-029   1.3890779909809706E-029   1.3890779909809706E-029
   9.7285124481601239E-030   9.7285124481601239E-030   9.7285124481601239E-030   9.7285124481601239E-030   9.7285124481601239E-030   9.7285124481601239E-030   9.7285124481601239E-030   9.7285124481601239E-030   9.7285124481601239E-030   9.7285124481601239E-030   9.7285124481601239E-030   9.7285124481601239E-030   9.7285124481601239E-030   9.7285124481601239E-030   9.7285124481601239E-030
   6.8134370473445129E-030   6.8134370473445129E-030   6.8134370473445129E-030   6.8134370473445129E-030   6.8134370473445129E-030   6.8134370473445129E-030   6.8134370473445129E-030   6.8134370473445129E-030   6.8134370473445129E-030   6.8134370473445129E-030   6.8134370473445129E-030   6.8134370473445129E-030   6.8134370473445129E-030   6.8134370473445129E-030   6.8134370473445129E-030
   4.7718420103277364E-030   4.7718420103277364E-030   4.7718420103277364E-030   4.7718420103277364E-030   4.7718420103277364E-030   4.7718420103277364E-030   4.7718420103277364E-030   4.7718420103277364E-030   4.7718420103277364E-030   4.7718420103277364E-030   4.7718420103277364E-030   4.7718420103277364E-030   4.7718420103277364E-030   4.7718420103277364E-030   4.7718420103277364E-030
   3.3419955322553804E-030   3.3419955322553804E-030   3.3419955322553804E-030   3.3419955322553804E-030   3.3419955322553804E-030   3.3419955322553804E-030   3.3419955322553804E-030   3.3419955322553804E-030   3.3419955322553804E-030   3.3419955322553804E-030   3.3419955322553804E-030   3.3419955322553804E-030   3.3419955322553804E-030   3.3419955322553804E-030   3.3419955322553804E-030
   2.3405917701051088E-030   2.3405917701051088E-030   2.3405917701051088E-030   2.3405917701051088E-030   2.3405917701051088E-030   2.3405917701051088E-030   2.3405917701051088E-030   2.3405917701051088E-030   2.3405917701051088E-030   2.3405917701051088E-030   2.3405917701051088E-030   2.3405917701051088E-030   2.3405917701051088E-030   2.3405917701051088E-030   2.3405917701051088E-030
   1.6392510945658338E-030   1.6392510945658338E-030   1.6392510945658338E-030   1.6392510945658338E-030   1.6392510945658338E-030   1.6392510945658338E-030   1.6392510945658338E-030   1.6392510945658338E-030   1.6392510945658338E-030   1.6392510945658338E-030   1.6392510945658338E-030   1.6392510945658338E-030   1.6392510945658338E-030   1.6392510945658338E-030   1.6392510945658338E-030
   1.1480618642500875E-030   1.1480618642500875E-030   1.1480618642500875E-030   1.1480618642500875E-030   1.1480618642500875E-030   1.1480618642500875E-030   1.1480618642500875E-030   1.1480618642500875E-030   1.1480618642500875E-030   1.1480618642500875E-030   1.1480618642500875E-030   1.1480618642500875E-030   1.1480618642500875E-030   1.1480618642500875E-030   1.1480618642500875E-030
   8.0405378316644007E-031   8.0405378316644007E-031   8.0405378316644007E-031   8.0405378316644007E-031   8.0405378316644007E-031   8.0405378316644007E-031   8.0405378316644007E-031   8.0405378316644007E-031   8.0405378316644007E-031   8.0405378316644007E-031   8.0405378316644007E-031   8.0405378316644007E-031   8.0405378316644007E-031   8.0405378316644007E-031   8.0405378316644007E-031
   5.6312512971290025E-031   5.6312512971290025E-031   5.6312512971290025E-031   5.6312512971290025E-031   5.6312512971290025E-031   5.6312512971290025E-031   5.6312512971290025E-031   5.6312512971290025E-031   5.6312512971290025E-031   5.6312512971290025E-031   5.6312512971290025E-031   5.6312512971290025E-031   5.6312512971290025E-031   5.6312512971290025E-031   5.6312512971290025E-031
   3.9438893063267740E-031   3.9438893063267740E-031   3.9438893063267740E-031   3.9438893063267740E-031   3.9438893063267740E-031   3.9438893063267740E-031   3.9438893063267740E-031   3.9438893063267740E-031   3.9438893063267740E-031   3.9438893063267740E-031   3.9438893063267740E-031   3.9438893063267740E-031   3.9438893063267740E-031   3.9438893063267740E-031   3.9438893063267740E-031
   2.7621326131349838E-031   2.7621326131349838E-031   2.7621326131349838E-031   2.7621326131349838E-031   2.7621326131349838E-031   2.7621326131349838E-031   2.7621326131349838E-031   2.7621326131349838E-031   2.7621326131349838E-031   2.7621326131349838E-031   2.7621326131349838E-031   2.7621326131349838E-031   2.7621326131349838E-031   2.7621326131349838E-031   2.7621326131349838E-031
   1.9344804024557365E-031   1.9344804024557365E-031   1.9344804024557365E-031   1.9344804024557365E-031   1.9344804024557365E-031   1.9344804024557365E-031   1.9344804024557365E-031   1.9344804024557365E-031   1.9344804024557365E-031   1.9344804024557365E-031   1.9344804024557365E-031   1.9344804024557365E-031   1.9344804024557365E-031   1.9344804024557365E-031   1.9344804024557365E-031
   1.3548279360989634E-031   1.3548279360989634E-031   1.3548279360989634E-031   1.3548279360989634E-031   1.3548279360989634E-031   1.3548279360989634E-031   1.3548279360989634E-031   1.3548279360989634E-031   1.3548279360989634E-031   1.3548279360989634E-031   1.3548279360989634E-031   1.3548279360989634E-031   1.3548279360989634E-031   1.3548279360989634E-031   1.3548279360989634E-031
   9.4886396062943674E-032   9.4886396062943674E-032   9.4886396062943674E-032   9.4886396062943674E-032   9.4886396062943674E-032   9.4886396062943674E-032   9.4886396062943674E-032   9.4886396062943674E-032   9.4886396062943674E-032   9.4886396062943674E-032   9.4886396062943674E-032   9.4886396062943674E-032   9.4886396062943674E-032   9.4886396062943674E-032   9.4886396062943674E-032
   6.6454402938707564E-032   6.6454402938707564E-032   6.6454402938707564E-032   6.6454402938707564E-032   6.6454402938707564E-032   6.6454402938707564E-032   6.6454402938707564E-032   6.6454402938707564E-032   6.6454402938707564E-032   6.6454402938707564E-032   6.6454402938707564E-032   6.6454402938707564E-032   6.6454402938707564E-032   6.6454402938707564E-032   6.6454402938707564E-032
   4.6541842173145642E-032   4.6541842173145642E-032   4.6541842173145642E-032   4.6541842173145642E-032   4.6541842173145642E-032   4.6541842173145642E-032   4.6541842173145642E-032   4.6541842173145642E-032   4.6541842173145642E-032   4.6541842173145642E-032   4.6541842173145642E-032   4.6541842173145642E-032   4.6541842173145642E-032   4.6541842173145642E-032   4.6541842173145642E-032
   3.2595930097632190E-032   3.2595930097632190E-032   3.2595930097632190E-032   3.2595930097632190E-032   3.2595930097632190E-032   3.2595930097632190E-032   3.2595930097632190E-032   3.2595930097632190E-032   3.2595930097632190E-032   3.2595930097632190E-032   3.2595930097632190E-032   3.2595930097632190E-032   3.2595930097632190E-032   3.2595930097632190E-032   3.2595930097632190E-032
   2.2828805421517615E-032   2.2828805421517615E-032   2.2828805421517615E-032   2.2828805421517615E-032   2.2828805421517615E-032   2.2828805421517615E-032   2.2828805421517615E-032   2.2828805421517615E-032   2.2828805421517615E-032   2.2828805421517615E-032   2.2828805421517615E-032   2.2828805421517615E-032   2.2828805421517615E-032   2.2828805421517615E-032   2.2828805421517615E-032
   1.5988326009183876E-032   1.5988326009183876E-032   1.5988326009183876E-032   1.5988326009183876E-032   1.5988326009183876E-032   1.5988326009183876E-032   1.5988326009183876E-032   1.5988326009183876E-032   1.5988326009183876E-032   1.5988326009183876E-032   1.5988326009183876E-032   1.5988326009183876E-032   1.5988326009183876E-032   1.5988326009183876E-032   1.5988326009183876E-032
   1.1197544674632897E-032   1.1197544674632897E-032   1.1197544674632897E-032   1.1197544674632897E-032   1.1197544674632897E-032   1.1197544674632897E-032   1.1197544674632897E-032   1.1197544674632897E-032   1.1197544674632897E-032   1.1197544674632897E-032   1.1197544674632897E-032   1.1197544674632897E-032   1.1197544674632897E-032   1.1197544674632897E-032   1.1197544674632897E-032
   7.8422848438527620E-033   7.8422848438527620E-033   7.8422848438527620E-033   7.8422848438527620E-033   7.8422848438527620E-033   7.8422848438527620E-033   7.8422848438527620E-033   7.8422848438527620E-033   7.8422848438527620E-033   7.8422848438527620E-033   7.8422848438527620E-033   7.8422848438527620E-033   7.8422848438527620E-033   7.8422848438527620E-033   7.8422848438527620E-033
   5.4924033222612762E-033   5.4924033222612762E-033   5.4924033222612762E-033   5.4924033222612762E-033   5.4924033222612762E-033   5.4924033222612762E-033   5.4924033222612762E-033   5.4924033222612762E-033   5.4924033222612762E-033   5.4924033222612762E-033   5.4924033222612762E-033   5.4924033222612762E-033   5.4924033222612762E-033   5.4924033222612762E-033   5.4924033222612762E-033
   3.8466460801959941E-033   3.8466460801959941E-033   3.8466460801959941E-033   3.8466460801959941E-033   3.8466460801959941E-033   3.8466460801959941E-033   3.8466460801959941E-033   3.8466460801959941E-033   3.8466460801959941E-033   3.8466460801959941E-033   3.8466460801959941E-033   3.8466460801959941E-033   3.8466460801959941E-033   3.8466460801959941E-033   3.8466460801959941E-033
   2.6940275864874559E-033   2.6940275864874559E-033   2.6940275864874559E-033   2.6940275864874559E-033   2.6940275864874559E-033   2.6940275864874559E-033   2.6940275864874559E-033   2.6940275864874559E-033   2.6940275864874559E-033   2.6940275864874559E-033   2.6940275864874559E-033   2.6940275864874559E-033   2.6940275864874559E-033   2.6940275864874559E-033   2.6940275864874559E-033
   1.8867825335221955E-033   1.8867825335221955E-033   1.8867825335221955E-033   1.8867825335221955E-033   1.8867825335221955E-033   1.8867825335221955E-033   1.8867825335221955E-033   1.8867825335221955E-033   1.8867825335221955E-033   1.8867825335221955E-033   1.8867825335221955E-033   1.8867825335221955E-033   1.8867825335221955E-033   1.8867825335221955E-033   1.8867825335221955E-033
   1.3214223739430940E-033   1.3214223739430940E-033   1.3214223739430940E-033   1.3214223739430940E-033   1.3214223739430940E-033   1.3214223739430940E-033   1.3214223739430940E-033   1.3214223739430940E-033   1.3214223739430940E-033   1.3214223739430940E-033   1.3214223739430940E-033   1.3214223739430940E-033   1.3214223739430940E-033   1.3214223739430940E-033   1.3214223739430940E-033
   9.2546812329119711E-034   9.2546812329119711E-034   9.2546812329119711E-034   9.2546812329119711E-034   9.2546812329119711E-034   9.2546812329119711E-034   9.2546812329119711E-034   9.2546812329119711E-034   9.2546812329119711E-034   9.2546812329119711E-034   9.2546812329119711E-034   9.2546812329119711E-034   9.2546812329119711E-034   9.2546812329119711E-034   9.2546812329119711E-034
   6.4815857829952087E-034   6.4815857829952087E-034   6.4815857829952087E-034   6.4815857829952087E-034   6.4815857829952087E-034   6.4815857829952087E-034   6.4815857829952087E-034   6.4815857829952087E-034   6.4815857829952087E-034   6.4815857829952087E-034   6.4815857829952087E-034   6.4815857829952087E-034   6.4815857829952087E-034   6.4815857829952087E-034   6.4815857829952087E-034
   4.5394274751381062E-034   4.5394274751381062E-034   4.5394274751381062E-034   4.5394274751381062E-034   4.5394274751381062E-034   4.5394274751381062E-034   4.5394274751381062E-034   4.5394274751381062E-034   4.5394274751381062E-034   4.5394274751381062E-034   4.5394274751381062E-034   4.5394274751381062E-034   4.5394274751381062E-034   4.5394274751381062E-034   4.5394274751381062E-034
   3.1792222600988608E-034   3.1792222600988608E-034   3.1792222600988608E-034   3.1792222600988608E-034   3.1792222600988608E-034   3.1792222600988608E-034   3.1792222600988608E-034   3.1792222600988608E-034   3.1792222600988608E-034   3.1792222600988608E-034   3.1792222600988608E-034   3.1792222600988608E-034   3.1792222600988608E-034   3.1792222600988608E-034   3.1792222600988608E-034
   2.2265922816182003E-034   2.2265922816182003E-034   2.2265922816182003E-034   2.2265922816182003E-034   2.2265922816182003E-034   2.2265922816182003E-034   2.2265922816182003E-034   2.2265922816182003E-034   2.2265922816182003E-034   2.2265922816182003E-034   2.2265922816182003E-034   2.2265922816182003E-034   2.2265922816182003E-034   2.2265922816182003E-034   2.2265922816182003E-034
   1.5594106932327498E-034   1.5594106932327498E-034   1.5594106932327498E-034   1.5594106932327498E-034   1.5594106932327498E-034   1.5594106932327498E-034   1.5594106932327498E-034   1.5594106932327498E-034   1.5594106932327498E-034   1.5594106932327498E-034   1.5594106932327498E-034   1.5594106932327498E-034   1.5594106932327498E-034   1.5594106932327498E-034   1.5594106932327498E-034
   1.0921450371692344E-034   1.0921450371692344E-034   1.0921450371692344E-034   1.0921450371692344E-034   1.0921450371692344E-034   1.0921450371692344E-034   1.0921450371692344E-034   1.0921450371692344E-034   1.0921450371692344E-034   1.0921450371692344E-034   1.0921450371692344E-034   1.0921450371692344E-034   1.0921450371692344E-034   1.0921450371692344E-034   1.0921450371692344E-034
   7.6489201170006669E-035   7.6489201170006669E-035   7.6489201170006669E-035   7.6489201170006669E-035   7.6489201170006669E-035   7.6489201170006669E-035   7.6489201170006669E-035   7.6489201170006669E-035   7.6489201170006669E-035   7.6489201170006669E-035   7.6489201170006669E-035   7.6489201170006669E-035   7.6489201170006669E-035   7.6489201170006669E-035   7.6489201170006669E-035
   5.3569788778146978E-035   5.3569788778146978E-035   5.3569788778146978E-035   5.3569788778146978E-035   5.3569788778146978E-035   5.3569788778146978E-035   5.3569788778146978E-035   5.3569788778146978E-035   5.3569788778146978E-035   5.3569788778146978E-035   5.3569788778146978E-035   5.3569788778146978E-035   5.3569788778146978E-035   5.3569788778146978E-035   5.3569788778146978E-035
   3.7518005494095456E-035   3.7518005494095456E-035   3.7518005494095456E-035   3.7518005494095456E-035   3.7518005494095456E-035   3.7518005494095456E-035   3.7518005494095456E-035   3.7518005494095456E-035   3.7518005494095456E-035   3.7518005494095456E-035   3.7518005494095456E-035   3.7518005494095456E-035   3.7518005494095456E-035   3.7518005494095456E-035   3.7518005494095456E-035
   2.6276018038532690E-035   2.6276018038532690E-035   2.6276018038532690E-035   2.6276018038532690E-035   2.6276018038532690E-035   2.6276018038532690E-035   2.6276018038532690E-035   2.6276018038532690E-035   2.6276018038532690E-035   2.6276018038532690E-035   2.6276018038532690E-035   2.6276018038532690E-035   2.6276018038532690E-035   2.6276018038532690E-035   2.6276018038532690E-035
   1.8402607357951217E-035   1.8402607357951217E-035   1.8402607357951217E-035   1.8402607357951217E-035   1.8402607357951217E-035   1.8402607357951217E-035   1.8402607357951217E-035   1.8402607357951217E-035   1.8402607357951217E-035   1.8402607357951217E-035   1.8402607357951217E-035   1.8402607357951217E-035   1.8402607357951217E-035   1.8402607357951217E-035   1.8402607357951217E-035
   1.2888404821244048E-035   1.2888404821244048E-035   1.2888404821244048E-035   1.2888404821244048E-035   1.2888404821244048E-035   1.2888404821244048E-035   1.2888404821244048E-035   1.2888404821244048E-035   1.2888404821244048E-035   1.2888404821244048E-035   1.2888404821244048E-035   1.2888404821244048E-035   1.2888404821244048E-035   1.2888404821244048E-035   1.2888404821244048E-035
   9.0264914968419178E-036   9.0264914968419178E-036   9.0264914968419178E-036   9.0264914968419178E-036   9.0264914968419178E-036   9.0264914968419178E-036   9.0264914968419178E-036   9.0264914968419178E-036   9.0264914968419178E-036   9.0264914968419178E-036   9.0264914968419178E-036   9.0264914968419178E-036   9.0264914968419178E-036   9.0264914968419178E-036   9.0264914968419178E-036
   6.3217713807576386E-036   6.3217713807576386E-036   6.3217713807576386E-036   6.3217713807576386E-036   6.3217713807576386E-036   6.3217713807576386E-036   6.3217713807576386E-036   6.3217713807576386E-036   6.3217713807576386E-036   6.3217713807576386E-036   6.3217713807576386E-036   6.3217713807576386E-036   6.3217713807576386E-036   6.3217713807576386E-036   6.3217713807576386E-036
   4.4275002535092060E-036   4.4275002535092060E-036   4.4275002535092060E-036   4.4275002535092060E-036   4.4275002535092060E-036   4.4275002535092060E-036   4.4275002535092060E-036   4.4275002535092060E-036   4.4275002535092060E-036   4.4275002535092060E-036   4.4275002535092060E-036   4.4275002535092060E-036   4.4275002535092060E-036   4.4275002535092060E-036   4.4275002535092060E-036
   3.1008331864849596E-036   3.1008331864849596E-036   3.1008331864849596E-036   3.1008331864849596E-036   3.1008331864849596E-036   3.1008331864849596E-036   3.1008331864849596E-036   3.1008331864849596E-036   3.1008331864849596E-036   3.1008331864849596E-036   3.1008331864849596E-036   3.1008331864849596E-036   3.1008331864849596E-036   3.1008331864849596E-036   3.1008331864849596E-036
   2.1716919028486776E-036   2.1716919028486776E-036   2.1716919028486776E-036   2.1716919028486776E-036   2.1716919028486776E-036   2.1716919028486776E-036   2.1716919028486776E-036   2.1716919028486776E-036   2.1716919028486776E-036   2.1716919028486776E-036   2.1716919028486776E-036   2.1716919028486776E-036   2.1716919028486776E-036   2.1716919028486776E-036   2.1716919028486776E-036
   1.5209607990053708E-036   1.5209607990053708E-036   1.5209607990053708E-036   1.5209607990053708E-036   1.5209607990053708E-036   1.5209607990053708E-036   1.5209607990053708E-036   1.5209607990053708E-036   1.5209607990053708E-036   1.5209607990053708E-036   1.5209607990053708E-036   1.5209607990053708E-036   1.5209607990053708E-036   1.5209607990053708E-036   1.5209607990053708E-036
   1.0652163638297862E-036   1.0652163638297862E-036   1.0652163638297862E-036   1.0652163638297862E-036   1.0652163638297862E-036   1.0652163638297862E-036   1.0652163638297862E-036   1.0652163638297862E-036   1.0652163638297862E-036   1.0652163638297862E-036   1.0652163638297862E-036   1.0652163638297862E-036   1.0652163638297862E-036   1.0652163638297862E-036   1.0652163638297862E-036
   7.4603231228101074E-037   7.4603231228101074E-037   7.4603231228101074E-037   7.4603231228101074E-037   7.4603231228101074E-037   7.4603231228101074E-037   7.4603231228101074E-037   7.4603231228101074E-037   7.4603231228101074E-037   7.4603231228101074E-037   7.4603231228101074E-037   7.4603231228101074E-037   7.4603231228101074E-037   7.4603231228101074E-037   7.4603231228101074E-037
   5.2248935508869671E-037   5.2248935508869671E-037   5.2248935508869671E-037   5.2248935508869671E-037   5.2248935508869671E-037   5.2248935508869671E-037   5.2248935508869671E-037   5.2248935508869671E-037   5.2248935508869671E-037   5.2248935508869671E-037   5.2248935508869671E-037   5.2248935508869671E-037   5.2248935508869671E-037   5.2248935508869671E-037   5.2248935508869671E-037
   3.6592935947548086E-037   3.6592935947548086E-037   3.6592935947548086E-037   3.6592935947548086E-037   3.6592935947548086E-037   3.6592935947548086E-037   3.6592935947548086E-037   3.6592935947548086E-037   3.6592935947548086E-037   3.6592935947548086E-037   3.6592935947548086E-037   3.6592935947548086E-037   3.6592935947548086E-037   3.6592935947548086E-037   3.6592935947548086E-037
   2.5628138606461022E-037   2.5628138606461022E-037   2.5628138606461022E-037   2.5628138606461022E-037   2.5628138606461022E-037   2.5628138606461022E-037   2.5628138606461022E-037   2.5628138606461022E-037   2.5628138606461022E-037   2.5628138606461022E-037   2.5628138606461022E-037   2.5628138606461022E-037   2.5628138606461022E-037   2.5628138606461022E-037   2.5628138606461022E-037
   1.7948860112602880E-037   1.7948860112602880E-037   1.7948860112602880E-037   1.7948860112602880E-037   1.7948860112602880E-037   1.7948860112602880E-037   1.7948860112602880E-037   1.7948860112602880E-037   1.7948860112602880E-037   1.7948860112602880E-037   1.7948860112602880E-037   1.7948860112602880E-037   1.7948860112602880E-037   1.7948860112602880E-037   1.7948860112602880E-037
   1.2570619516649877E-037   1.2570619516649877E-037   1.2570619516649877E-037   1.2570619516649877E-037   1.2570619516649877E-037   1.2570619516649877E-037   1.2570619516649877E-037   1.2570619516649877E-037   1.2570619516649877E-037   1.2570619516649877E-037   1.2570619516649877E-037   1.2570619516649877E-037   1.2570619516649877E-037   1.2570619516649877E-037   1.2570619516649877E-037
   8.8039281626259939E-038   8.8039281626259939E-038   8.8039281626259939E-038   8.8039281626259939E-038   8.8039281626259939E-038   8.8039281626259939E-038   8.8039281626259939E-038   8.8039281626259939E-038   8.8039281626259939E-038   8.8039281626259939E-038   8.8039281626259939E-038   8.8039281626259939E-038   8.8039281626259939E-038   8.8039281626259939E-038   8.8039281626259939E-038
   6.1658974714824123E-038   6.1658974714824123E-038   6.1658974714824123E-038   6.1658974714824123E-038   6.1658974714824123E-038   6.1658974714824123E-038   6.1658974714824123E-038   6.1658974714824123E-038   6.1658974714824123E-038   6.1658974714824123E-038   6.1658974714824123E-038   6.1658974714824123E-038   6.1658974714824123E-038   6.1658974714824123E-038   6.1658974714824123E-038
   4.3183327858383283E-038   4.3183327858383283E-038   4.3183327858383283E-038   4.3183327858383283E-038   4.3183327858383283E-038   4.3183327858383283E-038   4.3183327858383283E-038   4.3183327858383283E-038   4.3183327858383283E-038   4.3183327858383283E-038   4.3183327858383283E-038   4.3183327858383283E-038   4.3183327858383283E-038   4.3183327858383283E-038   4.3183327858383283E-038
   3.0243769273644503E-038   3.0243769273644503E-038   3.0243769273644503E-038   3.0243769273644503E-038   3.0243769273644503E-038   3.0243769273644503E-038   3.0243769273644503E-038   3.0243769273644503E-038   3.0243769273644503E-038   3.0243769273644503E-038   3.0243769273644503E-038   3.0243769273644503E-038   3.0243769273644503E-038   3.0243769273644503E-038   3.0243769273644503E-038
   2.1181451852832885E-038   2.1181451852832885E-038   2.1181451852832885E-038   2.1181451852832885E-038   2.1181451852832885E-038   2.1181451852832885E-038   2.1181451852832885E-038   2.1181451852832885E-038   2.1181451852832885E-038   2.1181451852832885E-038   2.1181451852832885E-038   2.1181451852832885E-038   2.1181451852832885E-038   2.1181451852832885E-038   2.1181451852832885E-038
   1.4834589516090887E-038   1.4834589516090887E-038   1.4834589516090887E-038   1.4834589516090887E-038   1.4834589516090887E-038   1.4834589516090887E-038   1.4834589516090887E-038   1.4834589516090887E-038   1.4834589516090887E-038   1.4834589516090887E-038   1.4834589516090887E-038   1.4834589516090887E-038   1.4834589516090887E-038   1.4834589516090887E-038   1.4834589516090887E-038
   1.0389516622368893E-038   1.0389516622368893E-038   1.0389516622368893E-038   1.0389516622368893E-038   1.0389516622368893E-038   1.0389516622368893E-038   1.0389516622368893E-038   1.0389516622368893E-038   1.0389516622368893E-038   1.0389516622368893E-038   1.0389516622368893E-038   1.0389516622368893E-038   1.0389516622368893E-038   1.0389516622368893E-038   1.0389516622368893E-038
   7.2763763048108674E-039   7.2763763048108674E-039   7.2763763048108674E-039   7.2763763048108674E-039   7.2763763048108674E-039   7.2763763048108674E-039   7.2763763048108674E-039   7.2763763048108674E-039   7.2763763048108674E-039   7.2763763048108674E-039   7.2763763048108674E-039   7.2763763048108674E-039   7.2763763048108674E-039   7.2763763048108674E-039   7.2763763048108674E-039
   5.0960650099177607E-039   5.0960650099177607E-039   5.0960650099177607E-039   5.0960650099177607E-039   5.0960650099177607E-039   5.0960650099177607E-039   5.0960650099177607E-039   5.0960650099177607E-039   5.0960650099177607E-039   5.0960650099177607E-039   5.0960650099177607E-039   5.0960650099177607E-039   5.0960650099177607E-039   5.0960650099177607E-039   5.0960650099177607E-039
   3.5690675547027179E-039   3.5690675547027179E-039   3.5690675547027179E-039   3.5690675547027179E-039   3.5690675547027179E-039   3.5690675547027179E-039   3.5690675547027179E-039   3.5690675547027179E-039   3.5690675547027179E-039   3.5690675547027179E-039   3.5690675547027179E-039   3.5690675547027179E-039   3.5690675547027179E-039   3.5690675547027179E-039   3.5690675547027179E-039
   2.4996233731792981E-039   2.4996233731792981E-039   2.4996233731792981E-039   2.4996233731792981E-039   2.4996233731792981E-039   2.4996233731792981E-039   2.4996233731792981E-039   2.4996233731792981E-039   2.4996233731792981E-039   2.4996233731792981E-039   2.4996233731792981E-039   2.4996233731792981E-039   2.4996233731792981E-039   2.4996233731792981E-039   2.4996233731792981E-039
   1.7506300768982423E-039   1.7506300768982423E-039   1.7506300768982423E-039   1.7506300768982423E-039   1.7506300768982423E-039   1.7506300768982423E-039   1.7506300768982423E-039   1.7506300768982423E-039   1.7506300768982423E-039   1.7506300768982423E-039   1.7506300768982423E-039   1.7506300768982423E-039   1.7506300768982423E-039   1.7506300768982423E-039   1.7506300768982423E-039
   1.2260669743389061E-039   1.2260669743389061E-039   1.2260669743389061E-039   1.2260669743389061E-039   1.2260669743389061E-039   1.2260669743389061E-039   1.2260669743389061E-039   1.2260669743389061E-039   1.2260669743389061E-039   1.2260669743389061E-039   1.2260669743389061E-039   1.2260669743389061E-039   1.2260669743389061E-039   1.2260669743389061E-039   1.2260669743389061E-039
   8.5868525018603056E-040   8.5868525018603056E-040   8.5868525018603056E-040   8.5868525018603056E-040   8.5868525018603056E-040   8.5868525018603056E-040   8.5868525018603056E-040   8.5868525018603056E-040   8.5868525018603056E-040   8.5868525018603056E-040   8.5868525018603056E-040   8.5868525018603056E-040   8.5868525018603056E-040   8.5868525018603056E-040   8.5868525018603056E-040
   6.0138668956858650E-040   6.0138668956858650E-040   6.0138668956858650E-040   6.0138668956858650E-040   6.0138668956858650E-040   6.0138668956858650E-040   6.0138668956858650E-040   6.0138668956858650E-040   6.0138668956858650E-040   6.0138668956858650E-040   6.0138668956858650E-040   6.0138668956858650E-040   6.0138668956858650E-040   6.0138668956858650E-040   6.0138668956858650E-040
   4.2118570257484917E-040   4.2118570257484917E-040   4.2118570257484917E-040   4.2118570257484917E-040   4.2118570257484917E-040   4.2118570257484917E-040   4.2118570257484917E-040   4.2118570257484917E-040   4.2118570257484917E-040   4.2118570257484917E-040   4.2118570257484917E-040   4.2118570257484917E-040   4.2118570257484917E-040   4.2118570257484917E-040   4.2118570257484917E-040
   2.9498058259441629E-040   2.9498058259441629E-040   2.9498058259441629E-040   2.9498058259441629E-040   2.9498058259441629E-040   2.9498058259441629E-040   2.9498058259441629E-040   2.9498058259441629E-040   2.9498058259441629E-040   2.9498058259441629E-040   2.9498058259441629E-040   2.9498058259441629E-040   2.9498058259441629E-040   2.9498058259441629E-040   2.9498058259441629E-040
   2.0659187521275855E-040   2.0659187521275855E-040   2.0659187521275855E-040   2.0659187521275855E-040   2.0659187521275855E-040   2.0659187521275855E-040   2.0659187521275855E-040   2.0659187521275855E-040   2.0659187521275855E-040   2.0659187521275855E-040   2.0659187521275855E-040   2.0659187521275855E-040   2.0659187521275855E-040   2.0659187521275855E-040   2.0659187521275855E-040
   1.4468817753542499E-040   1.4468817753542499E-040   1.4468817753542499E-040   1.4468817753542499E-040   1.4468817753542499E-040   1.4468817753542499E-040   1.4468817753542499E-040   1.4468817753542499E-040   1.4468817753542499E-040   1.4468817753542499E-040   1.4468817753542499E-040   1.4468817753542499E-040   1.4468817753542499E-040   1.4468817753542499E-040   1.4468817753542499E-040
   1.0133345610500451E-040   1.0133345610500451E-040   1.0133345610500451E-040   1.0133345610500451E-040   1.0133345610500451E-040   1.0133345610500451E-040   1.0133345610500451E-040   1.0133345610500451E-040   1.0133345610500451E-040   1.0133345610500451E-040   1.0133345610500451E-040   1.0133345610500451E-040   1.0133345610500451E-040   1.0133345610500451E-040   1.0133345610500451E-040
   7.0969650050853726E-041   7.0969650050853726E-041   7.0969650050853726E-041   7.0969650050853726E-041   7.0969650050853726E-041   7.0969650050853726E-041   7.0969650050853726E-041   7.0969650050853726E-041   7.0969650050853726E-041   7.0969650050853726E-041   7.0969650050853726E-041   7.0969650050853726E-041   7.0969650050853726E-041   7.0969650050853726E-041   7.0969650050853726E-041
   4.9704129533699867E-041   4.9704129533699867E-041   4.9704129533699867E-041   4.9704129533699867E-041   4.9704129533699867E-041   4.9704129533699867E-041   4.9704129533699867E-041   4.9704129533699867E-041   4.9704129533699867E-041   4.9704129533699867E-041   4.9704129533699867E-041   4.9704129533699867E-041   4.9704129533699867E-041   4.9704129533699867E-041   4.9704129533699867E-041
   3.4810661894662884E-041   3.4810661894662884E-041   3.4810661894662884E-041   3.4810661894662884E-041   3.4810661894662884E-041   3.4810661894662884E-041   3.4810661894662884E-041   3.4810661894662884E-041   3.4810661894662884E-041   3.4810661894662884E-041   3.4810661894662884E-041   3.4810661894662884E-041   3.4810661894662884E-041   3.4810661894662884E-041   3.4810661894662884E-041
   2.4379909534939860E-041   2.4379909534939860E-041   2.4379909534939860E-041   2.4379909534939860E-041   2.4379909534939860E-041   2.4379909534939860E-041   2.4379909534939860E-041   2.4379909534939860E-041   2.4379909534939860E-041   2.4379909534939860E-041   2.4379909534939860E-041   2.4379909534939860E-041   2.4379909534939860E-041   2.4379909534939860E-041   2.4379909534939860E-041
   1.7074653470550104E-041   1.7074653470550104E-041   1.7074653470550104E-041   1.7074653470550104E-041   1.7074653470550104E-041   1.7074653470550104E-041   1.7074653470550104E-041   1.7074653470550104E-041   1.7074653470550104E-041   1.7074653470550104E-041   1.7074653470550104E-041   1.7074653470550104E-041   1.7074653470550104E-041   1.7074653470550104E-041   1.7074653470550104E-041
   1.1958362303254036E-041   1.1958362303254036E-041   1.1958362303254036E-041   1.1958362303254036E-041   1.1958362303254036E-041   1.1958362303254036E-041   1.1958362303254036E-041   1.1958362303254036E-041   1.1958362303254036E-041   1.1958362303254036E-041   1.1958362303254036E-041   1.1958362303254036E-041   1.1958362303254036E-041   1.1958362303254036E-041   1.1958362303254036E-041
   8.3751292067235158E-042   8.3751292067235158E-042   8.3751292067235158E-042   8.3751292067235158E-042   8.3751292067235158E-042   8.3751292067235158E-042   8.3751292067235158E-042   8.3751292067235158E-042   8.3751292067235158E-042   8.3751292067235158E-042   8.3751292067235158E-042   8.3751292067235158E-042   8.3751292067235158E-042   8.3751292067235158E-042   8.3751292067235158E-042
   5.8655848895150429E-042   5.8655848895150429E-042   5.8655848895150429E-042   5.8655848895150429E-042   5.8655848895150429E-042   5.8655848895150429E-042   5.8655848895150429E-042   5.8655848895150429E-042   5.8655848895150429E-042   5.8655848895150429E-042   5.8655848895150429E-042   5.8655848895150429E-042   5.8655848895150429E-042   5.8655848895150429E-042   5.8655848895150429E-042
   4.1080066046607379E-042   4.1080066046607379E-042   4.1080066046607379E-042   4.1080066046607379E-042   4.1080066046607379E-042   4.1080066046607379E-042   4.1080066046607379E-042   4.1080066046607379E-042   4.1080066046607379E-042   4.1080066046607379E-042   4.1080066046607379E-042   4.1080066046607379E-042   4.1080066046607379E-042   4.1080066046607379E-042   4.1080066046607379E-042
   2.8770734004893912E-042   2.8770734004893912E-042   2.8770734004893912E-042   2.8770734004893912E-042   2.8770734004893912E-042   2.8770734004893912E-042   2.8770734004893912E-042   2.8770734004893912E-042   2.8770734004893912E-042   2.8770734004893912E-042   2.8770734004893912E-042   2.8770734004893912E-042   2.8770734004893912E-042   2.8770734004893912E-042   2.8770734004893912E-042
   2.0149800495481917E-042   2.0149800495481917E-042   2.0149800495481917E-042   2.0149800495481917E-042   2.0149800495481917E-042   2.0149800495481917E-042   2.0149800495481917E-042   2.0149800495481917E-042   2.0149800495481917E-042   2.0149800495481917E-042   2.0149800495481917E-042   2.0149800495481917E-042   2.0149800495481917E-042   2.0149800495481917E-042   2.0149800495481917E-042
   1.4112064709181900E-042   1.4112064709181900E-042   1.4112064709181900E-042   1.4112064709181900E-042   1.4112064709181900E-042   1.4112064709181900E-042   1.4112064709181900E-042   1.4112064709181900E-042   1.4112064709181900E-042   1.4112064709181900E-042   1.4112064709181900E-042   1.4112064709181900E-042   1.4112064709181900E-042   1.4112064709181900E-042   1.4112064709181900E-042
   9.8834909259171700E-043   9.8834909259171700E-043   9.8834909259171700E-043   9.8834909259171700E-043   9.8834909259171700E-043   9.8834909259171700E-043   9.8834909259171700E-043   9.8834909259171700E-043   9.8834909259171700E-043   9.8834909259171700E-043   9.8834909259171700E-043   9.8834909259171700E-043   9.8834909259171700E-043   9.8834909259171700E-043   9.8834909259171700E-043
   6.9219773927999527E-043   6.9219773927999527E-043   6.9219773927999527E-043   6.9219773927999527E-043   6.9219773927999527E-043   6.9219773927999527E-043   6.9219773927999527E-043   6.9219773927999527E-043   6.9219773927999527E-043   6.9219773927999527E-043   6.9219773927999527E-043   6.9219773927999527E-043   6.9219773927999527E-043   6.9219773927999527E-043   6.9219773927999527E-043
   4.8478590596760602E-043   4.8478590596760602E-043   4.8478590596760602E-043   4.8478590596760602E-043   4.8478590596760602E-043   4.8478590596760602E-043   4.8478590596760602E-043   4.8478590596760602E-043   4.8478590596760602E-043   4.8478590596760602E-043   4.8478590596760602E-043   4.8478590596760602E-043   4.8478590596760602E-043   4.8478590596760602E-043   4.8478590596760602E-043
   3.3952346459451120E-043   3.3952346459451120E-043   3.3952346459451120E-043   3.3952346459451120E-043   3.3952346459451120E-043   3.3952346459451120E-043   3.3952346459451120E-043   3.3952346459451120E-043   3.3952346459451120E-043   3.3952346459451120E-043   3.3952346459451120E-043   3.3952346459451120E-043   3.3952346459451120E-043   3.3952346459451120E-043   3.3952346459451120E-043
   2.3778781848076910E-043   2.3778781848076910E-043   2.3778781848076910E-043   2.3778781848076910E-043   2.3778781848076910E-043   2.3778781848076910E-043   2.3778781848076910E-043   2.3778781848076910E-043   2.3778781848076910E-043   2.3778781848076910E-043   2.3778781848076910E-043   2.3778781848076910E-043   2.3778781848076910E-043   2.3778781848076910E-043   2.3778781848076910E-043
   1.6653649162473040E-043   1.6653649162473040E-043   1.6653649162473040E-043   1.6653649162473040E-043   1.6653649162473040E-043   1.6653649162473040E-043   1.6653649162473040E-043   1.6653649162473040E-043   1.6653649162473040E-043   1.6653649162473040E-043   1.6653649162473040E-043   1.6653649162473040E-043   1.6653649162473040E-043   1.6653649162473040E-043   1.6653649162473040E-043
   1.1663508761663902E-043   1.1663508761663902E-043   1.1663508761663902E-043   1.1663508761663902E-043   1.1663508761663902E-043   1.1663508761663902E-043   1.1663508761663902E-043   1.1663508761663902E-043   1.1663508761663902E-043   1.1663508761663902E-043   1.1663508761663902E-043   1.1663508761663902E-043   1.1663508761663902E-043   1.1663508761663902E-043   1.1663508761663902E-043
   8.1686263056360037E-044   8.1686263056360037E-044   8.1686263056360037E-044   8.1686263056360037E-044   8.1686263056360037E-044   8.1686263056360037E-044   8.1686263056360037E-044   8.1686263056360037E-044   8.1686263056360037E-044   8.1686263056360037E-044   8.1686263056360037E-044   8.1686263056360037E-044   8.1686263056360037E-044   8.1686263056360037E-044   8.1686263056360037E-044
   5.7209590256791143E-044   5.7209590256791143E-044   5.7209590256791143E-044   5.7209590256791143E-044   5.7209590256791143E-044   5.7209590256791143E-044   5.7209590256791143E-044   5.7209590256791143E-044   5.7209590256791143E-044   5.7209590256791143E-044   5.7209590256791143E-044   5.7209590256791143E-044   5.7209590256791143E-044   5.7209590256791143E-044   5.7209590256791143E-044
   4.0067167904250253E-044   4.0067167904250253E-044   4.0067167904250253E-044   4.0067167904250253E-044   4.0067167904250253E-044   4.0067167904250253E-044   4.0067167904250253E-044   4.0067167904250253E-044   4.0067167904250253E-044   4.0067167904250253E-044   4.0067167904250253E-044   4.0067167904250253E-044   4.0067167904250253E-044   4.0067167904250253E-044   4.0067167904250253E-044
   2.8061343153507597E-044   2.8061343153507597E-044   2.8061343153507597E-044   2.8061343153507597E-044   2.8061343153507597E-044   2.8061343153507597E-044   2.8061343153507597E-044   2.8061343153507597E-044   2.8061343153507597E-044   2.8061343153507597E-044   2.8061343153507597E-044   2.8061343153507597E-044   2.8061343153507597E-044   2.8061343153507597E-044   2.8061343153507597E-044
   1.9652973263812276E-044   1.9652973263812276E-044   1.9652973263812276E-044   1.9652973263812276E-044   1.9652973263812276E-044   1.9652973263812276E-044   1.9652973263812276E-044   1.9652973263812276E-044   1.9652973263812276E-044   1.9652973263812276E-044   1.9652973263812276E-044   1.9652973263812276E-044   1.9652973263812276E-044   1.9652973263812276E-044   1.9652973263812276E-044
   1.3764108011338766E-044   1.3764108011338766E-044   1.3764108011338766E-044   1.3764108011338766E-044   1.3764108011338766E-044   1.3764108011338766E-044   1.3764108011338766E-044   1.3764108011338766E-044   1.3764108011338766E-044   1.3764108011338766E-044   1.3764108011338766E-044   1.3764108011338766E-044   1.3764108011338766E-044   1.3764108011338766E-044   1.3764108011338766E-044
   9.6397968289430257E-045   9.6397968289430257E-045   9.6397968289430257E-045   9.6397968289430257E-045   9.6397968289430257E-045   9.6397968289430257E-045   9.6397968289430257E-045   9.6397968289430257E-045   9.6397968289430257E-045   9.6397968289430257E-045   9.6397968289430257E-045   9.6397968289430257E-045   9.6397968289430257E-045   9.6397968289430257E-045   9.6397968289430257E-045
   6.7513043944982672E-045   6.7513043944982672E-045   6.7513043944982672E-045   6.7513043944982672E-045   6.7513043944982672E-045   6.7513043944982672E-045   6.7513043944982672E-045   6.7513043944982672E-045   6.7513043944982672E-045   6.7513043944982672E-045   6.7513043944982672E-045   6.7513043944982672E-045   6.7513043944982672E-045   6.7513043944982672E-045   6.7513043944982672E-045
   4.7283269384183982E-045   4.7283269384183982E-045   4.7283269384183982E-045   4.7283269384183982E-045   4.7283269384183982E-045   4.7283269384183982E-045   4.7283269384183982E-045   4.7283269384183982E-045   4.7283269384183982E-045   4.7283269384183982E-045   4.7283269384183982E-045   4.7283269384183982E-045   4.7283269384183982E-045   4.7283269384183982E-045   4.7283269384183982E-045
   3.3115194235342366E-045   3.3115194235342366E-045   3.3115194235342366E-045   3.3115194235342366E-045   3.3115194235342366E-045   3.3115194235342366E-045   3.3115194235342366E-045   3.3115194235342366E-045   3.3115194235342366E-045   3.3115194235342366E-045   3.3115194235342366E-045   3.3115194235342366E-045   3.3115194235342366E-045   3.3115194235342366E-045   3.3115194235342366E-045
   2.3192475975683359E-045   2.3192475975683359E-045   2.3192475975683359E-045   2.3192475975683359E-045   2.3192475975683359E-045   2.3192475975683359E-045   2.3192475975683359E-045   2.3192475975683359E-045   2.3192475975683359E-045   2.3192475975683359E-045   2.3192475975683359E-045   2.3192475975683359E-045   2.3192475975683359E-045   2.3192475975683359E-045   2.3192475975683359E-045
   1.6243025423918039E-045   1.6243025423918039E-045   1.6243025423918039E-045   1.6243025423918039E-045   1.6243025423918039E-045   1.6243025423918039E-045   1.6243025423918039E-045   1.6243025423918039E-045   1.6243025423918039E-045   1.6243025423918039E-045   1.6243025423918039E-045   1.6243025423918039E-045   1.6243025423918039E-045   1.6243025423918039E-045   1.6243025423918039E-045
   1.1375925330209379E-045   1.1375925330209379E-045   1.1375925330209379E-045   1.1375925330209379E-045   1.1375925330209379E-045   1.1375925330209379E-045   1.1375925330209379E-045   1.1375925330209379E-045   1.1375925330209379E-045   1.1375925330209379E-045   1.1375925330209379E-045   1.1375925330209379E-045   1.1375925330209379E-045   1.1375925330209379E-045   1.1375925330209379E-045
   7.9672150809995642E-046   7.9672150809995642E-046   7.9672150809995642E-046   7.9672150809995642E-046   7.9672150809995642E-046   7.9672150809995642E-046   7.9672150809995642E-046   7.9672150809995642E-046   7.9672150809995642E-046   7.9672150809995642E-046   7.9672150809995642E-046   7.9672150809995642E-046   7.9672150809995642E-046   7.9672150809995642E-046   7.9672150809995642E-046
   5.5798991558375914E-046   5.5798991558375914E-046   5.5798991558375914E-046   5.5798991558375914E-046   5.5798991558375914E-046   5.5798991558375914E-046   5.5798991558375914E-046   5.5798991558375914E-046   5.5798991558375914E-046   5.5798991558375914E-046   5.5798991558375914E-046   5.5798991558375914E-046   5.5798991558375914E-046   5.5798991558375914E-046   5.5798991558375914E-046
   3.9079244469713610E-046   3.9079244469713610E-046   3.9079244469713610E-046   3.9079244469713610E-046   3.9079244469713610E-046   3.9079244469713610E-046   3.9079244469713610E-046   3.9079244469713610E-046   3.9079244469713610E-046   3.9079244469713610E-046   3.9079244469713610E-046   3.9079244469713610E-046   3.9079244469713610E-046   3.9079244469713610E-046   3.9079244469713610E-046
   2.7369443527055942E-046   2.7369443527055942E-046   2.7369443527055942E-046   2.7369443527055942E-046   2.7369443527055942E-046   2.7369443527055942E-046   2.7369443527055942E-046   2.7369443527055942E-046   2.7369443527055942E-046   2.7369443527055942E-046   2.7369443527055942E-046   2.7369443527055942E-046   2.7369443527055942E-046   2.7369443527055942E-046   2.7369443527055942E-046
   1.9168396143411797E-046   1.9168396143411797E-046   1.9168396143411797E-046   1.9168396143411797E-046   1.9168396143411797E-046   1.9168396143411797E-046   1.9168396143411797E-046   1.9168396143411797E-046   1.9168396143411797E-046   1.9168396143411797E-046   1.9168396143411797E-046   1.9168396143411797E-046   1.9168396143411797E-046   1.9168396143411797E-046   1.9168396143411797E-046
   1.3424730771290472E-046   1.3424730771290472E-046   1.3424730771290472E-046   1.3424730771290472E-046   1.3424730771290472E-046   1.3424730771290472E-046   1.3424730771290472E-046   1.3424730771290472E-046   1.3424730771290472E-046   1.3424730771290472E-046   1.3424730771290472E-046   1.3424730771290472E-046   1.3424730771290472E-046   1.3424730771290472E-046   1.3424730771290472E-046
   9.4021114199257677E-047   9.4021114199257677E-047   9.4021114199257677E-047   9.4021114199257677E-047   9.4021114199257677E-047   9.4021114199257677E-047   9.4021114199257677E-047   9.4021114199257677E-047   9.4021114199257677E-047   9.4021114199257677E-047   9.4021114199257677E-047   9.4021114199257677E-047   9.4021114199257677E-047   9.4021114199257677E-047   9.4021114199257677E-047
   6.5848396261134804E-047   6.5848396261134804E-047   6.5848396261134804E-047   6.5848396261134804E-047   6.5848396261134804E-047   6.5848396261134804E-047   6.5848396261134804E-047   6.5848396261134804E-047   6.5848396261134804E-047   6.5848396261134804E-047   6.5848396261134804E-047   6.5848396261134804E-047   6.5848396261134804E-047   6.5848396261134804E-047   6.5848396261134804E-047
   4.6117420827136545E-047   4.6117420827136545E-047   4.6117420827136545E-047   4.6117420827136545E-047   4.6117420827136545E-047   4.6117420827136545E-047   4.6117420827136545E-047   4.6117420827136545E-047   4.6117420827136545E-047   4.6117420827136545E-047   4.6117420827136545E-047   4.6117420827136545E-047   4.6117420827136545E-047   4.6117420827136545E-047   4.6117420827136545E-047
   3.2298683407761309E-047   3.2298683407761309E-047   3.2298683407761309E-047   3.2298683407761309E-047   3.2298683407761309E-047   3.2298683407761309E-047   3.2298683407761309E-047   3.2298683407761309E-047   3.2298683407761309E-047   3.2298683407761309E-047   3.2298683407761309E-047   3.2298683407761309E-047   3.2298683407761309E-047   3.2298683407761309E-047   3.2298683407761309E-047
   2.2620626460986968E-047   2.2620626460986968E-047   2.2620626460986968E-047   2.2620626460986968E-047   2.2620626460986968E-047   2.2620626460986968E-047   2.2620626460986968E-047   2.2620626460986968E-047   2.2620626460986968E-047   2.2620626460986968E-047   2.2620626460986968E-047   2.2620626460986968E-047   2.2620626460986968E-047   2.2620626460986968E-047   2.2620626460986968E-047
   1.5842526304479183E-047   1.5842526304479183E-047   1.5842526304479183E-047   1.5842526304479183E-047   1.5842526304479183E-047   1.5842526304479183E-047   1.5842526304479183E-047   1.5842526304479183E-047   1.5842526304479183E-047   1.5842526304479183E-047   1.5842526304479183E-047   1.5842526304479183E-047   1.5842526304479183E-047   1.5842526304479183E-047   1.5842526304479183E-047
   1.1095432752093810E-047   1.1095432752093810E-047   1.1095432752093810E-047   1.1095432752093810E-047   1.1095432752093810E-047   1.1095432752093810E-047   1.1095432752093810E-047   1.1095432752093810E-047   1.1095432752093810E-047   1.1095432752093810E-047   1.1095432752093810E-047   1.1095432752093810E-047   1.1095432752093810E-047   1.1095432752093810E-047   1.1095432752093810E-047
   7.7707699889650429E-048   7.7707699889650429E-048   7.7707699889650429E-048   7.7707699889650429E-048   7.7707699889650429E-048   7.7707699889650429E-048   7.7707699889650429E-048   7.7707699889650429E-048   7.7707699889650429E-048   7.7707699889650429E-048   7.7707699889650429E-048   7.7707699889650429E-048   7.7707699889650429E-048   7.7707699889650429E-048   7.7707699889650429E-048
   5.4423173544091436E-048   5.4423173544091436E-048   5.4423173544091436E-048   5.4423173544091436E-048   5.4423173544091436E-048   5.4423173544091436E-048   5.4423173544091436E-048   5.4423173544091436E-048   5.4423173544091436E-048   5.4423173544091436E-048   5.4423173544091436E-048   5.4423173544091436E-048   5.4423173544091436E-048   5.4423173544091436E-048   5.4423173544091436E-048
   3.8115679949559005E-048   3.8115679949559005E-048   3.8115679949559005E-048   3.8115679949559005E-048   3.8115679949559005E-048   3.8115679949559005E-048   3.8115679949559005E-048   3.8115679949559005E-048   3.8115679949559005E-048   3.8115679949559005E-048   3.8115679949559005E-048   3.8115679949559005E-048   3.8115679949559005E-048   3.8115679949559005E-048   3.8115679949559005E-048
   2.6694603849961281E-048   2.6694603849961281E-048   2.6694603849961281E-048   2.6694603849961281E-048   2.6694603849961281E-048   2.6694603849961281E-048   2.6694603849961281E-048   2.6694603849961281E-048   2.6694603849961281E-048   2.6694603849961281E-048   2.6694603849961281E-048   2.6694603849961281E-048   2.6694603849961281E-048   2.6694603849961281E-048   2.6694603849961281E-048
   1.8695767087177767E-048   1.8695767087177767E-048   1.8695767087177767E-048   1.8695767087177767E-048   1.8695767087177767E-048   1.8695767087177767E-048   1.8695767087177767E-048   1.8695767087177767E-048   1.8695767087177767E-048   1.8695767087177767E-048   1.8695767087177767E-048   1.8695767087177767E-048   1.8695767087177767E-048   1.8695767087177767E-048   1.8695767087177767E-048
   1.3093721448071114E-048   1.3093721448071114E-048   1.3093721448071114E-048   1.3093721448071114E-048   1.3093721448071114E-048   1.3093721448071114E-048   1.3093721448071114E-048   1.3093721448071114E-048   1.3093721448071114E-048   1.3093721448071114E-048   1.3093721448071114E-048   1.3093721448071114E-048   1.3093721448071114E-048   1.3093721448071114E-048   1.3093721448071114E-048
   9.1702865445548390E-049   9.1702865445548390E-049   9.1702865445548390E-049   9.1702865445548390E-049   9.1702865445548390E-049   9.1702865445548390E-049   9.1702865445548390E-049   9.1702865445548390E-049   9.1702865445548390E-049   9.1702865445548390E-049   9.1702865445548390E-049   9.1702865445548390E-049   9.1702865445548390E-049   9.1702865445548390E-049   9.1702865445548390E-049
   6.4224793266571053E-049   6.4224793266571053E-049   6.4224793266571053E-049   6.4224793266571053E-049   6.4224793266571053E-049   6.4224793266571053E-049   6.4224793266571053E-049   6.4224793266571053E-049   6.4224793266571053E-049   6.4224793266571053E-049   6.4224793266571053E-049   6.4224793266571053E-049   6.4224793266571053E-049   6.4224793266571053E-049   6.4224793266571053E-049
   4.4980318227711698E-049   4.4980318227711698E-049   4.4980318227711698E-049   4.4980318227711698E-049   4.4980318227711698E-049   4.4980318227711698E-049   4.4980318227711698E-049   4.4980318227711698E-049   4.4980318227711698E-049   4.4980318227711698E-049   4.4980318227711698E-049   4.4980318227711698E-049   4.4980318227711698E-049   4.4980318227711698E-049   4.4980318227711698E-049
   3.1502305028349581E-049   3.1502305028349581E-049   3.1502305028349581E-049   3.1502305028349581E-049   3.1502305028349581E-049   3.1502305028349581E-049   3.1502305028349581E-049   3.1502305028349581E-049   3.1502305028349581E-049   3.1502305028349581E-049   3.1502305028349581E-049   3.1502305028349581E-049   3.1502305028349581E-049   3.1502305028349581E-049   3.1502305028349581E-049
   2.2062876858167257E-049   2.2062876858167257E-049   2.2062876858167257E-049   2.2062876858167257E-049   2.2062876858167257E-049   2.2062876858167257E-049   2.2062876858167257E-049   2.2062876858167257E-049   2.2062876858167257E-049   2.2062876858167257E-049   2.2062876858167257E-049   2.2062876858167257E-049   2.2062876858167257E-049   2.2062876858167257E-049   2.2062876858167257E-049
   1.5451902164638330E-049   1.5451902164638330E-049   1.5451902164638330E-049   1.5451902164638330E-049   1.5451902164638330E-049   1.5451902164638330E-049   1.5451902164638330E-049   1.5451902164638330E-049   1.5451902164638330E-049   1.5451902164638330E-049   1.5451902164638330E-049   1.5451902164638330E-049   1.5451902164638330E-049   1.5451902164638330E-049   1.5451902164638330E-049
   1.0821856190398394E-049   1.0821856190398394E-049   1.0821856190398394E-049   1.0821856190398394E-049   1.0821856190398394E-049   1.0821856190398394E-049   1.0821856190398394E-049   1.0821856190398394E-049   1.0821856190398394E-049   1.0821856190398394E-049   1.0821856190398394E-049   1.0821856190398394E-049   1.0821856190398394E-049   1.0821856190398394E-049   1.0821856190398394E-049
   7.5791685811780609E-050   7.5791685811780609E-050   7.5791685811780609E-050   7.5791685811780609E-050   7.5791685811780609E-050   7.5791685811780609E-050   7.5791685811780609E-050   7.5791685811780609E-050   7.5791685811780609E-050   7.5791685811780609E-050   7.5791685811780609E-050   7.5791685811780609E-050   7.5791685811780609E-050   7.5791685811780609E-050   7.5791685811780609E-050
   5.3081278637654741E-050   5.3081278637654741E-050   5.3081278637654741E-050   5.3081278637654741E-050   5.3081278637654741E-050   5.3081278637654741E-050   5.3081278637654741E-050   5.3081278637654741E-050   5.3081278637654741E-050   5.3081278637654741E-050   5.3081278637654741E-050   5.3081278637654741E-050   5.3081278637654741E-050   5.3081278637654741E-050   5.3081278637654741E-050
   3.7175873733770301E-050   3.7175873733770301E-050   3.7175873733770301E-050   3.7175873733770301E-050   3.7175873733770301E-050   3.7175873733770301E-050   3.7175873733770301E-050   3.7175873733770301E-050   3.7175873733770301E-050   3.7175873733770301E-050   3.7175873733770301E-050   3.7175873733770301E-050   3.7175873733770301E-050   3.7175873733770301E-050   3.7175873733770301E-050
   2.6036403480469980E-050   2.6036403480469980E-050   2.6036403480469980E-050   2.6036403480469980E-050   2.6036403480469980E-050   2.6036403480469980E-050   2.6036403480469980E-050   2.6036403480469980E-050   2.6036403480469980E-050   2.6036403480469980E-050   2.6036403480469980E-050   2.6036403480469980E-050   2.6036403480469980E-050   2.6036403480469980E-050   2.6036403480469980E-050
   1.8234791495486378E-050   1.8234791495486378E-050   1.8234791495486378E-050   1.8234791495486378E-050   1.8234791495486378E-050   1.8234791495486378E-050   1.8234791495486378E-050   1.8234791495486378E-050   1.8234791495486378E-050   1.8234791495486378E-050   1.8234791495486378E-050   1.8234791495486378E-050   1.8234791495486378E-050   1.8234791495486378E-050   1.8234791495486378E-050
   1.2770873716612860E-050   1.2770873716612860E-050   1.2770873716612860E-050   1.2770873716612860E-050   1.2770873716612860E-050   1.2770873716612860E-050   1.2770873716612860E-050   1.2770873716612860E-050   1.2770873716612860E-050   1.2770873716612860E-050   1.2770873716612860E-050   1.2770873716612860E-050   1.2770873716612860E-050   1.2770873716612860E-050   1.2770873716612860E-050
   8.9441777015132815E-051   8.9441777015132815E-051   8.9441777015132815E-051   8.9441777015132815E-051   8.9441777015132815E-051   8.9441777015132815E-051   8.9441777015132815E-051   8.9441777015132815E-051   8.9441777015132815E-051   8.9441777015132815E-051   8.9441777015132815E-051   8.9441777015132815E-051   8.9441777015132815E-051   8.9441777015132815E-051   8.9441777015132815E-051
   6.2641222935422564E-051   6.2641222935422564E-051   6.2641222935422564E-051   6.2641222935422564E-051   6.2641222935422564E-051   6.2641222935422564E-051   6.2641222935422564E-051   6.2641222935422564E-051   6.2641222935422564E-051   6.2641222935422564E-051   6.2641222935422564E-051   6.2641222935422564E-051   6.2641222935422564E-051   6.2641222935422564E-051   6.2641222935422564E-051
   4.3871252805961330E-051   4.3871252805961330E-051   4.3871252805961330E-051   4.3871252805961330E-051   4.3871252805961330E-051   4.3871252805961330E-051   4.3871252805961330E-051   4.3871252805961330E-051   4.3871252805961330E-051   4.3871252805961330E-051   4.3871252805961330E-051   4.3871252805961330E-051   4.3871252805961330E-051   4.3871252805961330E-051   4.3871252805961330E-051
   3.0725562697726166E-051   3.0725562697726166E-051   3.0725562697726166E-051   3.0725562697726166E-051   3.0725562697726166E-051   3.0725562697726166E-051   3.0725562697726166E-051   3.0725562697726166E-051   3.0725562697726166E-051   3.0725562697726166E-051   3.0725562697726166E-051   3.0725562697726166E-051   3.0725562697726166E-051   3.0725562697726166E-051   3.0725562697726166E-051
   2.1518879510174835E-051   2.1518879510174835E-051   2.1518879510174835E-051   2.1518879510174835E-051   2.1518879510174835E-051   2.1518879510174835E-051   2.1518879510174835E-051   2.1518879510174835E-051   2.1518879510174835E-051   2.1518879510174835E-051   2.1518879510174835E-051   2.1518879510174835E-051   2.1518879510174835E-051   2.1518879510174835E-051   2.1518879510174835E-051
   1.5070909520159631E-051   1.5070909520159631E-051   1.5070909520159631E-051   1.5070909520159631E-051   1.5070909520159631E-051   1.5070909520159631E-051   1.5070909520159631E-051   1.5070909520159631E-051   1.5070909520159631E-051   1.5070909520159631E-051   1.5070909520159631E-051   1.5070909520159631E-051   1.5070909520159631E-051   1.5070909520159631E-051   1.5070909520159631E-051
   1.0555025119102599E-051   1.0555025119102599E-051   1.0555025119102599E-051   1.0555025119102599E-051   1.0555025119102599E-051   1.0555025119102599E-051   1.0555025119102599E-051   1.0555025119102599E-051   1.0555025119102599E-051   1.0555025119102599E-051   1.0555025119102599E-051   1.0555025119102599E-051   1.0555025119102599E-051   1.0555025119102599E-051   1.0555025119102599E-051
   7.3922914284543583E-052   7.3922914284543583E-052   7.3922914284543583E-052   7.3922914284543583E-052   7.3922914284543583E-052   7.3922914284543583E-052   7.3922914284543583E-052   7.3922914284543583E-052   7.3922914284543583E-052   7.3922914284543583E-052   7.3922914284543583E-052   7.3922914284543583E-052   7.3922914284543583E-052   7.3922914284543583E-052   7.3922914284543583E-052
   5.1772470407768845E-052   5.1772470407768845E-052   5.1772470407768845E-052   5.1772470407768845E-052   5.1772470407768845E-052   5.1772470407768845E-052   5.1772470407768845E-052   5.1772470407768845E-052   5.1772470407768845E-052   5.1772470407768845E-052   5.1772470407768845E-052   5.1772470407768845E-052   5.1772470407768845E-052   5.1772470407768845E-052   5.1772470407768845E-052
   3.6259240021381780E-052   3.6259240021381780E-052   3.6259240021381780E-052   3.6259240021381780E-052   3.6259240021381780E-052   3.6259240021381780E-052   3.6259240021381780E-052   3.6259240021381780E-052   3.6259240021381780E-052   3.6259240021381780E-052   3.6259240021381780E-052   3.6259240021381780E-052   3.6259240021381780E-052   3.6259240021381780E-052   3.6259240021381780E-052
   2.5394432148458852E-052   2.5394432148458852E-052   2.5394432148458852E-052   2.5394432148458852E-052   2.5394432148458852E-052   2.5394432148458852E-052   2.5394432148458852E-052   2.5394432148458852E-052   2.5394432148458852E-052   2.5394432148458852E-052   2.5394432148458852E-052   2.5394432148458852E-052   2.5394432148458852E-052   2.5394432148458852E-052   2.5394432148458852E-052
   1.7785182032563316E-052   1.7785182032563316E-052   1.7785182032563316E-052   1.7785182032563316E-052   1.7785182032563316E-052   1.7785182032563316E-052   1.7785182032563316E-052   1.7785182032563316E-052   1.7785182032563316E-052   1.7785182032563316E-052   1.7785182032563316E-052   1.7785182032563316E-052   1.7785182032563316E-052   1.7785182032563316E-052   1.7785182032563316E-052
   1.2455986339139668E-052   1.2455986339139668E-052   1.2455986339139668E-052   1.2455986339139668E-052   1.2455986339139668E-052   1.2455986339139668E-052   1.2455986339139668E-052   1.2455986339139668E-052   1.2455986339139668E-052   1.2455986339139668E-052   1.2455986339139668E-052   1.2455986339139668E-052   1.2455986339139668E-052   1.2455986339139668E-052   1.2455986339139668E-052
   8.7236439524073084E-053   8.7236439524073084E-053   8.7236439524073084E-053   8.7236439524073084E-053   8.7236439524073084E-053   8.7236439524073084E-053   8.7236439524073084E-053   8.7236439524073084E-053   8.7236439524073084E-053   8.7236439524073084E-053   8.7236439524073084E-053   8.7236439524073084E-053   8.7236439524073084E-053   8.7236439524073084E-053   8.7236439524073084E-053
   6.1096698195021355E-053   6.1096698195021355E-053   6.1096698195021355E-053   6.1096698195021355E-053   6.1096698195021355E-053   6.1096698195021355E-053   6.1096698195021355E-053   6.1096698195021355E-053   6.1096698195021355E-053   6.1096698195021355E-053   6.1096698195021355E-053   6.1096698195021355E-053   6.1096698195021355E-053   6.1096698195021355E-053   6.1096698195021355E-053
   4.2789533258099701E-053   4.2789533258099701E-053   4.2789533258099701E-053   4.2789533258099701E-053   4.2789533258099701E-053   4.2789533258099701E-053   4.2789533258099701E-053   4.2789533258099701E-053   4.2789533258099701E-053   4.2789533258099701E-053   4.2789533258099701E-053   4.2789533258099701E-053   4.2789533258099701E-053   4.2789533258099701E-053   4.2789533258099701E-053
   2.9967972256072240E-053   2.9967972256072240E-053   2.9967972256072240E-053   2.9967972256072240E-053   2.9967972256072240E-053   2.9967972256072240E-053   2.9967972256072240E-053   2.9967972256072240E-053   2.9967972256072240E-053   2.9967972256072240E-053   2.9967972256072240E-053   2.9967972256072240E-053   2.9967972256072240E-053   2.9967972256072240E-053   2.9967972256072240E-053
   2.0988295332029985E-053   2.0988295332029985E-053   2.0988295332029985E-053   2.0988295332029985E-053   2.0988295332029985E-053   2.0988295332029985E-053   2.0988295332029985E-053   2.0988295332029985E-053   2.0988295332029985E-053   2.0988295332029985E-053   2.0988295332029985E-053   2.0988295332029985E-053   2.0988295332029985E-053   2.0988295332029985E-053   2.0988295332029985E-053
   1.4699310890320676E-053   1.4699310890320676E-053   1.4699310890320676E-053   1.4699310890320676E-053   1.4699310890320676E-053   1.4699310890320676E-053   1.4699310890320676E-053   1.4699310890320676E-053   1.4699310890320676E-053   1.4699310890320676E-053   1.4699310890320676E-053   1.4699310890320676E-053   1.4699310890320676E-053   1.4699310890320676E-053   1.4699310890320676E-053
   1.0294773216791882E-053   1.0294773216791882E-053   1.0294773216791882E-053   1.0294773216791882E-053   1.0294773216791882E-053   1.0294773216791882E-053   1.0294773216791882E-053   1.0294773216791882E-053   1.0294773216791882E-053   1.0294773216791882E-053   1.0294773216791882E-053   1.0294773216791882E-053   1.0294773216791882E-053   1.0294773216791882E-053   1.0294773216791882E-053
   7.2100220463371451E-054   7.2100220463371451E-054   7.2100220463371451E-054   7.2100220463371451E-054   7.2100220463371451E-054   7.2100220463371451E-054   7.2100220463371451E-054   7.2100220463371451E-054   7.2100220463371451E-054   7.2100220463371451E-054   7.2100220463371451E-054   7.2100220463371451E-054   7.2100220463371451E-054   7.2100220463371451E-054   7.2100220463371451E-054
   5.0495933046757506E-054   5.0495933046757506E-054   5.0495933046757506E-054   5.0495933046757506E-054   5.0495933046757506E-054   5.0495933046757506E-054   5.0495933046757506E-054   5.0495933046757506E-054   5.0495933046757506E-054   5.0495933046757506E-054   5.0495933046757506E-054   5.0495933046757506E-054   5.0495933046757506E-054   5.0495933046757506E-054   5.0495933046757506E-054
   3.5365207455336358E-054   3.5365207455336358E-054   3.5365207455336358E-054   3.5365207455336358E-054   3.5365207455336358E-054   3.5365207455336358E-054   3.5365207455336358E-054   3.5365207455336358E-054   3.5365207455336358E-054   3.5365207455336358E-054   3.5365207455336358E-054   3.5365207455336358E-054   3.5365207455336358E-054   3.5365207455336358E-054   3.5365207455336358E-054
   2.4768289699704644E-054   2.4768289699704644E-054   2.4768289699704644E-054   2.4768289699704644E-054   2.4768289699704644E-054   2.4768289699704644E-054   2.4768289699704644E-054   2.4768289699704644E-054   2.4768289699704644E-054   2.4768289699704644E-054   2.4768289699704644E-054   2.4768289699704644E-054   2.4768289699704644E-054   2.4768289699704644E-054   2.4768289699704644E-054
   1.7346658447381114E-054   1.7346658447381114E-054   1.7346658447381114E-054   1.7346658447381114E-054   1.7346658447381114E-054   1.7346658447381114E-054   1.7346658447381114E-054   1.7346658447381114E-054   1.7346658447381114E-054   1.7346658447381114E-054   1.7346658447381114E-054   1.7346658447381114E-054   1.7346658447381114E-054   1.7346658447381114E-054   1.7346658447381114E-054
   1.2148863039731246E-054   1.2148863039731246E-054   1.2148863039731246E-054   1.2148863039731246E-054   1.2148863039731246E-054   1.2148863039731246E-054   1.2148863039731246E-054   1.2148863039731246E-054   1.2148863039731246E-054   1.2148863039731246E-054   1.2148863039731246E-054   1.2148863039731246E-054   1.2148863039731246E-054   1.2148863039731246E-054   1.2148863039731246E-054
   8.5085478339161510E-055   8.5085478339161510E-055   8.5085478339161510E-055   8.5085478339161510E-055   8.5085478339161510E-055   8.5085478339161510E-055   8.5085478339161510E-055   8.5085478339161510E-055   8.5085478339161510E-055   8.5085478339161510E-055   8.5085478339161510E-055   8.5085478339161510E-055   8.5085478339161510E-055   8.5085478339161510E-055   8.5085478339161510E-055
   5.9590256310635579E-055   5.9590256310635579E-055   5.9590256310635579E-055   5.9590256310635579E-055   5.9590256310635579E-055   5.9590256310635579E-055   5.9590256310635579E-055   5.9590256310635579E-055   5.9590256310635579E-055   5.9590256310635579E-055   5.9590256310635579E-055   5.9590256310635579E-055   5.9590256310635579E-055   5.9590256310635579E-055   5.9590256310635579E-055
   4.1734485325598197E-055   4.1734485325598197E-055   4.1734485325598197E-055   4.1734485325598197E-055   4.1734485325598197E-055   4.1734485325598197E-055   4.1734485325598197E-055   4.1734485325598197E-055   4.1734485325598197E-055   4.1734485325598197E-055   4.1734485325598197E-055   4.1734485325598197E-055   4.1734485325598197E-055   4.1734485325598197E-055   4.1734485325598197E-055
   2.9229061481343248E-055   2.9229061481343248E-055   2.9229061481343248E-055   2.9229061481343248E-055   2.9229061481343248E-055   2.9229061481343248E-055   2.9229061481343248E-055   2.9229061481343248E-055   2.9229061481343248E-055   2.9229061481343248E-055   2.9229061481343248E-055   2.9229061481343248E-055   2.9229061481343248E-055   2.9229061481343248E-055   2.9229061481343248E-055
   2.0470793599463164E-055   2.0470793599463164E-055   2.0470793599463164E-055   2.0470793599463164E-055   2.0470793599463164E-055   2.0470793599463164E-055   2.0470793599463164E-055   2.0470793599463164E-055   2.0470793599463164E-055   2.0470793599463164E-055   2.0470793599463164E-055   2.0470793599463164E-055   2.0470793599463164E-055   2.0470793599463164E-055   2.0470793599463164E-055
   1.4336874649885758E-055   1.4336874649885758E-055   1.4336874649885758E-055   1.4336874649885758E-055   1.4336874649885758E-055   1.4336874649885758E-055   1.4336874649885758E-055   1.4336874649885758E-055   1.4336874649885758E-055   1.4336874649885758E-055   1.4336874649885758E-055   1.4336874649885758E-055   1.4336874649885758E-055   1.4336874649885758E-055   1.4336874649885758E-055
   1.0040938262985907E-055   1.0040938262985907E-055   1.0040938262985907E-055   1.0040938262985907E-055   1.0040938262985907E-055   1.0040938262985907E-055   1.0040938262985907E-055   1.0040938262985907E-055   1.0040938262985907E-055   1.0040938262985907E-055   1.0040938262985907E-055   1.0040938262985907E-055   1.0040938262985907E-055   1.0040938262985907E-055   1.0040938262985907E-055
   7.0322468224898639E-056   7.0322468224898639E-056   7.0322468224898639E-056   7.0322468224898639E-056   7.0322468224898639E-056   7.0322468224898639E-056   7.0322468224898639E-056   7.0322468224898639E-056   7.0322468224898639E-056   7.0322468224898639E-056   7.0322468224898639E-056   7.0322468224898639E-056   7.0322468224898639E-056   7.0322468224898639E-056   7.0322468224898639E-056
   4.9250870862055174E-056   4.9250870862055174E-056   4.9250870862055174E-056   4.9250870862055174E-056   4.9250870862055174E-056   4.9250870862055174E-056   4.9250870862055174E-056   4.9250870862055174E-056   4.9250870862055174E-056   4.9250870862055174E-056   4.9250870862055174E-056   4.9250870862055174E-056   4.9250870862055174E-056   4.9250870862055174E-056   4.9250870862055174E-056
   3.4493218766345877E-056   3.4493218766345877E-056   3.4493218766345877E-056   3.4493218766345877E-056   3.4493218766345877E-056   3.4493218766345877E-056   3.4493218766345877E-056   3.4493218766345877E-056   3.4493218766345877E-056   3.4493218766345877E-056   3.4493218766345877E-056   3.4493218766345877E-056   3.4493218766345877E-056   3.4493218766345877E-056   3.4493218766345877E-056
   2.4157585846459654E-056   2.4157585846459654E-056   2.4157585846459654E-056   2.4157585846459654E-056   2.4157585846459654E-056   2.4157585846459654E-056   2.4157585846459654E-056   2.4157585846459654E-056   2.4157585846459654E-056   2.4157585846459654E-056   2.4157585846459654E-056   2.4157585846459654E-056   2.4157585846459654E-056   2.4157585846459654E-056   2.4157585846459654E-056
   1.6918947398972777E-056   1.6918947398972777E-056   1.6918947398972777E-056   1.6918947398972777E-056   1.6918947398972777E-056   1.6918947398972777E-056   1.6918947398972777E-056   1.6918947398972777E-056   1.6918947398972777E-056   1.6918947398972777E-056   1.6918947398972777E-056   1.6918947398972777E-056   1.6918947398972777E-056   1.6918947398972777E-056   1.6918947398972777E-056
   1.1849312381980364E-056   1.1849312381980364E-056   1.1849312381980364E-056   1.1849312381980364E-056   1.1849312381980364E-056   1.1849312381980364E-056   1.1849312381980364E-056   1.1849312381980364E-056   1.1849312381980364E-056   1.1849312381980364E-056   1.1849312381980364E-056   1.1849312381980364E-056   1.1849312381980364E-056   1.1849312381980364E-056   1.1849312381980364E-056
   8.2987552721085886E-057   8.2987552721085886E-057   8.2987552721085886E-057   8.2987552721085886E-057   8.2987552721085886E-057   8.2987552721085886E-057   8.2987552721085886E-057   8.2987552721085886E-057   8.2987552721085886E-057   8.2987552721085886E-057   8.2987552721085886E-057   8.2987552721085886E-057   8.2987552721085886E-057   8.2987552721085886E-057   8.2987552721085886E-057
   5.8120958285378568E-057   5.8120958285378568E-057   5.8120958285378568E-057   5.8120958285378568E-057   5.8120958285378568E-057   5.8120958285378568E-057   5.8120958285378568E-057   5.8120958285378568E-057   5.8120958285378568E-057   5.8120958285378568E-057   5.8120958285378568E-057   5.8120958285378568E-057   5.8120958285378568E-057   5.8120958285378568E-057   5.8120958285378568E-057
   4.0705451374907299E-057   4.0705451374907299E-057   4.0705451374907299E-057   4.0705451374907299E-057   4.0705451374907299E-057   4.0705451374907299E-057   4.0705451374907299E-057   4.0705451374907299E-057   4.0705451374907299E-057   4.0705451374907299E-057   4.0705451374907299E-057   4.0705451374907299E-057   4.0705451374907299E-057   4.0705451374907299E-057   4.0705451374907299E-057
   2.8508369794924334E-057   2.8508369794924334E-057   2.8508369794924334E-057   2.8508369794924334E-057   2.8508369794924334E-057   2.8508369794924334E-057   2.8508369794924334E-057   2.8508369794924334E-057   2.8508369794924334E-057   2.8508369794924334E-057   2.8508369794924334E-057   2.8508369794924334E-057   2.8508369794924334E-057   2.8508369794924334E-057   2.8508369794924334E-057
   1.9966051742768707E-057   1.9966051742768707E-057   1.9966051742768707E-057   1.9966051742768707E-057   1.9966051742768707E-057   1.9966051742768707E-057   1.9966051742768707E-057   1.9966051742768707E-057   1.9966051742768707E-057   1.9966051742768707E-057   1.9966051742768707E-057   1.9966051742768707E-057   1.9966051742768707E-057   1.9966051742768707E-057   1.9966051742768707E-057
   1.3983374884729163E-057   1.3983374884729163E-057   1.3983374884729163E-057   1.3983374884729163E-057   1.3983374884729163E-057   1.3983374884729163E-057   1.3983374884729163E-057   1.3983374884729163E-057   1.3983374884729163E-057   1.3983374884729163E-057   1.3983374884729163E-057   1.3983374884729163E-057   1.3983374884729163E-057   1.3983374884729163E-057   1.3983374884729163E-057
   9.7933620370233303E-058   9.7933620370233303E-058   9.7933620370233303E-058   9.7933620370233303E-058   9.7933620370233303E-058   9.7933620370233303E-058   9.7933620370233303E-058   9.7933620370233303E-058   9.7933620370233303E-058   9.7933620370233303E-058   9.7933620370233303E-058   9.7933620370233303E-058   9.7933620370233303E-058   9.7933620370233303E-058   9.7933620370233303E-058
   6.8588549458793366E-058   6.8588549458793366E-058   6.8588549458793366E-058   6.8588549458793366E-058   6.8588549458793366E-058   6.8588549458793366E-058   6.8588549458793366E-058   6.8588549458793366E-058   6.8588549458793366E-058   6.8588549458793366E-058   6.8588549458793366E-058   6.8588549458793366E-058   6.8588549458793366E-058   6.8588549458793366E-058   6.8588549458793366E-058
   4.8036507780235640E-058   4.8036507780235640E-058   4.8036507780235640E-058   4.8036507780235640E-058   4.8036507780235640E-058   4.8036507780235640E-058   4.8036507780235640E-058   4.8036507780235640E-058   4.8036507780235640E-058   4.8036507780235640E-058   4.8036507780235640E-058   4.8036507780235640E-058   4.8036507780235640E-058   4.8036507780235640E-058   4.8036507780235640E-058
   3.3642730425534641E-058   3.3642730425534641E-058   3.3642730425534641E-058   3.3642730425534641E-058   3.3642730425534641E-058   3.3642730425534641E-058   3.3642730425534641E-058   3.3642730425534641E-058   3.3642730425534641E-058   3.3642730425534641E-058   3.3642730425534641E-058   3.3642730425534641E-058   3.3642730425534641E-058   3.3642730425534641E-058   3.3642730425534641E-058
   2.3561939924177483E-058   2.3561939924177483E-058   2.3561939924177483E-058   2.3561939924177483E-058   2.3561939924177483E-058   2.3561939924177483E-058   2.3561939924177483E-058   2.3561939924177483E-058   2.3561939924177483E-058   2.3561939924177483E-058   2.3561939924177483E-058   2.3561939924177483E-058   2.3561939924177483E-058   2.3561939924177483E-058   2.3561939924177483E-058
   1.6501782286053146E-058   1.6501782286053146E-058   1.6501782286053146E-058   1.6501782286053146E-058   1.6501782286053146E-058   1.6501782286053146E-058   1.6501782286053146E-058   1.6501782286053146E-058   1.6501782286053146E-058   1.6501782286053146E-058   1.6501782286053146E-058   1.6501782286053146E-058   1.6501782286053146E-058   1.6501782286053146E-058   1.6501782286053146E-058
   1.1557147649666790E-058   1.1557147649666790E-058   1.1557147649666790E-058   1.1557147649666790E-058   1.1557147649666790E-058   1.1557147649666790E-058   1.1557147649666790E-058   1.1557147649666790E-058   1.1557147649666790E-058   1.1557147649666790E-058   1.1557147649666790E-058   1.1557147649666790E-058   1.1557147649666790E-058   1.1557147649666790E-058   1.1557147649666790E-058
   8.0941354988718844E-059   8.0941354988718844E-059   8.0941354988718844E-059   8.0941354988718844E-059   8.0941354988718844E-059   8.0941354988718844E-059   8.0941354988718844E-059   8.0941354988718844E-059   8.0941354988718844E-059   8.0941354988718844E-059   8.0941354988718844E-059   8.0941354988718844E-059   8.0941354988718844E-059   8.0941354988718844E-059   8.0941354988718844E-059
   5.6687888274912890E-059   5.6687888274912890E-059   5.6687888274912890E-059   5.6687888274912890E-059   5.6687888274912890E-059   5.6687888274912890E-059   5.6687888274912890E-059   5.6687888274912890E-059   5.6687888274912890E-059   5.6687888274912890E-059   5.6687888274912890E-059   5.6687888274912890E-059   5.6687888274912890E-059   5.6687888274912890E-059   5.6687888274912890E-059
   3.9701789987539515E-059   3.9701789987539515E-059   3.9701789987539515E-059   3.9701789987539515E-059   3.9701789987539515E-059   3.9701789987539515E-059   3.9701789987539515E-059   3.9701789987539515E-059   3.9701789987539515E-059   3.9701789987539515E-059   3.9701789987539515E-059   3.9701789987539515E-059   3.9701789987539515E-059   3.9701789987539515E-059   3.9701789987539515E-059
   2.7805447974541172E-059   2.7805447974541172E-059   2.7805447974541172E-059   2.7805447974541172E-059   2.7805447974541172E-059   2.7805447974541172E-059   2.7805447974541172E-059   2.7805447974541172E-059   2.7805447974541172E-059   2.7805447974541172E-059   2.7805447974541172E-059   2.7805447974541172E-059   2.7805447974541172E-059   2.7805447974541172E-059   2.7805447974541172E-059
   1.9473755145739458E-059   1.9473755145739458E-059   1.9473755145739458E-059   1.9473755145739458E-059   1.9473755145739458E-059   1.9473755145739458E-059   1.9473755145739458E-059   1.9473755145739458E-059   1.9473755145739458E-059   1.9473755145739458E-059   1.9473755145739458E-059   1.9473755145739458E-059   1.9473755145739458E-059   1.9473755145739458E-059   1.9473755145739458E-059
   1.3638591251018008E-059   1.3638591251018008E-059   1.3638591251018008E-059   1.3638591251018008E-059   1.3638591251018008E-059   1.3638591251018008E-059   1.3638591251018008E-059   1.3638591251018008E-059   1.3638591251018008E-059   1.3638591251018008E-059   1.3638591251018008E-059   1.3638591251018008E-059   1.3638591251018008E-059   1.3638591251018008E-059   1.3638591251018008E-059
   9.5518902194393293E-060   9.5518902194393293E-060   9.5518902194393293E-060   9.5518902194393293E-060   9.5518902194393293E-060   9.5518902194393293E-060   9.5518902194393293E-060   9.5518902194393293E-060   9.5518902194393293E-060   9.5518902194393293E-060   9.5518902194393293E-060   9.5518902194393293E-060   9.5518902194393293E-060   9.5518902194393293E-060   9.5518902194393293E-060
   6.6897383377048301E-060   6.6897383377048301E-060   6.6897383377048301E-060   6.6897383377048301E-060   6.6897383377048301E-060   6.6897383377048301E-060   6.6897383377048301E-060   6.6897383377048301E-060   6.6897383377048301E-060   6.6897383377048301E-060   6.6897383377048301E-060   6.6897383377048301E-060   6.6897383377048301E-060   6.6897383377048301E-060   6.6897383377048301E-060
   4.6852086863268673E-060   4.6852086863268673E-060   4.6852086863268673E-060   4.6852086863268673E-060   4.6852086863268673E-060   4.6852086863268673E-060   4.6852086863268673E-060   4.6852086863268673E-060   4.6852086863268673E-060   4.6852086863268673E-060   4.6852086863268673E-060   4.6852086863268673E-060   4.6852086863268673E-060   4.6852086863268673E-060   4.6852086863268673E-060
   3.2813212305645823E-060   3.2813212305645823E-060   3.2813212305645823E-060   3.2813212305645823E-060   3.2813212305645823E-060   3.2813212305645823E-060   3.2813212305645823E-060   3.2813212305645823E-060   3.2813212305645823E-060   3.2813212305645823E-060   3.2813212305645823E-060   3.2813212305645823E-060   3.2813212305645823E-060   3.2813212305645823E-060   3.2813212305645823E-060
   2.2980980654236595E-060   2.2980980654236595E-060   2.2980980654236595E-060   2.2980980654236595E-060   2.2980980654236595E-060   2.2980980654236595E-060   2.2980980654236595E-060   2.2980980654236595E-060   2.2980980654236595E-060   2.2980980654236595E-060   2.2980980654236595E-060   2.2980980654236595E-060   2.2980980654236595E-060   2.2980980654236595E-060   2.2980980654236595E-060
   1.6094903080839957E-060   1.6094903080839957E-060   1.6094903080839957E-060   1.6094903080839957E-060   1.6094903080839957E-060   1.6094903080839957E-060   1.6094903080839957E-060   1.6094903080839957E-060   1.6094903080839957E-060   1.6094903080839957E-060   1.6094903080839957E-060   1.6094903080839957E-060   1.6094903080839957E-060   1.6094903080839957E-060   1.6094903080839957E-060
   1.1272186730372500E-060   1.1272186730372500E-060   1.1272186730372500E-060   1.1272186730372500E-060   1.1272186730372500E-060   1.1272186730372500E-060   1.1272186730372500E-060   1.1272186730372500E-060   1.1272186730372500E-060   1.1272186730372500E-060   1.1272186730372500E-060   1.1272186730372500E-060   1.1272186730372500E-060   1.1272186730372500E-060   1.1272186730372500E-060
   7.8945609704009636E-061   7.8945609704009636E-061   7.8945609704009636E-061   7.8945609704009636E-061   7.8945609704009636E-061   7.8945609704009636E-061   7.8945609704009636E-061   7.8945609704009636E-061   7.8945609704009636E-061   7.8945609704009636E-061   7.8945609704009636E-061   7.8945609704009636E-061   7.8945609704009636E-061   7.8945609704009636E-061   7.8945609704009636E-061
   5.5290153016582223E-061   5.5290153016582223E-061   5.5290153016582223E-061   5.5290153016582223E-061   5.5290153016582223E-061   5.5290153016582223E-061   5.5290153016582223E-061   5.5290153016582223E-061   5.5290153016582223E-061   5.5290153016582223E-061   5.5290153016582223E-061   5.5290153016582223E-061   5.5290153016582223E-061   5.5290153016582223E-061   5.5290153016582223E-061
   3.8722875560258201E-061   3.8722875560258201E-061   3.8722875560258201E-061   3.8722875560258201E-061   3.8722875560258201E-061   3.8722875560258201E-061   3.8722875560258201E-061   3.8722875560258201E-061   3.8722875560258201E-061   3.8722875560258201E-061   3.8722875560258201E-061   3.8722875560258201E-061   3.8722875560258201E-061   3.8722875560258201E-061   3.8722875560258201E-061
   2.7119857874249901E-061   2.7119857874249901E-061   2.7119857874249901E-061   2.7119857874249901E-061   2.7119857874249901E-061   2.7119857874249901E-061   2.7119857874249901E-061   2.7119857874249901E-061   2.7119857874249901E-061   2.7119857874249901E-061   2.7119857874249901E-061   2.7119857874249901E-061   2.7119857874249901E-061   2.7119857874249901E-061   2.7119857874249901E-061
   1.8993596949560085E-061   1.8993596949560085E-061   1.8993596949560085E-061   1.8993596949560085E-061   1.8993596949560085E-061   1.8993596949560085E-061   1.8993596949560085E-061   1.8993596949560085E-061   1.8993596949560085E-061   1.8993596949560085E-061   1.8993596949560085E-061   1.8993596949560085E-061   1.8993596949560085E-061   1.8993596949560085E-061   1.8993596949560085E-061
   1.3302308837867244E-061   1.3302308837867244E-061   1.3302308837867244E-061   1.3302308837867244E-061   1.3302308837867244E-061   1.3302308837867244E-061   1.3302308837867244E-061   1.3302308837867244E-061   1.3302308837867244E-061   1.3302308837867244E-061   1.3302308837867244E-061   1.3302308837867244E-061   1.3302308837867244E-061   1.3302308837867244E-061   1.3302308837867244E-061
   9.3163722957751766E-062   9.3163722957751766E-062   9.3163722957751766E-062   9.3163722957751766E-062   9.3163722957751766E-062   9.3163722957751766E-062   9.3163722957751766E-062   9.3163722957751766E-062   9.3163722957751766E-062   9.3163722957751766E-062   9.3163722957751766E-062   9.3163722957751766E-062   9.3163722957751766E-062   9.3163722957751766E-062   9.3163722957751766E-062
   6.5247915840302267E-062   6.5247915840302267E-062   6.5247915840302267E-062   6.5247915840302267E-062   6.5247915840302267E-062   6.5247915840302267E-062   6.5247915840302267E-062   6.5247915840302267E-062   6.5247915840302267E-062   6.5247915840302267E-062   6.5247915840302267E-062   6.5247915840302267E-062   6.5247915840302267E-062   6.5247915840302267E-062   6.5247915840302267E-062
   4.5696869836704438E-062   4.5696869836704438E-062   4.5696869836704438E-062   4.5696869836704438E-062   4.5696869836704438E-062   4.5696869836704438E-062   4.5696869836704438E-062   4.5696869836704438E-062   4.5696869836704438E-062   4.5696869836704438E-062   4.5696869836704438E-062   4.5696869836704438E-062   4.5696869836704438E-062   4.5696869836704438E-062   4.5696869836704438E-062
   3.2004147350601827E-062   3.2004147350601827E-062   3.2004147350601827E-062   3.2004147350601827E-062   3.2004147350601827E-062   3.2004147350601827E-062   3.2004147350601827E-062   3.2004147350601827E-062   3.2004147350601827E-062   3.2004147350601827E-062   3.2004147350601827E-062   3.2004147350601827E-062   3.2004147350601827E-062   3.2004147350601827E-062   3.2004147350601827E-062
   2.2414345912514340E-062   2.2414345912514340E-062   2.2414345912514340E-062   2.2414345912514340E-062   2.2414345912514340E-062   2.2414345912514340E-062   2.2414345912514340E-062   2.2414345912514340E-062   2.2414345912514340E-062   2.2414345912514340E-062   2.2414345912514340E-062   2.2414345912514340E-062   2.2414345912514340E-062   2.2414345912514340E-062   2.2414345912514340E-062
   1.5698056166973633E-062   1.5698056166973633E-062   1.5698056166973633E-062   1.5698056166973633E-062   1.5698056166973633E-062   1.5698056166973633E-062   1.5698056166973633E-062   1.5698056166973633E-062   1.5698056166973633E-062   1.5698056166973633E-062   1.5698056166973633E-062   1.5698056166973633E-062   1.5698056166973633E-062   1.5698056166973633E-062   1.5698056166973633E-062
   1.0994252001967796E-062   1.0994252001967796E-062   1.0994252001967796E-062   1.0994252001967796E-062   1.0994252001967796E-062   1.0994252001967796E-062   1.0994252001967796E-062   1.0994252001967796E-062   1.0994252001967796E-062   1.0994252001967796E-062   1.0994252001967796E-062   1.0994252001967796E-062   1.0994252001967796E-062   1.0994252001967796E-062   1.0994252001967796E-062
   7.6999072876979784E-063   7.6999072876979784E-063   7.6999072876979784E-063   7.6999072876979784E-063   7.6999072876979784E-063   7.6999072876979784E-063   7.6999072876979784E-063   7.6999072876979784E-063   7.6999072876979784E-063   7.6999072876979784E-063   7.6999072876979784E-063   7.6999072876979784E-063   7.6999072876979784E-063   7.6999072876979784E-063   7.6999072876979784E-063
   5.3926881272625759E-063   5.3926881272625759E-063   5.3926881272625759E-063   5.3926881272625759E-063   5.3926881272625759E-063   5.3926881272625759E-063   5.3926881272625759E-063   5.3926881272625759E-063   5.3926881272625759E-063   5.3926881272625759E-063   5.3926881272625759E-063   5.3926881272625759E-063   5.3926881272625759E-063   5.3926881272625759E-063   5.3926881272625759E-063
   3.7768097915128289E-063   3.7768097915128289E-063   3.7768097915128289E-063   3.7768097915128289E-063   3.7768097915128289E-063   3.7768097915128289E-063   3.7768097915128289E-063   3.7768097915128289E-063   3.7768097915128289E-063   3.7768097915128289E-063   3.7768097915128289E-063   3.7768097915128289E-063   3.7768097915128289E-063   3.7768097915128289E-063   3.7768097915128289E-063
   2.6451172151332984E-063   2.6451172151332984E-063   2.6451172151332984E-063   2.6451172151332984E-063   2.6451172151332984E-063   2.6451172151332984E-063   2.6451172151332984E-063   2.6451172151332984E-063   2.6451172151332984E-063   2.6451172151332984E-063   2.6451172151332984E-063   2.6451172151332984E-063   2.6451172151332984E-063   2.6451172151332984E-063   2.6451172151332984E-063
   1.8525277861536100E-063   1.8525277861536100E-063   1.8525277861536100E-063   1.8525277861536100E-063   1.8525277861536100E-063   1.8525277861536100E-063   1.8525277861536100E-063   1.8525277861536100E-063   1.8525277861536100E-063   1.8525277861536100E-063   1.8525277861536100E-063   1.8525277861536100E-063   1.8525277861536100E-063   1.8525277861536100E-063   1.8525277861536100E-063
   1.2974318033381563E-063   1.2974318033381563E-063   1.2974318033381563E-063   1.2974318033381563E-063   1.2974318033381563E-063   1.2974318033381563E-063   1.2974318033381563E-063   1.2974318033381563E-063   1.2974318033381563E-063   1.2974318033381563E-063   1.2974318033381563E-063   1.2974318033381563E-063   1.2974318033381563E-063   1.2974318033381563E-063   1.2974318033381563E-063
   9.0866614627594111E-064   9.0866614627594111E-064   9.0866614627594111E-064   9.0866614627594111E-064   9.0866614627594111E-064   9.0866614627594111E-064   9.0866614627594111E-064   9.0866614627594111E-064   9.0866614627594111E-064   9.0866614627594111E-064   9.0866614627594111E-064   9.0866614627594111E-064   9.0866614627594111E-064   9.0866614627594111E-064   9.0866614627594111E-064
   6.3639118700774462E-064   6.3639118700774462E-064   6.3639118700774462E-064   6.3639118700774462E-064   6.3639118700774462E-064   6.3639118700774462E-064   6.3639118700774462E-064   6.3639118700774462E-064   6.3639118700774462E-064   6.3639118700774462E-064   6.3639118700774462E-064   6.3639118700774462E-064   6.3639118700774462E-064   6.3639118700774462E-064   6.3639118700774462E-064
   4.4570136629492003E-064   4.4570136629492003E-064   4.4570136629492003E-064   4.4570136629492003E-064   4.4570136629492003E-064   4.4570136629492003E-064   4.4570136629492003E-064   4.4570136629492003E-064   4.4570136629492003E-064   4.4570136629492003E-064   4.4570136629492003E-064   4.4570136629492003E-064   4.4570136629492003E-064   4.4570136629492003E-064   4.4570136629492003E-064
   3.1215031253212705E-064   3.1215031253212705E-064   3.1215031253212705E-064   3.1215031253212705E-064   3.1215031253212705E-064   3.1215031253212705E-064   3.1215031253212705E-064   3.1215031253212705E-064   3.1215031253212705E-064   3.1215031253212705E-064   3.1215031253212705E-064   3.1215031253212705E-064   3.1215031253212705E-064   3.1215031253212705E-064   3.1215031253212705E-064
   2.1861682503667710E-064   2.1861682503667710E-064   2.1861682503667710E-064   2.1861682503667710E-064   2.1861682503667710E-064   2.1861682503667710E-064   2.1861682503667710E-064   2.1861682503667710E-064   2.1861682503667710E-064   2.1861682503667710E-064   2.1861682503667710E-064   2.1861682503667710E-064   2.1861682503667710E-064   2.1861682503667710E-064   2.1861682503667710E-064
   1.5310994181432404E-064   1.5310994181432404E-064   1.5310994181432404E-064   1.5310994181432404E-064   1.5310994181432404E-064   1.5310994181432404E-064   1.5310994181432404E-064   1.5310994181432404E-064   1.5310994181432404E-064   1.5310994181432404E-064   1.5310994181432404E-064   1.5310994181432404E-064   1.5310994181432404E-064   1.5310994181432404E-064   1.5310994181432404E-064
   1.0723170221895235E-064   1.0723170221895235E-064   1.0723170221895235E-064   1.0723170221895235E-064   1.0723170221895235E-064   1.0723170221895235E-064   1.0723170221895235E-064   1.0723170221895235E-064   1.0723170221895235E-064   1.0723170221895235E-064   1.0723170221895235E-064   1.0723170221895235E-064   1.0723170221895235E-064   1.0723170221895235E-064   1.0723170221895235E-064
   7.5100531190315658E-065   7.5100531190315658E-065   7.5100531190315658E-065   7.5100531190315658E-065   7.5100531190315658E-065   7.5100531190315658E-065   7.5100531190315658E-065   7.5100531190315658E-065   7.5100531190315658E-065   7.5100531190315658E-065   7.5100531190315658E-065   7.5100531190315658E-065   7.5100531190315658E-065   7.5100531190315658E-065   7.5100531190315658E-065
   5.2597223287114186E-065   5.2597223287114186E-065   5.2597223287114186E-065   5.2597223287114186E-065   5.2597223287114186E-065   5.2597223287114186E-065   5.2597223287114186E-065   5.2597223287114186E-065   5.2597223287114186E-065   5.2597223287114186E-065   5.2597223287114186E-065   5.2597223287114186E-065   5.2597223287114186E-065   5.2597223287114186E-065   5.2597223287114186E-065
   3.6836861919177571E-065   3.6836861919177571E-065   3.6836861919177571E-065   3.6836861919177571E-065   3.6836861919177571E-065   3.6836861919177571E-065   3.6836861919177571E-065   3.6836861919177571E-065   3.6836861919177571E-065   3.6836861919177571E-065   3.6836861919177571E-065   3.6836861919177571E-065   3.6836861919177571E-065   3.6836861919177571E-065   3.6836861919177571E-065
   2.5798973999925870E-065   2.5798973999925870E-065   2.5798973999925870E-065   2.5798973999925870E-065   2.5798973999925870E-065   2.5798973999925870E-065   2.5798973999925870E-065   2.5798973999925870E-065   2.5798973999925870E-065   2.5798973999925870E-065   2.5798973999925870E-065   2.5798973999925870E-065   2.5798973999925870E-065   2.5798973999925870E-065   2.5798973999925870E-065
   1.8068505968537483E-065   1.8068505968537483E-065   1.8068505968537483E-065   1.8068505968537483E-065   1.8068505968537483E-065   1.8068505968537483E-065   1.8068505968537483E-065   1.8068505968537483E-065   1.8068505968537483E-065   1.8068505968537483E-065   1.8068505968537483E-065   1.8068505968537483E-065   1.8068505968537483E-065   1.8068505968537483E-065   1.8068505968537483E-065
   1.2654414393999265E-065   1.2654414393999265E-065   1.2654414393999265E-065   1.2654414393999265E-065   1.2654414393999265E-065   1.2654414393999265E-065   1.2654414393999265E-065   1.2654414393999265E-065   1.2654414393999265E-065   1.2654414393999265E-065   1.2654414393999265E-065   1.2654414393999265E-065   1.2654414393999265E-065   1.2654414393999265E-065   1.2654414393999265E-065
   8.8626145368021092E-066   8.8626145368021092E-066   8.8626145368021092E-066   8.8626145368021092E-066   8.8626145368021092E-066   8.8626145368021092E-066   8.8626145368021092E-066   8.8626145368021092E-066   8.8626145368021092E-066   8.8626145368021092E-066   8.8626145368021092E-066   8.8626145368021092E-066   8.8626145368021092E-066   8.8626145368021092E-066   8.8626145368021092E-066
   6.2069989161396985E-066   6.2069989161396985E-066   6.2069989161396985E-066   6.2069989161396985E-066   6.2069989161396985E-066   6.2069989161396985E-066   6.2069989161396985E-066   6.2069989161396985E-066   6.2069989161396985E-066   6.2069989161396985E-066   6.2069989161396985E-066   6.2069989161396985E-066   6.2069989161396985E-066   6.2069989161396985E-066   6.2069989161396985E-066
   4.3471184925143979E-066   4.3471184925143979E-066   4.3471184925143979E-066   4.3471184925143979E-066   4.3471184925143979E-066   4.3471184925143979E-066   4.3471184925143979E-066   4.3471184925143979E-066   4.3471184925143979E-066   4.3471184925143979E-066   4.3471184925143979E-066   4.3471184925143979E-066   4.3471184925143979E-066   4.3471184925143979E-066   4.3471184925143979E-066
   3.0445372140830748E-066   3.0445372140830748E-066   3.0445372140830748E-066   3.0445372140830748E-066   3.0445372140830748E-066   3.0445372140830748E-066   3.0445372140830748E-066   3.0445372140830748E-066   3.0445372140830748E-066   3.0445372140830748E-066   3.0445372140830748E-066   3.0445372140830748E-066   3.0445372140830748E-066   3.0445372140830748E-066   3.0445372140830748E-066
   2.1322645940979133E-066   2.1322645940979133E-066   2.1322645940979133E-066   2.1322645940979133E-066   2.1322645940979133E-066   2.1322645940979133E-066   2.1322645940979133E-066   2.1322645940979133E-066   2.1322645940979133E-066   2.1322645940979133E-066   2.1322645940979133E-066   2.1322645940979133E-066   2.1322645940979133E-066   2.1322645940979133E-066   2.1322645940979133E-066
   1.4933475860346232E-066   1.4933475860346232E-066   1.4933475860346232E-066   1.4933475860346232E-066   1.4933475860346232E-066   1.4933475860346232E-066   1.4933475860346232E-066   1.4933475860346232E-066   1.4933475860346232E-066   1.4933475860346232E-066   1.4933475860346232E-066   1.4933475860346232E-066   1.4933475860346232E-066   1.4933475860346232E-066   1.4933475860346232E-066
   1.0458772419184245E-066   1.0458772419184245E-066   1.0458772419184245E-066   1.0458772419184245E-066   1.0458772419184245E-066   1.0458772419184245E-066   1.0458772419184245E-066   1.0458772419184245E-066   1.0458772419184245E-066   1.0458772419184245E-066   1.0458772419184245E-066   1.0458772419184245E-066   1.0458772419184245E-066   1.0458772419184245E-066   1.0458772419184245E-066
   7.3248801243084083E-067   7.3248801243084083E-067   7.3248801243084083E-067   7.3248801243084083E-067   7.3248801243084083E-067   7.3248801243084083E-067   7.3248801243084083E-067   7.3248801243084083E-067   7.3248801243084083E-067   7.3248801243084083E-067   7.3248801243084083E-067   7.3248801243084083E-067   7.3248801243084083E-067   7.3248801243084083E-067   7.3248801243084083E-067
   5.1300350256280907E-067   5.1300350256280907E-067   5.1300350256280907E-067   5.1300350256280907E-067   5.1300350256280907E-067   5.1300350256280907E-067   5.1300350256280907E-067   5.1300350256280907E-067   5.1300350256280907E-067   5.1300350256280907E-067   5.1300350256280907E-067   5.1300350256280907E-067   5.1300350256280907E-067   5.1300350256280907E-067   5.1300350256280907E-067
   3.5928587113438592E-067   3.5928587113438592E-067   3.5928587113438592E-067   3.5928587113438592E-067   3.5928587113438592E-067   3.5928587113438592E-067   3.5928587113438592E-067   3.5928587113438592E-067   3.5928587113438592E-067   3.5928587113438592E-067   3.5928587113438592E-067   3.5928587113438592E-067   3.5928587113438592E-067   3.5928587113438592E-067   3.5928587113438592E-067
   2.5162856891214026E-067   2.5162856891214026E-067   2.5162856891214026E-067   2.5162856891214026E-067   2.5162856891214026E-067   2.5162856891214026E-067   2.5162856891214026E-067   2.5162856891214026E-067   2.5162856891214026E-067   2.5162856891214026E-067   2.5162856891214026E-067   2.5162856891214026E-067   2.5162856891214026E-067   2.5162856891214026E-067   2.5162856891214026E-067
   1.7622996555043709E-067   1.7622996555043709E-067   1.7622996555043709E-067   1.7622996555043709E-067   1.7622996555043709E-067   1.7622996555043709E-067   1.7622996555043709E-067   1.7622996555043709E-067   1.7622996555043709E-067   1.7622996555043709E-067   1.7622996555043709E-067   1.7622996555043709E-067   1.7622996555043709E-067   1.7622996555043709E-067   1.7622996555043709E-067
   1.2342398517058789E-067   1.2342398517058789E-067   1.2342398517058789E-067   1.2342398517058789E-067   1.2342398517058789E-067   1.2342398517058789E-067   1.2342398517058789E-067   1.2342398517058789E-067   1.2342398517058789E-067   1.2342398517058789E-067   1.2342398517058789E-067   1.2342398517058789E-067   1.2342398517058789E-067   1.2342398517058789E-067   1.2342398517058789E-067
   8.6440918647456971E-068   8.6440918647456971E-068   8.6440918647456971E-068   8.6440918647456971E-068   8.6440918647456971E-068   8.6440918647456971E-068   8.6440918647456971E-068   8.6440918647456971E-068   8.6440918647456971E-068   8.6440918647456971E-068   8.6440918647456971E-068   8.6440918647456971E-068   8.6440918647456971E-068   8.6440918647456971E-068   8.6440918647456971E-068
   6.0539549150750369E-068   6.0539549150750369E-068   6.0539549150750369E-068   6.0539549150750369E-068   6.0539549150750369E-068   6.0539549150750369E-068   6.0539549150750369E-068   6.0539549150750369E-068   6.0539549150750369E-068   6.0539549150750369E-068   6.0539549150750369E-068   6.0539549150750369E-068   6.0539549150750369E-068   6.0539549150750369E-068   6.0539549150750369E-068
   4.2399329723966860E-068   4.2399329723966860E-068   4.2399329723966860E-068   4.2399329723966860E-068   4.2399329723966860E-068   4.2399329723966860E-068   4.2399329723966860E-068   4.2399329723966860E-068   4.2399329723966860E-068   4.2399329723966860E-068   4.2399329723966860E-068   4.2399329723966860E-068   4.2399329723966860E-068   4.2399329723966860E-068   4.2399329723966860E-068
   2.9694690268755953E-068   2.9694690268755953E-068   2.9694690268755953E-068   2.9694690268755953E-068   2.9694690268755953E-068   2.9694690268755953E-068   2.9694690268755953E-068   2.9694690268755953E-068   2.9694690268755953E-068   2.9694690268755953E-068   2.9694690268755953E-068   2.9694690268755953E-068   2.9694690268755953E-068   2.9694690268755953E-068   2.9694690268755953E-068
   2.0796900231630570E-068   2.0796900231630570E-068   2.0796900231630570E-068   2.0796900231630570E-068   2.0796900231630570E-068   2.0796900231630570E-068   2.0796900231630570E-068   2.0796900231630570E-068   2.0796900231630570E-068   2.0796900231630570E-068   2.0796900231630570E-068   2.0796900231630570E-068   2.0796900231630570E-068   2.0796900231630570E-068   2.0796900231630570E-068
   1.4565265888611513E-068   1.4565265888611513E-068   1.4565265888611513E-068   1.4565265888611513E-068   1.4565265888611513E-068   1.4565265888611513E-068   1.4565265888611513E-068   1.4565265888611513E-068   1.4565265888611513E-068   1.4565265888611513E-068   1.4565265888611513E-068   1.4565265888611513E-068   1.4565265888611513E-068   1.4565265888611513E-068   1.4565265888611513E-068
   1.0200893789127782E-068   1.0200893789127782E-068   1.0200893789127782E-068   1.0200893789127782E-068   1.0200893789127782E-068   1.0200893789127782E-068   1.0200893789127782E-068   1.0200893789127782E-068   1.0200893789127782E-068   1.0200893789127782E-068   1.0200893789127782E-068   1.0200893789127782E-068   1.0200893789127782E-068   1.0200893789127782E-068   1.0200893789127782E-068
   7.1442728813092416E-069   7.1442728813092416E-069   7.1442728813092416E-069   7.1442728813092416E-069   7.1442728813092416E-069   7.1442728813092416E-069   7.1442728813092416E-069   7.1442728813092416E-069   7.1442728813092416E-069   7.1442728813092416E-069   7.1442728813092416E-069   7.1442728813092416E-069   7.1442728813092416E-069   7.1442728813092416E-069   7.1442728813092416E-069
   5.0035453811910354E-069   5.0035453811910354E-069   5.0035453811910354E-069   5.0035453811910354E-069   5.0035453811910354E-069   5.0035453811910354E-069   5.0035453811910354E-069   5.0035453811910354E-069   5.0035453811910354E-069   5.0035453811910354E-069   5.0035453811910354E-069   5.0035453811910354E-069   5.0035453811910354E-069   5.0035453811910354E-069   5.0035453811910354E-069
   3.5042707351136656E-069   3.5042707351136656E-069   3.5042707351136656E-069   3.5042707351136656E-069   3.5042707351136656E-069   3.5042707351136656E-069   3.5042707351136656E-069   3.5042707351136656E-069   3.5042707351136656E-069   3.5042707351136656E-069   3.5042707351136656E-069   3.5042707351136656E-069   3.5042707351136656E-069   3.5042707351136656E-069   3.5042707351136656E-069
   2.4542424320034812E-069   2.4542424320034812E-069   2.4542424320034812E-069   2.4542424320034812E-069   2.4542424320034812E-069   2.4542424320034812E-069   2.4542424320034812E-069   2.4542424320034812E-069   2.4542424320034812E-069   2.4542424320034812E-069   2.4542424320034812E-069   2.4542424320034812E-069   2.4542424320034812E-069   2.4542424320034812E-069   2.4542424320034812E-069
   1.7188471925674376E-069   1.7188471925674376E-069   1.7188471925674376E-069   1.7188471925674376E-069   1.7188471925674376E-069   1.7188471925674376E-069   1.7188471925674376E-069   1.7188471925674376E-069   1.7188471925674376E-069   1.7188471925674376E-069   1.7188471925674376E-069   1.7188471925674376E-069   1.7188471925674376E-069   1.7188471925674376E-069   1.7188471925674376E-069
   1.2038075916506574E-069   1.2038075916506574E-069   1.2038075916506574E-069   1.2038075916506574E-069   1.2038075916506574E-069   1.2038075916506574E-069   1.2038075916506574E-069   1.2038075916506574E-069   1.2038075916506574E-069   1.2038075916506574E-069   1.2038075916506574E-069   1.2038075916506574E-069   1.2038075916506574E-069   1.2038075916506574E-069   1.2038075916506574E-069
   8.4309572368161763E-070   8.4309572368161763E-070   8.4309572368161763E-070   8.4309572368161763E-070   8.4309572368161763E-070   8.4309572368161763E-070   8.4309572368161763E-070   8.4309572368161763E-070   8.4309572368161763E-070   8.4309572368161763E-070   8.4309572368161763E-070   8.4309572368161763E-070   8.4309572368161763E-070   8.4309572368161763E-070   8.4309572368161763E-070
   5.9046844713411904E-070   5.9046844713411904E-070   5.9046844713411904E-070   5.9046844713411904E-070   5.9046844713411904E-070   5.9046844713411904E-070   5.9046844713411904E-070   5.9046844713411904E-070   5.9046844713411904E-070   5.9046844713411904E-070   5.9046844713411904E-070   5.9046844713411904E-070   5.9046844713411904E-070   5.9046844713411904E-070   5.9046844713411904E-070
   4.1353902916087120E-070   4.1353902916087120E-070   4.1353902916087120E-070   4.1353902916087120E-070   4.1353902916087120E-070   4.1353902916087120E-070   4.1353902916087120E-070   4.1353902916087120E-070   4.1353902916087120E-070   4.1353902916087120E-070   4.1353902916087120E-070   4.1353902916087120E-070   4.1353902916087120E-070   4.1353902916087120E-070   4.1353902916087120E-070
   2.8962517721200382E-070   2.8962517721200382E-070   2.8962517721200382E-070   2.8962517721200382E-070   2.8962517721200382E-070   2.8962517721200382E-070   2.8962517721200382E-070   2.8962517721200382E-070   2.8962517721200382E-070   2.8962517721200382E-070   2.8962517721200382E-070   2.8962517721200382E-070   2.8962517721200382E-070   2.8962517721200382E-070   2.8962517721200382E-070
   2.0284117667271830E-070   2.0284117667271830E-070   2.0284117667271830E-070   2.0284117667271830E-070   2.0284117667271830E-070   2.0284117667271830E-070   2.0284117667271830E-070   2.0284117667271830E-070   2.0284117667271830E-070   2.0284117667271830E-070   2.0284117667271830E-070   2.0284117667271830E-070   2.0284117667271830E-070   2.0284117667271830E-070   2.0284117667271830E-070
   1.4206134753214270E-070   1.4206134753214270E-070   1.4206134753214270E-070   1.4206134753214270E-070   1.4206134753214270E-070   1.4206134753214270E-070   1.4206134753214270E-070   1.4206134753214270E-070   1.4206134753214270E-070   1.4206134753214270E-070   1.4206134753214270E-070   1.4206134753214270E-070   1.4206134753214270E-070   1.4206134753214270E-070   1.4206134753214270E-070
   9.9493735905558686E-071   9.9493735905558686E-071   9.9493735905558686E-071   9.9493735905558686E-071   9.9493735905558686E-071   9.9493735905558686E-071   9.9493735905558686E-071   9.9493735905558686E-071   9.9493735905558686E-071   9.9493735905558686E-071   9.9493735905558686E-071   9.9493735905558686E-071   9.9493735905558686E-071   9.9493735905558686E-071   9.9493735905558686E-071
   6.9681188137437190E-071   6.9681188137437190E-071   6.9681188137437190E-071   6.9681188137437190E-071   6.9681188137437190E-071   6.9681188137437190E-071   6.9681188137437190E-071   6.9681188137437190E-071   6.9681188137437190E-071   6.9681188137437190E-071   6.9681188137437190E-071   6.9681188137437190E-071   6.9681188137437190E-071   6.9681188137437190E-071   6.9681188137437190E-071
   4.8801745517464695E-071   4.8801745517464695E-071   4.8801745517464695E-071   4.8801745517464695E-071   4.8801745517464695E-071   4.8801745517464695E-071   4.8801745517464695E-071   4.8801745517464695E-071   4.8801745517464695E-071   4.8801745517464695E-071   4.8801745517464695E-071   4.8801745517464695E-071   4.8801745517464695E-071   4.8801745517464695E-071   4.8801745517464695E-071
   3.4178670444797358E-071   3.4178670444797358E-071   3.4178670444797358E-071   3.4178670444797358E-071   3.4178670444797358E-071   3.4178670444797358E-071   3.4178670444797358E-071   3.4178670444797358E-071   3.4178670444797358E-071   3.4178670444797358E-071   3.4178670444797358E-071   3.4178670444797358E-071   3.4178670444797358E-071   3.4178670444797358E-071   3.4178670444797358E-071
   2.3937289557727093E-071   2.3937289557727093E-071   2.3937289557727093E-071   2.3937289557727093E-071   2.3937289557727093E-071   2.3937289557727093E-071   2.3937289557727093E-071   2.3937289557727093E-071   2.3937289557727093E-071   2.3937289557727093E-071   2.3937289557727093E-071   2.3937289557727093E-071   2.3937289557727093E-071   2.3937289557727093E-071   2.3937289557727093E-071
   1.6764661232095747E-071   1.6764661232095747E-071   1.6764661232095747E-071   1.6764661232095747E-071   1.6764661232095747E-071   1.6764661232095747E-071   1.6764661232095747E-071   1.6764661232095747E-071   1.6764661232095747E-071   1.6764661232095747E-071   1.6764661232095747E-071   1.6764661232095747E-071   1.6764661232095747E-071   1.6764661232095747E-071   1.6764661232095747E-071
   1.1741256901669909E-071   1.1741256901669909E-071   1.1741256901669909E-071   1.1741256901669909E-071   1.1741256901669909E-071   1.1741256901669909E-071   1.1741256901669909E-071   1.1741256901669909E-071   1.1741256901669909E-071   1.1741256901669909E-071   1.1741256901669909E-071   1.1741256901669909E-071   1.1741256901669909E-071   1.1741256901669909E-071   1.1741256901669909E-071
   8.2230778017205153E-072   8.2230778017205153E-072   8.2230778017205153E-072   8.2230778017205153E-072   8.2230778017205153E-072   8.2230778017205153E-072   8.2230778017205153E-072   8.2230778017205153E-072   8.2230778017205153E-072   8.2230778017205153E-072   8.2230778017205153E-072   8.2230778017205153E-072   8.2230778017205153E-072   8.2230778017205153E-072   8.2230778017205153E-072
   5.7590945415334143E-072   5.7590945415334143E-072   5.7590945415334143E-072   5.7590945415334143E-072   5.7590945415334143E-072   5.7590945415334143E-072   5.7590945415334143E-072   5.7590945415334143E-072   5.7590945415334143E-072   5.7590945415334143E-072   5.7590945415334143E-072   5.7590945415334143E-072   5.7590945415334143E-072   5.7590945415334143E-072   5.7590945415334143E-072
   4.0334252865004395E-072   4.0334252865004395E-072   4.0334252865004395E-072   4.0334252865004395E-072   4.0334252865004395E-072   4.0334252865004395E-072   4.0334252865004395E-072   4.0334252865004395E-072   4.0334252865004395E-072   4.0334252865004395E-072   4.0334252865004395E-072   4.0334252865004395E-072   4.0334252865004395E-072   4.0334252865004395E-072   4.0334252865004395E-072
   2.8248398119627868E-072   2.8248398119627868E-072   2.8248398119627868E-072   2.8248398119627868E-072   2.8248398119627868E-072   2.8248398119627868E-072   2.8248398119627868E-072   2.8248398119627868E-072   2.8248398119627868E-072   2.8248398119627868E-072   2.8248398119627868E-072   2.8248398119627868E-072   2.8248398119627868E-072   2.8248398119627868E-072   2.8248398119627868E-072
   1.9783978619753931E-072   1.9783978619753931E-072   1.9783978619753931E-072   1.9783978619753931E-072   1.9783978619753931E-072   1.9783978619753931E-072   1.9783978619753931E-072   1.9783978619753931E-072   1.9783978619753931E-072   1.9783978619753931E-072   1.9783978619753931E-072   1.9783978619753931E-072   1.9783978619753931E-072   1.9783978619753931E-072   1.9783978619753931E-072
   1.3855858600170311E-072   1.3855858600170311E-072   1.3855858600170311E-072   1.3855858600170311E-072   1.3855858600170311E-072   1.3855858600170311E-072   1.3855858600170311E-072   1.3855858600170311E-072   1.3855858600170311E-072   1.3855858600170311E-072   1.3855858600170311E-072   1.3855858600170311E-072   1.3855858600170311E-072   1.3855858600170311E-072   1.3855858600170311E-072
   9.7040550456428498E-073   9.7040550456428498E-073   9.7040550456428498E-073   9.7040550456428498E-073   9.7040550456428498E-073   9.7040550456428498E-073   9.7040550456428498E-073   9.7040550456428498E-073   9.7040550456428498E-073   9.7040550456428498E-073   9.7040550456428498E-073   9.7040550456428498E-073   9.7040550456428498E-073   9.7040550456428498E-073   9.7040550456428498E-073
   6.7963081210794876E-073   6.7963081210794876E-073   6.7963081210794876E-073   6.7963081210794876E-073   6.7963081210794876E-073   6.7963081210794876E-073   6.7963081210794876E-073   6.7963081210794876E-073   6.7963081210794876E-073   6.7963081210794876E-073   6.7963081210794876E-073   6.7963081210794876E-073   6.7963081210794876E-073   6.7963081210794876E-073   6.7963081210794876E-073
   4.7598456376636366E-073   4.7598456376636366E-073   4.7598456376636366E-073   4.7598456376636366E-073   4.7598456376636366E-073   4.7598456376636366E-073   4.7598456376636366E-073   4.7598456376636366E-073   4.7598456376636366E-073   4.7598456376636366E-073   4.7598456376636366E-073   4.7598456376636366E-073   4.7598456376636366E-073   4.7598456376636366E-073   4.7598456376636366E-073
   3.3335937822058260E-073   3.3335937822058260E-073   3.3335937822058260E-073   3.3335937822058260E-073   3.3335937822058260E-073   3.3335937822058260E-073   3.3335937822058260E-073   3.3335937822058260E-073   3.3335937822058260E-073   3.3335937822058260E-073   3.3335937822058260E-073   3.3335937822058260E-073   3.3335937822058260E-073   3.3335937822058260E-073   3.3335937822058260E-073
   2.3347075411075939E-073   2.3347075411075939E-073   2.3347075411075939E-073   2.3347075411075939E-073   2.3347075411075939E-073   2.3347075411075939E-073   2.3347075411075939E-073   2.3347075411075939E-073   2.3347075411075939E-073   2.3347075411075939E-073   2.3347075411075939E-073   2.3347075411075939E-073   2.3347075411075939E-073   2.3347075411075939E-073   2.3347075411075939E-073
   1.6351300304195574E-073   1.6351300304195574E-073   1.6351300304195574E-073   1.6351300304195574E-073   1.6351300304195574E-073   1.6351300304195574E-073   1.6351300304195574E-073   1.6351300304195574E-073   1.6351300304195574E-073   1.6351300304195574E-073   1.6351300304195574E-073   1.6351300304195574E-073   1.6351300304195574E-073   1.6351300304195574E-073   1.6351300304195574E-073
   1.1451756459018753E-073   1.1451756459018753E-073   1.1451756459018753E-073   1.1451756459018753E-073   1.1451756459018753E-073   1.1451756459018753E-073   1.1451756459018753E-073   1.1451756459018753E-073   1.1451756459018753E-073   1.1451756459018753E-073   1.1451756459018753E-073   1.1451756459018753E-073   1.1451756459018753E-073   1.1451756459018753E-073   1.1451756459018753E-073
   8.0203239838379940E-074   8.0203239838379940E-074   8.0203239838379940E-074   8.0203239838379940E-074   8.0203239838379940E-074   8.0203239838379940E-074   8.0203239838379940E-074   8.0203239838379940E-074   8.0203239838379940E-074   8.0203239838379940E-074   8.0203239838379940E-074   8.0203239838379940E-074   8.0203239838379940E-074   8.0203239838379940E-074   8.0203239838379940E-074
   5.6170943763886845E-074   5.6170943763886845E-074   5.6170943763886845E-074   5.6170943763886845E-074   5.6170943763886845E-074   5.6170943763886845E-074   5.6170943763886845E-074   5.6170943763886845E-074   5.6170943763886845E-074   5.6170943763886845E-074   5.6170943763886845E-074   5.6170943763886845E-074   5.6170943763886845E-074   5.6170943763886845E-074   5.6170943763886845E-074
   3.9339744001412293E-074   3.9339744001412293E-074   3.9339744001412293E-074   3.9339744001412293E-074   3.9339744001412293E-074   3.9339744001412293E-074   3.9339744001412293E-074   3.9339744001412293E-074   3.9339744001412293E-074   3.9339744001412293E-074   3.9339744001412293E-074   3.9339744001412293E-074   3.9339744001412293E-074   3.9339744001412293E-074   3.9339744001412293E-074
   2.7551886338282260E-074   2.7551886338282260E-074   2.7551886338282260E-074   2.7551886338282260E-074   2.7551886338282260E-074   2.7551886338282260E-074   2.7551886338282260E-074   2.7551886338282260E-074   2.7551886338282260E-074   2.7551886338282260E-074   2.7551886338282260E-074   2.7551886338282260E-074   2.7551886338282260E-074   2.7551886338282260E-074   2.7551886338282260E-074
   1.9296171341897229E-074   1.9296171341897229E-074   1.9296171341897229E-074   1.9296171341897229E-074   1.9296171341897229E-074   1.9296171341897229E-074   1.9296171341897229E-074   1.9296171341897229E-074   1.9296171341897229E-074   1.9296171341897229E-074   1.9296171341897229E-074   1.9296171341897229E-074   1.9296171341897229E-074   1.9296171341897229E-074   1.9296171341897229E-074
   1.3514219094991731E-074   1.3514219094991731E-074   1.3514219094991731E-074   1.3514219094991731E-074   1.3514219094991731E-074   1.3514219094991731E-074   1.3514219094991731E-074   1.3514219094991731E-074   1.3514219094991731E-074   1.3514219094991731E-074   1.3514219094991731E-074   1.3514219094991731E-074   1.3514219094991731E-074   1.3514219094991731E-074   1.3514219094991731E-074
   9.4647852421838116E-075   9.4647852421838116E-075   9.4647852421838116E-075   9.4647852421838116E-075   9.4647852421838116E-075   9.4647852421838116E-075   9.4647852421838116E-075   9.4647852421838116E-075   9.4647852421838116E-075   9.4647852421838116E-075   9.4647852421838116E-075   9.4647852421838116E-075   9.4647852421838116E-075   9.4647852421838116E-075   9.4647852421838116E-075
   6.6287337101008759E-075   6.6287337101008759E-075   6.6287337101008759E-075   6.6287337101008759E-075   6.6287337101008759E-075   6.6287337101008759E-075   6.6287337101008759E-075   6.6287337101008759E-075   6.6287337101008759E-075   6.6287337101008759E-075   6.6287337101008759E-075   6.6287337101008759E-075   6.6287337101008759E-075   6.6287337101008759E-075   6.6287337101008759E-075
   4.6424836354014632E-075   4.6424836354014632E-075   4.6424836354014632E-075   4.6424836354014632E-075   4.6424836354014632E-075   4.6424836354014632E-075   4.6424836354014632E-075   4.6424836354014632E-075   4.6424836354014632E-075   4.6424836354014632E-075   4.6424836354014632E-075   4.6424836354014632E-075   4.6424836354014632E-075   4.6424836354014632E-075   4.6424836354014632E-075
   3.2513984189964485E-075   3.2513984189964485E-075   3.2513984189964485E-075   3.2513984189964485E-075   3.2513984189964485E-075   3.2513984189964485E-075   3.2513984189964485E-075   3.2513984189964485E-075   3.2513984189964485E-075   3.2513984189964485E-075   3.2513984189964485E-075   3.2513984189964485E-075   3.2513984189964485E-075   3.2513984189964485E-075   3.2513984189964485E-075
   2.2771413987199571E-075   2.2771413987199571E-075   2.2771413987199571E-075   2.2771413987199571E-075   2.2771413987199571E-075   2.2771413987199571E-075   2.2771413987199571E-075   2.2771413987199571E-075   2.2771413987199571E-075   2.2771413987199571E-075   2.2771413987199571E-075   2.2771413987199571E-075   2.2771413987199571E-075   2.2771413987199571E-075   2.2771413987199571E-075
   1.5948131485420215E-075   1.5948131485420215E-075   1.5948131485420215E-075   1.5948131485420215E-075   1.5948131485420215E-075   1.5948131485420215E-075   1.5948131485420215E-075   1.5948131485420215E-075   1.5948131485420215E-075   1.5948131485420215E-075   1.5948131485420215E-075   1.5948131485420215E-075   1.5948131485420215E-075   1.5948131485420215E-075   1.5948131485420215E-075
   1.1169394136842990E-075   1.1169394136842990E-075   1.1169394136842990E-075   1.1169394136842990E-075   1.1169394136842990E-075   1.1169394136842990E-075   1.1169394136842990E-075   1.1169394136842990E-075   1.1169394136842990E-075   1.1169394136842990E-075   1.1169394136842990E-075   1.1169394136842990E-075   1.1169394136842990E-075   1.1169394136842990E-075   1.1169394136842990E-075
   7.8225694024528187E-076   7.8225694024528187E-076   7.8225694024528187E-076   7.8225694024528187E-076   7.8225694024528187E-076   7.8225694024528187E-076   7.8225694024528187E-076   7.8225694024528187E-076   7.8225694024528187E-076   7.8225694024528187E-076   7.8225694024528187E-076   7.8225694024528187E-076   7.8225694024528187E-076   7.8225694024528187E-076   7.8225694024528187E-076
   5.4785954642197946E-076   5.4785954642197946E-076   5.4785954642197946E-076   5.4785954642197946E-076   5.4785954642197946E-076   5.4785954642197946E-076   5.4785954642197946E-076   5.4785954642197946E-076   5.4785954642197946E-076   5.4785954642197946E-076   5.4785954642197946E-076   5.4785954642197946E-076   5.4785954642197946E-076   5.4785954642197946E-076   5.4785954642197946E-076
   3.8369756427035589E-076   3.8369756427035589E-076   3.8369756427035589E-076   3.8369756427035589E-076   3.8369756427035589E-076   3.8369756427035589E-076   3.8369756427035589E-076   3.8369756427035589E-076   3.8369756427035589E-076   3.8369756427035589E-076   3.8369756427035589E-076   3.8369756427035589E-076   3.8369756427035589E-076   3.8369756427035589E-076   3.8369756427035589E-076
   2.6872548226732438E-076   2.6872548226732438E-076   2.6872548226732438E-076   2.6872548226732438E-076   2.6872548226732438E-076   2.6872548226732438E-076   2.6872548226732438E-076   2.6872548226732438E-076   2.6872548226732438E-076   2.6872548226732438E-076   2.6872548226732438E-076   2.6872548226732438E-076   2.6872548226732438E-076   2.6872548226732438E-076   2.6872548226732438E-076
   1.8820391773173768E-076   1.8820391773173768E-076   1.8820391773173768E-076   1.8820391773173768E-076   1.8820391773173768E-076   1.8820391773173768E-076   1.8820391773173768E-076   1.8820391773173768E-076   1.8820391773173768E-076   1.8820391773173768E-076   1.8820391773173768E-076   1.8820391773173768E-076   1.8820391773173768E-076   1.8820391773173768E-076   1.8820391773173768E-076
   1.3181003286595147E-076   1.3181003286595147E-076   1.3181003286595147E-076   1.3181003286595147E-076   1.3181003286595147E-076   1.3181003286595147E-076   1.3181003286595147E-076   1.3181003286595147E-076   1.3181003286595147E-076   1.3181003286595147E-076   1.3181003286595147E-076   1.3181003286595147E-076   1.3181003286595147E-076   1.3181003286595147E-076   1.3181003286595147E-076
   9.2314150382818313E-077   9.2314150382818313E-077   9.2314150382818313E-077   9.2314150382818313E-077   9.2314150382818313E-077   9.2314150382818313E-077   9.2314150382818313E-077   9.2314150382818313E-077   9.2314150382818313E-077   9.2314150382818313E-077   9.2314150382818313E-077   9.2314150382818313E-077   9.2314150382818313E-077   9.2314150382818313E-077   9.2314150382818313E-077
   6.4652911281557913E-077   6.4652911281557913E-077   6.4652911281557913E-077   6.4652911281557913E-077   6.4652911281557913E-077   6.4652911281557913E-077   6.4652911281557913E-077   6.4652911281557913E-077   6.4652911281557913E-077   6.4652911281557913E-077   6.4652911281557913E-077   6.4652911281557913E-077   6.4652911281557913E-077   6.4652911281557913E-077   6.4652911281557913E-077
   4.5280153907574567E-077   4.5280153907574567E-077   4.5280153907574567E-077   4.5280153907574567E-077   4.5280153907574567E-077   4.5280153907574567E-077   4.5280153907574567E-077   4.5280153907574567E-077   4.5280153907574567E-077   4.5280153907574567E-077   4.5280153907574567E-077   4.5280153907574567E-077   4.5280153907574567E-077   4.5280153907574567E-077   4.5280153907574567E-077
   3.1712297207542539E-077   3.1712297207542539E-077   3.1712297207542539E-077   3.1712297207542539E-077   3.1712297207542539E-077   3.1712297207542539E-077   3.1712297207542539E-077   3.1712297207542539E-077   3.1712297207542539E-077   3.1712297207542539E-077   3.1712297207542539E-077   3.1712297207542539E-077   3.1712297207542539E-077   3.1712297207542539E-077   3.1712297207542539E-077
   2.2209946464233960E-077   2.2209946464233960E-077   2.2209946464233960E-077   2.2209946464233960E-077   2.2209946464233960E-077   2.2209946464233960E-077   2.2209946464233960E-077   2.2209946464233960E-077   2.2209946464233960E-077   2.2209946464233960E-077   2.2209946464233960E-077   2.2209946464233960E-077   2.2209946464233960E-077   2.2209946464233960E-077   2.2209946464233960E-077
   1.5554903472171601E-077   1.5554903472171601E-077   1.5554903472171601E-077   1.5554903472171601E-077   1.5554903472171601E-077   1.5554903472171601E-077   1.5554903472171601E-077   1.5554903472171601E-077   1.5554903472171601E-077   1.5554903472171601E-077   1.5554903472171601E-077   1.5554903472171601E-077   1.5554903472171601E-077   1.5554903472171601E-077   1.5554903472171601E-077
   1.0893993932772902E-077   1.0893993932772902E-077   1.0893993932772902E-077   1.0893993932772902E-077   1.0893993932772902E-077   1.0893993932772902E-077   1.0893993932772902E-077   1.0893993932772902E-077   1.0893993932772902E-077   1.0893993932772902E-077   1.0893993932772902E-077   1.0893993932772902E-077   1.0893993932772902E-077   1.0893993932772902E-077   1.0893993932772902E-077
   7.6296907929782359E-078   7.6296907929782359E-078   7.6296907929782359E-078   7.6296907929782359E-078   7.6296907929782359E-078   7.6296907929782359E-078   7.6296907929782359E-078   7.6296907929782359E-078   7.6296907929782359E-078   7.6296907929782359E-078   7.6296907929782359E-078   7.6296907929782359E-078   7.6296907929782359E-078   7.6296907929782359E-078   7.6296907929782359E-078
   5.3435114757439402E-078   5.3435114757439402E-078   5.3435114757439402E-078   5.3435114757439402E-078   5.3435114757439402E-078   5.3435114757439402E-078   5.3435114757439402E-078   5.3435114757439402E-078   5.3435114757439402E-078   5.3435114757439402E-078   5.3435114757439402E-078   5.3435114757439402E-078   5.3435114757439402E-078   5.3435114757439402E-078   5.3435114757439402E-078
   3.7423685528232933E-078   3.7423685528232933E-078   3.7423685528232933E-078   3.7423685528232933E-078   3.7423685528232933E-078   3.7423685528232933E-078   3.7423685528232933E-078   3.7423685528232933E-078   3.7423685528232933E-078   3.7423685528232933E-078   3.7423685528232933E-078   3.7423685528232933E-078   3.7423685528232933E-078   3.7423685528232933E-078   3.7423685528232933E-078
   2.6209960339255817E-078   2.6209960339255817E-078   2.6209960339255817E-078   2.6209960339255817E-078   2.6209960339255817E-078   2.6209960339255817E-078   2.6209960339255817E-078   2.6209960339255817E-078   2.6209960339255817E-078   2.6209960339255817E-078   2.6209960339255817E-078   2.6209960339255817E-078   2.6209960339255817E-078   2.6209960339255817E-078   2.6209960339255817E-078
   1.8356343350178837E-078   1.8356343350178837E-078   1.8356343350178837E-078   1.8356343350178837E-078   1.8356343350178837E-078   1.8356343350178837E-078   1.8356343350178837E-078   1.8356343350178837E-078   1.8356343350178837E-078   1.8356343350178837E-078   1.8356343350178837E-078   1.8356343350178837E-078   1.8356343350178837E-078   1.8356343350178837E-078   1.8356343350178837E-078
   1.2856003474563906E-078   1.2856003474563906E-078   1.2856003474563906E-078   1.2856003474563906E-078   1.2856003474563906E-078   1.2856003474563906E-078   1.2856003474563906E-078   1.2856003474563906E-078   1.2856003474563906E-078   1.2856003474563906E-078   1.2856003474563906E-078   1.2856003474563906E-078   1.2856003474563906E-078   1.2856003474563906E-078   1.2856003474563906E-078
   9.0037989693840051E-079   9.0037989693840051E-079   9.0037989693840051E-079   9.0037989693840051E-079   9.0037989693840051E-079   9.0037989693840051E-079   9.0037989693840051E-079   9.0037989693840051E-079   9.0037989693840051E-079   9.0037989693840051E-079   9.0037989693840051E-079   9.0037989693840051E-079   9.0037989693840051E-079   9.0037989693840051E-079   9.0037989693840051E-079
   6.3058784980478088E-079   6.3058784980478088E-079   6.3058784980478088E-079   6.3058784980478088E-079   6.3058784980478088E-079   6.3058784980478088E-079   6.3058784980478088E-079   6.3058784980478088E-079   6.3058784980478088E-079   6.3058784980478088E-079   6.3058784980478088E-079   6.3058784980478088E-079   6.3058784980478088E-079   6.3058784980478088E-079   6.3058784980478088E-079
   4.4163695532689389E-079   4.4163695532689389E-079   4.4163695532689389E-079   4.4163695532689389E-079   4.4163695532689389E-079   4.4163695532689389E-079   4.4163695532689389E-079   4.4163695532689389E-079   4.4163695532689389E-079   4.4163695532689389E-079   4.4163695532689389E-079   4.4163695532689389E-079   4.4163695532689389E-079   4.4163695532689389E-079   4.4163695532689389E-079
   3.0930377166447260E-079   3.0930377166447260E-079   3.0930377166447260E-079   3.0930377166447260E-079   3.0930377166447260E-079   3.0930377166447260E-079   3.0930377166447260E-079   3.0930377166447260E-079   3.0930377166447260E-079   3.0930377166447260E-079   3.0930377166447260E-079   3.0930377166447260E-079   3.0930377166447260E-079   3.0930377166447260E-079   3.0930377166447260E-079
   2.1662322867671986E-079   2.1662322867671986E-079   2.1662322867671986E-079   2.1662322867671986E-079   2.1662322867671986E-079   2.1662322867671986E-079   2.1662322867671986E-079   2.1662322867671986E-079   2.1662322867671986E-079   2.1662322867671986E-079   2.1662322867671986E-079   2.1662322867671986E-079   2.1662322867671986E-079   2.1662322867671986E-079   2.1662322867671986E-079
   1.5171371157164764E-079   1.5171371157164764E-079   1.5171371157164764E-079   1.5171371157164764E-079   1.5171371157164764E-079   1.5171371157164764E-079   1.5171371157164764E-079   1.5171371157164764E-079   1.5171371157164764E-079   1.5171371157164764E-079   1.5171371157164764E-079   1.5171371157164764E-079   1.5171371157164764E-079   1.5171371157164764E-079   1.5171371157164764E-079
   1.0625384184073295E-079   1.0625384184073295E-079   1.0625384184073295E-079   1.0625384184073295E-079   1.0625384184073295E-079   1.0625384184073295E-079   1.0625384184073295E-079   1.0625384184073295E-079   1.0625384184073295E-079   1.0625384184073295E-079   1.0625384184073295E-079   1.0625384184073295E-079   1.0625384184073295E-079   1.0625384184073295E-079   1.0625384184073295E-079
   7.4415679301232955E-080   7.4415679301232955E-080   7.4415679301232955E-080   7.4415679301232955E-080   7.4415679301232955E-080   7.4415679301232955E-080   7.4415679301232955E-080   7.4415679301232955E-080   7.4415679301232955E-080   7.4415679301232955E-080   7.4415679301232955E-080   7.4415679301232955E-080   7.4415679301232955E-080   7.4415679301232955E-080   7.4415679301232955E-080
   5.2117582102721155E-080   5.2117582102721155E-080   5.2117582102721155E-080   5.2117582102721155E-080   5.2117582102721155E-080   5.2117582102721155E-080   5.2117582102721155E-080   5.2117582102721155E-080   5.2117582102721155E-080   5.2117582102721155E-080   5.2117582102721155E-080   5.2117582102721155E-080   5.2117582102721155E-080   5.2117582102721155E-080   5.2117582102721155E-080
   3.6500941599129859E-080   3.6500941599129859E-080   3.6500941599129859E-080   3.6500941599129859E-080   3.6500941599129859E-080   3.6500941599129859E-080   3.6500941599129859E-080   3.6500941599129859E-080   3.6500941599129859E-080   3.6500941599129859E-080   3.6500941599129859E-080   3.6500941599129859E-080   3.6500941599129859E-080   3.6500941599129859E-080   3.6500941599129859E-080
   2.5563709670896763E-080   2.5563709670896763E-080   2.5563709670896763E-080   2.5563709670896763E-080   2.5563709670896763E-080   2.5563709670896763E-080   2.5563709670896763E-080   2.5563709670896763E-080   2.5563709670896763E-080   2.5563709670896763E-080   2.5563709670896763E-080   2.5563709670896763E-080   2.5563709670896763E-080   2.5563709670896763E-080   2.5563709670896763E-080
   1.7903736821777762E-080   1.7903736821777762E-080   1.7903736821777762E-080   1.7903736821777762E-080   1.7903736821777762E-080   1.7903736821777762E-080   1.7903736821777762E-080   1.7903736821777762E-080   1.7903736821777762E-080   1.7903736821777762E-080   1.7903736821777762E-080   1.7903736821777762E-080   1.7903736821777762E-080   1.7903736821777762E-080   1.7903736821777762E-080
   1.2539017079684921E-080   1.2539017079684921E-080   1.2539017079684921E-080   1.2539017079684921E-080   1.2539017079684921E-080   1.2539017079684921E-080   1.2539017079684921E-080   1.2539017079684921E-080   1.2539017079684921E-080   1.2539017079684921E-080   1.2539017079684921E-080   1.2539017079684921E-080   1.2539017079684921E-080   1.2539017079684921E-080   1.2539017079684921E-080
   8.7817951576110013E-081   8.7817951576110013E-081   8.7817951576110013E-081   8.7817951576110013E-081   8.7817951576110013E-081   8.7817951576110013E-081   8.7817951576110013E-081   8.7817951576110013E-081   8.7817951576110013E-081   8.7817951576110013E-081   8.7817951576110013E-081   8.7817951576110013E-081   8.7817951576110013E-081   8.7817951576110013E-081   8.7817951576110013E-081
   6.1503964545343647E-081   6.1503964545343647E-081   6.1503964545343647E-081   6.1503964545343647E-081   6.1503964545343647E-081   6.1503964545343647E-081   6.1503964545343647E-081   6.1503964545343647E-081   6.1503964545343647E-081   6.1503964545343647E-081   6.1503964545343647E-081   6.1503964545343647E-081   6.1503964545343647E-081   6.1503964545343647E-081   6.1503964545343647E-081
   4.3074765317390409E-081   4.3074765317390409E-081   4.3074765317390409E-081   4.3074765317390409E-081   4.3074765317390409E-081   4.3074765317390409E-081   4.3074765317390409E-081   4.3074765317390409E-081   4.3074765317390409E-081   4.3074765317390409E-081   4.3074765317390409E-081   4.3074765317390409E-081   4.3074765317390409E-081   4.3074765317390409E-081   4.3074765317390409E-081
   3.0167736679484287E-081   3.0167736679484287E-081   3.0167736679484287E-081   3.0167736679484287E-081   3.0167736679484287E-081   3.0167736679484287E-081   3.0167736679484287E-081   3.0167736679484287E-081   3.0167736679484287E-081   3.0167736679484287E-081   3.0167736679484287E-081   3.0167736679484287E-081   3.0167736679484287E-081   3.0167736679484287E-081   3.0167736679484287E-081
   2.1128201852217008E-081   2.1128201852217008E-081   2.1128201852217008E-081   2.1128201852217008E-081   2.1128201852217008E-081   2.1128201852217008E-081   2.1128201852217008E-081   2.1128201852217008E-081   2.1128201852217008E-081   2.1128201852217008E-081   2.1128201852217008E-081   2.1128201852217008E-081   2.1128201852217008E-081   2.1128201852217008E-081   2.1128201852217008E-081
   1.4797295476647505E-081   1.4797295476647505E-081   1.4797295476647505E-081   1.4797295476647505E-081   1.4797295476647505E-081   1.4797295476647505E-081   1.4797295476647505E-081   1.4797295476647505E-081   1.4797295476647505E-081   1.4797295476647505E-081   1.4797295476647505E-081   1.4797295476647505E-081   1.4797295476647505E-081   1.4797295476647505E-081   1.4797295476647505E-081
   1.0363397460642733E-081   1.0363397460642733E-081   1.0363397460642733E-081   1.0363397460642733E-081   1.0363397460642733E-081   1.0363397460642733E-081   1.0363397460642733E-081   1.0363397460642733E-081   1.0363397460642733E-081   1.0363397460642733E-081   1.0363397460642733E-081   1.0363397460642733E-081   1.0363397460642733E-081   1.0363397460642733E-081   1.0363397460642733E-081
   7.2580835529540247E-082   7.2580835529540247E-082   7.2580835529540247E-082   7.2580835529540247E-082   7.2580835529540247E-082   7.2580835529540247E-082   7.2580835529540247E-082   7.2580835529540247E-082   7.2580835529540247E-082   7.2580835529540247E-082   7.2580835529540247E-082   7.2580835529540247E-082   7.2580835529540247E-082   7.2580835529540247E-082   7.2580835529540247E-082
   5.0832535432250531E-082   5.0832535432250531E-082   5.0832535432250531E-082   5.0832535432250531E-082   5.0832535432250531E-082   5.0832535432250531E-082   5.0832535432250531E-082   5.0832535432250531E-082   5.0832535432250531E-082   5.0832535432250531E-082   5.0832535432250531E-082   5.0832535432250531E-082   5.0832535432250531E-082   5.0832535432250531E-082   5.0832535432250531E-082
   3.5600949474043250E-082   3.5600949474043250E-082   3.5600949474043250E-082   3.5600949474043250E-082   3.5600949474043250E-082   3.5600949474043250E-082   3.5600949474043250E-082   3.5600949474043250E-082   3.5600949474043250E-082   3.5600949474043250E-082   3.5600949474043250E-082   3.5600949474043250E-082   3.5600949474043250E-082   3.5600949474043250E-082   3.5600949474043250E-082
   2.4933393400032195E-082   2.4933393400032195E-082   2.4933393400032195E-082   2.4933393400032195E-082   2.4933393400032195E-082   2.4933393400032195E-082   2.4933393400032195E-082   2.4933393400032195E-082   2.4933393400032195E-082   2.4933393400032195E-082   2.4933393400032195E-082   2.4933393400032195E-082   2.4933393400032195E-082   2.4933393400032195E-082   2.4933393400032195E-082
   1.7462290068809372E-082   1.7462290068809372E-082   1.7462290068809372E-082   1.7462290068809372E-082   1.7462290068809372E-082   1.7462290068809372E-082   1.7462290068809372E-082   1.7462290068809372E-082   1.7462290068809372E-082   1.7462290068809372E-082   1.7462290068809372E-082   1.7462290068809372E-082   1.7462290068809372E-082   1.7462290068809372E-082   1.7462290068809372E-082
   1.2229846517676377E-082   1.2229846517676377E-082   1.2229846517676377E-082   1.2229846517676377E-082   1.2229846517676377E-082   1.2229846517676377E-082   1.2229846517676377E-082   1.2229846517676377E-082   1.2229846517676377E-082   1.2229846517676377E-082   1.2229846517676377E-082   1.2229846517676377E-082   1.2229846517676377E-082   1.2229846517676377E-082   1.2229846517676377E-082
   8.5652652233212488E-083   8.5652652233212488E-083   8.5652652233212488E-083   8.5652652233212488E-083   8.5652652233212488E-083   8.5652652233212488E-083   8.5652652233212488E-083   8.5652652233212488E-083   8.5652652233212488E-083   8.5652652233212488E-083   8.5652652233212488E-083   8.5652652233212488E-083   8.5652652233212488E-083   8.5652652233212488E-083   8.5652652233212488E-083
   5.9987480823901017E-083   5.9987480823901017E-083   5.9987480823901017E-083   5.9987480823901017E-083   5.9987480823901017E-083   5.9987480823901017E-083   5.9987480823901017E-083   5.9987480823901017E-083   5.9987480823901017E-083   5.9987480823901017E-083   5.9987480823901017E-083   5.9987480823901017E-083   5.9987480823901017E-083   5.9987480823901017E-083   5.9987480823901017E-083
   4.2012684508589485E-083   4.2012684508589485E-083   4.2012684508589485E-083   4.2012684508589485E-083   4.2012684508589485E-083   4.2012684508589485E-083   4.2012684508589485E-083   4.2012684508589485E-083   4.2012684508589485E-083   4.2012684508589485E-083   4.2012684508589485E-083   4.2012684508589485E-083   4.2012684508589485E-083   4.2012684508589485E-083   4.2012684508589485E-083
   2.9423900376810175E-083   2.9423900376810175E-083   2.9423900376810175E-083   2.9423900376810175E-083   2.9423900376810175E-083   2.9423900376810175E-083   2.9423900376810175E-083   2.9423900376810175E-083   2.9423900376810175E-083   2.9423900376810175E-083   2.9423900376810175E-083   2.9423900376810175E-083   2.9423900376810175E-083   2.9423900376810175E-083   2.9423900376810175E-083
   2.0607250489014664E-083   2.0607250489014664E-083   2.0607250489014664E-083   2.0607250489014664E-083   2.0607250489014664E-083   2.0607250489014664E-083   2.0607250489014664E-083   2.0607250489014664E-083   2.0607250489014664E-083   2.0607250489014664E-083   2.0607250489014664E-083   2.0607250489014664E-083   2.0607250489014664E-083   2.0607250489014664E-083   2.0607250489014664E-083
   1.4432443261386294E-083   1.4432443261386294E-083   1.4432443261386294E-083   1.4432443261386294E-083   1.4432443261386294E-083   1.4432443261386294E-083   1.4432443261386294E-083   1.4432443261386294E-083   1.4432443261386294E-083   1.4432443261386294E-083   1.4432443261386294E-083   1.4432443261386294E-083   1.4432443261386294E-083   1.4432443261386294E-083   1.4432443261386294E-083
   1.0107870460650385E-083   1.0107870460650385E-083   1.0107870460650385E-083   1.0107870460650385E-083   1.0107870460650385E-083   1.0107870460650385E-083   1.0107870460650385E-083   1.0107870460650385E-083   1.0107870460650385E-083   1.0107870460650385E-083   1.0107870460650385E-083   1.0107870460650385E-083   1.0107870460650385E-083   1.0107870460650385E-083   1.0107870460650385E-083
   7.0791232918018739E-084   7.0791232918018739E-084   7.0791232918018739E-084   7.0791232918018739E-084   7.0791232918018739E-084   7.0791232918018739E-084   7.0791232918018739E-084   7.0791232918018739E-084   7.0791232918018739E-084   7.0791232918018739E-084   7.0791232918018739E-084   7.0791232918018739E-084   7.0791232918018739E-084   7.0791232918018739E-084   7.0791232918018739E-084
   4.9579173749430153E-084   4.9579173749430153E-084   4.9579173749430153E-084   4.9579173749430153E-084   4.9579173749430153E-084   4.9579173749430153E-084   4.9579173749430153E-084   4.9579173749430153E-084   4.9579173749430153E-084   4.9579173749430153E-084   4.9579173749430153E-084   4.9579173749430153E-084   4.9579173749430153E-084   4.9579173749430153E-084   4.9579173749430153E-084
   3.4723148168966509E-084   3.4723148168966509E-084   3.4723148168966509E-084   3.4723148168966509E-084   3.4723148168966509E-084   3.4723148168966509E-084   3.4723148168966509E-084   3.4723148168966509E-084   3.4723148168966509E-084   3.4723148168966509E-084   3.4723148168966509E-084   3.4723148168966509E-084   3.4723148168966509E-084   3.4723148168966509E-084   3.4723148168966509E-084
   2.4318618637283382E-084   2.4318618637283382E-084   2.4318618637283382E-084   2.4318618637283382E-084   2.4318618637283382E-084   2.4318618637283382E-084   2.4318618637283382E-084   2.4318618637283382E-084   2.4318618637283382E-084   2.4318618637283382E-084   2.4318618637283382E-084   2.4318618637283382E-084   2.4318618637283382E-084   2.4318618637283382E-084   2.4318618637283382E-084
   1.7031727928234931E-084   1.7031727928234931E-084   1.7031727928234931E-084   1.7031727928234931E-084   1.7031727928234931E-084   1.7031727928234931E-084   1.7031727928234931E-084   1.7031727928234931E-084   1.7031727928234931E-084   1.7031727928234931E-084   1.7031727928234931E-084   1.7031727928234931E-084   1.7031727928234931E-084   1.7031727928234931E-084   1.7031727928234931E-084
   1.1928299076029328E-084   1.1928299076029328E-084   1.1928299076029328E-084   1.1928299076029328E-084   1.1928299076029328E-084   1.1928299076029328E-084   1.1928299076029328E-084   1.1928299076029328E-084   1.1928299076029328E-084   1.1928299076029328E-084   1.1928299076029328E-084   1.1928299076029328E-084   1.1928299076029328E-084   1.1928299076029328E-084   1.1928299076029328E-084
   8.3540741988559860E-085   8.3540741988559860E-085   8.3540741988559860E-085   8.3540741988559860E-085   8.3540741988559860E-085   8.3540741988559860E-085   8.3540741988559860E-085   8.3540741988559860E-085   8.3540741988559860E-085   8.3540741988559860E-085   8.3540741988559860E-085   8.3540741988559860E-085   8.3540741988559860E-085   8.3540741988559860E-085   8.3540741988559860E-085
   5.8508388559974839E-085   5.8508388559974839E-085   5.8508388559974839E-085   5.8508388559974839E-085   5.8508388559974839E-085   5.8508388559974839E-085   5.8508388559974839E-085   5.8508388559974839E-085   5.8508388559974839E-085   5.8508388559974839E-085   5.8508388559974839E-085   5.8508388559974839E-085   5.8508388559974839E-085   5.8508388559974839E-085   5.8508388559974839E-085
   4.0976791088996787E-085   4.0976791088996787E-085   4.0976791088996787E-085   4.0976791088996787E-085   4.0976791088996787E-085   4.0976791088996787E-085   4.0976791088996787E-085   4.0976791088996787E-085   4.0976791088996787E-085   4.0976791088996787E-085   4.0976791088996787E-085   4.0976791088996787E-085   4.0976791088996787E-085   4.0976791088996787E-085   4.0976791088996787E-085
   2.8698404609624520E-085   2.8698404609624520E-085   2.8698404609624520E-085   2.8698404609624520E-085   2.8698404609624520E-085   2.8698404609624520E-085   2.8698404609624520E-085   2.8698404609624520E-085   2.8698404609624520E-085   2.8698404609624520E-085   2.8698404609624520E-085   2.8698404609624520E-085   2.8698404609624520E-085   2.8698404609624520E-085   2.8698404609624520E-085
   2.0099144058131827E-085   2.0099144058131827E-085   2.0099144058131827E-085   2.0099144058131827E-085   2.0099144058131827E-085   2.0099144058131827E-085   2.0099144058131827E-085   2.0099144058131827E-085   2.0099144058131827E-085   2.0099144058131827E-085   2.0099144058131827E-085   2.0099144058131827E-085   2.0099144058131827E-085   2.0099144058131827E-085   2.0099144058131827E-085
   1.4076587091327559E-085   1.4076587091327559E-085   1.4076587091327559E-085   1.4076587091327559E-085   1.4076587091327559E-085   1.4076587091327559E-085   1.4076587091327559E-085   1.4076587091327559E-085   1.4076587091327559E-085   1.4076587091327559E-085   1.4076587091327559E-085   1.4076587091327559E-085   1.4076587091327559E-085   1.4076587091327559E-085   1.4076587091327559E-085
   9.8586439087469951E-086   9.8586439087469951E-086   9.8586439087469951E-086   9.8586439087469951E-086   9.8586439087469951E-086   9.8586439087469951E-086   9.8586439087469951E-086   9.8586439087469951E-086   9.8586439087469951E-086   9.8586439087469951E-086   9.8586439087469951E-086   9.8586439087469951E-086   9.8586439087469951E-086   9.8586439087469951E-086   9.8586439087469951E-086
   6.9045755969750298E-086   6.9045755969750298E-086   6.9045755969750298E-086   6.9045755969750298E-086   6.9045755969750298E-086   6.9045755969750298E-086   6.9045755969750298E-086   6.9045755969750298E-086   6.9045755969750298E-086   6.9045755969750298E-086   6.9045755969750298E-086   6.9045755969750298E-086   6.9045755969750298E-086   6.9045755969750298E-086   6.9045755969750298E-086
   4.8356715807582372E-086   4.8356715807582372E-086   4.8356715807582372E-086   4.8356715807582372E-086   4.8356715807582372E-086   4.8356715807582372E-086   4.8356715807582372E-086   4.8356715807582372E-086   4.8356715807582372E-086   4.8356715807582372E-086   4.8356715807582372E-086   4.8356715807582372E-086   4.8356715807582372E-086   4.8356715807582372E-086   4.8356715807582372E-086
   3.3866990531898219E-086   3.3866990531898219E-086   3.3866990531898219E-086   3.3866990531898219E-086   3.3866990531898219E-086   3.3866990531898219E-086   3.3866990531898219E-086   3.3866990531898219E-086   3.3866990531898219E-086   3.3866990531898219E-086   3.3866990531898219E-086   3.3866990531898219E-086   3.3866990531898219E-086   3.3866990531898219E-086   3.3866990531898219E-086
   2.3719002180620315E-086   2.3719002180620315E-086   2.3719002180620315E-086   2.3719002180620315E-086   2.3719002180620315E-086   2.3719002180620315E-086   2.3719002180620315E-086   2.3719002180620315E-086   2.3719002180620315E-086   2.3719002180620315E-086   2.3719002180620315E-086   2.3719002180620315E-086   2.3719002180620315E-086   2.3719002180620315E-086   2.3719002180620315E-086
   1.6611782021623210E-086   1.6611782021623210E-086   1.6611782021623210E-086   1.6611782021623210E-086   1.6611782021623210E-086   1.6611782021623210E-086   1.6611782021623210E-086   1.6611782021623210E-086   1.6611782021623210E-086   1.6611782021623210E-086   1.6611782021623210E-086   1.6611782021623210E-086   1.6611782021623210E-086   1.6611782021623210E-086   1.6611782021623210E-086
   1.1634186793885930E-086   1.1634186793885930E-086   1.1634186793885930E-086   1.1634186793885930E-086   1.1634186793885930E-086   1.1634186793885930E-086   1.1634186793885930E-086   1.1634186793885930E-086   1.1634186793885930E-086   1.1634186793885930E-086   1.1634186793885930E-086   1.1634186793885930E-086   1.1634186793885930E-086   1.1634186793885930E-086   1.1634186793885930E-086
   8.1480904444112084E-087   8.1480904444112084E-087   8.1480904444112084E-087   8.1480904444112084E-087   8.1480904444112084E-087   8.1480904444112084E-087   8.1480904444112084E-087   8.1480904444112084E-087   8.1480904444112084E-087   8.1480904444112084E-087   8.1480904444112084E-087   8.1480904444112084E-087   8.1480904444112084E-087   8.1480904444112084E-087   8.1480904444112084E-087
   5.7065765804272238E-087   5.7065765804272238E-087   5.7065765804272238E-087   5.7065765804272238E-087   5.7065765804272238E-087   5.7065765804272238E-087   5.7065765804272238E-087   5.7065765804272238E-087   5.7065765804272238E-087   5.7065765804272238E-087   5.7065765804272238E-087   5.7065765804272238E-087   5.7065765804272238E-087   5.7065765804272238E-087   5.7065765804272238E-087
   3.9966439364473293E-087   3.9966439364473293E-087   3.9966439364473293E-087   3.9966439364473293E-087   3.9966439364473293E-087   3.9966439364473293E-087   3.9966439364473293E-087   3.9966439364473293E-087   3.9966439364473293E-087   3.9966439364473293E-087   3.9966439364473293E-087   3.9966439364473293E-087   3.9966439364473293E-087   3.9966439364473293E-087   3.9966439364473293E-087
   2.7990797161168341E-087   2.7990797161168341E-087   2.7990797161168341E-087   2.7990797161168341E-087   2.7990797161168341E-087   2.7990797161168341E-087   2.7990797161168341E-087   2.7990797161168341E-087   2.7990797161168341E-087   2.7990797161168341E-087   2.7990797161168341E-087   2.7990797161168341E-087   2.7990797161168341E-087   2.7990797161168341E-087   2.7990797161168341E-087
   1.9603565846151386E-087   1.9603565846151386E-087   1.9603565846151386E-087   1.9603565846151386E-087   1.9603565846151386E-087   1.9603565846151386E-087   1.9603565846151386E-087   1.9603565846151386E-087   1.9603565846151386E-087   1.9603565846151386E-087   1.9603565846151386E-087   1.9603565846151386E-087   1.9603565846151386E-087   1.9603565846151386E-087   1.9603565846151386E-087
   1.3729505153841502E-087   1.3729505153841502E-087   1.3729505153841502E-087   1.3729505153841502E-087   1.3729505153841502E-087   1.3729505153841502E-087   1.3729505153841502E-087   1.3729505153841502E-087   1.3729505153841502E-087   1.3729505153841502E-087   1.3729505153841502E-087   1.3729505153841502E-087   1.3729505153841502E-087   1.3729505153841502E-087   1.3729505153841502E-087
   9.6155624567847406E-088   9.6155624567847406E-088   9.6155624567847406E-088   9.6155624567847406E-088   9.6155624567847406E-088   9.6155624567847406E-088   9.6155624567847406E-088   9.6155624567847406E-088   9.6155624567847406E-088   9.6155624567847406E-088   9.6155624567847406E-088   9.6155624567847406E-088   9.6155624567847406E-088   9.6155624567847406E-088   9.6155624567847406E-088
   6.7343316692268620E-088   6.7343316692268620E-088   6.7343316692268620E-088   6.7343316692268620E-088   6.7343316692268620E-088   6.7343316692268620E-088   6.7343316692268620E-088   6.7343316692268620E-088   6.7343316692268620E-088   6.7343316692268620E-088   6.7343316692268620E-088   6.7343316692268620E-088   6.7343316692268620E-088   6.7343316692268620E-088   6.7343316692268620E-088
   4.7164399622979797E-088   4.7164399622979797E-088   4.7164399622979797E-088   4.7164399622979797E-088   4.7164399622979797E-088   4.7164399622979797E-088   4.7164399622979797E-088   4.7164399622979797E-088   4.7164399622979797E-088   4.7164399622979797E-088   4.7164399622979797E-088   4.7164399622979797E-088   4.7164399622979797E-088   4.7164399622979797E-088   4.7164399622979797E-088
   3.3031942901789423E-088   3.3031942901789423E-088   3.3031942901789423E-088   3.3031942901789423E-088   3.3031942901789423E-088   3.3031942901789423E-088   3.3031942901789423E-088   3.3031942901789423E-088   3.3031942901789423E-088   3.3031942901789423E-088   3.3031942901789423E-088   3.3031942901789423E-088   3.3031942901789423E-088   3.3031942901789423E-088   3.3031942901789423E-088
   2.3134170276503630E-088   2.3134170276503630E-088   2.3134170276503630E-088   2.3134170276503630E-088   2.3134170276503630E-088   2.3134170276503630E-088   2.3134170276503630E-088   2.3134170276503630E-088   2.3134170276503630E-088   2.3134170276503630E-088   2.3134170276503630E-088   2.3134170276503630E-088   2.3134170276503630E-088   2.3134170276503630E-088   2.3134170276503630E-088
   1.6202190587864898E-088   1.6202190587864898E-088   1.6202190587864898E-088   1.6202190587864898E-088   1.6202190587864898E-088   1.6202190587864898E-088   1.6202190587864898E-088   1.6202190587864898E-088   1.6202190587864898E-088   1.6202190587864898E-088   1.6202190587864898E-088   1.6202190587864898E-088   1.6202190587864898E-088   1.6202190587864898E-088   1.6202190587864898E-088
   1.1347326344879501E-088   1.1347326344879501E-088   1.1347326344879501E-088   1.1347326344879501E-088   1.1347326344879501E-088   1.1347326344879501E-088   1.1347326344879501E-088   1.1347326344879501E-088   1.1347326344879501E-088   1.1347326344879501E-088   1.1347326344879501E-088   1.1347326344879501E-088   1.1347326344879501E-088   1.1347326344879501E-088   1.1347326344879501E-088
   7.9471855659836632E-089   7.9471855659836632E-089   7.9471855659836632E-089   7.9471855659836632E-089   7.9471855659836632E-089   7.9471855659836632E-089   7.9471855659836632E-089   7.9471855659836632E-089   7.9471855659836632E-089   7.9471855659836632E-089   7.9471855659836632E-089   7.9471855659836632E-089   7.9471855659836632E-089   7.9471855659836632E-089   7.9471855659836632E-089
   5.5658713339710359E-089   5.5658713339710359E-089   5.5658713339710359E-089   5.5658713339710359E-089   5.5658713339710359E-089   5.5658713339710359E-089   5.5658713339710359E-089   5.5658713339710359E-089   5.5658713339710359E-089   5.5658713339710359E-089   5.5658713339710359E-089   5.5658713339710359E-089   5.5658713339710359E-089   5.5658713339710359E-089   5.5658713339710359E-089
   3.8980999561554968E-089   3.8980999561554968E-089   3.8980999561554968E-089   3.8980999561554968E-089   3.8980999561554968E-089   3.8980999561554968E-089   3.8980999561554968E-089   3.8980999561554968E-089   3.8980999561554968E-089   3.8980999561554968E-089   3.8980999561554968E-089   3.8980999561554968E-089   3.8980999561554968E-089   3.8980999561554968E-089   3.8980999561554968E-089
   2.7300636964847486E-089   2.7300636964847486E-089   2.7300636964847486E-089   2.7300636964847486E-089   2.7300636964847486E-089   2.7300636964847486E-089   2.7300636964847486E-089   2.7300636964847486E-089   2.7300636964847486E-089   2.7300636964847486E-089   2.7300636964847486E-089   2.7300636964847486E-089   2.7300636964847486E-089   2.7300636964847486E-089   2.7300636964847486E-089
   1.9120206948758566E-089   1.9120206948758566E-089   1.9120206948758566E-089   1.9120206948758566E-089   1.9120206948758566E-089   1.9120206948758566E-089   1.9120206948758566E-089   1.9120206948758566E-089   1.9120206948758566E-089   1.9120206948758566E-089   1.9120206948758566E-089   1.9120206948758566E-089   1.9120206948758566E-089   1.9120206948758566E-089   1.9120206948758566E-089
   1.3390981105462201E-089   1.3390981105462201E-089   1.3390981105462201E-089   1.3390981105462201E-089   1.3390981105462201E-089   1.3390981105462201E-089   1.3390981105462201E-089   1.3390981105462201E-089   1.3390981105462201E-089   1.3390981105462201E-089   1.3390981105462201E-089   1.3390981105462201E-089   1.3390981105462201E-089   1.3390981105462201E-089   1.3390981105462201E-089
   9.3784745869860067E-090   9.3784745869860067E-090   9.3784745869860067E-090   9.3784745869860067E-090   9.3784745869860067E-090   9.3784745869860067E-090   9.3784745869860067E-090   9.3784745869860067E-090   9.3784745869860067E-090   9.3784745869860067E-090   9.3784745869860067E-090   9.3784745869860067E-090   9.3784745869860067E-090   9.3784745869860067E-090   9.3784745869860067E-090
   6.5682853919392926E-090   6.5682853919392926E-090   6.5682853919392926E-090   6.5682853919392926E-090   6.5682853919392926E-090   6.5682853919392926E-090   6.5682853919392926E-090   6.5682853919392926E-090   6.5682853919392926E-090   6.5682853919392926E-090   6.5682853919392926E-090   6.5682853919392926E-090   6.5682853919392926E-090   6.5682853919392926E-090   6.5682853919392926E-090
   4.6001481999886651E-090   4.6001481999886651E-090   4.6001481999886651E-090   4.6001481999886651E-090   4.6001481999886651E-090   4.6001481999886651E-090   4.6001481999886651E-090   4.6001481999886651E-090   4.6001481999886651E-090   4.6001481999886651E-090   4.6001481999886651E-090   4.6001481999886651E-090   4.6001481999886651E-090   4.6001481999886651E-090   4.6001481999886651E-090
   3.2217484775902839E-090   3.2217484775902839E-090   3.2217484775902839E-090   3.2217484775902839E-090   3.2217484775902839E-090   3.2217484775902839E-090   3.2217484775902839E-090   3.2217484775902839E-090   3.2217484775902839E-090   3.2217484775902839E-090   3.2217484775902839E-090   3.2217484775902839E-090   3.2217484775902839E-090   3.2217484775902839E-090   3.2217484775902839E-090
   2.2563758386916504E-090   2.2563758386916504E-090   2.2563758386916504E-090   2.2563758386916504E-090   2.2563758386916504E-090   2.2563758386916504E-090   2.2563758386916504E-090   2.2563758386916504E-090   2.2563758386916504E-090   2.2563758386916504E-090   2.2563758386916504E-090   2.2563758386916504E-090   2.2563758386916504E-090   2.2563758386916504E-090   2.2563758386916504E-090
   1.5802698320011158E-090   1.5802698320011158E-090   1.5802698320011158E-090   1.5802698320011158E-090   1.5802698320011158E-090   1.5802698320011158E-090   1.5802698320011158E-090   1.5802698320011158E-090   1.5802698320011158E-090   1.5802698320011158E-090   1.5802698320011158E-090   1.5802698320011158E-090   1.5802698320011158E-090   1.5802698320011158E-090   1.5802698320011158E-090
   1.1067538922863383E-090   1.1067538922863383E-090   1.1067538922863383E-090   1.1067538922863383E-090   1.1067538922863383E-090   1.1067538922863383E-090   1.1067538922863383E-090   1.1067538922863383E-090   1.1067538922863383E-090   1.1067538922863383E-090   1.1067538922863383E-090   1.1067538922863383E-090   1.1067538922863383E-090   1.1067538922863383E-090   1.1067538922863383E-090
   7.7512343353403720E-091   7.7512343353403720E-091   7.7512343353403720E-091   7.7512343353403720E-091   7.7512343353403720E-091   7.7512343353403720E-091   7.7512343353403720E-091   7.7512343353403720E-091   7.7512343353403720E-091   7.7512343353403720E-091   7.7512343353403720E-091   7.7512343353403720E-091   7.7512343353403720E-091   7.7512343353403720E-091   7.7512343353403720E-091
   5.4286354120917118E-091   5.4286354120917118E-091   5.4286354120917118E-091   5.4286354120917118E-091   5.4286354120917118E-091   5.4286354120917118E-091   5.4286354120917118E-091   5.4286354120917118E-091   5.4286354120917118E-091   5.4286354120917118E-091   5.4286354120917118E-091   5.4286354120917118E-091   5.4286354120917118E-091   5.4286354120917118E-091   5.4286354120917118E-091
   3.8019857434902325E-091   3.8019857434902325E-091   3.8019857434902325E-091   3.8019857434902325E-091   3.8019857434902325E-091   3.8019857434902325E-091   3.8019857434902325E-091   3.8019857434902325E-091   3.8019857434902325E-091   3.8019857434902325E-091   3.8019857434902325E-091   3.8019857434902325E-091   3.8019857434902325E-091   3.8019857434902325E-091   3.8019857434902325E-091
   2.6627493829307022E-091   2.6627493829307022E-091   2.6627493829307022E-091   2.6627493829307022E-091   2.6627493829307022E-091   2.6627493829307022E-091   2.6627493829307022E-091   2.6627493829307022E-091   2.6627493829307022E-091   2.6627493829307022E-091   2.6627493829307022E-091   2.6627493829307022E-091   2.6627493829307022E-091   2.6627493829307022E-091   2.6627493829307022E-091
   1.8648766078194201E-091   1.8648766078194201E-091   1.8648766078194201E-091   1.8648766078194201E-091   1.8648766078194201E-091   1.8648766078194201E-091   1.8648766078194201E-091   1.8648766078194201E-091   1.8648766078194201E-091   1.8648766078194201E-091   1.8648766078194201E-091   1.8648766078194201E-091   1.8648766078194201E-091   1.8648766078194201E-091   1.8648766078194201E-091
   1.3060803937035679E-091   1.3060803937035679E-091   1.3060803937035679E-091   1.3060803937035679E-091   1.3060803937035679E-091   1.3060803937035679E-091   1.3060803937035679E-091   1.3060803937035679E-091   1.3060803937035679E-091   1.3060803937035679E-091   1.3060803937035679E-091   1.3060803937035679E-091   1.3060803937035679E-091   1.3060803937035679E-091   1.3060803937035679E-091
   9.1472325174987985E-092   9.1472325174987985E-092   9.1472325174987985E-092   9.1472325174987985E-092   9.1472325174987985E-092   9.1472325174987985E-092   9.1472325174987985E-092   9.1472325174987985E-092   9.1472325174987985E-092   9.1472325174987985E-092   9.1472325174987985E-092   9.1472325174987985E-092   9.1472325174987985E-092   9.1472325174987985E-092   9.1472325174987985E-092
   6.4063332649780154E-092   6.4063332649780154E-092   6.4063332649780154E-092   6.4063332649780154E-092   6.4063332649780154E-092   6.4063332649780154E-092   6.4063332649780154E-092   6.4063332649780154E-092   6.4063332649780154E-092   6.4063332649780154E-092   6.4063332649780154E-092   6.4063332649780154E-092   6.4063332649780154E-092   6.4063332649780154E-092   6.4063332649780154E-092
   4.4867238067307913E-092   4.4867238067307913E-092   4.4867238067307913E-092   4.4867238067307913E-092   4.4867238067307913E-092   4.4867238067307913E-092   4.4867238067307913E-092   4.4867238067307913E-092   4.4867238067307913E-092   4.4867238067307913E-092   4.4867238067307913E-092   4.4867238067307913E-092   4.4867238067307913E-092   4.4867238067307913E-092   4.4867238067307913E-092
   3.1423108485371390E-092   3.1423108485371390E-092   3.1423108485371390E-092   3.1423108485371390E-092   3.1423108485371390E-092   3.1423108485371390E-092   3.1423108485371390E-092   3.1423108485371390E-092   3.1423108485371390E-092   3.1423108485371390E-092   3.1423108485371390E-092   3.1423108485371390E-092   3.1423108485371390E-092   3.1423108485371390E-092   3.1423108485371390E-092
   2.2007410962140110E-092   2.2007410962140110E-092   2.2007410962140110E-092   2.2007410962140110E-092   2.2007410962140110E-092   2.2007410962140110E-092   2.2007410962140110E-092   2.2007410962140110E-092   2.2007410962140110E-092   2.2007410962140110E-092   2.2007410962140110E-092   2.2007410962140110E-092   2.2007410962140110E-092   2.2007410962140110E-092   2.2007410962140110E-092
   1.5413056206135599E-092   1.5413056206135599E-092   1.5413056206135599E-092   1.5413056206135599E-092   1.5413056206135599E-092   1.5413056206135599E-092   1.5413056206135599E-092   1.5413056206135599E-092   1.5413056206135599E-092   1.5413056206135599E-092   1.5413056206135599E-092   1.5413056206135599E-092   1.5413056206135599E-092   1.5413056206135599E-092   1.5413056206135599E-092
   1.0794650130457374E-092   1.0794650130457374E-092   1.0794650130457374E-092   1.0794650130457374E-092   1.0794650130457374E-092   1.0794650130457374E-092   1.0794650130457374E-092   1.0794650130457374E-092   1.0794650130457374E-092   1.0794650130457374E-092   1.0794650130457374E-092   1.0794650130457374E-092   1.0794650130457374E-092   1.0794650130457374E-092   1.0794650130457374E-092
   7.5601146119610924E-093   7.5601146119610924E-093   7.5601146119610924E-093   7.5601146119610924E-093   7.5601146119610924E-093   7.5601146119610924E-093   7.5601146119610924E-093   7.5601146119610924E-093   7.5601146119610924E-093   7.5601146119610924E-093   7.5601146119610924E-093   7.5601146119610924E-093   7.5601146119610924E-093   7.5601146119610924E-093   7.5601146119610924E-093
   5.2947832727549288E-093   5.2947832727549288E-093   5.2947832727549288E-093   5.2947832727549288E-093   5.2947832727549288E-093   5.2947832727549288E-093   5.2947832727549288E-093   5.2947832727549288E-093   5.2947832727549288E-093   5.2947832727549288E-093   5.2947832727549288E-093   5.2947832727549288E-093   5.2947832727549288E-093   5.2947832727549288E-093   5.2947832727549288E-093
   3.7082413884428243E-093   3.7082413884428243E-093   3.7082413884428243E-093   3.7082413884428243E-093   3.7082413884428243E-093   3.7082413884428243E-093   3.7082413884428243E-093   3.7082413884428243E-093   3.7082413884428243E-093   3.7082413884428243E-093   3.7082413884428243E-093   3.7082413884428243E-093   3.7082413884428243E-093   3.7082413884428243E-093   3.7082413884428243E-093
   2.5970948170283726E-093   2.5970948170283726E-093   2.5970948170283726E-093   2.5970948170283726E-093   2.5970948170283726E-093   2.5970948170283726E-093   2.5970948170283726E-093   2.5970948170283726E-093   2.5970948170283726E-093   2.5970948170283726E-093   2.5970948170283726E-093   2.5970948170283726E-093   2.5970948170283726E-093   2.5970948170283726E-093   2.5970948170283726E-093
   1.8188949375455734E-093   1.8188949375455734E-093   1.8188949375455734E-093   1.8188949375455734E-093   1.8188949375455734E-093   1.8188949375455734E-093   1.8188949375455734E-093   1.8188949375455734E-093   1.8188949375455734E-093   1.8188949375455734E-093   1.8188949375455734E-093   1.8188949375455734E-093   1.8188949375455734E-093   1.8188949375455734E-093   1.8188949375455734E-093
   1.2738767842193793E-093   1.2738767842193793E-093   1.2738767842193793E-093   1.2738767842193793E-093   1.2738767842193793E-093   1.2738767842193793E-093   1.2738767842193793E-093   1.2738767842193793E-093   1.2738767842193793E-093   1.2738767842193793E-093   1.2738767842193793E-093   1.2738767842193793E-093   1.2738767842193793E-093   1.2738767842193793E-093   1.2738767842193793E-093
   8.9216921102813767E-094   8.9216921102813767E-094   8.9216921102813767E-094   8.9216921102813767E-094   8.9216921102813767E-094   8.9216921102813767E-094   8.9216921102813767E-094   8.9216921102813767E-094   8.9216921102813767E-094   8.9216921102813767E-094   8.9216921102813767E-094   8.9216921102813767E-094   8.9216921102813767E-094   8.9216921102813767E-094   8.9216921102813767E-094
   6.2483743401786691E-094   6.2483743401786691E-094   6.2483743401786691E-094   6.2483743401786691E-094   6.2483743401786691E-094   6.2483743401786691E-094   6.2483743401786691E-094   6.2483743401786691E-094   6.2483743401786691E-094   6.2483743401786691E-094   6.2483743401786691E-094   6.2483743401786691E-094   6.2483743401786691E-094   6.2483743401786691E-094   6.2483743401786691E-094
   4.3760960827163012E-094   4.3760960827163012E-094   4.3760960827163012E-094   4.3760960827163012E-094   4.3760960827163012E-094   4.3760960827163012E-094   4.3760960827163012E-094   4.3760960827163012E-094   4.3760960827163012E-094   4.3760960827163012E-094   4.3760960827163012E-094   4.3760960827163012E-094   4.3760960827163012E-094   4.3760960827163012E-094   4.3760960827163012E-094
   3.0648318878758625E-094   3.0648318878758625E-094   3.0648318878758625E-094   3.0648318878758625E-094   3.0648318878758625E-094   3.0648318878758625E-094   3.0648318878758625E-094   3.0648318878758625E-094   3.0648318878758625E-094   3.0648318878758625E-094   3.0648318878758625E-094   3.0648318878758625E-094   3.0648318878758625E-094   3.0648318878758625E-094   3.0648318878758625E-094
   2.1464781219132331E-094   2.1464781219132331E-094   2.1464781219132331E-094   2.1464781219132331E-094   2.1464781219132331E-094   2.1464781219132331E-094   2.1464781219132331E-094   2.1464781219132331E-094   2.1464781219132331E-094   2.1464781219132331E-094   2.1464781219132331E-094   2.1464781219132331E-094   2.1464781219132331E-094   2.1464781219132331E-094   2.1464781219132331E-094
   1.5033021374119734E-094   1.5033021374119734E-094   1.5033021374119734E-094   1.5033021374119734E-094   1.5033021374119734E-094   1.5033021374119734E-094   1.5033021374119734E-094   1.5033021374119734E-094   1.5033021374119734E-094   1.5033021374119734E-094   1.5033021374119734E-094   1.5033021374119734E-094   1.5033021374119734E-094   1.5033021374119734E-094   1.5033021374119734E-094
   1.0528489870341966E-094   1.0528489870341966E-094   1.0528489870341966E-094   1.0528489870341966E-094   1.0528489870341966E-094   1.0528489870341966E-094   1.0528489870341966E-094   1.0528489870341966E-094   1.0528489870341966E-094   1.0528489870341966E-094   1.0528489870341966E-094   1.0528489870341966E-094   1.0528489870341966E-094   1.0528489870341966E-094   1.0528489870341966E-094
   7.3737072669055742E-095   7.3737072669055742E-095   7.3737072669055742E-095   7.3737072669055742E-095   7.3737072669055742E-095   7.3737072669055742E-095   7.3737072669055742E-095   7.3737072669055742E-095   7.3737072669055742E-095   7.3737072669055742E-095   7.3737072669055742E-095   7.3737072669055742E-095   7.3737072669055742E-095   7.3737072669055742E-095   7.3737072669055742E-095
   5.1642314831091679E-095   5.1642314831091679E-095   5.1642314831091679E-095   5.1642314831091679E-095   5.1642314831091679E-095   5.1642314831091679E-095   5.1642314831091679E-095   5.1642314831091679E-095   5.1642314831091679E-095   5.1642314831091679E-095   5.1642314831091679E-095   5.1642314831091679E-095   5.1642314831091679E-095   5.1642314831091679E-095   5.1642314831091679E-095
   3.6168084581865834E-095   3.6168084581865834E-095   3.6168084581865834E-095   3.6168084581865834E-095   3.6168084581865834E-095   3.6168084581865834E-095   3.6168084581865834E-095   3.6168084581865834E-095   3.6168084581865834E-095   3.6168084581865834E-095   3.6168084581865834E-095   3.6168084581865834E-095   3.6168084581865834E-095   3.6168084581865834E-095   3.6168084581865834E-095
   2.5330590749069812E-095   2.5330590749069812E-095   2.5330590749069812E-095   2.5330590749069812E-095   2.5330590749069812E-095   2.5330590749069812E-095   2.5330590749069812E-095   2.5330590749069812E-095   2.5330590749069812E-095   2.5330590749069812E-095   2.5330590749069812E-095   2.5330590749069812E-095   2.5330590749069812E-095   2.5330590749069812E-095   2.5330590749069812E-095
   1.7740470227128632E-095   1.7740470227128632E-095   1.7740470227128632E-095   1.7740470227128632E-095   1.7740470227128632E-095   1.7740470227128632E-095   1.7740470227128632E-095   1.7740470227128632E-095   1.7740470227128632E-095   1.7740470227128632E-095   1.7740470227128632E-095   1.7740470227128632E-095   1.7740470227128632E-095   1.7740470227128632E-095   1.7740470227128632E-095
   1.2424672089070581E-095   1.2424672089070581E-095   1.2424672089070581E-095   1.2424672089070581E-095   1.2424672089070581E-095   1.2424672089070581E-095   1.2424672089070581E-095   1.2424672089070581E-095   1.2424672089070581E-095   1.2424672089070581E-095   1.2424672089070581E-095   1.2424672089070581E-095   1.2424672089070581E-095   1.2424672089070581E-095   1.2424672089070581E-095
   8.7017127812578517E-096   8.7017127812578517E-096   8.7017127812578517E-096   8.7017127812578517E-096   8.7017127812578517E-096   8.7017127812578517E-096   8.7017127812578517E-096   8.7017127812578517E-096   8.7017127812578517E-096   8.7017127812578517E-096   8.7017127812578517E-096   8.7017127812578517E-096   8.7017127812578517E-096   8.7017127812578517E-096   8.7017127812578517E-096
   6.0943101584236966E-096   6.0943101584236966E-096   6.0943101584236966E-096   6.0943101584236966E-096   6.0943101584236966E-096   6.0943101584236966E-096   6.0943101584236966E-096   6.0943101584236966E-096   6.0943101584236966E-096   6.0943101584236966E-096   6.0943101584236966E-096   6.0943101584236966E-096   6.0943101584236966E-096   6.0943101584236966E-096   6.0943101584236966E-096
   4.2681960713598165E-096   4.2681960713598165E-096   4.2681960713598165E-096   4.2681960713598165E-096   4.2681960713598165E-096   4.2681960713598165E-096   4.2681960713598165E-096   4.2681960713598165E-096   4.2681960713598165E-096   4.2681960713598165E-096   4.2681960713598165E-096   4.2681960713598165E-096   4.2681960713598165E-096   4.2681960713598165E-096   4.2681960713598165E-096
   2.9892633013419415E-096   2.9892633013419415E-096   2.9892633013419415E-096   2.9892633013419415E-096   2.9892633013419415E-096   2.9892633013419415E-096   2.9892633013419415E-096   2.9892633013419415E-096   2.9892633013419415E-096   2.9892633013419415E-096   2.9892633013419415E-096   2.9892633013419415E-096   2.9892633013419415E-096   2.9892633013419415E-096   2.9892633013419415E-096
   2.0935530925370247E-096   2.0935530925370247E-096   2.0935530925370247E-096   2.0935530925370247E-096   2.0935530925370247E-096   2.0935530925370247E-096   2.0935530925370247E-096   2.0935530925370247E-096   2.0935530925370247E-096   2.0935530925370247E-096   2.0935530925370247E-096   2.0935530925370247E-096   2.0935530925370247E-096   2.0935530925370247E-096   2.0935530925370247E-096
   1.4662356940265992E-096   1.4662356940265992E-096   1.4662356940265992E-096   1.4662356940265992E-096   1.4662356940265992E-096   1.4662356940265992E-096   1.4662356940265992E-096   1.4662356940265992E-096   1.4662356940265992E-096   1.4662356940265992E-096   1.4662356940265992E-096   1.4662356940265992E-096   1.4662356940265992E-096   1.4662356940265992E-096   1.4662356940265992E-096
   1.0268892239233462E-096   1.0268892239233462E-096   1.0268892239233462E-096   1.0268892239233462E-096   1.0268892239233462E-096   1.0268892239233462E-096   1.0268892239233462E-096   1.0268892239233462E-096   1.0268892239233462E-096   1.0268892239233462E-096   1.0268892239233462E-096   1.0268892239233462E-096   1.0268892239233462E-096   1.0268892239233462E-096   1.0268892239233462E-096
   7.1918961085581189E-097   7.1918961085581189E-097   7.1918961085581189E-097   7.1918961085581189E-097   7.1918961085581189E-097   7.1918961085581189E-097   7.1918961085581189E-097   7.1918961085581189E-097   7.1918961085581189E-097   7.1918961085581189E-097   7.1918961085581189E-097   7.1918961085581189E-097   7.1918961085581189E-097   7.1918961085581189E-097   7.1918961085581189E-097
   5.0368986674802605E-097   5.0368986674802605E-097   5.0368986674802605E-097   5.0368986674802605E-097   5.0368986674802605E-097   5.0368986674802605E-097   5.0368986674802605E-097   5.0368986674802605E-097   5.0368986674802605E-097   5.0368986674802605E-097   5.0368986674802605E-097   5.0368986674802605E-097   5.0368986674802605E-097   5.0368986674802605E-097   5.0368986674802605E-097
   3.5276299606545390E-097   3.5276299606545390E-097   3.5276299606545390E-097   3.5276299606545390E-097   3.5276299606545390E-097   3.5276299606545390E-097   3.5276299606545390E-097   3.5276299606545390E-097   3.5276299606545390E-097   3.5276299606545390E-097   3.5276299606545390E-097   3.5276299606545390E-097   3.5276299606545390E-097   3.5276299606545390E-097   3.5276299606545390E-097
   2.4706022417426946E-097   2.4706022417426946E-097   2.4706022417426946E-097   2.4706022417426946E-097   2.4706022417426946E-097   2.4706022417426946E-097   2.4706022417426946E-097   2.4706022417426946E-097   2.4706022417426946E-097   2.4706022417426946E-097   2.4706022417426946E-097   2.4706022417426946E-097   2.4706022417426946E-097   2.4706022417426946E-097   2.4706022417426946E-097
   1.7303049086734374E-097   1.7303049086734374E-097   1.7303049086734374E-097   1.7303049086734374E-097   1.7303049086734374E-097   1.7303049086734374E-097   1.7303049086734374E-097   1.7303049086734374E-097   1.7303049086734374E-097   1.7303049086734374E-097   1.7303049086734374E-097   1.7303049086734374E-097   1.7303049086734374E-097   1.7303049086734374E-097   1.7303049086734374E-097
   1.2118320895181979E-097   1.2118320895181979E-097   1.2118320895181979E-097   1.2118320895181979E-097   1.2118320895181979E-097   1.2118320895181979E-097   1.2118320895181979E-097   1.2118320895181979E-097   1.2118320895181979E-097   1.2118320895181979E-097   1.2118320895181979E-097   1.2118320895181979E-097   1.2118320895181979E-097   1.2118320895181979E-097   1.2118320895181979E-097
   8.4871574126892784E-098   8.4871574126892784E-098   8.4871574126892784E-098   8.4871574126892784E-098   8.4871574126892784E-098   8.4871574126892784E-098   8.4871574126892784E-098   8.4871574126892784E-098   8.4871574126892784E-098   8.4871574126892784E-098   8.4871574126892784E-098   8.4871574126892784E-098   8.4871574126892784E-098   8.4871574126892784E-098   8.4871574126892784E-098
   5.9440446882707265E-098   5.9440446882707265E-098   5.9440446882707265E-098   5.9440446882707265E-098   5.9440446882707265E-098   5.9440446882707265E-098   5.9440446882707265E-098   5.9440446882707265E-098   5.9440446882707265E-098   5.9440446882707265E-098   5.9440446882707265E-098   5.9440446882707265E-098   5.9440446882707265E-098   5.9440446882707265E-098   5.9440446882707265E-098
   4.1629565163165869E-098   4.1629565163165869E-098   4.1629565163165869E-098   4.1629565163165869E-098   4.1629565163165869E-098   4.1629565163165869E-098   4.1629565163165869E-098   4.1629565163165869E-098   4.1629565163165869E-098   4.1629565163165869E-098   4.1629565163165869E-098   4.1629565163165869E-098   4.1629565163165869E-098   4.1629565163165869E-098   4.1629565163165869E-098
   2.9155579854471988E-098   2.9155579854471988E-098   2.9155579854471988E-098   2.9155579854471988E-098   2.9155579854471988E-098   2.9155579854471988E-098   2.9155579854471988E-098   2.9155579854471988E-098   2.9155579854471988E-098   2.9155579854471988E-098   2.9155579854471988E-098   2.9155579854471988E-098   2.9155579854471988E-098   2.9155579854471988E-098   2.9155579854471988E-098
   2.0419330188022798E-098   2.0419330188022798E-098   2.0419330188022798E-098   2.0419330188022798E-098   2.0419330188022798E-098   2.0419330188022798E-098   2.0419330188022798E-098   2.0419330188022798E-098   2.0419330188022798E-098   2.0419330188022798E-098   2.0419330188022798E-098   2.0419330188022798E-098   2.0419330188022798E-098   2.0419330188022798E-098   2.0419330188022798E-098
   1.4300831861642580E-098   1.4300831861642580E-098   1.4300831861642580E-098   1.4300831861642580E-098   1.4300831861642580E-098   1.4300831861642580E-098   1.4300831861642580E-098   1.4300831861642580E-098   1.4300831861642580E-098   1.4300831861642580E-098   1.4300831861642580E-098   1.4300831861642580E-098   1.4300831861642580E-098   1.4300831861642580E-098   1.4300831861642580E-098
   1.0015695424472442E-098   1.0015695424472442E-098   1.0015695424472442E-098   1.0015695424472442E-098   1.0015695424472442E-098   1.0015695424472442E-098   1.0015695424472442E-098   1.0015695424472442E-098   1.0015695424472442E-098   1.0015695424472442E-098   1.0015695424472442E-098   1.0015695424472442E-098   1.0015695424472442E-098   1.0015695424472442E-098   1.0015695424472442E-098
   7.0145678102026251E-099   7.0145678102026251E-099   7.0145678102026251E-099   7.0145678102026251E-099   7.0145678102026251E-099   7.0145678102026251E-099   7.0145678102026251E-099   7.0145678102026251E-099   7.0145678102026251E-099   7.0145678102026251E-099   7.0145678102026251E-099   7.0145678102026251E-099   7.0145678102026251E-099   7.0145678102026251E-099   7.0145678102026251E-099
   4.9127054566480513E-099   4.9127054566480513E-099   4.9127054566480513E-099   4.9127054566480513E-099   4.9127054566480513E-099   4.9127054566480513E-099   4.9127054566480513E-099   4.9127054566480513E-099   4.9127054566480513E-099   4.9127054566480513E-099   4.9127054566480513E-099   4.9127054566480513E-099   4.9127054566480513E-099   4.9127054566480513E-099   4.9127054566480513E-099
   3.4406503090149047E-099   3.4406503090149047E-099   3.4406503090149047E-099   3.4406503090149047E-099   3.4406503090149047E-099   3.4406503090149047E-099   3.4406503090149047E-099   3.4406503090149047E-099   3.4406503090149047E-099   3.4406503090149047E-099   3.4406503090149047E-099   3.4406503090149047E-099   3.4406503090149047E-099   3.4406503090149047E-099   3.4406503090149047E-099
   2.4096853868787624E-099   2.4096853868787624E-099   2.4096853868787624E-099   2.4096853868787624E-099   2.4096853868787624E-099   2.4096853868787624E-099   2.4096853868787624E-099   2.4096853868787624E-099   2.4096853868787624E-099   2.4096853868787624E-099   2.4096853868787624E-099   2.4096853868787624E-099   2.4096853868787624E-099   2.4096853868787624E-099   2.4096853868787624E-099
   1.6876413300483063E-099   1.6876413300483063E-099   1.6876413300483063E-099   1.6876413300483063E-099   1.6876413300483063E-099   1.6876413300483063E-099   1.6876413300483063E-099   1.6876413300483063E-099   1.6876413300483063E-099   1.6876413300483063E-099   1.6876413300483063E-099   1.6876413300483063E-099   1.6876413300483063E-099   1.6876413300483063E-099   1.6876413300483063E-099
   1.1819523305390407E-099   1.1819523305390407E-099   1.1819523305390407E-099   1.1819523305390407E-099   1.1819523305390407E-099   1.1819523305390407E-099   1.1819523305390407E-099   1.1819523305390407E-099   1.1819523305390407E-099   1.1819523305390407E-099   1.1819523305390407E-099   1.1819523305390407E-099   1.1819523305390407E-099   1.1819523305390407E-099   1.1819523305390407E-099
   8.2778922677052437E-100   8.2778922677052437E-100   8.2778922677052437E-100   8.2778922677052437E-100   8.2778922677052437E-100   8.2778922677052437E-100   8.2778922677052437E-100   8.2778922677052437E-100   8.2778922677052437E-100   8.2778922677052437E-100   8.2778922677052437E-100   8.2778922677052437E-100   8.2778922677052437E-100   8.2778922677052437E-100   8.2778922677052437E-100
   5.7974842660941622E-100   5.7974842660941622E-100   5.7974842660941622E-100   5.7974842660941622E-100   5.7974842660941622E-100   5.7974842660941622E-100   5.7974842660941622E-100   5.7974842660941622E-100   5.7974842660941622E-100   5.7974842660941622E-100   5.7974842660941622E-100   5.7974842660941622E-100   5.7974842660941622E-100   5.7974842660941622E-100   5.7974842660941622E-100
   4.0603118195601862E-100   4.0603118195601862E-100   4.0603118195601862E-100   4.0603118195601862E-100   4.0603118195601862E-100   4.0603118195601862E-100   4.0603118195601862E-100   4.0603118195601862E-100   4.0603118195601862E-100   4.0603118195601862E-100   4.0603118195601862E-100   4.0603118195601862E-100   4.0603118195601862E-100   4.0603118195601862E-100   4.0603118195601862E-100
   2.8436699981192118E-100   2.8436699981192118E-100   2.8436699981192118E-100   2.8436699981192118E-100   2.8436699981192118E-100   2.8436699981192118E-100   2.8436699981192118E-100   2.8436699981192118E-100   2.8436699981192118E-100   2.8436699981192118E-100   2.8436699981192118E-100   2.8436699981192118E-100   2.8436699981192118E-100   2.8436699981192118E-100   2.8436699981192118E-100
   1.9915857248321504E-100   1.9915857248321504E-100   1.9915857248321504E-100   1.9915857248321504E-100   1.9915857248321504E-100   1.9915857248321504E-100   1.9915857248321504E-100   1.9915857248321504E-100   1.9915857248321504E-100   1.9915857248321504E-100   1.9915857248321504E-100   1.9915857248321504E-100   1.9915857248321504E-100   1.9915857248321504E-100   1.9915857248321504E-100
   1.3948220792069986E-100   1.3948220792069986E-100   1.3948220792069986E-100   1.3948220792069986E-100   1.3948220792069986E-100   1.3948220792069986E-100   1.3948220792069986E-100   1.3948220792069986E-100   1.3948220792069986E-100   1.3948220792069986E-100   1.3948220792069986E-100   1.3948220792069986E-100   1.3948220792069986E-100   1.3948220792069986E-100   1.3948220792069986E-100
   9.7687416031629781E-101   9.7687416031629781E-101   9.7687416031629781E-101   9.7687416031629781E-101   9.7687416031629781E-101   9.7687416031629781E-101   9.7687416031629781E-101   9.7687416031629781E-101   9.7687416031629781E-101   9.7687416031629781E-101   9.7687416031629781E-101   9.7687416031629781E-101   9.7687416031629781E-101   9.7687416031629781E-101   9.7687416031629781E-101
   6.8416118393839442E-101   6.8416118393839442E-101   6.8416118393839442E-101   6.8416118393839442E-101   6.8416118393839442E-101   6.8416118393839442E-101   6.8416118393839442E-101   6.8416118393839442E-101   6.8416118393839442E-101   6.8416118393839442E-101   6.8416118393839442E-101   6.8416118393839442E-101   6.8416118393839442E-101   6.8416118393839442E-101   6.8416118393839442E-101
   4.7915744383742108E-101   4.7915744383742108E-101   4.7915744383742108E-101   4.7915744383742108E-101   4.7915744383742108E-101   4.7915744383742108E-101   4.7915744383742108E-101   4.7915744383742108E-101   4.7915744383742108E-101   4.7915744383742108E-101   4.7915744383742108E-101   4.7915744383742108E-101   4.7915744383742108E-101   4.7915744383742108E-101   4.7915744383742108E-101
   3.3558152870228550E-101   3.3558152870228550E-101   3.3558152870228550E-101   3.3558152870228550E-101   3.3558152870228550E-101   3.3558152870228550E-101   3.3558152870228550E-101   3.3558152870228550E-101   3.3558152870228550E-101   3.3558152870228550E-101   3.3558152870228550E-101   3.3558152870228550E-101   3.3558152870228550E-101   3.3558152870228550E-101   3.3558152870228550E-101
   2.3502705395592893E-101   2.3502705395592893E-101   2.3502705395592893E-101   2.3502705395592893E-101   2.3502705395592893E-101   2.3502705395592893E-101   2.3502705395592893E-101   2.3502705395592893E-101   2.3502705395592893E-101   2.3502705395592893E-101   2.3502705395592893E-101   2.3502705395592893E-101   2.3502705395592893E-101   2.3502705395592893E-101   2.3502705395592893E-101
   1.6460296937322777E-101   1.6460296937322777E-101   1.6460296937322777E-101   1.6460296937322777E-101   1.6460296937322777E-101   1.6460296937322777E-101   1.6460296937322777E-101   1.6460296937322777E-101   1.6460296937322777E-101   1.6460296937322777E-101   1.6460296937322777E-101   1.6460296937322777E-101   1.6460296937322777E-101   1.6460296937322777E-101   1.6460296937322777E-101
   1.1528093072878488E-101   1.1528093072878488E-101   1.1528093072878488E-101   1.1528093072878488E-101   1.1528093072878488E-101   1.1528093072878488E-101   1.1528093072878488E-101   1.1528093072878488E-101   1.1528093072878488E-101   1.1528093072878488E-101   1.1528093072878488E-101   1.1528093072878488E-101   1.1528093072878488E-101   1.1528093072878488E-101   1.1528093072878488E-101
   8.0737869069428854E-102   8.0737869069428854E-102   8.0737869069428854E-102   8.0737869069428854E-102   8.0737869069428854E-102   8.0737869069428854E-102   8.0737869069428854E-102   8.0737869069428854E-102   8.0737869069428854E-102   8.0737869069428854E-102   8.0737869069428854E-102   8.0737869069428854E-102   8.0737869069428854E-102   8.0737869069428854E-102   8.0737869069428854E-102
   5.6545375377027461E-102   5.6545375377027461E-102   5.6545375377027461E-102   5.6545375377027461E-102   5.6545375377027461E-102   5.6545375377027461E-102   5.6545375377027461E-102   5.6545375377027461E-102   5.6545375377027461E-102   5.6545375377027461E-102   5.6545375377027461E-102   5.6545375377027461E-102   5.6545375377027461E-102   5.6545375377027461E-102   5.6545375377027461E-102
   3.9601980004939447E-102   3.9601980004939447E-102   3.9601980004939447E-102   3.9601980004939447E-102   3.9601980004939447E-102   3.9601980004939447E-102   3.9601980004939447E-102   3.9601980004939447E-102   3.9601980004939447E-102   3.9601980004939447E-102   3.9601980004939447E-102   3.9601980004939447E-102   3.9601980004939447E-102   3.9601980004939447E-102   3.9601980004939447E-102
   2.7735545300646765E-102   2.7735545300646765E-102   2.7735545300646765E-102   2.7735545300646765E-102   2.7735545300646765E-102   2.7735545300646765E-102   2.7735545300646765E-102   2.7735545300646765E-102   2.7735545300646765E-102   2.7735545300646765E-102   2.7735545300646765E-102   2.7735545300646765E-102   2.7735545300646765E-102   2.7735545300646765E-102   2.7735545300646765E-102
   1.9424798281002146E-102   1.9424798281002146E-102   1.9424798281002146E-102   1.9424798281002146E-102   1.9424798281002146E-102   1.9424798281002146E-102   1.9424798281002146E-102   1.9424798281002146E-102   1.9424798281002146E-102   1.9424798281002146E-102   1.9424798281002146E-102   1.9424798281002146E-102   1.9424798281002146E-102   1.9424798281002146E-102   1.9424798281002146E-102
   1.3604303941658041E-102   1.3604303941658041E-102   1.3604303941658041E-102   1.3604303941658041E-102   1.3604303941658041E-102   1.3604303941658041E-102   1.3604303941658041E-102   1.3604303941658041E-102   1.3604303941658041E-102   1.3604303941658041E-102   1.3604303941658041E-102   1.3604303941658041E-102   1.3604303941658041E-102   1.3604303941658041E-102   1.3604303941658041E-102
   9.5278768437982378E-103   9.5278768437982378E-103   9.5278768437982378E-103   9.5278768437982378E-103   9.5278768437982378E-103   9.5278768437982378E-103   9.5278768437982378E-103   9.5278768437982378E-103   9.5278768437982378E-103   9.5278768437982378E-103   9.5278768437982378E-103   9.5278768437982378E-103   9.5278768437982378E-103   9.5278768437982378E-103   9.5278768437982378E-103
   6.6729203890105865E-103   6.6729203890105865E-103   6.6729203890105865E-103   6.6729203890105865E-103   6.6729203890105865E-103   6.6729203890105865E-103   6.6729203890105865E-103   6.6729203890105865E-103   6.6729203890105865E-103   6.6729203890105865E-103   6.6729203890105865E-103   6.6729203890105865E-103   6.6729203890105865E-103   6.6729203890105865E-103   6.6729203890105865E-103
   4.6734301091493164E-103   4.6734301091493164E-103   4.6734301091493164E-103   4.6734301091493164E-103   4.6734301091493164E-103   4.6734301091493164E-103   4.6734301091493164E-103   4.6734301091493164E-103   4.6734301091493164E-103   4.6734301091493164E-103   4.6734301091493164E-103   4.6734301091493164E-103   4.6734301091493164E-103   4.6734301091493164E-103   4.6734301091493164E-103
   3.2730720152262691E-103   3.2730720152262691E-103   3.2730720152262691E-103   3.2730720152262691E-103   3.2730720152262691E-103   3.2730720152262691E-103   3.2730720152262691E-103   3.2730720152262691E-103   3.2730720152262691E-103   3.2730720152262691E-103   3.2730720152262691E-103   3.2730720152262691E-103   3.2730720152262691E-103   3.2730720152262691E-103   3.2730720152262691E-103
   2.2923206652612998E-103   2.2923206652612998E-103   2.2923206652612998E-103   2.2923206652612998E-103   2.2923206652612998E-103   2.2923206652612998E-103   2.2923206652612998E-103   2.2923206652612998E-103   2.2923206652612998E-103   2.2923206652612998E-103   2.2923206652612998E-103   2.2923206652612998E-103   2.2923206652612998E-103   2.2923206652612998E-103   2.2923206652612998E-103
   1.6054440623179319E-103   1.6054440623179319E-103   1.6054440623179319E-103   1.6054440623179319E-103   1.6054440623179319E-103   1.6054440623179319E-103   1.6054440623179319E-103   1.6054440623179319E-103   1.6054440623179319E-103   1.6054440623179319E-103   1.6054440623179319E-103   1.6054440623179319E-103   1.6054440623179319E-103   1.6054440623179319E-103   1.6054440623179319E-103
   1.1243848543057592E-103   1.1243848543057592E-103   1.1243848543057592E-103   1.1243848543057592E-103   1.1243848543057592E-103   1.1243848543057592E-103   1.1243848543057592E-103   1.1243848543057592E-103   1.1243848543057592E-103   1.1243848543057592E-103   1.1243848543057592E-103   1.1243848543057592E-103   1.1243848543057592E-103   1.1243848543057592E-103   1.1243848543057592E-103
   7.8747141072413103E-104   7.8747141072413103E-104   7.8747141072413103E-104   7.8747141072413103E-104   7.8747141072413103E-104   7.8747141072413103E-104   7.8747141072413103E-104   7.8747141072413103E-104   7.8747141072413103E-104   7.8747141072413103E-104   7.8747141072413103E-104   7.8747141072413103E-104   7.8747141072413103E-104   7.8747141072413103E-104   7.8747141072413103E-104
   5.5151154013963965E-104   5.5151154013963965E-104   5.5151154013963965E-104   5.5151154013963965E-104   5.5151154013963965E-104   5.5151154013963965E-104   5.5151154013963965E-104   5.5151154013963965E-104   5.5151154013963965E-104   5.5151154013963965E-104   5.5151154013963965E-104   5.5151154013963965E-104   5.5151154013963965E-104   5.5151154013963965E-104   5.5151154013963965E-104
   3.8625526560703699E-104   3.8625526560703699E-104   3.8625526560703699E-104   3.8625526560703699E-104   3.8625526560703699E-104   3.8625526560703699E-104   3.8625526560703699E-104   3.8625526560703699E-104   3.8625526560703699E-104   3.8625526560703699E-104   3.8625526560703699E-104   3.8625526560703699E-104   3.8625526560703699E-104   3.8625526560703699E-104   3.8625526560703699E-104
   2.7051678768387647E-104   2.7051678768387647E-104   2.7051678768387647E-104   2.7051678768387647E-104   2.7051678768387647E-104   2.7051678768387647E-104   2.7051678768387647E-104   2.7051678768387647E-104   2.7051678768387647E-104   2.7051678768387647E-104   2.7051678768387647E-104   2.7051678768387647E-104   2.7051678768387647E-104   2.7051678768387647E-104   2.7051678768387647E-104
   1.8945847198690030E-104   1.8945847198690030E-104   1.8945847198690030E-104   1.8945847198690030E-104   1.8945847198690030E-104   1.8945847198690030E-104   1.8945847198690030E-104   1.8945847198690030E-104   1.8945847198690030E-104   1.8945847198690030E-104   1.8945847198690030E-104   1.8945847198690030E-104   1.8945847198690030E-104   1.8945847198690030E-104   1.8945847198690030E-104
   1.3268866939805988E-104   1.3268866939805988E-104   1.3268866939805988E-104   1.3268866939805988E-104   1.3268866939805988E-104   1.3268866939805988E-104   1.3268866939805988E-104   1.3268866939805988E-104   1.3268866939805988E-104   1.3268866939805988E-104   1.3268866939805988E-104   1.3268866939805988E-104   1.3268866939805988E-104   1.3268866939805988E-104   1.3268866939805988E-104
   9.2929510103116329E-105   9.2929510103116329E-105   9.2929510103116329E-105   9.2929510103116329E-105   9.2929510103116329E-105   9.2929510103116329E-105   9.2929510103116329E-105   9.2929510103116329E-105   9.2929510103116329E-105   9.2929510103116329E-105   9.2929510103116329E-105   9.2929510103116329E-105   9.2929510103116329E-105   9.2929510103116329E-105   9.2929510103116329E-105
   6.5083883101562548E-105   6.5083883101562548E-105   6.5083883101562548E-105   6.5083883101562548E-105   6.5083883101562548E-105   6.5083883101562548E-105   6.5083883101562548E-105   6.5083883101562548E-105   6.5083883101562548E-105   6.5083883101562548E-105   6.5083883101562548E-105   6.5083883101562548E-105   6.5083883101562548E-105   6.5083883101562548E-105   6.5083883101562548E-105
   4.5581988271299472E-105   4.5581988271299472E-105   4.5581988271299472E-105   4.5581988271299472E-105   4.5581988271299472E-105   4.5581988271299472E-105   4.5581988271299472E-105   4.5581988271299472E-105   4.5581988271299472E-105   4.5581988271299472E-105   4.5581988271299472E-105   4.5581988271299472E-105   4.5581988271299472E-105   4.5581988271299472E-105   4.5581988271299472E-105
   3.1923689180048348E-105   3.1923689180048348E-105   3.1923689180048348E-105   3.1923689180048348E-105   3.1923689180048348E-105   3.1923689180048348E-105   3.1923689180048348E-105   3.1923689180048348E-105   3.1923689180048348E-105   3.1923689180048348E-105   3.1923689180048348E-105   3.1923689180048348E-105   3.1923689180048348E-105   3.1923689180048348E-105   3.1923689180048348E-105
   2.2357996426101970E-105   2.2357996426101970E-105   2.2357996426101970E-105   2.2357996426101970E-105   2.2357996426101970E-105   2.2357996426101970E-105   2.2357996426101970E-105   2.2357996426101970E-105   2.2357996426101970E-105   2.2357996426101970E-105   2.2357996426101970E-105   2.2357996426101970E-105   2.2357996426101970E-105   2.2357996426101970E-105   2.2357996426101970E-105
   1.5658591379282208E-105   1.5658591379282208E-105   1.5658591379282208E-105   1.5658591379282208E-105   1.5658591379282208E-105   1.5658591379282208E-105   1.5658591379282208E-105   1.5658591379282208E-105   1.5658591379282208E-105   1.5658591379282208E-105   1.5658591379282208E-105   1.5658591379282208E-105   1.5658591379282208E-105   1.5658591379282208E-105   1.5658591379282208E-105
   1.0966612540338386E-105   1.0966612540338386E-105   1.0966612540338386E-105   1.0966612540338386E-105   1.0966612540338386E-105   1.0966612540338386E-105   1.0966612540338386E-105   1.0966612540338386E-105   1.0966612540338386E-105   1.0966612540338386E-105   1.0966612540338386E-105   1.0966612540338386E-105   1.0966612540338386E-105   1.0966612540338386E-105   1.0966612540338386E-105
   7.6805497823406507E-106   7.6805497823406507E-106   7.6805497823406507E-106   7.6805497823406507E-106   7.6805497823406507E-106   7.6805497823406507E-106   7.6805497823406507E-106   7.6805497823406507E-106   7.6805497823406507E-106   7.6805497823406507E-106   7.6805497823406507E-106   7.6805497823406507E-106   7.6805497823406507E-106   7.6805497823406507E-106   7.6805497823406507E-106
   5.3791309524274425E-106   5.3791309524274425E-106   5.3791309524274425E-106   5.3791309524274425E-106   5.3791309524274425E-106   5.3791309524274425E-106   5.3791309524274425E-106   5.3791309524274425E-106   5.3791309524274425E-106   5.3791309524274425E-106   5.3791309524274425E-106   5.3791309524274425E-106   5.3791309524274425E-106   5.3791309524274425E-106   5.3791309524274425E-106
   3.7673149218941547E-106   3.7673149218941547E-106   3.7673149218941547E-106   3.7673149218941547E-106   3.7673149218941547E-106   3.7673149218941547E-106   3.7673149218941547E-106   3.7673149218941547E-106   3.7673149218941547E-106   3.7673149218941547E-106   3.7673149218941547E-106   3.7673149218941547E-106   3.7673149218941547E-106   3.7673149218941547E-106   3.7673149218941547E-106
   2.6384674116032912E-106   2.6384674116032912E-106   2.6384674116032912E-106   2.6384674116032912E-106   2.6384674116032912E-106   2.6384674116032912E-106   2.6384674116032912E-106   2.6384674116032912E-106   2.6384674116032912E-106   2.6384674116032912E-106   2.6384674116032912E-106   2.6384674116032912E-106   2.6384674116032912E-106   2.6384674116032912E-106   2.6384674116032912E-106
   1.8478705461109723E-106   1.8478705461109723E-106   1.8478705461109723E-106   1.8478705461109723E-106   1.8478705461109723E-106   1.8478705461109723E-106   1.8478705461109723E-106   1.8478705461109723E-106   1.8478705461109723E-106   1.8478705461109723E-106   1.8478705461109723E-106   1.8478705461109723E-106   1.8478705461109723E-106   1.8478705461109723E-106   1.8478705461109723E-106
   1.2941700701580929E-106   1.2941700701580929E-106   1.2941700701580929E-106   1.2941700701580929E-106   1.2941700701580929E-106   1.2941700701580929E-106   1.2941700701580929E-106   1.2941700701580929E-106   1.2941700701580929E-106   1.2941700701580929E-106   1.2941700701580929E-106   1.2941700701580929E-106   1.2941700701580929E-106   1.2941700701580929E-106   1.2941700701580929E-106
   9.0638176684938392E-107   9.0638176684938392E-107   9.0638176684938392E-107   9.0638176684938392E-107   9.0638176684938392E-107   9.0638176684938392E-107   9.0638176684938392E-107   9.0638176684938392E-107   9.0638176684938392E-107   9.0638176684938392E-107   9.0638176684938392E-107   9.0638176684938392E-107   9.0638176684938392E-107   9.0638176684938392E-107   9.0638176684938392E-107
   6.3479130465183466E-107   6.3479130465183466E-107   6.3479130465183466E-107   6.3479130465183466E-107   6.3479130465183466E-107   6.3479130465183466E-107   6.3479130465183466E-107   6.3479130465183466E-107   6.3479130465183466E-107   6.3479130465183466E-107   6.3479130465183466E-107   6.3479130465183466E-107   6.3479130465183466E-107   6.3479130465183466E-107   6.3479130465183466E-107
   4.4458087662363400E-107   4.4458087662363400E-107   4.4458087662363400E-107   4.4458087662363400E-107   4.4458087662363400E-107   4.4458087662363400E-107   4.4458087662363400E-107   4.4458087662363400E-107   4.4458087662363400E-107   4.4458087662363400E-107   4.4458087662363400E-107   4.4458087662363400E-107   4.4458087662363400E-107   4.4458087662363400E-107   4.4458087662363400E-107
   3.1136556914220158E-107   3.1136556914220158E-107   3.1136556914220158E-107   3.1136556914220158E-107   3.1136556914220158E-107   3.1136556914220158E-107   3.1136556914220158E-107   3.1136556914220158E-107   3.1136556914220158E-107   3.1136556914220158E-107   3.1136556914220158E-107   3.1136556914220158E-107   3.1136556914220158E-107   3.1136556914220158E-107   3.1136556914220158E-107
   2.1806722408647366E-107   2.1806722408647366E-107   2.1806722408647366E-107   2.1806722408647366E-107   2.1806722408647366E-107   2.1806722408647366E-107   2.1806722408647366E-107   2.1806722408647366E-107   2.1806722408647366E-107   2.1806722408647366E-107   2.1806722408647366E-107   2.1806722408647366E-107   2.1806722408647366E-107   2.1806722408647366E-107   2.1806722408647366E-107
   1.5272502464478542E-107   1.5272502464478542E-107   1.5272502464478542E-107   1.5272502464478542E-107   1.5272502464478542E-107   1.5272502464478542E-107   1.5272502464478542E-107   1.5272502464478542E-107   1.5272502464478542E-107   1.5272502464478542E-107   1.5272502464478542E-107   1.5272502464478542E-107   1.5272502464478542E-107   1.5272502464478542E-107   1.5272502464478542E-107
   1.0696212257693965E-107   1.0696212257693965E-107   1.0696212257693965E-107   1.0696212257693965E-107   1.0696212257693965E-107   1.0696212257693965E-107   1.0696212257693965E-107   1.0696212257693965E-107   1.0696212257693965E-107   1.0696212257693965E-107   1.0696212257693965E-107   1.0696212257693965E-107   1.0696212257693965E-107   1.0696212257693965E-107   1.0696212257693965E-107
   7.4911729055365901E-108   7.4911729055365901E-108   7.4911729055365901E-108   7.4911729055365901E-108   7.4911729055365901E-108   7.4911729055365901E-108   7.4911729055365901E-108   7.4911729055365901E-108   7.4911729055365901E-108   7.4911729055365901E-108   7.4911729055365901E-108   7.4911729055365901E-108   7.4911729055365901E-108   7.4911729055365901E-108   7.4911729055365901E-108
   5.2464994288309075E-108   5.2464994288309075E-108   5.2464994288309075E-108   5.2464994288309075E-108   5.2464994288309075E-108   5.2464994288309075E-108   5.2464994288309075E-108   5.2464994288309075E-108   5.2464994288309075E-108   5.2464994288309075E-108   5.2464994288309075E-108   5.2464994288309075E-108   5.2464994288309075E-108   5.2464994288309075E-108   5.2464994288309075E-108
   3.6744254342840241E-108   3.6744254342840241E-108   3.6744254342840241E-108   3.6744254342840241E-108   3.6744254342840241E-108   3.6744254342840241E-108   3.6744254342840241E-108   3.6744254342840241E-108   3.6744254342840241E-108   3.6744254342840241E-108   3.6744254342840241E-108   3.6744254342840241E-108   3.6744254342840241E-108   3.6744254342840241E-108   3.6744254342840241E-108
   2.5734115585564634E-108   2.5734115585564634E-108   2.5734115585564634E-108   2.5734115585564634E-108   2.5734115585564634E-108   2.5734115585564634E-108   2.5734115585564634E-108   2.5734115585564634E-108   2.5734115585564634E-108   2.5734115585564634E-108   2.5734115585564634E-108   2.5734115585564634E-108   2.5734115585564634E-108   2.5734115585564634E-108   2.5734115585564634E-108
   1.8023081888998565E-108   1.8023081888998565E-108   1.8023081888998565E-108   1.8023081888998565E-108   1.8023081888998565E-108   1.8023081888998565E-108   1.8023081888998565E-108   1.8023081888998565E-108   1.8023081888998565E-108   1.8023081888998565E-108   1.8023081888998565E-108   1.8023081888998565E-108   1.8023081888998565E-108   1.8023081888998565E-108   1.8023081888998565E-108
   1.2622601297390637E-108   1.2622601297390637E-108   1.2622601297390637E-108   1.2622601297390637E-108   1.2622601297390637E-108   1.2622601297390637E-108   1.2622601297390637E-108   1.2622601297390637E-108   1.2622601297390637E-108   1.2622601297390637E-108   1.2622601297390637E-108   1.2622601297390637E-108   1.2622601297390637E-108   1.2622601297390637E-108   1.2622601297390637E-108
   8.8403339947173008E-109   8.8403339947173008E-109   8.8403339947173008E-109   8.8403339947173008E-109   8.8403339947173008E-109   8.8403339947173008E-109   8.8403339947173008E-109   8.8403339947173008E-109   8.8403339947173008E-109   8.8403339947173008E-109   8.8403339947173008E-109   8.8403339947173008E-109   8.8403339947173008E-109   8.8403339947173008E-109   8.8403339947173008E-109
   6.1913945704923690E-109   6.1913945704923690E-109   6.1913945704923690E-109   6.1913945704923690E-109   6.1913945704923690E-109   6.1913945704923690E-109   6.1913945704923690E-109   6.1913945704923690E-109   6.1913945704923690E-109   6.1913945704923690E-109   6.1913945704923690E-109   6.1913945704923690E-109   6.1913945704923690E-109   6.1913945704923690E-109   6.1913945704923690E-109
   4.3361898713814598E-109   4.3361898713814598E-109   4.3361898713814598E-109   4.3361898713814598E-109   4.3361898713814598E-109   4.3361898713814598E-109   4.3361898713814598E-109   4.3361898713814598E-109   4.3361898713814598E-109   4.3361898713814598E-109   4.3361898713814598E-109   4.3361898713814598E-109   4.3361898713814598E-109   4.3361898713814598E-109   4.3361898713814598E-109
   3.0368832718693780E-109   3.0368832718693780E-109   3.0368832718693780E-109   3.0368832718693780E-109   3.0368832718693780E-109   3.0368832718693780E-109   3.0368832718693780E-109   3.0368832718693780E-109   3.0368832718693780E-109   3.0368832718693780E-109   3.0368832718693780E-109   3.0368832718693780E-109   3.0368832718693780E-109   3.0368832718693780E-109   3.0368832718693780E-109
   2.1269040979568115E-109   2.1269040979568115E-109   2.1269040979568115E-109   2.1269040979568115E-109   2.1269040979568115E-109   2.1269040979568115E-109   2.1269040979568115E-109   2.1269040979568115E-109   2.1269040979568115E-109   2.1269040979568115E-109   2.1269040979568115E-109   2.1269040979568115E-109   2.1269040979568115E-109   2.1269040979568115E-109   2.1269040979568115E-109
   1.4895933221433518E-109   1.4895933221433518E-109   1.4895933221433518E-109   1.4895933221433518E-109   1.4895933221433518E-109   1.4895933221433518E-109   1.4895933221433518E-109   1.4895933221433518E-109   1.4895933221433518E-109   1.4895933221433518E-109   1.4895933221433518E-109   1.4895933221433518E-109   1.4895933221433518E-109   1.4895933221433518E-109   1.4895933221433518E-109
   1.0432479148945283E-109   1.0432479148945283E-109   1.0432479148945283E-109   1.0432479148945283E-109   1.0432479148945283E-109   1.0432479148945283E-109   1.0432479148945283E-109   1.0432479148945283E-109   1.0432479148945283E-109   1.0432479148945283E-109   1.0432479148945283E-109   1.0432479148945283E-109   1.0432479148945283E-109   1.0432479148945283E-109   1.0432479148945283E-109
   7.3064654342417986E-110   7.3064654342417986E-110   7.3064654342417986E-110   7.3064654342417986E-110   7.3064654342417986E-110   7.3064654342417986E-110   7.3064654342417986E-110   7.3064654342417986E-110   7.3064654342417986E-110   7.3064654342417986E-110   7.3064654342417986E-110   7.3064654342417986E-110   7.3064654342417986E-110   7.3064654342417986E-110   7.3064654342417986E-110
   5.1171381585907494E-110   5.1171381585907494E-110   5.1171381585907494E-110   5.1171381585907494E-110   5.1171381585907494E-110   5.1171381585907494E-110   5.1171381585907494E-110   5.1171381585907494E-110   5.1171381585907494E-110   5.1171381585907494E-110   5.1171381585907494E-110   5.1171381585907494E-110   5.1171381585907494E-110   5.1171381585907494E-110   5.1171381585907494E-110
   3.5838262932701817E-110   3.5838262932701817E-110   3.5838262932701817E-110   3.5838262932701817E-110   3.5838262932701817E-110   3.5838262932701817E-110   3.5838262932701817E-110   3.5838262932701817E-110   3.5838262932701817E-110   3.5838262932701817E-110   3.5838262932701817E-110   3.5838262932701817E-110   3.5838262932701817E-110   3.5838262932701817E-110   3.5838262932701817E-110
   2.5099597670178691E-110   2.5099597670178691E-110   2.5099597670178691E-110   2.5099597670178691E-110   2.5099597670178691E-110   2.5099597670178691E-110   2.5099597670178691E-110   2.5099597670178691E-110   2.5099597670178691E-110   2.5099597670178691E-110   2.5099597670178691E-110   2.5099597670178691E-110   2.5099597670178691E-110   2.5099597670178691E-110   2.5099597670178691E-110
   1.7578692482608720E-110   1.7578692482608720E-110   1.7578692482608720E-110   1.7578692482608720E-110   1.7578692482608720E-110   1.7578692482608720E-110   1.7578692482608720E-110   1.7578692482608720E-110   1.7578692482608720E-110   1.7578692482608720E-110   1.7578692482608720E-110   1.7578692482608720E-110   1.7578692482608720E-110   1.7578692482608720E-110   1.7578692482608720E-110
   1.2311369825870365E-110   1.2311369825870365E-110   1.2311369825870365E-110   1.2311369825870365E-110   1.2311369825870365E-110   1.2311369825870365E-110   1.2311369825870365E-110   1.2311369825870365E-110   1.2311369825870365E-110   1.2311369825870365E-110   1.2311369825870365E-110   1.2311369825870365E-110   1.2311369825870365E-110   1.2311369825870365E-110   1.2311369825870365E-110
   8.6223606869114739E-111   8.6223606869114739E-111   8.6223606869114739E-111   8.6223606869114739E-111   8.6223606869114739E-111   8.6223606869114739E-111   8.6223606869114739E-111   8.6223606869114739E-111   8.6223606869114739E-111   8.6223606869114739E-111   8.6223606869114739E-111   8.6223606869114739E-111   8.6223606869114739E-111   8.6223606869114739E-111   8.6223606869114739E-111
   6.0387353208228539E-111   6.0387353208228539E-111   6.0387353208228539E-111   6.0387353208228539E-111   6.0387353208228539E-111   6.0387353208228539E-111   6.0387353208228539E-111   6.0387353208228539E-111   6.0387353208228539E-111   6.0387353208228539E-111   6.0387353208228539E-111   6.0387353208228539E-111   6.0387353208228539E-111   6.0387353208228539E-111   6.0387353208228539E-111
   4.2292738148044049E-111   4.2292738148044049E-111   4.2292738148044049E-111   4.2292738148044049E-111   4.2292738148044049E-111   4.2292738148044049E-111   4.2292738148044049E-111   4.2292738148044049E-111   4.2292738148044049E-111   4.2292738148044049E-111   4.2292738148044049E-111   4.2292738148044049E-111   4.2292738148044049E-111   4.2292738148044049E-111   4.2292738148044049E-111
   2.9620038054843781E-111   2.9620038054843781E-111   2.9620038054843781E-111   2.9620038054843781E-111   2.9620038054843781E-111   2.9620038054843781E-111   2.9620038054843781E-111   2.9620038054843781E-111   2.9620038054843781E-111   2.9620038054843781E-111   2.9620038054843781E-111   2.9620038054843781E-111   2.9620038054843781E-111   2.9620038054843781E-111   2.9620038054843781E-111
   2.0744616990729625E-111   2.0744616990729625E-111   2.0744616990729625E-111   2.0744616990729625E-111   2.0744616990729625E-111   2.0744616990729625E-111   2.0744616990729625E-111   2.0744616990729625E-111   2.0744616990729625E-111   2.0744616990729625E-111   2.0744616990729625E-111   2.0744616990729625E-111   2.0744616990729625E-111   2.0744616990729625E-111   2.0744616990729625E-111
   1.4528648926623999E-111   1.4528648926623999E-111   1.4528648926623999E-111   1.4528648926623999E-111   1.4528648926623999E-111   1.4528648926623999E-111   1.4528648926623999E-111   1.4528648926623999E-111   1.4528648926623999E-111   1.4528648926623999E-111   1.4528648926623999E-111   1.4528648926623999E-111   1.4528648926623999E-111   1.4528648926623999E-111   1.4528648926623999E-111
   1.0175248823703061E-111   1.0175248823703061E-111   1.0175248823703061E-111   1.0175248823703061E-111   1.0175248823703061E-111   1.0175248823703061E-111   1.0175248823703061E-111   1.0175248823703061E-111   1.0175248823703061E-111   1.0175248823703061E-111   1.0175248823703061E-111   1.0175248823703061E-111   1.0175248823703061E-111   1.0175248823703061E-111   1.0175248823703061E-111
   7.1263122364075904E-112   7.1263122364075904E-112   7.1263122364075904E-112   7.1263122364075904E-112   7.1263122364075904E-112   7.1263122364075904E-112   7.1263122364075904E-112   7.1263122364075904E-112   7.1263122364075904E-112   7.1263122364075904E-112   7.1263122364075904E-112   7.1263122364075904E-112   7.1263122364075904E-112   7.1263122364075904E-112   7.1263122364075904E-112
   4.9909665081085194E-112   4.9909665081085194E-112   4.9909665081085194E-112   4.9909665081085194E-112   4.9909665081085194E-112   4.9909665081085194E-112   4.9909665081085194E-112   4.9909665081085194E-112   4.9909665081085194E-112   4.9909665081085194E-112   4.9909665081085194E-112   4.9909665081085194E-112   4.9909665081085194E-112   4.9909665081085194E-112   4.9909665081085194E-112
   3.4954610265039553E-112   3.4954610265039553E-112   3.4954610265039553E-112   3.4954610265039553E-112   3.4954610265039553E-112   3.4954610265039553E-112   3.4954610265039553E-112   3.4954610265039553E-112   3.4954610265039553E-112   3.4954610265039553E-112   3.4954610265039553E-112   3.4954610265039553E-112   3.4954610265039553E-112   3.4954610265039553E-112   3.4954610265039553E-112
   2.4480724861522993E-112   2.4480724861522993E-112   2.4480724861522993E-112   2.4480724861522993E-112   2.4480724861522993E-112   2.4480724861522993E-112   2.4480724861522993E-112   2.4480724861522993E-112   2.4480724861522993E-112   2.4480724861522993E-112   2.4480724861522993E-112   2.4480724861522993E-112   2.4480724861522993E-112   2.4480724861522993E-112   2.4480724861522993E-112
   1.7145260244683536E-112   1.7145260244683536E-112   1.7145260244683536E-112   1.7145260244683536E-112   1.7145260244683536E-112   1.7145260244683536E-112   1.7145260244683536E-112   1.7145260244683536E-112   1.7145260244683536E-112   1.7145260244683536E-112   1.7145260244683536E-112   1.7145260244683536E-112   1.7145260244683536E-112   1.7145260244683536E-112   1.7145260244683536E-112
   1.2007812289902870E-112   1.2007812289902870E-112   1.2007812289902870E-112   1.2007812289902870E-112   1.2007812289902870E-112   1.2007812289902870E-112   1.2007812289902870E-112   1.2007812289902870E-112   1.2007812289902870E-112   1.2007812289902870E-112   1.2007812289902870E-112   1.2007812289902870E-112   1.2007812289902870E-112   1.2007812289902870E-112   1.2007812289902870E-112
   8.4097618777324684E-113   8.4097618777324684E-113   8.4097618777324684E-113   8.4097618777324684E-113   8.4097618777324684E-113   8.4097618777324684E-113   8.4097618777324684E-113   8.4097618777324684E-113   8.4097618777324684E-113   8.4097618777324684E-113   8.4097618777324684E-113   8.4097618777324684E-113   8.4097618777324684E-113   8.4097618777324684E-113   8.4097618777324684E-113
   5.8898401417911045E-113   5.8898401417911045E-113   5.8898401417911045E-113   5.8898401417911045E-113   5.8898401417911045E-113   5.8898401417911045E-113   5.8898401417911045E-113   5.8898401417911045E-113   5.8898401417911045E-113   5.8898401417911045E-113   5.8898401417911045E-113   5.8898401417911045E-113   5.8898401417911045E-113   5.8898401417911045E-113   5.8898401417911045E-113
   4.1249939534801007E-113   4.1249939534801007E-113   4.1249939534801007E-113   4.1249939534801007E-113   4.1249939534801007E-113   4.1249939534801007E-113   4.1249939534801007E-113   4.1249939534801007E-113   4.1249939534801007E-113   4.1249939534801007E-113   4.1249939534801007E-113   4.1249939534801007E-113   4.1249939534801007E-113   4.1249939534801007E-113   4.1249939534801007E-113
   2.8889706183219067E-113   2.8889706183219067E-113   2.8889706183219067E-113   2.8889706183219067E-113   2.8889706183219067E-113   2.8889706183219067E-113   2.8889706183219067E-113   2.8889706183219067E-113   2.8889706183219067E-113   2.8889706183219067E-113   2.8889706183219067E-113   2.8889706183219067E-113   2.8889706183219067E-113   2.8889706183219067E-113   2.8889706183219067E-113
   2.0233123557637963E-113   2.0233123557637963E-113   2.0233123557637963E-113   2.0233123557637963E-113   2.0233123557637963E-113   2.0233123557637963E-113   2.0233123557637963E-113   2.0233123557637963E-113   2.0233123557637963E-113   2.0233123557637963E-113   2.0233123557637963E-113   2.0233123557637963E-113   2.0233123557637963E-113   2.0233123557637963E-113   2.0233123557637963E-113
   1.4170420644029840E-113   1.4170420644029840E-113   1.4170420644029840E-113   1.4170420644029840E-113   1.4170420644029840E-113   1.4170420644029840E-113   1.4170420644029840E-113   1.4170420644029840E-113   1.4170420644029840E-113   1.4170420644029840E-113   1.4170420644029840E-113   1.4170420644029840E-113   1.4170420644029840E-113   1.4170420644029840E-113   1.4170420644029840E-113
   9.9243609448994575E-114   9.9243609448994575E-114   9.9243609448994575E-114   9.9243609448994575E-114   9.9243609448994575E-114   9.9243609448994575E-114   9.9243609448994575E-114   9.9243609448994575E-114   9.9243609448994575E-114   9.9243609448994575E-114   9.9243609448994575E-114   9.9243609448994575E-114   9.9243609448994575E-114   9.9243609448994575E-114   9.9243609448994575E-114
   6.9506010187595783E-114   6.9506010187595783E-114   6.9506010187595783E-114   6.9506010187595783E-114   6.9506010187595783E-114   6.9506010187595783E-114   6.9506010187595783E-114   6.9506010187595783E-114   6.9506010187595783E-114   6.9506010187595783E-114   6.9506010187595783E-114   6.9506010187595783E-114   6.9506010187595783E-114   6.9506010187595783E-114   6.9506010187595783E-114
   4.8679058319428281E-114   4.8679058319428281E-114   4.8679058319428281E-114   4.8679058319428281E-114   4.8679058319428281E-114   4.8679058319428281E-114   4.8679058319428281E-114   4.8679058319428281E-114   4.8679058319428281E-114   4.8679058319428281E-114   4.8679058319428281E-114   4.8679058319428281E-114   4.8679058319428281E-114   4.8679058319428281E-114   4.8679058319428281E-114
   3.4092745540574791E-114   3.4092745540574791E-114   3.4092745540574791E-114   3.4092745540574791E-114   3.4092745540574791E-114   3.4092745540574791E-114   3.4092745540574791E-114   3.4092745540574791E-114   3.4092745540574791E-114   3.4092745540574791E-114   3.4092745540574791E-114   3.4092745540574791E-114   3.4092745540574791E-114   3.4092745540574791E-114   3.4092745540574791E-114
   2.3877111403169659E-114   2.3877111403169659E-114   2.3877111403169659E-114   2.3877111403169659E-114   2.3877111403169659E-114   2.3877111403169659E-114   2.3877111403169659E-114   2.3877111403169659E-114   2.3877111403169659E-114   2.3877111403169659E-114   2.3877111403169659E-114   2.3877111403169659E-114   2.3877111403169659E-114   2.3877111403169659E-114   2.3877111403169659E-114
   1.6722515007800183E-114   1.6722515007800183E-114   1.6722515007800183E-114   1.6722515007800183E-114   1.6722515007800183E-114   1.6722515007800183E-114   1.6722515007800183E-114   1.6722515007800183E-114   1.6722515007800183E-114   1.6722515007800183E-114   1.6722515007800183E-114   1.6722515007800183E-114   1.6722515007800183E-114   1.6722515007800183E-114   1.6722515007800183E-114
   1.1711739475696391E-114   1.1711739475696391E-114   1.1711739475696391E-114   1.1711739475696391E-114   1.1711739475696391E-114   1.1711739475696391E-114   1.1711739475696391E-114   1.1711739475696391E-114   1.1711739475696391E-114   1.1711739475696391E-114   1.1711739475696391E-114   1.1711739475696391E-114   1.1711739475696391E-114   1.1711739475696391E-114   1.1711739475696391E-114
   8.2024050498746652E-115   8.2024050498746652E-115   8.2024050498746652E-115   8.2024050498746652E-115   8.2024050498746652E-115   8.2024050498746652E-115   8.2024050498746652E-115   8.2024050498746652E-115   8.2024050498746652E-115   8.2024050498746652E-115   8.2024050498746652E-115   8.2024050498746652E-115   8.2024050498746652E-115   8.2024050498746652E-115   8.2024050498746652E-115
   5.7446162239028696E-115   5.7446162239028696E-115   5.7446162239028696E-115   5.7446162239028696E-115   5.7446162239028696E-115   5.7446162239028696E-115   5.7446162239028696E-115   5.7446162239028696E-115   5.7446162239028696E-115   5.7446162239028696E-115   5.7446162239028696E-115   5.7446162239028696E-115   5.7446162239028696E-115   5.7446162239028696E-115   5.7446162239028696E-115
   4.0232852875794484E-115   4.0232852875794484E-115   4.0232852875794484E-115   4.0232852875794484E-115   4.0232852875794484E-115   4.0232852875794484E-115   4.0232852875794484E-115   4.0232852875794484E-115   4.0232852875794484E-115   4.0232852875794484E-115   4.0232852875794484E-115   4.0232852875794484E-115   4.0232852875794484E-115   4.0232852875794484E-115   4.0232852875794484E-115
   2.8177381872615306E-115   2.8177381872615306E-115   2.8177381872615306E-115   2.8177381872615306E-115   2.8177381872615306E-115   2.8177381872615306E-115   2.8177381872615306E-115   2.8177381872615306E-115   2.8177381872615306E-115   2.8177381872615306E-115   2.8177381872615306E-115   2.8177381872615306E-115   2.8177381872615306E-115   2.8177381872615306E-115   2.8177381872615306E-115
   1.9734241855686745E-115   1.9734241855686745E-115   1.9734241855686745E-115   1.9734241855686745E-115   1.9734241855686745E-115   1.9734241855686745E-115   1.9734241855686745E-115   1.9734241855686745E-115   1.9734241855686745E-115   1.9734241855686745E-115   1.9734241855686745E-115   1.9734241855686745E-115   1.9734241855686745E-115   1.9734241855686745E-115   1.9734241855686745E-115
   1.3821025082434063E-115   1.3821025082434063E-115   1.3821025082434063E-115   1.3821025082434063E-115   1.3821025082434063E-115   1.3821025082434063E-115   1.3821025082434063E-115   1.3821025082434063E-115   1.3821025082434063E-115   1.3821025082434063E-115   1.3821025082434063E-115   1.3821025082434063E-115   1.3821025082434063E-115   1.3821025082434063E-115   1.3821025082434063E-115
   9.6796591288469327E-116   9.6796591288469327E-116   9.6796591288469327E-116   9.6796591288469327E-116   9.6796591288469327E-116   9.6796591288469327E-116   9.6796591288469327E-116   9.6796591288469327E-116   9.6796591288469327E-116   9.6796591288469327E-116   9.6796591288469327E-116   9.6796591288469327E-116   9.6796591288469327E-116   9.6796591288469327E-116   9.6796591288469327E-116
   6.7792222568030111E-116   6.7792222568030111E-116   6.7792222568030111E-116   6.7792222568030111E-116   6.7792222568030111E-116   6.7792222568030111E-116   6.7792222568030111E-116   6.7792222568030111E-116   6.7792222568030111E-116   6.7792222568030111E-116   6.7792222568030111E-116   6.7792222568030111E-116   6.7792222568030111E-116   6.7792222568030111E-116   6.7792222568030111E-116
   4.7478794237879255E-116   4.7478794237879255E-116   4.7478794237879255E-116   4.7478794237879255E-116   4.7478794237879255E-116   4.7478794237879255E-116   4.7478794237879255E-116   4.7478794237879255E-116   4.7478794237879255E-116   4.7478794237879255E-116   4.7478794237879255E-116   4.7478794237879255E-116   4.7478794237879255E-116   4.7478794237879255E-116   4.7478794237879255E-116
   3.3252131540911330E-116   3.3252131540911330E-116   3.3252131540911330E-116   3.3252131540911330E-116   3.3252131540911330E-116   3.3252131540911330E-116   3.3252131540911330E-116   3.3252131540911330E-116   3.3252131540911330E-116   3.3252131540911330E-116   3.3252131540911330E-116   3.3252131540911330E-116   3.3252131540911330E-116   3.3252131540911330E-116   3.3252131540911330E-116
   2.3288381050164154E-116   2.3288381050164154E-116   2.3288381050164154E-116   2.3288381050164154E-116   2.3288381050164154E-116   2.3288381050164154E-116   2.3288381050164154E-116   2.3288381050164154E-116   2.3288381050164154E-116   2.3288381050164154E-116   2.3288381050164154E-116   2.3288381050164154E-116   2.3288381050164154E-116   2.3288381050164154E-116   2.3288381050164154E-116
   1.6310193265967723E-116   1.6310193265967723E-116   1.6310193265967723E-116   1.6310193265967723E-116   1.6310193265967723E-116   1.6310193265967723E-116   1.6310193265967723E-116   1.6310193265967723E-116   1.6310193265967723E-116   1.6310193265967723E-116   1.6310193265967723E-116   1.6310193265967723E-116   1.6310193265967723E-116   1.6310193265967723E-116   1.6310193265967723E-116
   1.1422966834843328E-116   1.1422966834843328E-116   1.1422966834843328E-116   1.1422966834843328E-116   1.1422966834843328E-116   1.1422966834843328E-116   1.1422966834843328E-116   1.1422966834843328E-116   1.1422966834843328E-116   1.1422966834843328E-116   1.1422966834843328E-116   1.1422966834843328E-116   1.1422966834843328E-116   1.1422966834843328E-116   1.1422966834843328E-116
   8.0001609534691454E-117   8.0001609534691454E-117   8.0001609534691454E-117   8.0001609534691454E-117   8.0001609534691454E-117   8.0001609534691454E-117   8.0001609534691454E-117   8.0001609534691454E-117   8.0001609534691454E-117   8.0001609534691454E-117   8.0001609534691454E-117   8.0001609534691454E-117   8.0001609534691454E-117   8.0001609534691454E-117   8.0001609534691454E-117
   5.6029730460379330E-117   5.6029730460379330E-117   5.6029730460379330E-117   5.6029730460379330E-117   5.6029730460379330E-117   5.6029730460379330E-117   5.6029730460379330E-117   5.6029730460379330E-117   5.6029730460379330E-117   5.6029730460379330E-117   5.6029730460379330E-117   5.6029730460379330E-117   5.6029730460379330E-117   5.6029730460379330E-117   5.6029730460379330E-117
   3.9240844199533762E-117   3.9240844199533762E-117   3.9240844199533762E-117   3.9240844199533762E-117   3.9240844199533762E-117   3.9240844199533762E-117   3.9240844199533762E-117   3.9240844199533762E-117   3.9240844199533762E-117   3.9240844199533762E-117   3.9240844199533762E-117   3.9240844199533762E-117   3.9240844199533762E-117   3.9240844199533762E-117   3.9240844199533762E-117
   2.7482621116318948E-117   2.7482621116318948E-117   2.7482621116318948E-117   2.7482621116318948E-117   2.7482621116318948E-117   2.7482621116318948E-117   2.7482621116318948E-117   2.7482621116318948E-117   2.7482621116318948E-117   2.7482621116318948E-117   2.7482621116318948E-117   2.7482621116318948E-117   2.7482621116318948E-117   2.7482621116318948E-117   2.7482621116318948E-117
   1.9247660921426242E-117   1.9247660921426242E-117   1.9247660921426242E-117   1.9247660921426242E-117   1.9247660921426242E-117   1.9247660921426242E-117   1.9247660921426242E-117   1.9247660921426242E-117   1.9247660921426242E-117   1.9247660921426242E-117   1.9247660921426242E-117   1.9247660921426242E-117   1.9247660921426242E-117   1.9247660921426242E-117   1.9247660921426242E-117
   1.3480244456239838E-117   1.3480244456239838E-117   1.3480244456239838E-117   1.3480244456239838E-117   1.3480244456239838E-117   1.3480244456239838E-117   1.3480244456239838E-117   1.3480244456239838E-117   1.3480244456239838E-117   1.3480244456239838E-117   1.3480244456239838E-117   1.3480244456239838E-117   1.3480244456239838E-117   1.3480244456239838E-117   1.3480244456239838E-117
   9.4409908477606255E-118   9.4409908477606255E-118   9.4409908477606255E-118   9.4409908477606255E-118   9.4409908477606255E-118   9.4409908477606255E-118   9.4409908477606255E-118   9.4409908477606255E-118   9.4409908477606255E-118   9.4409908477606255E-118   9.4409908477606255E-118   9.4409908477606255E-118   9.4409908477606255E-118   9.4409908477606255E-118   9.4409908477606255E-118
   6.6120691265536941E-118   6.6120691265536941E-118   6.6120691265536941E-118   6.6120691265536941E-118   6.6120691265536941E-118   6.6120691265536941E-118   6.6120691265536941E-118   6.6120691265536941E-118   6.6120691265536941E-118   6.6120691265536941E-118   6.6120691265536941E-118   6.6120691265536941E-118   6.6120691265536941E-118   6.6120691265536941E-118   6.6120691265536941E-118
   4.6308124686610208E-118   4.6308124686610208E-118   4.6308124686610208E-118   4.6308124686610208E-118   4.6308124686610208E-118   4.6308124686610208E-118   4.6308124686610208E-118   4.6308124686610208E-118   4.6308124686610208E-118   4.6308124686610208E-118   4.6308124686610208E-118   4.6308124686610208E-118   4.6308124686610208E-118   4.6308124686610208E-118   4.6308124686610208E-118
   3.2432244293676217E-118   3.2432244293676217E-118   3.2432244293676217E-118   3.2432244293676217E-118   3.2432244293676217E-118   3.2432244293676217E-118   3.2432244293676217E-118   3.2432244293676217E-118   3.2432244293676217E-118   3.2432244293676217E-118   3.2432244293676217E-118   3.2432244293676217E-118   3.2432244293676217E-118   3.2432244293676217E-118   3.2432244293676217E-118
   2.2714166834504343E-118   2.2714166834504343E-118   2.2714166834504343E-118   2.2714166834504343E-118   2.2714166834504343E-118   2.2714166834504343E-118   2.2714166834504343E-118   2.2714166834504343E-118   2.2714166834504343E-118   2.2714166834504343E-118   2.2714166834504343E-118   2.2714166834504343E-118   2.2714166834504343E-118   2.2714166834504343E-118   2.2714166834504343E-118
   1.5908038010378942E-118   1.5908038010378942E-118   1.5908038010378942E-118   1.5908038010378942E-118   1.5908038010378942E-118   1.5908038010378942E-118   1.5908038010378942E-118   1.5908038010378942E-118   1.5908038010378942E-118   1.5908038010378942E-118   1.5908038010378942E-118   1.5908038010378942E-118   1.5908038010378942E-118   1.5908038010378942E-118   1.5908038010378942E-118
   1.1141314369287682E-118   1.1141314369287682E-118   1.1141314369287682E-118   1.1141314369287682E-118   1.1141314369287682E-118   1.1141314369287682E-118   1.1141314369287682E-118   1.1141314369287682E-118   1.1141314369287682E-118   1.1141314369287682E-118   1.1141314369287682E-118   1.1141314369287682E-118   1.1141314369287682E-118   1.1141314369287682E-118   1.1141314369287682E-118
   7.8029035255203050E-119   7.8029035255203050E-119   7.8029035255203050E-119   7.8029035255203050E-119   7.8029035255203050E-119   7.8029035255203050E-119   7.8029035255203050E-119   7.8029035255203050E-119   7.8029035255203050E-119   7.8029035255203050E-119   7.8029035255203050E-119   7.8029035255203050E-119   7.8029035255203050E-119   7.8029035255203050E-119   7.8029035255203050E-119
   5.4648223190267767E-119   5.4648223190267767E-119   5.4648223190267767E-119   5.4648223190267767E-119   5.4648223190267767E-119   5.4648223190267767E-119   5.4648223190267767E-119   5.4648223190267767E-119   5.4648223190267767E-119   5.4648223190267767E-119   5.4648223190267767E-119   5.4648223190267767E-119   5.4648223190267767E-119   5.4648223190267767E-119   5.4648223190267767E-119
   3.8273295166162873E-119   3.8273295166162873E-119   3.8273295166162873E-119   3.8273295166162873E-119   3.8273295166162873E-119   3.8273295166162873E-119   3.8273295166162873E-119   3.8273295166162873E-119   3.8273295166162873E-119   3.8273295166162873E-119   3.8273295166162873E-119   3.8273295166162873E-119   3.8273295166162873E-119   3.8273295166162873E-119   3.8273295166162873E-119
   2.6804990855349540E-119   2.6804990855349540E-119   2.6804990855349540E-119   2.6804990855349540E-119   2.6804990855349540E-119   2.6804990855349540E-119   2.6804990855349540E-119   2.6804990855349540E-119   2.6804990855349540E-119   2.6804990855349540E-119   2.6804990855349540E-119   2.6804990855349540E-119   2.6804990855349540E-119   2.6804990855349540E-119   2.6804990855349540E-119
   1.8773077458734151E-119   1.8773077458734151E-119   1.8773077458734151E-119   1.8773077458734151E-119   1.8773077458734151E-119   1.8773077458734151E-119   1.8773077458734151E-119   1.8773077458734151E-119   1.8773077458734151E-119   1.8773077458734151E-119   1.8773077458734151E-119   1.8773077458734151E-119   1.8773077458734151E-119   1.8773077458734151E-119   1.8773077458734151E-119
   1.3147866349721089E-119   1.3147866349721089E-119   1.3147866349721089E-119   1.3147866349721089E-119   1.3147866349721089E-119   1.3147866349721089E-119   1.3147866349721089E-119   1.3147866349721089E-119   1.3147866349721089E-119   1.3147866349721089E-119   1.3147866349721089E-119   1.3147866349721089E-119   1.3147866349721089E-119   1.3147866349721089E-119   1.3147866349721089E-119
   9.2082073346851680E-120   9.2082073346851680E-120   9.2082073346851680E-120   9.2082073346851680E-120   9.2082073346851680E-120   9.2082073346851680E-120   9.2082073346851680E-120   9.2082073346851680E-120   9.2082073346851680E-120   9.2082073346851680E-120   9.2082073346851680E-120   9.2082073346851680E-120   9.2082073346851680E-120   9.2082073346851680E-120   9.2082073346851680E-120
   6.4490374379526965E-120   6.4490374379526965E-120   6.4490374379526965E-120   6.4490374379526965E-120   6.4490374379526965E-120   6.4490374379526965E-120   6.4490374379526965E-120   6.4490374379526965E-120   6.4490374379526965E-120   6.4490374379526965E-120   6.4490374379526965E-120   6.4490374379526965E-120   6.4490374379526965E-120   6.4490374379526965E-120   6.4490374379526965E-120
   4.5166319962687279E-120   4.5166319962687279E-120   4.5166319962687279E-120   4.5166319962687279E-120   4.5166319962687279E-120   4.5166319962687279E-120   4.5166319962687279E-120   4.5166319962687279E-120   4.5166319962687279E-120   4.5166319962687279E-120   4.5166319962687279E-120   4.5166319962687279E-120   4.5166319962687279E-120   4.5166319962687279E-120   4.5166319962687279E-120
   3.1632572745917509E-120   3.1632572745917509E-120   3.1632572745917509E-120   3.1632572745917509E-120   3.1632572745917509E-120   3.1632572745917509E-120   3.1632572745917509E-120   3.1632572745917509E-120   3.1632572745917509E-120   3.1632572745917509E-120   3.1632572745917509E-120   3.1632572745917509E-120   3.1632572745917509E-120   3.1632572745917509E-120   3.1632572745917509E-120
   2.2154110836401896E-120   2.2154110836401896E-120   2.2154110836401896E-120   2.2154110836401896E-120   2.2154110836401896E-120   2.2154110836401896E-120   2.2154110836401896E-120   2.2154110836401896E-120   2.2154110836401896E-120   2.2154110836401896E-120   2.2154110836401896E-120   2.2154110836401896E-120   2.2154110836401896E-120   2.2154110836401896E-120   2.2154110836401896E-120
   1.5515798569211326E-120   1.5515798569211326E-120   1.5515798569211326E-120   1.5515798569211326E-120   1.5515798569211326E-120   1.5515798569211326E-120   1.5515798569211326E-120   1.5515798569211326E-120   1.5515798569211326E-120   1.5515798569211326E-120   1.5515798569211326E-120   1.5515798569211326E-120   1.5515798569211326E-120   1.5515798569211326E-120   1.5515798569211326E-120
   1.0866606519128487E-120   1.0866606519128487E-120   1.0866606519128487E-120   1.0866606519128487E-120   1.0866606519128487E-120   1.0866606519128487E-120   1.0866606519128487E-120   1.0866606519128487E-120   1.0866606519128487E-120   1.0866606519128487E-120   1.0866606519128487E-120   1.0866606519128487E-120   1.0866606519128487E-120   1.0866606519128487E-120   1.0866606519128487E-120
   7.6105098113276170E-121   7.6105098113276170E-121   7.6105098113276170E-121   7.6105098113276170E-121   7.6105098113276170E-121   7.6105098113276170E-121   7.6105098113276170E-121   7.6105098113276170E-121   7.6105098113276170E-121   7.6105098113276170E-121   7.6105098113276170E-121   7.6105098113276170E-121   7.6105098113276170E-121   7.6105098113276170E-121   7.6105098113276170E-121
   5.3300779306177767E-121   5.3300779306177767E-121   5.3300779306177767E-121   5.3300779306177767E-121   5.3300779306177767E-121   5.3300779306177767E-121   5.3300779306177767E-121   5.3300779306177767E-121   5.3300779306177767E-121   5.3300779306177767E-121   5.3300779306177767E-121   5.3300779306177767E-121   5.3300779306177767E-121   5.3300779306177767E-121   5.3300779306177767E-121
   3.7329602682034681E-121   3.7329602682034681E-121   3.7329602682034681E-121   3.7329602682034681E-121   3.7329602682034681E-121   3.7329602682034681E-121   3.7329602682034681E-121   3.7329602682034681E-121   3.7329602682034681E-121   3.7329602682034681E-121   3.7329602682034681E-121   3.7329602682034681E-121   3.7329602682034681E-121   3.7329602682034681E-121   3.7329602682034681E-121
   2.6144068708523659E-121   2.6144068708523659E-121   2.6144068708523659E-121   2.6144068708523659E-121   2.6144068708523659E-121   2.6144068708523659E-121   2.6144068708523659E-121   2.6144068708523659E-121   2.6144068708523659E-121   2.6144068708523659E-121   2.6144068708523659E-121   2.6144068708523659E-121   2.6144068708523659E-121   2.6144068708523659E-121   2.6144068708523659E-121
   1.8310195649763917E-121   1.8310195649763917E-121   1.8310195649763917E-121   1.8310195649763917E-121   1.8310195649763917E-121   1.8310195649763917E-121   1.8310195649763917E-121   1.8310195649763917E-121   1.8310195649763917E-121   1.8310195649763917E-121   1.8310195649763917E-121   1.8310195649763917E-121   1.8310195649763917E-121   1.8310195649763917E-121   1.8310195649763917E-121
   1.2823683584618520E-121   1.2823683584618520E-121   1.2823683584618520E-121   1.2823683584618520E-121   1.2823683584618520E-121   1.2823683584618520E-121   1.2823683584618520E-121   1.2823683584618520E-121   1.2823683584618520E-121   1.2823683584618520E-121   1.2823683584618520E-121   1.2823683584618520E-121   1.2823683584618520E-121   1.2823683584618520E-121   1.2823683584618520E-121
   8.9811634907644974E-122   8.9811634907644974E-122   8.9811634907644974E-122   8.9811634907644974E-122   8.9811634907644974E-122   8.9811634907644974E-122   8.9811634907644974E-122   8.9811634907644974E-122   8.9811634907644974E-122   8.9811634907644974E-122   8.9811634907644974E-122   8.9811634907644974E-122   8.9811634907644974E-122   8.9811634907644974E-122   8.9811634907644974E-122
   6.2900255699221233E-122   6.2900255699221233E-122   6.2900255699221233E-122   6.2900255699221233E-122   6.2900255699221233E-122   6.2900255699221233E-122   6.2900255699221233E-122   6.2900255699221233E-122   6.2900255699221233E-122   6.2900255699221233E-122   6.2900255699221233E-122   6.2900255699221233E-122   6.2900255699221233E-122   6.2900255699221233E-122   6.2900255699221233E-122
   4.4052668355229221E-122   4.4052668355229221E-122   4.4052668355229221E-122   4.4052668355229221E-122   4.4052668355229221E-122   4.4052668355229221E-122   4.4052668355229221E-122   4.4052668355229221E-122   4.4052668355229221E-122   4.4052668355229221E-122   4.4052668355229221E-122   4.4052668355229221E-122   4.4052668355229221E-122   4.4052668355229221E-122   4.4052668355229221E-122
   3.0852618445553369E-122   3.0852618445553369E-122   3.0852618445553369E-122   3.0852618445553369E-122   3.0852618445553369E-122   3.0852618445553369E-122   3.0852618445553369E-122   3.0852618445553369E-122   3.0852618445553369E-122   3.0852618445553369E-122   3.0852618445553369E-122   3.0852618445553369E-122   3.0852618445553369E-122   3.0852618445553369E-122   3.0852618445553369E-122
   2.1607863961182883E-122   2.1607863961182883E-122   2.1607863961182883E-122   2.1607863961182883E-122   2.1607863961182883E-122   2.1607863961182883E-122   2.1607863961182883E-122   2.1607863961182883E-122   2.1607863961182883E-122   2.1607863961182883E-122   2.1607863961182883E-122   2.1607863961182883E-122   2.1607863961182883E-122   2.1607863961182883E-122   2.1607863961182883E-122
   1.5133230451377724E-122   1.5133230451377724E-122   1.5133230451377724E-122   1.5133230451377724E-122   1.5133230451377724E-122   1.5133230451377724E-122   1.5133230451377724E-122   1.5133230451377724E-122   1.5133230451377724E-122   1.5133230451377724E-122   1.5133230451377724E-122   1.5133230451377724E-122   1.5133230451377724E-122   1.5133230451377724E-122   1.5133230451377724E-122
   1.0598672053189342E-122   1.0598672053189342E-122   1.0598672053189342E-122   1.0598672053189342E-122   1.0598672053189342E-122   1.0598672053189342E-122   1.0598672053189342E-122   1.0598672053189342E-122   1.0598672053189342E-122   1.0598672053189342E-122   1.0598672053189342E-122   1.0598672053189342E-122   1.0598672053189342E-122   1.0598672053189342E-122   1.0598672053189342E-122
   7.4228598878456712E-123   7.4228598878456712E-123   7.4228598878456712E-123   7.4228598878456712E-123   7.4228598878456712E-123   7.4228598878456712E-123   7.4228598878456712E-123   7.4228598878456712E-123   7.4228598878456712E-123   7.4228598878456712E-123   7.4228598878456712E-123   7.4228598878456712E-123   7.4228598878456712E-123   7.4228598878456712E-123   7.4228598878456712E-123
   5.1986558918018546E-123   5.1986558918018546E-123   5.1986558918018546E-123   5.1986558918018546E-123   5.1986558918018546E-123   5.1986558918018546E-123   5.1986558918018546E-123   5.1986558918018546E-123   5.1986558918018546E-123   5.1986558918018546E-123   5.1986558918018546E-123   5.1986558918018546E-123   5.1986558918018546E-123   5.1986558918018546E-123   5.1986558918018546E-123
   3.6409178523791146E-123   3.6409178523791146E-123   3.6409178523791146E-123   3.6409178523791146E-123   3.6409178523791146E-123   3.6409178523791146E-123   3.6409178523791146E-123   3.6409178523791146E-123   3.6409178523791146E-123   3.6409178523791146E-123   3.6409178523791146E-123   3.6409178523791146E-123   3.6409178523791146E-123   3.6409178523791146E-123   3.6409178523791146E-123
   2.5499442709177476E-123   2.5499442709177476E-123   2.5499442709177476E-123   2.5499442709177476E-123   2.5499442709177476E-123   2.5499442709177476E-123   2.5499442709177476E-123   2.5499442709177476E-123   2.5499442709177476E-123   2.5499442709177476E-123   2.5499442709177476E-123   2.5499442709177476E-123   2.5499442709177476E-123   2.5499442709177476E-123   2.5499442709177476E-123
   1.7858726970556194E-123   1.7858726970556194E-123   1.7858726970556194E-123   1.7858726970556194E-123   1.7858726970556194E-123   1.7858726970556194E-123   1.7858726970556194E-123   1.7858726970556194E-123   1.7858726970556194E-123   1.7858726970556194E-123   1.7858726970556194E-123   1.7858726970556194E-123   1.7858726970556194E-123   1.7858726970556194E-123   1.7858726970556194E-123
   1.2507494091001594E-123   1.2507494091001594E-123   1.2507494091001594E-123   1.2507494091001594E-123   1.2507494091001594E-123   1.2507494091001594E-123   1.2507494091001594E-123   1.2507494091001594E-123   1.2507494091001594E-123   1.2507494091001594E-123   1.2507494091001594E-123   1.2507494091001594E-123   1.2507494091001594E-123   1.2507494091001594E-123   1.2507494091001594E-123
   8.7597177947991223E-124   8.7597177947991223E-124   8.7597177947991223E-124   8.7597177947991223E-124   8.7597177947991223E-124   8.7597177947991223E-124   8.7597177947991223E-124   8.7597177947991223E-124   8.7597177947991223E-124   8.7597177947991223E-124   8.7597177947991223E-124   8.7597177947991223E-124   8.7597177947991223E-124   8.7597177947991223E-124   8.7597177947991223E-124
   6.1349344070228187E-124   6.1349344070228187E-124   6.1349344070228187E-124   6.1349344070228187E-124   6.1349344070228187E-124   6.1349344070228187E-124   6.1349344070228187E-124   6.1349344070228187E-124   6.1349344070228187E-124   6.1349344070228187E-124   6.1349344070228187E-124   6.1349344070228187E-124   6.1349344070228187E-124   6.1349344070228187E-124   6.1349344070228187E-124
   4.2966475701784376E-124   4.2966475701784376E-124   4.2966475701784376E-124   4.2966475701784376E-124   4.2966475701784376E-124   4.2966475701784376E-124   4.2966475701784376E-124   4.2966475701784376E-124   4.2966475701784376E-124   4.2966475701784376E-124   4.2966475701784376E-124   4.2966475701784376E-124   4.2966475701784376E-124   4.2966475701784376E-124   4.2966475701784376E-124
   3.0091895230676400E-124   3.0091895230676400E-124   3.0091895230676400E-124   3.0091895230676400E-124   3.0091895230676400E-124   3.0091895230676400E-124   3.0091895230676400E-124   3.0091895230676400E-124   3.0091895230676400E-124   3.0091895230676400E-124   3.0091895230676400E-124   3.0091895230676400E-124   3.0091895230676400E-124   3.0091895230676400E-124   3.0091895230676400E-124
   2.1075085721689763E-124   2.1075085721689763E-124   2.1075085721689763E-124   2.1075085721689763E-124   2.1075085721689763E-124   2.1075085721689763E-124   2.1075085721689763E-124   2.1075085721689763E-124   2.1075085721689763E-124   2.1075085721689763E-124   2.1075085721689763E-124   2.1075085721689763E-124   2.1075085721689763E-124   2.1075085721689763E-124   2.1075085721689763E-124
   1.4760095194130009E-124   1.4760095194130009E-124   1.4760095194130009E-124   1.4760095194130009E-124   1.4760095194130009E-124   1.4760095194130009E-124   1.4760095194130009E-124   1.4760095194130009E-124   1.4760095194130009E-124   1.4760095194130009E-124   1.4760095194130009E-124   1.4760095194130009E-124   1.4760095194130009E-124   1.4760095194130009E-124   1.4760095194130009E-124
   1.0337343962286514E-124   1.0337343962286514E-124   1.0337343962286514E-124   1.0337343962286514E-124   1.0337343962286514E-124   1.0337343962286514E-124   1.0337343962286514E-124   1.0337343962286514E-124   1.0337343962286514E-124   1.0337343962286514E-124   1.0337343962286514E-124   1.0337343962286514E-124   1.0337343962286514E-124   1.0337343962286514E-124   1.0337343962286514E-124
   7.2398367889334054E-125   7.2398367889334054E-125   7.2398367889334054E-125   7.2398367889334054E-125   7.2398367889334054E-125   7.2398367889334054E-125   7.2398367889334054E-125   7.2398367889334054E-125   7.2398367889334054E-125   7.2398367889334054E-125   7.2398367889334054E-125   7.2398367889334054E-125   7.2398367889334054E-125   7.2398367889334054E-125   7.2398367889334054E-125
   5.0704742844601830E-125   5.0704742844601830E-125   5.0704742844601830E-125   5.0704742844601830E-125   5.0704742844601830E-125   5.0704742844601830E-125   5.0704742844601830E-125   5.0704742844601830E-125   5.0704742844601830E-125   5.0704742844601830E-125   5.0704742844601830E-125   5.0704742844601830E-125   5.0704742844601830E-125   5.0704742844601830E-125   5.0704742844601830E-125
   3.5511448971710371E-125   3.5511448971710371E-125   3.5511448971710371E-125   3.5511448971710371E-125   3.5511448971710371E-125   3.5511448971710371E-125   3.5511448971710371E-125   3.5511448971710371E-125   3.5511448971710371E-125   3.5511448971710371E-125   3.5511448971710371E-125   3.5511448971710371E-125   3.5511448971710371E-125   3.5511448971710371E-125   3.5511448971710371E-125
   2.4870711048377749E-125   2.4870711048377749E-125   2.4870711048377749E-125   2.4870711048377749E-125   2.4870711048377749E-125   2.4870711048377749E-125   2.4870711048377749E-125   2.4870711048377749E-125   2.4870711048377749E-125   2.4870711048377749E-125   2.4870711048377749E-125   2.4870711048377749E-125   2.4870711048377749E-125   2.4870711048377749E-125   2.4870711048377749E-125
   1.7418390011194868E-125   1.7418390011194868E-125   1.7418390011194868E-125   1.7418390011194868E-125   1.7418390011194868E-125   1.7418390011194868E-125   1.7418390011194868E-125   1.7418390011194868E-125   1.7418390011194868E-125   1.7418390011194868E-125   1.7418390011194868E-125   1.7418390011194868E-125   1.7418390011194868E-125   1.7418390011194868E-125   1.7418390011194868E-125
   1.2199100781313751E-125   1.2199100781313751E-125   1.2199100781313751E-125   1.2199100781313751E-125   1.2199100781313751E-125   1.2199100781313751E-125   1.2199100781313751E-125   1.2199100781313751E-125   1.2199100781313751E-125   1.2199100781313751E-125   1.2199100781313751E-125   1.2199100781313751E-125   1.2199100781313751E-125   1.2199100781313751E-125   1.2199100781313751E-125
   8.5437322150327413E-126   8.5437322150327413E-126   8.5437322150327413E-126   8.5437322150327413E-126   8.5437322150327413E-126   8.5437322150327413E-126   8.5437322150327413E-126   8.5437322150327413E-126   8.5437322150327413E-126   8.5437322150327413E-126   8.5437322150327413E-126   8.5437322150327413E-126   8.5437322150327413E-126   8.5437322150327413E-126   8.5437322150327413E-126
   5.9836672776735062E-126   5.9836672776735062E-126   5.9836672776735062E-126   5.9836672776735062E-126   5.9836672776735062E-126   5.9836672776735062E-126   5.9836672776735062E-126   5.9836672776735062E-126   5.9836672776735062E-126   5.9836672776735062E-126   5.9836672776735062E-126   5.9836672776735062E-126   5.9836672776735062E-126   5.9836672776735062E-126   5.9836672776735062E-126
   4.1907064955643907E-126   4.1907064955643907E-126   4.1907064955643907E-126   4.1907064955643907E-126   4.1907064955643907E-126   4.1907064955643907E-126   4.1907064955643907E-126   4.1907064955643907E-126   4.1907064955643907E-126   4.1907064955643907E-126   4.1907064955643907E-126   4.1907064955643907E-126   4.1907064955643907E-126   4.1907064955643907E-126   4.1907064955643907E-126
   2.9349928926519207E-126   2.9349928926519207E-126   2.9349928926519207E-126   2.9349928926519207E-126   2.9349928926519207E-126   2.9349928926519207E-126   2.9349928926519207E-126   2.9349928926519207E-126   2.9349928926519207E-126   2.9349928926519207E-126   2.9349928926519207E-126   2.9349928926519207E-126   2.9349928926519207E-126   2.9349928926519207E-126   2.9349928926519207E-126
   2.0555444026048778E-126   2.0555444026048778E-126   2.0555444026048778E-126   2.0555444026048778E-126   2.0555444026048778E-126   2.0555444026048778E-126   2.0555444026048778E-126   2.0555444026048778E-126   2.0555444026048778E-126   2.0555444026048778E-126   2.0555444026048778E-126   2.0555444026048778E-126   2.0555444026048778E-126   2.0555444026048778E-126   2.0555444026048778E-126
   1.4396160214420464E-126   1.4396160214420464E-126   1.4396160214420464E-126   1.4396160214420464E-126   1.4396160214420464E-126   1.4396160214420464E-126   1.4396160214420464E-126   1.4396160214420464E-126   1.4396160214420464E-126   1.4396160214420464E-126   1.4396160214420464E-126   1.4396160214420464E-126   1.4396160214420464E-126   1.4396160214420464E-126   1.4396160214420464E-126
   1.0082459355128852E-126   1.0082459355128852E-126   1.0082459355128852E-126   1.0082459355128852E-126   1.0082459355128852E-126   1.0082459355128852E-126   1.0082459355128852E-126   1.0082459355128852E-126   1.0082459355128852E-126   1.0082459355128852E-126   1.0082459355128852E-126   1.0082459355128852E-126   1.0082459355128852E-126   1.0082459355128852E-126   1.0082459355128852E-126
   7.0613264324467439E-127   7.0613264324467439E-127   7.0613264324467439E-127   7.0613264324467439E-127   7.0613264324467439E-127   7.0613264324467439E-127   7.0613264324467439E-127   7.0613264324467439E-127   7.0613264324467439E-127   7.0613264324467439E-127   7.0613264324467439E-127   7.0613264324467439E-127   7.0613264324467439E-127   7.0613264324467439E-127   7.0613264324467439E-127
   4.9454532103029592E-127   4.9454532103029592E-127   4.9454532103029592E-127   4.9454532103029592E-127   4.9454532103029592E-127   4.9454532103029592E-127   4.9454532103029592E-127   4.9454532103029592E-127   4.9454532103029592E-127   4.9454532103029592E-127   4.9454532103029592E-127   4.9454532103029592E-127   4.9454532103029592E-127   4.9454532103029592E-127   4.9454532103029592E-127
   3.4635854452095270E-127   3.4635854452095270E-127   3.4635854452095270E-127   3.4635854452095270E-127   3.4635854452095270E-127   3.4635854452095270E-127   3.4635854452095270E-127   3.4635854452095270E-127   3.4635854452095270E-127   3.4635854452095270E-127   3.4635854452095270E-127   3.4635854452095270E-127   3.4635854452095270E-127   3.4635854452095270E-127   3.4635854452095270E-127
   2.4257481824466303E-127   2.4257481824466303E-127   2.4257481824466303E-127   2.4257481824466303E-127   2.4257481824466303E-127   2.4257481824466303E-127   2.4257481824466303E-127   2.4257481824466303E-127   2.4257481824466303E-127   2.4257481824466303E-127   2.4257481824466303E-127   2.4257481824466303E-127   2.4257481824466303E-127   2.4257481824466303E-127   2.4257481824466303E-127
   1.6988910300398779E-127   1.6988910300398779E-127   1.6988910300398779E-127   1.6988910300398779E-127   1.6988910300398779E-127   1.6988910300398779E-127   1.6988910300398779E-127   1.6988910300398779E-127   1.6988910300398779E-127   1.6988910300398779E-127   1.6988910300398779E-127   1.6988910300398779E-127   1.6988910300398779E-127   1.6988910300398779E-127   1.6988910300398779E-127
   1.1898311427523681E-127   1.1898311427523681E-127   1.1898311427523681E-127   1.1898311427523681E-127   1.1898311427523681E-127   1.1898311427523681E-127   1.1898311427523681E-127   1.1898311427523681E-127   1.1898311427523681E-127   1.1898311427523681E-127   1.1898311427523681E-127   1.1898311427523681E-127   1.1898311427523681E-127   1.1898311427523681E-127   1.1898311427523681E-127
   8.3330721231141919E-128   8.3330721231141919E-128   8.3330721231141919E-128   8.3330721231141919E-128   8.3330721231141919E-128   8.3330721231141919E-128   8.3330721231141919E-128   8.3330721231141919E-128   8.3330721231141919E-128   8.3330721231141919E-128   8.3330721231141919E-128   8.3330721231141919E-128   8.3330721231141919E-128   8.3330721231141919E-128   8.3330721231141919E-128
   5.8361298938932704E-128   5.8361298938932704E-128   5.8361298938932704E-128   5.8361298938932704E-128   5.8361298938932704E-128   5.8361298938932704E-128   5.8361298938932704E-128   5.8361298938932704E-128   5.8361298938932704E-128   5.8361298938932704E-128   5.8361298938932704E-128   5.8361298938932704E-128   5.8361298938932704E-128   5.8361298938932704E-128   5.8361298938932704E-128
   4.0873775763824539E-128   4.0873775763824539E-128   4.0873775763824539E-128   4.0873775763824539E-128   4.0873775763824539E-128   4.0873775763824539E-128   4.0873775763824539E-128   4.0873775763824539E-128   4.0873775763824539E-128   4.0873775763824539E-128   4.0873775763824539E-128   4.0873775763824539E-128   4.0873775763824539E-128   4.0873775763824539E-128   4.0873775763824539E-128
   2.8626257049890844E-128   2.8626257049890844E-128   2.8626257049890844E-128   2.8626257049890844E-128   2.8626257049890844E-128   2.8626257049890844E-128   2.8626257049890844E-128   2.8626257049890844E-128   2.8626257049890844E-128   2.8626257049890844E-128   2.8626257049890844E-128   2.8626257049890844E-128   2.8626257049890844E-128   2.8626257049890844E-128   2.8626257049890844E-128
   2.0048614970670109E-128   2.0048614970670109E-128   2.0048614970670109E-128   2.0048614970670109E-128   2.0048614970670109E-128   2.0048614970670109E-128   2.0048614970670109E-128   2.0048614970670109E-128   2.0048614970670109E-128   2.0048614970670109E-128   2.0048614970670109E-128   2.0048614970670109E-128   2.0048614970670109E-128   2.0048614970670109E-128   2.0048614970670109E-128
   1.4041198663927633E-128   1.4041198663927633E-128   1.4041198663927633E-128   1.4041198663927633E-128   1.4041198663927633E-128   1.4041198663927633E-128   1.4041198663927633E-128   1.4041198663927633E-128   1.4041198663927633E-128   1.4041198663927633E-128   1.4041198663927633E-128   1.4041198663927633E-128   1.4041198663927633E-128   1.4041198663927633E-128   1.4041198663927633E-128
   9.8338593567839783E-129   9.8338593567839783E-129   9.8338593567839783E-129   9.8338593567839783E-129   9.8338593567839783E-129   9.8338593567839783E-129   9.8338593567839783E-129   9.8338593567839783E-129   9.8338593567839783E-129   9.8338593567839783E-129   9.8338593567839783E-129   9.8338593567839783E-129   9.8338593567839783E-129   9.8338593567839783E-129   9.8338593567839783E-129
   6.8872175491289088E-129   6.8872175491289088E-129   6.8872175491289088E-129   6.8872175491289088E-129   6.8872175491289088E-129   6.8872175491289088E-129   6.8872175491289088E-129   6.8872175491289088E-129   6.8872175491289088E-129   6.8872175491289088E-129   6.8872175491289088E-129   6.8872175491289088E-129   6.8872175491289088E-129   6.8872175491289088E-129   6.8872175491289088E-129
   4.8235147410672102E-129   4.8235147410672102E-129   4.8235147410672102E-129   4.8235147410672102E-129   4.8235147410672102E-129   4.8235147410672102E-129   4.8235147410672102E-129   4.8235147410672102E-129   4.8235147410672102E-129   4.8235147410672102E-129   4.8235147410672102E-129   4.8235147410672102E-129   4.8235147410672102E-129   4.8235147410672102E-129   4.8235147410672102E-129
   3.3781849188480103E-129   3.3781849188480103E-129   3.3781849188480103E-129   3.3781849188480103E-129   3.3781849188480103E-129   3.3781849188480103E-129   3.3781849188480103E-129   3.3781849188480103E-129   3.3781849188480103E-129   3.3781849188480103E-129   3.3781849188480103E-129   3.3781849188480103E-129   3.3781849188480103E-129   3.3781849188480103E-129   3.3781849188480103E-129
   2.3659372798780348E-129   2.3659372798780348E-129   2.3659372798780348E-129   2.3659372798780348E-129   2.3659372798780348E-129   2.3659372798780348E-129   2.3659372798780348E-129   2.3659372798780348E-129   2.3659372798780348E-129   2.3659372798780348E-129   2.3659372798780348E-129   2.3659372798780348E-129   2.3659372798780348E-129   2.3659372798780348E-129   2.3659372798780348E-129
   1.6570020134438135E-129   1.6570020134438135E-129   1.6570020134438135E-129   1.6570020134438135E-129   1.6570020134438135E-129   1.6570020134438135E-129   1.6570020134438135E-129   1.6570020134438135E-129   1.6570020134438135E-129   1.6570020134438135E-129   1.6570020134438135E-129   1.6570020134438135E-129   1.6570020134438135E-129   1.6570020134438135E-129   1.6570020134438135E-129
   1.1604938541305676E-129   1.1604938541305676E-129   1.1604938541305676E-129   1.1604938541305676E-129   1.1604938541305676E-129   1.1604938541305676E-129   1.1604938541305676E-129   1.1604938541305676E-129   1.1604938541305676E-129   1.1604938541305676E-129   1.1604938541305676E-129   1.1604938541305676E-129   1.1604938541305676E-129   1.1604938541305676E-129   1.1604938541305676E-129
   8.1276062101808951E-130   8.1276062101808951E-130   8.1276062101808951E-130   8.1276062101808951E-130   8.1276062101808951E-130   8.1276062101808951E-130   8.1276062101808951E-130   8.1276062101808951E-130   8.1276062101808951E-130   8.1276062101808951E-130   8.1276062101808951E-130   8.1276062101808951E-130   8.1276062101808951E-130   8.1276062101808951E-130   8.1276062101808951E-130
   5.6922302925301549E-130   5.6922302925301549E-130   5.6922302925301549E-130   5.6922302925301549E-130   5.6922302925301549E-130   5.6922302925301549E-130   5.6922302925301549E-130   5.6922302925301549E-130   5.6922302925301549E-130   5.6922302925301549E-130   5.6922302925301549E-130   5.6922302925301549E-130   5.6922302925301549E-130   5.6922302925301549E-130   5.6922302925301549E-130
   3.9865964055456914E-130   3.9865964055456914E-130   3.9865964055456914E-130   3.9865964055456914E-130   3.9865964055456914E-130   3.9865964055456914E-130   3.9865964055456914E-130   3.9865964055456914E-130   3.9865964055456914E-130   3.9865964055456914E-130   3.9865964055456914E-130   3.9865964055456914E-130   3.9865964055456914E-130   3.9865964055456914E-130   3.9865964055456914E-130
   2.7920428520901515E-130   2.7920428520901515E-130   2.7920428520901515E-130   2.7920428520901515E-130   2.7920428520901515E-130   2.7920428520901515E-130   2.7920428520901515E-130   2.7920428520901515E-130   2.7920428520901515E-130   2.7920428520901515E-130   2.7920428520901515E-130   2.7920428520901515E-130   2.7920428520901515E-130   2.7920428520901515E-130   2.7920428520901515E-130
   1.9554282638351629E-130   1.9554282638351629E-130   1.9554282638351629E-130   1.9554282638351629E-130   1.9554282638351629E-130   1.9554282638351629E-130   1.9554282638351629E-130   1.9554282638351629E-130   1.9554282638351629E-130   1.9554282638351629E-130   1.9554282638351629E-130   1.9554282638351629E-130   1.9554282638351629E-130   1.9554282638351629E-130   1.9554282638351629E-130
   1.3694989287657024E-130   1.3694989287657024E-130   1.3694989287657024E-130   1.3694989287657024E-130   1.3694989287657024E-130   1.3694989287657024E-130   1.3694989287657024E-130   1.3694989287657024E-130   1.3694989287657024E-130   1.3694989287657024E-130   1.3694989287657024E-130   1.3694989287657024E-130   1.3694989287657024E-130   1.3694989287657024E-130   1.3694989287657024E-130
   9.5913890096482052E-131   9.5913890096482052E-131   9.5913890096482052E-131   9.5913890096482052E-131   9.5913890096482052E-131   9.5913890096482052E-131   9.5913890096482052E-131   9.5913890096482052E-131   9.5913890096482052E-131   9.5913890096482052E-131   9.5913890096482052E-131   9.5913890096482052E-131   9.5913890096482052E-131   9.5913890096482052E-131   9.5913890096482052E-131
   6.7174016132537605E-131   6.7174016132537605E-131   6.7174016132537605E-131   6.7174016132537605E-131   6.7174016132537605E-131   6.7174016132537605E-131   6.7174016132537605E-131   6.7174016132537605E-131   6.7174016132537605E-131   6.7174016132537605E-131   6.7174016132537605E-131   6.7174016132537605E-131   6.7174016132537605E-131   6.7174016132537605E-131   6.7174016132537605E-131
   4.7045828699423440E-131   4.7045828699423440E-131   4.7045828699423440E-131   4.7045828699423440E-131   4.7045828699423440E-131   4.7045828699423440E-131   4.7045828699423440E-131   4.7045828699423440E-131   4.7045828699423440E-131   4.7045828699423440E-131   4.7045828699423440E-131   4.7045828699423440E-131   4.7045828699423440E-131   4.7045828699423440E-131   4.7045828699423440E-131
   3.2948900861436192E-131   3.2948900861436192E-131   3.2948900861436192E-131   3.2948900861436192E-131   3.2948900861436192E-131   3.2948900861436192E-131   3.2948900861436192E-131   3.2948900861436192E-131   3.2948900861436192E-131   3.2948900861436192E-131   3.2948900861436192E-131   3.2948900861436192E-131   3.2948900861436192E-131   3.2948900861436192E-131   3.2948900861436192E-131
   2.3076011157394163E-131   2.3076011157394163E-131   2.3076011157394163E-131   2.3076011157394163E-131   2.3076011157394163E-131   2.3076011157394163E-131   2.3076011157394163E-131   2.3076011157394163E-131   2.3076011157394163E-131   2.3076011157394163E-131   2.3076011157394163E-131   2.3076011157394163E-131   2.3076011157394163E-131   2.3076011157394163E-131   2.3076011157394163E-131
   1.6161458410269076E-131   1.6161458410269076E-131   1.6161458410269076E-131   1.6161458410269076E-131   1.6161458410269076E-131   1.6161458410269076E-131   1.6161458410269076E-131   1.6161458410269076E-131   1.6161458410269076E-131   1.6161458410269076E-131   1.6161458410269076E-131   1.6161458410269076E-131   1.6161458410269076E-131   1.6161458410269076E-131   1.6161458410269076E-131
   1.1318799257174225E-131   1.1318799257174225E-131   1.1318799257174225E-131   1.1318799257174225E-131   1.1318799257174225E-131   1.1318799257174225E-131   1.1318799257174225E-131   1.1318799257174225E-131   1.1318799257174225E-131   1.1318799257174225E-131   1.1318799257174225E-131   1.1318799257174225E-131   1.1318799257174225E-131   1.1318799257174225E-131   1.1318799257174225E-131
   7.9272064050112317E-132   7.9272064050112317E-132   7.9272064050112317E-132   7.9272064050112317E-132   7.9272064050112317E-132   7.9272064050112317E-132   7.9272064050112317E-132   7.9272064050112317E-132   7.9272064050112317E-132   7.9272064050112317E-132   7.9272064050112317E-132   7.9272064050112317E-132   7.9272064050112317E-132   7.9272064050112317E-132   7.9272064050112317E-132
   5.5518787779384555E-132   5.5518787779384555E-132   5.5518787779384555E-132   5.5518787779384555E-132   5.5518787779384555E-132   5.5518787779384555E-132   5.5518787779384555E-132   5.5518787779384555E-132   5.5518787779384555E-132   5.5518787779384555E-132   5.5518787779384555E-132   5.5518787779384555E-132   5.5518787779384555E-132   5.5518787779384555E-132   5.5518787779384555E-132
   3.8883001640323389E-132   3.8883001640323389E-132   3.8883001640323389E-132   3.8883001640323389E-132   3.8883001640323389E-132   3.8883001640323389E-132   3.8883001640323389E-132   3.8883001640323389E-132   3.8883001640323389E-132   3.8883001640323389E-132   3.8883001640323389E-132   3.8883001640323389E-132   3.8883001640323389E-132   3.8883001640323389E-132   3.8883001640323389E-132
   2.7232003381795570E-132   2.7232003381795570E-132   2.7232003381795570E-132   2.7232003381795570E-132   2.7232003381795570E-132   2.7232003381795570E-132   2.7232003381795570E-132   2.7232003381795570E-132   2.7232003381795570E-132   2.7232003381795570E-132   2.7232003381795570E-132   2.7232003381795570E-132   2.7232003381795570E-132   2.7232003381795570E-132   2.7232003381795570E-132
   1.9072138901361821E-132   1.9072138901361821E-132   1.9072138901361821E-132   1.9072138901361821E-132   1.9072138901361821E-132   1.9072138901361821E-132   1.9072138901361821E-132   1.9072138901361821E-132   1.9072138901361821E-132   1.9072138901361821E-132   1.9072138901361821E-132   1.9072138901361821E-132   1.9072138901361821E-132   1.9072138901361821E-132   1.9072138901361821E-132
   1.3357316286028391E-132   1.3357316286028391E-132   1.3357316286028391E-132   1.3357316286028391E-132   1.3357316286028391E-132   1.3357316286028391E-132   1.3357316286028391E-132   1.3357316286028391E-132   1.3357316286028391E-132   1.3357316286028391E-132   1.3357316286028391E-132   1.3357316286028391E-132   1.3357316286028391E-132   1.3357316286028391E-132   1.3357316286028391E-132
   9.3548971768583116E-133   9.3548971768583116E-133   9.3548971768583116E-133   9.3548971768583116E-133   9.3548971768583116E-133   9.3548971768583116E-133   9.3548971768583116E-133   9.3548971768583116E-133   9.3548971768583116E-133   9.3548971768583116E-133   9.3548971768583116E-133   9.3548971768583116E-133   9.3548971768583116E-133   9.3548971768583116E-133   9.3548971768583116E-133
   6.5517727749795278E-133   6.5517727749795278E-133   6.5517727749795278E-133   6.5517727749795278E-133   6.5517727749795278E-133   6.5517727749795278E-133   6.5517727749795278E-133   6.5517727749795278E-133   6.5517727749795278E-133   6.5517727749795278E-133   6.5517727749795278E-133   6.5517727749795278E-133   6.5517727749795278E-133   6.5517727749795278E-133   6.5517727749795278E-133
   4.5885834641935658E-133   4.5885834641935658E-133   4.5885834641935658E-133   4.5885834641935658E-133   4.5885834641935658E-133   4.5885834641935658E-133   4.5885834641935658E-133   4.5885834641935658E-133   4.5885834641935658E-133   4.5885834641935658E-133   4.5885834641935658E-133   4.5885834641935658E-133   4.5885834641935658E-133   4.5885834641935658E-133   4.5885834641935658E-133
   3.2136490276765380E-133   3.2136490276765380E-133   3.2136490276765380E-133   3.2136490276765380E-133   3.2136490276765380E-133   3.2136490276765380E-133   3.2136490276765380E-133   3.2136490276765380E-133   3.2136490276765380E-133   3.2136490276765380E-133   3.2136490276765380E-133   3.2136490276765380E-133   3.2136490276765380E-133   3.2136490276765380E-133   3.2136490276765380E-133
   2.2507033278736300E-133   2.2507033278736300E-133   2.2507033278736300E-133   2.2507033278736300E-133   2.2507033278736300E-133   2.2507033278736300E-133   2.2507033278736300E-133   2.2507033278736300E-133   2.2507033278736300E-133   2.2507033278736300E-133   2.2507033278736300E-133   2.2507033278736300E-133   2.2507033278736300E-133   2.2507033278736300E-133   2.2507033278736300E-133
   1.5762970462782276E-133   1.5762970462782276E-133   1.5762970462782276E-133   1.5762970462782276E-133   1.5762970462782276E-133   1.5762970462782276E-133   1.5762970462782276E-133   1.5762970462782276E-133   1.5762970462782276E-133   1.5762970462782276E-133   1.5762970462782276E-133   1.5762970462782276E-133   1.5762970462782276E-133   1.5762970462782276E-133   1.5762970462782276E-133
   1.1039715218499808E-133   1.1039715218499808E-133   1.1039715218499808E-133   1.1039715218499808E-133   1.1039715218499808E-133   1.1039715218499808E-133   1.1039715218499808E-133   1.1039715218499808E-133   1.1039715218499808E-133   1.1039715218499808E-133   1.1039715218499808E-133   1.1039715218499808E-133   1.1039715218499808E-133   1.1039715218499808E-133   1.1039715218499808E-133
   7.7317477941949063E-134   7.7317477941949063E-134   7.7317477941949063E-134   7.7317477941949063E-134   7.7317477941949063E-134   7.7317477941949063E-134   7.7317477941949063E-134   7.7317477941949063E-134   7.7317477941949063E-134   7.7317477941949063E-134   7.7317477941949063E-134   7.7317477941949063E-134   7.7317477941949063E-134   7.7317477941949063E-134   7.7317477941949063E-134
   5.4149878660693737E-134   5.4149878660693737E-134   5.4149878660693737E-134   5.4149878660693737E-134   5.4149878660693737E-134   5.4149878660693737E-134   5.4149878660693737E-134   5.4149878660693737E-134   5.4149878660693737E-134   5.4149878660693737E-134   5.4149878660693737E-134   5.4149878660693737E-134   5.4149878660693737E-134   5.4149878660693737E-134   5.4149878660693737E-134
   3.7924275817291762E-134   3.7924275817291762E-134   3.7924275817291762E-134   3.7924275817291762E-134   3.7924275817291762E-134   3.7924275817291762E-134   3.7924275817291762E-134   3.7924275817291762E-134   3.7924275817291762E-134   3.7924275817291762E-134   3.7924275817291762E-134   3.7924275817291762E-134   3.7924275817291762E-134   3.7924275817291762E-134   3.7924275817291762E-134
   2.6560552522715390E-134   2.6560552522715390E-134   2.6560552522715390E-134   2.6560552522715390E-134   2.6560552522715390E-134   2.6560552522715390E-134   2.6560552522715390E-134   2.6560552522715390E-134   2.6560552522715390E-134   2.6560552522715390E-134   2.6560552522715390E-134   2.6560552522715390E-134   2.6560552522715390E-134   2.6560552522715390E-134   2.6560552522715390E-134
   1.8601883229376347E-134   1.8601883229376347E-134   1.8601883229376347E-134   1.8601883229376347E-134   1.8601883229376347E-134   1.8601883229376347E-134   1.8601883229376347E-134   1.8601883229376347E-134   1.8601883229376347E-134   1.8601883229376347E-134   1.8601883229376347E-134   1.8601883229376347E-134   1.8601883229376347E-134   1.8601883229376347E-134   1.8601883229376347E-134
   1.3027969180363149E-134   1.3027969180363149E-134   1.3027969180363149E-134   1.3027969180363149E-134   1.3027969180363149E-134   1.3027969180363149E-134   1.3027969180363149E-134   1.3027969180363149E-134   1.3027969180363149E-134   1.3027969180363149E-134   1.3027969180363149E-134   1.3027969180363149E-134   1.3027969180363149E-134   1.3027969180363149E-134   1.3027969180363149E-134
   9.1242364480847762E-135   9.1242364480847762E-135   9.1242364480847762E-135   9.1242364480847762E-135   9.1242364480847762E-135   9.1242364480847762E-135   9.1242364480847762E-135   9.1242364480847762E-135   9.1242364480847762E-135   9.1242364480847762E-135   9.1242364480847762E-135   9.1242364480847762E-135   9.1242364480847762E-135   9.1242364480847762E-135   9.1242364480847762E-135
   6.3902277943704826E-135   6.3902277943704826E-135   6.3902277943704826E-135   6.3902277943704826E-135   6.3902277943704826E-135   6.3902277943704826E-135   6.3902277943704826E-135   6.3902277943704826E-135   6.3902277943704826E-135   6.3902277943704826E-135   6.3902277943704826E-135   6.3902277943704826E-135   6.3902277943704826E-135   6.3902277943704826E-135   6.3902277943704826E-135
   4.4754442189534031E-135   4.4754442189534031E-135   4.4754442189534031E-135   4.4754442189534031E-135   4.4754442189534031E-135   4.4754442189534031E-135   4.4754442189534031E-135   4.4754442189534031E-135   4.4754442189534031E-135   4.4754442189534031E-135   4.4754442189534031E-135   4.4754442189534031E-135   4.4754442189534031E-135   4.4754442189534031E-135   4.4754442189534031E-135
   3.1344111041876595E-135   3.1344111041876595E-135   3.1344111041876595E-135   3.1344111041876595E-135   3.1344111041876595E-135   3.1344111041876595E-135   3.1344111041876595E-135   3.1344111041876595E-135   3.1344111041876595E-135   3.1344111041876595E-135   3.1344111041876595E-135   3.1344111041876595E-135   3.1344111041876595E-135   3.1344111041876595E-135   3.1344111041876595E-135
   2.1952084506937304E-135   2.1952084506937304E-135   2.1952084506937304E-135   2.1952084506937304E-135   2.1952084506937304E-135   2.1952084506937304E-135   2.1952084506937304E-135   2.1952084506937304E-135   2.1952084506937304E-135   2.1952084506937304E-135   2.1952084506937304E-135   2.1952084506937304E-135   2.1952084506937304E-135   2.1952084506937304E-135   2.1952084506937304E-135
   1.5374307906065483E-135   1.5374307906065483E-135   1.5374307906065483E-135   1.5374307906065483E-135   1.5374307906065483E-135   1.5374307906065483E-135   1.5374307906065483E-135   1.5374307906065483E-135   1.5374307906065483E-135   1.5374307906065483E-135   1.5374307906065483E-135   1.5374307906065483E-135   1.5374307906065483E-135   1.5374307906065483E-135   1.5374307906065483E-135
   1.0767512466335945E-135   1.0767512466335945E-135   1.0767512466335945E-135   1.0767512466335945E-135   1.0767512466335945E-135   1.0767512466335945E-135   1.0767512466335945E-135   1.0767512466335945E-135   1.0767512466335945E-135   1.0767512466335945E-135   1.0767512466335945E-135   1.0767512466335945E-135   1.0767512466335945E-135   1.0767512466335945E-135   1.0767512466335945E-135
   7.5411085442720408E-136   7.5411085442720408E-136   7.5411085442720408E-136   7.5411085442720408E-136   7.5411085442720408E-136   7.5411085442720408E-136   7.5411085442720408E-136   7.5411085442720408E-136   7.5411085442720408E-136   7.5411085442720408E-136   7.5411085442720408E-136   7.5411085442720408E-136   7.5411085442720408E-136   7.5411085442720408E-136   7.5411085442720408E-136
   5.2814722299406328E-136   5.2814722299406328E-136   5.2814722299406328E-136   5.2814722299406328E-136   5.2814722299406328E-136   5.2814722299406328E-136   5.2814722299406328E-136   5.2814722299406328E-136   5.2814722299406328E-136   5.2814722299406328E-136   5.2814722299406328E-136   5.2814722299406328E-136   5.2814722299406328E-136   5.2814722299406328E-136   5.2814722299406328E-136
   3.6989188992407961E-136   3.6989188992407961E-136   3.6989188992407961E-136   3.6989188992407961E-136   3.6989188992407961E-136   3.6989188992407961E-136   3.6989188992407961E-136   3.6989188992407961E-136   3.6989188992407961E-136   3.6989188992407961E-136   3.6989188992407961E-136   3.6989188992407961E-136   3.6989188992407961E-136   3.6989188992407961E-136   3.6989188992407961E-136
   2.5905657414229237E-136   2.5905657414229237E-136   2.5905657414229237E-136   2.5905657414229237E-136   2.5905657414229237E-136   2.5905657414229237E-136   2.5905657414229237E-136   2.5905657414229237E-136   2.5905657414229237E-136   2.5905657414229237E-136   2.5905657414229237E-136   2.5905657414229237E-136   2.5905657414229237E-136   2.5905657414229237E-136   2.5905657414229237E-136
   1.8143222502152036E-136   1.8143222502152036E-136   1.8143222502152036E-136   1.8143222502152036E-136   1.8143222502152036E-136   1.8143222502152036E-136   1.8143222502152036E-136   1.8143222502152036E-136   1.8143222502152036E-136   1.8143222502152036E-136   1.8143222502152036E-136   1.8143222502152036E-136   1.8143222502152036E-136   1.8143222502152036E-136   1.8143222502152036E-136
   1.2706742681688851E-136   1.2706742681688851E-136   1.2706742681688851E-136   1.2706742681688851E-136   1.2706742681688851E-136   1.2706742681688851E-136   1.2706742681688851E-136   1.2706742681688851E-136   1.2706742681688851E-136   1.2706742681688851E-136   1.2706742681688851E-136   1.2706742681688851E-136   1.2706742681688851E-136   1.2706742681688851E-136   1.2706742681688851E-136
   8.8992630476477644E-137   8.8992630476477644E-137   8.8992630476477644E-137   8.8992630476477644E-137   8.8992630476477644E-137   8.8992630476477644E-137   8.8992630476477644E-137   8.8992630476477644E-137   8.8992630476477644E-137   8.8992630476477644E-137   8.8992630476477644E-137   8.8992630476477644E-137   8.8992630476477644E-137   8.8992630476477644E-137   8.8992630476477644E-137
   6.2326659770451014E-137   6.2326659770451014E-137   6.2326659770451014E-137   6.2326659770451014E-137   6.2326659770451014E-137   6.2326659770451014E-137   6.2326659770451014E-137   6.2326659770451014E-137   6.2326659770451014E-137   6.2326659770451014E-137   6.2326659770451014E-137   6.2326659770451014E-137   6.2326659770451014E-137   6.2326659770451014E-137   6.2326659770451014E-137
   4.3650946121525577E-137   4.3650946121525577E-137   4.3650946121525577E-137   4.3650946121525577E-137   4.3650946121525577E-137   4.3650946121525577E-137   4.3650946121525577E-137   4.3650946121525577E-137   4.3650946121525577E-137   4.3650946121525577E-137   4.3650946121525577E-137   4.3650946121525577E-137   4.3650946121525577E-137   4.3650946121525577E-137   4.3650946121525577E-137
   3.0571269250140091E-137   3.0571269250140091E-137   3.0571269250140091E-137   3.0571269250140091E-137   3.0571269250140091E-137   3.0571269250140091E-137   3.0571269250140091E-137   3.0571269250140091E-137   3.0571269250140091E-137   3.0571269250140091E-137   3.0571269250140091E-137   3.0571269250140091E-137   3.0571269250140091E-137   3.0571269250140091E-137   3.0571269250140091E-137
   2.1410818930764923E-137   2.1410818930764923E-137   2.1410818930764923E-137   2.1410818930764923E-137   2.1410818930764923E-137   2.1410818930764923E-137   2.1410818930764923E-137   2.1410818930764923E-137   2.1410818930764923E-137   2.1410818930764923E-137   2.1410818930764923E-137   2.1410818930764923E-137   2.1410818930764923E-137   2.1410818930764923E-137   2.1410818930764923E-137
   1.4995228478578816E-137   1.4995228478578816E-137   1.4995228478578816E-137   1.4995228478578816E-137   1.4995228478578816E-137   1.4995228478578816E-137   1.4995228478578816E-137   1.4995228478578816E-137   1.4995228478578816E-137   1.4995228478578816E-137   1.4995228478578816E-137   1.4995228478578816E-137   1.4995228478578816E-137   1.4995228478578816E-137   1.4995228478578816E-137
   1.0502021330986431E-137   1.0502021330986431E-137   1.0502021330986431E-137   1.0502021330986431E-137   1.0502021330986431E-137   1.0502021330986431E-137   1.0502021330986431E-137   1.0502021330986431E-137   1.0502021330986431E-137   1.0502021330986431E-137   1.0502021330986431E-137   1.0502021330986431E-137   1.0502021330986431E-137   1.0502021330986431E-137   1.0502021330986431E-137
   7.3551698257915889E-138   7.3551698257915889E-138   7.3551698257915889E-138   7.3551698257915889E-138   7.3551698257915889E-138   7.3551698257915889E-138   7.3551698257915889E-138   7.3551698257915889E-138   7.3551698257915889E-138   7.3551698257915889E-138   7.3551698257915889E-138   7.3551698257915889E-138   7.3551698257915889E-138   7.3551698257915889E-138   7.3551698257915889E-138
   5.1512486464502259E-138   5.1512486464502259E-138   5.1512486464502259E-138   5.1512486464502259E-138   5.1512486464502259E-138   5.1512486464502259E-138   5.1512486464502259E-138   5.1512486464502259E-138   5.1512486464502259E-138   5.1512486464502259E-138   5.1512486464502259E-138   5.1512486464502259E-138   5.1512486464502259E-138   5.1512486464502259E-138   5.1512486464502259E-138
   3.6077158306401763E-138   3.6077158306401763E-138   3.6077158306401763E-138   3.6077158306401763E-138   3.6077158306401763E-138   3.6077158306401763E-138   3.6077158306401763E-138   3.6077158306401763E-138   3.6077158306401763E-138   3.6077158306401763E-138   3.6077158306401763E-138   3.6077158306401763E-138   3.6077158306401763E-138   3.6077158306401763E-138   3.6077158306401763E-138
   2.5266909846452291E-138   2.5266909846452291E-138   2.5266909846452291E-138   2.5266909846452291E-138   2.5266909846452291E-138   2.5266909846452291E-138   2.5266909846452291E-138   2.5266909846452291E-138   2.5266909846452291E-138   2.5266909846452291E-138   2.5266909846452291E-138   2.5266909846452291E-138   2.5266909846452291E-138   2.5266909846452291E-138   2.5266909846452291E-138
   1.7695870826817973E-138   1.7695870826817973E-138   1.7695870826817973E-138   1.7695870826817973E-138   1.7695870826817973E-138   1.7695870826817973E-138   1.7695870826817973E-138   1.7695870826817973E-138   1.7695870826817973E-138   1.7695870826817973E-138   1.7695870826817973E-138   1.7695870826817973E-138   1.7695870826817973E-138   1.7695870826817973E-138   1.7695870826817973E-138
   1.2393436562777611E-138   1.2393436562777611E-138   1.2393436562777611E-138   1.2393436562777611E-138   1.2393436562777611E-138   1.2393436562777611E-138   1.2393436562777611E-138   1.2393436562777611E-138   1.2393436562777611E-138   1.2393436562777611E-138   1.2393436562777611E-138   1.2393436562777611E-138   1.2393436562777611E-138   1.2393436562777611E-138   1.2393436562777611E-138
   8.6798367448985337E-139   8.6798367448985337E-139   8.6798367448985337E-139   8.6798367448985337E-139   8.6798367448985337E-139   8.6798367448985337E-139   8.6798367448985337E-139   8.6798367448985337E-139   8.6798367448985337E-139   8.6798367448985337E-139   8.6798367448985337E-139   8.6798367448985337E-139   8.6798367448985337E-139   8.6798367448985337E-139   8.6798367448985337E-139
   6.0789891114112388E-139   6.0789891114112388E-139   6.0789891114112388E-139   6.0789891114112388E-139   6.0789891114112388E-139   6.0789891114112388E-139   6.0789891114112388E-139   6.0789891114112388E-139   6.0789891114112388E-139   6.0789891114112388E-139   6.0789891114112388E-139   6.0789891114112388E-139   6.0789891114112388E-139   6.0789891114112388E-139   6.0789891114112388E-139
   4.2574658605619100E-139   4.2574658605619100E-139   4.2574658605619100E-139   4.2574658605619100E-139   4.2574658605619100E-139   4.2574658605619100E-139   4.2574658605619100E-139   4.2574658605619100E-139   4.2574658605619100E-139   4.2574658605619100E-139   4.2574658605619100E-139   4.2574658605619100E-139   4.2574658605619100E-139   4.2574658605619100E-139   4.2574658605619100E-139
   2.9817483173024157E-139   2.9817483173024157E-139   2.9817483173024157E-139   2.9817483173024157E-139   2.9817483173024157E-139   2.9817483173024157E-139   2.9817483173024157E-139   2.9817483173024157E-139   2.9817483173024157E-139   2.9817483173024157E-139   2.9817483173024157E-139   2.9817483173024157E-139   2.9817483173024157E-139   2.9817483173024157E-139   2.9817483173024157E-139
   2.0882899168009650E-139   2.0882899168009650E-139   2.0882899168009650E-139   2.0882899168009650E-139   2.0882899168009650E-139   2.0882899168009650E-139   2.0882899168009650E-139   2.0882899168009650E-139   2.0882899168009650E-139   2.0882899168009650E-139   2.0882899168009650E-139   2.0882899168009650E-139   2.0882899168009650E-139   2.0882899168009650E-139   2.0882899168009650E-139
   1.4625495892148031E-139   1.4625495892148031E-139   1.4625495892148031E-139   1.4625495892148031E-139   1.4625495892148031E-139   1.4625495892148031E-139   1.4625495892148031E-139   1.4625495892148031E-139   1.4625495892148031E-139   1.4625495892148031E-139   1.4625495892148031E-139   1.4625495892148031E-139   1.4625495892148031E-139   1.4625495892148031E-139   1.4625495892148031E-139
   1.0243076326246802E-139   1.0243076326246802E-139   1.0243076326246802E-139   1.0243076326246802E-139   1.0243076326246802E-139   1.0243076326246802E-139   1.0243076326246802E-139   1.0243076326246802E-139   1.0243076326246802E-139   1.0243076326246802E-139   1.0243076326246802E-139   1.0243076326246802E-139   1.0243076326246802E-139   1.0243076326246802E-139   1.0243076326246802E-139
   7.1738157392424874E-140   7.1738157392424874E-140   7.1738157392424874E-140   7.1738157392424874E-140   7.1738157392424874E-140   7.1738157392424874E-140   7.1738157392424874E-140   7.1738157392424874E-140   7.1738157392424874E-140   7.1738157392424874E-140   7.1738157392424874E-140   7.1738157392424874E-140   7.1738157392424874E-140   7.1738157392424874E-140   7.1738157392424874E-140
   5.0242359445016653E-140   5.0242359445016653E-140   5.0242359445016653E-140   5.0242359445016653E-140   5.0242359445016653E-140   5.0242359445016653E-140   5.0242359445016653E-140   5.0242359445016653E-140   5.0242359445016653E-140   5.0242359445016653E-140   5.0242359445016653E-140   5.0242359445016653E-140   5.0242359445016653E-140   5.0242359445016653E-140   5.0242359445016653E-140
   3.5187615271378551E-140   3.5187615271378551E-140   3.5187615271378551E-140   3.5187615271378551E-140   3.5187615271378551E-140   3.5187615271378551E-140   3.5187615271378551E-140   3.5187615271378551E-140   3.5187615271378551E-140   3.5187615271378551E-140   3.5187615271378551E-140   3.5187615271378551E-140   3.5187615271378551E-140   3.5187615271378551E-140   3.5187615271378551E-140
   2.4643911674601206E-140   2.4643911674601206E-140   2.4643911674601206E-140   2.4643911674601206E-140   2.4643911674601206E-140   2.4643911674601206E-140   2.4643911674601206E-140   2.4643911674601206E-140   2.4643911674601206E-140   2.4643911674601206E-140   2.4643911674601206E-140   2.4643911674601206E-140   2.4643911674601206E-140   2.4643911674601206E-140   2.4643911674601206E-140
   1.7259549359673102E-140   1.7259549359673102E-140   1.7259549359673102E-140   1.7259549359673102E-140   1.7259549359673102E-140   1.7259549359673102E-140   1.7259549359673102E-140   1.7259549359673102E-140   1.7259549359673102E-140   1.7259549359673102E-140   1.7259549359673102E-140   1.7259549359673102E-140   1.7259549359673102E-140   1.7259549359673102E-140   1.7259549359673102E-140
   1.2087855533340849E-140   1.2087855533340849E-140   1.2087855533340849E-140   1.2087855533340849E-140   1.2087855533340849E-140   1.2087855533340849E-140   1.2087855533340849E-140   1.2087855533340849E-140   1.2087855533340849E-140   1.2087855533340849E-140   1.2087855533340849E-140   1.2087855533340849E-140   1.2087855533340849E-140   1.2087855533340849E-140   1.2087855533340849E-140
   8.4658207668109527E-141   8.4658207668109527E-141   8.4658207668109527E-141   8.4658207668109527E-141   8.4658207668109527E-141   8.4658207668109527E-141   8.4658207668109527E-141   8.4658207668109527E-141   8.4658207668109527E-141   8.4658207668109527E-141   8.4658207668109527E-141   8.4658207668109527E-141   8.4658207668109527E-141   8.4658207668109527E-141   8.4658207668109527E-141
   5.9291014074486935E-141   5.9291014074486935E-141   5.9291014074486935E-141   5.9291014074486935E-141   5.9291014074486935E-141   5.9291014074486935E-141   5.9291014074486935E-141   5.9291014074486935E-141   5.9291014074486935E-141   5.9291014074486935E-141   5.9291014074486935E-141   5.9291014074486935E-141   5.9291014074486935E-141   5.9291014074486935E-141   5.9291014074486935E-141
   4.1524908769185521E-141   4.1524908769185521E-141   4.1524908769185521E-141   4.1524908769185521E-141   4.1524908769185521E-141   4.1524908769185521E-141   4.1524908769185521E-141   4.1524908769185521E-141   4.1524908769185521E-141   4.1524908769185521E-141   4.1524908769185521E-141   4.1524908769185521E-141   4.1524908769185521E-141   4.1524908769185521E-141   4.1524908769185521E-141
   2.9082282959824743E-141   2.9082282959824743E-141   2.9082282959824743E-141   2.9082282959824743E-141   2.9082282959824743E-141   2.9082282959824743E-141   2.9082282959824743E-141   2.9082282959824743E-141   2.9082282959824743E-141   2.9082282959824743E-141   2.9082282959824743E-141   2.9082282959824743E-141   2.9082282959824743E-141   2.9082282959824743E-141   2.9082282959824743E-141
   2.0367996155188178E-141   2.0367996155188178E-141   2.0367996155188178E-141   2.0367996155188178E-141   2.0367996155188178E-141   2.0367996155188178E-141   2.0367996155188178E-141   2.0367996155188178E-141   2.0367996155188178E-141   2.0367996155188178E-141   2.0367996155188178E-141   2.0367996155188178E-141   2.0367996155188178E-141   2.0367996155188178E-141   2.0367996155188178E-141
   1.4264879684681484E-141   1.4264879684681484E-141   1.4264879684681484E-141   1.4264879684681484E-141   1.4264879684681484E-141   1.4264879684681484E-141   1.4264879684681484E-141   1.4264879684681484E-141   1.4264879684681484E-141   1.4264879684681484E-141   1.4264879684681484E-141   1.4264879684681484E-141   1.4264879684681484E-141   1.4264879684681484E-141   1.4264879684681484E-141
   9.9905160462535383E-142   9.9905160462535383E-142   9.9905160462535383E-142   9.9905160462535383E-142   9.9905160462535383E-142   9.9905160462535383E-142   9.9905160462535383E-142   9.9905160462535383E-142   9.9905160462535383E-142   9.9905160462535383E-142   9.9905160462535383E-142   9.9905160462535383E-142   9.9905160462535383E-142   9.9905160462535383E-142   9.9905160462535383E-142
   6.9969332428111643E-142   6.9969332428111643E-142   6.9969332428111643E-142   6.9969332428111643E-142   6.9969332428111643E-142   6.9969332428111643E-142   6.9969332428111643E-142   6.9969332428111643E-142   6.9969332428111643E-142   6.9969332428111643E-142   6.9969332428111643E-142   6.9969332428111643E-142   6.9969332428111643E-142   6.9969332428111643E-142   6.9969332428111643E-142
   4.9003549544084758E-142   4.9003549544084758E-142   4.9003549544084758E-142   4.9003549544084758E-142   4.9003549544084758E-142   4.9003549544084758E-142   4.9003549544084758E-142   4.9003549544084758E-142   4.9003549544084758E-142   4.9003549544084758E-142   4.9003549544084758E-142   4.9003549544084758E-142   4.9003549544084758E-142   4.9003549544084758E-142   4.9003549544084758E-142
   3.4320005416469875E-142   3.4320005416469875E-142   3.4320005416469875E-142   3.4320005416469875E-142   3.4320005416469875E-142   3.4320005416469875E-142   3.4320005416469875E-142   3.4320005416469875E-142   3.4320005416469875E-142   3.4320005416469875E-142   3.4320005416469875E-142   3.4320005416469875E-142   3.4320005416469875E-142   3.4320005416469875E-142   3.4320005416469875E-142
   2.4036274570822409E-142   2.4036274570822409E-142   2.4036274570822409E-142   2.4036274570822409E-142   2.4036274570822409E-142   2.4036274570822409E-142   2.4036274570822409E-142   2.4036274570822409E-142   2.4036274570822409E-142   2.4036274570822409E-142   2.4036274570822409E-142   2.4036274570822409E-142   2.4036274570822409E-142   2.4036274570822409E-142   2.4036274570822409E-142
   1.6833986132377188E-142   1.6833986132377188E-142   1.6833986132377188E-142   1.6833986132377188E-142   1.6833986132377188E-142   1.6833986132377188E-142   1.6833986132377188E-142   1.6833986132377188E-142   1.6833986132377188E-142   1.6833986132377188E-142   1.6833986132377188E-142   1.6833986132377188E-142   1.6833986132377188E-142   1.6833986132377188E-142   1.6833986132377188E-142
   1.1789809118300939E-142   1.1789809118300939E-142   1.1789809118300939E-142   1.1789809118300939E-142   1.1789809118300939E-142   1.1789809118300939E-142   1.1789809118300939E-142   1.1789809118300939E-142   1.1789809118300939E-142   1.1789809118300939E-142   1.1789809118300939E-142   1.1789809118300939E-142   1.1789809118300939E-142   1.1789809118300939E-142   1.1789809118300939E-142
   8.2570817127282208E-143   8.2570817127282208E-143   8.2570817127282208E-143   8.2570817127282208E-143   8.2570817127282208E-143   8.2570817127282208E-143   8.2570817127282208E-143   8.2570817127282208E-143   8.2570817127282208E-143   8.2570817127282208E-143   8.2570817127282208E-143   8.2570817127282208E-143   8.2570817127282208E-143   8.2570817127282208E-143   8.2570817127282208E-143
   5.7829094370016693E-143   5.7829094370016693E-143   5.7829094370016693E-143   5.7829094370016693E-143   5.7829094370016693E-143   5.7829094370016693E-143   5.7829094370016693E-143   5.7829094370016693E-143   5.7829094370016693E-143   5.7829094370016693E-143   5.7829094370016693E-143   5.7829094370016693E-143   5.7829094370016693E-143   5.7829094370016693E-143   5.7829094370016693E-143
   4.0501042281091034E-143   4.0501042281091034E-143   4.0501042281091034E-143   4.0501042281091034E-143   4.0501042281091034E-143   4.0501042281091034E-143   4.0501042281091034E-143   4.0501042281091034E-143   4.0501042281091034E-143   4.0501042281091034E-143   4.0501042281091034E-143   4.0501042281091034E-143   4.0501042281091034E-143   4.0501042281091034E-143   4.0501042281091034E-143
   2.8365210344798528E-143   2.8365210344798528E-143   2.8365210344798528E-143   2.8365210344798528E-143   2.8365210344798528E-143   2.8365210344798528E-143   2.8365210344798528E-143   2.8365210344798528E-143   2.8365210344798528E-143   2.8365210344798528E-143   2.8365210344798528E-143   2.8365210344798528E-143   2.8365210344798528E-143   2.8365210344798528E-143   2.8365210344798528E-143
   1.9865788942431909E-143   1.9865788942431909E-143   1.9865788942431909E-143   1.9865788942431909E-143   1.9865788942431909E-143   1.9865788942431909E-143   1.9865788942431909E-143   1.9865788942431909E-143   1.9865788942431909E-143   1.9865788942431909E-143   1.9865788942431909E-143   1.9865788942431909E-143   1.9865788942431909E-143   1.9865788942431909E-143   1.9865788942431909E-143
   1.3913155076518544E-143   1.3913155076518544E-143   1.3913155076518544E-143   1.3913155076518544E-143   1.3913155076518544E-143   1.3913155076518544E-143   1.3913155076518544E-143   1.3913155076518544E-143   1.3913155076518544E-143   1.3913155076518544E-143   1.3913155076518544E-143   1.3913155076518544E-143   1.3913155076518544E-143   1.3913155076518544E-143   1.3913155076518544E-143
   9.7441830648763904E-144   9.7441830648763904E-144   9.7441830648763904E-144   9.7441830648763904E-144   9.7441830648763904E-144   9.7441830648763904E-144   9.7441830648763904E-144   9.7441830648763904E-144   9.7441830648763904E-144   9.7441830648763904E-144   9.7441830648763904E-144   9.7441830648763904E-144   9.7441830648763904E-144   9.7441830648763904E-144   9.7441830648763904E-144
   6.8244120819202887E-144   6.8244120819202887E-144   6.8244120819202887E-144   6.8244120819202887E-144   6.8244120819202887E-144   6.8244120819202887E-144   6.8244120819202887E-144   6.8244120819202887E-144   6.8244120819202887E-144   6.8244120819202887E-144   6.8244120819202887E-144   6.8244120819202887E-144   6.8244120819202887E-144   6.8244120819202887E-144   6.8244120819202887E-144
   4.7795284585460970E-144   4.7795284585460970E-144   4.7795284585460970E-144   4.7795284585460970E-144   4.7795284585460970E-144   4.7795284585460970E-144   4.7795284585460970E-144   4.7795284585460970E-144   4.7795284585460970E-144   4.7795284585460970E-144   4.7795284585460970E-144   4.7795284585460970E-144   4.7795284585460970E-144   4.7795284585460970E-144   4.7795284585460970E-144
   3.3473787942219517E-144   3.3473787942219517E-144   3.3473787942219517E-144   3.3473787942219517E-144   3.3473787942219517E-144   3.3473787942219517E-144   3.3473787942219517E-144   3.3473787942219517E-144   3.3473787942219517E-144   3.3473787942219517E-144   3.3473787942219517E-144   3.3473787942219517E-144   3.3473787942219517E-144   3.3473787942219517E-144   3.3473787942219517E-144
   2.3443619782139073E-144   2.3443619782139073E-144   2.3443619782139073E-144   2.3443619782139073E-144   2.3443619782139073E-144   2.3443619782139073E-144   2.3443619782139073E-144   2.3443619782139073E-144   2.3443619782139073E-144   2.3443619782139073E-144   2.3443619782139073E-144   2.3443619782139073E-144   2.3443619782139073E-144   2.3443619782139073E-144   2.3443619782139073E-144
   1.6418915882427034E-144   1.6418915882427034E-144   1.6418915882427034E-144   1.6418915882427034E-144   1.6418915882427034E-144   1.6418915882427034E-144   1.6418915882427034E-144   1.6418915882427034E-144   1.6418915882427034E-144   1.6418915882427034E-144   1.6418915882427034E-144   1.6418915882427034E-144   1.6418915882427034E-144   1.6418915882427034E-144   1.6418915882427034E-144
   1.1499111539063556E-144   1.1499111539063556E-144   1.1499111539063556E-144   1.1499111539063556E-144   1.1499111539063556E-144   1.1499111539063556E-144   1.1499111539063556E-144   1.1499111539063556E-144   1.1499111539063556E-144   1.1499111539063556E-144   1.1499111539063556E-144   1.1499111539063556E-144   1.1499111539063556E-144   1.1499111539063556E-144   1.1499111539063556E-144
   8.0534894712109655E-145   8.0534894712109655E-145   8.0534894712109655E-145   8.0534894712109655E-145   8.0534894712109655E-145   8.0534894712109655E-145   8.0534894712109655E-145   8.0534894712109655E-145   8.0534894712109655E-145   8.0534894712109655E-145   8.0534894712109655E-145   8.0534894712109655E-145   8.0534894712109655E-145   8.0534894712109655E-145   8.0534894712109655E-145
   5.6403220755425312E-145   5.6403220755425312E-145   5.6403220755425312E-145   5.6403220755425312E-145   5.6403220755425312E-145   5.6403220755425312E-145   5.6403220755425312E-145   5.6403220755425312E-145   5.6403220755425312E-145   5.6403220755425312E-145   5.6403220755425312E-145   5.6403220755425312E-145   5.6403220755425312E-145   5.6403220755425312E-145   5.6403220755425312E-145
   3.9502420943835563E-145   3.9502420943835563E-145   3.9502420943835563E-145   3.9502420943835563E-145   3.9502420943835563E-145   3.9502420943835563E-145   3.9502420943835563E-145   3.9502420943835563E-145   3.9502420943835563E-145   3.9502420943835563E-145   3.9502420943835563E-145   3.9502420943835563E-145   3.9502420943835563E-145   3.9502420943835563E-145   3.9502420943835563E-145
   2.7665818361514183E-145   2.7665818361514183E-145   2.7665818361514183E-145   2.7665818361514183E-145   2.7665818361514183E-145   2.7665818361514183E-145   2.7665818361514183E-145   2.7665818361514183E-145   2.7665818361514183E-145   2.7665818361514183E-145   2.7665818361514183E-145   2.7665818361514183E-145   2.7665818361514183E-145   2.7665818361514183E-145   2.7665818361514183E-145
   1.9375964493430275E-145   1.9375964493430275E-145   1.9375964493430275E-145   1.9375964493430275E-145   1.9375964493430275E-145   1.9375964493430275E-145   1.9375964493430275E-145   1.9375964493430275E-145   1.9375964493430275E-145   1.9375964493430275E-145   1.9375964493430275E-145   1.9375964493430275E-145   1.9375964493430275E-145   1.9375964493430275E-145   1.9375964493430275E-145
   1.3570102830318865E-145   1.3570102830318865E-145   1.3570102830318865E-145   1.3570102830318865E-145   1.3570102830318865E-145   1.3570102830318865E-145   1.3570102830318865E-145   1.3570102830318865E-145   1.3570102830318865E-145   1.3570102830318865E-145   1.3570102830318865E-145   1.3570102830318865E-145   1.3570102830318865E-145   1.3570102830318865E-145   1.3570102830318865E-145
   9.5039238375909416E-146   9.5039238375909416E-146   9.5039238375909416E-146   9.5039238375909416E-146   9.5039238375909416E-146   9.5039238375909416E-146   9.5039238375909416E-146   9.5039238375909416E-146   9.5039238375909416E-146   9.5039238375909416E-146   9.5039238375909416E-146   9.5039238375909416E-146   9.5039238375909416E-146   9.5039238375909416E-146   9.5039238375909416E-146
   6.6561447205044450E-146   6.6561447205044450E-146   6.6561447205044450E-146   6.6561447205044450E-146   6.6561447205044450E-146   6.6561447205044450E-146   6.6561447205044450E-146   6.6561447205044450E-146   6.6561447205044450E-146   6.6561447205044450E-146   6.6561447205044450E-146   6.6561447205044450E-146   6.6561447205044450E-146   6.6561447205044450E-146   6.6561447205044450E-146
   4.6616811432202614E-146   4.6616811432202614E-146   4.6616811432202614E-146   4.6616811432202614E-146   4.6616811432202614E-146   4.6616811432202614E-146   4.6616811432202614E-146   4.6616811432202614E-146   4.6616811432202614E-146   4.6616811432202614E-146   4.6616811432202614E-146   4.6616811432202614E-146   4.6616811432202614E-146   4.6616811432202614E-146   4.6616811432202614E-146
   3.2648435383490917E-146   3.2648435383490917E-146   3.2648435383490917E-146   3.2648435383490917E-146   3.2648435383490917E-146   3.2648435383490917E-146   3.2648435383490917E-146   3.2648435383490917E-146   3.2648435383490917E-146   3.2648435383490917E-146   3.2648435383490917E-146   3.2648435383490917E-146   3.2648435383490917E-146   3.2648435383490917E-146   3.2648435383490917E-146
   2.2865577894365633E-146   2.2865577894365633E-146   2.2865577894365633E-146   2.2865577894365633E-146   2.2865577894365633E-146   2.2865577894365633E-146   2.2865577894365633E-146   2.2865577894365633E-146   2.2865577894365633E-146   2.2865577894365633E-146   2.2865577894365633E-146   2.2865577894365633E-146   2.2865577894365633E-146   2.2865577894365633E-146   2.2865577894365633E-146
   1.6014079887812296E-146   1.6014079887812296E-146   1.6014079887812296E-146   1.6014079887812296E-146   1.6014079887812296E-146   1.6014079887812296E-146   1.6014079887812296E-146   1.6014079887812296E-146   1.6014079887812296E-146   1.6014079887812296E-146   1.6014079887812296E-146   1.6014079887812296E-146   1.6014079887812296E-146   1.6014079887812296E-146   1.6014079887812296E-146
   1.1215581597717975E-146   1.1215581597717975E-146   1.1215581597717975E-146   1.1215581597717975E-146   1.1215581597717975E-146   1.1215581597717975E-146   1.1215581597717975E-146   1.1215581597717975E-146   1.1215581597717975E-146   1.1215581597717975E-146   1.1215581597717975E-146   1.1215581597717975E-146   1.1215581597717975E-146   1.1215581597717975E-146   1.1215581597717975E-146
   7.8549171389361928E-147   7.8549171389361928E-147   7.8549171389361928E-147   7.8549171389361928E-147   7.8549171389361928E-147   7.8549171389361928E-147   7.8549171389361928E-147   7.8549171389361928E-147   7.8549171389361928E-147   7.8549171389361928E-147   7.8549171389361928E-147   7.8549171389361928E-147   7.8549171389361928E-147   7.8549171389361928E-147   7.8549171389361928E-147
   5.5012504453721303E-147   5.5012504453721303E-147   5.5012504453721303E-147   5.5012504453721303E-147   5.5012504453721303E-147   5.5012504453721303E-147   5.5012504453721303E-147   5.5012504453721303E-147   5.5012504453721303E-147   5.5012504453721303E-147   5.5012504453721303E-147   5.5012504453721303E-147   5.5012504453721303E-147   5.5012504453721303E-147   5.5012504453721303E-147
   3.8528422295751751E-147   3.8528422295751751E-147   3.8528422295751751E-147   3.8528422295751751E-147   3.8528422295751751E-147   3.8528422295751751E-147   3.8528422295751751E-147   3.8528422295751751E-147   3.8528422295751751E-147   3.8528422295751751E-147   3.8528422295751751E-147   3.8528422295751751E-147   3.8528422295751751E-147   3.8528422295751751E-147   3.8528422295751751E-147
   2.6983671064249518E-147   2.6983671064249518E-147   2.6983671064249518E-147   2.6983671064249518E-147   2.6983671064249518E-147   2.6983671064249518E-147   2.6983671064249518E-147   2.6983671064249518E-147   2.6983671064249518E-147   2.6983671064249518E-147   2.6983671064249518E-147   2.6983671064249518E-147   2.6983671064249518E-147   2.6983671064249518E-147   2.6983671064249518E-147
   1.8898217490309747E-147   1.8898217490309747E-147   1.8898217490309747E-147   1.8898217490309747E-147   1.8898217490309747E-147   1.8898217490309747E-147   1.8898217490309747E-147   1.8898217490309747E-147   1.8898217490309747E-147   1.8898217490309747E-147   1.8898217490309747E-147   1.8898217490309747E-147   1.8898217490309747E-147   1.8898217490309747E-147   1.8898217490309747E-147
   1.3235509114407532E-147   1.3235509114407532E-147   1.3235509114407532E-147   1.3235509114407532E-147   1.3235509114407532E-147   1.3235509114407532E-147   1.3235509114407532E-147   1.3235509114407532E-147   1.3235509114407532E-147   1.3235509114407532E-147   1.3235509114407532E-147   1.3235509114407532E-147   1.3235509114407532E-147   1.3235509114407532E-147   1.3235509114407532E-147
   9.2695886057713738E-148   9.2695886057713738E-148   9.2695886057713738E-148   9.2695886057713738E-148   9.2695886057713738E-148   9.2695886057713738E-148   9.2695886057713738E-148   9.2695886057713738E-148   9.2695886057713738E-148   9.2695886057713738E-148   9.2695886057713738E-148   9.2695886057713738E-148   9.2695886057713738E-148   9.2695886057713738E-148   9.2695886057713738E-148
   6.4920262739808315E-148   6.4920262739808315E-148   6.4920262739808315E-148   6.4920262739808315E-148   6.4920262739808315E-148   6.4920262739808315E-148   6.4920262739808315E-148   6.4920262739808315E-148   6.4920262739808315E-148   6.4920262739808315E-148   6.4920262739808315E-148   6.4920262739808315E-148   6.4920262739808315E-148   6.4920262739808315E-148   6.4920262739808315E-148
   4.5467395517225428E-148   4.5467395517225428E-148   4.5467395517225428E-148   4.5467395517225428E-148   4.5467395517225428E-148   4.5467395517225428E-148   4.5467395517225428E-148   4.5467395517225428E-148   4.5467395517225428E-148   4.5467395517225428E-148   4.5467395517225428E-148   4.5467395517225428E-148   4.5467395517225428E-148   4.5467395517225428E-148   4.5467395517225428E-148
   3.1843433280687722E-148   3.1843433280687722E-148   3.1843433280687722E-148   3.1843433280687722E-148   3.1843433280687722E-148   3.1843433280687722E-148   3.1843433280687722E-148   3.1843433280687722E-148   3.1843433280687722E-148   3.1843433280687722E-148   3.1843433280687722E-148   3.1843433280687722E-148   3.1843433280687722E-148   3.1843433280687722E-148   3.1843433280687722E-148
   2.2301788601844404E-148   2.2301788601844404E-148   2.2301788601844404E-148   2.2301788601844404E-148   2.2301788601844404E-148   2.2301788601844404E-148   2.2301788601844404E-148   2.2301788601844404E-148   2.2301788601844404E-148   2.2301788601844404E-148   2.2301788601844404E-148   2.2301788601844404E-148   2.2301788601844404E-148   2.2301788601844404E-148   2.2301788601844404E-148
   1.5619225805748740E-148   1.5619225805748740E-148   1.5619225805748740E-148   1.5619225805748740E-148   1.5619225805748740E-148   1.5619225805748740E-148   1.5619225805748740E-148   1.5619225805748740E-148   1.5619225805748740E-148   1.5619225805748740E-148   1.5619225805748740E-148   1.5619225805748740E-148   1.5619225805748740E-148   1.5619225805748740E-148   1.5619225805748740E-148
   1.0939042564092331E-148   1.0939042564092331E-148   1.0939042564092331E-148   1.0939042564092331E-148   1.0939042564092331E-148   1.0939042564092331E-148   1.0939042564092331E-148   1.0939042564092331E-148   1.0939042564092331E-148   1.0939042564092331E-148   1.0939042564092331E-148   1.0939042564092331E-148   1.0939042564092331E-148   1.0939042564092331E-148   1.0939042564092331E-148
   7.6612409415952100E-149   7.6612409415952100E-149   7.6612409415952100E-149   7.6612409415952100E-149   7.6612409415952100E-149   7.6612409415952100E-149   7.6612409415952100E-149   7.6612409415952100E-149   7.6612409415952100E-149   7.6612409415952100E-149   7.6612409415952100E-149   7.6612409415952100E-149   7.6612409415952100E-149   7.6612409415952100E-149   7.6612409415952100E-149
   5.3656078602199044E-149   5.3656078602199044E-149   5.3656078602199044E-149   5.3656078602199044E-149   5.3656078602199044E-149   5.3656078602199044E-149   5.3656078602199044E-149   5.3656078602199044E-149   5.3656078602199044E-149   5.3656078602199044E-149   5.3656078602199044E-149   5.3656078602199044E-149   5.3656078602199044E-149   5.3656078602199044E-149   5.3656078602199044E-149
   3.7578439223004680E-149   3.7578439223004680E-149   3.7578439223004680E-149   3.7578439223004680E-149   3.7578439223004680E-149   3.7578439223004680E-149   3.7578439223004680E-149   3.7578439223004680E-149   3.7578439223004680E-149   3.7578439223004680E-149   3.7578439223004680E-149   3.7578439223004680E-149   3.7578439223004680E-149   3.7578439223004680E-149   3.7578439223004680E-149
   2.6318343256250235E-149   2.6318343256250235E-149   2.6318343256250235E-149   2.6318343256250235E-149   2.6318343256250235E-149   2.6318343256250235E-149   2.6318343256250235E-149   2.6318343256250235E-149   2.6318343256250235E-149   2.6318343256250235E-149   2.6318343256250235E-149   2.6318343256250235E-149   2.6318343256250235E-149   2.6318343256250235E-149   2.6318343256250235E-149
   1.8432250143315144E-149   1.8432250143315144E-149   1.8432250143315144E-149   1.8432250143315144E-149   1.8432250143315144E-149   1.8432250143315144E-149   1.8432250143315144E-149   1.8432250143315144E-149   1.8432250143315144E-149   1.8432250143315144E-149   1.8432250143315144E-149   1.8432250143315144E-149   1.8432250143315144E-149   1.8432250143315144E-149   1.8432250143315144E-149
   1.2909165369481895E-149   1.2909165369481895E-149   1.2909165369481895E-149   1.2909165369481895E-149   1.2909165369481895E-149   1.2909165369481895E-149   1.2909165369481895E-149   1.2909165369481895E-149   1.2909165369481895E-149   1.2909165369481895E-149   1.2909165369481895E-149   1.2909165369481895E-149   1.2909165369481895E-149   1.2909165369481895E-149   1.2909165369481895E-149
   9.0410313033352156E-150   9.0410313033352156E-150   9.0410313033352156E-150   9.0410313033352156E-150   9.0410313033352156E-150   9.0410313033352156E-150   9.0410313033352156E-150   9.0410313033352156E-150   9.0410313033352156E-150   9.0410313033352156E-150   9.0410313033352156E-150   9.0410313033352156E-150   9.0410313033352156E-150   9.0410313033352156E-150   9.0410313033352156E-150
   6.3319544438649550E-150   6.3319544438649550E-150   6.3319544438649550E-150   6.3319544438649550E-150   6.3319544438649550E-150   6.3319544438649550E-150   6.3319544438649550E-150   6.3319544438649550E-150   6.3319544438649550E-150   6.3319544438649550E-150   6.3319544438649550E-150   6.3319544438649550E-150   6.3319544438649550E-150   6.3319544438649550E-150   6.3319544438649550E-150
   4.4346320385357343E-150   4.4346320385357343E-150   4.4346320385357343E-150   4.4346320385357343E-150   4.4346320385357343E-150   4.4346320385357343E-150   4.4346320385357343E-150   4.4346320385357343E-150   4.4346320385357343E-150   4.4346320385357343E-150   4.4346320385357343E-150   4.4346320385357343E-150   4.4346320385357343E-150   4.4346320385357343E-150   4.4346320385357343E-150
   3.1058279859005598E-150   3.1058279859005598E-150   3.1058279859005598E-150   3.1058279859005598E-150   3.1058279859005598E-150   3.1058279859005598E-150   3.1058279859005598E-150   3.1058279859005598E-150   3.1058279859005598E-150   3.1058279859005598E-150   3.1058279859005598E-150   3.1058279859005598E-150   3.1058279859005598E-150   3.1058279859005598E-150   3.1058279859005598E-150
   2.1751900482785269E-150   2.1751900482785269E-150   2.1751900482785269E-150   2.1751900482785269E-150   2.1751900482785269E-150   2.1751900482785269E-150   2.1751900482785269E-150   2.1751900482785269E-150   2.1751900482785269E-150   2.1751900482785269E-150   2.1751900482785269E-150   2.1751900482785269E-150   2.1751900482785269E-150   2.1751900482785269E-150   2.1751900482785269E-150
   1.5234107515313191E-150   1.5234107515313191E-150   1.5234107515313191E-150   1.5234107515313191E-150   1.5234107515313191E-150   1.5234107515313191E-150   1.5234107515313191E-150   1.5234107515313191E-150   1.5234107515313191E-150   1.5234107515313191E-150   1.5234107515313191E-150   1.5234107515313191E-150   1.5234107515313191E-150   1.5234107515313191E-150   1.5234107515313191E-150
   1.0669322065519713E-150   1.0669322065519713E-150   1.0669322065519713E-150   1.0669322065519713E-150   1.0669322065519713E-150   1.0669322065519713E-150   1.0669322065519713E-150   1.0669322065519713E-150   1.0669322065519713E-150   1.0669322065519713E-150   1.0669322065519713E-150   1.0669322065519713E-150   1.0669322065519713E-150   1.0669322065519713E-150   1.0669322065519713E-150
   7.4723401566684830E-151   7.4723401566684830E-151   7.4723401566684830E-151   7.4723401566684830E-151   7.4723401566684830E-151   7.4723401566684830E-151   7.4723401566684830E-151   7.4723401566684830E-151   7.4723401566684830E-151   7.4723401566684830E-151   7.4723401566684830E-151   7.4723401566684830E-151   7.4723401566684830E-151   7.4723401566684830E-151   7.4723401566684830E-151
   5.2333097711364497E-151   5.2333097711364497E-151   5.2333097711364497E-151   5.2333097711364497E-151   5.2333097711364497E-151   5.2333097711364497E-151   5.2333097711364497E-151   5.2333097711364497E-151   5.2333097711364497E-151   5.2333097711364497E-151   5.2333097711364497E-151   5.2333097711364497E-151   5.2333097711364497E-151   5.2333097711364497E-151   5.2333097711364497E-151
   3.6651879580426815E-151   3.6651879580426815E-151   3.6651879580426815E-151   3.6651879580426815E-151   3.6651879580426815E-151   3.6651879580426815E-151   3.6651879580426815E-151   3.6651879580426815E-151   3.6651879580426815E-151   3.6651879580426815E-151   3.6651879580426815E-151   3.6651879580426815E-151   3.6651879580426815E-151   3.6651879580426815E-151   3.6651879580426815E-151
   2.5669420223957878E-151   2.5669420223957878E-151   2.5669420223957878E-151   2.5669420223957878E-151   2.5669420223957878E-151   2.5669420223957878E-151   2.5669420223957878E-151   2.5669420223957878E-151   2.5669420223957878E-151   2.5669420223957878E-151   2.5669420223957878E-151   2.5669420223957878E-151   2.5669420223957878E-151   2.5669420223957878E-151   2.5669420223957878E-151
   1.7977772004453110E-151   1.7977772004453110E-151   1.7977772004453110E-151   1.7977772004453110E-151   1.7977772004453110E-151   1.7977772004453110E-151   1.7977772004453110E-151   1.7977772004453110E-151   1.7977772004453110E-151   1.7977772004453110E-151   1.7977772004453110E-151   1.7977772004453110E-151   1.7977772004453110E-151   1.7977772004453110E-151   1.7977772004453110E-151
   1.2590868177874115E-151   1.2590868177874115E-151   1.2590868177874115E-151   1.2590868177874115E-151   1.2590868177874115E-151   1.2590868177874115E-151   1.2590868177874115E-151   1.2590868177874115E-151   1.2590868177874115E-151   1.2590868177874115E-151   1.2590868177874115E-151   1.2590868177874115E-151   1.2590868177874115E-151   1.2590868177874115E-151   1.2590868177874115E-151
   8.8181094649593881E-152   8.8181094649593881E-152   8.8181094649593881E-152   8.8181094649593881E-152   8.8181094649593881E-152   8.8181094649593881E-152   8.8181094649593881E-152   8.8181094649593881E-152   8.8181094649593881E-152   8.8181094649593881E-152   8.8181094649593881E-152   8.8181094649593881E-152   8.8181094649593881E-152   8.8181094649593881E-152   8.8181094649593881E-152
   6.1758294532679224E-152   6.1758294532679224E-152   6.1758294532679224E-152   6.1758294532679224E-152   6.1758294532679224E-152   6.1758294532679224E-152   6.1758294532679224E-152   6.1758294532679224E-152   6.1758294532679224E-152   6.1758294532679224E-152   6.1758294532679224E-152   6.1758294532679224E-152   6.1758294532679224E-152   6.1758294532679224E-152   6.1758294532679224E-152
   4.3252887239376697E-152   4.3252887239376697E-152   4.3252887239376697E-152   4.3252887239376697E-152   4.3252887239376697E-152   4.3252887239376697E-152   4.3252887239376697E-152   4.3252887239376697E-152   4.3252887239376697E-152   4.3252887239376697E-152   4.3252887239376697E-152   4.3252887239376697E-152   4.3252887239376697E-152   4.3252887239376697E-152   4.3252887239376697E-152
   3.0292485708284201E-152   3.0292485708284201E-152   3.0292485708284201E-152   3.0292485708284201E-152   3.0292485708284201E-152   3.0292485708284201E-152   3.0292485708284201E-152   3.0292485708284201E-152   3.0292485708284201E-152   3.0292485708284201E-152   3.0292485708284201E-152   3.0292485708284201E-152   3.0292485708284201E-152   3.0292485708284201E-152   3.0292485708284201E-152
   2.1215570772835041E-152   2.1215570772835041E-152   2.1215570772835041E-152   2.1215570772835041E-152   2.1215570772835041E-152   2.1215570772835041E-152   2.1215570772835041E-152   2.1215570772835041E-152   2.1215570772835041E-152   2.1215570772835041E-152   2.1215570772835041E-152   2.1215570772835041E-152   2.1215570772835041E-152   2.1215570772835041E-152   2.1215570772835041E-152
   1.4858484956649352E-152   1.4858484956649352E-152   1.4858484956649352E-152   1.4858484956649352E-152   1.4858484956649352E-152   1.4858484956649352E-152   1.4858484956649352E-152   1.4858484956649352E-152   1.4858484956649352E-152   1.4858484956649352E-152   1.4858484956649352E-152   1.4858484956649352E-152   1.4858484956649352E-152   1.4858484956649352E-152   1.4858484956649352E-152
   1.0406251972012443E-152   1.0406251972012443E-152   1.0406251972012443E-152   1.0406251972012443E-152   1.0406251972012443E-152   1.0406251972012443E-152   1.0406251972012443E-152   1.0406251972012443E-152   1.0406251972012443E-152   1.0406251972012443E-152   1.0406251972012443E-152   1.0406251972012443E-152   1.0406251972012443E-152   1.0406251972012443E-152   1.0406251972012443E-152
   7.2880970307940477E-153   7.2880970307940477E-153   7.2880970307940477E-153   7.2880970307940477E-153   7.2880970307940477E-153   7.2880970307940477E-153   7.2880970307940477E-153   7.2880970307940477E-153   7.2880970307940477E-153   7.2880970307940477E-153   7.2880970307940477E-153   7.2880970307940477E-153   7.2880970307940477E-153   7.2880970307940477E-153   7.2880970307940477E-153
   5.1042737064093535E-153   5.1042737064093535E-153   5.1042737064093535E-153   5.1042737064093535E-153   5.1042737064093535E-153   5.1042737064093535E-153   5.1042737064093535E-153   5.1042737064093535E-153   5.1042737064093535E-153   5.1042737064093535E-153   5.1042737064093535E-153   5.1042737064093535E-153   5.1042737064093535E-153   5.1042737064093535E-153   5.1042737064093535E-153
   3.5748165748586055E-153   3.5748165748586055E-153   3.5748165748586055E-153   3.5748165748586055E-153   3.5748165748586055E-153   3.5748165748586055E-153   3.5748165748586055E-153   3.5748165748586055E-153   3.5748165748586055E-153   3.5748165748586055E-153   3.5748165748586055E-153   3.5748165748586055E-153   3.5748165748586055E-153   3.5748165748586055E-153   3.5748165748586055E-153
   2.5036497404670911E-153   2.5036497404670911E-153   2.5036497404670911E-153   2.5036497404670911E-153   2.5036497404670911E-153   2.5036497404670911E-153   2.5036497404670911E-153   2.5036497404670911E-153   2.5036497404670911E-153   2.5036497404670911E-153   2.5036497404670911E-153   2.5036497404670911E-153   2.5036497404670911E-153   2.5036497404670911E-153   2.5036497404670911E-153
   1.7534499712607351E-153   1.7534499712607351E-153   1.7534499712607351E-153   1.7534499712607351E-153   1.7534499712607351E-153   1.7534499712607351E-153   1.7534499712607351E-153   1.7534499712607351E-153   1.7534499712607351E-153   1.7534499712607351E-153   1.7534499712607351E-153   1.7534499712607351E-153   1.7534499712607351E-153   1.7534499712607351E-153   1.7534499712607351E-153
   1.2280419062910924E-153   1.2280419062910924E-153   1.2280419062910924E-153   1.2280419062910924E-153   1.2280419062910924E-153   1.2280419062910924E-153   1.2280419062910924E-153   1.2280419062910924E-153   1.2280419062910924E-153   1.2280419062910924E-153   1.2280419062910924E-153   1.2280419062910924E-153   1.2280419062910924E-153   1.2280419062910924E-153   1.2280419062910924E-153
   8.6006840634292832E-154   8.6006840634292832E-154   8.6006840634292832E-154   8.6006840634292832E-154   8.6006840634292832E-154   8.6006840634292832E-154   8.6006840634292832E-154   8.6006840634292832E-154   8.6006840634292832E-154   8.6006840634292832E-154   8.6006840634292832E-154   8.6006840634292832E-154   8.6006840634292832E-154   8.6006840634292832E-154   8.6006840634292832E-154
   6.0235539108508043E-154   6.0235539108508043E-154   6.0235539108508043E-154   6.0235539108508043E-154   6.0235539108508043E-154   6.0235539108508043E-154   6.0235539108508043E-154   6.0235539108508043E-154   6.0235539108508043E-154   6.0235539108508043E-154   6.0235539108508043E-154   6.0235539108508043E-154   6.0235539108508043E-154   6.0235539108508043E-154   6.0235539108508043E-154
   4.2186413765878977E-154   4.2186413765878977E-154   4.2186413765878977E-154   4.2186413765878977E-154   4.2186413765878977E-154   4.2186413765878977E-154   4.2186413765878977E-154   4.2186413765878977E-154   4.2186413765878977E-154   4.2186413765878977E-154   4.2186413765878977E-154   4.2186413765878977E-154   4.2186413765878977E-154   4.2186413765878977E-154   4.2186413765878977E-154
   2.9545572739356861E-154   2.9545572739356861E-154   2.9545572739356861E-154   2.9545572739356861E-154   2.9545572739356861E-154   2.9545572739356861E-154   2.9545572739356861E-154   2.9545572739356861E-154   2.9545572739356861E-154   2.9545572739356861E-154   2.9545572739356861E-154   2.9545572739356861E-154   2.9545572739356861E-154   2.9545572739356861E-154   2.9545572739356861E-154
   2.0692464412802010E-154   2.0692464412802010E-154   2.0692464412802010E-154   2.0692464412802010E-154   2.0692464412802010E-154   2.0692464412802010E-154   2.0692464412802010E-154   2.0692464412802010E-154   2.0692464412802010E-154   2.0692464412802010E-154   2.0692464412802010E-154   2.0692464412802010E-154   2.0692464412802010E-154   2.0692464412802010E-154   2.0692464412802010E-154
   1.4492123242676739E-154   1.4492123242676739E-154   1.4492123242676739E-154   1.4492123242676739E-154   1.4492123242676739E-154   1.4492123242676739E-154   1.4492123242676739E-154   1.4492123242676739E-154   1.4492123242676739E-154   1.4492123242676739E-154   1.4492123242676739E-154   1.4492123242676739E-154   1.4492123242676739E-154   1.4492123242676739E-154   1.4492123242676739E-154
   1.0149667552773506E-154   1.0149667552773506E-154   1.0149667552773506E-154   1.0149667552773506E-154   1.0149667552773506E-154   1.0149667552773506E-154   1.0149667552773506E-154   1.0149667552773506E-154   1.0149667552773506E-154   1.0149667552773506E-154   1.0149667552773506E-154   1.0149667552773506E-154   1.0149667552773506E-154   1.0149667552773506E-154   1.0149667552773506E-154
   7.1083959676469640E-155   7.1083959676469640E-155   7.1083959676469640E-155   7.1083959676469640E-155   7.1083959676469640E-155   7.1083959676469640E-155   7.1083959676469640E-155   7.1083959676469640E-155   7.1083959676469640E-155   7.1083959676469640E-155   7.1083959676469640E-155   7.1083959676469640E-155   7.1083959676469640E-155   7.1083959676469640E-155   7.1083959676469640E-155
   4.9784184814016898E-155   4.9784184814016898E-155   4.9784184814016898E-155   4.9784184814016898E-155   4.9784184814016898E-155   4.9784184814016898E-155   4.9784184814016898E-155   4.9784184814016898E-155   4.9784184814016898E-155   4.9784184814016898E-155   4.9784184814016898E-155   4.9784184814016898E-155   4.9784184814016898E-155   4.9784184814016898E-155   4.9784184814016898E-155
   3.4866726885864237E-155   3.4866726885864237E-155   3.4866726885864237E-155   3.4866726885864237E-155   3.4866726885864237E-155   3.4866726885864237E-155   3.4866726885864237E-155   3.4866726885864237E-155   3.4866726885864237E-155   3.4866726885864237E-155   3.4866726885864237E-155   3.4866726885864237E-155   3.4866726885864237E-155   3.4866726885864237E-155   3.4866726885864237E-155
   2.4419172746165661E-155   2.4419172746165661E-155   2.4419172746165661E-155   2.4419172746165661E-155   2.4419172746165661E-155   2.4419172746165661E-155   2.4419172746165661E-155   2.4419172746165661E-155   2.4419172746165661E-155   2.4419172746165661E-155   2.4419172746165661E-155   2.4419172746165661E-155   2.4419172746165661E-155   2.4419172746165661E-155   2.4419172746165661E-155
   1.7102149428379022E-155   1.7102149428379022E-155   1.7102149428379022E-155   1.7102149428379022E-155   1.7102149428379022E-155   1.7102149428379022E-155   1.7102149428379022E-155   1.7102149428379022E-155   1.7102149428379022E-155   1.7102149428379022E-155   1.7102149428379022E-155   1.7102149428379022E-155   1.7102149428379022E-155   1.7102149428379022E-155   1.7102149428379022E-155
   1.1977616976336427E-155   1.1977616976336427E-155   1.1977616976336427E-155   1.1977616976336427E-155   1.1977616976336427E-155   1.1977616976336427E-155   1.1977616976336427E-155   1.1977616976336427E-155   1.1977616976336427E-155   1.1977616976336427E-155   1.1977616976336427E-155   1.1977616976336427E-155   1.1977616976336427E-155   1.1977616976336427E-155   1.1977616976336427E-155
   8.3886120337898943E-156   8.3886120337898943E-156   8.3886120337898943E-156   8.3886120337898943E-156   8.3886120337898943E-156   8.3886120337898943E-156   8.3886120337898943E-156   8.3886120337898943E-156   8.3886120337898943E-156   8.3886120337898943E-156   8.3886120337898943E-156   8.3886120337898943E-156   8.3886120337898943E-156   8.3886120337898943E-156   8.3886120337898943E-156
   5.8750253606002611E-156   5.8750253606002611E-156   5.8750253606002611E-156   5.8750253606002611E-156   5.8750253606002611E-156   5.8750253606002611E-156   5.8750253606002611E-156   5.8750253606002611E-156   5.8750253606002611E-156   5.8750253606002611E-156   5.8750253606002611E-156   5.8750253606002611E-156   5.8750253606002611E-156   5.8750253606002611E-156   5.8750253606002611E-156
   4.1146159811512387E-156   4.1146159811512387E-156   4.1146159811512387E-156   4.1146159811512387E-156   4.1146159811512387E-156   4.1146159811512387E-156   4.1146159811512387E-156   4.1146159811512387E-156   4.1146159811512387E-156   4.1146159811512387E-156   4.1146159811512387E-156   4.1146159811512387E-156   4.1146159811512387E-156   4.1146159811512387E-156   4.1146159811512387E-156
   2.8816999984302511E-156   2.8816999984302511E-156   2.8816999984302511E-156   2.8816999984302511E-156   2.8816999984302511E-156   2.8816999984302511E-156   2.8816999984302511E-156   2.8816999984302511E-156   2.8816999984302511E-156   2.8816999984302511E-156   2.8816999984302511E-156   2.8816999984302511E-156   2.8816999984302511E-156   2.8816999984302511E-156   2.8816999984302511E-156
   2.0182179934779877E-156   2.0182179934779877E-156   2.0182179934779877E-156   2.0182179934779877E-156   2.0182179934779877E-156   2.0182179934779877E-156   2.0182179934779877E-156   2.0182179934779877E-156   2.0182179934779877E-156   2.0182179934779877E-156   2.0182179934779877E-156   2.0182179934779877E-156   2.0182179934779877E-156   2.0182179934779877E-156   2.0182179934779877E-156
   1.4134718604372971E-156   1.4134718604372971E-156   1.4134718604372971E-156   1.4134718604372971E-156   1.4134718604372971E-156   1.4134718604372971E-156   1.4134718604372971E-156   1.4134718604372971E-156   1.4134718604372971E-156   1.4134718604372971E-156   1.4134718604372971E-156   1.4134718604372971E-156   1.4134718604372971E-156   1.4134718604372971E-156   1.4134718604372971E-156
   9.8993334619269354E-157   9.8993334619269354E-157   9.8993334619269354E-157   9.8993334619269354E-157   9.8993334619269354E-157   9.8993334619269354E-157   9.8993334619269354E-157   9.8993334619269354E-157   9.8993334619269354E-157   9.8993334619269354E-157   9.8993334619269354E-157   9.8993334619269354E-157   9.8993334619269354E-157   9.8993334619269354E-157   9.8993334619269354E-157
   6.9330495410143394E-157   6.9330495410143394E-157   6.9330495410143394E-157   6.9330495410143394E-157   6.9330495410143394E-157   6.9330495410143394E-157   6.9330495410143394E-157   6.9330495410143394E-157   6.9330495410143394E-157   6.9330495410143394E-157   6.9330495410143394E-157   6.9330495410143394E-157   6.9330495410143394E-157   6.9330495410143394E-157   6.9330495410143394E-157
   4.8555902297943506E-157   4.8555902297943506E-157   4.8555902297943506E-157   4.8555902297943506E-157   4.8555902297943506E-157   4.8555902297943506E-157   4.8555902297943506E-157   4.8555902297943506E-157   4.8555902297943506E-157   4.8555902297943506E-157   4.8555902297943506E-157   4.8555902297943506E-157   4.8555902297943506E-157   4.8555902297943506E-157   4.8555902297943506E-157
   3.4006259358281093E-157   3.4006259358281093E-157   3.4006259358281093E-157   3.4006259358281093E-157   3.4006259358281093E-157   3.4006259358281093E-157   3.4006259358281093E-157   3.4006259358281093E-157   3.4006259358281093E-157   3.4006259358281093E-157   3.4006259358281093E-157   3.4006259358281093E-157   3.4006259358281093E-157   3.4006259358281093E-157   3.4006259358281093E-157
   2.3816307208905669E-157   2.3816307208905669E-157   2.3816307208905669E-157   2.3816307208905669E-157   2.3816307208905669E-157   2.3816307208905669E-157   2.3816307208905669E-157   2.3816307208905669E-157   2.3816307208905669E-157   2.3816307208905669E-157   2.3816307208905669E-157   2.3816307208905669E-157   2.3816307208905669E-157   2.3816307208905669E-157   2.3816307208905669E-157
   1.6679697377154604E-157   1.6679697377154604E-157   1.6679697377154604E-157   1.6679697377154604E-157   1.6679697377154604E-157   1.6679697377154604E-157   1.6679697377154604E-157   1.6679697377154604E-157   1.6679697377154604E-157   1.6679697377154604E-157   1.6679697377154604E-157   1.6679697377154604E-157   1.6679697377154604E-157   1.6679697377154604E-157   1.6679697377154604E-157
   1.1681518860157858E-157   1.1681518860157858E-157   1.1681518860157858E-157   1.1681518860157858E-157   1.1681518860157858E-157   1.1681518860157858E-157   1.1681518860157858E-157   1.1681518860157858E-157   1.1681518860157858E-157   1.1681518860157858E-157   1.1681518860157858E-157   1.1681518860157858E-157   1.1681518860157858E-157   1.1681518860157858E-157   1.1681518860157858E-157
   8.1810068385048265E-158   8.1810068385048265E-158   8.1810068385048265E-158   8.1810068385048265E-158   8.1810068385048265E-158   8.1810068385048265E-158   8.1810068385048265E-158   8.1810068385048265E-158   8.1810068385048265E-158   8.1810068385048265E-158   8.1810068385048265E-158   8.1810068385048265E-158   8.1810068385048265E-158   8.1810068385048265E-158   8.1810068385048265E-158
   5.7293968394695732E-158   5.7293968394695732E-158   5.7293968394695732E-158   5.7293968394695732E-158   5.7293968394695732E-158   5.7293968394695732E-158   5.7293968394695732E-158   5.7293968394695732E-158   5.7293968394695732E-158   5.7293968394695732E-158   5.7293968394695732E-158   5.7293968394695732E-158   5.7293968394695732E-158   5.7293968394695732E-158   5.7293968394695732E-158
   4.0123932808347007E-158   4.0123932808347007E-158   4.0123932808347007E-158   4.0123932808347007E-158   4.0123932808347007E-158   4.0123932808347007E-158   4.0123932808347007E-158   4.0123932808347007E-158   4.0123932808347007E-158   4.0123932808347007E-158   4.0123932808347007E-158   4.0123932808347007E-158   4.0123932808347007E-158   4.0123932808347007E-158   4.0123932808347007E-158
   2.8098768817639001E-158   2.8098768817639001E-158   2.8098768817639001E-158   2.8098768817639001E-158   2.8098768817639001E-158   2.8098768817639001E-158   2.8098768817639001E-158   2.8098768817639001E-158   2.8098768817639001E-158   2.8098768817639001E-158   2.8098768817639001E-158   2.8098768817639001E-158   2.8098768817639001E-158   2.8098768817639001E-158   2.8098768817639001E-158
   1.9676854441948254E-158   1.9676854441948254E-158   1.9676854441948254E-158   1.9676854441948254E-158   1.9676854441948254E-158   1.9676854441948254E-158   1.9676854441948254E-158   1.9676854441948254E-158   1.9676854441948254E-158   1.9676854441948254E-158   1.9676854441948254E-158   1.9676854441948254E-158   1.9676854441948254E-158   1.9676854441948254E-158   1.9676854441948254E-158
   1.3778503103110805E-158   1.3778503103110805E-158   1.3778503103110805E-158   1.3778503103110805E-158   1.3778503103110805E-158   1.3778503103110805E-158   1.3778503103110805E-158   1.3778503103110805E-158   1.3778503103110805E-158   1.3778503103110805E-158   1.3778503103110805E-158   1.3778503103110805E-158   1.3778503103110805E-158   1.3778503103110805E-158   1.3778503103110805E-158
   9.6475481651293555E-159   9.6475481651293555E-159   9.6475481651293555E-159   9.6475481651293555E-159   9.6475481651293555E-159   9.6475481651293555E-159   9.6475481651293555E-159   9.6475481651293555E-159   9.6475481651293555E-159   9.6475481651293555E-159   9.6475481651293555E-159   9.6475481651293555E-159   9.6475481651293555E-159   9.6475481651293555E-159   9.6475481651293555E-159
   6.7544026228863086E-159   6.7544026228863086E-159   6.7544026228863086E-159   6.7544026228863086E-159   6.7544026228863086E-159   6.7544026228863086E-159   6.7544026228863086E-159   6.7544026228863086E-159   6.7544026228863086E-159   6.7544026228863086E-159   6.7544026228863086E-159   6.7544026228863086E-159   6.7544026228863086E-159   6.7544026228863086E-159   6.7544026228863086E-159
   4.7281662241912494E-159   4.7281662241912494E-159   4.7281662241912494E-159   4.7281662241912494E-159   4.7281662241912494E-159   4.7281662241912494E-159   4.7281662241912494E-159   4.7281662241912494E-159   4.7281662241912494E-159   4.7281662241912494E-159   4.7281662241912494E-159   4.7281662241912494E-159   4.7281662241912494E-159   4.7281662241912494E-159   4.7281662241912494E-159
   3.3090761807854797E-159   3.3090761807854797E-159   3.3090761807854797E-159   3.3090761807854797E-159   3.3090761807854797E-159   3.3090761807854797E-159   3.3090761807854797E-159   3.3090761807854797E-159   3.3090761807854797E-159   3.3090761807854797E-159   3.3090761807854797E-159   3.3090761807854797E-159   3.3090761807854797E-159   3.3090761807854797E-159   3.3090761807854797E-159
   2.3152056652661062E-159   2.3152056652661062E-159   2.3152056652661062E-159   2.3152056652661062E-159   2.3152056652661062E-159   2.3152056652661062E-159   2.3152056652661062E-159   2.3152056652661062E-159   2.3152056652661062E-159   2.3152056652661062E-159   2.3152056652661062E-159   2.3152056652661062E-159   2.3152056652661062E-159   2.3152056652661062E-159   2.3152056652661062E-159
   1.6191408523090773E-159   1.6191408523090773E-159   1.6191408523090773E-159   1.6191408523090773E-159   1.6191408523090773E-159   1.6191408523090773E-159   1.6191408523090773E-159   1.6191408523090773E-159   1.6191408523090773E-159   1.6191408523090773E-159   1.6191408523090773E-159   1.6191408523090773E-159   1.6191408523090773E-159   1.6191408523090773E-159   1.6191408523090773E-159
   1.1316465086315205E-159   1.1316465086315205E-159   1.1316465086315205E-159   1.1316465086315205E-159   1.1316465086315205E-159   1.1316465086315205E-159   1.1316465086315205E-159   1.1316465086315205E-159   1.1316465086315205E-159   1.1316465086315205E-159   1.1316465086315205E-159   1.1316465086315205E-159   1.1316465086315205E-159   1.1316465086315205E-159   1.1316465086315205E-159
   7.9022606575828057E-160   7.9022606575828057E-160   7.9022606575828057E-160   7.9022606575828057E-160   7.9022606575828057E-160   7.9022606575828057E-160   7.9022606575828057E-160   7.9022606575828057E-160   7.9022606575828057E-160   7.9022606575828057E-160   7.9022606575828057E-160   7.9022606575828057E-160   7.9022606575828057E-160   7.9022606575828057E-160   7.9022606575828057E-160
   5.5110958072535605E-160   5.5110958072535605E-160   5.5110958072535605E-160   5.5110958072535605E-160   5.5110958072535605E-160   5.5110958072535605E-160   5.5110958072535605E-160   5.5110958072535605E-160   5.5110958072535605E-160   5.5110958072535605E-160   5.5110958072535605E-160   5.5110958072535605E-160   5.5110958072535605E-160   5.5110958072535605E-160   5.5110958072535605E-160
   3.8364244394672501E-160   3.8364244394672501E-160   3.8364244394672501E-160   3.8364244394672501E-160   3.8364244394672501E-160   3.8364244394672501E-160   3.8364244394672501E-160   3.8364244394672501E-160   3.8364244394672501E-160   3.8364244394672501E-160   3.8364244394672501E-160   3.8364244394672501E-160   3.8364244394672501E-160   3.8364244394672501E-160   3.8364244394672501E-160
   2.6635546845898902E-160   2.6635546845898902E-160   2.6635546845898902E-160   2.6635546845898902E-160   2.6635546845898902E-160   2.6635546845898902E-160   2.6635546845898902E-160   2.6635546845898902E-160   2.6635546845898902E-160   2.6635546845898902E-160   2.6635546845898902E-160   2.6635546845898902E-160   2.6635546845898902E-160   2.6635546845898902E-160   2.6635546845898902E-160
   1.8421254729181500E-160   1.8421254729181500E-160   1.8421254729181500E-160   1.8421254729181500E-160   1.8421254729181500E-160   1.8421254729181500E-160   1.8421254729181500E-160   1.8421254729181500E-160   1.8421254729181500E-160   1.8421254729181500E-160   1.8421254729181500E-160   1.8421254729181500E-160   1.8421254729181500E-160   1.8421254729181500E-160   1.8421254729181500E-160
   1.2668302955428500E-160   1.2668302955428500E-160   1.2668302955428500E-160   1.2668302955428500E-160   1.2668302955428500E-160   1.2668302955428500E-160   1.2668302955428500E-160   1.2668302955428500E-160   1.2668302955428500E-160   1.2668302955428500E-160   1.2668302955428500E-160   1.2668302955428500E-160   1.2668302955428500E-160   1.2668302955428500E-160   1.2668302955428500E-160
   8.6391694492439216E-161   8.6391694492439216E-161   8.6391694492439216E-161   8.6391694492439216E-161   8.6391694492439216E-161   8.6391694492439216E-161   8.6391694492439216E-161   8.6391694492439216E-161   8.6391694492439216E-161   8.6391694492439216E-161   8.6391694492439216E-161   8.6391694492439216E-161   8.6391694492439216E-161   8.6391694492439216E-161   8.6391694492439216E-161
   5.8173250641097363E-161   5.8173250641097363E-161   5.8173250641097363E-161   5.8173250641097363E-161   5.8173250641097363E-161   5.8173250641097363E-161   5.8173250641097363E-161   5.8173250641097363E-161   5.8173250641097363E-161   5.8173250641097363E-161   5.8173250641097363E-161   5.8173250641097363E-161   5.8173250641097363E-161   5.8173250641097363E-161   5.8173250641097363E-161
   3.8410147175637231E-161   3.8410147175637231E-161   3.8410147175637231E-161   3.8410147175637231E-161   3.8410147175637231E-161   3.8410147175637231E-161   3.8410147175637231E-161   3.8410147175637231E-161   3.8410147175637231E-161   3.8410147175637231E-161   3.8410147175637231E-161   3.8410147175637231E-161   3.8410147175637231E-161   3.8410147175637231E-161   3.8410147175637231E-161
   2.4568805099220721E-161   2.4568805099220721E-161   2.4568805099220721E-161   2.4568805099220721E-161   2.4568805099220721E-161   2.4568805099220721E-161   2.4568805099220721E-161   2.4568805099220721E-161   2.4568805099220721E-161   2.4568805099220721E-161   2.4568805099220721E-161   2.4568805099220721E-161   2.4568805099220721E-161   2.4568805099220721E-161   2.4568805099220721E-161
   1.4874813257890015E-161   1.4874813257890015E-161   1.4874813257890015E-161   1.4874813257890015E-161   1.4874813257890015E-161   1.4874813257890015E-161   1.4874813257890015E-161   1.4874813257890015E-161   1.4874813257890015E-161   1.4874813257890015E-161   1.4874813257890015E-161   1.4874813257890015E-161   1.4874813257890015E-161   1.4874813257890015E-161   1.4874813257890015E-161
   8.0854494206749402E-162   8.0854494206749402E-162   8.0854494206749402E-162   8.0854494206749402E-162   8.0854494206749402E-162   8.0854494206749402E-162   8.0854494206749402E-162   8.0854494206749402E-162   8.0854494206749402E-162   8.0854494206749402E-162   8.0854494206749402E-162   8.0854494206749402E-162   8.0854494206749402E-162   8.0854494206749402E-162   8.0854494206749402E-162
   3.3303637028246431E-162   3.3303637028246431E-162   3.3303637028246431E-162   3.3303637028246431E-162   3.3303637028246431E-162   3.3303637028246431E-162   3.3303637028246431E-162   3.3303637028246431E-162   3.3303637028246431E-162   3.3303637028246431E-162   3.3303637028246431E-162   3.3303637028246431E-162   3.3303637028246431E-162   3.3303637028246431E-162   3.3303637028246431E-162
   0.0000000000000000        0.0000000000000000        0.0000000000000000        0.0000000000000000        0.0000000000000000        0.0000000000000000        0.0000000000000000        0.0000000000000000        0.0000000000000000        0.0000000000000000        0.0000000000000000        0.0000000000000000        0.0000000000000000        0.0000000000000000        0.0000000000000000     
