   0.0000000000000000        0.0000000000000000        0.0000000000000000        0.0000000000000000        0.0000000000000000        0.0000000000000000        0.0000000000000000        0.0000000000000000        0.0000000000000000        0.0000000000000000        0.0000000000000000        0.0000000000000000        0.0000000000000000        0.0000000000000000        0.0000000000000000     
  -4.0277594833304852E-111  -5.0572888523249738E-102  -2.5848746317718503E-102  -1.1428808123278836E-107  -7.7659815940237501E-116  -2.3962839845739933E-125  -3.9449592193296799E-135  -1.9525786056292761E-144  -7.1366674806690297E-153  -6.2777287361811736E-162   8.2249626110479340E-166   1.2185683008033088E-170   4.5112094040002264E-175   2.7658621863988735E-179   1.8919546390799970E-183
  -7.8249903533394638E-111  -9.8641547283648381E-102  -5.0428154107725042E-102  -2.2257172521290870E-107  -1.5081288629029334E-115  -4.6381852768928011E-125  -7.6103880933379866E-135  -3.7554111255006891E-144  -1.3691513563316954E-152  -1.2020597402950616E-161   1.5728090802821059E-165   2.3282036745796197E-170   8.6149205094344864E-175   5.2806232529481715E-179   3.6118705357433004E-183
  -1.2381120851084949E-110  -1.5697796141110281E-101  -8.0275795716485571E-102  -3.5340396290282304E-107  -2.3848176445341847E-115  -7.2992213559876474E-125  -1.1918517756931320E-134  -5.8552504609371776E-144  -2.1268376888445254E-152  -1.8620194662050924E-161   2.4315191619208184E-165   3.5948080725857136E-170   1.3292053996773082E-174   8.1446622396663265E-179   5.5702038353759124E-183
  -1.8573074756003287E-110  -2.3709539018205191E-101  -1.2129023165441042E-101  -5.3235417759299494E-107  -3.5749635363221149E-115  -1.0879651814582648E-124  -1.7662288698034904E-134  -8.6312060182674087E-144  -3.1213455219541955E-152  -2.7234866093189112E-161   3.5480671343825468E-165   5.2376137856066840E-170   1.9349642088956569E-174   1.1851415949763364E-178   8.1041862106133064E-183
  -2.7411524710015320E-110  -3.5250489448627552E-101  -1.8040008474378692E-101  -7.8921956107183026E-107  -5.2721660998634603E-115  -1.5946081079914198E-124  -2.5725475857937396E-134  -1.2499521513810226E-143  -4.4986084105386832E-152  -3.9107959379860555E-161   5.0817424591554319E-165   7.4892525967602882E-170   2.7641824176962759E-174   1.6922462256877079E-178   1.1570137120283191E-182
  -4.0245782858709639E-110  -5.2149581032811462E-101  -2.6699107652046248E-101  -1.1641205162682925E-106  -7.7345147976053493E-115  -2.3244837933450334E-124  -3.7257640494233457E-134  -1.7995238141200539E-143  -6.4443099789943825E-152  -5.5808945076967468E-161   7.2324780722176275E-165   1.0640644337324038E-169   3.9234488290147165E-174   2.4008007492671314E-178   1.6412101498711321E-182
  -5.8989382223250897E-110  -7.7027817974400626E-101  -3.9452102291948046E-101  -1.7143204023243102E-106  -1.1327616229794834E-114  -3.3823653827178421E-124  -5.3857464131001370E-134  -2.5855872858804293E-143  -9.2124693008074956E-152  -7.9472219440358028E-161   1.0271028919158284E-164   1.5084689470257604E-169   5.5564899120302967E-174   3.3984127576592010E-178   2.3228229331887389E-182
  -8.6414825264796571E-110  -1.1371645962459100E-100  -5.8267103902909473E-101  -2.5232375805864948E-106  -1.6580703871791385E-114  -4.9187770572813332E-124  -7.7803891576709530E-134  -3.7125161606004978E-143  -1.3160364762164261E-151  -1.1308548593523938E-160   1.4575112297602509E-164   2.1368308959811573E-169   7.8631221828802483E-174   4.8068041933291834E-178   3.2849425741147961E-182
  -1.2656821651846415E-109  -1.6785258995771652E-100  -8.6041118616796155E-101  -3.7132195629662517E-106  -2.4265465615180000E-114  -7.1516876259727276E-124  -1.1237363373247447E-133  -5.3293982204166084E-143  -1.8795513725211491E-151  -1.6087469347772227E-160   2.0677380111512386E-164   3.0261270159948506E-169   1.1124264828984681E-173   6.7970089505804254E-178   4.6443007860007692E-182
  -1.8536835791946899E-109  -2.4774787389312644E-100  -1.2704745439417060E-100  -5.4641082504329959E-106  -3.5509825729080712E-114  -1.0397566478943440E-123  -1.6229178582008313E-133  -7.6498732018849576E-143  -2.6841341532375061E-151  -2.2883913720615640E-160   2.9331840981941466E-164   4.2851237823645731E-169   1.5736431531123659E-173   9.6103146970131838E-178   6.5655507261845980E-182
  -2.7148024640157543E-109  -3.6566592147148244E-100  -1.8759385046193908E-100  -8.0404481678217456E-106  -5.1963695905553607E-114  -1.5116300747847209E-123  -2.3437875881611735E-133  -1.0980416863295526E-142  -3.8330261788311966E-151  -3.2550646328855425E-160   4.1607275948722564E-164   6.0677174243876731E-169   2.2260079897774005E-173   1.3587601068344539E-177   9.2812689442168976E-182
  -3.9759247512713200E-109  -5.3970529765678994E-100  -2.7699305892610012E-100  -1.1831470594888117E-105  -7.6041166939823686E-114  -2.1976384570544054E-123  -3.3848269452064207E-133  -1.5760845829801938E-142  -5.4736254674700348E-151  -4.6300357394069687E-160   5.9019350288720133E-164   8.5917641692002007E-169   3.1487785241190159E-173   1.9210685151641995E-177   1.3120138746421659E-181
  -5.8228713643249592E-109  -7.9657764920646820E-100  -4.0899539988348155E-100  -1.7409904817920491E-105  -1.1127474714375633E-113  -3.1949638289042531E-123  -4.8882512371948978E-133  -2.2622411073050170E-142  -7.8164022683342912E-151  -6.5857840001199010E-160   8.3717815537275739E-164   1.2165714220891524E-168   4.4540566586781254E-173   2.7160710729145781E-177   1.8546745025149367E-181
  -8.5277792701655416E-109  -1.1757075546507373E-099  -6.0390373972957558E-100  -2.5618506397207099E-105  -1.6283365381090244E-113  -4.6448886676872741E-123  -7.0594387969866960E-133  -3.2471160470011432E-142  -1.1161902470587930E-150  -9.3676374206156202E-160   1.1875195480208572E-163   1.7226310307112495E-168   6.3004089409555377E-173   3.8400667942815833E-177   2.6217805995597261E-181
  -1.2489199848289799E-108  -1.7352834425961448E-099  -8.9169624352630667E-100  -3.7697376977849265E-105  -2.3828221424785989E-113  -6.7528105131976105E-123  -1.0194987717231498E-132  -4.6607582721142861E-142  -1.5939304700138257E-150  -1.3324547619290175E-159   1.6844706336840622E-163   2.4391960605200017E-168   8.9121302249132493E-173   5.4292045843607996E-177   3.7061651573096406E-181
  -1.8290823231564139E-108  -2.5611883153067251E-099  -1.3166372258765736E-099  -5.5471311411989497E-105  -3.4868965107803927E-113  -9.8173389245196890E-123  -1.4723233346427080E-132  -6.6898333345645417E-142  -2.2761478242777518E-150  -1.8952862351839864E-159   2.3893845456098398E-163   3.4538309731660464E-168   1.2606491419392921E-172   7.6759751255192696E-177   5.2390568950391070E-181
  -2.6787481474300835E-108  -3.7801809767098550E-099  -1.9440852901287809E-099  -8.1625475875449171E-105  -5.1025407465056227E-113  -1.4272596791201164E-122  -2.1262761697514624E-132  -9.6022719535675025E-142  -3.2503605309185909E-150  -2.6958586758333129E-159   3.3892892362557973E-163   4.8905243323370476E-168   1.7832281641768976E-172   1.0852527208414182E-176   7.4059612220126088E-181
  -3.9231102659355367E-108  -5.5793508130090197E-099  -2.8705458959786393E-099  -1.2011106482127301E-104  -7.4667894379337670E-113  -2.0749718488031098E-122  -3.0706912162315739E-132  -1.3782649167792420E-141  -4.6415453896037107E-150  -3.8345943446637001E-159   4.8076318776074797E-163   6.9248402550692717E-168   2.5224326992856042E-172   1.5343632871563009E-176   1.0469109521749599E-180
  -5.7455174521393412E-108  -8.2348320242772039E-099  -4.2385145057641481E-099  -1.7674222079542097E-104  -1.0926506514202080E-112  -3.0166256768374990E-122  -4.4345813170404856E-132  -1.9782965846510461E-141  -6.6281704258197338E-150  -5.4543340307717847E-159   6.8195195272118671E-163   9.8053723835079010E-168   3.5680608930445863E-172   2.1693294419365268E-176   1.4799193522391493E-180
  -8.4144897142151212E-108  -1.2154184330153280E-098  -6.2583932790475758E-099  -2.6007439576723251E-104  -1.5989274394123931E-112  -4.3856163845254011E-122  -6.4042621635744933E-132  -2.8395538054557393E-141  -9.4650896510331807E-150  -7.7582547265805044E-159   9.6733376621273610E-163   1.3884122063862402E-167   5.0471350570707374E-172   3.0670638791796082E-176   2.0920225152060024E-180
  -1.2323282999779112E-107  -1.7938944682586516E-098  -9.2408522399476840E-099  -3.8269685086436768E-104  -2.3397862485226683E-112  -6.3758759866800786E-122  -9.2488041592181920E-132  -4.0757619007473811E-141  -1.3516236990818653E-149  -1.1035355756954628E-158   1.3721415584672510E-162   1.9659512953863738E-167   7.1393322675130878E-172   4.3363081002415409E-176   2.9572950672108199E-180
  -1.8047832942114047E-107  -2.6476950335415123E-098  -1.3644612265865142E-098  -5.6313455659484525E-104  -3.4239200466013230E-112  -9.2693458180292410E-122  -1.3356789083102476E-131  -5.8501568503669640E-141  -1.9301313520364555E-149  -1.5696710294149459E-158   1.9463524619427840E-162   2.7837298450755868E-167   1.0098811433362171E-171   6.1308041425858607E-176   4.1804493252697158E-180
  -2.6431615287735648E-107  -3.9078602885432889E-098  -2.0146999217419015E-098  -8.2864681969914936E-104  -5.0103844053929959E-112  -1.3475916513750754E-121  -1.9289392740310201E-131  -8.3970399069786131E-141  -2.7562457276690738E-149  -2.2327029578954465E-158   2.7608579342826267E-162   3.9416804835419506E-167   1.4285088374462927E-171   8.6679171695194547E-176   5.9095072229522026E-180
  -3.8709926645187330E-107  -5.7677986896245341E-098  -2.9748120871152525E-098  -1.2193454341049215E-103  -7.3319328820860109E-112  -1.9591493366685407E-121  -2.7857045014793997E-131  -1.2052716077214967E-140  -3.9359448380199967E-149  -3.1758007964384946E-158   3.9162159413159362E-162   5.5813049055041549E-167   2.0206709596121402E-171   1.2254964653115209E-175   8.3537134172450627E-180
  -5.6691897525868798E-107  -8.5129710502974114E-098  -4.3924689710333611E-098  -1.7942544981295278E-103  -1.0729164788958552E-111  -2.8482412635940442E-121  -4.0230139559501390E-131  -1.7299901764463088E-140  -5.6205662848436792E-149  -4.5172649042435867E-158   5.5550657352261388E-162   7.9029653951350848E-167   2.8583030225388765E-171   1.7326441372897583E-175   1.1808857359416309E-179
  -8.3027056129512473E-107  -1.2564702666470013E-097  -6.4857150466762616E-098  -2.6402273737104817E-103  -1.5700495242742026E-111  -4.1408167273862037E-121  -5.8098916748228241E-131  -2.4831465413995947E-140  -8.0262215928381405E-149  -6.4253659321572233E-158   7.8797379430745264E-162   1.1190369119490914E-166   4.0431600857195365E-171   2.4496649250003103E-175   1.6693068720084655E-179
  -1.2159571933464526E-106  -1.8544847727572079E-097  -9.5765046026021714E-098  -3.8850679008593990E-103  -2.2975278705300135E-111  -6.0199827474550553E-121  -8.3904360884095719E-131  -3.5641917842190149E-140  -1.1461520061255904E-148  -9.1394523671095008E-158   1.1177234088307784E-161   1.5845237175971904E-166   5.7191779014117417E-171   3.4634107005858273E-175   2.3597418008103096E-179
  -1.7808073249470854E-106  -2.7371230612286825E-097  -1.4140220303016290E-097  -5.7168381305276547E-103  -3.3620814124574235E-111  -8.7519431210378078E-121  -1.2117165364449357E-130  -5.1158733159836715E-140  -1.6367158686515495E-148  -1.2999973942840884E-157   1.5854659490174175E-161   2.2436394955339253E-166   8.0899581468770981E-171   4.8966752798578184E-175   3.3357445896648266E-179
  -2.6080480021646087E-106  -4.0398512257352335E-097  -2.0878789975545170E-097  -8.4122694557004539E-103  -4.9198930625312869E-111  -1.2723709018210860E-120  -1.7499173555624911E-130  -7.3430840660918091E-140  -2.3372456946694795E-148  -1.8491186995594223E-157   2.2489484048810191E-161   3.1769282668216341E-166   1.1443501838834839E-170   6.9230682906952348E-175   4.7154277490290981E-179
  -3.8195678341199811E-106  -5.9626101558817403E-097  -3.0828647435175356E-097  -1.2378569299192896E-102  -7.1995126765144251E-111  -1.8497923224720607E-120  -2.5271675976470073E-130  -1.0539917723235803E-139  -3.3376089009483991E-148  -2.6301898642178227E-157   3.1900836058647361E-161   4.4984380229312729E-166   1.6187195531088205E-170   9.7880443001407554E-175   6.6657558034936101E-179
  -5.5938764957881456E-106  -8.8005021733460678E-097  -4.5520142377160281E-097  -1.8214939224841769E-102  -1.0535388085623566E-110  -2.6892564469103084E-120  -3.6496444136654514E-130  -1.5128502558507207E-139  -4.7661370090381924E-148  -3.7411869412933743E-157   4.5250630907954117E-161   6.3696574031438052E-166   2.2897300398489391E-170   1.3838634433280006E-174   9.4227507660138954E-179
  -8.1924069797345546E-106  -1.2989082902148060E-096  -6.7212917549866355E-097  -2.6803098204305340E-102  -1.5416932643021409E-110  -3.9096822798760581E-120  -5.2706850261533643E-130  -2.1714741672654281E-139  -6.8060886465332869E-148  -5.3214712519304170E-157   6.4187019905455334E-161   9.0192496245000386E-166   3.2388956112705215E-170   1.9565481839441834E-174   1.3320054712589868E-178
  -1.1998036063346480E-105  -1.9171209699554317E-096  -9.9243455644766200E-097  -3.9440486669631123E-102  -2.2560328086557919E-110  -5.6839560982852950E-120  -7.6117335375636649E-130  -3.1168319931401751E-139  -9.7191588690280246E-148  -7.5692706003309253E-157   9.1047869272607117E-161   1.2770995152797873E-165   4.5815203540368665E-170   2.7662272711613640E-174   1.8829306002245165E-178
  -1.7571498732736908E-105  -2.8295706440864211E-096  -1.4653825071867539E-096  -5.8036274898616633E-102  -3.3013597064788191E-110  -8.2634226288855935E-120  -1.0992591558089500E-129  -4.4737542166429249E-139  -1.3879050694924360E-147  -1.0766544586824450E-156   1.2914939060020311E-160   1.8083357712237876E-165   6.4807055484074954E-170   3.9109761667587212E-174   2.6617215334007633E-178
  -2.5734008862488975E-105  -4.1762987574351944E-096  -2.1637153301104334E-096  -8.5399787321840308E-102  -4.8310360733893533E-110  -1.2013490698651037E-119  -1.5875105075283434E-129  -6.4214166541203278E-139  -1.9819415575760239E-147  -1.5314353076061324E-156   1.8319555677680057E-160   2.5605508604645343E-165   9.1671631179354131E-170   5.5294569387066877E-174   3.7626248789608230E-178
  -3.7688259771257391E-105  -6.1639991595440366E-096  -3.1948408979601893E-096  -1.2566491589380525E-101  -7.0694839519423219E-110  -1.7465397276287211E-119  -2.2926255461327249E-129  -9.2169998631415883E-139  -2.8302312842971294E-147  -2.1783164372917721E-156   2.5985884944183510E-160   3.6256655516534040E-165   1.2967242381249194E-169   7.8177142320884140E-174   5.3188681847089366E-178
  -5.5195633297140047E-105  -9.0977411585569165E-096  -4.7173526363614552E-096  -1.8491463994912592E-101  -1.0345110736651982E-109  -2.5391462830717177E-119  -3.3109273238738292E-129  -1.3229648746943154E-138  -4.0415970447987421E-147  -3.0984413666930940E-156   3.6860403642345455E-160   5.1338369803396968E-165   1.8342574779630001E-169   1.1052921923165546E-173   7.5187826790998164E-178
  -8.0835727994127546E-105  -1.3427791084582144E-095  -6.9654221526503413E-096  -2.7210000065277697E-101  -1.5138490504287149E-109  -3.6914498726566775E-119  -4.7815221307005217E-129  -1.8989216577713174E-138  -5.7714388227729821E-147  -4.4072287898951935E-156   5.2285668184372484E-160   7.2693638658366305E-165   2.5946152599126150E-169   1.5626956860486627E-173   1.0628594470755955E-177
  -1.1838644623345156E-104  -1.9818718459590872E-095  -1.0284816243030724E-095  -4.0039236228974638E-101  -2.2152870030500963E-109  -5.3666865374705601E-119  -6.9053022710701879E-129  -2.7256229881331042E-138  -8.2416692694201955E-147  -6.2688504748071740E-156   7.4166065190133024E-160   1.0293207835870338E-164   3.6701654098175070E-169   2.2093866440276908E-173   1.5024642319307388E-177
  -1.7338064355593087E-104  -2.9251393074779141E-095  -1.5186077908349768E-095  -5.8917325057213892E-101  -3.2417343573404125E-109  -7.8021713411418597E-119  -9.9723891914556086E-129  -3.9122312751489015E-138  -1.1769181756871448E-146  -8.9168246536813700E-156   1.0520292502269603E-159   1.4574882967502103E-164   5.1915651411710727E-169   3.1236979706936435E-173   2.1238920861721064E-177
  -2.5392135890630924E-104  -4.3173527316823204E-095  -2.2423050934692908E-095  -8.6696237879053696E-101  -4.7437833404740011E-109  -1.1342916567024200E-118  -1.4401765859065115E-128  -5.6154331200412002E-138  -1.6806503029106327E-146  -1.2683308100820498E-155   1.4922802514744473E-159   2.0637610449939769E-164   7.3436332183564869E-169   4.4163791066259621E-173   3.0023460779225780E-177
  -3.7187574456707440E-104  -6.3721868725804426E-095  -3.3108825584542540E-095  -1.2757262074395013E-100  -6.9418026745539468E-109  -1.6490506368463148E-118  -2.0798512419187520E-128  -8.0601291200020681E-138  -2.3999845574017383E-146  -1.8040761239472744E-155   2.1167665728389694E-159   2.9222256274304623E-164   1.0387801634001027E-168   6.2440109762473456E-173   4.2441336971908999E-177
  -5.4462361350547966E-104  -9.4050144520714852E-095  -4.8886938530820851E-095  -1.8772179441876279E-100  -1.0158268320548980E-108  -2.3974151483957160E-118  -3.0036463874981764E-128  -1.1569131042783542E-137  -3.4272006962845088E-146  -2.5661212668975905E-155   3.0025866271658833E-159   4.1377865143523038E-164   1.4693874217333722E-168   8.8279724485372068E-173   5.9995318238260774E-177
  -7.9761824104748746E-104  -1.3881309045495162E-094  -7.2184158592252453E-095  -2.7623067866822282E-100  -1.4865074580303981E-108  -3.4853989669761332E-118  -4.3377581338520779E-128  -1.6605787758522267E-137  -4.8940750895500115E-146  -3.6500557140758263E-155   4.2591028106959606E-159   5.8589853856742078E-164   2.0784950191078238E-168   1.2481255695538780E-172   8.4809727202823583E-177
  -1.1681367380721407E-103  -2.0488085191066684E-094  -1.0658373820107191E-094  -4.0647058042690999E-100  -2.1752766661933558E-108  -5.0671265449147704E-118  -6.2644343702005773E-128  -2.3835168503495219E-137  -6.9887856459650805E-146  -5.1918461159668388E-155   6.0414432678070044E-159   8.2961529414899394E-164   2.9400969964819364E-168   1.7646378561081848E-172   1.1988751855691179E-176
  -1.7107725883640396E-103  -3.0239340225989181E-094  -1.5737653886501194E-094  -5.9811723697869080E-100  -3.1831851954386147E-108  -7.3666663727900082E-118  -9.0468709494136890E-128  -3.4211882468028338E-137  -9.9800522081463701E-146  -7.3848916939426978E-155   8.5696538462529275E-159   1.1747111338130373E-163   4.1588602671398900E-168   2.4948986219769338E-172   1.6947368633975014E-176
  -2.5054796390255742E-103  -4.4631680875609757E-094  -2.3237479693822722E-094  -8.8012328793192604E-100  -4.6581053586331903E-108  -1.0709772654019978E-117  -1.3065165864552773E-127  -4.9106130915197797E-137  -1.4251609266499056E-145  -1.0504283867355832E-154   1.2155864722912738E-158   1.6633568090438960E-163   5.8828394932754730E-168   3.5273634831314559E-172   2.3956897856332954E-176
  -3.6693527723947583E-103  -6.5874019886324311E-094  -3.4311369161517628E-094  -1.2950922359167272E-099  -6.8164256837144267E-108  -1.5570031835971718E-117  -1.8868242978343894E-127  -7.0484636481632426E-137  -2.0351433322891782E-145  -1.4941313193330345E-154   1.7242825662762949E-158   2.3552648779419094E-163   8.3214626814428755E-168   4.9870936773986953E-172   3.3865608716374758E-176
  -5.3738810628843704E-103  -9.7226596126802026E-094  -5.0662552328084937E-094  -1.9057146828117569E-099  -9.9747977027068669E-108  -2.2635951140857212E-117  -2.7248838406821624E-127  -1.0117034061248110E-136  -2.9062040034684078E-145  -2.1252552103696214E-154   2.4458567433165003E-158   3.3349865868225064E-163   1.1770972376707575E-167   7.0509045831644512E-172   4.7872619429740448E-176
  -7.8702155560375508E-103  -1.4350135034470149E-093  -7.4805938111739176E-094  -2.8042391820962958E-099  -1.4596592521032947E-107  -3.2908492894572798E-117  -3.9351793158809511E-127  -1.4521516108292698E-136  -4.1500869205794244E-145  -3.0229670283616071E-154   3.4693937813562469E-158   4.7222440424455464E-163   1.6650413037192693E-167   9.9687831554589393E-172   6.7673010409564672E-176
  -1.1526174707692752E-102  -2.1180045332914124E-093  -1.1045492199639560E-093  -4.1264084959031251E-099  -2.1359882899045444E-107  -4.7842871419432074E-117  -5.6830445472228979E-127  -2.0843503066676237E-136  -5.9263635509960714E-145  -4.2998740199370386E-154   4.9212584713938304E-158   6.6865602675475158E-163   2.3552536314674227E-167   1.4094168547944118E-171   9.5662957086809341E-176
  -1.6880439986112654E-102  -3.1260633440914350E-093  -1.6309252789083391E-093  -6.0719666465049848E-099  -3.1256924625847945E-107  -6.9554699514541505E-117  -8.2072487002398607E-127  -2.9917786655424527E-136  -8.4629034688904428E-145  -6.1161489470674247E-154   6.9806964800979530E-158   9.4679749342016110E-163   3.3315808185569926E-167   1.9926763776473911E-171   1.3522970684616493E-175
  -2.4721926994087378E-102  -4.6139050581768770E-093  -2.4081472905567282E-093  -8.9348348201256773E-099  -4.5739732285126763E-107  -1.0111968734308061E-116  -1.1852613620629284E-126  -4.2942587764528310E-136  -1.2085106595320271E-144  -8.6996218514870542E-154   9.9019638291220545E-158   1.3406377240088272E-162   4.7126265317377027E-167   2.8173064150038896E-171   1.9116149209223354E-175
  -3.6206026910065163E-102  -6.8098810223937621E-093  -3.5557565568059564E-093  -1.3147514881179793E-098  -6.6933107105952599E-107  -1.4700934922680945E-116  -1.7117118621145563E-126  -6.1637776475115710E-136  -1.7257647115541703E-144  -1.2374358618797377E-153   1.4045717073132699E-157   1.8983040408653177E-162   6.6661594123663523E-167   3.9831934205841272E-171   2.7022698572005934E-175
  -5.3024845638071834E-102  -1.0051025753354562E-092  -5.2502620913885268E-093  -1.9346428659203705E-098  -9.7946370610386432E-107  -2.1372444079559940E-116  -2.4719927520156606E-126  -8.8471973657325953E-136  -2.4644084190610573E-144  -1.7601311182683261E-153   1.9923539574605265E-157   2.6879433334029548E-162   9.4294935148768871E-167   5.6315598980719077E-171   3.8199442270465833E-175
  -7.7656524250355883E-102  -1.4834784370064392E-092  -7.7522887224651962E-093  -2.8468063995054332E-098  -1.4332953907657235E-106  -3.1071585951808219E-116  -3.5699630842900698E-126  -1.2698852195457229E-135  -3.5191986621462492E-144  -2.5036138453129796E-153   2.8261101042011796E-157   3.8060496160763701E-162   1.3338317082226930E-166   7.9620705147528109E-171   5.3998951509635501E-175
  -1.1373037639457789E-101  -2.1895359539690746E-092  -1.1446662687367461E-092  -4.1890452593662545E-098  -2.0974086500866887E-106  -4.5172346383940126E-116  -5.1556123672802334E-126  -1.8227336924825388E-135  -5.0254491680228401E-144  -3.5611450915330905E-153   4.0087747940960865E-157   5.3892556084151815E-162   1.8867471761471110E-166   1.1257017244820363E-170   7.6333228732535950E-175
  -1.6656164317338397E-101  -3.2316395515948603E-092  -1.6901600110577822E-092  -6.1641353128934387E-098  -3.0692368183711376E-106  -6.5672246869789020E-116  -7.4455500537122909E-126  -2.6162664664114047E-135  -7.1763892279497461E-144  -5.0653795504557322E-153   5.6863585515393553E-157   7.6310292696114258E-162   2.6688636095245040E-166   1.5915513059957038E-170   1.0790509160131293E-174
  -2.4393465797346910E-101  -4.7697293793375279E-092  -2.4956101886507650E-092  -9.0704590387748026E-098  -4.4913586649950903E-106  -9.5475314474163448E-116  -1.0752595722359041E-125  -3.7552661999890356E-135  -1.0247952110385838E-143  -7.2050055116083334E-153   8.0659740830364205E-157   1.0805315606189732E-161   3.7751920646717326E-166   2.2501836008209483E-170   1.5253525872528089E-174
  -3.5724981521643856E-101  -7.0398686172309539E-092  -3.6848996791285307E-092  -1.3347082993458260E-097  -6.5724163892026963E-106  -1.3880346777659708E-115  -1.5528512152768244E-125  -5.3901330078280860E-135  -1.4634173151139290E-143  -1.0248413558666777E-152   1.1441406192047440E-156   1.5300012784495503E-161   5.3401286887132265E-166   3.1813779541863412E-170   2.1562471992946118E-174
  -5.2320334099985512E-101  -1.0390473994683664E-091  -5.4409480377442739E-092  -1.9640088803539154E-097  -9.6177259001336032E-106  -2.0179459595962940E-115  -2.2425718892484348E-125  -7.7367441614281505E-135  -2.0897738563334485E-143  -1.4577362971020883E-152   1.6229382138966145E-156   2.1664373332969205E-161   7.5537810866411014E-166   4.4979288288141380E-170   3.0480834552855308E-174
  -7.6624736826766072E-101  -1.5335790108134958E-091  -8.0338455598513121E-092  -2.8900178484129500E-097  -1.4074070270332549E-105  -2.9337205519549795E-115  -3.2386416767290705E-125  -1.1104959772343675E-134  -2.9842169619595033E-143  -2.0734868877832144E-152   2.3021020346417929E-156   3.0676122866824430E-161   1.0685062484418006E-165   6.3593084638560139E-170   4.3087883216018709E-174
  -1.1221927916075514E-100  -2.2634814666573156E-091  -1.1862394691982086E-091  -4.2526299577681043E-097  -2.0595248088829611E-105  -4.2650875557414752E-115  -4.6771298286941087E-125  -1.5939538512609317E-134  -4.2614902351812428E-143  -2.9493317037676800E-152   3.2654809252485515E-156   4.3436498251361879E-161   1.5114359153855134E-165   8.9909835573029499E-170   6.0909279793503927E-174
  -1.6434857574025477E-100  -3.3407787949084253E-091  -1.7515448091500198E-091  -6.2576987941979613E-097  -3.0137993426706910E-105  -6.2006490967425642E-115  -6.7545426573316004E-125  -2.2878866120349652E-134  -6.0854486344252325E-143  -4.1951350431565441E-152   4.6320126203712509E-156   6.1504818878919410E-161   2.1379739519367242E-165   1.2711725778609305E-169   8.6101708606178686E-174
  -2.4069352435645918E-100  -4.9308125034728560E-091  -2.5862477468473405E-091  -9.2081356296846553E-097  -4.4102339998897058E-105  -9.0145977901818794E-115  -9.7546675006037584E-125  -3.2839251541367316E-134  -8.6900786012044223E-143  -5.9671680938415490E-152   6.5704076720678097E-156   8.7089035685713513E-161   3.0242318402482743E-165   1.7972224201407333E-169   1.2171387102827757E-173
  -3.5250303339974889E-100  -7.2776178604146510E-091  -3.8187303198475161E-091  -1.3549671038075638E-096  -6.4537022588853285E-105  -1.3105558991195092E-114  -1.4087339807659069E-124  -4.7135921655520603E-134  -1.2409515002861533E-142  -8.4877112926173535E-152   9.3199782756216008E-156   1.2331554302139729E-160   4.2778716815176448E-165   2.5409676734312721E-169   1.7205542887706024E-173
  -5.1625147093072320E-100  -1.0741377929374578E-090  -5.6385553058375433E-091  -1.9938192597762057E-096  -9.4440050528270304E-105  -1.9053060240130961E-114  -2.0344429164936460E-124  -6.7656691429264406E-134  -1.7720905612621509E-142  -1.2072936758321253E-151   1.3220183499385115E-155   1.7461122441432587E-160   6.0511849264880196E-165   3.5924973144836292E-169   2.4321854491291193E-173
  -7.5606604891756887E-100  -1.5853703726259521E-090  -8.3256220325089062E-091  -2.9338831561894874E-096  -1.3819855087405793E-104  -2.7699627386566978E-114  -2.9380692294600838E-124  -9.7111241902325600E-134  -2.5305621995193860E-142  -1.7172568318119066E-151   1.8752538541404514E-155   2.4724441827112293E-160   8.5595926538246180E-165   5.0791818764192712E-169   3.4381513549346767E-173
  -1.1072818007090886E-099  -2.3399224777774393E-090  -1.2293216447310650E-090  -4.3171767773742988E-096  -2.0223241141121700E-104  -4.0270137160528819E-114  -4.2430538036130651E-124  -1.3938892211007536E-133  -3.6136669234072822E-142  -2.4426294004820703E-151   2.6600062085223053E-155   3.5009090958428739E-160   1.2107814799612047E-164   7.1811016897446691E-169   4.8601905517081923E-173
  -1.6216479527215439E-099  -3.4536012425634671E-090  -1.8151576783532978E-090  -6.3526779948014811E-096  -2.9593615341547111E-104  -5.8545333720849114E-114  -6.1276655116284519E-124  -2.0007232116795256E-133  -5.1603507854020322E-142  -3.4744007301036977E-151   3.7731601062394926E-155   4.9571855192692543E-160   1.7126887361018291E-164   1.0152859798364996E-168   6.8703933483936318E-173
  -2.3749528125789842E-099  -5.0973318185189490E-090  -2.6801751569424954E-090  -9.3478953974051868E-096  -4.3305721788071068E-104  -8.5114089598158977E-114  -8.8493538283358896E-124  -2.8717442553212333E-133  -7.3690300714104781E-142  -4.9419942438413657E-151   5.3521443467495181E-155   7.0192306067319636E-160   2.4226524402875028E-164   1.4354421723143177E-168   9.7120275966500867E-173
  -3.4781906472088062E-099  -7.5233906055734144E-090  -3.9574185853758959E-090  -1.3755324409196860E-095  -6.3371287583731586E-104  -1.2374014640712071E-113  -1.2779917995090587E-123  -4.1219669992212755E-133  -1.0523045126670814E-141  -7.0295020665599125E-151   7.5918986496957892E-155   9.9390265156128540E-160   3.4269185773813848E-164   2.0294717656847389E-168   1.3728978132381136E-172
  -5.0939159114612339E-099  -1.1104124097256118E-089  -5.8433350963130738E-090  -2.0240806936652890E-095  -9.2734166694664221E-104  -1.7989528794353723E-113  -1.8456297055775094E-123  -5.9164780699483307E-133  -1.5027008661240056E-141  -9.9987771890264550E-151   1.0768940706026360E-154   1.4073372656935605E-159   4.8474848235791846E-164   2.8693288572448092E-168   1.9407362539803193E-172
  -7.4601945070056669E-099  -1.6389095823417681E-089  -8.6279890958394434E-090  -2.9784121808818437E-095  -1.3570223766799652E-103  -2.6153447514559912E-113  -2.6653918990394434E-123  -8.4922350624393265E-133  -2.1458711475872118E-141  -1.4222279806414413E-150   1.5275504758958152E-154   1.9927486626401770E-159   6.8569207543953922E-164   4.0567443364468079E-168   2.7434359435170931E-172
  -1.0925681119491253E-098  -2.4189432177107499E-089  -1.2739675755203116E-089  -4.3827002458347062E-095  -1.9857941961249297E-103  -3.8022274878936434E-113  -3.8492628880872138E-123  -1.2189355784973405E-132  -3.0643244332029972E-141  -2.0229798012954619E-150   2.1667966427786582E-154   2.8216741855489083E-159   9.6993314980805822E-164   5.7355484264148049E-168   3.8781368467404934E-172
  -1.6000991030087023E-098  -3.5702312336042300E-089  -1.8810795144899566E-089  -6.4490943241339714E-095  -2.9059053050872501E-103  -5.5277353730865563E-113  -5.5589666535523280E-123  -1.7496029371660394E-132  -4.3758844686741452E-141  -2.8774903407240107E-150   3.0735532251923281E-154   3.9954086331012991E-159   1.3720011487107335E-163   8.1090926676254133E-168   5.4821565773842799E-172
  -2.3433935671647950E-098  -5.2694708714421323E-089  -2.7775118808466688E-089  -9.4897698934000093E-095  -4.2523467526716251E-103  -8.0363045292401675E-113  -8.0280591237577921E-123  -2.5112979583420578E-132  -6.2488046835699157E-141  -4.0929477672073427E-150   4.3597674293395464E-154   5.6573824961207405E-159   1.9407390628508557E-163   1.1464881647892964E-167   7.7496081049411995E-172
  -3.4319707351330205E-098  -7.7774578018423099E-089  -4.1011408899118452E-089  -1.3964089605219512E-094  -6.2226572121067427E-103  -1.1683299820219563E-112  -1.1593833326829592E-122  -3.6045992401365113E-132  -8.9233525753378822E-141  -5.8218167361991845E-150   6.1842338970442386E-154   8.0106891808351984E-159   2.7452368489868383E-163   1.6209398090785001E-167   1.0954890640851175E-171
  -5.0262248069967638E-098  -1.1479112469915909E-088  -6.0555479275020102E-089  -2.0548000346932183E-094  -9.1059041961121254E-103  -1.6985355954895507E-112  -1.6743395656121368E-122  -5.1738725786265227E-132  -1.2742632414640760E-140  -8.2809632649424260E-150   8.7721993238117520E-154   1.1342903047584468E-158   3.8832244383966811E-163   2.2917339623962917E-167   1.5485896490484574E-171
  -7.3610578976634735E-098  -1.6942556833490263E-088  -8.9413314688701965E-089  -3.0236150216395752E-094  -1.3325093611541435E-102  -2.4693564124586481E-112  -2.4180207543365705E-122  -7.4263338565387235E-132  -1.8196600361182261E-140  -1.1778857990567776E-149   1.2443171176923311E-153   1.6061221032283241E-158   5.4929439130786358E-163   3.2401231218572138E-167   2.1890952450319995E-171
  -1.0780491190573217E-097  -2.5006308458295573E-088  -1.3202340748144973E-088  -4.4492152468854328E-094  -1.9499229623910976E-102  -3.5899871813070210E-112  -3.4920182531343880E-122  -1.0659411017601186E-131  -2.5984918466812199E-140  -1.6754270136218542E-149   1.7650363748371509E-153   2.2742222160999964E-158   7.7699430748661415E-163   4.5809845371576962E-167   3.0945176437294938E-171
  -1.5788354004059173E-097  -3.6907974321789448E-088  -1.9493942164292932E-088  -6.5469697173564564E-094  -2.8534129728777937E-102  -5.2191768403457360E-112  -5.0430466182127317E-122  -1.5300018158168581E-131  -3.7106710788248644E-140  -2.3831305882103920E-149   2.5036651510434354E-153   3.2202325576297836E-158   1.0990830480632136E-162   6.4767351550533998E-167   4.3744279602152580E-171
  -2.3122519438834355E-097  -5.4474195957424334E-088  -2.8783818162099749E-088  -9.6337914450706549E-094  -4.1755318646065190E-102  -7.5877169383082103E-112  -7.2829856987163935E-122  -2.1960927711682253E-131  -5.2988735967253352E-140  -3.3897695049149271E-149   3.5513937715718648E-153   4.5597557054594833E-158   1.5546877691676696E-162   9.1570049907356302E-167   6.1837165536999003E-171
  -3.3863624693136048E-097  -8.0400998286154226E-088  -4.2500801994809674E-088  -1.4176014269381671E-093  -6.1102498099691124E-102  -1.1031135629614338E-111  -1.0517824697400920E-121  -3.1521684431231573E-131  -7.5668418890219269E-140  -4.8216146226581869E-149   5.0375737004681435E-153   6.4564815494894665E-158   2.1991550719338225E-162   1.2946451938154291E-166   8.7413373278633665E-171
  -4.9594295197512529E-097  -1.1866756943177575E-087  -6.2754639949636473E-088  -2.0859843043879990E-093  -8.9414123433396048E-102  -1.6037228683221699E-111  -1.5189462132545229E-121  -4.5244745514392631E-131  -1.0805522163259344E-139  -6.8582738516835415E-149   7.1456871349662793E-153   9.1421902160684628E-158   3.1107744759657044E-162   1.8304087194139219E-166   1.2356804781737439E-170
  -7.2632333091929369E-097  -1.7514697749643949E-087  -9.2660481638887525E-088  -3.0695020265780501E-093  -1.3084383771910812E-101  -2.3315160758167854E-111  -2.1936071825300760E-121  -6.4942182674996996E-131  -1.5430388364350113E-139  -9.7552218253986805E-149   1.0135999522684098E-152   1.2945075627221991E-157   4.4002889854199540E-162   2.5878874738111076E-166   1.7467650393405626E-170
  -1.0637222867531008E-096  -2.5850755570263375E-087  -1.3681800669341794E-087  -4.5167370312176953E-093  -1.9146985901831081E-101  -3.3895925846987543E-111  -3.1679281266121052E-121  -9.3214958453764673E-131  -2.2034741226375280E-139  -1.3875846148309451E-148   1.4377691657284067E-152   1.8329850837230021E-157   6.2243480858310778E-162   3.6588339566144810E-166   2.4692371179675756E-170
  -1.5578531405810825E-096  -3.8154329841707596E-087  -2.0201888009667666E-087  -6.6463266503015944E-093  -2.8018672489252337E-101  -4.9278398133609438E-111  -4.5750071444120897E-121  -1.3379637217503861E-130  -3.1465819823066274E-139  -1.9737030039768027E-148   2.0394438346931341E-152   2.5954536023452522E-157   8.8045374340362519E-162   5.1729706401156806E-166   3.4905278084910526E-170
  -2.2815225301947781E-096  -5.6313745416992915E-087  -2.9829134655726766E-087  -9.7799931761593549E-093  -4.1001022329661193E-101  -7.1641662858366380E-111  -6.6070596804741732E-121  -1.9204502610905442E-130  -4.4933489582046535E-139  -2.8073989172680688E-148   2.8929060749428747E-152   3.6750868630622794E-157   1.2454296957041522E-161   7.3137030978811269E-166   4.9342302094448996E-170
  -3.3413579411305167E-096  -8.3116068339260677E-087  -4.4044262809552101E-087  -1.4391147217401470E-092  -5.9998695815355362E-101  -1.0415370601954892E-110  -9.5416763021980871E-121  -2.7565240589640263E-130  -6.4165449797131162E-139  -3.9932495715436546E-148   4.1035234282458376E-152   5.2038161797770137E-157   1.7616997355071748E-161   1.0340335703465139E-165   6.9750562365759661E-170
  -4.8935184936669030E-096  -1.2267485834279684E-086  -6.5033635380209084E-087  -2.1176406968413752E-092  -8.7798870472387473E-101  -1.5142019194894101E-110  -1.3779743226693021E-120  -3.9565850817670404E-130  -9.1628871423213501E-139  -5.6800057983289922E-148   5.8207574269804732E-152   7.3684524581008403E-157   2.4919800520596839E-161   1.4619480860368737E-165   9.8599796599820085E-170
  -7.1667038555008540E-096  -1.8106150854645972E-086  -9.6025530258553212E-087  -3.1160837976917791E-092  -1.2848015186475873E-100  -2.2013690266811055E-110  -1.9900205765997396E-120  -5.6790962466363433E-130  -1.3084689794182166E-138  -8.0792510621936814E-148   8.2566159558758792E-152   1.0433514510244874E-156   3.5249846806195836E-161   2.0669466325854080E-165   1.3938124023146781E-169
  -1.0495851475191054E-095  -2.6723706889623091E-086  -1.4178666666397323E-086  -4.5852812228875006E-092  -1.8801095176754871E-100  -3.2003826368931129E-110  -2.8739155701535307E-120  -8.1515077675181692E-130  -1.8685061158674702E-138  -1.1491942083623874E-147   1.1711827519770339E-151   1.4773553285293111E-156   4.9862024326924966E-161   2.9223119634848006E-165   1.9703012377372733E-169
  -1.5371487177153655E-095  -3.9442756746517551E-086  -2.0935535195813841E-086  -6.7471881476646248E-092  -2.7512512252017978E-100  -4.6527632457103020E-110  -4.1504046390943458E-120  -1.1700290975920504E-129  -2.6682444538156287E-138  -1.6346160270954944E-147   1.6612968864555722E-151   2.0918922039597333E-156   7.0531412050305583E-161   4.1316534626404564E-165   2.7852291749633649E-169
  -2.2512000566966007E-095  -5.8215391074675963E-086  -3.0912401080915888E-086  -9.9284090169234414E-092  -4.0260331311389801E-100  -6.7642554081470145E-110  -5.9938638065712856E-120  -1.6794047452311991E-129  -3.8102783762028704E-138  -2.3250809428136393E-147   2.3565129687753259E-151   2.9620585567486032E-156   9.9768915373156785E-161   5.8414572256321631E-165   3.9372159994197314E-169
  -3.2969494498220019E-095  -8.5922790735285661E-086  -4.5643759545762928E-086  -1.4609538449604222E-091  -5.8914803657032127E-100  -9.8339735478447602E-110  -8.6561205820904943E-120  -2.4105385842104697E-129  -5.4411136316000087E-138  -3.3071995475112223E-147   3.3426616367637661E-151   4.1941888187867584E-156   1.4112628947156268E-160   8.2588297459813750E-165   5.5656712076165176E-169
  -4.8284804743509558E-095  -1.2681742379253504E-085  -6.7395372110189090E-086  -2.1497765800625366E-091  -8.6212754237916634E-100  -1.4296774555685461E-109  -1.2500855091296268E-119  -3.4599736921312215E-129  -7.7699618131655442E-138  -4.7041669105384093E-147   4.7414917553476257E-151   5.9388494545408665E-156   1.9962760448567584E-160   1.1676584477999474E-164   7.8676648665007559E-169
  -7.0714530880360597E-095  -1.8717570450214316E-085  -9.9512752781106499E-086  -3.1633711921939519E-091  -1.2615910513621030E-099  -2.0784859685473433E-109  -1.8053280933540486E-119  -4.9662834555619084E-129  -1.1095579051729767E-137  -6.6912159305715174E-147   6.7257014015358146E-151   8.4092382007334207E-156   2.8237956668260720E-160   1.6508709981681235E-164   1.1121776357369652E-168
  -1.0356352972603332E-094  -2.7626128289857369E-085  -1.4693572593272297E-085  -4.6548638202990895E-091  -1.8461444336765445E-099  -3.0217332278610010E-109  -2.6071892464762768E-119  -7.1283695859417424E-129  -1.5844591922351562E-137  -9.5175982123800970E-147   9.5402589846882271E-151   1.1907236854812770E-155   3.9943483706223586E-160   2.3340515863767709E-164   1.5721807097569181E-168
  -1.5167186178618451E-094  -4.0774680845698003E-085  -2.1695819762645028E-085  -6.8495777829559702E-091  -2.7015483588655157E-099  -4.3930398075254956E-109  -3.7652079606365576E-119  -1.0231726228878967E-128  -2.2626227199763486E-137  -1.3537849707033602E-146   1.3532646784758712E-150   1.6860301265985232E-155   5.6501322285489353E-160   3.2999530633056979E-164   2.2224437037976872E-168
  -2.2212793869799428E-094  -6.0181237686275786E-085  -3.2034999726252371E-085  -1.0079073701805805E-090  -3.9533003645038118E-099  -6.3866652302198127E-109  -5.4375764571625677E-119  -1.4686138228118799E-128  -3.2310466464253811E-137  -1.9256263016912003E-146   1.9195760743356594E-150   2.3873696489980637E-155   7.9922909155331897E-160   4.6655739242677341E-164   3.1416592162205441E-168
  -3.2531294870112282E-094  -8.8824272470889515E-085  -4.7301333481568334E-085  -1.4831239144080463E-090  -5.7850467762009960E-099  -9.2850267965907719E-109  -7.8527501764671902E-119  -2.1079791435651284E-128  -4.6139651614103932E-137  -2.7390144885293353E-146   2.7228762869865990E-150   3.3804460249490422E-155   1.1305348527439456E-159   6.5963301973342302E-164   4.4410675571310367E-168
  -4.7643044855063337E-094  -1.3109985225143944E-084  -6.9842864565798038E-085  -2.1823994944562033E-090  -8.4655257172784086E-099  -1.3498706855152069E-108  -1.1340656136538966E-118  -3.0256940098397827E-128  -6.5887858586793011E-137  -3.8959793767373130E-146   3.8623399035444450E-150   4.7866133043654972E-155   1.5991773405075184E-159   9.3260920896984858E-164   6.2779186693369067E-168
  -6.9774649599315327E-094  -1.9349633577463249E-084  -1.0312660070332826E-084  -3.2113753195007954E-090  -1.2387994054404522E-098  -1.9624615946404624E-108  -1.6377762904639736E-118  -4.3429386960841907E-128  -9.4088484530807342E-137  -5.5416484094676620E-146   5.4786438857161052E-150   6.7777052937998762E-155   2.2620869757379751E-159   1.3185512407165546E-163   8.8745019773116960E-168
  -1.0218703898550104E-093  -2.8559019195492504E-084  -1.5227175814555892E-084  -4.7255011905994388E-090  -1.8127922660993598E-098  -2.8530551217421577E-108  -2.3652169004185475E-118  -6.2336496544103561E-128  -1.3435924442505774E-136  -7.8824511330566262E-146   7.7713353968957614E-150   9.5970336675115956E-155   3.1997936410095286E-159   1.8642078134448248E-163   1.2545047091239153E-167
  -1.4965594106735396E-093  -4.2151577449526940E-084  -2.2483712455458671E-084  -6.9535196684984064E-090  -2.6527424550371514E-098  -4.1478128659220261E-108  -3.4157601213922977E-118  -8.9474870655294498E-128  -1.9186626930320983E-136  -1.1212013319503043E-145   1.1023467681226140E-149   1.3589120682180266E-154   4.5262094044965915E-159   2.6356736576438256E-163   1.7733750797107765E-167
  -2.1917555050847921E-093  -6.2213463036907111E-084  -3.3198364109048700E-084  -1.0232022752085269E-089  -3.8818802447104038E-098  -6.0301503757883888E-108  -4.9329163476495359E-118  -1.2842801377310070E-127  -2.7398684287405146E-136  -1.5947988814276124E-145   1.5636545513783182E-149   1.9241799836385219E-154   6.4024664926253195E-159   3.7263955117425797E-163   2.5068532228810994E-167
  -3.2098907177016363E-093  -9.1823728278731435E-084  -4.9019101511188124E-084  -1.5056301627220297E-089  -5.6805341631982461E-098  -8.7667198141184378E-108  -7.1239380510195372E-118  -1.8433951918000776E-127  -3.9125579563301809E-136  -2.2684449224817438E-145   2.2180094549593911E-149   2.7245829180218830E-154   9.0564915404180097E-159   5.2684912141433622E-163   3.5437021488866228E-167
  -4.7009798001665791E-093  -1.3552688911887954E-083  -7.2379238782144453E-084  -2.2155171478989927E-089  -8.3125872429914384E-098  -1.2745183928359467E-107  -1.0288131682554509E-117  -2.6459225799607194E-127  -5.5871696452835260E-136  -3.2266403110325590E-145   3.1461974349995416E-149   3.8579302028214897E-154   1.2810693988204174E-158   7.4487529794860756E-163   5.0093977600078533E-167
  -6.8847237825071532E-093  -2.0003040721059900E-083  -1.0687169024988162E-083  -3.2601075331105919E-089  -1.2164191667111358E-097  -1.8529132390471079E-107  -1.4857744685580771E-117  -3.7978325504720003E-127  -7.9785309003220325E-136  -4.5895792214904112E-145   4.4628115856889556E-149   5.4627170074237906E-154   1.8121132195201427E-158   1.0531273316911336E-162   7.0813135140334215E-167
  -1.0082881305831821E-092  -2.9523413610840382E-083  -1.5780158006756733E-083  -4.7972100564264671E-089  -1.7800421692214141E-097  -2.6937919958838530E-107  -2.1457013024473987E-117  -5.4512297964746039E-127  -1.1393417272400541E-135  -6.5282260705068761E-145   6.3303996796050244E-149   7.7350484646423133E-154   2.5632915146904499E-158   1.4889434240814788E-162   1.0010185551959435E-166
  -1.4766677394848444E-092  -4.3574972871734826E-083  -2.3300219899782914E-083  -7.0590384339966262E-089  -2.6048176478116540E-097  -3.9162736342011221E-107  -3.0987435465602814E-117  -7.8244382149721503E-127  -1.6269907127306905E-135  -9.2857609610876797E-145   8.9795321410330575E-149   1.0952603740250835E-153   3.6258569923802550E-158   2.1051134589033793E-162   1.4150455926058881E-166
  -2.1626235005434408E-092  -6.4314320135504422E-083  -3.4403980697736683E-083  -1.0387292441486940E-088  -3.8117495613903872E-097  -5.6935350229379221E-107  -4.4750923573762554E-117  -1.1230829621117378E-126  -2.3233580480835313E-135  -1.3208083721750259E-144   1.2737268022625441E-148   1.5508568458533595E-153   5.1288894966399295E-158   2.9762733779565813E-162   2.0003165961734277E-166
  -3.1672259577445945E-092  -9.4924483831910931E-083  -5.0799258669874574E-083  -1.5284779318898317E-088  -5.5779085711777055E-097  -8.2773431780002863E-107  -6.4627650430341260E-117  -1.6120203122734824E-126  -3.3177771461291332E-135  -1.8787202907867536E-144   1.8067533364168993E-148   2.1959682030039919E-153   7.2549765527316486E-158   4.2079457436783893E-162   2.8276590560718761E-166
  -4.6384959067838555E-092  -1.4010344340178238E-082  -7.5007736104455537E-083  -2.2491374070542707E-088  -8.1624103245311314E-097  -1.2033720597049246E-106  -9.3332893242717237E-117  -2.3138179119382088E-126  -4.7378169576598898E-135  -2.6722952396802570E-144   2.5628397002048254E-148   3.1094271270338014E-153   1.0262393994645370E-157   5.9493215612789340E-162   3.9971951201075484E-166
  -6.7932141742816306E-092  -2.0678516492270417E-082  -1.1075280779867333E-082  -3.3095794169161310E-088  -1.1944430673966983E-096  -1.7494796034013830E-106  -1.3478795603883328E-116  -3.3211450641988044E-126  -6.7656471395236445E-135  -3.8010777185946914E-144   3.6353315038981950E-148   4.4028584025524107E-153   1.4516481164767041E-157   8.4113316072539752E-162   5.6504580327327371E-166
  -9.9488626846836229E-092  -3.0520381117147282E-082  -1.6353225953561338E-082  -4.8700074744420952E-088  -1.7478835098136713E-096  -2.5434185897700796E-106  -1.9465584264306544E-116  -4.7670149096850485E-126  -9.6614076676133800E-135  -5.4066600072558987E-144   5.1566374328470460E-148   6.2343194784175044E-153   2.0534022126865788E-157   1.1892196222733650E-161   7.9875200029709519E-166
  -1.4570403098209361E-091  -4.5046445885182789E-082  -2.4146385767098535E-082  -7.1661591930188497E-088  -2.5577583796449243E-096  -3.6976584808810529E-106  -2.8111485597451840E-116  -6.8423482271054596E-126  -1.3796580862549668E-134  -7.6904432247488131E-144   7.3145762809939188E-148   8.8276151056561811E-153   2.9046024296558542E-157   1.6813548387644507E-161   1.1291204257093740E-165
  -2.1338785511588425E-091  -6.6486139339936440E-082  -3.5653390620701132E-082  -1.0544919744060964E-087  -3.7428855515431375E-096  -5.3757089921637697E-106  -4.0597580182572398E-116  -9.8211836823248353E-126  -1.9701646954021534E-134  -1.0938900692807580E-143   1.0375564856530938E-147   1.2499646302989363E-152   4.1086520801064897E-157   2.3771505620545797E-161   1.5961311335632769E-165
  -3.1251281480575544E-091  -9.8129978846593485E-082  -5.2644080639065875E-082  -1.5516726651734274E-087  -5.4771366934983148E-096  -7.8152828905738900E-106  -5.8629541364611670E-116  -1.4096863428120074E-125  -2.8134136671565519E-134  -1.5559512589847820E-143   1.4717509513433075E-147   1.7699135696543935E-152   5.8118184227672041E-157   3.3608876982408283E-161   2.2563001583815341E-165
  -4.5768424706770370E-091  -1.4483459224489397E-081  -7.7731716860991166E-082  -2.2832682849098361E-087  -8.0149462264154482E-096  -1.1361970402520593E-105  -8.4670640152383423E-116  -2.0233972203309009E-125  -4.0175810979298102E-134  -2.2131879468344253E-143   2.0876462061729648E-147   2.5061461474497020E-152   8.2210011246563420E-157   4.7517251532512896E-161   3.1895188918490647E-165
  -6.7029210033951127E-091  -2.1376810290543004E-081  -1.1477491526653240E-081  -3.3598027660335469E-087  -1.1728639761261977E-095  -1.6518195550849571E-105  -1.2227824235837088E-115  -2.9042888259892074E-125  -5.7371434643733764E-134  -3.1480426214988880E-143   2.9612800144642177E-147   3.5486300671886060E-152   1.1628866313340211E-156   6.7181334089261153E-161   4.5087222650663128E-165
  -9.8166258768910695E-091  -3.1551027838937913E-081  -1.6947112335666105E-081  -4.9439108059354452E-087  -1.7163058523504054E-095  -2.4014389579603231E-105  -1.7658976544273304E-115  -4.1686790238736510E-125  -8.1926946182869403E-134  -4.4777816295817662E-143   4.2005102640202580E-147   5.0247569803423986E-152   1.6449399489318050E-156   9.4983011514291102E-161   6.3735557466221007E-165
  -1.4376738766035636E-090  -4.6567629133699878E-081  -2.5023291933367717E-081  -7.2749074980581027E-087  -2.5115493794701398E-095  -3.4912463900001109E-105  -2.5502447958709448E-115  -5.9835249778759811E-125  -1.1699244640108333E-133  -6.3692048366318557E-143   5.9583309842613359E-147   7.1149097601565244E-152   2.3268196245791121E-156   1.3428986782524593E-160   9.0096950897202664E-165
  -2.1055159039706696E-090  -6.8731330420313841E-081  -3.6948191365965079E-081  -1.0704942265686880E-086  -3.6752658671856534E-095  -5.0756240544415403E-105  -3.6829702309824666E-115  -8.5884691084544477E-125  -1.6706630865457672E-133  -9.0595686756562913E-143   8.4517608234834659E-147   1.0074505308523334E-151   3.2913600083389716E-156   1.8986309562831231E-160   1.2736156837897639E-164
  -3.0835903263464273E-090  -1.0144377009841046E-080  -5.4555926240588299E-081  -1.5752198966987613E-086  -5.3781858246181979E-095  -7.3790150120526392E-105  -5.3188108422878990E-115  -1.2327482816323232E-124  -2.3857225207587211E-133  -1.2886347129253299E-142   1.1988635936134767E-146   1.4265206529296643E-151   4.6557329100470912E-156   2.6843421369525566E-160   1.8003904613068132E-164
  -4.5160092920814665E-090  -1.4972558534221858E-080  -8.0554664024109406E-081  -2.3179179249984106E-086  -7.8701470835901954E-095  -1.0727717803930240E-104  -7.6812319684787968E-115  -1.7694286386791827E-124  -3.4068340751402591E-133  -1.8329563804494826E-142   1.7005615100869237E-146   2.0199117574542029E-151   6.5856815631141046E-156   3.7952044779633680E-160   2.5450423186462800E-164
  -6.6138293254677540E-090  -2.2098696948949464E-080  -1.1894315548456850E-080  -3.4107895629490029E-086  -1.1516748875461773E-094  -1.5596109931224595E-104  -1.1092954067224870E-114  -2.5397542572139730E-124  -4.8649909137172110E-133  -2.6072005152831379E-142   2.4122089139951911E-146   2.8601363027551993E-151   9.3156550167903471E-156   5.3657754089560350E-160   3.5976864699353569E-164
  -9.6861489838796523E-090  -3.2616497388812000E-080  -1.7562576520260865E-080  -5.0189376808581587E-086  -1.6852989437145067E-094  -2.2673848214941014E-104  -1.6020038203485955E-114  -3.6454432376042306E-124  -6.9472524960120202E-133  -3.7084867862930581E-142   3.4216650238324749E-146   4.0498698205482812E-151   1.3177288871217967E-155   7.5862963123062827E-160   5.0857103004592375E-164
  -1.4185652305785432E-089  -4.8140210515785597E-080  -2.5932059638942009E-080  -7.3853092864447555E-086  -2.4661756402072445E-094  -3.2963565646462575E-104  -2.3135552697066877E-114  -5.2324969308164728E-124  -9.9207414737299544E-133  -5.2749583866942153E-142   4.8535561981291491E-146   5.7344978770046107E-151   1.8639692178483256E-155   1.0725736234616755E-159   7.1891893511338205E-164
  -2.0775308552452451E-089  -7.1052384586609212E-080  -3.8290038485931989E-080  -1.0867398162934458E-085  -3.6088685423210181E-094  -4.7922904476392570E-104  -3.3411518163329877E-114  -7.5104787711624345E-124  -1.4166911482558241E-132  -7.5031104449259690E-142   6.8846621703645919E-146   8.1198822046032706E-151   2.6366434539090864E-155   1.5164371786149631E-159   1.0162679442862197E-163
  -3.0426055976543402E-089  -1.0486953439540378E-079  -5.6537239943095051E-080  -1.5991252393136179E-085  -5.2810238116436602E-094  -6.9671005967088822E-104  -4.8251691173930680E-114  -1.0780186200840122E-123  -2.0230481867710027E-132  -1.0672437987529496E-141   9.7657410828379337E-146   1.1497517027965259E-150   3.7296156153347907E-155   2.1439849592498131E-159   1.4366022148918710E-163
  -4.4559862628774894E-089  -1.5478184929873297E-079  -8.3480186896870455E-080  -2.3530945832716922E-085  -7.7279658304555081E-094  -1.0128870817482822E-103  -6.9683325557530842E-114  -1.5473369641383471E-123  -2.8889316927249152E-132  -1.5180495245957565E-141   1.3852487814411794E-145   1.6280149689350261E-150   5.2756593290019358E-155   3.0312310788237971E-159   2.0307891587965224E-163
  -6.5259243201370749E-089  -2.2844977374526406E-079  -1.2326285762284869E-079  -3.4625519505247689E-085  -1.1308689119386078E-093  -1.4725497782169204E-103  -1.0063410704935906E-113  -2.2209743226336188E-123  -4.1254214121550698E-132  -2.1592764077709378E-141   1.9649447683547340E-145   2.3052218418016513E-150   7.4625870920142344E-155   4.2856466004667282E-159   2.8707352421223314E-163
  -9.5574102738129074E-089  -3.3717971808161857E-079  -1.8200405359582746E-079  -5.0951059577198710E-085  -1.6548526980325925E-093  -2.1408140126089527E-103  -1.4533209217399838E-113  -3.1878815309978439E-123  -5.8911402564475920E-132  -3.0713586898288033E-141   2.7872307064552919E-145   3.2641270744178421E-150   1.0556065625171426E-154   6.0591773784886435E-159   4.0580878591471810E-163
  -1.3997111847421369E-088  -4.9765934567574178E-079  -2.6873850664604986E-079  -7.4973908209050414E-085  -2.4216223966453741E-093  -3.1123461662482985E-103  -2.0988328534084413E-113  -4.5757344108494394E-123  -8.4126032193889530E-132  -4.3687061811177072E-141   3.9536251248625609E-145   4.6219089895263568E-150   1.4931888912444028E-154   8.5666490782086701E-159   5.7365363513177501E-163
  -2.0499187306831923E-088  -7.3451876523232186E-079  -3.9680647330124990E-079  -1.1032326055169701E-084  -3.5436719607316436E-093  -4.5247735904558148E-103  -3.0310575454738167E-113  -6.5677927971032640E-123  -1.2013275819923929E-131  -6.2140556022058311E-141   5.6081298114861262E-145   6.5444886830714715E-150   2.1121629436584971E-154   1.2111788752163756E-158   8.1092007985027162E-163
  -3.0021671055610110E-088  -1.0841107157340240E-078  -5.8590554416159747E-079  -1.6233943716217489E-084  -5.1856190075080281E-093  -6.5781809164578771E-103  -4.3773423075623103E-113  -9.4270991879728661E-123  -1.7155069828581430E-131  -8.8388839576996936E-141   7.9550081169548341E-145   9.2668055997000849E-150   2.9877213296517015E-154   1.7124014935127002E-158   1.1463212914356536E-162
  -4.3967633247714649E-088  -1.6000899204352147E-078  -8.6512024879513836E-079  -2.3888066090185854E-084  -7.5883561329152072E-093  -9.5634540738035753E-103  -6.3215974624516466E-113  -1.3531212342510409E-122  -2.4497599550584923E-131  -1.2572444555815768E-140   1.1284003085380759E-144   1.3121527157732206E-149   4.2262263754315596E-154   2.4210452598178180E-158   1.6204463741433104E-162
  -6.4391912304713225E-088  -2.3616479198944159E-078  -1.2773954274723428E-078  -3.5151022039834552E-084  -1.1104392653769244E-092  -1.3903487236349751E-102  -9.1294195667980315E-113  -1.9422062243558695E-122  -3.4982800348995814E-131  -1.7883067894731039E-140   1.6006108814860740E-144   1.8579700742771844E-149   5.9781309572905867E-154   3.4229473471048999E-158   2.2906723192919058E-162
  -9.4303880940193105E-088  -3.4856672527212420E-078  -1.8861414011102824E-078  -5.1724336825537769E-084  -1.6249571824406558E-092  -2.0213090080034942E-102  -1.3184373447743608E-112  -2.7877509553441266E-122  -4.9955764682372677E-131  -2.5436908117423685E-140   2.2704311340836463E-144   2.6308315747818907E-149   8.4562554298398260E-154   4.8394669584093815E-158   3.2381075719433190E-162
  -1.3811085617136866E-087  -5.1446603880352216E-078  -2.7849868542690081E-078  -7.6111786296023118E-084  -2.3778751048999366E-092  -2.9386081827155017E-102  -1.9040389393627980E-112  -4.0014058672065965E-122  -7.1337297089821554E-131  -3.6181504074397868E-140   3.2205563456373396E-144   3.7251809747179860E-149   1.1961640919346079E-153   6.8421854220753277E-158   4.5774074967102546E-162
  -2.0226748672576452E-087  -7.5932466483481364E-078  -4.1121794834330466E-078  -1.1199764937156958E-083  -3.4796548263914354E-092  -4.2721909838603203E-102  -2.7497433261494214E-112  -5.7434287202692777E-122  -1.0187032431370308E-130  -5.1464636729124406E-140   4.5682879402073986E-144   5.2747478867109731E-149   1.6920119625248723E-153   9.6736896330175552E-158   6.4706495766934988E-162
  -2.9622680061301063E-087  -1.1207230759277322E-077  -6.0718493174411324E-078  -1.6480330252746271E-083  -5.0919402284464091E-092  -6.2109729572978970E-102  -3.9710786480992490E-112  -8.2438459234806617E-122  -1.4547177124552238E-130  -7.3203392144597157E-140   6.4800153924535654E-144   7.4688895512469262E-149   2.3934044668864449E-153   1.3676956313396608E-157   9.1469474745271346E-162
  -4.3383304320276389E-087  -1.6541280741144969E-077  -8.9654051378710610E-078  -2.4250624264324287E-083  -7.4512723273920467E-092  -9.0296022723836215E-102  -5.7348864243418994E-112  -1.1832826504331425E-121  -2.0773504304789622E-130  -1.0412463697841199E-139   9.1917584906120340E-144   1.0575730311255888E-148   3.3855463601282771E-153   1.9336896373077703E-157   1.2930177581916069E-161
  -6.3536153098139415E-087  -2.4414057456790811E-077  -1.3237892960125753E-077  -3.5684527042394153E-083  -1.0903792610004767E-091  -1.3127366438759048E-101  -8.2821130765916779E-112  -1.6984279469017723E-121  -2.9664757429638573E-130  -1.4810707125790085E-139   1.3038306081948549E-143   1.4974926434806406E-148   4.7889624645723493E-153   2.7339091588593727E-157   1.8278173429578055E-161
  -9.3050607954105928E-087  -3.6033861369756768E-077  -1.9546446792985072E-077  -5.2509390504309622E-083  -1.5956026046298918E-091  -1.9084755461899374E-101  -1.1960724619362378E-111  -2.4378431391843673E-121  -4.2361549582576856E-130  -2.1066776486040559E-139   1.8494548738365481E-143   2.1204060150639188E-148   6.7741389552600253E-153   3.8652838304319905E-157   2.5838131130628117E-161
  -1.3627541830240025E-086  -5.3184080589677166E-077  -2.8861359823204419E-077  -7.7266994507437569E-083  -2.3349194246815505E-091  -2.7745694189471729E-101  -1.7273240854035381E-111  -3.4991647328500040E-121  -6.0492686851480264E-130  -2.9965420787461915E-139   2.6234108227895516E-143   3.0024332252485598E-148   9.5822339215936503E-153   5.4648557140108077E-157   3.6524930834100554E-161
  -1.9957945980867393E-086  -7.8496902497683003E-077  -4.2615321395110330E-077  -1.1369754099542424E-082  -3.4167961382898339E-091  -4.0337092906055916E-101  -2.4945382517238735E-111  -5.0225355508811395E-121  -8.6384119473902163E-130  -4.2622868427467425E-139   3.7212502122567832E-143   4.2513580915215915E-148   1.3554373112118705E-152   7.7263790402905464E-157   5.1631852382235611E-161
  -2.9229014466253651E-086  -1.1585729781426336E-076  -6.2923773353565378E-077  -1.6730469735881878E-082  -4.9999567183497396E-091  -5.8642651748806468E-101  -3.6025208988142756E-111  -7.2091099746545501E-121  -1.2335732601606636E-129  -6.0626844679824203E-139   5.2785110954255051E-143   6.0197993631770421E-148   1.9173089692515074E-152   1.0923789427037652E-156   7.2987083600571095E-161
  -4.2806775216433734E-086  -1.7099928000499044E-076  -9.2910277919759414E-077  -2.4618705183610097E-082  -7.3166693705081599E-091  -8.5255540130943272E-101  -5.2026289349756068E-111  -1.0347615492209288E-120  -1.7615540875629950E-129  -8.6235732820276997E-139   7.4874512014654036E-143   8.5238607483183739E-148   2.7120942094539455E-152   1.5444385373015092E-156   1.0317496131721325E-160
  -6.2691817801732099E-086  -2.5238595307400831E-076  -1.3718694069900764E-076  -3.6226159147683440E-082  -1.0706823019337258E-090  -1.2394574582072938E-100  -7.5134464815904963E-111  -1.4852477889357576E-120  -2.5155156185719992E-129  -1.2266186126867294E-138   1.0620783864749252E-142   1.2069538809397699E-147   3.8363430818174741E-152   2.1835741262159170E-156   1.4584871894047417E-160
  -9.1814066747058283E-086  -3.7250841625186710E-076  -2.0256378087029870E-076  -5.3306403726349173E-082  -1.5667793029166257E-090  -1.8019413246786009E-100  -1.0850644749270727E-110  -2.1318544347454397E-120  -3.5921796957814591E-129  -1.7447445172790504E-138   1.5065346915182170E-142   1.7090115774855876E-147   5.4266286871968737E-152   3.0872034394118000E-156   2.0617258823385477E-160
  -1.3446448611351763E-085  -5.4980287967938524E-076  -2.9909615412187159E-076  -7.8439801861393061E-082  -2.2927412054207895E-090  -2.6196886034927511E-100  -1.5670104583113730E-110  -3.0599630392389287E-120  -5.1296660101083847E-129  -2.4817277333952389E-138   2.1369861254051797E-142   2.4199106672310997E-147   7.6761379983195400E-152   4.3647820155062759E-156   2.9144675692855523E-160
  -1.9692732414750640E-085  -8.1148022739539550E-076  -4.4163132853825134E-076  -1.1542333063361002E-081  -3.3550751711195647E-090  -3.8085415837232277E-100  -2.2630192472059267E-110  -4.3921262474469594E-120  -7.3252107651422439E-129  -3.5300139818313374E-138   3.0312675336997529E-142   3.4265230928443958E-147   1.0858140101087738E-151   6.1710614203100156E-156   4.1199081239988227E-160
  -2.8840605505599806E-085  -1.1977023051569744E-075  -6.5209208651933230E-076  -1.6984420223375500E-081  -4.9096381219986571E-090  -5.5369134959073636E-100  -3.2681697294377829E-110  -6.3042503342129322E-120  -1.0460469094849652E-128  -5.0210982216222462E-138   4.2997859223961797E-142   4.8518569972840413E-147   1.5359182764494672E-151   8.7248341189894260E-156   5.8239258273064000E-160
  -4.2237944931025291E-085  -1.7677459042111245E-075  -9.6284858508021426E-076  -2.4992394134132552E-081  -7.1845028021593946E-090  -8.0496459852897969E-100  -4.7197713692497072E-110  -9.0488228540496648E-120  -1.4937647151761789E-128  -7.1420191183482292E-138   6.0991511862572802E-142   6.8700883315961106E-147   2.1726050039193773E-151   1.2335435545804743E-155   8.2327350562286901E-160
  -6.1858758050353995E-085  -2.6091004811788647E-075  -1.4216970879227928E-075  -3.6776043636145137E-081  -1.0513418762178742E-089  -1.1702693462126380E-099  -6.8161214917981423E-110  -1.2988252512881462E-119  -2.1331099065593024E-128  -1.0158820805493091E-137   8.6515109953308556E-142   9.7278451741527345E-147   3.0732185266532642E-151   1.7440213535446813E-155   1.1637841640476017E-159
  -9.0594039382854851E-085  -3.8508959203370637E-075  -2.0992113297649462E-075  -5.4115560516490427E-081  -1.5384777393244144E-089  -1.7013547728078706E-099  -9.8435938713329796E-110  -1.8642723645791603E-119  -3.0461007881087432E-128  -1.4449924935983020E-137   1.2271976903622396E-141   1.3774345707348078E-146   4.3471648526628144E-151   2.4657503743395321E-155   1.6451319897961100E-159
  -1.3267773946912398E-084  -5.6837212141008630E-075  -3.0995971993719525E-075  -7.9630478665731831E-081  -2.2513264768847600E-089  -2.4734546052192349E-099  -1.4215759085584404E-109  -2.6758884275263272E-119  -4.3498602624271589E-128  -2.0553599148333757E-137   1.7407527677361615E-141   1.9504072715628422E-146   6.1492022421730711E-151   3.4861527904633537E-155   2.3255680455148307E-159
  -1.9431060947624104E-084  -8.3888758077681421E-075  -4.5767202605195573E-075  -1.1717541532302882E-080  -3.2944714626385339E-089  -3.5959447549801475E-099  -2.0529880710127929E-109  -3.8408437707857801E-119  -6.2116409254450381E-128  -2.9235476298355275E-137   2.4692192805311736E-141   2.7617199432944413E-146   8.6982411512294504E-151   4.9288287267258733E-155   3.2874363684789388E-159
  -2.8457384098718464E-084  -1.2381543068412874E-074  -6.7577712456849979E-075  -1.7242240032078045E-080  -4.8209544681790915E-089  -5.2278375520993159E-099  -2.9648505070330025E-109  -5.5129656259253074E-119  -8.8702810425584160E-128  -4.1584593935969893E-137   3.5025329087093797E-141   3.9105150784461327E-146   1.2303937346812822E-150   6.9685277946009550E-155   4.6471389635058055E-159
  -4.1676711986520562E-084  -1.8274512088650950E-074  -9.9782094264236754E-075  -2.5371776770186152E-080  -7.0547287231681216E-089  -7.6003074950203159E-099  -4.2817290198968159E-109  -7.9130503377807413E-119  -1.2666843882824450E-127  -5.9150001030197571E-137   4.9682654241735434E-141   5.5371755615165358E-146   1.7404308709653629E-150   9.8523163037509955E-155   6.5692223742666863E-159
  -6.1036824776614607E-084  -2.6972227769921729E-074  -1.4733358374235841E-074  -3.7334306312519698E-080  -1.0323515538856516E-088  -1.1049439524867363E-098  -6.1835170140792394E-109  -1.1358018555799369E-118  -1.8088370974291653E-127  -8.4135067621276041E-137   7.0473745624676233E-141   7.8404794720319124E-146   2.4618945392121775E-150   1.3929504108751681E-154   9.2862905415342910E-159
  -8.9390306887444662E-084  -3.9809603878425814E-074  -2.1754589870486290E-074  -5.4937045647740131E-080  -1.5106884958057751E-088  -1.6063838960067069E-098  -8.9300100068467381E-109  -1.6302763220472275E-118  -2.5830362161327012E-127  -1.1967387122076873E-136   9.9965448673138247E-141   1.1101890786498481E-145   3.4824277270299967E-150   1.9693956094187489E-154   1.3127153734162929E-158
  -1.3091485670844041E-083  -5.8756903935473435E-074  -3.2121813539647433E-074  -8.0839296298393499E-080  -2.2106614443769906E-088  -2.3353847537870762E-098  -1.2896395246839116E-108  -2.3400216189479616E-118  -3.6885997710370706E-127  -1.7022432932669872E-136   1.4179877684306681E-140   1.5719954305577930E-145   4.9260042136652044E-150   2.7843913437732170E-154   1.8556620039867351E-158
  -1.9172884329978870E-083  -8.6722134818495351E-074  -4.7429573834585596E-074  -1.1895419363483248E-079  -3.2349648076994937E-088  -3.3952170741742097E-098  -1.8624504534930731E-108  -3.3587565040586562E-118  -5.2673548311112445E-127  -2.4212739182442175E-136   2.0113842715864099E-140   2.2258997870186608E-145   6.9679888327575731E-150   3.9366570729308163E-154   2.6231744845517052E-158
  -2.8079280840957814E-083  -1.2799736408744610E-073  -7.0032301159626264E-074  -1.7503987699366847E-079  -4.7338761624630485E-088  -4.9360171333166516E-098  -2.6896831691291302E-108  -4.8210004605951724E-118  -7.5218317749883258E-127  -3.4440243727045758E-136   2.8531040807460595E-140   3.1518093282432942E-145   9.8564406905691609E-150   5.5657653671679995E-154   3.7081345426097859E-158
  -4.1122974436872197E-083  -1.8891746130008412E-073  -1.0340643833543413E-073  -2.5756939063859396E-079  -6.9273037868966403E-088  -7.1760553105949866E-098  -3.8843425900897936E-108  -6.9198364091467818E-118  -1.0741245874980343E-126  -4.8987864600877274E-136   4.0470650049325877E-140   4.4628702963175999E-145   1.3942247242284374E-149   7.8690481666438597E-154   5.2418403225141327E-158
  -6.0225868239333240E-083  -2.7883236617208577E-073  -1.5268513979400958E-073  -3.7901073440711042E-079  -1.0137049860454203E-087  -1.0432656375705196E-097  -5.6096263213820523E-108  -9.9324064673016644E-118  -1.5338599242289226E-126  -6.9680426734492613E-136   5.7406721570916939E-140   6.3192944778039635E-145   1.9721749896500118E-149   1.1125499363436898E-153   7.4098956365029966E-158
  -8.8202649323082316E-083  -4.1154210618404987E-073  -2.2544778369638984E-073  -5.5771044558268934E-079  -1.4834022733452174E-087  -1.5167151872097637E-097  -8.1012184280418107E-108  -1.4256507361730165E-117  -2.1903662752278929E-126  -9.9113564409883970E-136   8.1430164287423545E-140   8.9479371008208211E-145   2.7897039281632367E-149   1.5729568998216862E-153   1.0474671101374387E-157
  -1.2917551480014806E-082  -6.0741480850280822E-073  -3.3288572904594532E-073  -8.2066527103415843E-079  -2.1707324880536153E-087  -2.2050232576377459E-097  -1.1699485296555712E-107  -2.0463117758755831E-117  -3.1278634730253790E-126  -1.4097931252929328E-135   1.1550688623728729E-139   1.2670018567693998E-144   3.9461244808259641E-149   2.2238942522211082E-153   1.4807055330519162E-157
  -1.8918155118544334E-082  -8.9651277628831318E-073  -4.9152361879270740E-073  -1.2076006554694038E-078  -3.1765352581371300E-087  -3.2056958900069860E-097  -1.6895971734000665E-107  -2.9371793520683905E-117  -4.4666182264092545E-126  -2.0052922822901079E-135   1.6384396235979173E-139   1.7940377621848156E-144   5.5819179454022195E-149   3.1442092569374395E-153   2.0931338601661721E-157
  -2.7706226055452067E-082  -1.3232064160568690E-072  -7.2576097650586481E-073  -1.7769721967972085E-078  -4.6483739882923933E-087  -4.6604888462068759E-097  -2.4400548954235195E-107  -4.2158886506405819E-117  -6.3783725212146797E-126  -2.8523313590741401E-135   2.3240903538890514E-139   2.5403052690103670E-144   7.8957995629661086E-149   4.4453785704210461E-153   2.9588660667822205E-157
  -4.0576629956187520E-082  -1.9529841565003064E-072  -1.0716250106727342E-072  -2.6147967287720449E-078  -6.8021852025818033E-087  -6.7754888064790058E-097  -3.5238387274117543E-107  -6.0512876742812798E-117  -9.1083755214490825E-126  -4.0571612735568493E-135   3.2966707453397428E-139   3.5969983446329735E-144   1.1168858330197504E-148   6.2850112763497900E-153   4.1826700947952806E-157
  -5.9425738171214608E-082  -2.8825035374983003E-072  -1.5823118322888597E-072  -3.8476471725296515E-078  -9.9539590561278631E-087  -9.8503077218518473E-097  -5.0890000580120690E-107  -8.6857328912002397E-117  -1.3006845330976993E-125  -5.7709135245686452E-135   4.6762545137473901E-139   5.0932449935938079E-144   1.5798703527790881E-148   8.8859398855893275E-153   5.9126465096479275E-157
  -8.7030846029311756E-082  -4.2544260992801380E-072  -2.3363683609961102E-072  -5.6617743333916444E-078  -1.4566098933679053E-086  -1.4320526011087494E-096  -7.3493493492722477E-107  -1.2467091360030904E-116  -1.8573896684786115E-125  -8.2085578311614687E-135   6.6331635690758715E-139   7.2118867134168361E-144   2.2347766065483690E-148   1.2563211771959464E-152   8.3581511227518743E-157
  -1.2745938972942746E-081  -6.2793129140569654E-072  -3.4497733500953225E-072  -8.3312444378655796E-078  -2.1315261654513400E-086  -2.0819397131598488E-096  -1.0613663942499325E-106  -1.7894675074141953E-116  -2.6523698114430963E-125  -1.1675867513506075E-134   9.4089957734523248E-139   1.0211821745013797E-143   3.1611622263147664E-148   1.7762250484178309E-152   1.1815130513669268E-156
  -1.8666825737658523E-081  -9.2679412620566626E-072  -5.0937756705957255E-072  -1.2259343244461138E-077  -3.1191631271083021E-086  -3.0267554632484527E-096  -1.5327868918215317E-106  -2.5685172958573722E-116  -3.7876088983681107E-125  -1.6607775100180085E-134   1.3346452350928061E-138   1.4459642465272120E-143   4.4715640001344414E-148   2.5112809368117822E-152   1.6701936470049760E-156
  -2.7338149889409877E-081  -1.3679002379622026E-071  -7.5212334983309879E-072  -1.8039501788638827E-077  -4.5644191142053275E-086  -4.4003429647799035E-096  -2.2135953173628825E-106  -3.6867286557418670E-116  -5.4087409477547505E-125  -2.3622929414481324E-134   1.8931647408729708E-138   2.0474433014618712E-143   6.3251687759820626E-148   3.5505252837193308E-152   2.3609953486006670E-156
  -4.0037575988465118E-081  -2.0189500876952981E-071  -1.1105505542310151E-071  -2.6544948022300846E-077  -6.6793307470989269E-086  -6.3972853856110460E-096  -3.1967942226771464E-106  -5.2917565649308085E-116  -7.7237327058398663E-125  -3.3601297674430053E-134   2.6854123057729436E-138   2.8991201434503251E-143   8.9471513878896608E-148   5.0198405150067463E-152   3.3375166085143627E-156
  -5.8636284009947914E-081  -2.9798660650149990E-071  -1.6397876037950552E-071  -3.9060628327482430E-077  -9.7741812919274447E-086  -9.3004707185276967E-096  -4.6166945371604262E-106  -7.5955380303562301E-116  -1.1029562640526564E-124  -4.7794546862869272E-134   3.8091979534031707E-138   4.1050697728897401E-143   1.2656028764465245E-147   7.0972030289319864E-152   4.7179326800206578E-156
  -8.5874675977319116E-081  -4.3981284651673225E-071  -2.4212345842200162E-071  -5.7477328738541321E-077  -1.4303023007094919E-085  -1.3521165869829926E-095  -6.6672632605154179E-106  -1.0902277460476831E-115  -1.5750318796180519E-124  -6.7983050392072258E-134   5.4032630394519551E-138   5.8126593626722410E-143   1.7902353181087530E-147   1.0034241264670842E-151   6.6692967811283418E-156
  -1.2576615703823182E-080  -6.4914106006267824E-071  -3.5750831051557307E-071  -8.4577322430055937E-077  -2.0930292161210059E-085  -1.9657276988184136E-095  -9.6286205402175646E-106  -1.5648615553684524E-115  -2.2491602889570101E-124  -9.6699214673757942E-134   7.6644091092434203E-138   8.2305565426087823E-143   2.5323445089703873E-147   1.4186715154602431E-151   9.4277563020526336E-156
  -1.8418848561236021E-080  -9.5809870589152273E-071  -5.2788025502915332E-071  -1.2445469721382194E-076  -3.0628289962537965E-085  -2.8578049231271951E-095  -1.3905305797486813E-105  -2.2461285833285167E-115  -3.2118219872223118E-124  -1.3754513924577797E-133   1.0871794803572016E-137   1.1654228606367740E-142   3.5820814438788586E-147   2.0057608900019876E-151   1.3327130552434883E-155
  -2.6974982437935250E-080  -1.4141042568643785E-070  -7.7944360208647597E-071  -1.8313386335790322E-076  -4.4819831048186557E-085  -4.1547204596972666E-095  -2.0081540290182018E-105  -3.2239872129188018E-115  -4.5865119358952942E-124  -1.9564445712534894E-133   1.5421400482611042E-137   1.6502048646824409E-142   5.0669675580718499E-147   2.8358056846743493E-151   1.8839308429269571E-155
  -3.9505709933934625E-080  -2.0871449343052418E-070  -1.1508904265556953E-070  -2.6947968181908287E-076  -6.5586987816895898E-085  -6.0401961609072173E-095  -2.9001035319320546E-105  -4.6275594780031548E-115  -6.5495821035787927E-124  -2.7828503336657230E-133   2.1874915533227449E-137   2.3366420793551287E-142   7.1673859574317022E-147   4.0093482339222478E-151   2.6631354792768593E-155
  -5.7857355177709255E-080  -3.0805182685375741E-070  -1.6993516602060397E-070  -3.9653670907114651E-076  -9.5976555961288831E-085  -8.7813296910612750E-095  -4.1882248372627915E-105  -6.6421810769410579E-115  -9.3528647639865799E-124  -3.9583314068395339E-133   3.1029083934023934E-137   3.3086172062139596E-142   1.0138494253971217E-146   5.6685383449707020E-151   3.7646236367927417E-155
  -8.4733918187987114E-080  -4.5466860880804937E-070  -2.5091841994783586E-070  -5.8349988281797344E-076  -1.4044705674335467E-084  -1.2766431760460440E-094  -6.0484831906114505E-105  -9.5338741616056292E-115  -1.3355978779415116E-123  -5.6303378456204009E-133   4.4014069406950713E-137   4.6849057107391925E-142   1.4341220965169563E-146   8.0143517342515369E-151   5.3216936343562278E-155
  -1.2409549244906867E-079  -6.7106741895781954E-070  -3.7049455427777234E-070  -8.5861436680320156E-076  -2.0552285673559848E-084  -1.8560034483509911E-094  -8.7350012696149607E-105  -1.3684474429897107E-114  -1.9072463279220372E-123  -8.0086028811698857E-133   6.2432984211332782E-137   6.6336901972673329E-142   2.0286110901880730E-146   1.1330933975995822E-150   7.5227767426260225E-155
  -1.8174176005654650E-079  -9.9046090427419563E-070  -5.4705515401507546E-070  -1.2634426441481064E-075  -3.0075137242637524E-084  -2.6982863383992126E-094  -1.2614773906877068E-104  -1.9642050905635137E-114  -2.7235656989431107E-123  -1.1391451450590140E-132   8.8559807655291506E-137   9.3931123417846431E-142   2.8695345857270639E-146   1.6020018716435854E-150   1.0634240490184707E-154
  -2.6616653882118401E-079  -1.4618692183484977E-069  -8.0775638405587603E-070  -1.8591435035170772E-075  -4.4010379335972618E-084  -3.9228101939003523E-094  -1.8217801846743786E-104  -2.8193276124561613E-114  -3.8892774539452110E-123  -1.6203221498684456E-132   1.2562012913145299E-136   1.3300373831077346E-141   4.0590474834347875E-146   2.2649589190836420E-150   1.5032623548350488E-154
  -3.8980929354089982E-079  -2.1576435785066926E-069  -1.1926957827892234E-069  -2.7357115058597721E-075  -6.4402482709522810E-084  -5.7030418780522303E-094  -2.6309493117805260E-104  -4.0467302903786840E-114  -5.5539248319607615E-123  -2.3047492107700448E-132   1.7818937591087607E-136   1.8832942446284830E-141   5.7416511229606983E-146   3.2022677354857505E-150   2.1250203149876136E-154
  -5.7088801385316405E-079  -3.1845706473174533E-069  -1.7610795222145132E-069  -4.0255727692589642E-075  -9.4243218874237628E-084  -8.2911702070231697E-094  -3.7995222497670299E-104  -5.8084864183666403E-114  -7.9310569927556481E-123  -3.2782795288961269E-132   2.5275769047160181E-136   2.6666898678931009E-141   8.1217472227217911E-146   4.5274634186956862E-150   3.0039409454291968E-154
  -8.3608352182842132E-079  -4.7002620256075229E-069  -2.6003286986505291E-069  -5.9235910330299906E-075  -1.3791058970101008E-083  -1.2053831195762602E-093  -5.4871332541905778E-104  -8.3372283947514171E-114  -1.1325624157376775E-122  -4.6630308577567803E-132   3.5853119651150356E-136   3.7759552842539536E-141   1.1488468482835407E-145   6.4010653397535265E-150   4.2463882065509747E-154
  -1.2244707253344440E-078  -6.9373442964229479E-069  -3.8395252596976271E-069  -8.7165063845781464E-075  -2.0181113403806114E-083  -1.7524045976504882E-093  -7.9243203855616937E-104  -1.1966865845947474E-113  -1.6173098128883833E-122  -6.6327037181785722E-132   5.0856857708934212E-136   5.3466428500290167E-141   1.6250802258926662E-145   9.0500206627685099E-150   6.0027188049218593E-154
  -1.7932760628853367E-078  -1.0239162278075842E-068  -5.6692656366801162E-069  -1.2826254056370618E-074  -2.9531984560387443E-083  -2.5476728953474304E-093  -1.1444018436217593E-103  -1.7176676980996725E-113  -2.3095336767465255E-122  -9.4343700561049439E-132   7.2139328561507746E-136   7.5706907596954067E-141   2.2987274110507912E-145   1.2795194184128403E-149   8.4854778463181127E-154
  -2.6263094636016220E-078  -1.5112475176989973E-068  -8.3709756974036785E-069  -1.8873707608730225E-074  -4.3215559964162099E-083  -3.7038462734315961E-093  -1.6527039886583317E-103  -2.4654595254793828E-113  -3.2980358991685332E-122  -1.3419465470576863E-131   1.0232804315342294E-135   1.0719877914924381E-140   3.2516226752828242E-145   1.8090234302485017E-149   1.1995120315582324E-153
  -3.8463132189855068E-078  -2.2305233379219271E-068  -1.2360195844758599E-068  -2.7772476393771078E-074  -6.3239388029298321E-083  -5.3847090635602515E-093  -2.3867756872465344E-103  -3.5388048077905441E-113  -4.7096264238592293E-122  -1.9087872617392777E-131   1.4515006771690686E-135   1.5179035337154325E-140   4.5995231858881067E-145   2.5576522908117420E-149   1.6956371108612151E-153
  -5.6330472956391061E-078  -3.2921372962822826E-068  -1.8250493782904292E-068  -4.0866927595159349E-074  -9.2541210046984917E-083  -7.8283734753969900E-093  -3.4468956729046629E-103  -5.0794342443151999E-113  -6.7253910536159770E-122  -2.7150625525914887E-131   2.0589216337563720E-135   2.1493072562156401E-140   6.5061711200175706E-145   3.6160865206255753E-149   2.3969623782881316E-153
  -8.2497758466342868E-078  -4.8590246443438935E-068  -2.6947835137227617E-068  -6.0135284290222731E-074  -1.3541996287362177E-082  -1.1381010745328473E-092  -4.9778828969743920E-103  -7.2907814343809527E-113  -9.6039220338561143E-122  -3.8619100338143208E-131   2.9205348401260585E-135   3.0433565647459717E-140   9.2031849701710379E-145   5.1125329950047120E-149   3.3883598127053737E-153
  -1.2082057543051606E-077  -7.1716693760034402E-068  -3.9789926722274054E-068  -8.8488482228207540E-074  -1.9816648569230348E-082  -1.6545890006076816E-092  -7.1888796974883835E-103  -1.0464845427932318E-112  -1.3714491547024429E-121  -5.4931880385254038E-131   4.1427141378473175E-135   4.3093043854889124E-140   1.3018196425489223E-144   7.2282544899646998E-149   4.7898049319652275E-153
  -1.7694555237602518E-077  -1.0585013406020694E-067  -5.8751964324805920E-068  -1.3020993459893077E-073  -2.8998646324822703E-082  -2.4054671759434568E-092  -1.0381921943213115E-102  -1.5020747972086959E-112  -1.9584423778520261E-121  -7.8135209313570417E-131   5.8763484719703755E-135   6.1018496851824105E-140   1.8414650881035494E-144   1.0219525826129420E-148   6.7708958187023150E-153
  -2.5914235507071652E-077  -1.5622932598916850E-067  -8.6750430295039228E-068  -1.9160264149163326E-073  -4.2435101261828440E-082  -3.4971055437639129E-092  -1.4993199012703365E-102  -2.1560076776608289E-112  -2.7966742678158637E-121  -1.1113966795433169E-130   8.3354704789556879E-135   8.6400417026803735E-140   2.6048106518105869E-144   1.4448676132180575E-148   9.5713772987835826E-153
  -3.7952217001964159E-077  -2.3058640553697435E-067  -1.2809166690485252E-067  -2.8194140497257648E-073  -6.2097306109963650E-082  -5.0841463842565526E-092  -2.1652639978868421E-102  -3.0946322644861511E-112  -3.9936773608285990E-121  -1.5808527199231126E-130   1.1823680727427619E-134   1.2234047791264319E-139   3.6845871135563720E-144   2.0427977340227016E-148   1.3530154038122547E-152
  -5.5582221188302231E-077  -3.4033360404060031E-067  -1.8913421883488993E-067  -4.1487400399049834E-073  -9.0869947398804822E-082  -7.3914110529963178E-092  -3.1269965843612881E-102  -4.4418899811093886E-112  -5.7030091418356180E-121  -2.2486078758615223E-130   1.6771629920407166E-134   1.7323055905190536E-139   5.2119650968822926E-144   2.8881695074240115E-148   1.9126303623367313E-152
  -8.1401919068978668E-077  -5.0231478212058299E-067  -2.7926681715352230E-067  -6.1048300910566763E-073  -1.3297432426783262E-081  -1.0745748338299914E-091  -4.5158963094761356E-102  -6.3756805392845577E-112  -8.1439511611217940E-121  -3.1984240689863071E-130   2.3790186571863779E-134   2.4528943418807155E-139   7.3724896010463555E-144   4.0833818081737794E-148   2.7037052888882505E-152
  -1.1921568166594326E-076  -7.4139060242995012E-067  -4.1235242473685742E-067  -8.9831972198031436E-073  -1.9458766466718725E-081  -1.5622336098755553E-091  -6.5216955128677397E-102  -9.1513528505227000E-112  -1.1629639560821203E-120  -4.5494444158341039E-130   3.3745854182444998E-134   3.4732270614298823E-139   1.0428619901076018E-143   5.7732092770255207E-148   3.8219733586359743E-152
  -1.7459513011209095E-076  -1.0942541096988227E-066  -6.0886044615839507E-067  -1.3218685865017667E-072  -2.8474940017800464E-081  -2.2711995304058476E-091  -9.4183988454963125E-102  -1.3135422780429305E-111  -1.6607235735280309E-120  -6.4711383121206160E-130   4.7867748838817486E-134   4.9179885251293913E-139   1.4751612949963852E-143   8.1623387004244498E-148   5.4027635391235185E-152
  -2.5570007883345785E-076  -1.6150623275480847E-066  -8.9901504893221202E-067  -1.9451165242095816E-072  -4.1668736099405220E-081  -3.3019052234060632E-091  -1.3601714013633797E-101  -1.8853970034612264E-111  -2.3715290417613109E-120  -9.2045593492485472E-130   6.7899344577506830E-134   6.9637287509568164E-139   2.0866623460455013E-143   1.1540162477022822E-147   7.6373776379590792E-152
  -3.7448083254828325E-076  -2.3837482009121704E-066  -1.3274438270341928E-066  -2.8622196441140785E-072  -6.0975845998526498E-081  -4.8003612064243514E-091  -1.9643107919582459E-101  -2.7062104782915177E-111  -3.3865660143194238E-120  -1.3092582615532411E-129   9.6313720834907310E-134   9.8604374319056954E-139   2.9516499398553897E-143   1.6315832374088273E-147   1.0796240991723920E-151
  -5.4843898783196406E-076  -3.5182885880178280E-066  -1.9600417992547015E-066  -4.2117277068379186E-072  -8.9228858775291454E-081  -6.9788398413342445E-091  -2.8367872605239510E-101  -3.8843676799805226E-111  -4.8360484742150072E-120  -1.8622914291530237E-129   1.3661888620546097E-133   1.3962092706016240E-138   4.1752022728806980E-143   2.3067819593570008E-147   1.5261628413109949E-151
  -8.0320618202621263E-076  -5.1928111738353901E-066  -2.8941064666394858E-066  -6.1975152768216817E-072  -1.3057283657127745E-080  -1.0145945988691989E-090  -4.0967865293418632E-101  -5.5754393296892463E-111  -6.9059232316536199E-120  -2.6489268581121999E-129   1.9379087345569426E-133   1.9769917326804643E-138   5.9059557805492150E-143   3.2613984299603869E-147   2.1573925778225345E-151
  -1.1763207514940007E-075  -7.6643193247978943E-066  -4.2733027615692976E-066  -9.1195816959377728E-072  -1.9107344565062687E-080  -1.4750334191234717E-090  -5.9164323519743474E-101  -8.0027243560357518E-111  -9.8617241064522181E-120  -3.7678385895987242E-129   2.7488807524590322E-133   2.7993628143329266E-138   8.3541614063298958E-143   4.6110642045883874E-147   3.0497025672783471E-151
  -1.7227587653478468E-075  -1.1312136571504909E-065  -6.3097595868761410E-066  -1.3419372924242022E-071  -2.7960686335204413E-080  -2.1444265392425495E-090  -8.5442996917322537E-101  -1.1486735585986294E-110  -1.4082635928607117E-119  -5.3593807688785534E-129   3.8992266579742011E-133   3.9638163583754654E-138   1.1817225765996305E-142   6.5192626901286853E-147   4.3110771054109224E-151
  -2.5230343965157349E-075  -1.6696124592545362E-065  -9.3166965238337430E-066  -1.9746472155155279E-071  -4.0916202104891582E-080  -3.1176006677446594E-090  -1.2339371612158022E-100  -1.6487522125408248E-110  -2.0110138256867019E-119  -7.6231934014438114E-129   5.5309669330255470E-133   5.6126487251405230E-138   1.6715839933126357E-142   9.2171316953392500E-147   6.0941634144058981E-151
  -3.6950631669757990E-075  -2.4642609896358070E-065  -1.3756598889376558E-065  -2.9056734355984393E-071  -5.9874623786481936E-080  -4.5324163445165698E-090  -1.7820078602330946E-100  -2.3665416923140278E-110  -2.8717469074136246E-119  -1.0843244814489483E-128   7.8455544973894379E-133   7.9473474247645724E-138   2.3645084750062771E-142   1.3031460878338196E-146   8.6147444864536773E-151
  -5.4115360386683787E-075  -3.6371207079221151E-065  -2.0312350749420740E-065  -4.2756690210179473E-071  -8.7617382455891042E-080  -6.5892973594321514E-090  -2.5735119414224855E-100  -3.3968230981079317E-110  -4.1008819609049193E-119  -1.5423452102458591E-128   1.1128745872721277E-132   1.1253212915138970E-137   3.3446720908324738E-142   1.8424275388715721E-146   1.2177852401767579E-150
  -7.9253643081950753E-075  -5.3682003269200821E-065  -2.9992266561614172E-065  -6.2916034989941281E-071  -1.2821467793021186E-079  -9.5796229224058512E-090  -3.7165737979302593E-100  -4.8756407842076619E-110  -5.8560985490289526E-119  -2.1938347717591667E-128   1.5785880380094006E-132   1.5934222352233134E-137   4.7311445556164873E-142   2.6048800423717416E-146   1.7214682265306618E-150
  -1.1606944442668623E-074  -7.9231832488494855E-065  -4.4285175925120889E-065  -9.2580303673135619E-071  -1.8762262624059452E-079  -1.3927004637678305E-089  -5.3673428067368394E-100  -6.9982664483749176E-110  -8.3625645950468400E-119  -3.1205147726256317E-128   2.2391922903512937E-132   2.2562395647336057E-137   6.6923537507589268E-142   3.6828585618573194E-146   2.4334773960297314E-150
  -1.6998733583463347E-074  -1.1694204201889455E-064  -6.5389414369433595E-065  -1.3623096903852840E-070  -2.7455709369235359E-079  -2.0247295604222091E-089  -7.7513243062271657E-100  -1.0044983944882463E-109  -1.1941822046514873E-118  -4.4386261836128909E-128   3.1762448446150454E-132   3.1947696369448767E-137   9.4665462470285347E-142   5.2069373514196059E-146   3.4399776575507230E-150
  -2.4895177055440657E-074  -1.7260033399512183E-064  -9.6550940283859340E-065  -2.0046247107677957E-070  -4.0177241942600217E-079  -2.9435832568140107E-089  -1.1194185029490826E-099  -1.4418099598173667E-109  -1.7053035879805841E-118  -6.3135103857212845E-128   4.5054332157685063E-132   4.5237009391665203E-137   1.3390729361880918E-141   7.3617262596598767E-146   4.8627722224426345E-150
  -3.6459764666498624E-074  -2.5474905173792760E-064  -1.4256258230788340E-064  -2.9497845847194005E-070  -5.8793263035556865E-079  -4.2794269902718889E-089  -1.6166241206756309E-099  -2.0695065074595111E-109  -2.4351898073389056E-118  -8.9803492783861730E-128   6.3908575917267120E-132   6.4054290362074548E-137   1.8941610615916053E-141   1.0408232300876113E-145   6.8740428116551318E-150
  -5.3396463258453938E-074  -3.7599624330952028E-064  -2.1050120427538302E-064  -4.3405774715489276E-070  -8.6034967803243132E-079  -6.2214972792329459E-089  -2.3346706687670446E-099  -2.9704727465623521E-109  -3.4774743045505245E-118  -1.2773666049551448E-127   9.0652904691367953E-132   9.0699013281755670E-137   2.6793507890296698E-141   1.4715475124001265E-145   9.7171864974218320E-150
  -7.8200784941589362E-074  -5.5495072177068438E-064  -3.1081616785891538E-064  -6.3871146236916296E-070  -1.2589904293826656E-078  -9.0449090864718289E-089  -3.3716477775041991E-099  -4.2636775087610005E-109  -4.9658665304330513E-118  -1.8169287128174667E-127   1.2858914499917383E-131   1.2842716650831748E-136   3.7900265178027330E-141   2.0805185923423437E-145   1.3736270782661416E-149
  -1.1452748422001268E-073  -8.1907811135731401E-064  -4.5893650460516947E-064  -9.3985724964865495E-070  -1.8423402844794519E-078  -1.3149628773322762E-088  -4.8692129752741945E-099  -6.1198830858588290E-109  -7.0913048602179845E-118  -2.5844028946787564E-127   1.8240086492782847E-131   1.8184913493124520E-136   5.3611125007856926E-141   2.9415004117565814E-145   1.9417671470849998E-149
  -1.6772906168310629E-073  -1.2089162198027286E-063  -6.7764398943391639E-064  -1.3829900914253058E-069  -2.6959836836366986E-078  -1.9117133574989424E-088  -7.0319429862167965E-099  -8.7841936775841490E-109  -1.0126451120952493E-117  -3.6760596508253594E-127   2.5873160250403736E-131   2.5749308956996624E-136   7.5834633656805876E-141   4.1587826733706077E-145   2.7448932198666590E-149
  -2.4564441911075657E-073  -1.7842967035491871E-063  -1.0005771075437049E-063  -2.0350553621560273E-069  -3.9451603658167107E-078  -2.7792784008546777E-088  -1.0155280179536633E-098  -1.2608420377636795E-108  -1.4460669011067754E-117  -5.2288343271710459E-127   3.6700506988727876E-131   3.6460273087309619E-136   1.0727049026311416E-140   5.8798133283705907E-145   3.8801968610317663E-149
  -3.5975386892247300E-073  -2.6335279141446274E-063  -1.4774048442812075E-063  -2.9945624527970849E-069  -5.7731395298632547E-078  -4.0405578131881414E-088  -1.4665891827915547E-098  -1.8097536358982349E-108  -2.0649973618273563E-117  -7.4375040248466566E-127   5.2058859492983495E-131   5.1626687004863384E-136   1.5173750473771674E-140   8.3130587712544288E-145   5.4850686257546334E-149
  -5.2687068067087219E-073  -3.8869482898066187E-063  -2.1814660554224053E-063  -4.4064668566630779E-069  -8.4481076047699863E-078  -5.8742252102567311E-088  -2.1179955498490842E-098  -2.5976356471068715E-108  -2.9488359809085731E-117  -1.0579120069704421E-126   7.3844343737251789E-131   7.3101888340337651E-136   2.1463750461444727E-140   1.1753255126118484E-144   7.7537245940467987E-149
  -7.7161840227432755E-073  -5.7369304378339277E-063  -3.2210493949794548E-063  -6.4840689923995577E-069  -1.2362514381472311E-077  -8.5400390207472625E-088  -3.0587332719628544E-098  -3.7285246010348343E-108  -4.2109659851528999E-117  -1.5047760804311491E-126   1.0474657259745170E-130   1.0351014932098170E-135   3.0361154597879983E-140   1.6617109282643191E-144   1.0960709735093298E-148
  -1.1300589720919335E-072  -8.4674060912687440E-063  -4.7560487150806147E-063  -9.5412380760880548E-069  -1.8090650046093932E-077  -1.2415640005054456E-087  -4.4173129563908533E-098  -5.3517496605875788E-108  -6.0132997074754087E-117  -2.1403964026654906E-126   1.4858070262086188E-130   1.4656736316028723E-135   4.2946814460499437E-140   2.3493774105791872E-144   1.5494122398440182E-148
  -1.6550061988861492E-072  -1.2497443365614732E-062  -7.0225556290037110E-063  -1.4039829185620957E-068  -2.6472900340774596E-077  -1.8050048043359865E-087  -6.3793250069374403E-098  -7.6816509129100656E-108  -8.5870495086157319E-117  -3.0445039786772728E-126   2.1075844923103631E-130   2.0753512666719050E-135   6.0749628829105108E-140   3.3216211821324165E-144   2.1902580646086459E-148
  -2.4238075137813007E-072  -1.8445564456506269E-062  -1.0369171706649410E-062  -2.0659456933836023E-068  -3.8739041070543574E-077  -2.6241436571847048E-087  -9.2127924172859333E-098  -1.1025882080281498E-107  -1.2262388851963320E-116  -4.3305083444941343E-126   2.9895621140896359E-130   2.9386370802590924E-135   8.5932273438231003E-140   4.6962089739110343E-144   3.0961614130022610E-148
  -3.5497405807109774E-072  -2.7224675114454302E-062  -1.5310625313696587E-062  -3.0400166634846115E-068  -5.6688660701020115E-077  -3.8150202227102254E-087  -1.3304784362347070E-097  -1.5826034904905764E-107  -1.7510808601972255E-116  -6.1597234439401295E-126   4.2406279181949767E-130   4.1610247048877304E-135   1.2155392159285209E-139   6.6396429693181695E-144   4.3767516032691148E-148
  -5.1987039755204753E-072  -4.0182175457255426E-062  -2.2606939651732927E-062  -4.4733513752519466E-068  -8.2955181146100324E-077  -5.5463347191286106E-087  -1.9214292228063173E-097  -2.2715949486653040E-107  -2.5005602223123136E-116  -8.7616025433074791E-126   6.0152371691104331E-130   5.8918900587012024E-135   1.7194187079817845E-139   9.3873290155482429E-144   6.1870012710547525E-148
  -7.6136611870792346E-072  -5.9306756006359703E-062  -3.3380328466410641E-062  -6.5824875576151576E-068  -1.2139221166827043E-076  -8.0633460706392350E-087  -2.7748591268145312E-097  -3.2605410208226896E-107  -3.5708239221969361E-116  -1.2462520413156996E-125   8.5324812533095890E-130   8.3427451011388928E-135   2.4321722039482384E-139   1.3272091053783289E-143   8.7459806266286595E-148
  -1.1150439590136610E-071  -8.7533617523683824E-062  -4.9287798604591788E-062  -9.6860580291309010E-068  -1.7763891849713388E-076  -1.1722615396991194E-086  -4.0073519355515898E-097  -4.6800278941757091E-107  -5.0991707247407458E-116  -1.7726713159400824E-125   1.2103136470901591E-129   1.1813084620553023E-134   3.4403845921898889E-139   1.8764485687217134E-143   1.2363368580906729E-147
  -1.6330159112967094E-071  -1.2919495907490979E-061  -7.2776006606862089E-062  -1.4252927362608343E-067  -2.5994735644483948E-076  -1.7042516616578852E-086  -5.7872737577040057E-097  -6.7174928619643526E-107  -7.2816645787613168E-116  -2.5214511118203307E-125   1.7168032150064430E-129   1.6726984534412006E-134   4.8665329389300450E-139   2.6529800142571921E-143   1.7476929025883308E-147
  -2.3916015588161532E-071  -1.9068487416230229E-061  -1.0745756762200408E-061  -2.0973024428565328E-067  -3.8039314164157221E-076  -2.4776669512660830E-086  -8.3577728636443296E-097  -9.6419746293999685E-107  -1.0398286677049513E-115  -3.5865169438228402E-125   2.4352474971207546E-129   2.3684924018901830E-134   6.8838649324769671E-139   3.7508637720374932E-143   2.4705487520488641E-147
  -3.5025732260768171E-071  -2.8144070159912219E-061  -1.5866669492912376E-061  -3.0861571658036070E-067  -5.5664708506718909E-076  -3.6020697815169257E-086  -1.2069995224239100E-096  -1.3839638741657481E-106  -1.4848852838102603E-115  -5.1014686460793270E-125   3.4543448670511101E-129   3.3537164138566494E-134   9.7374449136928528E-139   5.3030851953716492E-143   3.4923819438826962E-147
  -5.1296248371231331E-071  -4.1539144649580379E-061  -2.3427963033054689E-061  -4.5412457184696072E-067  -8.1456770594667651E-076  -5.2367435681531035E-086  -1.7431053191914911E-096  -1.9864769116204197E-106  -2.1204303869804535E-115  -7.2563388811162204E-125   4.8999120116776445E-129   4.7487649853589983E-134   1.3773924152496676E-138   7.4976630184588219E-143   4.9368512287830337E-147
  -7.5124910481812193E-071  -6.1309557149570123E-061  -3.4592605188323518E-061  -6.6823920153488417E-067  -1.1919949765647658E-075  -7.6132569172771341E-086  -2.5173300135797604E-096  -2.8512958895056197E-106  -3.0279948697735174E-115  -1.0321430475553678E-124   6.9504171266243831E-129   6.7241132242823983E-134   1.9483651846625215E-138   1.0600423841975452E-142   6.9787613289184369E-147
  -1.1002270433346474E-070  -9.0489626123067200E-061  -5.1077777976600430E-061  -9.8330643997140818E-067  -1.7443018844533945E-075  -1.1068267715981042E-085  -3.6354374364135327E-096  -4.0926165158212233E-106  -4.3240056250337823E-115  -1.4681222692325678E-124   9.8590134114497955E-129   9.5211489296334798E-134   2.7560242462780270E-138   1.4987201392958238E-142   9.8652172062999002E-147
  -1.6113157336805014E-070  -1.3355784222118866E-060  -7.5418989249979933E-061  -1.4469242777335905E-066  -2.5525182898007989E-075  -1.6091214202150162E-085  -5.2501678936477748E-096  -5.8743499526502905E-106  -6.1747213667128653E-115  -2.0882599577542350E-124   1.3984793096587171E-128   1.3481670210394666E-133   3.8984835626809753E-138   2.1189360817020660E-142   1.3945527858376503E-146
  -2.3598204700996239E-070  -1.9712421629485538E-060  -1.1136004708197919E-060  -2.1291326025326224E-066  -3.7352189409865406E-075  -2.3393648942220192E-085  -7.5821034176756193E-096  -8.4317665910982103E-106  -8.8175611241879476E-115  -2.9703450053793750E-124   1.9837120591172470E-128   1.9089653256624491E-133   5.5145284406342863E-138   2.9958162306252377E-142   1.9713478495710758E-146
  -3.4560280966541410E-070  -2.9094476788686140E-060  -1.6442887698668868E-060  -3.1329942890696645E-066  -5.4659197560213772E-075  -3.4010037584248091E-085  -1.0949800607298664E-095  -1.2102562509095990E-105  -1.2591561535085135E-114  -4.2250244824616005E-124   2.8138518075318162E-128   2.7030394289553586E-133   7.8004750910491894E-138   4.2355760352460327E-142   2.7867086735791915E-146
  -5.0614569724962680E-070  -4.2941885535144679E-060  -2.4278774561247574E-060  -4.6101651468226915E-066  -7.9985346029300562E-075  -4.9444301559401997E-085  -1.5813307382843882E-095  -1.7371450805196488E-105  -1.7980870149070470E-114  -6.0096829950594099E-124   3.9913867325538785E-128   3.8274252844216006E-133   1.1034019010391764E-137   5.9883861257011228E-142   3.9393074302750937E-146
  -7.4126555246135380E-070  -6.3379915405001950E-060  -3.5848865966616167E-060  -6.7838049124342444E-066  -1.1704627378858833E-074  -7.1882864000251606E-085  -2.2837008305437748E-095  -2.4934165903363473E-105  -2.5676854279039335E-114  -8.5481847097944927E-124   5.6616940536292308E-128   5.4195229823981007E-133   1.5607969271295088E-137   8.4665623028335659E-142   5.5686276708552877E-146
  -1.0856055928263548E-069  -9.3545346447391748E-060  -5.2932702683414696E-060  -9.9822905009899547E-066  -1.7127924691795762E-074  -1.0450437899990005E-084  -3.2980383506224526E-095  -3.5789332323194223E-105  -3.6666793030577174E-114  -1.2158954447789312E-123   8.0309881498887071E-128   7.6738870579702414E-133   2.2077966744752747E-137   1.1970283098520077E-141   7.8718441466005585E-146
  -1.5899018345660241E-069  -1.3806789643008435E-059  -7.8157868119955079E-060  -1.4688824651171046E-065  -2.5064086774711123E-074  -1.5193002051113141E-084  -4.7629079436083945E-095  -5.1370328792821652E-105  -5.2360530361998522E-114  -1.7294920286349429E-123   1.1391779569395046E-127   1.0866001079017440E-132   3.1229983036293344E-137   1.6923950044049570E-141   1.1127684221476145E-145
  -2.3284586710804247E-069  -2.0378077834887551E-059  -1.1540412415935250E-059  -2.1614434450751018E-065  -3.6677439930375444E-074  -2.2087811888033555E-084  -6.8784196479873136E-095  -7.3734559794452794E-105  -7.4771336855684993E-114  -2.4600327991825440E-123   1.6158988072038643E-127   1.5385941771932479E-132   4.4175799868370398E-137   2.3927594922584218E-141   1.5730158502396763E-145
  -3.4100970766452469E-069  -3.0076944478572192E-059  -1.7040013843322440E-059  -3.1805387788446460E-065  -5.3671796479327167E-074  -3.2111588091878923E-084  -9.9335651247139527E-095  -1.0583512703631789E-104  -1.0677418204237270E-113  -3.4991553977187610E-123   2.2921168184052056E-127   2.1786046445251205E-132   6.2488067689822589E-137   3.3829560905002874E-141   2.2236242652415529E-145
  -4.9941885710933515E-069  -4.4391947770387387E-059  -2.5160458271734873E-059  -4.6801255368032278E-065  -7.8540423430700463E-074  -4.6684301429554253E-084  -1.4345695644829666E-094  -1.5191077389906572E-104  -1.5247454972743401E-113  -4.9772053806658293E-123   3.2513171516731071E-127   3.0848408676111786E-132   8.8391350355141312E-137   4.7829261348592022E-141   3.1433280676431163E-145
  -7.3141374297576051E-069  -6.5520118981791145E-059  -3.7150711985014019E-059  -6.8867497053932865E-065  -1.1493183310575401E-073  -6.7870326063716317E-084  -2.0717534762280356E-094  -2.1804559333914546E-104  -2.1773510976912577E-113  -7.0795865167096565E-123   4.6119216662055200E-127   4.3680450240551564E-132   1.2503236387203345E-136   6.7622463309536277E-141   4.4434266594010224E-145
  -1.0711771065593326E-068  -9.6704157226067272E-059  -5.4854937755366813E-059  -1.0133770986705740E-064  -1.6818506132919602E-073  -9.8670879130975259E-084  -2.9919513939721207E-094  -3.1297240626053780E-104  -3.1092781036165198E-113  -1.0070017480465128E-122   6.5419091564970182E-127   6.1850248188989528E-132   1.7686223766588990E-136   9.5606693788106267E-141   6.2812535160765752E-145
  -1.5687705746990550E-068  -1.4273011063610435E-058  -8.0996136465864910E-059  -1.4911724176832921E-064  -2.4611296453729188E-073  -1.4344917360374780E-083  -4.3208678659158127E-094  -4.4922589299403137E-104  -4.4400787292731634E-113  -1.4323612217590128E-122   9.2795538361709590E-127   8.7578154051706157E-132   2.5017723524103129E-136   1.3517164932044876E-140   8.8792161447699568E-145
  -2.2975108659393262E-068  -2.1066192677321076E-058  -1.1959495849079377E-058  -2.1942425323945878E-064  -3.6014845431625832E-073  -2.0854851162088486E-083  -6.2400408291875657E-094  -6.4479774390095195E-104  -6.3404746697141189E-113  -2.0373933518667253E-122   1.3162842419554942E-126   1.2400812106407314E-131   3.5388362067543123E-136   1.9110978588502160E-140   1.2551711078293231E-144
  -3.3647724592518047E-068  -3.1092560916309103E-058  -1.7658810014416935E-058  -3.2288018041271726E-064  -5.2702183488445272E-073  -3.0319087742554131E-083  -9.0116407670692887E-094  -9.2551238455849506E-104  -9.0542581225753310E-113  -2.8979922111503209E-122   1.8671201602555261E-126   1.7559189563070189E-131   5.0057958649312041E-136   2.7019682339007723E-140   1.7743171065914559E-144
  -4.9278084167185839E-068  -4.5890937349903924E-058  -2.6074139770091615E-058  -4.7511433833385961E-064  -7.7121532779893568E-073  -4.4078332462975706E-083  -1.3014284746777459E-093  -1.3284369797163796E-103  -1.2929566653804765E-112  -4.1221096728116333E-122   2.6484687573134761E-126   2.4863302127092002E-131   7.0808567489302684E-136   3.8201248055938127E-140   2.5081848801272008E-144
  -7.2169204383985493E-068  -6.7732539134818874E-058  -3.8499805747538638E-058  -6.9912507518151294E-064  -1.1285548902571420E-072  -6.4081722067525007E-083  -1.8794757745065166E-093  -1.9067759922114067E-103  -1.8463544000832391E-112  -5.8632966859065275E-122   3.7567945025208545E-126   3.5205713239191253E-131   1.0016096070289661E-135   5.4010085485530582E-140   3.5455845909835905E-144
  -1.0569392081023577E-067  -9.9969559568242199E-058  -5.6846938657484708E-058  -1.0287541820226206E-063  -1.6514662870955710E-072  -9.3162939551330480E-083  -2.7142706697086837E-093  -2.7368966020192890E-103  -2.6366116120326859E-112  -8.3399644109416768E-122   5.3289301166164326E-126   4.9850266787915096E-131   1.4168085025618232E-135   7.6361100287709771E-140   5.0120587963347529E-144
  -1.5479184942388714E-067  -1.4754965406715870E-057  -8.3937420881236613E-058  -1.5137994445583303E-063  -2.4166665412708508E-072  -1.3544163388753416E-082  -3.9198510911588440E-093  -3.9284126613766504E-103  -3.7651063984905812E-112  -1.1862781295239513E-121   7.5589697936904931E-126   7.0586528983263528E-131   2.0041204861606346E-135   1.0796164427835006E-139   7.0850751779036997E-144
  -2.2669720166189647E-067  -2.1777529355655362E-057  -1.2393790628652046E-057  -2.2275377009033969E-063  -3.5364191849383590E-072  -1.9690700973551946E-082  -5.6609064579828821E-093  -5.6386587281877004E-103  -5.3766076393756234E-112  -1.6873642724178470E-121   1.0722231863561749E-125   9.9948473559867473E-131   2.8348918820274322E-135   1.5263945373045596E-139   1.0015503072453164E-143
  -3.3200469068074675E-067  -3.2142452887223921E-057  -1.8300067272078204E-057  -3.2777949297149419E-063  -5.1750045827407756E-072  -2.8626625844861554E-082  -8.1752752175564669E-093  -8.0934654104990712E-103  -7.6778466608999160E-112  -2.4001101525864212E-121   1.5209249299172996E-125   1.4152413366696640E-130   4.0100443245232564E-135   2.1580629850991827E-139   1.4157972818936986E-143
  -4.8623058199958203E-067  -4.7440517822423760E-057  -2.7020987355565279E-057  -4.8232357504195341E-063  -7.5728217084628664E-072  -4.1617801911153295E-082  -1.1806434969320254E-092  -1.1616979315260303E-102  -1.0964037745732002E-111  -3.4139212424252145E-121   2.1573984500631288E-125   2.0039405994197568E-130   5.6723346605221952E-135   3.0511350331312379E-139   2.0013791906421541E-143
  -7.1209889744659593E-067  -7.0019631818145148E-057  -3.9897872659081670E-057  -7.0973332250216507E-063  -1.1081657375944704E-071  -6.0504560168006563E-082  -1.7050423511890487E-092  -1.6674465194784231E-102  -1.5656749670503715E-111  -4.8559680535886689E-121   3.0602220901429323E-125   2.8375216439478110E-130   8.0236969693949798E-135   4.3137874351264408E-139   2.8291611487862925E-143
  -1.0428896271411611E-066  -1.0334517919880231E-056  -5.8911253509981554E-057  -1.0443640130585707E-062  -1.6216297315839413E-071  -8.7962400017510623E-082  -2.4623600500470094E-092  -2.3933742126333373E-102  -2.2357986616679946E-111  -6.9071381599811962E-121   4.3408574951149452E-125   4.0178481729667637E-130   1.1349773399252869E-134   6.0989637728708826E-139   3.9993184913241019E-143
  -1.5273422830353307E-066  -1.5253187925094441E-056  -8.6985484419893584E-057  -1.5367690208937128E-062  -2.3730051021743678E-071  -1.2788100053495449E-081  -3.5560506349250670E-092  -3.4353366102140780E-102  -3.1927416218305704E-111  -9.8247263848087305E-121   6.1574105469825971E-125   5.6891562281426096E-130   1.6054613811347306E-134   8.6229003300392505E-139   5.6534596485700339E-143
  -2.2368372952693688E-066  -2.2512878024509155E-056  -1.2843852469861687E-056  -2.2613370226633691E-062  -3.4725270707252226E-071  -1.8591523240661582E-081  -5.1355186470744748E-092  -4.9309203152564992E-102  -4.5592651937715308E-111  -1.3974709364589963E-120   8.7341509476902694E-125   8.0556798511241009E-130   2.2709759525486281E-134   1.2191318535562318E-138   7.9917631129113004E-143
  -3.2759133753921532E-066  -3.3227786808719827E-056  -1.8964606261091831E-056  -3.3275300536503096E-062  -5.0815078743899783E-071  -2.7028622686946421E-081  -7.4165286559457329E-092  -7.0776106425266164E-102  -6.5106737330526335E-111  -1.9877652948558133E-120   1.2389200316177997E-124   1.1406608507038623E-129   3.2123673831640082E-134   1.7236456635967397E-138   1.1297202353665243E-142
  -4.7976704998322934E-066  -4.9042410994518654E-056  -2.8002212878554969E-056  -4.8964201714579508E-062  -7.4360030808376813E-071  -3.9294598104612839E-081  -1.0710679951333134E-091  -1.0158868687683632E-101  -9.2973035049434840E-111  -2.8274010968113316E-120   1.7573807142235816E-124   1.6151426070420439E-129   4.5439953646350286E-134   2.4369426199000886E-138   1.5969790296171199E-142
  -7.0263280260041794E-066  -7.2383938606953171E-056  -4.1346702227037180E-056  -7.2050229568227607E-062  -1.0881443587660037E-070  -5.7127047761563368E-081  -1.5467972812157868E-091  -1.4581561119447926E-101  -1.3276637044421940E-110  -4.0217006326512869E-120   2.4928057440622775E-124   2.2869949801622018E-129   6.4276253009445935E-134   3.4454235329373494E-138   2.2574987514556283E-142
  -1.0290261707872553E-065  -1.0683476765801184E-055  -6.1050524773608197E-056  -1.0602103966384320E-061  -1.5923314209227353E-070  -8.3052116607350732E-081  -2.2338281149372191E-091  -2.0929685133270686E-101  -1.8959162762307100E-110  -5.7204745231240195E-120   3.5359899082698353E-124   3.2383184082220442E-129   9.0920794767465947E-134   4.8712444940456285E-138   3.1912132331673919E-142
  -1.5070387364107101E-065  -1.5768232356571205E-055  -9.0144228963276831E-056  -1.5600867496343629E-061  -2.3301313968296616E-070  -1.2074234988969138E-080  -3.2260129039777686E-091  -3.0041482708761748E-101  -2.7073862891017925E-110  -8.1368136720032005E-120   5.0157236064213352E-124   4.5853647243774744E-129   1.2861034256990252E-133   6.8871134971269163E-138   4.5111174002261393E-142
  -2.2071020164870739E-065  -2.3273055993539445E-055  -1.3310257515361947E-055  -2.2956487463959156E-061  -3.4097878239528661E-070  -1.7553694578691067E-080  -4.6588898535804924E-091  -4.3120126766810595E-101  -3.8661730882205052E-110  -1.1573818973814425E-119   7.1146931746408679E-124   6.4927431439527068E-129   1.8192340105619136E-133   9.7372103520089229E-138   6.3769415297432167E-142
  -3.2323650115490190E-065  -3.4349768985228107E-055  -1.9653277681451393E-055  -3.3780193167735695E-061  -4.9896984161934922E-070  -2.5519810601784390E-080  -6.7281982674862407E-091  -6.1892594842458721E-101  -5.5209315122674932E-110  -1.6462621698866556E-119   1.0092035143856921E-123   9.1935355291046302E-129   2.5733640996547452E-133   1.3766763893611394E-137   9.0144812609164975E-142
  -4.7338924267912292E-065  -5.0698397256076800E-055  -2.9019072407561242E-055  -4.9707145114253246E-061  -7.3016537858278769E-070  -3.7101062901810646E-080  -9.7166176652750382E-091  -8.8837708836685598E-101  -7.8839420605359371E-110  -2.3416463758152569E-119   1.4315328956509251E-123   1.3017779018533055E-128   3.6401049830880594E-133   1.9463869138967751E-137   1.2742922609055782E-141
  -6.9329229088053997E-065  -7.4828087113785755E-055  -4.2848149011080196E-055  -7.3143462285561396E-061  -1.0684843727850316E-069  -5.3938051399659032E-080  -1.4032383433038130E-090  -1.2751345248311027E-100  -1.1258343269178787E-109  -3.3307621570444579E-119   2.0305977927846855E-123   1.8432796602702957E-128   5.1490437304665419E-133   2.7518609654423545E-137   1.8013468762675476E-141
  -1.0153466880757052E-064  -1.1044220283789282E-054  -6.3267490609726359E-055  -1.0762971980754525E-060  -1.5635620171068687E-069  -7.8415903404371855E-080  -2.0265054126835772E-090  -1.8302678734567051E-100  -1.6077019798009807E-109  -4.7376822710428836E-119   2.8803581136087029E-123   2.6100304045263113E-128   7.2834853534579999E-133   3.8906646554779881E-137   2.5463943146172300E-141
  -1.4870047020803540E-064  -1.6300670994235800E-054  -9.3417697180461310E-055  -1.5837583142688393E-060  -2.2880317580851805E-069  -1.1400215063764781E-079  -2.9266048562462550E-090  -2.6270800445930870E-100  -2.2958134980291805E-109  -6.7388880347212473E-119   4.0857243525133696E-123   3.6957271622650053E-128   1.0302720592973686E-132   5.5007399170062178E-137   3.5995976623472526E-141
  -2.1777615583139688E-064  -2.4058907821714785E-054  -1.3793602619707177E-054  -2.3304812269727142E-060  -3.3481814386564646E-069  -1.6573793961578700E-079  -4.2264954519786502E-090  -3.7707865674534092E-100  -3.2784431820277222E-109  -9.5854067951108688E-119   5.7955097265963745E-123   5.2330421995189626E-128   1.4573524408880632E-132   7.7771132462983969E-137   5.0884119773317607E-141
  -3.1893950352270293E-064  -3.5509645739376427E-054  -2.0366962704323674E-054  -3.4292749980271612E-060  -4.8995469195770320E-069  -2.4095216023044622E-079  -6.1037497497445968E-090  -5.4124088336488499E-100  -4.6816475554822815E-109  -1.3634300307626525E-118   8.2208024943177327E-123   7.4098355861854057E-128   2.0614711590569574E-132   1.0995519029647404E-136   7.1930084629529400E-141
  -4.6709616504177694E-064  -5.2410315770859015E-054  -3.0072866842282847E-054  -5.0461368121634719E-060  -7.1697309396040894E-069  -3.5029965595405017E-079  -8.8148115012565073E-090  -7.7687158009860276E-100  -6.6854365083515431E-109  -1.9393453862072374E-118   1.1661026683148373E-122   1.0492111717105019E-127   2.9160162078185721E-132   1.5545798920486323E-136   1.0168078169266033E-140
  -6.8407590128331698E-064  -7.7354791278306643E-054  -4.4404133534080544E-054  -7.4253295436647443E-060  -1.0491794998698525E-068  -5.0927058848908120E-079  -1.2730027348510635E-089  -1.1150847370587240E-099  -9.5468658392704525E-109  -2.7585284416095078E-118   1.6540908655280596E-122   1.4856525078067678E-127   4.1247972274085510E-132   2.1979122893534937E-136   1.4373653830436739E-140
  -1.0018490328952797E-063  -1.1417148944169244E-053  -6.5564986244404882E-054  -1.0926283098683202E-059  -1.5353123230563524E-068  -7.4038477340725729E-079  -1.8384238300099962E-089  -1.6005399026587958E-099  -1.3633013620474579E-108  -3.9237359158719071E-118   2.3462913363337836E-122   2.1036407464805275E-127   5.8346562394241290E-132   3.1074751805861421E-136   2.0318679791503619E-140
  -1.4672370262110246E-063  -1.6851094761780786E-053  -9.6810074586291824E-054  -1.6077894304138512E-059  -2.2466927146786656E-068  -1.0763818363014553E-078  -2.6549842081030997E-089  -2.2973392781733312E-099  -1.9468070752921626E-108  -5.5811291517779224E-118   3.3281624019060196E-122   2.9786941186002910E-127   8.2533059307634796E-132   4.3934428334130686E-136   2.8722602707563408E-140
  -2.1488112841173559E-063  -2.4871305443752944E-053  -1.4294505662048840E-053  -2.3658428553273463E-059  -3.2876881807176263E-068  -1.5648591068925480E-078  -3.8342307091825824E-089  -3.2974921278987507E-099  -2.7800586715834411E-108  -7.9386083071957966E-118   4.7209248007739738E-122   4.2177442422610015E-127   1.1674562470765625E-131   6.2115829749504274E-136   4.0602436510540249E-140
  -3.1469966272013819E-063  -3.6708703627115407E-053  -2.1106573450110402E-053  -3.4813094135500114E-059  -4.8110244726690493E-068  -2.2750142550788764E-078  -5.5372551788630345E-089  -4.7330641924822407E-099  -3.9699497120641929E-108  -1.1291890941472573E-117   6.6965274693463253E-122   5.9722031779653762E-127   1.6514038129558287E-131   8.7821247505372570E-136   5.7395837947185240E-140
  -4.6088681378325013E-063  -5.4180064844783510E-053  -3.1164942648481879E-053  -5.1227051479498859E-059  -7.0401921796850606E-068  -3.3074478306527150E-078  -7.9967005381430997E-089  -6.7936163811889785E-099  -5.6691251948238417E-108  -1.6061606243358343E-117   9.4988761704382402E-122   8.4564659985671492E-127   2.3359629616204312E-131   1.2416434817093207E-135   8.1135086867756159E-140
  -6.7498215720654254E-063  -7.9966851998262460E-053  -4.6016643416898077E-053  -7.5379994222235772E-059  -1.0302235323207489E-067  -4.8084143343694064E-078  -1.1548541140398099E-088  -9.7512354445288300E-099  -8.0955635942705447E-108  -2.2846057927070166E-117   1.3473945833086279E-121   1.1974109889954225E-126   3.3042935430694367E-131   1.7554732814372198E-135   1.1469302576313897E-139
  -9.8853103135843742E-063  -1.1802676006188366E-052  -6.7945945727295943E-053  -1.1092076226632299E-058  -1.5075732412866569E-067  -6.9905406270445454E-078  -1.6677978794653764E-088  -1.3996461815749842E-098  -1.1560540194799063E-107  -3.2496274269810964E-117   1.9112494240209681E-121   1.6954991315300834E-126   4.6740277968287215E-131   2.4819414644072089E-135   1.6213072130957939E-139
  -1.4477325074471578E-062  -1.7420113396773807E-052  -1.0032569227537754E-052  -1.6321858050714882E-058  -2.2061009329237626E-067  -1.0162946646555206E-077  -2.4085724115354367E-088  -2.0089858732170657E-098  -1.6508558990317335E-107  -4.6222759418940627E-117   2.7110650449284910E-121   2.4007774520208753E-126   6.6115602482831031E-131   3.5090442541868834E-135   2.2918892072860501E-139
  -2.1202464782521924E-062  -2.5711148479802398E-052  -1.4813605971992353E-052  -2.4017420017417304E-058  -3.2282885061028077E-067  -1.4775035333755887E-077  -3.4783717611604112E-088  -2.8836032108455395E-098  -2.3574375806626105E-107  -6.5747336641452454E-117   3.8455858126159896E-121   3.3994310367498362E-126   9.3522612192206818E-131   4.9611933851689790E-135   3.2398277732498716E-139
  -3.1051628397045680E-062  -3.7948269957503447E-052  -2.1873053652687478E-052  -3.5341348384320835E-058  -4.7241024264467960E-067  -2.1480155048827524E-077  -5.0233366566571594E-088  -4.1389875155457344E-098  -3.3664427848251973E-107  -9.3519130432293806E-117   5.4548784261932264E-121   4.8134954602935366E-126   1.3229069478117822E-130   7.0142859473043489E-135   4.5798391850420426E-139
  -4.5476016506213708E-062  -5.6009602792365610E-052  -3.2296692894806973E-052  -5.2004375186352637E-058  -6.9129955075974207E-067  -3.1228152897237759E-077  -7.2545181659323061E-088  -5.9409066872011964E-098  -4.8073115845323632E-107  -1.3302177984938912E-116   7.7376243989590683E-121   6.8157695454800930E-126   1.8712937448721173E-130   9.9170105904182353E-135   6.4740870277203711E-139
  -6.6600954964979453E-062  -8.2667158563917030E-052  -4.7687734997084293E-052  -7.6523822567055204E-058  -1.0116103129616836E-066  -4.5399930071895286E-077  -1.0476708483967256E-087  -8.5272961154490910E-098  -6.8648856035916768E-107  -1.8921041930744129E-116   1.0975649060886877E-120   9.6509313975282564E-126   2.6470042237377894E-130   1.4020970883167063E-134   9.1518066781607111E-139
  -9.7539045912522821E-062  -1.2201227753917840E-051  -7.0413404458062956E-052  -1.1260390060577275E-057  -1.4803357446575453E-066  -6.6003060325624307E-077  -1.5130077297064709E-087  -1.2239676985369444E-097  -9.8031203934132250E-107  -2.6913324083532214E-116   1.5568715405701665E-120   1.3665438093903977E-125   3.7442712441483177E-130   1.9823274633091385E-134   1.2937046584038786E-138
  -1.4284878666944949E-061  -1.8008355836136650E-051  -1.0396903086260845E-051  -1.6569531115165275E-057  -2.1662431774700814E-066  -9.5956182894304507E-077  -2.1850301490923024E-087  -1.7568252624922998E-097  -1.3998946926606364E-106  -3.8281560533463484E-116   2.2083878392774933E-120   1.9349862775051109E-125   5.2963901680721032E-130   2.8026747961181844E-134   1.8287883495394879E-138
  -2.0920623064203553E-061  -2.6579364861506386E-051  -1.5351564943590520E-051  -2.4381869837018021E-057  -3.1699630089317173E-066  -1.3950245698485785E-076  -3.1555402267052424E-087  -2.5216637665558481E-097  -1.9990626123298199E-106  -5.4451760400309080E-116   3.1325492931842908E-120   2.7398842732805643E-125   7.4919115029153771E-130   3.9625067789812072E-134   2.5851857341576916E-138
  -3.0638865454254259E-061  -3.9229713803625374E-051  -2.2667379614883875E-051  -3.5877634667414780E-057  -4.6387523271369359E-066  -2.0281064781178810E-076  -4.5571152118190939E-087  -3.6194767212854837E-097  -2.8546799562343827E-106  -7.7452281593440032E-116   4.4434518659576550E-120   3.8795964159005093E-125   1.0597545907702644E-129   5.6023124740504382E-134   3.6544334292197420E-138
  -4.4871516808596981E-061  -5.7900949560109492E-051  -3.3469558737467421E-051  -5.2793518019162485E-057  -6.7880992027028813E-066  -2.9484899406421436E-076  -6.5812182978907083E-087  -5.1952254268794357E-097  -4.0765094536164511E-106  -1.1016826401012930E-115   6.3029381566809972E-120   5.4933956479211078E-125   1.4990564049065678E-129   7.9207195855404615E-134   5.1659281230911335E-138
  -6.5715652946270401E-061  -8.5458691251424302E-051  -4.9419535632010369E-051  -7.7685042584415535E-057  -9.9333372445412109E-066  -4.2865564892328675E-076  -9.5043535970067798E-087  -7.4569804658696029E-097  -5.8212932981926332E-106  -1.5670353576805014E-115   8.9405783098413486E-120   7.7784884031341012E-125   2.1204627222711010E-129   1.1198553996071685E-133   7.3025857188807726E-138
  -9.6242503247810549E-061  -1.2613243908501752E-050  -7.2970502752720356E-051  -1.1431263032190596E-056  -1.4535908636213883E-065  -6.2318566539094438E-076  -1.3725838194284347E-086  -1.0703396495079100E-096  -8.3128607938936200E-106  -2.2289538927214631E-115   1.2682012493809248E-119   1.1014113252961500E-124   2.9994616217616776E-129   1.5832855870074645E-133   1.0322977189547931E-137
  -1.4094997376702017E-060  -1.8616470868398275E-050  -1.0774472599502459E-050  -1.6820969850908373E-056  -2.1271062969467939E-065  -9.0599617000746365E-076  -1.9822351163152519E-086  -1.5363148260718079E-096  -1.1870842259162526E-105  -3.1704679960493201E-115   1.7989154079108576E-119   1.5595663888415682E-124   4.2428333795684799E-129   2.2384972654179802E-133   1.4592619950021890E-137
  -2.0642538072030896E-060  -2.7476911859394727E-050  -1.5909066885523600E-050  -2.4751860652012233E-056  -3.1126924068513622E-065  -1.3171501068782894E-075  -2.8626711252464884E-086  -2.2051535186791504E-096  -1.6951672748190700E-105  -4.5096793326323524E-115   2.5517216956755990E-119   2.2083006269478952E-124   6.0016220750751184E-129   3.1648554422213306E-133   2.0628211520837939E-137
  -3.0231604330335292E-060  -4.0554447614027930E-050  -2.3490561517161746E-050  -3.6422074185780877E-056  -4.5549459042251437E-065  -1.9148915567164683E-075  -4.1341644733380390E-086  -3.1651728920750134E-096  -2.4207145744594699E-105  -6.4145759203229506E-115   3.6195607526820369E-119   3.1268894302451596E-124   8.4894843378366207E-129   4.4745687759617519E-133   2.9160158489512626E-137
  -4.4275074561861594E-060  -5.9856189243791947E-050  -3.4685031430474079E-050  -5.3594657755312757E-056  -6.6654618184577384E-065  -2.7838965971000791E-075  -5.9704084752685301E-086  -4.5431392213288013E-096  -3.4568028378352140E-105  -9.1241042137973080E-115   5.1342668193353520E-119   4.4275844447969662E-124   1.2008644230746285E-128   6.3262812769740012E-133   4.1220967810046151E-137
  -6.4842150978491579E-060  -8.8344525239993941E-050  -5.1214246780226852E-050  -7.8863915074690175E-056  -9.7538769076343799E-065  -4.0472685215791402E-075  -8.6222446436225175E-086  -6.5210068136718172E-096  -4.9363464730210540E-105  -1.2978142074131636E-114   7.2828438471680411E-119   6.2693307346598585E-124   1.6986607253502691E-128   8.9442886666406202E-133   5.8270197252375690E-137
  -9.4963241435770178E-060  -1.3039178235456168E-049  -7.5620490556752901E-050  -1.1604733407049576E-055  -1.4273296912901677E-064  -5.8839766615434325E-075  -1.2451929089728947E-085  -9.3599442644123809E-096  -7.0491484856739881E-105  -1.8460132373910151E-114   1.0330552801578093E-118   8.8771898848540459E-124   2.4028093462165044E-128   1.2645707049891132E-132   8.2371086076504082E-137
  -1.3907646792956087E-059  -1.9245128071882004E-049  -1.1165757554535420E-049  -1.7076230412280791E-055  -2.0886772355909765E-064  -8.5542091961332911E-075  -1.7982618804146019E-085  -1.3434820607269080E-095  -1.0066249325828185E-104  -2.6257725112800395E-114   1.4653660489644439E-118   1.2569842549895197E-123   3.3988498509955060E-128   1.7878884809748900E-132   1.1644024116952430E-136
  -2.0368159153078670E-059  -2.8404777527298479E-049  -1.6486820116680224E-049  -2.5127474883705637E-055  -3.0564575640942264E-064  -1.2436231431925185E-074  -2.5969837929971995E-085  -1.9283705102118274E-095  -1.4374697266812257E-104  -3.7349034870417025E-114   2.0785893047377412E-118   1.7798531262102965E-123   4.8077806613815800E-128   2.5277710510770384E-132   1.6460059480524098E-136
  -2.9829770484930602E-059  -4.1923929429195736E-049  -2.4343645082620819E-049  -3.6974787938635397E-055  -4.4726551128094940E-064  -1.8079970900319764E-074  -3.7504686737011395E-085  -2.7678916887399620E-095  -2.0527200828700830E-104  -5.3125333560483995E-114   2.9484329182988394E-118   2.5202202314807981E-123   6.8007578733469676E-128   3.5738395062767316E-132   2.3268034776356818E-136
  -4.3686580106049294E-059  -6.1877473478868597E-049  -3.5944654850625520E-049  -5.4407972066279191E-055  -6.5450422565842830E-064  -2.6284920143558252E-074  -5.4162892242464099E-085  -3.9729006288542082E-095  -2.9313032899430352E-104  -7.5565568822370270E-114   4.1822868283728933E-118   3.5685585064174106E-123   9.6198872001479571E-128   5.0528028676471061E-132   3.2891827819429802E-136
  -6.3980287786410331E-059  -9.1327835782027462E-049  -5.3074147822488164E-049  -8.0060700983259507E-055  -9.5776618972758803E-064  -3.8213392907036717E-074  -7.8220061659582852E-085  -5.7025133961921414E-095  -4.1859282477388610E-104  -1.0748459929145951E-113   5.9324812856280786E-118   5.0529749948239255E-123   1.3607634833576454E-127   7.1438061985344668E-132   4.6496077028423099E-136
  -9.3701023369417794E-059  -1.3479499330726918E-048  -7.8366733215226022E-049  -1.1780839518995767E-054  -1.4015434042214613E-063  -5.5555177623513523E-074  -1.1296254354761029E-084  -8.1851176591445752E-095  -5.9775443099149484E-104  -1.5288628488923739E-113   8.4150933783433024E-118   7.1548655424323679E-123   1.9248430037777645E-127   1.0100130231826648E-131   6.5727121971649211E-136
  -1.3722792068107437E-058  -1.9895019006346960E-048  -1.1571254830718730E-048  -1.7335369126637866E-054  -2.0509430669784957E-063  -8.0766913021659097E-074  -1.6313636210535511E-084  -1.1748530266407594E-094  -8.5359886455936109E-104  -2.1746572308024632E-113   1.1936623672749429E-117   1.0131081387646237E-122   2.7227513334540408E-127   1.4279870962207392E-131   9.2912237733549119E-136
  -2.0097435109845971E-058  -2.9363982503737990E-048  -1.7085558273739922E-048  -2.5508795319353478E-054  -3.0012395453843775E-063  -1.1742009583706664E-073  -2.3559555164695900E-084  -1.6863284006981968E-094  -1.2189470863426160E-103  -3.0932363061820455E-113   1.6931836436825568E-117   1.4345316408928957E-122   3.8514179123391656E-127   2.0189315385715670E-131   1.3134127376128512E-135
  -2.9433288726624623E-058  -4.3339665597176196E-048  -2.5227713539293441E-048  -3.7535897633344834E-054  -4.3918522186553632E-063  -1.7070701944149125E-073  -3.4023845752594837E-084  -2.4204759377650855E-094  -1.7406677328473024E-103  -4.3998248141434139E-113   2.4017435160119412E-117   2.0312550553663329E-122   5.4479525001586473E-127   2.8544267438068317E-131   1.8566478015843500E-135
  -4.3105923051518630E-058  -6.3967025523281869E-048  -3.7250028436314574E-048  -5.5233639922368570E-054  -6.4267998998139970E-063  -2.4817631472049751E-073  -4.9135990767006779E-084  -3.4742365582893401E-094  -2.4856896517667755E-103  -6.2583186285259482E-113   3.4068200090471319E-117   2.8761980440017583E-122   7.7063011902933803E-127   4.0356752469315524E-131   2.6245680130403346E-135
  -6.3129901365692381E-058  -9.4411904325199548E-048  -5.5001600454101613E-048  -8.1275663552995421E-054  -9.4046327357664129E-063  -3.6080229001427644E-073  -7.0960396924112127E-084  -4.9867546723794046E-094  -3.5495878585838211E-103  -8.9018435319019819E-113   4.8324987644541806E-117   4.0726127257786392E-122   1.0900806868430101E-126   5.7057602664157727E-131   3.7101044414999899E-135
  -9.2455611385742935E-058  -1.3934691536300267E-047  -8.1212718024408986E-048  -1.1959620097705696E-053  -1.3762232938677557E-062  -5.2453955295559453E-073  -1.0247840483670284E-083  -7.1577515827196279E-094  -5.0688443623591451E-103  -1.2661998052412009E-112   6.8547925181114480E-117   5.7667010962790550E-122   1.5419536226802731E-126   8.0669772033292571E-131   5.2446249814302672E-135
  -1.3540398349785837E-057  -2.0566858578867450E-047  -1.1991479374789286E-047  -1.7598442989685256E-053  -2.0138910418523708E-062  -7.6258314213649456E-073  -1.4799555750196594E-083  -1.0273897798152789E-093  -7.2383567388811634E-103  -1.8010448527096902E-112   9.7233714396191594E-117   8.1654809264294528E-122   2.1811421880345675E-126   1.1405337441344586E-130   7.4138320441578901E-135
  -1.9830314852011554E-057  -3.0355582044377235E-047  -1.7706041760147925E-047  -2.5895905856671499E-053  -2.9470196881563053E-062  -1.1086543391510958E-072  -2.1372976255559461E-083  -1.4746666605411113E-093  -1.0336440535843191E-102  -2.5618093994300698E-112   1.3792387137922530E-116   1.1562083355199984E-121   3.0852946381635208E-126   1.6125212563601476E-130   1.0480235626611506E-134
  -2.9042084190032481E-057  -4.4803213790399571E-047  -2.6143889768638642E-047  -3.8105526798056487E-053  -4.3125099065154534E-062  -1.6117776295799153E-072  -3.0866069468873771E-083  -2.1166667295936783E-093  -1.4760532939849679E-102  -3.6439222442398535E-112   1.9564195831057332E-116   1.6371573544682761E-121   4.3642468870007704E-126   2.2798315398996232E-130   1.4814921370577969E-134
  -4.2532993735091842E-057  -6.6127144724412303E-047  -3.8602810367045453E-047  -5.6071843246288120E-053  -6.3106947733264604E-062  -2.3432255178379454E-072  -4.4575647155622165E-083  -3.0381632510467052E-093  -2.1078177944856115E-102  -5.1831214808528558E-112   2.7751378694728223E-116   2.3181671685277562E-121   6.1733653101389051E-126   3.2232950913465973E-130   2.0942458074022952E-134
  -6.2290831140633094E-057  -9.7600125110505651E-047  -5.6999053381144653E-047  -8.2509070768514731E-053  -9.2347309284716851E-062  -3.4066149992744853E-072  -6.4374517426697155E-083  -4.3608357585949925E-093  -3.0099833646828344E-102  -7.3724812160641845E-112   3.9364716354130316E-116   3.2824572463032196E-121   8.7324205618390475E-126   4.5571925223928045E-130   2.9604379207439642E-134
  -9.1226770445340985E-057  -1.4405255912436049E-046  -8.4162061154883074E-047  -1.2141114628073623E-052  -1.3513608017920480E-061  -4.9525859570965128E-072  -9.2967321250015022E-083  -6.2593373001505650E-093  -4.2982841737699773E-102  -1.0486630404217753E-111   5.5837978753590527E-116   4.6478639335440105E-121   1.2352285186394653E-125   6.4430972336669505E-130   4.1848920750561122E-134
  -1.3360431246848363E-056  -2.1261386473000018E-046  -1.2426965219513933E-046  -1.7865510191091115E-052  -1.9775086396785581E-061  -7.2001408277643214E-072  -1.3426000218630116E-082  -8.9843566010956553E-093  -6.1379896909938091E-102  -1.4916201760749308E-111   7.9204936824930653E-116   6.5812400666678501E-121   1.7472698234173501E-125   9.1094466075504802E-130   5.9157875114592093E-134
  -1.9566748075689264E-056  -3.1380668117859566E-046  -1.8349059242102528E-046  -2.6288892268476688E-052  -2.8937796775959627E-061  -1.0467668514679932E-071  -1.9389338107293603E-082  -1.2895720403109482E-092  -8.7651062547662284E-102  -2.1216831958570315E-111   1.1235044962168956E-115   9.3188444064874172E-121   2.4715684505964482E-125   1.2879212355157493E-129   8.3625912576460445E-134
  -2.8656083320521981E-056  -4.6316186071853734E-046  -2.7093338498413820E-046  -3.8683801888055607E-052  -4.2346013887172719E-061  -1.5218047401880560E-071  -2.8001372507442293E-082  -1.8509906996405230E-092  -1.2516653110651400E-101  -3.0178859595296907E-111   1.5936662586246757E-115   1.3195212483047965E-120   3.4961117764416157E-125   1.8209021693527555E-129   1.1821407108991166E-133
  -4.1967684639734358E-056  -6.8360210994176214E-046  -4.0004720771825618E-046  -5.6922768505048763E-052  -6.1966877009469948E-061  -2.2124216766611487E-071  -4.0438557533317618E-082  -2.6568244897773358E-092  -1.7873896875392834E-101  -4.2926463706915974E-111   2.2605803119849356E-115   1.8684036871802372E-120   4.9453607287622813E-125   2.5744468054456077E-129   1.6710809094080701E-133
  -6.1462919999326784E-056  -1.0089601168817014E-045  -5.9069047005966400E-046  -8.3761197633525654E-052  -9.0678991871284901E-061  -3.2164505445736703E-071  -5.8399885197882290E-082  -3.8134802009153842E-092  -2.5524090753985745E-101  -6.1058678567619936E-111   3.2065831354293106E-115   2.6456052475105958E-120   6.9953692281341960E-125   3.6398311045000705E-129   2.3622495867737675E-133
  -9.0014271032773855E-056  -1.4891711184150580E-045  -8.7218514481618342E-046  -1.2325363674033955E-051  -1.3269475513885325E-060  -4.6761222027443503E-071  -8.4338977642929038E-082  -5.4736891088551642E-092  -3.6448638716418856E-101  -8.6849973394386032E-111   4.5484672024262413E-115   3.7461000396433990E-120   9.8951711159279902E-125   5.1461037927398365E-129   3.3392896052422623E-133
  -1.3182857240167929E-055  -2.1979368520338082E-045  -1.2878266477496306E-045  -1.8136630571980610E-051  -1.9417836134007731E-060  -6.7982139273079739E-071  -1.2179926625295894E-081  -7.8566744661332736E-092  -5.2048994762922496E-101  -1.2353555727920248E-110   6.4519000519261048E-115   5.3043686401258666E-120   1.3997032640749160E-124   7.2757178798289675E-129   4.7204389960792741E-133
  -1.9306685841432075E-055  -3.2440371388577337E-045  -1.9015429091973657E-045  -2.6687842844567131E-051  -2.8415016093281593E-060  -9.8833415078911396E-071  -1.7589804507804616E-081  -1.1277098965496863E-091  -7.4326448247062787E-101  -1.7571719743754945E-110   9.1518774217196775E-115   7.5108316320568088E-120   1.9799245557786157E-124   1.0286630973805767E-128   6.6728397205057998E-133
  -2.8275214681771433E-055  -4.7880251754549188E-045  -2.8077268395360656E-045  -3.9270853179558792E-051  -4.1581004922771661E-060  -1.4368544519996221E-070  -2.5402552309131784E-081  -1.6186614560685066E-091  -1.0613885899136054E-100  -2.4994045581481863E-110   1.2981735565534256E-114   1.0635119020043076E-119   2.8006659321944589E-124   1.4543551377758732E-128   9.4327646164777778E-133
  -4.1409891514164847E-055  -7.0668688922846136E-045  -4.1457544757791862E-045  -5.7786607944159390E-051  -6.0847404251519038E-060  -2.0889197408921571E-070  -3.6685436990364172E-081  -2.3233501115227457E-091  -1.5156727742342627E-100  -3.5551575147367683E-110   1.8414304582880657E-114   1.5059019044691444E-119   3.9616305790467471E-124   2.0562114770586087E-128   1.3334210327024262E-132
  -6.0646015832697274E-055  -1.0430320282164500E-044  -6.1214217802677906E-045  -8.5032327859066337E-051  -8.9040815935432272E-060  -3.0369016717598481E-070  -5.2979766477844553E-081  -3.3348268899997217E-091  -2.1643948154502768E-100  -5.0568624121129671E-110   2.6120283506857471E-114   2.1323132745200448E-119   5.6038518074241227E-124   2.9071342540375796E-128   1.8849316428248759E-132
  -8.8817891251855678E-055  -1.5394594586456717E-044  -9.0385971894388937E-045  -1.2512409107008433E-050  -1.3029753699620847E-059  -4.4150914894268736E-070  -7.6511441330025368E-081  -4.7866528372072688E-091  -3.0907759260040855E-100  -7.1928901505141114E-110   3.7051044074577837E-114   3.0192935462466714E-119   7.9268256985580210E-124   4.1101947273674877E-128   2.6645502141214667E-132
  -1.3007643964751425E-054  -2.2721597907599538E-044  -1.3345958249734924E-044  -1.8411865930166760E-050  -1.9067040188291950E-059  -6.4187237447997842E-070  -1.1049502575756090E-080  -6.8705351647736384E-091  -4.4136567721470591E-100  -1.0231179837029814E-109   5.2556086043403396E-114   4.2752318005281386E-119   1.1212745771998518E-123   5.8111181739016085E-128   3.7666235116591727E-132
  -1.9050080949179835E-054  -3.3535862936219235E-044  -1.9706000694250939E-044  -2.7092848793367549E-050  -2.7901680279139547E-059  -9.3316332473267383E-070  -1.5957287587458599E-080  -9.8616413424936055E-091  -6.3027429319282111E-100  -1.4552848539364109E-109   7.4549644958236708E-114   6.0536038219895452E-119   1.5860783690620836E-123   8.2159354172856576E-128   5.3245206653322313E-132
  -2.7899409446335033E-054  -4.9497139844940761E-044  -2.9096933939315555E-044  -3.9866815288316073E-050  -4.0829817083348877E-059  -1.3566463142037272E-069  -2.3044931266608844E-080  -1.4154933749850428E-090  -9.0003755512260551E-100  -2.0699997860121504E-109   1.0574702158314618E-113   8.5717268558597867E-119   2.2435580402623630E-123   1.1615939095354251E-127   7.5267730444617668E-132
  -4.0859514002268282E-054  -7.3055131242301745E-044  -4.2963135095439384E-044  -5.8663560241085974E-050  -5.9748156689265808E-059  -1.9723119992926522E-069  -3.3280647140427627E-080  -2.0317322717433242E-090  -1.2852620043380465E-099  -2.9443714094190981E-109   1.4999980997127019E-113   1.2137315797979712E-118   3.1735838396326182E-123   1.6422967589172271E-127   1.0639889677388599E-131
  -5.9839972321863810E-054  -1.0782546738387708E-043  -6.3437302158726704E-044  -8.6322754660071463E-050  -8.7432236743000365E-059  -2.8673756628005144E-069  -4.8062693789596267E-080  -2.9162524537551633E-090  -1.8353661041900896E-099  -4.1880791775123075E-109   2.1277141106502270E-113   1.7186085987158134E-118   4.4891347615097713E-123   2.3219290513876084E-127   1.5040609259875466E-131
  -8.7637417777127654E-054  -1.5914462554822956E-043  -9.3668474785699439E-044  -1.2702294198443683E-049  -1.2794362972910567E-058  -4.1686321427967410E-069  -6.9410385140175219E-080  -4.1858509114485435E-090  -2.6209198806542350E-099  -5.9571313421781213E-109   3.0181153821727546E-113   2.4334997665036914E-118   6.3500231684296978E-123   3.2828138341198732E-127   2.1261491779743377E-131
  -1.2834760319024079E-053  -2.3488896147809566E-043  -1.3830637408533209E-043  -1.8691280119625831E-049  -1.8722582236414997E-058  -6.0604176068645513E-069  -1.0023994054493870E-079  -6.0081725243120836E-090  -3.7426979881829325E-099  -8.4734343217908769E-109   4.2811298834986898E-113   3.4457648582035541E-118   8.9823087042284138E-123   4.6413419322563257E-127   3.0055367099764651E-131
  -1.8796888053756524E-053  -3.4668355618336826E-043  -2.0421655561019924E-043  -2.7504004334053952E-049  -2.7397619347968261E-058  -8.8107226393234055E-069  -1.4476285738763954E-079  -8.6238468284447771E-090  -5.3446075720887146E-099  -1.2052628205462811E-108   6.0726880067370758E-113   4.8791027733717737E-118   1.2705759888456221E-122   6.5620702304462078E-127   4.2486439845241096E-131
  -2.7528601499139539E-053  -5.1168640949775497E-043  -3.0153637010661357E-043  -4.0471827225396111E-049  -4.0092201960891228E-058  -1.2809155825313870E-068  -2.0906122623687189E-079  -1.2378262086407332E-089  -7.6321493764759359E-099  -1.7143680024458630E-108   8.6139735630665956E-113   6.9086675545347348E-118   1.7972699410670366E-122   9.2776542516057342E-127   6.0059075797249785E-131
  -4.0316455698471221E-053  -7.5522181487931759E-043  -4.4523414475391851E-043  -5.9553830470682426E-049  -5.8668771302643280E-058  -1.8622135758943330E-068  -3.0191857996349192E-079  -1.7767172285301489E-089  -1.0898780378370127E-098  -2.4385201292820003E-108   1.2218730894897204E-112   9.7824722295025074E-118   2.5422952028432531E-122   1.3117029442343595E-126   8.4899855079100659E-131
  -5.9044648879062609E-053  -1.1146670806421169E-042  -6.5741139580306399E-043  -8.7632780534843968E-049  -8.5852723763201137E-058  -2.7073129984128671E-068  -4.3601977567014507E-079  -2.5502159266239881E-089  -1.5563559874878980E-098  -3.4685554178664535E-108   1.7331999410317482E-112   1.3851696029314431E-117   3.5961570107799017E-122   1.8545254730475586E-126   1.2001492358814492E-130
  -8.6472645564206979E-053  -1.6451891240177746E-042  -9.7070216600268327E-043  -1.2895063562825097E-048  -1.2563225796783147E-057  -3.9359307529579374E-068  -6.2968382032352314E-079  -3.6604593971010328E-089  -2.2224908446416471E-098  -4.9336794666639387E-108   2.4585057663231044E-112   1.9613598527026230E-117   5.0868778859893490E-122   2.6219844557132173E-126   1.6965378646043870E-130
  -1.2664176393141235E-052  -2.4282113794213720E-042  -1.4332923242867274E-042  -1.8974938931364661E-048  -1.8384348952630102E-057  -5.7221130055598028E-068  -9.0936635421019534E-079  -5.2540503974649671E-089  -3.1737376257078290E-098  -7.0176745517595925E-108   3.4873360315429968E-112   2.7772284809596351E-117   7.1955497357155086E-122   3.7070412815185448E-126   2.3982356860545951E-130
  -1.8547063517952922E-052  -3.5839105057957215E-042  -2.1163308247158858E-042  -2.7921406470827401E-048  -2.6902667656818346E-057  -8.3188905923868759E-068  -1.3132736461037390E-078  -7.5414155967563260E-089  -4.5321268902868466E-098  -9.9819529138599906E-108   4.9467089992996378E-112   3.9324747193247262E-117   1.0178332793213608E-121   5.2411275869073815E-126   3.3901597635675444E-130
  -2.7162727162616527E-052  -5.2896608639838949E-042  -3.1248728188078487E-042  -4.1086031993417146E-048  -3.9367917427479666E-057  -1.2094123408372598E-067  -1.8965817930441680E-078  -1.0824591490140542E-088  -6.4719194144428526E-098  -1.4198347795282931E-107   7.0167972648730516E-112   5.5682697788937164E-117   1.4397573814346473E-121   7.4100654125241826E-126   4.7923493464383350E-130
  -3.9780623660708596E-052  -7.8072575878878247E-042  -4.6140377348998828E-042  -6.0457629410009993E-048  -5.7608894137429271E-057  -1.7582611500185760E-067  -2.7389740979915948E-078  -1.5537106987541105E-088  -9.2419612100071229E-098  -2.0195755470087889E-107   9.9531716684335100E-112   7.8845079870218252E-117   2.0365823751376972E-121   1.0476575604916067E-125   6.7744926081082181E-130
  -5.8259909815627527E-052  -1.1523096395775421E-041  -6.8128675304225719E-042  -8.8962716100583912E-048  -8.4301759529568096E-057  -2.5561854930898065E-067  -3.9555262753120510E-078  -2.2301228996558748E-088  -1.3197606700453234E-097  -2.8726478951824104E-107   1.4118353792394633E-111   1.1164233895071849E-116   2.8808102145445841E-121   1.4812100878690801E-125   9.5764617268440463E-130
  -8.5323376465572134E-052  -1.7007476865261098E-041  -1.0059554654453413E-041  -1.3090762966660245E-047  -1.2336266513635509E-056  -3.7162194573708654E-067  -5.7124264669843517E-078  -3.2010130026921228E-088  -1.8846305313527708E-097  -4.0860595403048626E-107   2.0026572480835510E-111   1.5808230352252801E-116   4.0749972080032790E-121   2.0941798228618150E-125   1.3537341393934018E-129
  -1.2495863243324467E-051  -2.5102130930654679E-041  -1.4853457985872740E-041  -1.9262909785251509E-047  -1.8052229710138430E-056  -5.4026936402041122E-067  -8.2496775159555443E-078  -4.5945827687034453E-088  -2.6912699560352800E-097  -5.8120184508778025E-107   2.8407249972101488E-111   2.2383994211798748E-116   5.7642124989678019E-121   2.9608150568781107E-125   1.9136463679887634E-129
  -1.8300565050548730E-051  -3.7049410318833054E-041  -2.1931907101626836E-041  -2.8345154502499098E-047  -2.6416663432171455E-056  -7.8545142516808811E-067  -1.1913882760431920E-077  -6.5948469464268636E-088  -3.8431585699077801E-097  -8.2670255156933113E-107   4.0295055573324314E-111   3.1695084505918775E-116   8.1536609814292711E-121   4.1860902800604533E-125   2.7051415157387504E-129
  -2.6801724623785153E-051  -5.4682960381195583E-041  -3.2383607820750582E-041  -4.1709575815087584E-047  -3.8656726893594305E-056  -1.1419006613879474E-066  -1.7205594081151533E-077  -9.4659316099649538E-088  -5.4880662428996080E-097  -1.1759031989292770E-106   5.7157644805376489E-111   4.4879317443769229E-116   1.1533611471454440E-120   5.9184216158198134E-125   3.8240036104035312E-129
  -3.9251927513875688E-051  -8.0709144605586824E-041  -4.7816091462269199E-041  -6.1375172336869562E-047  -5.6568179153878129E-056  -1.6601117334408981E-066  -2.4847690223144145E-077  -1.3586950844320722E-087  -7.8370097263105692E-097  -1.6726068291369498E-106   8.1076854553890929E-111   6.3547807671499990E-116   1.6314658394656601E-120   8.3676442884900740E-125   5.4056335047131063E-129
  -5.7485622952744719E-051  -1.1912241235217719E-040  -7.0602962498658200E-041  -9.0312878238717195E-047  -8.2778837867869398E-056  -2.4134945145759704E-066  -3.5884126272844539E-077  -1.9502067092027916E-087  -1.1191322907525931E-096  -2.3791189680723040E-106   1.1500572438223766E-110   8.9981846650937373E-116   2.3077600558948304E-120   1.1830429713274744E-124   7.6414346231082135E-129
  -8.4189417096533480E-051  -1.7581835973827795E-040  -1.0424897275435499E-040  -1.3289439044446956E-046  -1.2113411074579285E-055  -3.5087733486647724E-066  -5.1822544050276762E-077  -2.7992345409701707E-087  -1.5981313386124613E-096  -3.3840631081025283E-106   1.6313307557769241E-110   1.2741167671543795E-115   3.2643996256969758E-120   1.6726220950214838E-124   1.0801975947607715E-128
  -1.2329792566615630E-050  -2.5949857521337416E-040  -1.5392907272445871E-040  -1.9555261298188814E-046  -1.7726116170608757E-055  -5.1011056440789576E-066  -7.4840224835799251E-077  -4.0178889673517405E-087  -2.2821464425000337E-096  -4.8134974646030299E-106   2.3140065846260087E-110   1.8041122702179413E-115   4.6175965691130817E-120   2.3648039340770962E-124   1.5269735347897986E-128
  -1.8057351214154681E-050  -3.8300614400123597E-040  -2.2728434931118606E-040  -2.8775349370372856E-046  -2.5939448151430595E-055  -7.4160615072928030E-066  -1.0808151878785492E-076  -5.7670879416803129E-087  -3.2589263851343103E-096  -6.8467274704988922E-106   3.2823671441414719E-110   2.5545704817295612E-115   6.5317364661996885E-120   3.3434316474189844E-124   2.1585385741134581E-128
  -2.6445533194472597E-050  -5.6529678241076843E-040  -3.3559726994916083E-040  -4.2342607154631883E-046  -3.7958398381802376E-055  -1.0781578057095531E-065  -1.5608738166486189E-076  -8.2778054914616441E-087  -4.6537772462463832E-096  -9.7387974970507482E-106   4.6559651736054468E-110   3.6171974738117548E-115   9.2393479217839350E-120   4.7270452403896145E-124   3.0513225473743782E-128
  -3.8730278344785867E-050  -8.3434812847133506E-040  -4.9552699269779005E-040  -6.2306677570159661E-046  -5.5546286847416178E-055  -1.5674415076585153E-065  -2.2541569610375923E-076  -1.1881570823889973E-086  -6.6456372759395586E-096  -1.3852483118122864E-105   6.6043835887335407E-110   5.1218463763166266E-115   1.3069350005561038E-119   6.6832401739291415E-124   4.3133671085588599E-128
  -5.6721657980621701E-050  -1.2314537020959951E-039  -7.3167164340832432E-040  -9.1683587930259116E-046  -8.1283461853615105E-055  -2.2787692924189261E-065  -3.2553711700811647E-076  -1.7054245301630557E-086  -9.4900319638282312E-096  -1.9703796964679869E-105   9.3681720036788531E-110   7.2523854429238071E-115   1.8487009149982076E-119   9.4489680024665742E-124   6.0974005613550531E-128
  -8.3070576412796842E-050  -1.8175605648893399E-039  -1.0803516536202138E-039  -1.3491138979464417E-045  -1.1894586738602446E-054  -3.3129080144630858E-065  -4.7012881882561611E-076  -2.4478857846764652E-086  -1.3551854091985333E-095  -2.8026716334472139E-105   1.3288544724324035E-109   1.0269166771046255E-114   2.6150459446725538E-119   1.3359238032529876E-123   8.6193205145731969E-128
  -1.2165936345236734E-049  -2.6826233735786652E-039  -1.5951960594021269E-039  -1.9852062815993769E-045  -1.7405901843391331E-054  -4.8163540067559910E-065  -6.7894287825447667E-076  -3.5135795912923332E-086  -1.9352173956522302E-095  -3.9865251861095864E-105   1.8849506694778455E-109   1.4540841355482016E-114   3.6990652394607358E-119   1.8887696599682843E-123   1.2184321070187838E-127
  -1.7817380905963263E-049  -3.9594104725318343E-039  -2.3553909677343144E-039  -2.9212092975519380E-045  -2.5470865900417977E-054  -7.0020857923239859E-065  -9.8050452453235263E-076  -5.0432261348925950E-086  -2.7635084801038323E-095  -5.6704406155426450E-105   2.6737608220576820E-109   2.0589408278720229E-114   5.2324448347966959E-119   2.6703999283112057E-123   1.7223826366678125E-127
  -2.6094092557334100E-049  -5.8438809630597558E-039  -3.4778588546664382E-039  -4.2985275727574947E-045  -3.7272703595057683E-054  -1.0179734683594212E-064  -1.4160088543095197E-075  -7.2388085234785273E-086  -3.9463158719830978E-095  -8.0656449614238155E-105   3.7926705721669364E-109   2.9154003053707869E-114   7.4014587949137616E-119   3.7754925485657651E-123   2.4347700048392533E-127
  -3.8215587613370605E-049  -8.6252601909065258E-039  -5.1352419454995512E-039  -6.3252365041729893E-045  -5.4542882904577921E-054  -1.4799447247032286E-064  -2.0449483255077652E-075  -1.0390243772745296E-085  -5.6353758579351620E-095  -1.1472587946774884E-104   5.3798192985537209E-109   4.1281220061298075E-114   1.0469597678191512E-118   5.3379060691438741E-123   3.4418048871834711E-127
  -5.5967884894969469E-049  -1.2730429592233363E-038  -7.5824556307160229E-039  -9.3075168207913109E-045  -7.9815141883349974E-054  -2.1515653205457666E-064  -2.9532397792954190E-075  -1.4913665078721133E-085  -8.0473692715724518E-095  -1.6318629800901709E-104   7.6311546540145119E-109   5.8453006493781674E-114   1.4809577217461150E-118   7.5468937725902832E-123   4.8653551908145593E-127
  -8.1966663478135152E-049  -1.8789443785240261E-038  -1.1195895995665994E-038  -1.3695910211864716E-044  -1.1679721797302135E-053  -3.1279772162519908E-064  -4.2649611897706547E-075  -2.1406370385597310E-085  -1.1491718366218733E-094  -2.3211648487088277E-104   1.0824624049299436E-108   8.2767756457936884E-114   2.0948615611207834E-118   1.0670027699538824E-122   6.8776940904005638E-127
  -1.2004266529767438E-048  -2.7732230373709002E-038  -1.6531331822847516E-038  -2.0153383999914561E-044  -1.7091481694857774E-053  -4.5474992019034997E-064  -6.1593014513244018E-075  -3.0725692967656970E-085  -1.6410281009081337E-094  -3.3016290720552215E-104   1.5354489737927697E-108   1.1719673495617977E-113   2.9632479684776412E-118   1.5085609330250610E-122   9.7223479368360015E-127
  -1.7580612910915175E-048  -4.0931313806802684E-038  -2.4409385213142021E-038  -2.9655487596977406E-044  -2.5010762822211141E-053  -6.6112211844181596E-064  -8.8950386457961533E-075  -4.4102208542206514E-085  -2.3434034361784944E-094  -4.6962431554866447E-104   2.1780004004985641E-108   1.6594716678352309E-113   4.1916080212146398E-118   2.1328492790864600E-122   1.3743566980894382E-126
  -2.5747342139852599E-048  -6.0412468346497487E-038  -3.6041748273096398E-038  -4.3637731687958192E-044  -3.6599417143930150E-053  -9.6114906547256688E-064  -1.2845890666981249E-074  -6.3302227420241639E-085  -3.3464019706520039E-094  -6.6799447494821615E-104   3.0894453845826570E-108   2.3497635984215092E-113   5.9291621865499328E-118   3.0154871094584764E-122   1.9427985357750924E-126
  -3.7707766281956318E-048  -8.9165630858316156E-038  -5.3217548775536935E-038  -6.4212455169744856E-044  -5.3557637126757825E-053  -1.3973326739677072E-063  -1.8551567309282569E-074  -9.0861028077019227E-085  -4.7786932415401435E-094  -9.5015654852808950E-104   4.3823099315707891E-108   3.3271968879738294E-113   8.3869875374244804E-118   4.2633872897797580E-122   2.7463511880807219E-126
  -5.5224172795363241E-048  -1.3160379187964038E-037  -7.8578528987596113E-038  -9.4487942607829138E-044  -7.8373394186592971E-053  -2.0314628570802926E-063  -2.6791497841607236E-074  -1.3041762962262859E-084  -6.8240185509016194E-094  -1.3515043926649325E-103   6.2162096912668800E-108   4.7112139875544394E-113   1.1863659273043976E-117   6.0277064776760333E-122   3.8822578406691475E-126
  -8.0877485820452567E-048  -1.9424029492257475E-037  -1.1602536187972942E-037  -1.3903800227970938E-043  -1.1468745370776286E-052  -2.9533707113571090E-063  -3.8691305695253591E-074  -1.8719530842478992E-084  -9.7447621964190787E-094  -1.9223822929361535E-103   8.8175559323713900E-108   6.6709419328262578E-113   1.6781521461132510E-117   8.5221545480928387E-122   5.4879820203026626E-126
  -1.1844754816439384E-047  -2.8668849496675181E-037  -1.7131759867857401E-037  -2.0459294543065699E-043  -1.6782751870924669E-052  -4.2936540255018565E-063  -5.5876575347474585E-074  -2.6869130902102886E-084  -1.3915611409832184E-093  -2.7344000526319328E-103   1.2507508031676877E-107   9.4458596857808739E-113   2.3737993150676459E-117   1.2048881015111191E-121   7.7578429593436704E-126
  -1.7347005603385458E-047  -4.2313720235076666E-037  -2.5295952344022608E-037  -3.0105635515085599E-043  -2.4558986743726311E-052  -6.2421778163449263E-063  -8.0694916881430042E-074  -3.8566682265940170E-084  -1.9871623064579332E-093  -3.8894155861874020E-103   1.7741623461843399E-107   1.3375062489380098E-112   3.3578142492047123E-117   1.7035074041599169E-121   1.0966531442733389E-125
  -2.5405220720016654E-047  -6.2452836117692424E-037  -3.7350816461441628E-037  -4.4300125135810993E-043  -3.5938316049941319E-052  -9.0749706865702208E-063  -1.1653666357806033E-073  -5.5356795585117314E-084  -2.8376863385128880E-093  -5.5323117765022681E-103   2.5166100422264440E-107   1.8938699342395840E-112   4.7497345126632080E-117   2.4084705231023563E-121   1.5502351944593424E-125
  -3.7206724302322160E-047  -9.2177118936439469E-037  -5.5150464396865069E-037  -6.5187168227122167E-043  -5.2590222778744328E-052  -1.3193327155053322E-062  -1.6829801176362129E-073  -7.9456532169146745E-084  -4.0522426095966686E-093  -7.8691703001764374E-103   3.5697556767293367E-107   2.6816647258341308E-112   6.7186497727771372E-117   3.4051687986251527E-121   2.1914213903806935E-125
  -5.4490389231195332E-047  -1.3604860822534102E-036  -8.1432591645109870E-037  -9.5922234379959546E-043  -7.6957739985684843E-052  -1.9180655214963471E-062  -2.4304987061056388E-073  -1.1404815731755779E-083  -5.7866403258500166E-093  -1.1193122109824817E-102   5.0636194651913319E-107   3.7971592309276209E-112   9.5037427149987870E-117   4.8143311019970985E-121   3.0978058861579353E-125
  -7.9802848619173341E-047  -2.0080063677707508E-036  -1.2023955164991584E-036  -1.4114856464882884E-042  -1.1261587301565937E-051  -2.7885122172954846E-062  -3.5100379081514073E-073  -1.6369934466581143E-083  -8.2633764940753953E-093  -1.5921117207543448E-102   7.1826322079516640E-107   5.3766669967040772E-112   1.3443344817121081E-116   6.8066475794325514E-121   4.3790762245337890E-125
  -1.1687372549700386E-046  -2.9637125332892443E-036  -1.7754009500697169E-036  -2.0769864060834915E-042  -1.6479609566883563E-051  -4.0539806420900761E-062  -5.0690692385132745E-073  -2.3496631771874929E-083  -1.1800178926384803E-092  -2.2646226038221335E-102   1.0188404916842678E-106   7.6132040404396323E-112   1.9016036661459611E-116   9.6234451456197793E-121   6.1902873470800707E-125
  -1.7116516836322565E-046  -4.3742850077646087E-036  -2.6214740064602321E-036  -3.0562638895481947E-042  -2.4115387022104357E-051  -5.8937375902179122E-062  -7.3205657168219023E-073  -3.3725957081483162E-083  -1.6850765919168018E-092  -3.2212033087566095E-102   1.4452027027203199E-106   1.0780075427601708E-111   2.6898785627170827E-116   1.3605919124657441E-120   8.7506258114113786E-125
  -2.5067666310659586E-046  -6.4562164762805734E-036  -3.8707459797986128E-036  -4.4972606012619548E-042  -3.5289179574749189E-051  -8.5684038315842527E-062  -1.0572095266323950E-072  -4.8408648425175265E-083  -2.4063051458026298E-092  -4.5818454472913711E-102   2.0499880697605489E-106   1.5264273180353473E-111   3.8049183495986340E-116   1.9236461832164155E-120   1.2369934996618516E-124
  -3.6712370514396379E-046  -9.5290388878957149E-036  -5.7153626788939633E-036  -6.6176724283845117E-042  -5.1640316417301611E-051  -1.2456873778034796E-061  -1.5267836349062337E-072  -6.9483491556272374E-083  -3.4362262798139206E-092  -6.5172253079483978E-102   2.9078627381258557E-106   2.1613766744540930E-111   5.3821774148218960E-116   2.7197094180370021E-120   1.7486211286312943E-124
  -5.3766400151992248E-046  -1.4064364795198082E-035  -8.4390376605392669E-036  -9.7378366542001935E-042  -7.5567705358548023E-051  -1.8109989855682788E-061  -2.2049255428571182E-072  -9.9733328251726129E-083  -4.9069633151568816E-092  -9.2701131568044471E-102   4.1247389841046842E-106   3.0604464915424025E-111   7.6132602770394567E-116   3.8452078056759330E-120   2.4718608888760136E-124
  -7.8742554774644640E-046  -2.0758269827602391E-035  -1.2460689160639881E-035  -1.4329126338344150E-041  -1.1058178150904091E-050  -2.6328575124390499E-061  -3.1842735170579653E-072  -1.4315251858311948E-082  -7.0071895962763708E-092  -1.3185825866475487E-101   5.8508510300336389E-106   4.3335031976854173E-111   1.0769197591728434E-115   5.4364716215073903E-120   3.4942367755655190E-124
  -1.1532090752735708E-045  -3.0638125468234725E-035  -1.8398872359690974E-035  -2.1085162160320279E-041  -1.6181953045247287E-050  -3.8276878288975414E-061  -4.5986123927538298E-072  -2.0547437897767092E-082  -1.0006332433133790E-091  -1.8755542791949988E-101   8.2993027989872846E-106   6.1361144596584052E-111   1.5233370798638214E-115   7.6862487510060717E-120   4.9394732119311053E-124
  -1.6889104014918864E-045  -4.5220278693620220E-035  -2.7166917073679972E-035  -3.1026599931577385E-041  -2.3679814603955314E-050  -5.5647501786842113E-061  -6.6411493937960968E-072  -2.9492824200845190E-082  -1.4289136558999046E-091  -2.6677918352656160E-101   1.1772377494886198E-105   8.6885595685200126E-111   2.1548085077664212E-115   1.0867052010985513E-119   6.9824677546395392E-124
  -2.4734616308316147E-045  -6.6742778948318292E-035  -4.0113403651137072E-035  -4.5655324367715315E-041  -3.4651789353568927E-050  -8.0901176759820686E-061  -9.5909074125781673E-072  -4.2332610442302765E-082  -2.0405021074238509E-091  -3.7946719883542622E-101   1.6698857160452820E-105   1.2302747593137549E-110   3.0480448268972517E-115   1.5364168301758270E-119   9.8704565962795068E-124
  -3.6224612921795576E-045  -9.8508871098063451E-035  -5.9229583161562883E-035  -6.7181343678275536E-041  -5.0707598151851922E-050  -1.1761535157239495E-060  -1.3850841233219389E-071  -6.0762235064220741E-082  -2.9138561627894864E-091  -5.3975483877324398E-101   2.3686959645478500E-105   1.7420332702708082E-110   4.3115558690619569E-115   2.1722327949428473E-119   1.3952934241489716E-123
  -5.3052070391182505E-045  -1.4539397322963824E-034  -8.7455644418513712E-035  -9.8856662683002505E-041  -7.4202821711137110E-050  -1.7099097513126188E-060  -2.0002883607116108E-071  -8.7215250656244314E-082  -4.1610139638550980E-091  -7.6774827255434020E-101   3.3599428526570848E-105   2.4666684354951270E-110   6.0988322256051320E-115   3.0711687240061284E-119   1.9723948133332154E-123
  -7.7696405727663404E-045  -2.1459394961718322E-034  -1.2913293365309711E-034  -1.4546657376140393E-040  -1.0858449280399707E-049  -2.4858926623327426E-060  -2.8887440811626458E-071  -1.2518466415587170E-081  -5.9419670332624401E-091  -1.0920465525023537E-100   4.7660046499164854E-105   3.4927307513029730E-110   8.6269911958982523E-115   4.3421116531367565E-119   2.7881886580559253E-123
  -1.1378880262729590E-044  -3.1672952285803561E-034  -1.9067168110076948E-034  -2.1405258657288021E-040  -1.5889681772436494E-049  -3.6140284013118520E-060  -4.1718197272098165E-071  -1.7968417347374718E-081  -8.4851847741608546E-091  -1.5533290236730083E-100   6.7604722270764955E-105   4.9456051450308042E-110   1.2203152071650742E-114   6.1390093819576340E-119   3.9413995315712908E-123
  -1.6664724315429415E-044  -4.6747632898066408E-034  -2.8153693510038790E-034  -3.1497621191716836E-040  -2.3252122248603747E-049  -5.2541292875769074E-060  -6.0247912262361307E-071  -2.5791020487779309E-081  -1.2116923649908835E-090  -2.2094580620045724E-100   9.5895803981066820E-105   7.0028330271113551E-110   1.7261744811398066E-114   8.6795179871911121E-119   5.5715850588105180E-123
  -2.4406007841584624E-044  -6.8997079436159701E-034  -4.1570434664724812E-034  -4.6348430906389830E-040  -3.4025929752956632E-049  -7.6385329137993301E-060  -8.7007857530137245E-071  -3.7019217035821236E-081  -1.7303080969988764E-090  -3.1427372186100728E-100   1.3602607805389014E-104   9.9158078712496596E-110   2.4417284341473550E-114   1.2271366243503346E-118   7.8760247015718385E-123
  -3.5743359239120297E-044  -1.0183610854623682E-033  -6.1380971333558867E-034  -6.8201247872836395E-040  -4.9791752209152930E-049  -1.1105015226682223E-059  -1.2565360449709249E-070  -5.3135642242190974E-081  -2.4708962492464448E-090  -4.4702352178161316E-100   1.9294998485324573E-104   1.4040495525062168E-109   3.4539021475184232E-114   1.7349630442796857E-118   1.1133593842475474E-122
  -5.2347264516317648E-044  -1.5030481267621317E-033  -9.0632289624116265E-034  -1.0035744828627244E-039  -7.2862626657292894E-049  -1.6144640069318055E-059  -1.8146439768970629E-070  -7.6268401075779133E-081  -3.5284631126282835E-090  -6.3584708313396885E-100   2.7369528856639139E-104   1.9880933276640998E-109   4.8856539000920664E-114   2.4529434666356739E-118   1.5738512327462157E-122
  -7.6664202767493598E-044  -2.2184210718449856E-033  -1.3382342783805891E-033  -1.4767497420891615E-039  -1.0662332987634737E-048  -2.3471323581430320E-059  -2.6206433188210482E-070  -1.0947207542375637E-080  -5.0386785686762518E-090  -9.0443006708987761E-100   3.8823071742262968E-104   2.8150823267951707E-109   6.9109120691271909E-114   3.4680460030970166E-118   2.2248051599729689E-122
  -1.1227711930374524E-043  -3.2742744581965042E-033  -1.9759745719172289E-033  -2.1730223884691290E-039  -1.5602696625751657E-048  -3.4122967994403165E-059  -3.7846385018584112E-070  -1.5713106863508558E-080  -7.1952804913619230E-090  -1.2864630023703606E-099   5.5069669218069532E-104   3.9860746977245863E-109   9.7757038494526704E-114   4.9032288125152952E-118   3.1449973778879623E-122
  -1.6443334987144830E-043  -4.8326593365402326E-033  -2.9176322845511794E-033  -3.1975806085352715E-039  -2.2832164841307322E-048  -4.9608491498805540E-059  -5.4656383813786628E-070  -2.2553854734632492E-080  -1.0274928397902059E-089  -1.8298673600802313E-099   7.8115108730745280E-104   5.6441658390270788E-109   1.3828042495518559E-113   6.9323338760311811E-118   4.4457863931400675E-122
  -2.4081778225000298E-043  -7.1327546652539265E-033  -4.3080403565229205E-033  -4.7052077689929036E-039  -3.3411388341146490E-048  -7.2121582529438229E-059  -7.8932778230484556E-070  -3.2372742740775427E-080  -1.4672694697871635E-089  -2.6028067305196944E-099   1.1080455546568295E-103   7.9919746740046980E-109   1.9560203771345956E-113   9.8011442689068508E-118   6.2845892317000222E-122
  -3.5268517569764542E-043  -1.0527576200788531E-032  -6.3610523891171319E-033  -6.9236660499244668E-039  -4.8892467634538841E-048  -1.0485145903725258E-058  -1.1399187236578330E-069  -4.6466313208698231E-080  -2.0952746533741523E-089  -3.7022371324266041E-099   1.5717381339248443E-103   1.1316403706224119E-108   2.7668527327240386E-113   1.3857155571308843E-117   8.8839315075783442E-122
  -5.1651847835271842E-043  -1.5538156919271623E-032  -9.3924346905136323E-033  -1.0188105228182609E-038  -7.1546665057329099E-048  -1.5243465510712997E-058  -1.6462295328937934E-069  -6.6695562122958197E-080  -2.9920719930310423E-089  -5.2660689889989387E-099   2.2294758130168540E-103   1.6023698538272972E-108   3.9138007640183695E-113   1.9591667593540466E-117   1.2558376709629767E-121
  -7.5645748517199020E-043  -2.2933514513469905E-032  -1.3868433145132379E-032  -1.4991694859499346E-038  -1.0469762659026449E-047  -2.2161183530648582E-058  -2.3774253712642571E-069  -9.5731675759576474E-080  -4.2727070767424201E-089  -7.4904663455952695E-099   3.1624621799126782E-103   2.2689091131005824E-108   5.5361950576800134E-113   2.7699294936229635E-117   1.7752593596405222E-121
  -1.1078556837972535E-042  -3.3848679277667205E-032  -2.0477484800248705E-032  -2.2060129030230031E-038  -1.5320900117026774E-047  -3.2218268151229170E-058  -3.4333920774448200E-069  -1.3740874952237223E-079  -6.1014660950881958E-089  -1.0654453309751131E-098   4.4858827307904103E-103   3.2127093215349343E-108   7.8311231389519386E-113   3.9162104828700123E-117   2.5095168484663084E-121
  -1.6224893671026873E-042  -4.9958897154137578E-032  -3.0236103868450584E-032  -3.2461259357513263E-038  -2.2419799718622179E-047  -4.6839412210705549E-058  -4.9583811884372827E-069  -1.9723006401603341E-079  -8.7129512867072973E-089  -1.5154914298103545E-098   6.3631255482620934E-103   4.5491029719810233E-108   1.1077371551023535E-112   5.5368573761613399E-117   3.5474674610203291E-121
  -2.3761865422286813E-042  -7.3736744408893561E-032  -4.4645228087062175E-032  -4.7766418856966168E-038  -3.2807956358769789E-047  -6.8095856099912167E-058  -7.1607155886515541E-069  -2.8309476997624732E-079  -1.2442176874775133E-088  -2.1556378454031052E-098   9.0259530195036323E-103   6.4413975210195344E-108   1.5669292684219839E-112   7.8281771989034648E-117   5.0147204214277712E-121
  -3.4799997076257823E-042  -1.0883161557805958E-031  -6.5921072499443505E-032  -7.0287808406785180E-038  -4.8009438969257315E-047  -9.8998801011245736E-058  -1.0341247700604271E-068  -4.0634093773868263E-079  -1.7767546350490947E-088  -3.0661833097863653E-098   1.2803114973115580E-102   9.1208315791038114E-108   2.2164710478010599E-112   1.1067714788824971E-116   7.0888376520016540E-121
  -5.0965687361823462E-042  -1.6062982802319762E-031  -9.7335997438191319E-032  -1.0342780856415120E-037  -7.0254489987488759E-047  -1.4392597764799063E-057  -1.4934457781995862E-068  -5.8324270153428126E-079  -2.5372224442709870E-088  -4.3613448913087281E-098   1.8160935782131831E-102   1.2914832295659388E-107   3.1352684553066146E-112   1.5647871471350611E-116   1.0020821708304841E-120
  -7.4640848318279917E-042  -2.3708130724542966E-031  -1.4372181837359415E-031  -1.5219298842133021E-037  -1.0280672907850212E-046  -2.0924179839765852E-057  -2.1567806610662441E-068  -8.3715919020930503E-079  -3.6231776874528243E-088  -6.2035851642861399E-098   2.5760886273726467E-102   1.8287026994935092E-107   4.4349364721297747E-112   2.2123436164461805E-116   1.4165491247866608E-120
  -1.0931386497117080E-041  -3.4991973158936431E-031  -2.1221296988138791E-031  -2.2395046451259548E-037  -1.5044196588092651E-046  -3.0419894413414652E-057  -3.1147450501237088E-068  -1.2016190016241230E-078  -5.1739320769790753E-088  -8.8239912023990851E-098   3.6541248212355989E-102   2.5893898489239972E-107   6.2733580224859217E-112   3.1278786299146956E-116   2.0024419967643865E-120
  -1.6009358680705761E-041  -5.1646340262150854E-031  -3.1334382707033759E-031  -3.2954087540218892E-037  -2.2014886943729667E-046  -4.4224910502853020E-057  -4.4982027855017381E-068  -1.7247475125928988E-078  -7.3884240624985211E-088  -1.2551261697741774E-097   5.1832953566601755E-102   3.6665007355559984E-107   8.8738635007213624E-112   4.4222898522879845E-116   2.8306635333236030E-120
  -2.3446208444052461E-041  -7.6227323651454199E-031  -4.6266895947526694E-031  -4.8491611268636096E-037  -3.2215429104561252E-046  -6.4294855577475976E-057  -6.4961427251609885E-068  -2.4756216320135262E-078  -1.0550739641883135E-087  -1.7852938294246379E-097   7.3523899952485575E-102   5.1916584347284925E-107   1.2552360819599167E-111   6.2523677719458094E-116   4.0014422651979920E-120
  -3.4337708540682065E-041  -1.1250758216214231E-030  -6.8315552275197477E-031  -7.1354922581717930E-037  -4.7142366787773282E-046  -9.3472851027141180E-057  -9.3814957909858325E-068  -3.5533911156077718E-078  -1.5066556322337324E-087  -2.5394053115045331E-097   1.0429202846332426E-101   7.3512373947275287E-107   1.7755711722499636E-111   8.8397875459365743E-116   5.6564618204703399E-120
  -5.0288652601916569E-041  -1.6605536481857763E-030  -1.0087157532010958E-030  -1.0499805729888885E-036  -6.8985663484076449E-046  -1.3589227060272888E-056  -1.3548419020072484E-067  -5.1003708735245698E-078  -2.1515185444022143E-087  -3.6120549117407775E-097   1.4793593942746115E-101   1.0409138416362668E-106   2.5116016291979587E-111   1.2497960247633972E-115   7.9960069915142279E-120
  -7.3649311328907638E-041  -2.4508911873537240E-030  -1.4894228851903662E-030  -1.5450359467460519E-036  -1.0094999676668204E-045  -1.9756227685474492E-056  -1.9566139853374411E-067  -7.3208330549792838E-078  -3.0723889114030876E-087  -5.1377937365035053E-097   2.0984386356432129E-101   1.4739037362036679E-106   3.5527400105729037E-111   1.7669995976661544E-115   1.1303201513945723E-119
  -1.0786173001399386E-040  -3.6173884609117293E-030  -2.1992127326540168E-030  -2.2735049936724896E-036  -1.4772492350856657E-045  -2.8721908304677474E-056  -2.8256716124805818E-067  -1.0507980325709838E-077  -4.3874005496287397E-087  -7.3080075359084951E-097   2.9765888721997283E-101   2.0870048390413418E-106   5.0254632099701770E-111   2.4982377257376215E-115   1.5978270730506259E-119
  -1.5796689213827158E-040  -5.3390780164890273E-030  -3.2472554867280689E-030  -3.3454399322024934E-036  -2.1617289496676707E-045  -4.1756353086546065E-056  -4.0807334246633107E-067  -1.5082662046169726E-077  -6.2652496736966592E-087  -1.0394923765915210E-096   4.2222255968393774E-101   2.9551381769428442E-106   7.1086767974305941E-111   3.5320844120747981E-115   2.2586975490008180E-119
  -2.3134747638887756E-040  -7.8802026179998973E-030  -4.7947467840620850E-030  -4.9227815028786806E-036  -3.1633606191769584E-045  -6.0706029999711550E-056  -5.8932486218395207E-067  -2.1648945659086675E-077  -8.9468360846547034E-087  -1.4785759279412471E-096   5.9891337934564280E-101   4.1843897460146678E-106   1.0055448365676884E-110   4.9937682739231843E-115   3.1929078585763287E-119
  -3.3881564763595005E-040  -1.1630770892389147E-029  -7.0797006184812996E-030  -7.2438238878051674E-036  -4.6290958040482600E-045  -8.8255362677797005E-056  -8.5108179842628549E-067  -3.1073881254606794E-077  -1.2776166993047167E-086  -2.1031292067417920E-096   8.4954540677190781E-101   5.9249742330407078E-106   1.4223750036441031E-110   7.0603413359210336E-115   4.5135129307174642E-119
  -4.9620616097445697E-040  -1.7166415361790819E-029  -1.0453557402814156E-029  -1.0659214594734572E-035  -6.7739756997221370E-045  -1.2830700763324987E-055  -1.2291017671256784E-066  -4.4601991888713773E-077  -1.8244487972896349E-086  -2.9914949796823951E-096   1.2050614054629707E-100   8.3895912681346431E-106   2.0119944708974471E-110   9.9821251309632939E-115   6.3803278639156500E-119
  -7.2670951260958120E-040  -2.5336739795657612E-029  -1.5435237732537806E-029  -1.5684927926000967E-035  -9.9126802967614949E-045  -1.8653470713831840E-055  -1.7750246337445758E-066  -6.4019607620461870E-077  -2.6053302384781934E-086  -4.2551081478910670E-096   1.7093530025899300E-100   1.1879417344963165E-105   2.8460298735351020E-110   1.4113031849345545E-114   9.0192682015827123E-119
  -1.0642889125688676E-039  -3.7395715321789293E-029  -2.2790955662161715E-029  -2.3080214907364573E-035  -1.4505695764158510E-044  -2.7118703527249237E-055  -2.5634268384844936E-066  -9.1890742887248341E-077  -3.7204363712945340E-086  -6.0524739279062270E-096   2.4246795027094040E-100   1.6820909624322723E-105   4.0257993547197197E-110   1.9953433300879542E-114   1.2749689456676647E-118
  -1.5586845484878758E-039  -5.5194138324825553E-029  -3.3652067281196143E-029  -3.3962305827093024E-035  -2.1226873372242529E-044  -3.9425589632411189E-055  -3.7020089995610621E-066  -1.3189566383460091E-076  -5.3128185480892176E-086  -8.6090504431002918E-096   3.4393543554544328E-100   2.3817919050303368E-105   5.6946206356534585E-110   2.8210770356316976E-114   1.8023034421138063E-118
  -2.2827424869725707E-039  -8.1463688324299432E-029  -4.9689080446053675E-029  -4.9975193872236170E-035  -3.1062291670395452E-044  -5.7317530578789824E-055  -5.3463084841940685E-066  -1.8931685199404059E-076  -7.5867554636485924E-086  -1.2245529759864481E-095   4.8786482403587142E-100   3.3725481008123686E-105   8.0552211703935035E-110   3.9885244417556414E-114   2.5477465225048496E-118
  -3.3431480796165021E-039  -1.2023618267158677E-028  -7.3368589464954678E-029  -7.3537998556608463E-035  -4.5454926202583746E-044  -8.3329110437444425E-055  -7.7209467755429682E-066  -2.7173653377109678E-076  -1.0833959041612660E-085  -1.7418064887746367E-095   6.9202548521160114E-100   4.7754300750933873E-105   1.1394365361056936E-109   5.6390970622390520E-114   3.6015091530040055E-118
  -4.8961453728710384E-039  -1.7746237473912383E-028  -1.0833265291468027E-028  -1.0821043001329066E-034  -6.6516351565972016E-044  -1.2114514663137187E-054  -1.1150314157362323E-065  -3.9003788158186787E-076  -1.5470996690228333E-085  -2.4775488741651976E-095   9.8162287757405423E-100   6.7618701727365733E-105   1.6117690533446340E-109   7.9727267927237323E-114   5.0911140748199831E-118
  -7.1705586769315486E-039  -2.6192526795385774E-028  -1.5995896529532121E-028  -1.5923056603328505E-034  -9.7336535076804751E-044  -1.7612268356732474E-054  -1.6102883434115000E-065  -5.5984209104169344E-076  -2.2092730640501483E-085  -3.5240702503518133E-095   1.3924103878459609E-099   9.5746116113342026E-105   2.2798983527511170E-109   1.1272083423164006E-113   7.1968281692144607E-118
  -1.0501508375491603E-038  -3.8658811993979029E-028  -2.3618798046366913E-028  -2.3430618557928394E-034  -1.4243717253780640E-043  -2.5604987502267587E-054  -2.3255206214795275E-065  -8.0357109421049415E-076  -3.1548629830793959E-085  -5.0126442584205735E-095   1.9751034062044537E-099   1.3557371731646680E-104   3.2249883994701659E-109   1.5936814092903630E-113   1.0173477737540984E-117
  -1.5379788786575935E-038  -5.7058402671306020E-028  -3.4874420365590069E-028  -3.4477920810515866E-034  -2.0843507597071221E-043  -3.7224925905320364E-054  -3.3584334048599681E-065  -1.1534082815111796E-075  -4.5051744005910024E-085  -7.1299947772370050E-095   2.8016405946117307E-099   1.9196844298092350E-104   4.5618481918955956E-109   2.2531952072808594E-113   1.4381286706727203E-117
  -2.2524183588232136E-038  -8.4215244575381594E-028  -5.1493949452938739E-028  -5.0733915431950462E-034  -3.0501294035125063E-043  -5.4118171605157518E-054  -4.8501289711047307E-065  -1.6555481832081839E-075  -6.4334319770007039E-085  -1.0141718210319680E-094   3.9740653578008628E-099   2.7182173535490946E-104   6.4528786931844567E-109   3.1856358572602389E-113   2.0329469694121312E-117
  -3.2987374027064009E-038  -1.2429733517395200E-027  -7.6033574062516493E-028  -7.4654448648677540E-034  -4.4633991261539056E-043  -7.8677832767973092E-054  -7.0043821643402329E-065  -2.3762962630245682E-075  -9.1870021794427465E-085  -1.4425599391664987E-094   5.6371240139198338E-099   3.8489167636550216E-104   9.1278012074601664E-109   4.5039487848043344E-113   2.8737855414982751E-117
  -4.8311044810316071E-038  -1.8345642255874173E-027  -1.1226764372529420E-027  -1.0985327353486940E-033  -6.5315037765935513E-043  -1.1438304692980156E-053  -1.0115477299331913E-064  -3.4108242760054807E-075  -1.3119126682199597E-084  -2.0519000194166499E-094   7.9961360216411793E-099   5.4499542640906581E-104   1.2911563792575782E-108   6.3678196650172268E-113   4.0623997886160701E-117
  -7.0753041547699957E-038  -2.7077216784582685E-027  -1.6576918756264542E-027  -1.6164799146095408E-033  -9.5578594447897362E-043  -1.6629183785411760E-053  -1.4608409218811093E-064  -4.8957372988278779E-075  -1.8734237965175234E-084  -2.9186265177227277E-094   1.1342342503053266E-098   7.7169768302176744E-104   1.8263815764518985E-108   9.0030169582343811E-113   5.7426317325231633E-117
  -1.0362004994628624E-037  -3.9964567990358872E-027  -2.4476708138669464E-027  -2.3786339944908184E-033  -1.3986469287460494E-042  -2.4175763841949445E-053  -2.1096940216915924E-064  -7.0271118560730784E-075  -2.6752670420700512E-084  -4.1514599509352104E-094   1.6088862564127819E-098   1.0927014892841920E-103   2.5834745633704174E-108   1.2728738974825775E-112   8.1178172834610766E-117
  -1.5175481492025857E-037  -5.8985630032784488E-027  -3.6141170080453851E-027  -3.5001360773377839E-033  -2.0467064183550168E-042  -3.5147098262367872E-053  -3.0467443763195790E-064  -1.0086387001188162E-074  -3.8203068431190814E-084  -5.9050445909332570E-094   2.2821696542013165E-098   1.5472335490365900E-103   3.6544065633756571E-108   1.7996277986500957E-112   1.1475393255018621E-116
  -2.2224968824982141E-037  -8.7059731138140228E-027  -5.3364372577353559E-027  -5.1504151387336890E-033  -2.9950426144297384E-042  -5.1097393345243480E-053  -4.3999988597828577E-064  -1.4477527160494063E-074  -5.4554345985281318E-084  -8.3993467469218625E-094   3.2372072986054252E-098   2.1908377348339546E-103   5.1692737838225940E-108   2.5443684721887613E-112   1.6221681982038936E-116
  -3.2549164149427054E-037  -1.2849564834587106E-026  -7.8795353056273290E-027  -7.5787842142592757E-033  -4.3827879579247814E-042  -7.4286178142169841E-053  -6.3543204033353639E-064  -2.0780363937484364E-074  -7.7904126268022477E-084  -1.1947246919410405E-093   4.5919071254200566E-098   3.1021625558933208E-103   7.3121014290065741E-108   3.5973054691652946E-112   2.2931063056795616E-116
  -4.7669272015917744E-037  -1.8965291307597886E-026  -1.1634555707453312E-026  -1.1152104931132735E-032  -6.4135415480117234E-042  -1.0799839077973936E-052  -9.1766814143067737E-064  -2.9827160438285957E-074  -1.1124783519252229E-083  -1.6993786932995404E-093   6.5135189401873282E-098   4.3925720154380592E-103   1.0343198976852592E-107   5.0859797943716423E-112   3.2415482778399359E-116
  -6.9813144179616580E-037  -2.7991786384966824E-026  -1.7179044337129725E-026  -1.6410210488138929E-032  -9.3852396017973318E-042  -1.5700972487932867E-052  -1.3252633856560111E-063  -4.2812508115339451E-074  -1.5886296952889068E-083  -2.4171995133356154E-093   9.2392829020679763E-098   6.2197543053696446E-103   1.4630782425587343E-107   7.1907127963912523E-112   4.5822713110739538E-116
  -1.0224353937771289E-036  -4.1314424948782961E-026  -2.5365778593457325E-026  -2.4147460013917403E-032  -1.3733866314391101E-041  -2.2826315734141113E-052  -1.9138978030729127E-063  -6.1451067545092233E-074  -2.2685783545607265E-083  -3.4382292254590634E-093   1.3105718942646088E-097   8.8069913224022549E-103   2.0695704962854661E-107   1.0166448277871144E-111   6.4775251111239176E-116
  -1.4973887006307000E-036  -6.0977948472897487E-026  -3.7453929956416463E-026  -3.5532744986225818E-032  -2.0097418033083073E-041  -3.3185249484577142E-052  -2.7639824934761714E-063  -8.8203982145577283E-074  -3.2395515244534319E-083  -4.8905438477271938E-093   1.8590173160288411E-097   1.2470443742862501E-102   2.9274729913403783E-107   1.4373633534812525E-111   9.1566667963171837E-116
  -2.1929727106568770E-036  -9.0000289327228625E-026  -5.5302732524727658E-026  -5.2286077473127899E-032  -2.9409505066454379E-041  -4.8245226888301728E-052  -3.9916442792730969E-063  -1.2660386181234609E-073  -4.6261104707604261E-083  -6.9563189540507285E-093   2.6369750463894934E-097   1.7657785895594148E-102   4.1410032326886628E-107   2.0321879908402788E-111   1.2943916909838603E-115
  -3.2116773021912633E-036  -1.3283575918016232E-025  -8.1657444982571814E-026  -7.6938437957672018E-032  -4.3036323650129044E-041  -7.0139653914589243E-052  -5.7645893465734366E-063  -1.8172124919390181E-073  -6.6061298687113966E-083  -9.8946814303887323E-093   3.7404909227805576E-097   2.5002911619105936E-102   5.8575801807514142E-107   2.8731691400050518E-111   1.8297595478506551E-115
  -4.7036021148979209E-036  -1.9605869106800686E-025  -1.2057158875824567E-025  -1.1321413880501971E-031  -6.2977093519491453E-041  -1.0197010898746243E-051  -8.3250129457645481E-063  -2.6083416351454263E-073  -9.4336164504553907E-083  -1.4074213856584806E-092   5.3058038465389725E-097   3.5403396165316788E-102   8.2857326224981510E-107   4.0621738463267837E-111   2.5865586331391671E-115
  -6.8885727764739606E-036  -2.8937245965197489E-025  -1.7803040528080166E-025  -1.6659346826984500E-031  -9.2157367714981833E-041  -1.4824571453891992E-051  -1.2022684758048734E-062  -3.7438913238740673E-073  -1.3471294251154680E-082  -2.0019188801416326E-092   7.5261656933529687E-097   5.0130180003891451E-102   1.1720431129353920E-106   5.7432248342901250E-111   3.6563741779995462E-115
  -1.0088530810145800E-035  -4.2709874281928674E-025  -2.6287142401589003E-025  -2.4514061551328821E-031  -1.3485824673014028E-040  -2.1552190213119309E-051  -1.7362729593172726E-062  -5.3738061182193105E-073  -1.9237136650961529E-082  -2.8475332572508559E-092   1.0675699985120246E-096   7.0982877901298627E-102   1.6578920913692454E-106   8.1199458086589021E-111   5.1686715925625237E-115
  -1.4774969669943206E-035  -6.3037559462594945E-025  -3.8814373048784834E-025  -3.6072195397022436E-031  -1.9734446793062094E-040  -3.1332905901688477E-051  -2.5074630556487724E-062  -7.7133094102870692E-073  -2.7470814574408723E-082  -4.0503367700265902E-092   1.5143244889559186E-096   1.0050969206279555E-101   2.3451408538846002E-106   1.1480226151401069E-110   7.3064639260906056E-115
  -2.1638406302133742E-035  -9.3040168705989414E-025  -5.7311499834241138E-025  -5.3079873312412283E-031  -2.8878351859101663E-040  -4.5552260879308165E-051  -3.6211880943727681E-062  -1.1071322767150153E-072  -3.9228585152348133E-082  -5.7612067946283842E-092   2.1480358768436529E-096   1.4231880274981898E-101   3.3172759875197214E-106   1.6231092619763977E-110   1.0328459478864650E-114
  -3.1690124426135070E-035  -1.3732246427936688E-024  -8.4623497973511551E-025  -7.8106500651118250E-031  -4.2259061759772234E-040  -6.6224577942536712E-051  -5.2295897927199875E-062  -1.5891257723249128E-072  -5.6018793635376644E-082  -8.1947516002259053E-092   3.0469414988512639E-096   2.0151928834377333E-101   4.6923919129085155E-106   2.2948012012766763E-110   1.4600369793877429E-114
  -4.6411180761380671E-035  -2.0268083662684032E-024  -1.2495112577101326E-024  -1.1493293163911186E-030  -6.1839689097574993E-040  -9.6278310559804967E-051  -7.5523857530892602E-062  -2.2809566406604158E-072  -7.9995371417310619E-082  -1.1656230400349406E-091   4.3220192908380209E-096   2.8534545534115992E-101   6.6375369270191911E-106   3.2444596779397677E-110   2.0639166814169338E-114
  -6.7970629322057012E-035  -2.9914640583011340E-024  -1.8449702791250000E-024  -1.6912265539347559E-030  -9.0492949650786774E-040  -1.3997088943361550E-050  -1.0906884243449481E-061  -3.2739782362392493E-072  -1.1423415305632158E-081  -1.6579844485494691E-091   6.1306890062034500E-096   4.0404087148066404E-101   9.3890061348135069E-106   4.5871156925837832E-110   2.9175645055278777E-114
  -9.9545117745323627E-035  -4.4152458534155338E-024  -2.7241974161170915E-024  -2.4886229044235785E-030  -1.3242262467357440E-039  -2.0349183281645271E-050  -1.5751330464840898E-061  -4.6993148810621238E-072  -1.6312745961369683E-081  -2.3583202603474070E-091   8.6962470918093618E-096   5.7211013095680608E-101   1.3281046443565342E-105   6.4854035696885545E-110   4.1242859852461744E-114
  -1.4578694614577315E-034  -6.5166739833029594E-024  -4.0224233783367696E-024  -3.6619836401918150E-030  -1.9378030667769398E-039  -2.9583955757018421E-050  -2.2747505673596075E-061  -6.7451762791156411E-072  -2.3294756742077601E-081  -3.3544792620721468E-091   1.2335434630641914E-095   8.1009131757994231E-101   1.8786460686140714E-105   9.1692606596758758E-110   5.8301144176201038E-114
  -2.1350955400244366E-034  -9.6182729895731901E-024  -5.9393235559363866E-024  -5.3885722045354537E-030  -2.8356791280172440E-039  -4.3009610058084133E-050  -3.2851130584686796E-061  -9.6817098151057729E-072  -3.3265134684610191E-081  -4.7714177361660872E-091   1.7497541860181949E-095   1.1470657610940843E-100   2.6574043438924111E-105   1.2963779376382998E-109   8.2414833122474005E-114
  -3.1269143722990108E-034  -1.4196072389540970E-023  -8.7697293649252777E-024  -7.9292299822161196E-030  -4.1495837545636385E-039  -6.2528032837643132E-050  -4.7442422719036192E-061  -1.3896672378775017E-071  -4.7502929412017079E-081  -6.7868737381578535E-091   2.4819877068853952E-095   1.6242117791764534E-100   3.7589825804720042E-105   1.8328585254063166E-109   1.1650208266979467E-113
  -4.5794641625942886E-034  -2.0952667096694905E-023  -1.2948975195802385E-023  -1.1667782464908681E-029  -6.0722827163079418E-039  -9.0904216180585141E-050  -6.8514642634279633E-061  -1.9946632028932034E-071  -6.7834635972697362E-081  -9.6536622186785467E-091   3.5206448001682846E-095   2.2998366728184888E-100   5.3171998730409465E-105   2.5913510841067086E-109   1.6468801491264901E-113
  -6.7067688983118818E-034  -3.0925050820113056E-023  -1.9119855615736904E-023  -1.7169025031259057E-029  -8.8858593109714939E-039  -1.3215794813724827E-049  -9.8946385617997328E-061  -2.8630460461243725E-071  -9.6868506697751326E-081  -1.3731387647689386E-090   4.9939569698053931E-095   3.2565018855287928E-100   7.5213475678288925E-105   3.6637309142650392E-109   2.3280392619691992E-113
  -9.8222734283004252E-034  -4.5643772581903830E-023  -2.8231491269805494E-023  -2.5264048445218510E-029  -1.3003099414098748E-038  -1.9213325845479853E-049  -1.4289481556979859E-060  -4.1094820650589227E-071  -1.3832915076528674E-080  -1.9531552111874468E-090   7.0838177746851034E-095   4.6111120216689459E-100   1.0639184267146520E-104   5.1798941078502198E-109   3.2909297061459942E-113
  -1.4385027576187722E-033  -6.7367843502100493E-023  -4.1685309688935632E-023  -3.7175794478333442E-029  -1.9028052187691092E-038  -2.7932628755585054E-049  -2.0636355924867504E-060  -5.8985578866831305E-071  -1.9753534556555783E-080  -2.7781717158693215E-090   1.0048239214553146E-094   6.5292006031749056E-100   1.5049462991334740E-104   7.3234917072201683E-109   4.6520771825527689E-113
  -2.1067324226135630E-033  -9.9431447060488383E-023  -6.1550593786546091E-023  -5.4703809760193922E-029  -2.7844651440942098E-038  -4.0608885521896047E-049  -2.9802283874697103E-060  -8.4665134382984991E-071  -2.8208235588189790E-080  -3.9516767726138005E-090   1.4253205617898408E-094   9.2451582858515791E-100   2.1287941879159612E-104   1.0354175137196721E-108   6.5762030929443859E-113
  -3.0853757426068871E-033  -1.4675566550849326E-022  -9.0882750782054158E-023  -8.0496109234497604E-029  -4.0746399476190780E-038  -5.9037822728083378E-049  -4.3039387735274876E-060  -1.2152436434849380E-070  -4.0281629218073842E-080  -5.6208726131052720E-090   2.0217857679025955E-094   1.3090875425701102E-099   3.0112467780229380E-104   1.4639047472966267E-108   9.2961585593239015E-113
  -4.5186296095060257E-033  -2.1660376158561677E-022  -1.3419325334934691E-022  -1.1844922053633295E-028  -5.9626139620371248E-038  -8.5830095344992186E-049  -6.2155937595857935E-060  -1.7443037483456792E-070  -5.7522550353147727E-080  -7.9951399734509330E-090   2.8678585017605339E-094   1.8536299120329423E-099   4.2595039057026253E-104   2.0697130198433746E-108   1.3141103268531827E-112
  -6.6176749031083022E-033  -3.1969593527227708E-022  -1.9814353294882457E-022  -1.7429684532516558E-028  -8.7253759385092980E-038  -1.2478111379571825E-048  -8.9763372166363893E-060  -2.5036918169190404E-070  -8.2142749995069236E-080  -1.1372302413435210E-089   4.0679940060106833E-094   2.6246860800761086E-099   6.0252031333103201E-104   2.9262231660515517E-108   1.8576339249211856E-112
  -9.6917926599325879E-033  -4.7185464711099312E-022  -2.9256955058348964E-022  -2.5647606860046686E-028  -1.2768256669414319E-037  -1.8140870424877862E-048  -1.2963303743313424E-059  -3.5936818452246102E-070  -1.1730062964380283E-079  -1.6175984734483859E-089   5.7703597374488945E-094   3.7164792032276749E-099   8.5228405936872757E-104   4.1371832400373401E-108   2.6259620128292990E-112
  -1.4193934681629340E-032  -6.9643303035303119E-022  -4.3199463052822481E-022  -3.7740197712674865E-028  -1.8684395952587798E-037  -2.6373476745006061E-048  -1.8721137581595199E-059  -5.1582024257035376E-070  -1.6750641672902510E-079  -2.3008751664862958E-089   8.1851279640800403E-094   5.2624265324897629E-099   1.2055827857740946E-103   5.8492753935912002E-108   3.7120750220181477E-112
  -2.0787463125276094E-032  -1.0278991017288636E-021  -6.3786324055861577E-022  -5.5534324782240616E-028  -2.7341763425940070E-037  -3.8342166639948494E-048  -2.7036394385073284E-059  -7.4038419118076544E-070  -2.3920075898636904E-079  -3.2727692427195887E-089   1.1610423410398721E-093   7.4514430174383061E-099   1.7053350198600606E-103   8.2698833105509930E-108   5.2474106257574758E-112
  -3.0443892734290948E-032  -1.5171258712390844E-021  -9.4183928840212746E-022  -8.1718205750638685E-028  -4.0010500290389736E-037  -5.5742432430314803E-048  -3.9044989581492427E-059  -1.0627127540281487E-069  -3.4158096273937042E-079  -4.6551932371953915E-089   1.6469129419653478E-093   1.0551026735752473E-098   2.4122503773202270E-103   1.1692212345465644E-107   7.4177698758040042E-112
  -4.4586037412992395E-032  -2.2391992707152361E-021  -1.3906762335581402E-021  -1.2024752627787947E-027  -5.8549264505518120E-037  -8.1039207009452783E-048  -5.6387371440587373E-059  -1.5253680604467545E-069  -4.8778086903868490E-079  -6.6215557730710844E-089   2.3361096682847353E-093   1.4939947190434556E-098   3.4122045316309637E-103   1.6530805139031218E-107   1.0485802208768570E-111
  -6.5297652892661966E-032  -3.3049422527290488E-021  -2.0534080689191100E-021  -1.7694303860390689E-027  -8.5677918572095943E-037  -1.1781604785624431E-047  -8.1432616448457276E-059  -2.1894417954570250E-069  -6.9655572803174691E-079  -9.4185136077901642E-089   3.3137200168782864E-093   2.1154530988566080E-098   4.8266713417632055E-103   2.3371754674503390E-107   1.4822790380585491E-111
  -9.5630465018446558E-032  -4.8779237648278956E-021  -3.0319671912844345E-021  -2.6036992198076265E-027  -1.2537656652730964E-036  -1.7128278614934980E-047  -1.1760205980361150E-058  -3.1426220996630896E-069  -9.9468821561865744E-079  -1.3396911785206667E-088   4.7004387245190687E-093   2.9954201017104191E-098   6.8274794271133324E-103   3.3043697022813313E-107   2.0953581832896217E-111
  -1.4005382234616899E-031  -7.1995631161978067E-021  -4.4768622573413959E-021  -3.8313175285294528E-027  -1.8346948375080947E-036  -2.4901355489696102E-047  -1.6983667096398470E-058  -4.5107724192343507E-069  -1.4204242481666758E-078  -1.9055792967209824E-088   6.6674686120570554E-093   4.2414278010875497E-098   9.6576858099384742E-103   4.6718183043062444E-107   2.9620103931284919E-111
  -2.0511322653470639E-031  -1.0626182725011575E-020  -6.6103273798819074E-021  -5.6377456918361385E-027  -2.6847960921285917E-036  -3.6201974564342559E-047  -2.4527202063879023E-058  -6.4745512444360300E-069  -2.0283793586692144E-078  -2.7104996391308670E-088   9.4576571030960829E-093   6.0057384875528616E-098   1.3661102343444727E-102   6.6051586942950600E-107   4.1871149471770086E-111
  -3.0039477085133449E-031  -1.5683696057873510E-020  -9.7605031590135823E-021  -8.2958868228436388E-027  -3.9287896461025117E-036  -5.2630988952357086E-047  -3.5421304389693848E-058  -9.2932673033305767E-069  -2.8965450486675457E-078  -3.8554198747805226E-088   1.3415477909347019E-092   8.5039511389509166E-098   1.9324061779131218E-102   9.3385740914075102E-107   5.9189297989769000E-111
  -4.3993759074710153E-031  -2.3148324200866029E-020  -1.4411906809976064E-020  -1.2207315152181111E-026  -5.7491845214524280E-036  -7.6515743646970235E-047  -5.1154175807157016E-058  -1.3339120188738959E-068  -4.1362939255841681E-078  -5.4839566094072616E-088   1.9029559389743029E-092   1.2041347641401524E-097   2.7334497191372686E-102   1.3203159847655635E-106   8.3670332453267173E-111
  -6.4430244222439331E-031  -3.4165729344693545E-020  -2.1279954016449837E-020  -1.7962943187350422E-026  -8.4130548462510035E-036  -1.1123976877106098E-046  -7.3875023844968460E-058  -1.9146347749404263E-068  -5.9066671342193967E-078  -7.8003903780119959E-088   2.6993010089445721E-092   1.7050198272469100E-097   3.8665511693964280E-102   1.8667028633613864E-106   1.1827686373337511E-110
  -9.4360120002760051E-031  -5.0426849647874295E-020  -3.1420994447387939E-020  -2.6432292837580587E-026  -1.2311222889145192E-035  -1.6172209272590662E-046  -1.0668765688266016E-057  -2.7481769951933156E-068  -8.4347769451518869E-078  -1.1095290204800631E-087   3.8288989185840744E-092   2.4142585181039341E-097   5.4693590450020739E-102   2.6392012368765482E-106   1.6719685561629151E-110
  -1.3819336531858864E-030  -7.4427422400444570E-020  -4.6394785103686153E-020  -3.8894856990621483E-026  -1.8015597457031329E-035  -2.3511407506541622E-046  -1.5407448359719208E-057  -3.9446044234252049E-068  -1.2044941845521953E-077  -1.5781962026370658E-087   5.4312086278086851E-092   3.4185198899505796E-097   7.7365815302619580E-102   3.7313829133788977E-106   2.3635043782463410E-110
  -2.0238853318552497E-030  -1.0985102678862622E-019  -6.8504390933826476E-020  -5.7233396772417015E-026  -2.6363079898932576E-035  -3.4181247291533313E-046  -2.2250883775413233E-057  -5.6619002694891719E-068  -1.7200291726514311E-077  -2.2448292998746336E-087   7.7040495940396704E-092   4.8405248031068545E-097   1.0943639516393857E-101   5.2755425587411510E-106   3.3410633982267161E-110
  -2.9640437794061863E-030  -1.6213443519726439E-019  -1.0115041096507211E-019  -8.4218376549798352E-026  -3.8578347751264527E-035  -4.9693225261685540E-046  -3.2133927570731088E-057  -8.1268262283889196E-068  -2.4562180487888027E-077  -3.1930494939149817E-087   1.0928024352695070E-091   6.8540424288699691E-097   1.5480124573936829E-101   7.4587223919822702E-106   4.7229464576871230E-110
  -4.3409354326132039E-030  -2.3930204247538386E-019  -1.4935401218881096E-019  -1.2392650721717936E-025  -5.6453529884138655E-035  -7.2244778609646698E-046  -4.6406664713034778E-057  -1.1664865409554070E-067  -3.5075027803944806E-077  -4.5417997139062961E-087   1.5501161408754962E-091   9.7051248631629019E-097   2.1897126314026516E-101   1.0545368386530663E-105   6.6763843074738219E-110
  -6.3574366215639232E-030  -3.5319744034027710E-019  -2.2052921714424945E-019  -1.8235662849024154E-025  -8.2611133685691531E-035  -1.0503057553000418E-045  -6.7018839476424591E-057  -1.6743201014473275E-067  -5.0087473974667045E-077  -6.4602646102834569E-087   2.1988055414092853E-091   1.3742174722285596E-096   3.0974178439335103E-101   1.4909362296091989E-105   9.4377752999116786E-110
  -9.3106661216348951E-030  -5.2130115743202365E-019  -3.2562322794544092E-019  -2.6833597358465593E-025  -1.2088879891087678E-034  -1.5269507408555999E-045  -9.6786202596892221E-057  -2.4032405916764065E-067  -7.1525390208998849E-077  -9.1890927542291981E-087   3.1189571424814271E-091   1.9458519984601175E-096   4.3813956052687512E-101   2.1079309506275046E-105   1.3341293507052313E-109
  -1.3635763736749933E-029  -7.6941354949110488E-019  -4.8080017583360606E-019  -3.9485372868085061E-025  -1.7690232627828559E-034  -2.2199045929374408E-045  -1.3977516028187092E-056  -3.4494988994971342E-067  -1.0213893896011203E-076  -1.3070583134939431E-086   4.4241718852389403E-091   2.7552698728956422E-096   6.1976227998294744E-101   2.9802568375521585E-105   1.8859329321360960E-109
  -1.9970005412130399E-029  -1.1356146062657845E-018  -7.0992726761967599E-019  -5.8102335240237789E-025  -2.5886958397700300E-034  -3.2273316224840393E-045  -2.0185827051567805E-056  -4.9512490389988387E-067  -1.4585537844165987E-076  -1.8591622491314123E-086   6.2755901981882282E-091   3.9013820572160995E-096   8.7667336689479974E-101   4.2135776863172062E-105   2.6659656521713974E-109
  -2.9246701833746633E-029  -1.6761084212862523E-018  -1.0482457140891535E-018  -8.5497010936956531E-025  -3.7881616921317349E-034  -4.6919446242522876E-045  -2.9151647090319232E-056  -7.1067908082892227E-067  -2.0828287084383643E-076  -2.6444759455049991E-086   8.9017862237755690E-091   5.5242435983515458E-096   1.2400822332411727E-100   5.9572841827343770E-105   3.7686243967075855E-109
  -4.2832715879823610E-029  -2.4738493262401579E-018  -1.5477910523711879E-018  -1.2580800470009352E-024  -5.5433971003891912E-034  -6.8212216683531888E-045  -4.2099762735329290E-056  -1.0200754445790767E-066  -2.9742992527420670E-076  -3.7615076529146849E-086   1.2626987339877375E-090   7.8221683721257602E-096   1.7541355803783400E-100   8.4225894183892317E-105   5.3273491472016516E-109
  -6.2729861250957437E-029  -3.6512736178989992E-018  -2.2853965420624875E-018  -1.8512523223958743E-024  -8.1119165203452356E-034  -9.9167975846101232E-045  -6.0798966854112044E-056  -1.4641684859135070E-066  -4.2473276914409405E-076  -5.3503756957130740E-086   1.7911102928452038E-090   1.1075963062839790E-095   2.4812803150941682E-100   1.1908112880942486E-104   7.5307714298149709E-109
  -9.1869857091262199E-029  -5.3890909264145531E-018  -3.3745106078399823E-018  -2.7240994387240380E-024  -1.1870553093858744E-033  -1.4417193757189321E-044  -8.7803686669796889E-056  -2.1015988266519778E-066  -6.0652244431503645E-076  -7.6103846475426975E-086   2.5406504300764251E-090   1.5683241774037591E-095   3.5098495641631597E-100   1.6836051877123087E-104   1.0645541856111061E-108
  -1.3454629829290984E-028  -7.9540192993865858E-018  -4.9826459255073708E-018  -4.0084853007568653E-024  -1.7370744664266818E-033  -2.0959939360837583E-044  -1.2680293436753338E-055  -3.0165364678372879E-066  -8.6611983440093547E-076  -1.0825025716796794E-085   3.6038565768662133E-090   2.2207014520052075E-095   4.9647933321178927E-100   2.3803321789818213E-104   1.5048599266035299E-108
  -1.9704728956387647E-028  -1.1739720745386467E-017  -7.3571439303219061E-018  -5.8984463274675609E-024  -2.5419436427314001E-033  -3.0471884174464398E-044  -1.8312424904572193E-055  -4.3297950853931521E-066  -1.2368273837559933E-075  -1.5397537342990843E-085   5.1119910377342370E-090   3.1444487117896333E-095   7.0228573564143822E-100   3.3653859727719369E-104   2.1272786574249161E-108
  -2.8858195786243585E-028  -1.7327219968884399E-017  -1.0863217490140922E-017  -8.6795051685004472E-024  -3.7197469619793227E-033  -4.4300496745107210E-044  -2.6446147160802269E-055  -6.2147849694233732E-066  -1.7662013007517565E-075  -2.1901486657461709E-085   7.2512464956895862E-090   4.4524479834645207E-095   9.9340540786487973E-100   4.7580849622532284E-104   3.0071333593183151E-108
  -4.2263735889812299E-028  -2.5574079281451294E-017  -1.6040122943865050E-017  -1.2771805541921701E-023  -5.4432825304445519E-033  -6.4404747686667281E-044  -3.8192577115895456E-055  -8.9204111259078440E-066  -2.5221523048455106E-075  -3.1152716650404302E-085   1.0285733163785701E-089   6.3045369360855823E-095   1.4052034013148007E-099   6.7271251178081262E-104   4.2509010323024993E-108
  -6.1896570920346634E-028  -3.7746016131216011E-017  -2.3684101114198231E-017  -1.8793584711307321E-023  -7.9654140216962297E-033  -9.3632618766346443E-044  -5.5156349962380780E-055  -1.2803940139121674E-065  -3.6016575516422591E-075  -4.4311683959742261E-085   1.4590085552490165E-089   8.9270410635948657E-095   1.9877047009448454E-099   9.5110139290865390E-104   6.0090981767348912E-108
  -9.0649474970041694E-028  -5.5711163724524190E-017  -3.4970844137090416E-017  -2.7654572591598010E-023  -1.1656168852419772E-032  -1.3612454989601573E-043  -7.9654822293973854E-055  -1.8378175726145798E-065  -5.1432013450635929E-075  -6.3029024339011167E-085   2.0695714449879682E-089   1.2640430687637055E-094   2.8116712318299468E-099   1.3446960533283022E-103   8.4944957842498876E-108
  -1.3275900641604526E-027  -8.2226789584104463E-017  -5.1636324263820768E-017  -4.0693427582928154E-023  -1.7057025701249858E-032  -1.9789997658879487E-043  -1.1503463738572459E-054  -2.6379172317600441E-065  -7.3445405931072792E-075  -8.9652605259110474E-085   2.9356414335215641E-089   1.7898482469763309E-094   3.9771979774113516E-099   1.9011721456483491E-103   1.2007868153840259E-107
  -1.9442973777734693E-027  -1.2136247719525799E-016  -7.6243797220646667E-017  -5.9879971997635524E-023  -2.4960356006798244E-032  -2.8771004715057933E-043  -1.6612889741260325E-054  -3.7863427958909899E-065  -1.0488074048291965E-074  -1.2752203792767055E-084   4.1641426047793817E-089   2.5343730974580794E-094   5.6258724609231214E-099   2.6879349564109469E-103   1.6974391566545023E-107
  -2.8474845982787809E-027  -1.7912472004134857E-016  -1.1257804688405526E-016  -8.8112779421368548E-023  -3.6525674473377934E-032  -4.1827731606141767E-043  -2.3991739516099298E-054  -5.4347390446936800E-065  -1.4977069825224413E-074  -1.8138759175243883E-084   5.9067444129743825E-089   3.5885986471617010E-094   7.9579747168618655E-099   3.8002841282084953E-103   2.3995097661591815E-107
  -4.1702306203344843E-027  -2.6437878979632749E-016  -1.6622750851809720E-016  -1.2965707146012034E-022  -5.3449753938076658E-032  -6.0809802928384125E-043  -3.4648009696889266E-054  -7.8007697901868998E-065  -2.1387398641550573E-074  -2.5800605908055138E-084   8.3785866329716344E-089   5.0813513860848166E-094   1.1256807195215349E-098   5.3729571919438611E-103   3.3919608225208425E-107
  -6.1074336466868442E-027  -3.9020936561966991E-016  -2.4544380468194544E-016  -1.9078907829420017E-022  -7.8215562503199732E-032  -8.8406231434456735E-043  -5.0037412855904246E-054  -1.1196859470127245E-064  -3.0541409379901871E-074  -3.6698831435087890E-084   1.1884840289315842E-088   7.1950458800133752E-094   1.5923110181326115E-098   7.5964501635560492E-103   4.7948953506936070E-107
  -8.9445281848452513E-027  -5.7592875186388396E-016  -3.6241089565962606E-016  -2.8074420857647194E-022  -1.1445654501232445E-031  -1.2852634529085929E-042  -7.2262236853716700E-054  -1.6071447484340429E-064  -4.3613424095545567E-074  -5.2200488386396088E-084   1.6858383748125896E-088   1.0187975852650417E-093   2.2523743496949706E-098   1.0740092099665857E-102   6.7780916783656868E-107
  -1.3099541981575917E-026  -8.5004090234155949E-016  -5.3511904744123053E-016  -4.1311227160918879E-022  -1.6748969334874273E-031  -1.8685358596803684E-042  -1.0435853037049188E-053  -2.3068202735774576E-064  -6.2280385894229111E-074  -7.4250075054331972E-084   2.3913245422315210E-088   1.4425877710081512E-093   3.1860548307761753E-098   1.5184668605600844E-102   9.5815494272283045E-107
  -1.9184689709611059E-026  -1.2546161649420122E-015  -7.9013184484782148E-016  -6.0789053226499629E-022  -2.4509561337984201E-031  -2.7165062809905504E-042  -1.5071084593412094E-053  -3.3111017407539959E-064  -8.8936985539460784E-074  -1.0561344955281484E-083   3.3920411070000073E-088   2.0426623574110580E-093   4.5067754330380384E-098   2.1468545942493837E-102   1.3544533444549492E-106
  -2.8096578832469568E-026  -1.8517481754274215E-015  -1.1666718330639909E-015  -8.9450475987323361E-022  -3.5866003373748272E-031  -3.9492987505334862E-042  -2.1765119689958642E-053  -4.7526003046783088E-064  -1.2700286430049894E-073  -1.5022477378679042E-083   4.8115354774972584E-088   2.8923505318581207E-093   6.3749765410807806E-098   3.0352882691645351E-102   1.9146630472099176E-106
  -4.1148318888256137E-026  -2.7330838940184783E-015  -1.7226531837265694E-015  -1.3162546700082893E-021  -5.2484422946505947E-031  -5.7415514329628772E-042  -3.1432404959217896E-053  -6.8216598024983541E-064  -1.8136130255021646E-073  -2.1368000722176303E-083   6.8250569270335745E-088   4.0954842925625566E-093   9.0176061587700552E-098   4.2913827987430287E-102   2.7065787089770113E-106
  -6.0262999623650621E-026  -4.0338894391255073E-015  -2.5435892456155065E-015  -1.9368553453401390E-021  -7.6802943169020511E-031  -8.3471559709397846E-042  -4.5393551386442573E-053  -9.7914908577626862E-064  -2.5898567126750009E-073  -3.0393885337054066E-083   9.6811926837677908E-088   5.7990867313875223E-093   1.2755689423184759E-097   6.0672874180953470E-102   3.8260352486897439E-106
  -8.8257045700154879E-026  -5.9538105189209459E-015  -3.7557450141831823E-015  -2.8500628673791018E-021  -1.1238938474628061E-030  -1.2135223925123179E-041  -6.5555737917690535E-053  -1.4054247194875416E-063  -3.6983401075717815E-073  -4.3232320982527419E-083   1.3732558246945673E-087   8.2113382735672065E-093   1.8043326554999721E-097   8.5781153397437082E-102   5.4085054596245340E-106
  -1.2925519840613625E-025  -8.7875137366277766E-015  -5.5455574475779562E-015  -4.1938383316142516E-021  -1.6446470812966066E-030  -1.7642375332339719E-041  -9.4673243861180908E-053  -2.0172807889285964E-063  -5.2812649759180800E-073  -6.1493736550142775E-083   1.9479330923420577E-087   1.1627016351004860E-092   2.5522856694049143E-097   1.2128000160995188E-101   7.6454944624866958E-106
  -1.8929826916347567E-025  -1.2969911544370470E-014  -8.1883105882168405E-015  -6.1711900451569792E-021  -2.4066899104887279E-030  -2.5648756606600862E-041  -1.3672370040642149E-052  -2.8955103181108313E-063  -7.5416967958205775E-073  -8.7468809192498621E-083   2.7631001188791714E-087   1.6463517240313378E-092   3.6102888891316783E-097   1.7146935204557240E-101   1.0807714998701006E-105
  -2.7723321324210973E-025  -1.9142911892559029E-014  -1.2090475891870022E-014  -9.0808425980538790E-021  -3.5218231944822435E-030  -3.7288556517915918E-041  -1.9745145952452840E-052  -4.1560798262072945E-063  -1.0769615006993257E-072  -1.2441580249566604E-082   3.9193965630821942E-087   2.3311861938577355E-092   5.1068679417698238E-097   2.4242858097869656E-101   1.5277848158462583E-105
  -4.0601667006824853E-025  -2.8253937192714602E-014  -1.7852229954240486E-014  -1.3362366072998797E-020  -5.1536503985658143E-030  -5.4210675997917067E-041  -2.8515230776778034E-052  -5.9654422179115693E-063  -1.5379113014837663E-072  -1.7696927684680716E-082   5.5595775607158977E-087   3.3008919001034841E-092   7.2238263961965115E-097   3.4275289534242929E-101   2.1596854134562448E-105
  -5.9462403800666204E-025  -4.1701333106963229E-014  -2.6359765225032619E-014  -1.9662583191789597E-020  -7.5415801768833541E-030  -7.8812312335540712E-041  -4.1180672167130246E-052  -8.5625161878760678E-063  -2.1961520150568251E-072  -2.5172143984452781E-082   7.8861381225009048E-087   4.6739669980184405E-092   1.0218331156816024E-096   4.8459445991274412E-101   3.0529437370673513E-105
  -8.7084537287432674E-025  -6.1548984239804584E-014  -3.8921591631887648E-014  -2.8933286713882884E-020  -1.1035950478210732E-029  -1.1457854741111277E-040  -5.9471647436503707E-052  -1.2290234426553088E-062  -3.1361260336042266E-072  -3.5804906023612704E-082   1.1186312953771618E-086   6.6182014315339353E-092   1.4454152952256548E-096   6.8513437456172717E-101   4.3156588471944403E-105
  -1.2753800668511126E-024  -9.0843075551036965E-014  -5.7469793089706283E-014  -4.2575029528410412E-020  -1.6149427296514091E-029  -1.6657604619519810E-040  -8.5886816384027041E-052  -1.7640826434358335E-062  -4.4784178979119717E-072  -5.0928967188460299E-082   1.5867538147056301E-086   9.3711808847606436E-092   2.0445856995742230E-096   9.6866380043210814E-101   6.1006401982706106E-105
  -1.8678336308234697E-024  -1.3407961543627100E-013  -8.4857193301459848E-014  -6.2648710208608558E-020  -2.3632218870315927E-029  -2.4217080306326038E-040  -1.2403465352270133E-051  -2.5320815347725305E-062  -6.3952234810840858E-072  -7.2441460854058919E-082   2.2507752810535630E-086   1.3269319781372892E-091   2.8921312073308769E-096   1.3695263193687634E-100   8.6239001150331018E-105
  -2.7355001650222566E-024  -1.9789447502624187E-013  -1.2529613664826998E-013  -9.2186918841597741E-020  -3.4582140141176317E-029  -3.5207161218145816E-040  -1.7912638776655665E-051  -3.6344311331998171E-062  -9.1324401300026107E-072  -1.0304087316983248E-081   3.1926750818059817E-086   1.8788971167896582E-091   4.0910111628172022E-096   1.9362779311016590E-100   1.2190794863627232E-104
  -4.0062245547039454E-024  -2.9208184960247137E-013  -1.8500637116478788E-013  -1.3565207899885896E-019  -5.0605675223566534E-029  -5.1184708041792568E-040  -2.5868788813239132E-051  -5.2166920537210326E-062  -1.3041211597318541E-071  -1.4656553600400736E-081   4.5287391692043814E-086   2.6604637113573767E-091   5.7868648184028752E-096   2.7375685836856358E-100   1.7232977820245036E-104
  -5.8672395467614333E-024  -4.3109745359051265E-013  -2.7317168166872151E-013  -1.9961059859603466E-019  -7.4053667644122695E-029  -7.4413108344592780E-040  -3.7358774336035511E-051  -7.4877951724636235E-062  -1.8622974504061583E-071  -2.0847509995317290E-081   6.4239166007359004E-086   3.7671392944642181E-091   8.1857035076716919E-096   3.8704576599752922E-100   2.4360636683095201E-104
  -8.5927532201792145E-024  -6.3627715650997288E-013  -4.0335240860961112E-013  -2.9372487542278083E-019  -1.0836621687480981E-028  -1.0818290908163243E-039  -5.3952197735541065E-051  -1.0747630063046607E-061  -2.6593785116058229E-071  -2.9653538246806722E-081   9.1121839748448067E-086   5.3341597564312243E-091   1.1578936784500687E-095   5.4721706651092001E-100   3.4436336296030029E-104
  -1.2584351672507680E-023  -9.3911157165534964E-013  -5.9557110595698055E-013  -4.3221302225844192E-019  -1.5857738152285178E-028  -1.5727795692214721E-039  -7.7915822155655574E-051  -1.5426644142035169E-061  -3.7976178591274519E-071  -4.2179249713049931E-081   1.2925431933550169E-085   7.5530151873463666E-091   1.6378772689111075E-095   7.7367211885564535E-100   4.8679403289212778E-104
  -1.8430169976530208E-023  -1.3860791746883377E-012  -8.7939212395224425E-013  -6.3599683609744262E-019  -2.3205373503945314E-028  -2.2865308000314222E-039  -1.1252322511247084E-050  -2.2142681421571043E-061  -5.4230344856545301E-071  -5.9995845698766388E-081   1.8334440028857434E-085   1.0694849989073348E-090   2.3168292545153739E-095   1.0938411539191402E-099   6.8813484808205021E-104
  -2.6991549833470023E-023  -2.0457797291750512E-012  -1.2984687736591258E-012  -9.3586251081058738E-019  -3.3957512869487814E-028  -3.3241931174388476E-039  -1.6250198904585477E-050  -3.1782566183494362E-061  -7.7441449003427768E-071  -8.5338205936415876E-081   2.6006998666362344E-085   1.5143596753663708E-090   3.2772283345517153E-095   1.5465058657330992E-099   9.7275138383025621E-104
  -3.9529952319109120E-023  -3.0194628422492867E-012  -1.9172574523600553E-012  -1.3771115902920119E-018  -4.9691622234851485E-028  -4.8327622385605305E-039  -2.3467951772461304E-050  -4.5619204349942753E-061  -1.1058712658878951E-070  -1.2138522761534432E-080   3.6890353799307424E-085   2.1442892872035583E-090   4.6357432404530288E-095   2.1864969918880995E-099   1.3750869576806189E-103
  -5.7892825420863843E-023  -4.4565675507335534E-012  -2.8309313992255040E-012  -2.0264047935219425E-018  -7.2716081198520251E-028  -7.0259427330131365E-039  -3.3891570090686886E-050  -6.5479665284580267E-061  -1.5791946945777854E-070  -1.7265858014735533E-080   5.2328152907164991E-085   3.0362513088035922E-090   6.5574055865525203E-095   3.0913358954785908E-099   1.9438308416389786E-103
  -8.4785812631429088E-023  -6.5776579199060474E-012  -4.1800188711571894E-012  -2.9818326256019951E-018  -1.0640884927581205E-027  -1.0214421491008628E-038  -4.8944983484365244E-050  -9.3986438505072491E-061  -2.2551050511512407E-070  -2.4558989469877637E-080   7.4226330284561457E-085   4.2992436063807954E-090   9.2756578161660383E-095   4.3706246354864084E-099   2.7478104709636146E-103
  -1.2417141060048972E-022  -9.7082747605237025E-012  -6.1720171699980180E-012  -4.3877341673428608E-018  -1.5571305202907176E-027  -1.4849879738239282E-038  -7.0684579603409457E-050  -1.3490372221912010E-060  -3.2203114642812364E-070  -3.4932753565108134E-080   1.0528841166130503E-084   6.0876039901783942E-090   1.3120711656000991E-094   6.1793219336403270E-099   3.8843207044356606E-103
  -1.8185281520487464E-022  -1.4328898950713280E-011  -9.1133068756519588E-012  -6.4565027549253795E-018  -2.2786219524798155E-027  -2.1588978351699007E-038  -1.0208011905992430E-049  -1.9363446959543157E-060  -4.5986353916767771E-070  -4.9688415384642998E-080   1.4934928861064861E-084   8.6198703131661512E-090   1.8559662047675374E-094   8.7365131397975511E-099   5.4908981146318025E-103
  -2.6632898157323899E-022  -2.1148694621315684E-011  -1.3456274866265902E-011  -9.5006727875488682E-018  -3.3344140448407383E-027  -3.1386380652961015E-038  -1.4742042258503303E-049  -2.7793382558850847E-060  -6.5668950480793530E-070  -7.0676896848271039E-080   2.1184867017757086E-084   1.2205485822494373E-089   2.6253229573741939E-094   1.2351947779385630E-098   7.7619651924411310E-103
  -3.9004688501050370E-022  -3.1214350141136734E-011  -1.9868893898746760E-011  -1.3980135095611999E-017  -4.8794038602685820E-027  -4.5629990310702406E-038  -2.1289924968888204E-049  -3.9893316057248770E-060  -9.3775885184468768E-070  -1.0053095279465006E-079   3.0050266355881628E-084   1.7282613160752651E-089   3.7136024415577527E-094   1.7463559144398410E-098   1.0972358690392915E-102
  -5.7123549442732091E-022  -4.6070721565710551E-011  -2.9337460460295489E-011  -2.0571613809467105E-017  -7.1402594658899425E-027  -6.6337562185067102E-038  -3.0746140333526248E-049  -5.7260992000226584E-060  -1.3391285457652738E-069  -1.4299541867750016E-079   4.2625639646675502E-084   2.4471677892361726E-089   5.2530082262674044E-094   2.4690510631282368E-098   1.5510589424237357E-102
  -8.3659168096369777E-022  -6.7997933730756272E-011  -4.3318292517539853E-011  -3.0270900765864724E-017  -1.0448674764761708E-026  -9.6442538048767339E-038  -4.4402464355626157E-049  -8.2189737739246031E-060  -1.9122882743157332E-069  -2.0339695550683112E-079   6.0463529091385317E-084   3.4651184580194841E-089   7.4305464450405636E-094   3.4908194265387729E-098   2.1925858519932691E-102
  -1.2252138108906815E-021  -1.0036132870432452E-010  -6.3961719077140985E-011  -4.4543292246345453E-017  -1.5290032828058250E-026  -1.4020959873111228E-037  -6.4124433065458221E-049  -1.1797128743581434E-059  -2.7307657983000140E-069  -2.8931221593112071E-079   8.5766181523088771E-084   4.9065070145698386E-089   1.0510743193876062E-093   4.9354265893839340E-098   3.0994519851046743E-102
  -1.7943626089504775E-021  -1.4812797084481229E-010  -9.4442812326460859E-011  -6.5544954878518831E-017  -2.2374617196360877E-026  -2.0383879987993825E-037  -9.2606185870517515E-049  -1.6933044136826229E-059  -3.8995594547385201E-069  -4.1151824491901742E-079   1.2165743544670257E-083   6.9474713105399355E-089   1.4867779009643783E-093   6.9778560963314879E-098   4.3814031722866426E-102
  -2.6278981130581628E-021  -2.1862898040104059E-010  -1.3944973068025339E-010  -9.6448662960241113E-017  -3.2741818662743802E-026  -2.9634387331855859E-037  -1.3373850104400509E-048  -2.4304895541528485E-059  -5.5686078601672865E-069  -5.8534433145880815E-079   1.7256838679926471E-083   9.8374174229821189E-089   2.1030944106995475E-093   9.8655050002128870E-098   6.1935767513887063E-102
  -3.8486358434349336E-021  -3.2268469672701332E-010  -2.0590478242072581E-010  -1.4192311709056872E-016  -4.7912625862934595E-026  -4.3082911430810114E-037  -1.9314029917187386E-048  -3.4886104260990008E-059  -7.9520247736574725E-069  -8.3259488492873859E-079   2.4478444731090400E-083   1.3929497105775916E-088   2.9748936249815706E-093   1.3948150772140183E-097   8.7552757563125194E-102
  -5.6364427761843570E-021  -4.7626535833047289E-010  -3.0402911322356757E-010  -2.0883825585750857E-016  -7.0112771780629121E-026  -6.2634573875019113E-037  -2.7892622106176903E-048  -5.0073873384536379E-059  -1.1355566662028894E-068  -1.1842845380143173E-078   3.4722133470352811E-083   1.9723762974601748E-088   4.2080812125645227E-093   1.9720319429612915E-097   1.2376508218270819E-101
  -8.2547394283786868E-021  -7.0294217668230931E-010  -4.4891477194114428E-010  -3.0730311359397107E-016  -1.0259927429958109E-025  -9.1059068213390626E-037  -4.0281513577283271E-048  -7.1873682401106671E-059  -1.6215856641021075E-068  -1.6845285621643677E-078   4.9252579764210685E-083   2.7928274993923118E-088   5.9524640943693256E-093   2.7881186883435824E-097   1.7495503274809124E-101
  -1.2089312938764950E-020  -1.0375049882209013E-009  -6.6284594631449346E-010  -4.5219301565802764E-016  -1.5013827801019361E-025  -1.3238301523992232E-036  -5.8173100747562274E-048  -1.0316410206428349E-058  -2.3156396631537978E-068  -2.3960766017293964E-078   6.9863696975560530E-083   3.9545625485540462E-088   8.4199489021445657E-093   3.9419269282141060E-097   2.4731744157459553E-101
  -1.7705159959927455E-020  -1.5313017122074033E-009  -9.7872638631311295E-010  -6.6539682794094209E-016  -2.1970430208006323E-025  -1.9246037476133511E-036  -8.4011480894526021E-048  -1.4807689715435563E-058  -3.3067553244291145E-068  -3.4081838676144118E-078   9.9100111581208604E-083   5.5995456024424422E-088   1.1910284274261965E-092   5.5732160794295238E-097   3.4960935928335386E-101
  -2.5929734732793261E-020  -2.2601191000351998E-009  -1.4451401698552816E-009  -9.7912375738350234E-016  -3.2150348176091775E-025  -2.7980171842629688E-036  -1.2132633026102467E-047  -2.1254260804388067E-058  -4.7220778373042350E-068  -4.8478071376339045E-078   1.4057132002217467E-082   7.9287937800129266E-088   1.6847474147904679E-092   7.8795822523389217E-097   4.9420980304070573E-101
  -3.7974868315179127E-020  -3.3358142917563019E-009  -2.1338241816015069E-009  -1.4407692687946786E-015  -4.7047092461110291E-025  -4.0677983846426583E-036  -1.7521507861701630E-047  -3.0507365272212555E-058  -6.7431717272036988E-068  -6.8955299680101549E-078   1.9939731325237898E-082   1.1226941476317053E-087   2.3831285513390953E-092   1.1140392831956078E-096   6.9861782276880577E-101
  -5.5615322831778783E-020  -4.9234823585458059E-009  -3.1507016084858780E-009  -2.1200752220532034E-015  -6.8846186045547251E-025  -5.9138247893497116E-036  -2.5303924813813607E-047  -4.3788835446548159E-058  -9.6293128417980541E-068  -9.8082147434491586E-078   2.8284068531103814E-082   1.5897022717595806E-087   3.3710107762919619E-092   1.5750625916067438E-096   9.8757017616290487E-101
  -8.1450289342876314E-020  -7.2667946564505758E-009  -4.6521734567931363E-009  -3.1196659260849153E-015  -1.0074580514018627E-024  -8.5976048146678716E-036  -3.6543008055034245E-047  -6.2852431807090231E-058  -1.3750749525271613E-067  -1.3951222994689164E-077   4.0120326535966567E-082   2.2509721964443467E-087   4.7684014545385062E-092   2.2268713541024204E-096   1.3960348862835343E-100
  -1.1928635902171572E-019  -1.0725396847971323E-008  -6.8691738037269741E-009  -4.5905518121263044E-015  -1.4742598782023719E-024  -1.2499323158682839E-035  -5.2774082706011329E-047  -9.0215419388926087E-058  -1.9636199886256395E-067  -1.9844245637139033E-077   5.6909797040474637E-082   3.1873111816579988E-087   6.7450548021894043E-092   3.1484183888049074E-096   1.9734429517970836E-100
  -1.7469839546429502E-019  -1.5830106328191565E-008  -1.0142688594315289E-008  -6.7549428961513215E-015  -2.1573524844826024E-024  -1.8171697794418209E-035  -7.6214409231124136E-047  -1.2949096161033622E-057  -2.8040678340392550E-067  -2.8226491986036357E-077   8.0725290026595066E-082   4.5131399574358276E-087   9.5410935309160442E-092   4.4513295889755313E-096   2.7896703169253548E-100
  -2.5585094827322253E-019  -2.3364380587810775E-008  -1.4976200939413400E-008  -9.9398185032134826E-015  -3.1569533187440012E-024  -2.6418278031008885E-035  -1.1006607417159244E-046  -1.8586522266478072E-057  -4.0042352546682626E-067  -4.0149414730490044E-077   1.1450704063996049E-081   6.3904749497547193E-087   1.3496178816519576E-091   6.2934250342583668E-096   3.9434940185915942E-100
  -3.7470123672656236E-019  -3.4484560022582884E-008  -2.2113129241390846E-008  -1.4626324693490865E-014  -4.6197151602378548E-024  -3.8407275343889825E-035  -1.5895341384368366E-046  -2.6678217774221931E-057  -5.7180856016810558E-067  -5.7108602105375675E-077   1.6242570744390683E-081   9.0487267056542099E-087   1.9090772142654121E-091   8.8978355485759624E-096   5.5745458446890479E-100
  -5.4876095361160588E-019  -5.0897339669989417E-008  -3.2651168479626020E-008  -2.1522461947044513E-014  -6.7602417255353496E-024  -5.5837052243748496E-035  -2.2955472560706570E-046  -3.8292655724334818E-057  -8.1654799811686074E-067  -8.1231381556371587E-077   2.3039727741569982E-081   1.2812733887283862E-086   2.7004501484625319E-091   1.2580030270506730E-095   7.8802100941979635E-100
  -8.0367647689947500E-019  -7.5121707651497110E-008  -4.8211120851156323E-008  -3.1670044160908645E-014  -9.8925724329103761E-024  -8.1176712325820486E-035  -3.3151456210649371E-046  -5.4963471842126826E-057  -1.1660382108575725E-066  -1.1554366753354569E-076   3.2681344729657851E-081   1.8142458591959931E-086   3.8198722123518002E-091   1.7786029053465102E-095   1.1139510348124787E-099
  -1.1770076625978179E-018  -1.1087555174785228E-007  -7.1186182651863081E-008  -4.6602087431703519E-014  -1.4476255485984629E-023  -1.1801587346387057E-034  -4.7876123313262871E-046  -7.8891974380071621E-057  -1.6651135103660562E-066  -1.6434952627641905E-076   4.6357765338332752E-081   2.5689193770589221E-086   5.4033301530589105E-091   2.5146428318078866E-095   1.5746875946355432E-099
  -1.7237619930963540E-018  -1.6364626914294171E-007  -1.0511002878113680E-007  -6.8574405598108810E-014  -2.1183768703174097E-023  -1.7157317297953754E-034  -6.9140949342635976E-046  -1.1323781716384339E-056  -2.3777977128798089E-066  -2.3377106945082202E-076   6.5757465687272108E-081   3.6375151296983149E-086   7.6431815282094202E-091   3.5552784443727965E-095   2.2259874473635484E-099
  -2.5244994922159491E-018  -2.4153295448350784E-007  -1.5520030779939019E-007  -1.0090640003510341E-013  -3.0999179464895443E-023  -2.4943553955898104E-034  -9.9850833449047246E-046  -1.6253621792717498E-056  -3.3955174255803385E-066  -3.3251639983301724E-076   9.3275511816619243E-081   5.1506156358586611E-086   1.0811522190864674E-090   5.0265606928215706E-095   3.1466686676411993E-099
  -3.6972025988312123E-018  -3.5648942218566349E-007  -2.2916113928899959E-007  -1.4848252730920820E-013  -4.5362518265625784E-023  -3.6263295705543722E-034  -1.4420092444911159E-045  -2.3329681376108717E-056  -4.8488306963742206E-066  -4.7297193863550865E-076   1.3230925194082776E-080   7.2931219435097664E-086   1.5293240336448001E-090   7.1067042397984781E-095   4.4481489393533292E-099
  -5.4146599252739456E-018  -5.2615883735216052E-007  -3.3836804079596630E-007  -2.1849020210315992E-013  -6.6381047033704757E-023  -5.2720097101287452E-034  -2.0824970232028868E-045  -3.3486322987245100E-056  -6.9241756348116813E-066  -6.7275615386181571E-076   1.8767774936932787E-080   1.0326848557759740E-085   2.1632772498133956E-090   1.0047674390061145E-094   6.2879289415914111E-099
  -7.9299252497736124E-018  -7.7658152730735863E-007  -4.9961753069027395E-007  -3.2150561135979469E-013  -9.7138417557253834E-023  -7.6645228224195710E-034  -3.0074660139513410E-045  -4.8064686387269522E-056  -9.8877875983587681E-066  -9.5692958631107498E-076   2.6621673882504041E-080   1.4622517201385706E-085   3.0600241381925436E-090   1.4205707346903707E-094   8.8886525406368336E-099
  -1.1613602906955386E-017  -1.1461915577922448E-006  -7.3771050242443998E-007  -4.7309147490002777E-013  -1.4214707687052758E-022  -1.1142792208266487E-033  -4.3432723328409609E-045  -6.8989780130089057E-056  -1.4119853156451618E-065  -1.3611383945331261E-075   3.7762255881866050E-080   2.0705059048870727E-085   4.3285009927285875E-090   2.0084460677943802E-094   1.2565050387015900E-098
  -1.7008453254910602E-017  -1.6917154517863372E-006  -1.0892667025359542E-006  -6.9614812799849513E-013  -2.0801029229277232E-022  -1.6199549280974276E-033  -6.2723948374776002E-045  -9.9024670385325735E-056  -2.0163282268059128E-065  -1.9360857388049676E-075   5.3564925104818277E-080   2.9317761371677231E-085   6.1228016486365676E-090   2.8396020754626306E-094   1.7762027539320360E-098
  -2.4909363854453551E-017  -2.4968783611262184E-006  -1.6083569925039753E-006  -1.0243731063690922E-012  -3.0439092220793515E-022  -2.3551133804905075E-033  -9.0583627809929716E-045  -1.4213533152690984E-055  -2.8793355403463651E-065  -2.7538918856972738E-075   7.5980661940766914E-080   4.1513097321485593E-085   8.6608967122636963E-090   4.0147156923677899E-094   2.5108504348379282E-098
  -3.6480469402026657E-017  -3.6852538757683755E-006  -2.3748196553973418E-006  -1.5073518762648823E-012  -4.4542906146104024E-022  -3.4238970430115047E-033  -1.3081755409252264E-044  -2.0401433536973240E-055  -4.1117180279490065E-065  -3.9171408321677682E-075   1.0777688891140225E-079   5.8781338260330043E-085   1.2251112504076910E-089   5.6761270275207604E-094   3.5493526240895665E-098
  -5.3426676982276757E-017  -5.4392296009685790E-006  -3.5065398223314343E-006  -2.2180487704729891E-012  -6.5181654478335889E-022  -4.9777096649255463E-033  -1.8892191248232051E-044  -2.9283252986294445E-055  -5.8715716998275443E-065  -5.5717482397994495E-075   1.5287913363724693E-079   8.3232665077670415E-085   1.7329586361401141E-089   8.0250808515962915E-094   5.0173852947483169E-098
  -7.8244869318713728E-017  -8.0279992501093702E-006  -5.1775806327982788E-006  -3.2638297912570940E-012  -9.5383265945457864E-022  -7.2366640923441639E-033  -2.7283409108934661E-044  -4.2031796302440326E-055  -8.3846591259434189E-065  -7.9252648073609659E-075   2.1685567019388969E-079   1.1785503251610786E-084   2.4513248349340480E-089   1.1346103135523765E-093   7.0926047254410832E-098
  -1.1459179849380056E-016  -1.1848877343903608E-005  -7.6449547552914623E-006  -4.8026825017314810E-012  -1.3957864375641543E-021  -1.0520763384665633E-032  -3.9401697293379572E-044  -6.0330451915046869E-055  -1.1973371350194696E-064  -1.1272911020449493E-074   3.0760497214880704E-079   1.6687929755281344E-084   3.4674765567358412E-089   1.6041465341320205E-093   1.0026146853806636E-097
  -1.6782287582061123E-016  -1.7488277289301318E-005  -1.1288153803890255E-005  -7.0670833525532958E-012  -2.0425172576207250E-021  -1.5295232335625134E-032  -5.6902483032862254E-044  -8.6595475770545096E-055  -1.7098085771393115E-064  -1.6034609025541221E-074   4.3633084947702922E-079   2.3629623056223720E-084   4.9048553242346224E-089   2.2679911083510016E-093   1.4173018886215948E-097
  -2.4578124341606216E-016  -2.5811711438773420E-005  -1.6667515381085358E-005  -1.0399118089737539E-011  -2.9889074597760985E-021  -2.2236421036526756E-032  -8.2176473140973834E-044  -1.2429504706853979E-054  -2.4416225578977558E-064  -2.2807656833165438E-074   6.1892565868938685E-079   3.3458858807685700E-084   6.9380730774165186E-089   3.2065547363368195E-093   2.0035061052116531E-097
  -3.5995338953568327E-016  -3.8096625859513760E-005  -2.4610404745631037E-005  -1.5302160892156123E-011  -4.3738025711003062E-021  -3.2327616339781209E-032  -1.1867623793852153E-043  -1.7840722570518150E-054  -3.4866597171742939E-064  -3.2441652197506563E-074   8.7793235577700028E-079   4.7376770651165597E-084   9.8141239306915186E-089   4.5335245088814524E-093   2.8321677587131004E-097
  -5.2716157623608231E-016  -5.6228456562777769E-005  -3.6338466050387976E-005  -2.2516919412041891E-011  -6.4003813768855711E-021  -4.6998333810590354E-032  -1.7138785160243253E-043  -2.5607728261675718E-054  -4.9789824768611718E-064  -4.6145064474751383E-074   1.2453276248723908E-078   6.7084128871024732E-084   1.3882388874514859E-088   6.4096346888457608E-093   4.0035686400142482E-097
  -7.7204244169746742E-016  -8.2989996792109344E-005  -5.3655514672106542E-005  -3.3133333841710406E-011  -9.3659643288729665E-021  -6.8326822163901929E-032  -2.4751201757941754E-043  -3.6756120049146243E-054  -7.1100332140970199E-064  -6.5636822621721601E-074   1.7664696846306665E-078   9.4989174697637043E-084   1.9637078375204645E-088   9.0621362602614943E-093   5.6594676656560040E-097
  -1.1306769741459344E-015  -1.2248848577108918E-004  -7.9224968858730723E-005  -4.8755234582033860E-011  -1.3705633475832584E-020  -9.9334466807198738E-032  -3.5744772448644487E-043  -5.2757992979442748E-054  -1.0153193410713727E-063  -9.3361934230914993E-074   2.5056981641605596E-078   1.3450190763174763E-083   2.7777268775285151E-088   1.2812323568327337E-092   8.0002560556156312E-097
  -1.6559066966756196E-015  -1.8078596592055910E-004  -1.1697949020478179E-004  -7.1742633300007064E-011  -2.0056063383276018E-020  -1.4441379744794695E-031  -5.1621280519395412E-043  -7.5726322338918271E-054  -1.4498854344105434E-063  -1.3279818242300792E-073   3.5542774030170559E-078   1.9045078773043340E-083   3.9291825681325407E-088   1.8114452319276127E-092   1.1309207991308663E-096
  -2.4251193472258523E-015  -2.6682965186352405E-004  -1.7272583636433636E-004  -1.0556825018331854E-010  -2.9348927650775890E-020  -2.0995073093800435E-031  -7.4549545507143342E-043  -1.0869397241542277E-053  -2.0704498355343017E-063  -1.8889237204158521E-073   5.0416638463108523E-078   2.6967277391535891E-083   5.5579530782975067E-088   2.5610763030881461E-092   1.5986761485242112E-096
  -3.5516511909660764E-015  -3.9382509831758199E-004  -2.5503795328752499E-004  -1.5534213776393763E-010  -4.2947584649786687E-020  -3.0522919567664183E-031  -1.0766169577080522E-042  -1.5601417237566945E-053  -2.9566215358614909E-063  -2.6868084699902174E-073   7.1514885950927236E-078   3.8184880104284714E-083   7.8619005039195337E-088   3.6209274858336263E-092   2.2598978015553324E-096
  -5.2014859727848383E-015  -5.8126291167442121E-004  -3.7657566580204737E-004  -2.2858365586250670E-010  -6.2847095563111029E-020  -4.4374628573414803E-031  -1.5548103421101425E-042  -2.2393534023878036E-053  -4.2220829070634089E-063  -3.8217211522473623E-073   1.0144228300014178E-077   5.4068679111570997E-083   1.1120907040131413E-087   5.1193772868551425E-092   3.1946045344147222E-096
  -7.6177109174806973E-015  -8.5791005129551539E-004  -5.5603178275289789E-004  -3.3635741925460449E-010  -9.1966919229164175E-020  -6.4512424798725689E-031  -2.2453994584224283E-042  -3.2142615777354110E-053  -6.0291734198653459E-063  -5.4360229591622224E-073   1.4389363321702281E-077   7.6559676272231644E-083   1.5730874907487036E-087   7.2379311389798978E-092   4.5159113494455355E-096
  -1.1156333096958218E-014  -1.2662248047370017E-003  -8.2100708350762996E-004  -4.9494482454744911E-010  -1.3457922481014079E-019  -9.3789015213573152E-031  -3.2427225661419237E-042  -4.6135984360088370E-053  -8.6097153274367204E-063  -7.7322086986980921E-073   2.0410993368687159E-077   1.0840627372386622E-082   2.2251820323222517E-087   1.0233206937134284E-091   6.3837182646598573E-096
  -1.6338733301044755E-014  -1.8688730159377223E-003  -1.2122553612767411E-003  -7.2830367193542228E-010  -1.9693565963539447E-019  -1.3635170082188353E-030  -4.6830194431687678E-042  -6.6221400220448938E-053  -1.2294752930798640E-062  -1.0998307338131550E-072   2.8952542268916591E-077   1.5350012889595330E-082   3.1475903945150059E-087   1.4468018856961999E-091   9.0240608653355836E-096
  -2.3928485887311608E-014  -2.7583456296144180E-003  -1.7899514139332554E-003  -1.0716874537476696E-009  -2.8818452467547291E-019  -1.9822987910526760E-030  -6.7630424609897067E-042  -9.5051050589784204E-053  -1.7557020519998922E-062  -1.5644011780257097E-072   4.1068540254033680E-077   2.1735171543055026E-082   4.4523662086776077E-087   2.0455324601837517E-091   1.2756464355053428E-095
  -3.5043863118893626E-014  -4.0711535808275129E-003  -2.6429460027482250E-003  -1.5769710705614112E-009  -4.2171291540049168E-019  -2.8818916194339960E-030  -9.7669339937046132E-042  -1.3643175846106964E-052  -2.5071586979210336E-062  -2.2252069918500257E-072   5.8254815095069892E-077   3.0776370360012499E-082   6.2980128815419774E-087   2.8920359355689567E-091   1.8032611399572287E-095
  -5.1322600172663314E-014  -6.0087785529879317E-003  -3.9024311952550327E-003  -2.3204875224818808E-009  -6.1711073180741761E-019  -4.1897310211212028E-030  -1.4105041750804446E-041  -1.9582765577996507E-052  -3.5802456831678554E-062  -3.1651383360709353E-072   8.2633165342012984E-077   4.3578444737281579E-082   8.9087384966208211E-087   4.0888482652940550E-091   2.5491003213327125E-095
  -7.5163196962369773E-014  -8.8685949630822585E-003  -5.7621178250489664E-003  -3.4145594511758017E-009  -9.0304469481987267E-019  -6.0910842943369033E-030  -2.0369974402658699E-041  -2.8108169644235135E-052  -5.1126237314114783E-062  -4.5020983177034835E-072   1.1721331521916098E-076   6.1705809433319102E-082   1.2601692481349233E-086   5.7809378951710270E-091   3.6034228785672300E-095
  -1.1007830965962664E-013  -1.3089508833798847E-002  -8.5080283632229733E-003  -5.0244675814448361E-009  -1.3214640117254801E-018  -8.8552952343106531E-030  -2.9417554975583936E-041  -4.0345128142781597E-052  -7.3008736073575247E-062  -6.4037925178014975E-072   1.6626449183456344E-076   8.7373630201521105E-082   1.7825492734342203E-086   8.1732656176946503E-091   5.0938193103479644E-095
  -1.6121229978575105E-013  -1.9319317835169353E-002  -1.2562487342560800E-002  -7.3934194511923156E-009  -1.9337546970985858E-018  -1.2873939008642623E-029  -4.2483730648749269E-041  -5.7909474537559030E-052  -1.0425714426684043E-061  -9.1087656404747324E-072   2.3584249920932636E-076   1.2371851725575313E-081   2.5214723465608230E-086   1.1555611227463474E-090   7.2006522794759182E-095
  -2.3609919524881988E-013  -2.8514130355867133E-002  -1.8549075051492711E-002  -1.0879290403010980E-008  -2.8297454391124183E-018  -1.8716292133981322E-029  -6.1353409401364290E-041  -8.3120498795506551E-052  -1.4888015628917464E-061  -1.2956324077335985E-071   3.3453736109447670E-076   1.7518181933400569E-081   3.5667024115381247E-086   1.6337674200731289E-090   1.0178883483441441E-094
  -3.4577273926182530E-013  -4.2085101602686019E-002  -2.7388534351469630E-002  -1.6008687216476036E-008  -4.1408862455231976E-018  -2.7209975329043823E-029  -8.8604287411877030E-041  -1.1930719856680003E-051  -2.1260222397072530E-061  -1.8429097812504449E-071   4.7453383571617891E-076   2.4805235692889643E-081   5.0452134068175948E-086   2.3098700102333406E-090   1.4388928244183428E-094
  -5.0639207857542581E-013  -6.2115006522166741E-002  -4.0440381036765186E-002  -2.3556501645763520E-008  -6.0595332831319172E-018  -3.9558192956293368E-029  -1.2795897519868938E-040  -1.7124785737854056E-051  -3.0359791616126937E-061  -2.6213580546029735E-071   6.7311573240370358E-076   3.5123491673352967E-081   7.1366139849854765E-086   3.2657643907168153E-090   2.0340271733591827E-094
  -7.4162261502115757E-013  -9.1677887261601018E-002  -5.9711997317928200E-002  -3.4662971816871194E-008  -8.8671691504197168E-018  -5.7510176958465400E-029  -1.8479352460189250E-040  -2.4580099398137821E-051  -4.3354059075855585E-061  -3.7286242064033799E-071   9.5479975133079253E-076   4.9733841739070679E-081   1.0094966266648801E-085   4.6172369035234971E-090   2.8753125120668155E-094
  -1.0861228074724904E-012 -0.13531083182078615       -8.8167366843639530E-002  -5.1005935643383055E-008  -1.2975698719456336E-017  -8.3608980026297612E-029  -2.6687182377791037E-040  -3.5281099659281624E-051  -6.1909990768169226E-061  -5.3036014613306292E-071   1.3543622878075803E-075   7.0421672049318395E-081   1.4279649157877166E-085   6.5279897960369195E-090   4.0645583055651947E-094
  -1.5906506580274908E-012 -0.19971028822622450      -0.13018293442846426       -7.5054298113613708E-008  -1.8987878967992631E-017  -1.2155171984795899E-028  -3.8540618197524311E-040  -5.0640802654160270E-051  -8.8408029066650801E-061  -7.5438517717332956E-071   1.9211328869441095E-075   9.9715037406917021E-081   2.0199015488814420E-085   9.2294702780661031E-090   5.7456829990682205E-094
  -2.3295422543561273E-012 -0.29475977815751953      -0.19222070124696414       -1.1044100303138646E-007  -2.7785748321842630E-017  -1.7671330584428566E-028  -5.5658898484987397E-040  -7.2687383710123230E-051  -1.2624746696067632E-060  -1.0730387583257679E-070   2.7250844137111888E-075   1.4119358977881582E-080   2.8572146416902286E-085   1.3048905444941246E-089   8.1221305343004658E-094
  -3.4116642296189035E-012 -0.43504673398769078      -0.28382207677157451       -1.6251185295081506E-007  -4.0660028762383168E-017  -2.5690783832402446E-028  -8.0380465141091178E-040  -1.0433198795292010E-050  -1.8028252515285391E-060  -1.5262921457528618E-070   3.8654718238453485E-075   1.9992601207916618E-080   4.0416204983146844E-085   1.8448938903248567E-089   1.1481490437091288E-093
  -4.9964538343388501E-012 -0.64210124915252853      -0.41907534064838226       -2.3913308585708322E-007  -5.9499484957459171E-017  -3.7349553807261269E-028  -1.1608240558866321E-039  -1.4975313267110816E-050  -2.5744507398631078E-060  -2.1710005190865167E-070   5.4830860683716231E-075   2.8308941165831005E-080   5.7170000479790529E-085   2.6083670236091034E-089   1.6230300914724732E-093
  -7.3174099021903997E-012 -0.94770032400286874      -0.61878240817578523       -3.5187970665785575E-007  -8.7068020801741884E-017  -5.4299201134084290E-028  -1.6764177867943139E-039  -2.1494845982517679E-050  -3.6763388581362614E-060  -3.0880347774960180E-070   7.7776359847431016E-075   4.0084636343091874E-080   8.0868774155627122E-085   3.6877885301002174E-089   2.2943246714404637E-093
  -1.0716495774544346E-011  -1.3987447110831988      -0.91365814479590846       -5.1778409086854042E-007  -1.2741016545654891E-016  -7.8940781470950996E-028  -2.4210184347868795E-039  -3.0852669481022216E-050  -5.2498449514955330E-060  -4.3924258174538696E-070   1.1032404122890604E-074   5.6758677738146849E-080   1.1439143912284634E-084   5.2139074431317760E-089   3.2432705498756980E-093
  -1.5694522968822205E-011  -2.0644568107693431       -1.3490542792657976       -7.6190901622166466E-007  -1.8644443662524451E-016  -1.1476497366190557E-027  -3.4963420069437699E-039  -4.4284438557355554E-050  -7.4968257003242456E-060  -6.2477937690060676E-070   1.5649220486040976E-074   8.0368634675059290E-080   1.6181030902257427E-084   7.3715807171130832E-089   4.5847059001950309E-093
  -2.2984938906895095E-011  -3.0470042798349786       -1.9919344457044224       -1.1211338212909104E-006  -2.7283163170407922E-016  -1.6684656122137413E-027  -5.0492827943813411E-039  -6.3563752264165449E-050  -1.0705534220807262E-059  -8.8868721634181831E-070   2.2198072003916140E-074   1.1379964594016478E-079   2.2888580027959881E-084   1.0422164728509775E-088   6.4809666244982152E-093
  -3.3661890266840164E-011  -4.4971797594681453       -2.9411731041087932       -1.6497256528658497E-006  -3.9924543127084783E-016  -2.4256331407443547E-027  -7.2919797917158493E-039  -9.1236348704976890E-050  -1.5287598492829007E-059  -1.2640701540235111E-069   3.1487472466372471E-074   1.6113698397181851E-079   3.2376620408187992E-084   1.4735173059899664E-088   9.1615316871437106E-093
  -4.9298483531686207E-011  -6.6375430912198041       -4.3427622949683942       -2.4275374304955804E-006  -5.8423172135270172E-016  -3.5264110537530146E-027  -1.0530795826558838E-038  -1.3095625682398467E-049  -2.1830826874365414E-059  -1.7980154477688927E-069   4.4664280707701396E-074   2.2816527547239350E-079   4.5797753596807017E-084   2.0833035236407912E-088   1.2950793871178239E-092
  -7.2198560125058454E-011  -9.7965776558314435       -6.4122649985984665       -3.5720709647845357E-006  -8.5492940996026772E-016  -5.1267331173688807E-027  -1.5208168070146512E-038  -1.8796829228336775E-049  -3.1174614830750143E-059  -2.5575000857622993E-069   6.3355290478300403E-074   3.2307538323621402E-079   6.4782370936052757E-084   2.9454377986412062E-088   1.8307316679192750E-092
  -1.0573613480716227E-010  -14.459102804258631       -9.4679683825283494       -5.2562275598419434E-006  -1.2510519003875649E-015  -7.4532973078674809E-027  -2.1963046883453110E-038  -2.6980060848109481E-049  -4.4517626391524666E-059  -3.6377922385297276E-069   8.9868072523821337E-074   4.5746533020107072E-079   9.1636712528837385E-084   4.1643494209461191E-088   2.5879328113920583E-092
  -1.5485250857985171E-010  -21.340679167038193       -13.979835840083773       -7.7344276161499302E-006  -1.8307133305450409E-015  -1.0835679249125759E-026  -3.1718179195061079E-038  -3.8725875042730315E-049  -6.3571564192747174E-059  -5.1744014965022455E-069   1.2747586459956922E-073   6.4775757870923167E-079   1.2962302791557097E-083   5.8876836919772731E-088   3.6583167005306344E-092
  -2.2678429832426881E-010  -31.497425805248032       -20.641786542435899       -1.1381045021584493E-005  -2.6789543269896089E-015  -1.5753019006895461E-026  -4.5806159677944144E-038  -5.5585247104136230E-049  -9.0780754410195815E-059  -7.3600769052248378E-069   1.8082168160664348E-073   9.1720585659605595E-079   1.8335587220675641E-083   8.3241860224334437E-088   5.1714175189096379E-092
  -3.3212964749571241E-010  -46.488102804598057       -30.478418944846609       -1.6746962463444001E-005  -3.9202180588574233E-015  -2.2901894751338527E-026  -6.6151468828139141E-038  -7.9784371339186226E-049  -1.2963571591340923E-058  -1.0468984995033199E-068   2.5649153681123298E-073   1.2987367643819128E-078   2.5936267948792600E-083   1.1768987012782064E-087   7.3103455327485031E-092
  -4.8640970805929628E-010  -68.613334063072202       -45.002592087327848       -2.4642791247325034E-005  -5.7366069116460227E-015  -3.3294998064390877E-026  -9.5533365080445227E-038  -1.1451861840258371E-048  -1.8512093967985683E-058  -1.4891100644871458E-068   3.6382754336183760E-073   1.8389734081426903E-078   3.6687671161758897E-083   1.6639351267758819E-087   1.0333946466476939E-091
  -7.1235545453431006E-010  -101.26868368045368       -66.448100336240273       -3.6261327304428532E-005  -8.3945981550975654E-015  -4.8404588931368627E-026  -1.3796554307498246E-037  -1.6437446723274740E-048  -2.6435432158972454E-058  -2.1181124695510998E-068   5.1608128065500085E-073   2.6039327462393005E-078   5.1895870936148872E-083   2.3525220155676832E-087   1.4608126123304675E-091
  -1.0432567576186116E-009  -149.46577239213201       -98.113226398642894       -5.3357742313690779E-005  -1.2284137968123248E-014  -7.0371051801758195E-026  -1.9924442089937462E-037  -2.3593512543829565E-048  -3.7750027785656061E-058  -3.0128064431034715E-068   7.3204981879199703E-073   3.6870928660128011E-078   7.3408350336776203E-083   3.3260670696026241E-087   2.0650131048756053E-091
  -1.5278671525087626E-009  -220.60140946766683       -144.86801023726926       -7.8514730660822563E-005  -1.7975849167438695E-014  -1.0230609610884505E-025  -2.8774095450126415E-037  -3.3864980704513159E-048  -5.3907368155296242E-058  -4.2854204952241753E-068   1.0383963827590411E-072   5.2208160121212310E-078   1.0383843255280476E-082   4.7024946304211342E-087   2.9191143930928123E-091
  -2.2375869446573337E-009  -325.59277822122385       -213.90325059085188       -1.1553266686412843E-004  -2.6304745381213972E-014  -1.4873355165881771E-025  -4.1554414421197317E-037  -4.8608145103210699E-048  -7.6980189492367137E-058  -6.0955886194368223E-068   1.4729421627623766E-072   7.3925232612211792E-078   1.4688274583142625E-082   6.6485297125613877E-087   4.1264768817729541E-091
  -3.2769829734380184E-009  -480.55289119532983       -315.83643362804611       -1.7000371287481154E-004  -3.8492733070386987E-014  -2.1623020052863160E-025  -6.0011244080464013E-037  -6.9769763512098369E-048  -1.0992837671326739E-057  -8.6703744349235623E-068   2.0893356736860105E-072   1.0467597389122481E-077   2.0777028765743787E-082   9.3998932036214524E-087   5.8332114328031384E-091
  -4.7991949588034076E-009  -709.26344573023334       -466.34467766680433       -2.5015660314019878E-004  -5.6327873218164793E-014  -3.1435742360626676E-025  -8.6665863950828936E-037  -1.0014411652418463E-047  -1.5697867052743155E-057  -1.2332753553521901E-067   2.9636761371941444E-072   1.4821812661999571E-077   2.9389764022357992E-082   1.3289854451174076E-086   8.2458611997099583E-091
  -7.0284983176096083E-009  -1046.8245868101124       -688.57583645759075       -3.6809972537223779E-004  -8.2426701500541575E-014  -4.5701563571272427E-025  -1.2515940476097011E-036  -1.4374197729808543E-047  -2.2416689234435786E-057  -1.7542126936797990E-067   4.2039086012758695E-072   2.0987254473822301E-077   4.1572750278223674E-082   1.8789599776897392E-086   1.1656396770480678E-090
  -1.0293347729625263E-008  -1545.0417026666935       -1016.7085820281661       -5.4165028364820309E-004  -1.2061809093578356E-013  -6.6441337400977011E-025  -1.8075024119984778E-036  -2.0632021253545251E-047  -3.2011224595226819E-057  -2.4951947149138315E-067   5.9631507073790013E-072   2.9717340212010725E-077   5.8805969404370631E-082   2.6565306707260983E-086   1.6477549444941981E-090
  -1.5074769906168632E-008  -2280.3759588559569       -1501.2089976638078       -7.9702586716499718E-004  -1.7650497202574054E-013  -9.6592997402553196E-025  -2.6103230638846076E-036  -2.9614194559130652E-047  -4.5712302674283239E-057  -3.5491686016351344E-067   8.4585964117223947E-072   4.2078886904280264E-077   8.3182902522073478E-082   3.7558837253346410E-086   2.3292758558482288E-090
  -2.2077235475617975E-008  -3365.6787300015230       -2216.5921295596077       -1.1728050274556882E-003  -2.5828631815807477E-013  -1.4042773500794939E-024  -3.7697245251064273E-036  -4.2506765706827321E-047  -6.5277558364211115E-057  -5.0483425530830518E-067   1.1998330491359825E-071   5.9582476317504376E-077   1.1766484482439939E-081   5.3101824519225675E-086   3.2926777305553675E-090
  -3.2332451839066063E-008  -4967.5107976834961       -3272.8822002652391       -1.7257551697965117E-003  -3.7795998649021440E-013  -2.0415504233492056E-024  -5.4440856491439495E-036  -6.1012129669952912E-047  -9.3216908979674971E-057  -7.1807696906909513E-067   1.7019364321419299E-071   8.4367048129708782E-077   1.6644064192462343E-081   7.5076971811795060E-086   4.6545481537011089E-090
  -4.7351369225865425E-008  -7331.7042683390264       -4832.5340289597179       -2.5394081504216399E-003  -5.5308287826070513E-013  -2.9680232797749445E-024  -7.8621307758813608E-036  -8.7573820291591513E-047  -1.3311453737069909E-056  -1.0213937026758228E-066   2.4141588774386462E-071   1.1946127846911891E-076   2.3543554828397469E-081   1.0614610221810833E-085   6.5796960048838924E-090
  -6.9346795615399707E-008  -10821.090161614737       -7135.4181185381440       -3.7366790532039401E-003  -8.0934664445304340E-013  -4.3149370899723576E-024  -1.1354174341353004E-035  -1.2569916553826935E-046  -1.9008868645784329E-056  -1.4528318443757573E-066   3.4244305200725681E-071   1.6915368428914959E-076   3.3303102353018611E-081   1.5007258201955098E-085   9.3010960623968119E-090
  -1.0155941926110324E-007  -15971.181663580748       -10535.712033052709       -5.4984344018006092E-003  -1.1843468078946617E-012  -6.2730912814348958E-024  -1.6397243069513856E-035  -1.8042241087836064E-046  -2.7144824960364546E-056  -2.0665100494838022E-066   4.8574782912392299E-071   2.3951668034966194E-076   4.7108290708419773E-081   2.1217717270073824E-085   1.3148082810147048E-089
  -1.4873527297333355E-007  -23572.358661452461       -15556.371833331445       -8.0908148133516464E-003  -1.7330982537903427E-012  -9.1198715200909560E-024  -2.3680239599837472E-035  -2.5896946363830945E-046  -3.8763038704254639E-056  -2.9394067642801853E-066   6.8902245543522371E-071   3.3914862858916851E-076   6.6636165832638382E-081   2.9998252835503815E-085   1.8586205364892253E-089
  -2.1782498677114847E-007  -34791.166275567542       -22969.561085939273       -1.1905439586686974E-002  -2.5361062426527060E-012  -1.3258543184379815E-023  -3.4198049134918804E-035  -3.7171203410174471E-046  -5.5353944980835206E-056  -4.1810162309223859E-066   9.7736297255887048E-071   4.8022455835087283E-076   9.4258962179656644E-081   4.2412440567688859E-085   2.6273566630052545E-089
  -3.1900785236014505E-007  -51349.342847642227       -33915.407135820162       -1.7518566722034178E-002  -3.7111770087518587E-012  -1.9275376497068944E-023  -4.9387444409319357E-035  -5.3353716231781526E-046  -7.9045897402553778E-056  -5.9470832008608587E-066   1.3863675542052501E-070   6.7998395551479724E-076   1.3333228031565053E-080   5.9963996030337033E-085   3.7140464646770304E-089
  -4.6719157850887637E-007  -75788.052456855177       -50077.348915040835       -2.5778145361750323E-002  -5.4307006246407466E-012  -2.8022695442513815E-023  -7.1323354075413076E-035  -7.6581296890860226E-046  -1.1287820243213634E-055  -8.4591392081841034E-066   1.9665314133764504E-070   9.6283742842359073E-076   1.8860272322920459E-080   8.4778917927974359E-085   5.2501974064659873E-089
  -6.8420870148142151E-007  -111857.87317746348       -73941.044109453709       -3.7931911193258915E-002  -7.9469416229439038E-012  -4.0739614857115986E-023  -1.0300230545049018E-034  -1.0992101961471436E-045  -1.6119101463953379E-055  -1.2032290988798754E-065   2.7894808797788654E-070   1.3633496852543266E-075   2.6678451076425670E-080   1.1986300775556387E-084   7.4217091954683801E-089
  -1.0020332550626821E-006  -165094.39172191924       -109176.65458815091       -5.5815875481784266E-002  -1.1629047646702996E-011  -5.9227568834982562E-023  -1.4875176088130659E-034  -1.5777521077904993E-045  -2.3018211028867560E-055  -1.7114746761710717E-065   3.9568162989547939E-070   1.9304633427752321E-075   3.7737511894280812E-080   1.6946595889411219E-084   1.0491370724311942E-088
  -1.4674916226595128E-006  -243667.73965921460       -161203.30405450609       -8.2131681716562280E-002  -1.7017205495099619E-011  -8.6105495103966374E-023  -2.1482126447092782E-034  -2.2646275138803239E-045  -3.2870196452139950E-055  -2.4344038459278332E-065   5.6126554865271017E-070   2.7334797160595185E-075   5.3380902754065226E-080   2.3959611682283100E-084   1.4830661879378966E-088
  -2.1491616361948454E-006  -359636.44749792473       -238022.51917690891      -0.12085472856254043       -2.4901889541876941E-011  -1.2518082376119215E-022  -3.1023615180917521E-034  -3.2505344972281005E-045  -4.6938912799022112E-055  -3.4626992294915883E-065   7.9614263368789364E-070   3.8705274418527189E-075   7.5508973246121068E-080   3.3874826272786182E-084   2.0964708759307202E-088
  -3.1474763871231060E-006  -530798.04249738285       -351448.83393011056      -0.17783471189650588       -3.6439828681211484E-011  -1.8198882311537513E-022  -4.4803044231288828E-034  -4.6656565828450318E-045  -6.7029155382775926E-055  -4.9253478993673088E-065   1.1293105239648954E-069   5.4805538016321343E-075   1.0680982787646589E-079   4.7893257605289017E-084   2.9635832629683114E-088
  -4.6095213739247686E-006  -783420.39667633490       -518926.81879832537      -0.26167930629692998       -5.3323704746081785E-011  -2.6457670413327398E-022  -6.4702733135327726E-034  -6.6968527346169933E-045  -9.5718186557657442E-055  -7.0058212254324926E-065   1.6019017207547786E-069   7.7603040843927306E-075   1.5108587535201279E-079   6.7712941297636576E-084   4.1893383089828917E-088
  -6.7507050921584145E-006  -1156272.9977186229       -766213.98596566741      -0.38505447850630287       -7.8030478014389303E-011  -3.8464355643497754E-022  -9.3441050323050551E-034  -9.6123310190924347E-045  -1.3668635783364249E-054  -9.9650891070978738E-065   2.2722617554648993E-069   1.0988363867773961E-074   2.1371574285353182E-079   9.5734611636579336E-084   5.9220726752503179E-088
  -9.8864958551144570E-006  -1706576.8108719268       -1131342.1893566039      -0.56659786340847451       -1.1418477039205600E-010  -5.5919759432551096E-022  -1.3494375146855685E-033  -1.3797063950820286E-044  -1.9518924089763882E-054  -1.4174355443799083E-064   3.2231524567719067E-069   1.5559202184931390E-074   3.0230766835653828E-079   1.3535249961006041E-083   8.3714759169666459E-088
  -1.4478900715994490E-005  -2518785.8404395264       -1670466.7649490356      -0.83373424460536005       -1.6709061637324505E-010  -8.1296547120439165E-022  -1.9488025090491312E-033  -1.9803621909817749E-044  -2.7873183447406954E-054  -2.0161621105812694E-064   4.5719696234009442E-069   2.2031375653018187E-074   4.2762374469466168E-079   1.9136547198869314E-083   1.1833966391997993E-087
  -2.1204534352178159E-005  -3717548.0719569721       -2466502.9823933970       -1.2268184569696121       -2.4450959222639741E-010  -1.1818949553429561E-021  -2.8143808247976541E-033  -2.8425136887568102E-044  -3.9803133708044130E-054  -2.8677915156919123E-064   6.4852365636125312E-069   3.1195784108945204E-074   6.0488729196135303E-079   2.7055831223367807E-083   1.6728562790972497E-087
  -3.1054306672498801E-005  -5486834.8731509401       -3641878.0543409777       -1.8052315538298351       -3.5779947869361247E-010  -1.7182471406603105E-021  -4.0644134363591053E-033  -4.0800030997337770E-044  -5.6839199415440091E-054  -4.0791502220157558E-064   9.1991628555571155E-069   4.4172318592668138E-074   8.5563217703782155E-079   3.8252355308082995E-083   2.3647592337859949E-087
  -4.5479416368544009E-005  -8098174.5865951804       -5377359.9032868752       -2.6563511487909155       -5.2358050443105374E-010  -2.4979995324253098E-021  -5.8696590565248499E-033  -5.8562338533804498E-044  -8.1166839062097162E-054  -5.8021883140022114E-064   1.3048806487141135E-068   6.2546712063625733E-074   1.2103187344342590E-078   5.4082340838213971E-083   3.3428372192985916E-087
  -6.6605159992067450E-005  -11952323.239996718       -7939858.4625006560       -3.9087510255648601       -7.6617361594628813E-010  -3.6316086957582824E-021  -8.4767203273149522E-033  -8.4057470724564331E-044  -1.1590690481593780E-053  -8.2530397672464535E-064   1.8509439696357035E-068   8.8564316010604139E-074   1.7120340688805889E-078   7.6463254759529547E-083   4.7254538695203859E-087
  -9.7544057556521032E-005  -17640767.454596516       -11723475.221466858       -5.7516239979540922       -1.1211684796207410E-009  -5.2796570549651652E-021  -1.2241730527972240E-032  -1.2065191363394188E-043  -1.6551599841479099E-053  -1.1739133795971586E-063   2.6255225486356810E-068   1.2540448246033079E-073   2.4217262501204127E-078   1.0810607001958743E-082   6.6799286959395119E-087
  -1.4285442818999663E-004  -26036498.221636042       -17310114.244986225       -8.4633621092716762       -1.6406446582775104E-009  -7.6756002978757271E-021  -1.7679002505970860E-032  -1.7317775299143351E-043  -2.3635818252382960E-053  -1.6697758063055802E-063   3.7242448943370618E-068   1.7756908087091172E-073   3.4256082466270896E-078   1.5284364242572483E-082   9.4427855192410730E-087
  -2.0921197885523743E-004  -38427986.333251916       -25558976.360455267       -12.453611602271517       -2.4008119330325970E-009  -1.1158837677971657E-020  -2.5531285420413486E-032  -2.4857072280532569E-043  -3.3752138902638698E-053  -2.3750911031329009E-063   5.2827578990139229E-068   2.5143262668052122E-073   4.8456310234865002E-078   2.1609497980874356E-082   1.3348375768244972E-086
  -3.0639335286004426E-004  -56716920.292056926       -37738700.309550494       -18.325155640287360       -3.5131906408854393E-009  -1.6222789800553708E-020  -3.6871226577252292E-032  -3.5678602827641162E-043  -4.8198325643351565E-053  -3.3783324006289876E-063   7.4934736328475597E-068   3.5602124722773365E-073   6.8542980698289716E-078   3.0552163985053667E-082   1.8869340539302224E-086
  -4.4871654665243251E-004  -83710052.980580389       -55722473.576485835       -26.964973016338721       -5.1409722351401335E-009  -2.3584794369175784E-020  -5.3247898341674533E-032  -5.1211287195229891E-043  -6.8827595477905367E-053  -4.8053439771672867E-063   1.0629324294925237E-067   5.0411567468882006E-073   9.6956210153297039E-078   4.3195576524467075E-082   2.6673807995296795E-086
  -6.5715041490416789E-004  -123549946.00245315       -82276120.072090745       -39.678228525729253       -7.5229602385013775E-009  -3.4287720998794636E-020  -7.6898406132534228E-032  -7.3506125842309579E-043  -9.8286356849697572E-053  -6.8351268716187474E-063   1.5077458076828774E-067   7.1381305178132994E-073   1.3714762010936872E-077   6.1071216795769117E-082   3.7706247936580362E-086
  -9.6240406233529311E-004  -182350716.89697853       -121483471.30821614       -58.385436106520679       -1.1008603837852353E-008  -4.9847699377054969E-020  -1.1105348376683266E-031  -1.0550702187865565E-042  -1.4035370175886642E-052  -9.7222923550933848E-063   2.1387035986917195E-067   1.0107384029063582E-072   1.9399963811639937E-077   8.6344339375790746E-082   5.3301768285658760E-086
  -1.4094512899898064E-003  -269136355.75614572       -179374441.34964964       -85.912578990188067       -1.6109263712929407E-008  -7.2468887257666249E-020  -1.6037882136457432E-031  -1.5143950596276682E-042  -2.0042620312959222E-052  -1.3828999772082507E-062   3.0337030569814277E-067   1.4311760125220221E-072   2.7441861201396316E-077   1.2207624687154110E-081   7.5347685252701819E-086
  -2.0641566941374157E-003  -397225612.46830618       -264852400.89621440       -126.41801358424672       -2.3573231038039260E-008  -1.0535570132257691E-019  -2.3161241248280562E-031  -2.1736869243141552E-042  -2.8621020919132660E-052  -1.9670384958042121E-062   4.3032396863734169E-067   2.0265033652082885E-072   3.8817378874821524E-077   1.7259510177570653E-081   1.0651191984701073E-085
  -3.0229796584413967E-003  -586275990.16184163       -391063476.96394706       -186.02064695729902       -3.4495505302872239E-008  -1.5316674009258947E-019  -3.3448498394014106E-031  -3.1200014140119160E-042  -4.0871044518769989E-052  -2.7979177666196812E-062   6.1040488738031818E-067   2.8694694749263083E-072   5.4908407637506758E-077   2.4402019151517675E-081   1.5056586049384427E-085
  -4.4271859552804070E-003  -865300532.34238183       -577418371.27029586       -273.72428309844508       -5.0478435890896648E-008  -2.2267469951792742E-019  -4.8304924170933078E-031  -4.4782937584644098E-042  -5.8364174422025901E-052  -3.9797613459853642E-062   8.6584562395846017E-067   4.0630848153395116E-072   7.7669675635011793E-077   3.4500315027797068E-081   2.1284076347874889E-085
  -6.4836607924590589E-003  -1277120384.4503331       -852577645.69950700       -402.77777376859876       -7.3866794326644098E-008  -3.2372576187834733E-019  -6.9759951172311055E-031  -6.4279184043931573E-042  -8.3344500973746003E-052  -5.6608169279067352E-062   1.2281825673404069E-066   5.7532092007179315E-072   1.0986620750158704E-076   4.8777592091345051E-081   3.0087292322953366E-085
  -9.4953897546591511E-003  -1884936457.1253066       -1258859601.5738401       -592.67644452844070       -1.0809176347106148E-007  -4.7063436068514666E-019  -1.0074440041202179E-030  -9.2263116924911517E-042  -1.1901660254393838E-051  -8.0519521839425709E-062   1.7421493755033339E-066   8.1463758565127218E-072   1.5540921781617293E-076   6.8963239525101901E-081   4.2531568872166333E-085
  -1.3906098494356667E-002  -2782028734.9785461       -1858748670.4660547       -872.10714080865887       -1.5817430864346145E-007  -6.8421089774430759E-019  -1.4549084003532514E-030  -1.3242984777499693E-041  -1.6995664178987445E-051  -1.1453105504077780E-061   2.4711997352886389E-066   1.1535029781069075E-071   2.1983124299063119E-076   9.7502320211935692E-081   6.0122869509164877E-085
  -2.0365628089046829E-002  -4106071772.2865186       -2744505287.7160153       -1283.2817871135883       -2.3146177785305665E-007  -9.9470964983444593E-019  -2.1011176649835516E-030  -1.9008315351388191E-041  -2.4269941426989218E-051  -1.6290909556380434E-061   3.5053412728116664E-066   1.6333264526325895E-071   3.1095823031181381E-076   1.3785173821799271E-080   8.4990032882830773E-085
  -2.9825678050653396E-002  -6060263361.3632498       -4052355220.9326038       -1888.3141088771542       -3.3870579435054134E-007  -1.4461144526564005E-018  -3.0343458948966600E-030  -2.7283580822737601E-041  -3.4657665836428998E-051  -2.3172207074929566E-061   4.9722477788402298E-066   2.3127424432155023E-071   4.3986022908953671E-076   1.9489896936288056E-080   1.2014239750028185E-084
  -4.3680023168780849E-002  -8944508976.2239742       -5983440636.9856024       -2778.6028183403696       -4.9563957427614137E-007  -2.1023692537586750E-018  -4.3820748205227239E-030  -3.9161480412547238E-041  -4.9491416827122974E-051  -3.2960171768676935E-061   7.0530216500654920E-066   3.2747755907432487E-071   6.2219617327006896E-076   2.7555407519901065E-080   1.6983398151046735E-084
  -6.3969862900849814E-002  -13201447855.906387       -8834755135.0795193       -4088.6387402054925       -7.2528607082886170E-007  -3.0564361285139667E-018  -6.3284081871651664E-030  -5.6210419506215746E-041  -7.0674128055208414E-051  -4.6882582776375936E-061   1.0004552556808978E-065   4.6369863544462454E-071   8.8011611885670565E-076   3.8958671033000149E-080   2.4007828933149848E-084
  -9.3684558313129843E-002  -19484384345.682770       -13044820493.729488       -6016.3216606358037       -1.0613355631337374E-006  -4.4434638806560048E-018  -9.1392208748970117E-030  -8.0681608147373349E-041  -1.0092320340522255E-050  -6.6685834356971108E-061   1.4191232709273320E-065   6.5658369004046015E-071   1.2449520187364636E-075   5.5080950874182791E-080   3.3937604524672276E-084
 -0.13720206550982955       -28757549932.211525       -19261130139.142059       -8852.8560840447226       -1.5530882023079454E-006  -6.4599326388096683E-018  -1.3198478205988761E-029  -1.1580631979520975E-040  -1.4411911650517807E-050  -9.4853999424081016E-061   2.0129944247987513E-065   9.2970327787141258E-071   1.7610239085376053E-075   7.7875119128698308E-080   4.7974392178296967E-084
 -0.20093395672262632       -42444083237.048119       -28439732047.341980       -13026.742136298682       -2.2726866166813503E-006  -9.3914863982626345E-018  -1.9060686773602299E-029  -1.6622256159930035E-040  -2.0580321352156977E-050  -1.3492042573313198E-060   2.8553872843395170E-065   1.3164326142297576E-070   2.4910238765703376E-075   1.1010220557869226E-079   6.7816875603633403E-084
 -0.29427006329536481       -62644438577.753189       -41992266822.142723       -19168.507164191426       -3.3256996452357852E-006  -1.3653396161008654E-017  -2.7526641746079892E-029  -2.3858749547974944E-040  -2.9388857939724090E-050  -1.9191095060676041E-060   4.0503025849029787E-065   1.8640300260770045E-070   3.5236318591175987E-075   1.5566583786789354E-079   9.5866323819698196E-084
 -0.43096191988668192       -92458742504.019989       -62003075289.309410       -28205.956820949079       -4.8666099020990222E-006  -1.9849385534930729E-017  -3.9752817980583380E-029  -3.4245647661434781E-040  -4.1967516034690519E-050  -2.7297433000308627E-060   5.7452630262534440E-065   2.6394119197086973E-070   4.9842884230795818E-075   2.2008508314936333E-079   1.3551718446187373E-083
 -0.63114884056126941       -136462570831.77821       -91549766648.897202       -41504.334930440171       -7.1214773020011007E-006  -2.8857151819392625E-017  -5.7409348143601372E-029  -4.9154478122317633E-040  -5.9929936667034488E-050  -3.8827896145844819E-060   8.1495262341239270E-065   3.7373299657712475E-070   7.0504332068112705E-075   3.1116296594763316E-079   1.9156786814462768E-083
 -0.92432514064771376       -201409164516.45496       -135176550508.14424       -61072.565692407545       -1.0421103442877960E-005  -4.1952697204305268E-017  -8.2908168197385870E-029  -7.0553862746821116E-040  -8.5580411687520488E-050  -5.5228838371594996E-060   1.1559919436030316E-064   5.2919497536857901E-070   9.9730601753416623E-075   4.3993163898760980E-079   2.7080143558899625E-083
  -1.3536856837708460       -297265854901.11230       -199593131317.35614       -89866.734721489789       -1.5249562297042970E-005  -6.0991082435639435E-017  -1.1973249573425197E-028  -1.0126946243150143E-039  -1.2220948768907731E-049  -7.8557554871465289E-060   1.6397485367261543E-064   7.4932458271318394E-070   1.4107208208808231E-074   6.2198869437906919E-079   3.8280646027146341E-083
  -1.9824900121068136       -438743761018.69495       -294706655466.83582       -132236.65511976791       -2.2315217019400079E-005  -8.8669207948398203E-017  -1.7291264909300102E-028  -1.4535708906641286E-039  -1.7451609073050648E-049  -1.1174034439671356E-059   2.3259463663700231E-064   1.0610216574070349E-069   1.9955091001619048E-074   8.7938648089991112E-079   5.4113740456561786E-083
  -2.9033827310484450       -647555525766.79810       -435145425252.40021       -194582.98043549122       -3.2654641574309388E-005  -1.2890784726078530E-016  -2.4971320591206646E-028  -2.0863825177819885E-039  -2.4921032377559652E-049  -1.5893957725729320E-059   3.2993025297910657E-064   1.5023755831114298E-069   2.8227105665413902E-074   1.2433032780761968E-078   7.6495493410212883E-083
  -4.2520433877284498       -955747592599.80884       -642508728469.30566       -286324.13343462639       -4.7784693289621670E-005  -1.8740705039907925E-016  -3.6062536958272388E-028  -2.9946885335767239E-039  -3.5587426621961212E-049  -2.2607581324354721E-059   4.6799863218221826E-064   2.1273198112717747E-069   3.9928131322670643E-074   1.7578198831184810E-078   1.0813446755438141E-082
  -6.2271769826450143       -1410618438428.4065       -948688810377.60779       -421319.12320675346       -6.9925046592607341E-005  -2.7245359431177469E-016  -5.2080010470853932E-028  -4.2984253892559252E-039  -5.0819120247875522E-049  -3.2157046273183710E-059   6.6384551818609752E-064   3.0122225292886282E-069   5.6479601190111069E-074   2.4852590640875684E-078   1.5285950258596403E-082
  -9.1197904729958790       -2081977581948.2183       -1400775912642.5986       -619961.19387960376       -1.0232383544539103E-004  -3.9609486165039247E-016  -7.5211781356059198E-028  -6.1697438789427886E-039  -7.2570097027257683E-049  -4.5740214867214760E-059   9.4164991512335155E-064   4.2652188537058178E-069   7.9892177392362344E-074   3.5137346407479163E-078   2.1608306822935640E-082
  -13.356068813199343       -3072859436181.5469       -2068300783471.6865       -912258.59047324187       -1.4973417895365940E-004  -5.7584543678050729E-016  -1.0861772797306311E-027  -8.8557406702136417E-039  -1.0363066121251607E-048  -6.5060927708346307E-059   1.3357091963198012E-063   6.0394249426092783E-069   1.1301000493462269E-073   4.9678246040820544E-078   3.0545626268776352E-082
  -19.560167821572328       -4535336305795.0400       -3053928572632.3506       -1342367.8510419503       -2.1911150054554330E-004  -8.3716817158818653E-016  -1.5686121810870633E-027  -1.2711086020026149E-038  -1.4798538940373178E-048  -9.2542729507251867E-059   1.8946734143821075E-063   8.5516487920713975E-069   1.5985621665504016E-073   7.0236610964467168E-078   4.3179472220742360E-082
  -28.646175694981974       -6693857421725.2646       -4509248858339.5205       -1975264.4674836546       -3.2063394356979680E-004  -1.2170811836658185E-015  -2.2653248260106260E-027  -1.8244855989389368E-038  -2.1132428873519286E-048  -1.3163287291728501E-058   2.6875515750243966E-063   1.2108884176444465E-068   2.2612166088406291E-073   9.9302650833179494E-078   6.1038749214415855E-082
  -41.952792691975809       -9879695967234.2324       -6658090354538.1387       -2906558.6502830549       -4.6919558744687922E-004  -1.7694017472072368E-015  -3.2714886682920272E-027  -2.6187753099724245E-038  -3.0177273496105169E-048  -1.8723473395543846E-058   3.8122314017592698E-063   1.7145825292763062E-068   3.1985622214433436E-073   1.4039709959487754E-077   8.6284725460544580E-082
  -61.440572596875697       -14581790855705.648       -9830946168998.5293       -4276939.0648655649       -6.8659153288275904E-004  -2.5723699167233708E-015  -4.7245493840636873E-027  -3.7588591561774548E-038  -4.3093383006945100E-048  -2.6632288023071628E-058   5.4075644311002208E-063   2.4277986399988257E-068   4.5244671610298093E-073   1.9849767770700106E-077   1.2197258208521608E-081
  -89.980787442108124       -21521786219537.176       -14515804326286.090       -6293426.5581588876       -1.0047154286060922E-003  -3.7397318334172407E-015  -6.8230005165916765E-027  -5.3952787444379952E-038  -6.1537689761692311E-048  -3.7881794476678241E-058   7.6705084493106832E-063   3.4376917674860703E-068   6.4000015285296070E-073   2.8064203735798890E-077   1.7242114063538201E-081
  -131.77847677744688       -31764785340106.828       -21433201463318.160       -9260648.6853033174       -1.4702385473255070E-003  -5.4368527584722441E-015  -9.8534985284984363E-027  -7.7441140689082188E-038  -8.7876306651202899E-048  -5.3883104765177074E-058   1.0880443655033679E-062   4.8676708664814234E-068   9.0530040649747848E-073   3.9678022471735210E-077   2.4373551200085112E-081
  -192.99201361766276       -46882817070048.336       -31647043228424.953       -13626859.699629072       -2.1514568768461902E-003  -7.9041423831153918E-015  -1.4230021304871174E-026  -1.1115515711117798E-037  -1.2548806225432055E-047  -7.6643386302517544E-058   1.5433664591746887E-062   6.8924794064310594E-068   1.2805759860603584E-072   5.6097991693364483E-077   3.4454591592798352E-081
  -282.64047414701002       -69196102929586.625       -46728235987240.469       -20051658.284840103       -3.1483107623599418E-003  -1.1491110815341930E-014  -2.0550419346075573E-026  -1.5954658570157489E-037  -1.7919795160600726E-047  -1.0901763647286584E-057   2.1892306182420827E-062   9.7595490287226901E-068   1.8114151348423880E-072   7.9313042277839008E-077   4.8705208052229410E-081
  -413.93250359066388       -102129153651391.97       -68996297053839.977       -29505633.217453748       -4.6070470822193984E-003  -1.6705879575780931E-014  -2.9678084818535794E-026  -2.2900524856104340E-037  -2.5589610758696845E-047  -1.5506680711562559E-057   3.1053744215938967E-062   1.3819235701474519E-067   2.5623038621094528E-072   1.1213518504720348E-076   6.8849961137720687E-081
  -606.21247447427356       -150736347617184.72       -101876104124690.33       -43416990.551038325       -6.7416750481851433E-003  -2.4287161280365608E-014  -4.2859894860243935E-026  -3.2870278346881008E-037  -3.6542169737371054E-047  -2.2056720129132206E-057   4.4049038386567737E-062   1.9567633231552687E-067   3.6244596638395051E-072   1.5854012622775966E-076   9.7326699544600626E-081
  -887.81068630431048       -222477655215330.47       -150424653555429.44       -63887313.494616874       -9.8653634184997247E-003  -3.5308904587511188E-014  -6.1896540790160525E-026  -4.7180371111137879E-037  -5.2182513419165133E-047  -3.1373503996390644E-057   6.2482571547399372E-062   2.7707195947345345E-067   5.1269125681818921E-072   2.2414883992524601E-076   1.3758158016925754E-080
  -1300.2175587274717       -328363564854971.56       -222108845322959.28       -94009050.164843813       -1.4436385425014953E-002  -5.1332428331735188E-014  -8.9388511062208182E-026  -6.7720374245625232E-037  -7.4517052664816374E-047  -4.4625708669657272E-057   8.8630124875357866E-062   3.9232578647677831E-067   7.2521796243424944E-072   3.1690842990832525E-076   1.9448611016653330E-080
  -1904.1968499497757       -484644930480767.06       -327953921699230.94       -138332692.62822899       -2.1125352024506494E-002  -7.4627596063612617E-014  -1.2909133051150234E-025  -9.7202486130922397E-037  -1.0641095921071540E-046  -6.3475660973524373E-057   1.2571984307542434E-061   5.5552183463942611E-067   1.0258436962369127E-071   4.4805475266678221E-076   2.7492667999625152E-080
  -2788.7386321970534       -715307093642416.62       -484239195143000.94       -203554224.83627024       -3.0913597316984658E-002  -1.0849436245708538E-013  -1.8642858344282035E-025  -1.3951966456897963E-036  -1.5195572275735266E-046  -9.0287856867059993E-057   1.7833077726065402E-061   7.8660266669932417E-067   1.4510882872352860E-071   6.3347340311498478E-076   3.8863793072279073E-080
  -4084.1711721328797       -1055751071358493.4       -715001876929028.88       -299526693.58028847       -4.5237150344755783E-002  -1.5773024169966631E-013  -2.6923280225041083E-025  -2.0025967244185206E-036  -2.1699402573461159E-046  -1.2842555871205735E-056   2.5295820914991707E-061   1.1138063690334277E-066   2.0526101871134744E-071   8.9562391749929654E-076   5.4938080681558687E-080
  -5981.3636470924712       -1558226789254777.8       -1055734108350252.4       -440748722.63279516       -6.6197415522044556E-002  -2.2930991926634727E-013  -3.8881543095468803E-025  -2.8744291418877116E-036  -3.0986926912232665E-046  -1.8267267568629300E-056   3.5881555085700360E-061   1.5771172473911761E-066   2.9034819076864277E-071   1.2662602698912535E-075   7.7660785835427818E-080
  -8759.8490670575593       -2299852239705554.5       -1558841817544069.2       -648554843.24050891       -9.6869470859690568E-002  -3.3337328069353873E-013  -5.6151202652074278E-025  -4.1258149094710446E-036  -4.4249590200468231E-046  -2.5983384714632558E-056   5.0897182189943425E-061   2.2331519114238173E-066   4.1070668255477902E-071   1.7902771927340107E-075   1.0978173217923326E-079
  -12829.011098992245       -3394449327350937.0       -2301705003786337.0       -954338539.35169792      -0.14175321479889577       -4.8466182132125763E-013  -8.1091378099613931E-025  -5.9219931766129469E-036  -6.3188786176410681E-046  -3.6958800215992295E-056   7.2196513504085189E-061   3.1620778279206559E-066   5.8095757028691888E-071   2.5311482216260785E-075   1.5518808620497715E-079
  -18788.403361635821       -5010012942358342.0       -3398579165667310.0       -1404294920.9494779      -0.20743355000839958       -7.0460691865103085E-013  -1.1710902028519985E-024  -8.5001402660780883E-036  -9.0234120043831114E-046  -5.2570246396601317E-056   1.0240913900978233E-060   4.4774097905187686E-066   8.2178282830631234E-071   3.5786141681739736E-075   2.1937476878576677E-079
  -27516.088792052542       -7394494379506963.0       -5018168380012549.0       -2066399513.2911508      -0.30354646065224139       -1.0243657919139432E-012  -1.6912431939719063E-024  -1.2200687677027135E-035  -1.2885508948974399E-045  -7.4775989414975940E-056   1.4526507352637406E-060   6.3398814353075731E-066   1.1624377629461851E-070   5.0595533164001262E-075   3.1010943162443944E-079
  -40298.015246069437       -10913856292795164.       -7409572872001462.0       -3040677466.2544117      -0.44419271778615860       -1.4892352230016604E-012  -2.4424282956955661E-024  -1.7512274455830422E-035  -1.8400616800879524E-045  -1.0636147009063965E-055   2.0605526004161282E-060   8.9770869027396236E-066   1.6443049296873515E-070   7.1533500365546219E-075   4.3837247178358824E-079
  -59017.489899592088       -16108239790578940.       -10940601964065640.       -4474314581.3696356      -0.65000661985475650       -2.1650682869416410E-012  -3.5272612647174822E-024  -2.5136269692234443E-035  -2.6276238795012404E-045  -1.5128870382872261E-055   2.9228478346679439E-060   1.2711292858691391E-065   2.3259212613690868E-070   1.0113623398093997E-074   6.1968584162912486E-079
  -86432.670165181858       -23774864099407612.       -16154345161632092.       -6583893021.9831047      -0.95118327666064351       -3.1476030870529769E-012  -5.0939359532953985E-024  -3.6079385047146381E-035  -3.7522695892843412E-045  -2.1519326766726266E-055   4.1459943985902857E-060   1.7998819506210015E-065   3.2900891000425865E-070   1.4298947742678208E-074   8.7599146220649492E-079
  -126582.95747715527       -35090382099532500.       -23852702347421104.       -9688110919.6015148       -1.3919085749008413       -4.5760250055552430E-012  -7.3564684179674338E-024  -5.1786606383663677E-035  -5.3582735525745448E-045  -3.0609121550833514E-055   5.8810005431939688E-060   2.5485802951308555E-065   4.6539349764563850E-070   2.0216286363398953E-074   1.2383065591906202E-078
  -185384.17327486398       -51791470665781672.       -35219720534068764.       -14255928924.216589       -2.0368417535047363       -6.6526837019310960E-012  -1.0623932720947753E-023  -7.4331997534497296E-035  -7.6516614076046569E-045  -4.3538459557174331E-055   8.3420681180331507E-060   3.6087153089319133E-065   6.5831380718332079E-070   2.8582399359812572E-074   1.7504772610554445E-078
  -271500.21232215536       -76441372545170496.       -52003707122333368.       -20977417343.517170       -2.9806016594825677       -9.6717579756912161E-012  -1.5342682207547460E-023  -1.0669257100311609E-034  -1.0926639637298143E-044  -6.1929170018641568E-055   1.1833037690743381E-059   5.1098355673358219E-065   9.3120568271852451E-070   4.0410663928787580E-074   2.4744847070356702E-078
  -397619.60562496452       -1.1282329823008538E+017  -76786129808708736.       -30868006966.525795       -4.3616484310826040       -1.4060929169061839E-011  -2.2157323937314110E-023  -1.5314138902534024E-034  -1.5603337782687858E-044  -8.8088145562789363E-055   1.6784900363494883E-059   7.2353780789014433E-065   1.3172198668964308E-069   5.7133823529174365E-074   3.4979457918636528E-078
  -582325.08600762091       -1.6652106659441466E+017  -1.1337866162266430E+017  -45421893070.082047       -6.3825972173324681       -2.0441966581754183E-011  -3.1998775741023831E-023  -2.1981180227391926E-034  -2.2281704675156459E-044  -1.2529671418592608E-054   2.3809007454263488E-059   1.0245084304725902E-064   1.8632491336794855E-069   8.0777534379895216E-074   4.9447162616803956E-078
  -852831.62452678639       -2.4577610023059562E+017  -1.6740943911064886E+017  -66837767839.007935       -9.3399442007031812       -2.9718807456232027E-011  -4.6211435027181197E-023  -3.1550733148066409E-034  -3.1818472759402638E-044  -1.7822224247048956E-054   3.3772547252272839E-059   1.4506740589480107E-064   2.6356247950850612E-069   1.1420573077142713E-073   6.9898793114199775E-078
  -1248996.3695180789       -3.6275230600684672E+017  -2.4718870387614419E+017  -98350983323.483871       -13.667566088839383       -4.3205608989026949E-011  -6.6736831365641889E-023  -4.5286413334888070E-034  -4.5437063867290437E-044  -2.5350360074880681E-054   4.7905607125974563E-059   2.0541121688269139E-064   3.7281745902311466E-069   1.6146752999783440E-073   9.8809335523173165E-078
  -1829191.3268255452       -5.3540297309825677E+017  -3.6498696863841766E+017  -144722325873.18539       -20.000374976914312       -6.2812912285607101E-011  -9.6378850906298357E-023  -6.5001954938388525E-034  -6.4884535694551022E-044  -3.6058392982268946E-054   6.7953038755657988E-059   2.9085629493203578E-064   5.2736208243979636E-069   2.2828769708965270E-073   1.3967744444704570E-077
  -2678904.0828773864       -7.9022621767640090E+017  -5.3892229789847027E+017  -212957242808.79449       -29.267467520930410       -9.1318290351594253E-011  -1.3918676390525843E-022  -9.3300706237207741E-034  -9.2655702846109013E-044  -5.1289516987849215E-054   9.6389875608579081E-059   4.1184403619118552E-064   7.4597033974664171E-069   3.2276007875545600E-073   1.9744883815785328E-077
  -3923333.8321735691       -1.1663318765455127E+018  -7.9574697905434432E+017  -313364177287.53516       -42.828434538114379       -1.3275982027779689E-010  -2.0100837926224664E-022  -1.3391939042969466E-033  -1.3231318380193577E-043  -7.2954293661016237E-054   1.3672689786647604E-058   5.8315915372136315E-064   1.0551986337944466E-068   4.5632800135827401E-073   2.7911481245647376E-077
  -5745838.6537304679       -1.7214440316748114E+018  -1.1749621918630341E+018  -461111897540.44189       -62.672829313291963       -1.9300811913552658E-010  -2.9028889037498611E-022  -1.9222152372051519E-033  -1.8894443100786510E-043  -1.0377030921558506E-053   1.9394406952372059E-058   8.2573637098548982E-064   1.4926118367220671E-068   6.4517038736467409E-073   3.9455830331035725E-077
  -8414952.1258478649       -2.5407604259609559E+018  -1.7348935388618250E+018  -678521091428.11707       -91.712059045778531       -2.8059797855814059E-010  -4.1922453957325842E-022  -2.7590564446970740E-033  -2.6981437417093017E-043  -1.4760306320872745E-053   2.7510535933651877E-058   1.1692186472925721E-063   2.1113466488862661E-068   9.1216148889960705E-073   5.5774988586852503E-077
  -12323950.006868497       -3.7500285028914314E+018  -2.5616618924204257E+018  -998436425209.08228       -134.20652347855270       -4.0793740791825397E-010  -6.0542869881691254E-022  -3.9602187207053536E-033  -3.8529740107263554E-043  -2.0995084926802034E-053   3.9023085076121268E-058   1.6555795506447795E-063   2.9865666145211646E-068   1.2896416185970822E-072   7.8843844555433762E-077
  -18048796.883212887       -5.5348449652548895E+018  -3.7824293324267203E+018  -1469188494795.2898       -196.39066717072555       -5.9306535998167475E-010  -8.7433796359090094E-022  -5.6843102787106315E-033  -5.5020823501982457E-043  -2.9863445035448561E-053   5.5353381064559053E-058   2.3442524323750195E-063   4.2245929457307376E-068   1.8233344930735837E-072   1.1145411204557765E-076
  -26433010.858953401       -8.1691409263154350E+018  -5.5849574849864458E+018  -2161895288183.4978       -287.38764823102986       -8.6220713967378317E-010  -1.2626869473412040E-021  -8.1589898892039027E-033  -7.8570244049944747E-043  -4.2477816261428452E-053   7.8517544385841407E-058   3.3193931893244175E-063   5.9758203620861903E-068   2.5778856921732230E-072   1.5755217376485631E-076
  -38711950.565635733       -1.2057224520410192E+019  -8.2464864601547878E+018  -3181206215547.4092       -420.54781661191157       -1.2534894969590639E-009  -1.8235264549495940E-021  -1.1711028251603207E-032  -1.1219903633476485E-042  -6.0420520557509882E-053   1.1137539740010543E-057   4.7001641239667628E-063   8.4529869546356839E-068   3.6446931009577792E-072   2.2271665902351524E-076
  -56694837.401835293       -1.7795833621874870E+019  -1.2176376154164363E+019  -4681111843635.6260       -615.40737311202372       -1.8223416865196699E-009  -2.6334705489444263E-021  -1.6809456678801959E-032  -1.6022126631785329E-042  -8.5942255627787132E-053   1.5798353494677873E-057   6.6552955914267992E-063   1.1957017486966199E-067   5.1529778265572987E-072   3.1483355032667594E-076
  -83031332.833378419       -2.6265722446909796E+019  -1.7979068420353663E+019  -6888207763796.8281       -900.55456832320635       -2.6493476121779943E-009  -3.8031625027899276E-021  -2.4127500697549803E-032  -2.2879746106670712E-042  -1.2224441811526593E-052   2.2409614720879779E-057   9.4237048684248538E-063   1.6913579562774054E-067   7.2854365968612552E-072   4.4505051794063763E-076
  -121601949.23685360       -3.8766838634113532E+019  -2.6547054090316567E+019  -10135927143282.256       -1317.8239479384965       -3.8516613963978360E-009  -5.4923893556352042E-021  -3.4631476637638930E-032  -3.2672491169126979E-042  -1.7388068064677617E-052   3.1787542589638033E-057   1.3343691872449219E-062   2.3924793482320065E-067   1.0300371597475609E-071   6.2912597273150080E-076
  -178089818.85156569       -5.7217837606003376E+019  -3.9198143759861211E+019  -14914913583871.670       -1928.4339914044572       -5.5996035124562133E-009  -7.9319098108192659E-021  -4.9708389633054336E-032  -4.6656623348826839E-042  -2.4732819579557240E-052   4.5089925974754863E-057   1.8894279451619642E-062   3.3842377471641728E-067   1.4562978307762600E-071   8.8933609502690501E-076
  -260818067.35773757       -8.4450555407460598E+019  -5.7878155447227818E+019  -21947144279476.645       -2821.9686103005129       -8.1407884988762903E-009  -1.1454977304955623E-020  -7.1349081818173080E-032  -6.6626096061621867E-042  -3.5180007770053794E-052   6.3959062836855509E-057   2.6753750033753846E-062   4.7871113925272012E-067   2.0589581194316633E-071   1.2571706215977081E-075
  -381976173.72209466       -1.2464463530201186E+020  -8.5460193746310267E+019  -32295001496440.227       -4129.5202014769811       -1.1835202204574644E-008  -1.6542864494954372E-020  -1.0241111467333449E-031  -9.5142691870371145E-042  -5.0040107749219398E-052   9.0724516587036397E-057   3.7882531820384035E-062   6.7715205682673263E-067   2.9110175478800200E-071   1.7771436256609258E-075
  -559416012.54085433       -1.8396901398641125E+020  -1.2618655145425499E+020  -47521770150870.617       -6042.9225002765397       -1.7206197630583672E-008  -2.3890608090851345E-020  -1.4699609803512645E-031  -1.3586466069478206E-041  -7.1177141825527718E-052   1.2869072151705255E-056   5.3640563228895444E-062   9.5785301615478153E-067   4.1156850590078233E-071   2.5121804574395708E-075
  -819282214.07552707       -2.7152872175948756E+020  -1.8632120084244241E+020  -69927808352863.914       -8842.8949260353238       -2.5014633472167682E-008  -3.4501955186645550E-020  -2.1099129048954944E-031  -1.9401601831883430E-041  -1.0124249890627734E-051   1.8254494475935977E-056   7.5953477532167925E-062   1.3549134087596106E-066   5.8188805928224598E-071   3.5512327543637889E-075
  -1199864408.3411787       -4.0076231004297540E+020  -2.7511323167039242E+020  -102898069925692.42       -12940.227534649974       -3.6366657873266104E-008  -4.9826481346136990E-020  -3.0284698721316700E-031  -2.7705670914824377E-041  -1.4400751966985379E-051   2.5893597133068354E-056   1.0754791547930120E-061   1.9165679035927765E-066   8.2269101951186027E-071   5.0200430633499207E-075
  -1757238956.0098710       -5.9150438112714175E+020  -4.0621941846178687E+020  -151413480171307.56       -18936.048905449377       -5.2870406103956268E-008  -7.1957611621866679E-020  -4.3469234606848257E-031  -3.9563960503651419E-041  -2.0483656635874229E-051   3.6729495610463983E-056   1.5228472112885585E-061   2.7110459671045909E-066   1.1631455623298182E-070   7.0963617728533370E-075
  -2573531437.6108804       -8.7302977364838659E+020  -5.9980471627643159E+020  -222803419922614.53       -27710.018982363777       -7.6863810042219105E-008  -1.0391859539917447E-019  -6.2393699210465049E-031  -5.6497710875578794E-041  -2.9135991816846355E-051   5.2099978423241477E-056   2.1563073746668650E-061   3.8348603399222330E-066   1.6444905410570105E-070   1.0031457855660515E-074
  -3769017323.2183824       -1.2885466198857417E+021  -8.8564375344377063E+020  -327852997808590.06       -40549.385809605767       -1.1174579107180559E-007  -1.5007550098683307E-019  -8.9556988559947805E-031  -8.0679267680760878E-041  -4.1443089894930284E-051   7.3902669072050614E-056   3.0532685529115030E-061   5.4245313495605815E-066   2.3250306998304941E-070   1.4180526578790416E-074
  -5519843773.9864187       -1.9018278608073334E+021  -1.3077003486182572E+021  -482432389451003.12       -59337.840314817026       -1.6245775334510466E-007  -2.1673364754517787E-019  -1.2854590094721584E-030  -1.1521076126239754E-040  -5.8948729749612256E-051   1.0482930463744983E-055   4.3233395102169593E-061   7.6731713219914188E-066   3.2871990578905500E-070   2.0045674017340984E-074
  -8083983761.0299034       -2.8069990106557307E+021  -1.9308894077316731E+021  -709894392298323.75       -86831.876363714866       -2.3618358596416116E-007  -3.1299895059277638E-019  -1.8450875858345429E-030  -1.6452206338330848E-040  -8.3848785439016225E-051   1.4869805479848472E-055   6.1217230714697821E-061   1.0853943756931625E-065   4.6475419231245698E-070   2.8336680210821124E-074
  -11839246660.308451       -4.1429843768872172E+021  -2.8510612181601039E+021  -1044602401037839.8       -127065.20134820724       -3.4336733667482999E-007  -4.5202184612227274E-019  -2.6483522189842235E-030  -2.3493907322212562E-040  -1.1926667246023357E-050   2.1092490902974094E-055   8.6681819265450209E-061   1.5353247074078751E-065   6.5708360076751277E-070   4.0056894310883129E-074
  -17338945916.663166       -6.1148289099934581E+021  -4.2097437791049346E+021  -1537121783860284.5       -185940.52905878602       -4.9919272109891331E-007  -6.5279372088498852E-019  -3.8013206306840180E-030  -3.3549523518195857E-040  -1.6964514303750339E-050   2.9919232894050640E-055   1.2273893657999533E-060   2.1717654072839370E-065   9.2900476350222829E-070   5.6624656456818292E-074
  -25393426009.854214       -9.0251681124799186E+021  -6.2159106177925844E+021  -2261858933641394.5       -272095.57771883631       -7.2573405524815383E-007  -9.4274125203657027E-019  -5.4562374549831609E-030  -4.7909039402997852E-040  -2.4130357648784343E-050   4.2439771686377570E-055   1.7379476679773256E-060   3.0720309284293024E-065   1.3134551673531312E-069   8.0044940437984057E-074
  -37189461131.567787       -1.3320675934433551E+022  -9.1781220965374272E+021  -3328302043769386.5       -398170.32507576398       -1.0550833129905806E-006  -1.3614730584786263E-018  -7.8316274977129136E-030  -6.8414565102733213E-040  -3.4323067009656588E-050   6.0199879761794480E-055   2.4608833861137686E-060   4.3454850127728012E-065   1.8570028322281497E-069   1.1315198874979521E-073
  -54465118094.169029       -1.9660619364770534E+022  -1.3551983710408960E+022  -4897561778552546.0       -582661.44139070122       -1.5338962880993950E-006  -1.9661904787903841E-018  -1.1241151009488074E-029  -9.7696651414985738E-040  -4.8821196411905950E-050   8.5392201283900766E-055   3.4845393533089929E-060   6.1468261360064400E-065   2.6254870399319661E-069   1.5995230290597894E-073
  -79765848224.266357       -2.9018041302278113E+022  -2.0010220703548384E+022  -7206710674055954.0       -852635.96676310617       -2.2300018709365021E-006  -2.8395016200704009E-018  -1.6135021186192306E-029  -1.3951174989339286E-039  -6.9443363546752897E-050   1.2112695362080359E-054   4.9340064537072179E-060   8.6948801900516900E-065   3.7119933679952910E-069   2.2610949651881693E-073
  -116819541459.31981       -4.2829100986655421E+022  -2.9546146831073418E+022  -10604598274758068.       -1247702.3599643961       -3.2420107106280857E-006  -4.1007061227853319E-018  -2.3159452897915022E-029  -1.9922410903085588E-039  -9.8776373685703538E-050   1.7181591147738392E-054   6.9864097435423623E-060   1.2299183327328586E-064   5.2481290348502130E-069   3.1962968640482996E-073
  -171085804019.36902       -6.3213492351958157E+022  -4.3626441271576640E+022  -15604552672539916.       -1825821.5163103798       -4.7132844263605272E-006  -5.9220922065806334E-018  -3.3241992591478978E-029  -2.8449392654404272E-039  -1.4049970356193103E-049   2.4371707990560621E-054   9.8925531540892339E-060   1.7397584235470863E-064   7.4199643254686256E-069   4.5183036539750279E-073
  -250560391498.10397       -9.3299769492300322E+022  -6.4416731519259855E+022  -22961930174091844.       -2671810.2958651208       -6.8522442463327179E-006  -8.5524722683682100E-018  -4.7713996805938394E-029  -4.0626003729716203E-039  -1.9984704784453161E-049   3.4570730093608414E-054   1.4007567761653690E-059   2.4609433745175989E-064   1.0490571063337050E-068   6.3871000653262719E-073
  -366953324340.02173       -1.3770550925318116E+023  -9.5114677980034717E+022  -33788228673284260.       -3909785.1240880466       -9.9618959952157150E-006  -1.2351172131562010E-017  -6.8486432049305235E-029  -5.8014320086305345E-039  -2.8426282369373966E-049   4.9037817901114374E-054   1.9834308846590063E-059   3.4810823214092707E-064   1.4831888186984461E-068   9.0288414340810848E-073
  -537414271772.73822       -2.0324600488223332E+023  -1.4044179024747561E+023  -49719004046179288.       -5721371.2786963442       -1.4482753937014175E-005  -1.7837117073400261E-017  -9.8302209631905507E-029  -8.2845000927576896E-039  -4.0433598404205314E-049   6.9559062698621779E-054   2.8084804866693991E-059   4.9241011602184667E-064   2.0969774270309903E-068   1.2763222245236870E-072
  -787059425845.94409       -2.9998025889782953E+023  -2.0736961868200961E+023  -73160956997884560.       -8372349.3653725516       -2.1055244058771928E-005  -2.5759720062376415E-017  -1.4109837514878049E-028  -1.1830344859855861E-038  -5.7512827530372843E-049   9.8667995526001885E-054   3.9767267416121984E-059   6.9652969938150405E-064   2.9647704144696548E-068   1.8042164463260886E-072
  -1152672180271.2830       -4.4275481093782744E+023  -3.0619201288521538E+023  -1.0765551819812475E+017  -12251648.311926793       -3.0610426832595012E-005  -3.7201255942104570E-017  -2.0252597811408791E-028  -1.6893844757845374E-038  -8.1806355354077153E-049   1.3995837419347821E-053   5.6309294796021503E-059   9.8526331231500487E-064   4.1916825118651630E-068   2.5504507578646840E-072
  -1688122879284.4407       -6.5348234245371777E+023  -4.5210836528521704E+023  -1.5841385912267760E+017  -17928405.578049861       -4.4501891221720168E-005  -5.3724706454155801E-017  -2.9069626819998716E-028  -2.4124570475406207E-038  -1.1636151511687657E-048   1.9852786474383885E-053   7.9732324686022465E-059   1.3936861486209443E-063   5.9263281197225926E-068   3.6053318772409438E-072
  -2472306192578.6230       -9.6450477127430451E+023  -6.6756134981698197E+023  -2.3310415356553501E+017  -26235465.932813983       -6.4697504000441731E-005  -7.7587272561991850E-017  -4.1725174993127342E-028  -3.4450115033273833E-038  -1.6551283921513866E-048   2.8160739378790228E-053   1.1289865405090838E-058   1.9714131801099712E-063   8.3788227931674591E-068   5.0965179009409879E-072
  -3620765623781.5273       -1.4235569930273074E+024  -9.8568871035401535E+023  -3.4301002268369459E+017  -38391568.974013850       -9.4058177539184769E-005  -1.1204872105544319E-016  -5.9890352376386350E-028  -4.9195089924359819E-038  -2.3542577443855217E-048   3.9945387086090146E-053   1.5986121213994977E-058   2.7886263547177837E-063   1.1846234288277765E-067   7.2044670488589782E-072
  -5302717928578.4131       -2.1010930884614975E+024  -1.4554199993143098E+024  -5.0473517170207667E+017  -56180151.616995484       -1.3674314620779377E-004  -1.6181668730192377E-016  -8.5963791245866170E-028  -7.0251052698688089E-038  -3.3487006348266218E-048   5.6661649531815763E-053   2.2635882887410637E-058   3.9446002589375118E-063   1.6748566024569963E-067   1.0184276099128770E-071
  -7765985850565.6426       -3.1010993992918982E+024  -2.1490021674770227E+024  -7.4271174042039526E+017  -82210997.803804785       -1.9879916270997260E-004  -2.3368976497511849E-016  -1.2338837477158383E-027  -1.0031916511781883E-037  -4.7631980416576762E-048   8.0373298462044676E-053   3.2051752046638008E-058   5.5797619370695415E-063   2.3679631597375939E-067   1.4396551325213686E-071
  -11373512808091.217       -4.5770540285031839E+024  -3.1731114741622456E+024  -1.0928913079556013E+018  -120303122.25940314       -2.8901707968395038E-004  -3.3748623238127404E-016  -1.7710585428074499E-027  -1.4325671122735534E-037  -6.7751817557332032E-048   1.1400774843641516E-052   4.5384348944562907E-058   7.8927498870856745E-063   3.3478982708876426E-067   2.0351047830127258E-071
  -16656839670125.598       -6.7554821778067873E+024  -4.6852607790619291E+024  -1.6081761575928512E+018  -176045061.45815986       -4.2017715959168816E-004  -4.8738528453243611E-016  -2.5420938524970786E-027  -2.0457192834067977E-037  -9.6370310723436249E-048   1.6171747222011372E-052   6.4262918378107881E-058   1.1164544549946787E-062   4.7333603061919813E-067   2.8768358360255138E-071
  -24394422983294.109       -9.9707225200539749E+024  -6.9180257306523988E+024  -2.3664113115125018E+018  -257614772.50982016       -6.1085952301132528E-004  -7.0386399066760533E-016  -3.6488014641007003E-027  -2.9213063021259007E-037  -1.3707730747926626E-047   2.2939266050731633E-052   9.0994423566439529E-058   1.5792601650087001E-062   6.6921686276138158E-067   4.0667116967317768E-071
  -35726334196240.055       -1.4716240439243875E+025  -1.0214815948174440E+025  -3.4821447048926812E+018  -376979427.95524985       -8.8807620273229234E-004  -1.0164945762937771E-015  -5.2373171822061878E-027  -4.1716527139025957E-037  -1.9497901332009370E-047   3.2538841837464250E-052   1.2884545728533184E-057   2.2339134885260642E-062   9.4615913473026180E-067   5.7487270606357119E-071
  -52322239870591.422       -2.1720363533639354E+025  -1.5082692967679504E+025  -5.1239321281110129E+018  -551651129.30152881       -1.2910976594234284E-003  -1.4679841538832452E-015  -7.5173973970280721E-027  -5.9571590032043313E-037  -2.7733850388351147E-047   4.6155627732788205E-052   1.8244141982422272E-057   3.1599413318593280E-062   1.3377085330019432E-066   8.1264336575443839E-071
  -76627413389274.641       -3.2058063033808747E+025  -2.2270358595123168E+025  -7.5398012236371804E+018  -807256121.44129872       -1.8770158216527752E-003  -2.1200087517013432E-015  -1.0790116459512069E-026  -8.5068785353396947E-037  -3.9448679061093181E-047   6.5470737226786151E-052   2.5833174334876061E-057   4.4698370199937120E-062   1.8912929681515937E-066   1.1487573383435678E-070
  -112223025986354.38       -4.7315937010002957E+025  -3.2883308638372687E+025  -1.1094721427480084E+019  -1181294439.5531158       -2.7288317085206637E-003  -3.0616386012840656E-015  -1.5487622174213868E-026  -1.2147901617065280E-036  -5.6111872209451642E-047   9.2868792556921146E-052   3.6579023313726168E-057   6.3227259199418981E-062   2.6739674608592606E-066   1.6238899837291931E-070
  -164353803069325.97       -6.9835716504227057E+025  -4.8553863205935515E+025  -1.6325740505851193E+019  -1728641569.5719459       -3.9672133248183231E-003  -4.4215056243911953E-015  -2.2230198940094854E-026  -1.7347316203038608E-036  -7.9813627635487721E-047   1.3173232752171019E-051   5.1794832746262171E-057   8.9436958972161433E-062   3.7805364362364444E-066   2.2955402245764341E-070
  -240700791758962.28       -1.0307366720696703E+026  -7.1692225047748588E+025  -2.4023117265090175E+019  -2529599275.9062119       -5.7675894485247096E-003  -6.3853752655505860E-015  -3.1908173465040969E-026  -2.4772128167225378E-036  -1.1352704629072495E-046   1.8685939134256120E-051   7.3339976057972968E-057   1.2651140857914834E-061   5.3450372702450010E-066   3.2449888686073493E-070
  -352513100794557.12       -1.5213104664198535E+026  -1.0585717993471219E+026  -3.5349707308198597E+019  -3701676741.1684237       -8.3850008118794388E-003  -9.2215230801519956E-015  -4.5799478328349535E-026  -3.5374827996995640E-036  -1.6148107207144867E-046   2.6505591047999793E-051   1.0384727187806982E-056   1.7895439053853944E-061   7.5569760764153014E-066   4.5871349329942192E-070
  -516265365757552.75       -2.2453702998899838E+026  -1.5630345463382102E+026  -5.2016637680943735E+019  -5416830441.0622606       -1.2190229088436972E-002  -1.3317382661542646E-014  -6.5738397121976181E-026  -5.0515580813220203E-036  -2.2969096201781086E-046   3.7597594073272501E-051   1.4704471471943241E-056   2.5313664768537897E-061   1.0684282354240843E-065   6.4844003290720449E-070
  -756085154180208.75       -3.3140426594701516E+026  -2.3078991889884357E+026  -7.6541809938508055E+019  -7926692035.2890892       -1.7722321711321796E-002  -1.9232471219211278E-014  -9.4357773196741114E-026  -7.2136714835126306E-036  -3.2671282802899602E-046   5.3331354620640056E-051   2.0821103625145468E-056   3.5806979727466257E-061   1.5105762968287834E-065   9.1663856045894054E-070
  -1107307969946822.8       -4.8913441443244176E+026  -3.4077293709784920E+026  -1.1263028424529637E+020  -11599485487.545975       -2.5764953180514395E-002  -2.7774822739861720E-014  -1.3543666457697481E-025  -1.0301189250383190E-035  -4.6471689828817801E-046   7.5649345320183688E-051   2.9482076679527996E-056   5.0650105695902061E-061   2.1356986569605241E-065   1.2957655413962458E-069
  -1621683659766236.8       -7.2193542789478740E+026  -5.0316841320679949E+026  -1.6573400998214615E+020  -16974049570.567484       -3.7457440194142134E-002  -4.0111369933522804E-014  -1.9439935129952932E-025  -1.4710192912864871E-035  -6.6101412615368310E-046   1.0730692052711988E-050   4.1745762361610169E-056   7.1646176931110728E-061   3.0195156384408560E-065   1.8317016218781403E-069
  -2375001346475878.5       -1.0655369227214899E+027  -7.4295354108662432E+026  -2.4387546266114762E+020  -24838891468.058262       -5.4456137001602296E-002  -5.7927353766403527E-014  -2.7903158684340088E-025  -2.1006290517788675E-035  -9.4022764127442267E-046   1.5221248930031138E-050   5.9110784214772230E-056   1.0134578387428815E-060   4.2690829333200392E-065   2.5893039471088256E-069
  -3478256366368619.0       -1.5726738676509226E+027  -1.0970084233658173E+027  -3.5885961595915292E+020  -36347869535.903175       -7.9169074244618748E-002  -8.3656536834788462E-014  -4.0050867143097171E-025  -2.9997175529958634E-035  -1.3373814254134895E-045   2.1591004323275651E-050   8.3699149534821641E-056   1.4335681738174664E-060   6.0357591307362055E-065   3.6602549504527831E-069
  -5094004576754402.0       -2.3211802140124767E+027  -1.6197884211488295E+027  -5.2805734451034364E+020  -53189477207.892998      -0.11509708023791661       -1.2081366905218087E-013  -5.7487109967855150E-025  -4.2836241612471663E-035  -1.9022936503126209E-045   3.0626361148676926E-050   1.1851555885888964E-055   2.0278275319155095E-060   8.5335396014191496E-065   5.1741574468631396E-069
  -7460313722470431.0       -3.4259346617255633E+027  -2.3916996738362842E+027  -7.7702968072768979E+020  -77834563945.364090      -0.16732970796882760       -1.7447462238867046E-013  -8.2514263529423753E-025  -6.1170545489251629E-035  -2.7058257691583017E-045   4.3442814509806953E-050   1.6781458065265097E-055   2.8684261916691230E-060   1.2064977500522779E-064   7.3142187207599988E-069
  -10925840923957468.       -5.0564919741185986E+027  -3.5314659918951834E+027  -1.1433893791442406E+021  -113898836766.72760      -0.24326622091887232       -2.5196978386741071E-013  -1.1843704951965535E-024  -8.7352099281458704E-035  -3.8487712352876846E-045   6.1622669485786065E-050   2.3762055997927232E-055   4.0574795857591398E-060   1.7057831668843855E-064   1.0339421642862388E-068
  -16001204707329696.       -7.4631058633205393E+027  -5.2143892225247394E+027  -1.6824831654479677E+021  -166673325561.67221      -0.35366377272199384       -3.6388542837057330E-013  -1.6999890859559111E-024  -1.2473959792320183E-034  -5.4744988314336779E-045   8.7410390764506406E-050   3.3646379404219507E-055   5.7394332239672208E-060   2.4116880548869273E-064   1.4615865888469959E-068
  -23434220887458936.       -1.1015137393133666E+028  -7.6993116401241151E+027  -2.4757531037092938E+021  -243900637680.31406      -0.51416126608552237       -5.2550986469420317E-013  -2.4400835048051105E-024  -1.7812928871619857E-034  -7.7869365638131990E-045   1.2398970177318212E-049   4.7642293532910653E-055   8.1186098493322353E-060   3.4097178273357440E-064   2.0661072063918089E-068
  -34320087794468832.       -1.6257743757136884E+028  -1.1368427338429011E+028  -3.6430402579530562E+021  -356910887514.20227      -0.74749476134162451       -7.5892190699808859E-013  -3.5023798731808421E-024  -2.5437025706980286E-034  -1.1076151985411835E-044   1.7587664366314331E-049   6.7460100413088071E-055   1.1484030445769153E-059   4.8207626348924416E-064   2.9206610274620576E-068
  -50262755889087464.       -2.3995547935905785E+028  -1.6786065857570598E+028  -5.3606893990572752E+021  -522283955431.22559       -1.0867182702676834       -1.0960069693399819E-012  -5.0271496372905084E-024  -3.6324306028763308E-034  -1.5754737694149396E-044   2.4947712078452315E-049   9.5521537932324213E-055   1.6244524338792764E-059   6.8157406448956690E-064   4.1286632229200630E-068
  -73611258497784304.       -3.5416130726103690E+028  -2.4785489328213869E+028  -7.8881898905056334E+021  -764281949299.14575       -1.5798861942462814       -1.5828127999516501E-012  -7.2157317928291913E-024  -5.1871442484724250E-034  -2.2409566131843152E-044   3.5387776661199172E-049   1.3525571645122982E-054   2.2978393544101956E-059   9.6363011545232903E-064   5.8363020731328246E-068
  -1.0780582543496958E+017  -5.2272298520241332E+028  -3.6597053071326049E+028  -1.1607377474926173E+022  -1118408739892.6619       -2.2968607232418741       -2.2858398749114289E-012  -1.0357118813976223E-023  -7.4072896590185790E-034  -3.1875405705345436E-044   5.0196776957598623E-049   1.9151815644148912E-054   3.2503664560451953E-059   1.3624095281217077E-063   8.2502301721602539E-068
  -1.5788477708447190E+017  -7.7151101044804622E+028  -5.4037441555559761E+028  -1.7080119300219946E+022  -1636618796936.7339       -3.3392085353664247       -3.3011257572517301E-012  -1.4866116844829018E-023  -1.0577677796026822E-033  -4.5339632493469850E-044   7.1203015821090164E-049   2.7118413359395298E-054   4.5977461754176552E-059   1.9262159754187377E-063   1.1662572815816878E-067
  -2.3122688649101274E+017  -1.1387088754339312E+029  -7.9789085396371499E+028  -2.5133196849030799E+022  -2394939525083.0645       -4.8545887691918681       -4.7673644004929153E-012  -2.1338119044011374E-023  -1.5105021370905069E-033  -6.4491172374022588E-044   1.0099990039798468E-048   3.8398883823696263E-054   6.5036574157007771E-059   2.7233426576322870E-063   1.6486280002985877E-067
  -3.3863859173672339E+017  -1.6806734108180936E+029  -1.1781273550707600E+029  -3.6983210314614721E+022  -3504625389111.5015       -7.0576704778027510       -6.8848525740462312E-012  -3.0627724670327790E-023  -2.1570109940914796E-033  -9.1732356584650406E-044   1.4326612136259642E-048   5.4371701664350471E-054   9.1996291651155890E-059   3.8503445762124960E-063   2.3305100228185498E-067
  -4.9594625240179866E+017  -2.4805843479729349E+029  -1.7395665094441919E+029  -5.4420374142591097E+022  -5128480274475.3047       -10.260542744698860       -9.9428516090642838E-012  -4.3961585227679136E-023  -3.0802316441054451E-033  -1.3048026547247349E-043   2.0321982009244771E-048   7.6988746853530367E-054   1.3013166504752597E-058   5.4437341258370184E-063   3.2944223722450177E-067
  -7.2632805899688691E+017  -3.6612106253910022E+029  -2.5685609745428036E+029  -8.0078970348545696E+022  -7504742772982.8887       -14.916925379226017       -1.4359102248649004E-011  -6.3100378527871063E-023  -4.3985993219740907E-033  -1.8559536041576911E-043   2.8826281478070136E-048   1.0901382465802726E-053   1.8407535737053117E-058   7.6965166778903863E-063   4.6570144145386099E-067
  -1.0637291875116332E+018  -5.4037527967298716E+029  -3.7926150539720445E+029  -1.1783531791015596E+023  -10982038657647.117       -21.686443109857837       -2.0736890576469441E-011  -9.0571298667138818E-023  -6.2812406590995691E-033  -2.6399117068781914E-043   4.0889442095932715E-048   1.5436040295507610E-053   2.6038041709636949E-058   1.0881569090900607E-062   6.5831823648088448E-067
  -1.5578634006571937E+018  -7.9756534515395704E+029  -5.5999956633627241E+029  -1.7339338082610291E+023  -16070528503778.562       -31.528068404363392       -2.9947460585249746E-011  -1.3000176124592227E-022  -8.9696700824472371E-033  -3.7550151322220864E-043   5.8000768574922982E-048   2.1856983845561143E-053   3.6831633871680388E-058   1.5384692959083873E-062   9.3060244619013175E-067
  -2.2815380504496241E+018  -1.1771643960312289E+030  -8.2686889765506912E+029  -2.5514648465554707E+023  -23516754441048.824       -45.835970096534446       -4.3249031456830102E-011  -1.8659838821494187E-022  -1.2808772479648240E-032  -5.3411402767921434E-043   8.2272806755121224E-048   3.0948853113861508E-053   5.2099511561225543E-058   2.1751346299675393E-062   1.3155049718119239E-066
  -3.3413817755440036E+018  -1.7374327351721667E+030  -1.2209156472122208E+030  -3.7544532401293912E+023  -34413166976022.531       -66.637012239302962       -6.2458678059306972E-011  -2.6783452030415989E-022  -1.8291046741256607E-032  -7.5972475911276800E-043   1.1670215626376172E-047   4.3822675525296545E-053   7.3696407749649800E-058   3.0752714232758594E-062   1.8596053970299941E-066
  -4.8935555526606285E+018  -2.5643595513380225E+030  -1.8027466537721539E+030  -5.5246382326644519E+023  -50358400818576.062       -96.877881024097420       -9.0200554614871673E-011  -3.8443704019659318E-022  -2.6119785963012446E-032  -1.0806338797659396E-042   1.6553942752138523E-047   6.2051633615589241E-053   1.0424590094202285E-057   4.3479121716488276E-062   2.6287488895299968E-066
  -7.1667620276650516E+018  -3.7848604366351331E+030  -2.6618511682227716E+030  -8.1294473242317568E+023  -73691814149852.031       -140.84251438915433       -1.3026437044960177E-010  -5.5180281235626142E-022  -3.7299299380678543E-032  -1.5370956086185292E-042   2.3481401759888100E-047   8.7863308126968866E-053   1.4745912599502589E-057   6.1472103311288859E-062   3.7160145574983897E-066
  -1.0495943407865364E+019  -5.5862562411881121E+030  -3.9303648766646602E+030  -1.1962397447845043E+024  -107836701130649.11       -204.75896772104568       -1.8812308786471706E-010  -7.9203177452431444E-022  -5.3263750159117216E-032  -2.1863676238909513E-042   3.3307849320291076E-047   1.2441188864644740E-052   2.0858560066168194E-057   8.6911127426606129E-062   5.2529795642710389E-066
  -1.5371633089767166E+019  -8.2450228570695180E+030  -5.8033932210754571E+030  -1.7602544907581320E+024  -157802531150182.97       -297.68168471845411       -2.7168056291217181E-010  -1.1368451422028844E-021  -7.6061136992778402E-032  -3.1098933572814569E-042   4.7246448153390848E-047   1.7616361596152644E-052   2.9505093401578722E-057   1.2287759273633947E-061   7.4256421456902263E-066
  -2.2512232676286689E+019  -1.2169224414542627E+031  -8.5690198752921388E+030  -2.5901965382915600E+024  -230919899491596.47       -432.77415659479942       -3.9235126150355955E-010  -1.6317740629583922E-021  -1.0861602159950544E-031  -4.4235181033822347E-042   6.7018042819748209E-047   2.4944255723868080E-052   4.1735888521380302E-057   1.7372807433508421E-061   1.0496930479171732E-065
  -3.2969863949329506E+019  -1.7961142486950425E+031  -1.2652615872844207E+031  -3.8114479900159186E+024  -337916015710424.94       -629.17367211257977       -5.6661954685709171E-010  -2.3421718150208702E-021  -1.5510470610767463E-031  -6.2920204337822664E-042   9.5063613379498904E-047   3.5320340782162948E-052   5.9036735418118979E-057   2.4562203049864709E-061   1.4838521350692877E-065
  -4.8285392421357756E+019  -2.6509713558664691E+031  -1.8682264414504937E+031  -5.6085073837807256E+024  -494488517076651.62       -914.70232036447328       -8.1829154674013627E-010  -3.3618434361320510E-021  -2.2149098997274364E-031  -8.9497817090541649E-042   1.3484563622598602E-046   5.0012575612869320E-052   8.3509331084847469E-057   3.4726789054180910E-061   2.0975819205759030E-065
  -7.0715464210246050E+019  -3.9126961944689303E+031  -2.7585364108992572E+031  -8.2528625130550947E+024  -723608504813922.00       -1329.8082890015951       -1.1817472197030552E-009  -4.8254322894133791E-021  -3.1629123600599906E-031  -1.2730186433249265E-041   1.9127555778747629E-046   7.0816353096064092E-052   1.1812659247175743E-056   4.9097789650917055E-061   2.9651538794983096E-065
  -1.0356500868722029E+020  -5.7749367715390052E+031  -4.0731268840534351E+031  -1.2144005007182918E+025  -1058890686761881.0       -1933.2957851489271       -1.7066368729385076E-009  -6.9261991609719146E-021  -4.5166689201968301E-031  -1.8107441375939703E-041   2.7132015655324401E-046   1.0027389738795517E-051   1.6709380474908004E-056   6.9415947041991426E-061   4.1915585968190284E-065
  -1.5167419905695521E+020  -8.5235075319034507E+031  -6.0141903180646311E+031  -1.7869782880234799E+025  -1549525067617486.5       -2810.6552838027892       -2.4646637055141683E-009  -9.9415415453761461E-021  -6.4498462223825897E-031  -2.5756059173599698E-041   3.8486165424559553E-046   1.4198492403654728E-051   2.3635947696247958E-056   9.8142375460896373E-061   5.9252113682784510E-065
  -2.2213162141776154E+020  -1.2580255809761255E+032  -8.8802747327960802E+031  -2.6295208707215453E+025  -2267493725966430.0       -4086.1741727019648       -3.5593789148028522E-009  -1.4269622834744890E-020  -9.2104418994551420E-031  -3.6635467921028317E-041   5.4591776456313302E-046   2.0104652568108503E-051   3.3433796353625632E-056   1.3875667301507603E-060   8.3759129109161880E-065
  -3.2531873321978298E+020  -1.8567806435194497E+032  -1.3112202302370787E+032  -3.8693139970473581E+025  -3318131467357080.5       -5940.5433962086227       -5.1403274388287134E-009  -2.0481948143686524E-020  -1.3152598953040526E-030  -5.2110360020183536E-041   7.7437230543570982E-046   2.8467603742403791E-051   4.7293163527464033E-056   1.9617840126979943E-060   1.1840238726965049E-064
  -4.7643950540494117E+020  -2.7405121412198457E+032  -1.9360870612989746E+032  -5.6936573883518827E+025  -4855579729940484.0       -8636.4542676466517       -7.4234767311740470E-009  -2.9398829189081128E-020  -1.8782036991051677E-030  -7.4121876618588126E-041   1.0984300343668434E-045   4.0309299610356745E-051   6.6897677261436577E-056   2.7736298589464336E-060   1.6737429654917930E-064
  -6.9776063120861757E+020  -4.0448541040165006E+032  -2.8587364846896648E+032  -8.3781607297609652E+025  -7105401018798600.0       -12555.811512101573       -1.0720719266370145E-008  -4.2197703047806784E-020  -2.6820928470771141E-030  -1.0543110068949732E-040   1.5580987782609848E-045   5.7076796900172409E-051   9.4628882741996540E-056   3.9214421910966104E-060   2.3660126959275328E-064
  -1.0218923820285261E+021  -5.9699953280871674E+032  -4.2210778775165102E+032  -1.2328380936301776E+026  -10397671681584194.       -18253.834164500913       -1.5482479001588319E-008  -6.0568607832745420E-020  -3.8300542596146278E-030  -1.4996540206490002E-040   2.2101287578300627E-045   8.0819085901474815E-051   1.3385555105630727E-055   5.5442541525109882E-060   3.3446091745680221E-064
  -1.4965935234137336E+021  -8.8114040925021468E+032  -6.2326480355630435E+032  -1.8141090971190556E+026  -15215408137947656.       -26537.708292333526       -2.2359242102124403E-008  -8.6937345201128246E-020  -5.4693541691094929E-030  -2.1331107928616419E-040   3.1350189103830892E-045   1.1443747734005409E-050   1.8934291559209015E-055   7.8386350271429503E-060   4.7279587939294001E-064
  -2.1918082646790001E+021  -1.3005176243909766E+033  -9.2028392554147564E+032  -2.6694436294893622E+026  -22265431278980940.       -38580.933539685509       -3.2290417409856132E-008  -1.2478579737200613E-019  -7.8102901687913667E-030  -3.0341409433204422E-040   4.4469552042462857E-045   1.6204014291791359E-050   2.6783154988460131E-055   1.1082500443285122E-059   6.6834697847031567E-064
  -3.2099720914540256E+021  -1.9194966612211578E+033  -1.3588485820153789E+033  -3.9280599171279308E+026  -32582065704774828.       -56089.561898952983       -4.6632665545990133E-008  -1.7911169517538834E-019  -1.1153169239352159E-029  -4.3157679905874242E-040   6.3079079186577633E-045   2.2944413441703775E-050   3.7885620866234744E-055   1.5668775963304561E-059   9.4477913861862224E-064
  -4.7011049793892390E+021  -2.8330776301087046E+033  -2.0064127988886602E+033  -5.7801012856788159E+026  -47678887737546672.       -81543.878202935171       -6.7345227199206123E-008  -2.5708854757960045E-019  -1.5926832629137541E-029  -6.1387568082414233E-040   8.9476283244729324E-045   3.2488622816405639E-050   5.3590410443587231E-055   2.2152991689956091E-059   1.3355452326294563E-063
  -6.8849158771697768E+021  -4.1814757594947949E+033  -2.9625760533335169E+033  -8.5053617312529642E+026  -69770785486743280.       -118549.75895275349       -9.7257567591872902E-008  -3.6901287362705129E-019  -2.2743669751569166E-029  -8.7317796661366543E-040   1.2692013534816432E-044   4.6002946013785749E-050   7.5805332641027626E-055   3.1320572967328751E-059   1.8879344341864704E-063
  -1.0083175412685515E+022  -6.1716414426548063E+033  -4.3744022999548460E+033  -1.2515555309213268E+027  -1.0209890987504360E+017  -172349.48320116641       -1.4045589901654293E-007  -5.2966381478637371E-019  -3.2478178556696647E-029  -1.2420100446557772E-039   1.8003341420245224E-044   6.5138835043521394E-050   1.0722904359180161E-054   4.4281978018990711E-059   2.6687949916126430E-063
  -1.4767126733391850E+022  -9.1090227091223585E+033  -6.4590393323259078E+033  -1.8416515114682183E+027  -1.4940619088954694E+017  -250564.35729312117       -2.0284138281547776E-007  -7.6025465883294356E-019  -4.6379150492713096E-029  -1.7666375128792187E-039   2.5537342948618978E-044   9.2234697970052383E-050   1.5167887785449772E-054   6.2607206432265370E-059   3.7726239738002485E-063
  -2.1626920165329531E+022  -1.3444444983801591E+034  -9.5371174806975953E+033  -2.7099718457904602E+027  -2.1863318307384099E+017  -364274.35416918597       -2.9293626465146313E-007  -1.0912339658044284E-018  -6.6229871703080213E-029  -2.5128686477280003E-039   3.6224158040546773E-044   1.3060165267086358E-049   2.1455457604389544E-054   8.8515971341317108E-059   5.3330029816502125E-063
  -3.1673302445330094E+022  -1.9843303179384749E+034  -1.4082064577294416E+034  -3.9876965242834722E+027  -3.1993632926116346E+017  -529587.70964511833       -4.2304806614262393E-007  -1.5663061729696013E-018  -9.4576891866686762E-029  -3.5743092694180424E-039   5.1383169664886781E-044   1.8492814585456080E-049   3.0349424224835533E-054   1.2514657063932174E-058   7.5387637356251829E-063
  -4.6386543788505831E+022  -2.9287685637488963E+034  -2.0792922144348337E+034  -5.8678555855220587E+027  -4.6817803423810336E+017  -769922.82571685058       -6.1095086865434600E-007  -2.2482025828413706E-018  -1.3505670828716005E-028  -5.0841044782211827E-039   7.2885893470508128E-044   2.6185288183255497E-049   4.2930221656690181E-054   1.7693602526973761E-058   1.0656839843416367E-062
  -6.7934546250772888E+022  -4.3227103774823492E+034  -3.0701862398895037E+034  -8.6344907949726166E+027  -6.8510716030772813E+017  -1119325.7368409580       -8.8231336304032776E-007  -3.2269647690137211E-018  -1.9286227389328231E-028  -7.2316401228258474E-039   1.0338703313627923E-043   3.7077607301072312E-049   6.0726158019279235E-054   2.5015753029558221E-058   1.5064570190325202E-062
  -9.9492270276074568E+022  -6.3800961237572849E+034  -4.5332942877460870E+034  -1.2705566765447634E+028  -1.0025498500570383E+018  -1627293.0937113534       -1.2742053519939195E-006  -4.6318341888590837E-018  -2.7540917512036229E-028  -1.0286299001175080E-038   1.4665222728883315E-043   5.2500814701081254E-049   8.5899073541277343E-054   3.5368031955519731E-058   2.1295363197945906E-062
  -1.4570954491944958E+023  -9.4166906864950026E+034  -6.6936516160909770E+034  -1.8696114245846953E+028  -1.4670788090064425E+018  -2365783.8917240202       -1.8401617150059325E-006  -6.6483179766544388E-018  -3.9328694028973053E-028  -1.4631251726401408E-038   2.0802295127654563E-043   7.4339628257299510E-049   1.2150695968016976E-053   5.0004398540606779E-058   3.0103248083223040E-062
  -2.1339619064826235E+023  -1.3898546669161207E+035  -9.8835348424973807E+034  -2.7511144847309041E+028  -2.1468460890129060E+018  -3439413.2304645125       -2.6574956050162143E-006  -9.5426843836978207E-018  -5.6161751706520255E-028  -2.0811520919782240E-038   2.9507597008194233E-043   1.0526275371267748E-048   1.7187544218213626E-053   7.0697738462885172E-058   4.2554124890008729E-062
  -3.1252540328524905E+023  -2.0513533575490679E+035  -1.4593568208686843E+035  -4.0482374148998814E+028  -3.1415818254261453E+018  -5000272.1593895108       -3.8378599049193208E-006  -1.3697122385841767E-017  -8.0199519124504876E-028  -2.9602347811646408E-038   4.1855875773306228E-043   1.4904900085026538E-048   2.4312325563265346E-053   9.9954611375637205E-058   6.0154756059183224E-062
  -4.5770324147144296E+023  -3.0276911189388070E+035  -2.1548184729862866E+035  -5.9569408408813810E+028  -4.5972258653467571E+018  -7269472.9996791650       -5.5424997046590709E-006  -1.9660208137699133E-017  -1.1452568093433632E-027  -4.2106437026639220E-038   5.9371636910724768E-043   2.1104905451471531E-048   3.4390554384664143E-053   1.4131886749587833E-057   8.5035109655043492E-062
  -6.7032073751494787E+023  -4.4687150440974824E+035  -3.1817048644858968E+035  -8.7655788844943585E+028  -6.7273389265195356E+018  -10568472.268275404       -8.0042793823840741E-006  -2.8219342158108276E-017  -1.6354376829292493E-027  -5.9892277754367055E-038   8.4217357832063569E-043   2.9883932895987544E-048   4.8646528180581421E-053   1.9980090996459029E-057   1.2020612080024801E-061
  -9.8170573186767761E+023  -6.5955916978960250E+035  -4.6979576668189762E+035  -1.2898461791902663E+029  -9.8444345671663411E+018  -15364608.432774076       -1.1559493326460924E-005  -4.0504722275084588E-017  -2.3354206578694723E-027  -8.5190892050272331E-038   1.1946046505244254E-042   4.2314780660447777E-048   6.8812054528093150E-053   2.8248459901760457E-057   1.6992406472472142E-061
  -1.4377388346528237E+024  -9.7347515088367712E+035  -6.9367862491925939E+035  -1.8979957919576238E+029  -1.4405828752594805E+019  -22337305.409925196       -1.6693805841821153E-005  -5.8138581524466196E-017  -3.3350030392746054E-027  -1.2117569000002751E-037   1.6945203543203599E-042   5.9916499880643441E-048   9.7336830080514907E-053   3.9938531154727234E-057   2.4020563660605667E-061
  -2.1056136478957510E+024  -1.4367988946103236E+036  -1.0242536792550152E+036  -2.7928819188887579E+029  -2.1080733715509354E+019  -32474320.246244363       -2.4108595919416301E-005  -8.3449397245745153E-017  -4.7624162375672544E-027  -1.7236053624823782E-037   2.4036397553595204E-042   8.4840022822494907E-048   1.3768602832059733E-052   5.6466309178878342E-057   3.3955607139834816E-061
  -3.0837373259575843E+024  -2.1206407807394056E+036  -1.5123654974163720E+036  -4.1096980087467776E+029  -3.0848439608131396E+019  -47211669.502527550       -3.4816769980183115E-005  -1.1977935679589265E-016  -6.8007759334310693E-027  -2.4516596060201855E-037   3.4095099871081768E-042   1.2013100707060269E-047   1.9476124686036109E-052   7.9833784063059050E-057   4.7999841821566523E-061
  -4.5162302615876127E+024  -3.1299560668841588E+036  -2.2330888235079783E+036  -6.0473799073658707E+029  -4.5141988409183371E+019  -68637056.425451189       -5.0281131215862932E-005  -1.7192567945249117E-016  -9.7115730710451850E-027  -3.4872453709478444E-037   4.8363147276646174E-042   1.7010201526176694E-047   2.7549595072591240E-052   1.1287143023898657E-056   6.7852852852850574E-061
  -6.6141613385698281E+024  -4.6196533116901834E+036  -3.2972755659767656E+036  -8.8986597860294132E+029  -6.6058418828106449E+019  -99785616.564482480       -7.2614207648642699E-005  -2.4677406923415921E-016  -1.3868219221735656E-026  -4.9602645673537337E-037   6.8602057858156569E-042   2.4085951077351129E-047   3.8969774573862439E-052   1.5958105848168783E-056   9.5917183585826984E-061
  -9.6866476373936068E+024  -6.8183695821898806E+036  -4.8686045506725557E+036  -1.3094290212385829E+030  -9.6666427742875124E+019  -145069877.40240294       -1.0486683668092973E-004  -3.5420794346115179E-016  -1.9803949685217509E-026  -7.0554899242142899E-037   9.7310506178470861E-042   3.4105006830696835E-047   5.5123980088391891E-052   2.2562055048789999E-056   1.3558908313996197E-060
  -1.4186400948716479E+025  -1.0063561442760891E+037  -7.1887564052517721E+036  -1.9268119453550941E+030  -1.4145658592739836E+020  -210904840.44161570       -1.5144492860476625E-004  -5.0841349692922933E-016  -2.8280229578208858E-026  -1.0035742530166449E-036   1.3803280700716312E-041   4.8291698639147807E-047   7.7974615297960163E-052   3.1898919135551158E-056   1.9166950883065800E-060
  -2.0776432100591571E+025  -1.4853297459743536E+037  -1.0614585641252966E+037  -2.8352849172904014E+030  -2.0700016031726390E+020  -306616735.40725929       -2.1871134159841756E-004  -7.2975293003375560E-016  -4.0384438386338072E-026  -1.4274859612875451E-036   1.9579649269401361E-041   6.8379641999275386E-047   1.1029756234970889E-051   4.5099661347244000E-056   2.7094512156967166E-060
  -3.0427741583680314E+025  -2.1922701290443166E+037  -1.5673007250301406E+037  -4.1720940983698937E+030  -3.0291320024615984E+020  -445764181.47227138       -3.1585508814089907E-004  -1.0474531928951709E-015  -5.7669364443590646E-026  -2.0304587973056945E-036   2.7773300702849177E-041   9.6823586081954917E-047   1.5601939443968027E-051   6.3763271883628957E-056   3.8300958430970362E-060
  -4.4562390605893470E+025  -3.2356777776396228E+037  -2.3142039742994483E+037  -6.1391959125953521E+030  -4.4326733112236094E+020  -648058912.35687900       -4.5614661194371802E-004  -1.5034652830755650E-015  -8.2352404391132070E-026  -2.8881285297138234E-036   3.9395814579956263E-041   1.3709938438925406E-046   2.2069437369095693E-051   9.0150451686698215E-056   5.4142455425653442E-060
  -6.5263033245009647E+025  -4.7756938493812712E+037  -3.4170469596711772E+037  -9.0337673281624236E+030  -6.4865423657503542E+020  -942158156.91022885       -6.5875061418309592E-004  -2.1580037012726059E-015  -1.1760002192218462E-025  -4.1080796235600233E-036   5.5882094232660839E-041   1.9412874449021526E-046   3.1217917975791796E-051   1.2745744845745266E-055   7.6536086814781653E-060
  -9.5579783015954694E+025  -7.0486784961240610E+037  -5.0454542311905967E+037  -1.3293101452440483E+031  -9.4920671435852127E+020  -1369724246.2753868       -9.5134407259018432E-004  -3.0974975273414220E-015  -1.6793395760942910E-025  -5.8433404323690892E-036   7.9267518406387111E-041   2.7488066130775809E-046   4.4158733480462487E-051   1.8020321433946413E-055   1.0819185312172039E-059
  -1.3997962881610880E+026  -1.0403487210103184E+038  -7.4498856352560958E+037  -1.9560670981683759E+031  -1.3890195326019728E+021  -1991326535.1779337       -1.3738970914101191E-003  -4.4460030235563462E-015  -2.3981130045221010E-025  -8.3115787859531187E-036   1.1243922698676518E-040   3.8922302918168793E-046   6.2463926786233139E-051   2.5477678121933774E-055   1.5294062669585466E-059
  -2.0500461901143224E+026  -1.5355012857613327E+038  -1.1000158721449301E+038  -2.8783339951058128E+031  -2.0326186811325520E+021  -2895021708.7038555       -1.9841330703068835E-003  -6.3815847524690271E-015  -3.4245283563576074E-025  -1.1822405832384514E-035   1.5949256426596787E-040   5.5112849981149247E-046   8.8357202361851914E-051   3.6021115656374082E-055   2.1619775075648976E-059
  -3.0023579315894280E+026  -2.2663210984117152E+038  -1.6242329166806883E+038  -4.2354409915915745E+031  -2.9744281376124552E+021  -4208827968.3085794       -2.8654140858829602E-003  -9.1598282686191399E-015  -4.8902593311376998E-025  -1.6816213076693954E-035   2.2623668586196027E-040   7.8038194207464847E-046   1.2498406059779379E-050   5.0927748087605314E-055   3.0561838567195661E-059
  -4.3970489092985812E+026  -3.3449737122599231E+038  -2.3982677806986207E+038  -6.2324111065327289E+031  -4.3526230408096614E+021  -6118860200.9676523       -4.1381286788327344E-003  -1.3147589138264190E-014  -6.9833372390095267E-025  -2.3919414261315722E-035   3.2091175099246612E-040   1.1049981555293600E-045   1.7679391140787871E-050   7.2003198076500880E-055   4.3202391023495900E-059
  -6.4396184504735306E+026  -4.9370097489288864E+038  -3.5411722038416858E+038  -9.1709337911145705E+031  -6.3694017034632215E+021  -8895695174.8021851       -5.9761376904000092E-003  -1.8871434706073541E-014  -9.9722726008647091E-025  -3.4023021525678910E-035   4.5520624391161237E-040   1.5646452825010614E-045   2.5008058601983606E-050   1.0180030982117904E-054   6.1071148784197171E-059
  -9.4310269081297063E+026  -7.2867734586888052E+038  -5.2287325365414761E+038  -1.3494942241709796E+032  -9.3206506200486516E+021  -12932701676.422659       -8.6305247530695413E-003  -2.7087175144012757E-014  -1.4240501025479151E-024  -4.8394412290170818E-035   6.4570002194843617E-040   2.2154922601451780E-045   3.5374690802012765E-050   1.4392837204036406E-054   8.6330527678801963E-059
  -1.3812040362544871E+027  -1.0754904451433010E+039  -7.7205068544257295E+038  -1.9857679980643941E+032  -1.3639354692416968E+022  -18801765467.721348       -1.2463895901836313E-002  -3.8879665069557682E-014  -2.0335572253277722E-024  -6.8836306691214526E-035   9.1591124734451276E-040   3.1370726717406802E-045   5.0038620330890473E-050   2.0349030682566901E-054   1.2203733118025200E-058
  -2.0228174848878309E+027  -1.5873688324044376E+039  -1.1399746717145596E+039  -2.9220388684596906E+032  -1.9959121487891020E+022  -27334303102.217281       -1.7999913847924435E-002  -5.5806054122560865E-014  -2.9039392583263439E-024  -9.7912897395953228E-035   1.2991999149444065E-039   4.4420037607022454E-045   7.0781213017894657E-050   2.8770078052847464E-054   1.7251267428610694E-058
  -2.9624809241912618E+027  -2.3428751336983853E+039  -1.6832343796961138E+039  -4.2997526367103141E+032  -2.9207139318167239E+022  -39739041077.828598       -2.5994833606159121E-002  -8.0101402142820459E-014  -4.1468531732407606E-024  -1.3927149709147114E-034   1.8428864422098616E-039   6.2897482720285813E-045   1.0012226724048837E-049   4.0676010771766955E-054   2.4386491004751423E-058
  -4.3386481090012287E+027  -3.4579637544640400E+039  -2.4853867748063510E+039  -6.3270454514391045E+032  -4.2740207226522350E+022  -57773245003.902878       -3.7540811687956872E-002  -1.1497380957332397E-013  -5.9217461991519931E-024  -1.9810005049789690E-034   2.6140937983333226E-039   8.9061008198992023E-045   1.4162611759884564E-049   5.7508980315445265E-054   3.4472884152207052E-058
  -6.3540889767018920E+027  -5.1037774412717525E+039  -3.6698082297478177E+039  -9.3101876599828570E+032  -6.2543794141568237E+022  -83991655221.754578       -5.4215101536450087E-002  -1.6502803382145252E-013  -8.4563105109457770E-024  -2.8177790034009422E-034   3.7080344355290054E-039   1.2610780017901546E-044   2.0033462825546173E-049   8.1307944272370917E-054   4.8731067604711535E-058
  -9.3057665520067931E+027  -7.5329140864580576E+039  -5.4186706148789325E+039  -1.3699853123510738E+033  -9.1523331596120844E+022  -122108393259.22655       -7.8295516222349065E-002  -2.3687352833658991E-013  -1.2075692719639610E-023  -4.0080143811771814E-034   5.2597651182478012E-039   1.7856498133505128E-044   2.8337967572298300E-049   1.1495564285056730E-053   6.8886517861726933E-058
  -1.3628592613619478E+028  -1.1118195171168725E+040  -8.0009605123935985E+039  -2.0159204051379634E+033  -1.3393047618576644E+023  -177523107011.16928      -0.11307159193228393       -3.3999719339857649E-013  -1.7244205302952102E-023  -5.7010075153309433E-034   7.4608608890320788E-039   2.5284282583182808E-044   4.0084952515838381E-049   1.6252778176879630E-053   9.7378378440357655E-058
  -1.9959509240807035E+028  -1.6409885976297487E+040  -1.1813851085367133E+040  -2.9664077149272208E+033  -1.9598687962668424E+023  -258085888684.31955      -0.16329395909372305       -4.8801608166570646E-013  -2.4624890925078365E-023  -8.1091242630281704E-034   1.0583066721067784E-038   3.5801809561359985E-044   5.6701434705869175E-049   2.2978671763917268E-053   1.3765463666318283E-057
  -2.9231338244016317E+028  -2.4220149641646063E+040  -1.7443789853423360E+040  -4.3650406521033482E+033  -2.8679698100960891E+023  -375209324220.12018      -0.23582330798585724       -7.0047547293669406E-013  -3.5164580851353622E-023  -1.1534434230108739E-033   1.5011846865210550E-038   5.0694322181737326E-044   8.0205974942268881E-049   3.2487944536294060E-053   1.9458938726474368E-057
  -4.2810226586284525E+028  -3.5747696964305752E+040  -2.5756698054048918E+040  -6.4231154965973417E+033  -4.1968373886816322E+023  -545485207731.26306      -0.34056760150711485       -1.0054297462575548E-012  -5.0215359171711062E-023  -1.6406601805856316E-033   2.1293973858006016E-038   7.1781687340633631E-044   1.1345389138693259E-048   4.5932443392024135E-053   2.7507267862754993E-057
  -6.2696939483262846E+028  -5.2761763007358133E+040  -3.8031154807307629E+040  -9.4515526157839700E+033  -6.1414327100921078E+023  -793034945582.49512      -0.49183556408305235       -1.4431468425491165E-012  -7.1708014863487798E-023  -2.3336782442358578E-033   3.0205032478710644E-038   1.0164078366905503E-043   1.6048412197985698E-048   6.4940684479606248E-053   3.8884432281645746E-057
  -9.1821660398308715E+028  -7.7873646972626285E+040  -5.6155050622470787E+040  -1.3907868206923312E+034  -8.9870517119971047E+023  -1152926609566.5051      -0.71029134154409757       -2.0714254762536597E-012  -1.0239973298042372E-022  -3.3194284823755414E-033   4.2845172621565493E-038   1.4392039640665160E-043   2.2700987230628241E-048   9.1815113418608325E-053   5.4967257424256697E-057
  -1.3447573475576560E+029  -1.1493749084959447E+041  -8.2915956744586849E+040  -2.0465292726925112E+034  -1.3151181453463894E+024  -1676142700603.9839       -1.0257773503940486       -2.9732272110996388E-012  -1.4622780001561095E-022  -4.7215615279889704E-033   6.0774932630363319E-038   2.0378709938712232E-043   3.2111265253560533E-048   1.2981099779348057E-052   7.7702031660680415E-057
  -1.9694397190586158E+029  -1.6964180767866192E+041  -1.2242987087648159E+041  -3.0114477934181354E+034  -1.9244750498008480E+024  -2436802358658.2065       -1.4813909347931407       -4.2676311829526012E-012  -2.0881469850639532E-022  -6.7159582764991058E-033   8.6207901698669882E-038   2.8855661096460271E-043   4.5422401464029376E-048   1.8353073383574149E-052   1.0984003943537800E-056
  -2.8843067071448422E+029  -2.5038254612869206E+041  -1.8077428287522650E+041  -4.4313157715568490E+034  -2.8161759473904878E+024  -3542661120149.1152       -2.1393717272272368       -6.1255579939533587E-012  -2.9818938690572576E-022  -9.5527920470136861E-033   1.2228400722914375E-037   4.0858777564736402E-043   6.4251425076773406E-048   2.5948132919272424E-052   1.5527051227723157E-056
  -4.2241581219287692E+029  -3.6955168765050818E+041  -2.6692292954220006E+041  -6.5206372369834910E+034  -4.1210441668089067E+024  -5150375622348.2344       -3.0896039617284643       -8.7923390505625611E-012  -4.2581729405160390E-022  -1.3587909841770651E-032   1.7345716691627935E-037   5.7854841609651910E-043   9.0885675104491997E-048   3.6686258900590242E-052   2.1949129026388746E-056
  -6.1864124447440586E+029  -5.4543914737881687E+041  -3.9412600897846727E+041  -9.5950526202885004E+034  -6.0305196440333333E+024  -7487695657346.6533       -4.4618952064355240       -1.2620111529159731E-011  -6.0807116098622930E-022  -1.9327469108156402E-032   2.4604516466260447E-037   8.1920774274809282E-043   1.2856066498728700E-047   5.1868147733865055E-052   3.1027415177704514E-056
  -9.0601950994833182E+029  -8.0503987814308125E+041  -5.8194813887151815E+041  -1.4119023460723238E+035  -8.8247454301425832E+024  -10885727306796.877       -6.4437088631557016       -1.8114316583784077E-011  -8.6833141692504595E-022  -2.7491429152028067E-032   3.4900963741773055E-037   1.1599743537172485E-042   1.8185313090647481E-047   7.3332763522442615E-052   4.3860532747448190E-056
  -1.3268939083229938E+030  -1.1881970048275879E+042  -8.5927750720722269E+041  -2.0775999899416468E+035  -1.2913667976042351E+025  -15825837557100.076       -9.3057727975131783       -2.6000440681173657E-011  -1.2399855358748827E-021  -3.9103861441527038E-032   4.9506246927479310E-037   1.6424899688576025E-042   2.5723701106574207E-047   1.0368008959577140E-051   6.2001501625496267E-056
  -1.9432774829109464E+030  -1.7537168659725222E+042  -1.2687690376736778E+042  -3.0571671307081549E+035  -1.8897181067835215E+025  -23007844903845.586       -13.439062387371999       -3.7319812962547493E-011  -1.7707111459849536E-021  -5.5621407149268677E-032   7.0223518704329395E-037   2.3257180526754218E-042   3.6386989598241852E-047   1.4658606138979249E-051   8.7645679667947206E-056
  -2.8459901951224729E+030  -2.5883944811233668E+042  -1.8734049496814199E+042  -4.4985898314794259E+035  -2.7653137195367924E+025  -33449155820856.973       -19.408210086435162       -5.3567108248527746E-011  -2.5285923496936003E-021  -7.9115995394652224E-032   9.9610511317271624E-037   3.2931491563723331E-042   5.1470548731646120E-047   2.0724782812264682E-051   1.2389643737744545E-055
  -4.1680405753983554E+030  -3.8203346442971364E+042  -2.7661817570990538E+042  -6.6196278883945985E+035  -4.0466138586228399E+025  -48628890747957.492       -28.028637552861458       -7.6887712343667543E-011  -3.6108538858000688E-021  -1.1253474200196952E-031   1.4129531144411244E-036   4.6630034725824284E-042   7.2806720609266621E-047   2.9301327728096226E-051   1.7514071716046131E-055
  -6.1042235258373758E+030  -5.6386131212414543E+042  -4.0844136090390304E+042  -9.7407122901854089E+035  -5.9216002947088988E+025  -70697416446400.141       -40.477947025555700       -1.1036101083928217E-010  -5.1563335938584854E-021  -1.6006962995921774E-031   2.0042427986067696E-036   6.6026773560574142E-042   1.0298741113315611E-046   4.1427107546591898E-051   2.4757992605485193E-055
  -8.9398218463389225E+030  -8.3222954848823887E+042  -6.0308518887718596E+042  -1.4333353399966337E+036  -8.6653553867533772E+025  -102780967006927.89       -58.456788631999203       -1.5840700841641027E-010  -7.3632932085428086E-021  -2.2768334355850469E-031   2.8429741557223977E-036   9.3491991766056480E-042   1.4567895323927080E-046   5.8570903518332552E-051   3.4998040874473224E-055
  -1.3092640412769320E+031  -1.2283267302016410E+043  -8.9048693568716155E+042  -2.1091372956748628E+036  -1.2680419730389065E+026  -149424506014856.88       -84.421178996327342       -2.2736997087762031E-010  -1.0514852338073176E-020  -3.2385721580306660E-031   4.0326960576727220E-036   1.3238194211574437E-041   2.0606749090578327E-046   8.2809323204284822E-051   4.9473432053274375E-055
  -1.9174566392382367E+031  -1.8129449107303874E+043  -1.3148505097622303E+043  -3.1035721027205475E+036  -1.8555849316593586E+026  -217235565576407.81       -121.91800716191557       -3.2635615718114389E-010  -1.5015308419327137E-020  -4.6065511010922402E-031   5.7202902891920118E-036   1.8744898090630433E-041   2.9148898892568832E-046   1.1707833747056539E-050   6.9935928347776458E-055
  -2.8081725889365636E+031  -2.6758098201101128E+043  -1.9414452192102629E+043  -4.5668712783102658E+036  -2.7153636528367728E+026  -315820268262706.25       -176.06955981449559       -4.6843626019108314E-010  -2.1442001947724958E-020  -6.5523668750068274E-031   8.1141054127467240E-036   2.6542230639895632E-041   4.1232040166447390E-046   1.6552891113347246E-050   9.8861830893959402E-055
  -4.1126520883576520E+031  -3.9493516962290618E+043  -2.8666444949007526E+043  -6.7200985948093323E+036  -3.9735173889291370E+026  -459144128676057.62       -254.27325469167687       -6.7237133302683042E-010  -3.0619380503197261E-020  -9.3200988052241507E-031   1.1509679254320346E-035   3.7583026755087950E-041   5.8324025946584181E-046   2.3402980436971462E-050   1.3975165322852661E-054
  -6.0231001092755455E+031  -5.8290302794669772E+043  -4.2327485762166072E+043  -9.8885465867356683E+036  -5.8146314217796282E+026  -667510405748731.50       -367.21216978283110       -9.6509010189384330E-010  -4.3724762863768775E-020  -1.3256925759466859E-030   1.6326225680083806E-035   5.3216472924934823E-041   8.2501180801134777E-046   3.3087844862593494E-050   1.9755374143126885E-054
  -8.8210062687971135E+031  -8.6033334061516424E+043  -6.2498709694410834E+043  -1.4550879113077015E+037  -8.5088177639016442E+026  -970436259459604.12       -530.31441252863499       -1.3852447836720275E-009  -6.2439371142379681E-020  -1.8856675577476298E-030   2.3158390281818701E-035   7.5352977960620133E-041   1.1670053153733258E-045   4.6780600457784024E-050   2.7926310599602263E-054
  -1.2918620123196312E+032  -1.2698053330753079E+044  -9.2282549437628953E+043  -2.1411444080266680E+037  -1.2451343603109429E+027  -1410834149349096.2       -765.86068759462569       -1.9883149386212320E-009  -8.9164006091104800E-020  -2.6821769859419451E-030   3.2849664672396296E-035   1.0669762515308244E-040   1.6507659551712808E-045   6.6139834361101464E-050   3.9476793401000918E-054
  -1.8919692997813638E+032  -1.8741636244305875E+044  -1.3625990542815399E+044  -3.1506680837569257E+037  -1.8220621461406925E+027  -2051090814126997.0       -1106.0279698979728       -2.8539333003373976E-009  -1.2732703346946479E-019  -3.8151334348455488E-030   4.6596523042196279E-035   1.5108073373962297E-040   2.3350606902365481E-045   9.3510507461796137E-050   5.5804622364371431E-054
  -2.7708436288196597E+032  -2.7661634765635615E+044  -2.0119471301988114E+044  -4.6361697582069922E+037  -2.6663068940244201E+027  -2981904985381489.0       -1597.2850677162173       -4.0964009283980893E-009  -1.8182419150852505E-019  -5.4266527307072001E-030   6.6096137566334337E-035   2.1392592433259878E-040   3.3030172493426957E-045   1.3220799671382771E-049   7.8885735355639191E-054
  -4.0579803721776815E+032  -4.0827066866731640E+044  -2.9707427401108748E+044  -6.8220673516664862E+037  -3.9017288046294204E+027  -4335135794594085.5       -2306.7405379678130       -5.8797801668215720E-009  -2.5964664019202262E-019  -7.7188806844536848E-030   9.3755909453591021E-035   3.0291288596754789E-040   4.6722224358598768E-045   1.8691968279245406E-049   1.1151332951512916E-053
  -5.9430293953079888E+032  -6.0258530421850467E+044  -4.3864536298535617E+044  -1.0038589355023852E+038  -5.7095782798013264E+027  -6302481993688338.0       -3331.3101203466313       -8.4395583732284613E-009  -3.7077782171283874E-019  -1.0979349872002511E-029   1.3299068412547716E-034   4.2891583499605254E-040   6.6090065051961789E-045   2.6427272693018771E-049   1.5763588439978538E-053
  -8.7037387246891619E+032  -8.8938321722462236E+044  -6.4768237299128861E+044  -1.4771663495901686E+038  -8.3550875450775759E+027  -9162638111886160.0       -4810.9560226282701       -1.2113743029031008E-008  -5.2947418596243560E-019  -1.5617047170390068E-029   1.8864434440996552E-034   6.0733234563601467E-040   9.3486488692199143E-045   3.7363681106822041E-049   2.2283499344535303E-053
  -1.2746878981467479E+033  -1.3126815494019196E+045  -9.5633635851499479E+044  -2.1736327502278358E+038  -1.2226383474847136E+028  -13320774528587300.       -6947.8066324278398       -1.7387494219415482E-008  -7.5609407912503469E-019  -2.2213716296254284E-029   2.6758783122200082E-034   8.5996493547208639E-040   1.3223959705411353E-044   5.2825907628901365E-049   3.1500082927641603E-053
  -1.8668178590486000E+033  -1.9374473335525802E+045  -1.4120800842102224E+045  -3.1984752459538357E+038  -1.7891430647054466E+028  -19365934268510520.       -10033.768537546905       -2.4957188030816515E-008  -1.0797094146818461E-018  -3.1596830645065990E-029   3.7956742276773680E-034   1.2176853359450890E-039   1.8705709548814851E-044   7.4686873328248051E-049   4.4528698536444075E-053
  -2.7340100919814062E+033  -2.8595685910195557E+045  -2.0850096659859833E+045  -4.7065198343067562E+038  -2.6181358930611709E+028  -28154477437551236.       -14490.402844884307       -3.5822370193229180E-008  -1.5418351655548911E-018  -4.4943390013838748E-029   5.3840799998197049E-034   1.7242070221043491E-039   2.6459818231336031E-044   1.0559457094188487E-048   6.2946024570414503E-053
  -4.0040396875252574E+033  -4.2205711794412558E+045  -3.0786258530823864E+045  -6.9255915865137322E+038  -3.8312400870963429E+028  -40931394167624728.       -20926.513175029992       -5.1417742096093189E-008  -2.2017551160523628E-018  -6.3927561283492902E-029   7.6371985216032305E-034   2.4414270053608287E-039   3.7428250449273669E-044   1.4929281309738822E-048   8.8980862701653353E-053
  -5.8640374527768044E+033  -6.2293401334437461E+045  -4.5457531948251370E+045  -1.0190933124730149E+039  -5.6064328706322938E+028  -59506671447997328.       -30221.312244718032       -7.3802607428552422E-008  -3.1441270887857337E-018  -9.0930682845332135E-029   1.0833197433232838E-033   3.4569896571707127E-039   5.2943445108164792E-044   2.1107471590483124E-048   1.2578385982185179E-052
  -8.5880626339080605E+033  -9.1941792889449590E+045  -6.7120455803610266E+045  -1.4995851144330507E+039  -8.2041570080778533E+028  -86511698229687376.       -43644.528155876229       -1.0593279514798544E-007  -4.4898432845639474E-018  -1.2933997535215656E-028   1.5366651417678599E-033   4.8949968641061721E-039   7.4890179258799767E-044   2.9842384785109377E-048   1.7780878854317509E-052
  -1.2526965744965050E+034  -1.3514300854340581E+046  -9.8758623427569488E+045  -2.2007766437333786E+039  -1.1984294214755041E+029  -1.2564153115054510E+017  -62996.065504775615       -1.5201298469105548E-007  -6.4108389353696083E-018  -1.8396485210836130E-028   2.1796819986800914E-033   6.9311127193395178E-039   1.0593411697063180E-043   4.2191996010307339E-048   2.5135132365766154E-052
  -1.7998630543975730E+034  -1.9559653266935118E+046  -1.4339122344116131E+046  -3.1972898905043590E+039  -1.7386644266965059E+029  -1.8172721088898864E+017  -90733.275900613458       -2.1791650639146367E-007  -9.1496125661074285E-018  -2.6160860424268551E-028   3.0915058998173546E-033   9.8137986917371538E-039   1.4984403079845560E-043   5.9651755512040564E-048   3.5531010389232400E-052
  -2.5426939000612552E+034  -2.7824588324333205E+046  -2.0511263159683900E+046  -4.5920771297605054E+039  -2.5027036114107018E+029  -2.6160326267777408E+017  -130351.07683241410       -3.1200721372658280E-007  -1.3051116528222527E-017  -3.7193041120981387E-028   4.3842906449827072E-033   1.3894721517320748E-038   2.1194988706501816E-043   8.4335766653914008E-048   5.0226368279133084E-052
  -3.5585132740256856E+034  -3.9204722151172135E+046  -2.9098314164141047E+046  -6.5532575082431468E+039  -3.5865348456090958E+029  -3.7555518509227078E+017  -186983.91841424190       -4.4638420764882366E-007  -1.8609598208622877E-017  -5.2868867549698281E-028   6.2172154630660090E-033   1.9671949428493177E-038   2.9979183387538553E-043   1.1923313454912915E-047   7.0999347195676775E-052
  -4.9678044202731490E+034  -5.5100115241054082E+046  -4.1190390868882885E+046  -9.3359984005408997E+039  -5.1333581124345111E+029  -5.3869781997939949E+017  -268086.61595740035       -6.3845599705322739E-007  -2.6531561943388520E-017  -7.5146125725918180E-028   8.8161075152554019E-033   2.7850772948745395E-038   4.2403586181942477E-043   1.6856997250512173E-047   1.0036354088231805E-051
  -6.9505012349288605E+034  -7.7614502748373404E+046  -5.8419701346975460E+046  -1.3319434314557576E+040  -7.3539917072323532E+029  -7.7307833363168333E+017  -384442.40703401458       -9.1322697493585908E-007  -3.7826161444971093E-017  -1.0680980744709415E-027   1.2501304334641895E-032   3.9429863717820611E-038   5.9976928946726602E-043   2.3832126244024884E-047   1.4187216852932910E-051
  -9.7278373293078570E+034  -1.0936070584761405E+047  -8.2872980949107925E+046  -1.9004330303166097E+040  -1.0535098922109731E+030  -1.1093356994426026E+018  -551237.81533213973       -1.3061280602347628E-006  -5.3925499615311128E-017  -1.5180959041849699E-027   1.7726563499111702E-032   5.5822370647726512E-038   8.4832674683820118E-043   3.3693328878512753E-047   2.0054769249585640E-051
  -1.3612829576645116E+035  -1.5405727193883926E+047  -1.1753306043313720E+047  -2.7108684093806990E+040  -1.5088352270724241E+030  -1.5914668933537193E+018  -790243.85498922516       -1.8678097451345853E-006  -7.6870331181756315E-017  -2.1575751518838950E-027   2.5135184405598860E-032   7.9028726684619281E-038   1.1998825383260024E-042   4.7634680638592899E-047   2.8348962943164294E-051
  -1.9093656972206520E+035  -2.1753008122486302E+047  -1.6701894048412087E+047  -3.8725563442751267E+040  -2.1629553326374370E+030  -2.2842601203752394E+018  -1133114.4163588523       -2.6712105428854220E-006  -1.0957917032841137E-016  -3.0664128215023823E-027   3.5639923216991285E-032   1.1188181484458219E-037   1.6971212343787275E-042   6.7344434937821961E-047   4.0073397396939691E-051
  -2.6846871944421872E+035  -3.0791260911165871E+047  -2.3783286418272593E+047  -5.5404968348152037E+040  -3.1036596985458414E+030  -3.2803397783560776E+018  -1625117.0131365512       -3.8204694835058358E-006  -1.5620836464960593E-016  -4.3580715987008643E-027   5.0534625983635592E-032   1.5839154672362373E-037   2.4004110369062835E-042   9.5209283022598348E-047   5.6646701125346040E-051
  -3.7774169978531710E+035  -4.3612618616283233E+047  -3.3883151296678710E+047  -7.9290127969681994E+040  -4.4539125625342271E+030  -4.7106370227899771E+018  -2330558.5458479938       -5.4637329372523424E-006  -2.2266592411410069E-016  -6.1935672998790342E-027   7.1652454987306091E-032   2.2423251613487414E-037   3.3951191890317184E-042   1.3460308304576642E-046   8.0074095802970130E-051
  -5.3147807736695130E+035  -6.1767246062688743E+047  -4.8264430764145860E+047  -1.1344742993966227E+041  -6.3899745915628699E+030  -6.7628820493461606E+018  -3341522.0294494568       -7.8126156711309159E-006  -3.1736647960812956E-016  -8.8016135866513773E-027   1.0159183559728986E-031   3.1743673727244571E-037   4.8019760998443961E-042   1.9029538651154460E-046   1.1319001110263340E-050
  -7.4758976034587625E+035  -8.7450523292242635E+047  -6.8724608470326156E+047  -1.6225747991784703E+041  -9.1642235507557585E+030  -9.7060347233361162E+018  -4789795.3432784230       -1.1169291547877616E-005  -4.5229235362481149E-016  -1.2507046053783982E-026   1.4403566202615607E-031   4.4937253774188047E-037   6.7917204491773655E-042   2.6902871556879696E-046   1.6000095099794806E-050
  -1.0511881656199145E+036  -1.2375845396092475E+048  -9.7812727322414031E+047  -2.3196070727339852E+041  -1.3137280779276368E+031  -1.3924888505315265E+019  -6863819.8727843761       -1.5965008125276243E-005  -6.4450066691947006E-016  -1.7771133916997153E-026   2.0420335900959793E-031   6.3612943119962519E-037   9.6058052022840385E-042   3.8033451844098940E-046   2.2617010003527740E-050
  -1.4777477568530752E+036  -1.7509010468484217E+048  -1.3916627336434085E+048  -3.3148837744211724E+041  -1.8826049098457845E+031  -1.9970997350144717E+019  -9833320.2037946358       -2.2815525972583292E-005  -9.1827796115584923E-016  -2.5248941450190634E-026   2.8949217338315493E-031   9.0047901228921736E-037   1.3585685530049741E-041   5.3768674042435025E-046   3.1970234190097120E-050
  -2.0772865683393394E+036  -2.4768426405326543E+048  -1.9796754565383616E+048  -4.7360621869062708E+041  -2.6970698782961473E+031  -2.8634364877977608E+019  -14084166.878955359       -3.2599764312956137E-005  -1.3081968107681080E-015  -3.5870624583572920E-026   4.1038504034541022E-031   1.2746485312620225E-036   1.9214222837004152E-041   7.6013223796217382E-046   4.5191242645164228E-050
  -2.9195602339673192E+036  -3.5029231578171030E+048  -2.8153089092630903E+048  -6.7642785760060100E+041  -3.8625521176195908E+031  -4.1042520484223828E+019  -20167160.242140543       -4.6570610484067706E-005  -1.8634352414827511E-015  -5.0956401201496793E-026   5.8173429884016222E-031   1.8042413612506850E-036   2.7174195666005354E-041   1.0745946712998839E-045   6.3879316534487649E-050
  -4.1022344098520643E+036  -4.9523637370174008E+048  -4.0021098878983093E+048  -9.6571023737309838E+041  -5.5294252546159974E+031  -5.8805881396550246E+019  -28868767.090309530       -6.6514189968390309E-005  -2.6539461833046590E-015  -7.2380051901317099E-026   8.2458209274158937E-031   2.5537868637164875E-036   3.8431049354331669E-041   1.5191313777279572E-045   9.0294934500387677E-050
  -5.7625127546825142E+036  -6.9992273599971133E+048  -5.6870538157405390E+048  -1.3781485699330350E+042  -7.9124273092894012E+031  -8.4226085608528347E+019  -41312283.555301026       -9.4977040328273173E-005  -3.7792332839378925E-015  -1.0280093836055763E-025   1.1687389509503375E-030   3.6145922654201274E-036   5.4349889529256541E-041   2.1475366588951963E-045   1.2763310259977772E-049
  -8.0924706791022061E+036  -9.8885173373055433E+048  -8.0781030485722220E+048  -1.9658877642459370E+042  -1.1317609010077100E+032  -1.2058798822887524E+020  -59100515.502071105       -1.3558749536719768E-004  -5.3807762875248682E-015  -1.4599240417699556E-025   1.6564311260053788E-030   5.1158426558735630E-036   7.6860818032266016E-041   3.0358465053444390E-045   1.8040961234705895E-049
  -1.1361447014256528E+037  -1.3965626954330668E+049  -1.1469867832727322E+049  -2.8030860533025638E+042  -1.6181346713082015E+032  -1.7258033460053443E+020  -84520402.124829903       -1.9351470629389264E-004  -7.6597156526918551E-015  -2.0730788665593410E-025   2.3474671809893033E-030   7.2403047211692420E-036   1.0869267964852966E-040   4.2915320768109165E-045   2.5500694288388837E-049
  -1.5946863964330581E+037  -1.9717091367586889E+049  -1.6279380306725202E+049  -3.9951293748619574E+042  -2.3125415480732296E+032  -2.4689179596822807E+020  -120833444.96275884       -2.7612023172616276E-004  -1.0901934400178544E-014  -2.9434118909145172E-025   3.3265486352631882E-030   1.0246529994463667E-035   1.5370341143813930E-040   6.0664907836001323E-045   3.6044570229533405E-049
  -2.2376968454896064E+037  -2.7827365920525200E+049  -2.3096229324977257E+049  -5.6916137785193938E+042  -3.3034906372681196E+032  -3.5305646793858725E+020  -172688130.59750289       -3.9388309712273096E-004  -1.5513629589367248E-014  -4.1786169364631605E-025   4.7136133232941330E-030   1.4500244890627231E-035   2.1734688709202687E-040   8.5754027713240798E-045   5.0947475221622731E-049
  -3.1391052677846687E+037  -3.9259155607168906E+049  -3.2753713092756871E+049  -8.1048108611154302E+042  -4.7169191651157326E+032  -5.0465832184629572E+020  -246707059.13382974       -5.6171490073223071E-004  -2.2071795562864092E-014  -5.9313943849477830E-025   6.6784716342938048E-030   2.0518731000763369E-035   3.0733266243086330E-040   1.2121668667777351E-044   7.2011165068036745E-049
  -4.4023908685068026E+037  -5.5366552456684907E+049  -4.6429439883734326E+049  -1.1535854351617838E+043  -6.7319604655042878E+032  -7.2104424206694849E+020  -352321836.55181521       -8.0082796257618688E-004  -3.1395831996497492E-014  -8.4182191407674688E-025   9.4615124201412377E-030   2.9033561534821882E-035   4.3455823104760813E-040   1.7134057095510695E-044   1.0178193328828828E-048
  -6.1723135359736671E+037  -7.8052850688567506E+049  -6.5786392053775405E+049  -1.6411632739227200E+043  -9.6032394091040577E+032  -1.0297517715814634E+021  -502957393.02321011       -1.1413847919210659E-003  -4.4649009789550079E-014  -1.1945905086814520E-024   1.3402983104826785E-029   4.1079261888560716E-035   6.1442611948685004E-040   2.4218478164683483E-044   1.4385815846615318E-048
  -8.6512857560125494E+037  -1.0999166541164843E+050  -9.3171422191307964E+049  -2.3336893188990761E+043  -1.3692446183157858E+033  -1.4699526161207486E+021  -717712549.36536539       -1.6262558635042473E-003  -6.3482233121277387E-014  -1.6949200160954644E-024   1.8984389408508646E-029   5.8118593562779309E-035   8.6870453067499183E-040   3.4231121485875103E-044   2.0332482373431062E-048
  -1.2122296597187033E+038  -1.5493770961503213E+050  -1.3189525785038249E+050  -3.3167958645588691E+043  -1.9513099306242375E+033  -2.0973397520544802E+021  -1023745287.2209700       -2.3163493269888918E-003  -9.0237708077251102E-014  -2.4043985318467881E-024   2.6887023751912926E-029   8.2219570439666189E-035   1.2281556260825855E-039   4.8381768130470330E-044   2.8736739980606833E-048
  -1.6980834610039865E+038  -2.1816114656659338E+050  -1.8662555583101370E+050  -4.7116607686956482E+043  -2.7793810242427214E+033  -2.9910471598661047E+021  -1459652482.8639750       -3.2981611361488396E-003  -1.2823724078598136E-013  -3.4102510779783645E-024   3.8074676930033023E-029   1.1630550254603979E-034   1.7362474790771102E-039   6.8379707226228021E-044   4.0613905766730786E-048
  -2.3779440477036708E+038  -3.0705586874486487E+050  -2.6393947409270075E+050  -6.6896598785254331E+043  -3.9567740033243495E+033  -4.2634488125655005E+021  -2080258208.6477435       -4.6944682763504940E-003  -1.8219022701486898E-013  -4.8359773038373086E-024   5.3910501843019268E-029   1.6450813818188392E-034   2.4543958683946245E-039   9.6639807984859890E-044   5.7398566953406786E-048
  -3.3289801900825967E+038  -4.3199003646884172E+050  -3.7309934019135329E+050  -9.4930062047833021E+043  -5.6298937563294310E+033  -6.0740203424187175E+021  -2963391657.9450817       -6.6794627178672810E-003  -2.5877070156830639E-013  -6.8563857918424198E-024   7.6322078503753202E-029   2.3266629818154622E-034   3.4693651701237136E-039   1.3657351143272607E-043   8.1117606127110710E-048
  -4.6589289608148815E+038  -6.0749500541316371E+050  -5.2714099841963279E+050  -1.3463805516929864E+044  -8.0060651852767697E+033  -8.6489348835786264E+021  -4219475356.5865231       -9.5001581292635615E-003  -3.6743311123116023E-013  -9.7188339331662326E-024   1.0803449162326165E-028   3.2902978446040283E-034   4.9037159142438346E-039   1.9299968489943874E-043   1.1463456842053510E-047
  -6.5181569438906569E+038  -8.5392714438479816E+050  -7.4440048623343571E+050  -1.9084943713047968E+044  -1.1378686881020816E+034  -1.2308749098348947E+022  -6005080950.0860758       -1.3506652899664908E-002  -5.2156502928510811E-013  -1.3773223216963032E-023   1.5289934392526162E-028   4.6525283499168866E-034   6.9305505736889554E-039   2.7272463481197404E-043   1.6199475238616443E-047
  -9.1164574635462781E+038  -1.1997882746495072E+051  -1.0506532845433837E+051  -2.7037562978248413E+044  -1.6162678272859774E+034  -1.7507482828467037E+022  -8542078383.4519749       -1.9194883044221345E-002  -7.4011502829860477E-013  -1.9514339393699432E-023   2.1635902572008208E-028   6.5779584357560221E-034   9.7943216358521892E-039   3.8536079843291856E-043   2.2891248563585269E-047
  -1.2746435090849731E+039  -1.6849638503488679E+051  -1.4821097846585323E+051  -3.8281793079328292E+044  -2.2944391416202735E+034  -2.4887736364310318E+022  -12144665861.805096       -2.7266978951977099E-002  -1.0498902621928931E-012  -2.7641590386425020E-023   3.0610160330039310E-028   9.2990255940111977E-034   1.3840187891799792E-038   5.4448214239411889E-043   3.2345908354918280E-047
  -1.7816051283851453E+039  -2.3652394754524183E+051  -2.0896068666616493E+051  -5.4170060993019583E+044  -3.2551833375526396E+034  -3.5358364283460162E+022  -17257494777.752239       -3.8716416067822078E-002  -1.4887973735491595E-012  -3.9143250046112079E-023   4.3298423348068023E-028   1.3143881884316481E-033   1.9555421000042257E-038   7.6925445642843243E-043   4.5703401077544222E-047
  -2.4893911505340653E+039  -3.3185977002352756E+051  -2.9444697605099466E+051  -7.6606014680058811E+044  -4.6153388874858826E+034  -5.0203851583556084E+022  -24509403235.719662       -5.4948062064181749E-002  -2.1104113047243149E-012  -5.5415201585675073E-023   6.1233468591762837E-028   1.8575697182110072E-033   2.7627794266320233E-038   1.0867352942067976E-042   6.4573562673248724E-047
  -3.4772248291767475E+039  -4.6539898297801656E+051  -4.1467022515080382E+051  -1.0826720697400281E+045  -6.5396474319492833E+034  -7.1238185445969535E+022  -34789081966.392632       -7.7947289829024699E-002  -2.9904118087472122E-012  -7.8428216988587009E-023   8.6578498247805425E-028   2.6248044643145042E-033   3.9027895998401616E-038   1.5351179295885112E-042   9.1229560676199478E-047
  -4.8554494117056326E+039  -6.5235494378085427E+051  -5.8364224147181692E+051  -1.5291687747914376E+045  -9.2602111149191006E+034  -1.0102113919671264E+023  -49351537160.196190      -0.11051803130740408       -4.2356452008846621E-012  -1.1096348078151336E-022   1.2238535330367027E-027   3.7082920484267486E-033   5.5125136878265440E-038   2.1683057625807662E-042   1.2888083500206099E-046
  -6.7777003700703035E+039  -9.1395875825107327E+051  -8.2098176959957029E+051  -2.1584010349491925E+045  -1.3103772147086426E+035  -1.4316200547649160E+023  -69967754166.266876      -0.15661761019488218       -5.9968732314898934E-012  -1.5694400488499532E-022   1.7295795485828449E-027   5.2380605077572024E-033   7.7851192603158511E-038   3.0623612429862840E-042   1.8205813426877530E-046
  -9.4578184729747179E+039  -1.2798226874362771E+052  -1.1541387639123820E+052  -3.0445338410941116E+045  -1.8529923180389190E+035  -2.0274573323610525E+023  -99134902115.181351      -0.22182730915579191       -8.4866963205857616E-012  -2.2190068833580296E-022   2.4436359461704875E-027   7.3974296051134118E-033   1.0993020094354240E-037   4.3245950313759454E-042   2.5715656990498568E-046
  -1.3193342961222624E+040  -1.7912247791257693E+052  -1.6214927841378559E+052  -4.2915586214574106E+045  -2.6184577633442549E+035  -2.8693022459833317E+023  -140371297165.16989      -0.31401313537515546       -1.2004732389203303E-011  -3.1362730425903619E-022   3.4515183487050209E-027   1.0444766369917892E-032   1.5520286172783650E-037   6.1063726472083657E-042   3.6320136207336255E-046
  -1.8398134815315604E+040  -2.5056709748045327E+052  -2.2766655710269033E+052  -6.0451687982692948E+045  -3.6974721337365755E+035  -4.0578271445889222E+023  -198629907964.96655      -0.44425284802254894       -1.6972960947529918E-011  -4.4310038334608332E-022   4.8736474844109325E-027   1.4744078997422138E-032   2.1908257096474174E-037   8.6211534779236746E-042   5.1292732774589173E-046
  -2.5647665350514037E+040  -3.5032276663306641E+052  -3.1945187860672418E+052  -8.5093122981544668E+045  -5.2172812264147676E+035  -5.7344975786956409E+023  -280877481707.86603      -0.62813537031883959       -2.3985296507933265E-011  -6.2577022633935263E-022   6.8795572898100294E-027   2.0808018591720484E-032   3.0919711751449071E-037   1.2169891469806218E-041   7.2430024623934523E-046
  -3.5741869627601993E+040  -4.8953063591165640E+052  -4.4794885883559314E+052  -1.1969241202093023E+046  -7.3562440127258912E+035  -8.0979221211654351E+023  -396904818825.70148      -0.88758048422871616       -3.3877062144374605E-011  -8.8337146544826549E-022   9.7078087822101520E-027   2.9358289582263462E-032   4.3629104246773369E-037   1.7176789044870652E-041   1.0226603533687000E-045
  -4.9792354084061954E+040  -6.8368424975126102E+052  -6.2771580053186252E+052  -1.6823578151936411E+046  -1.0364134361122541E+036  -1.1426676290124850E+024  -560459301123.31287       -1.2533847037876140       -4.7822268149537763E-011  -1.2464603506051315E-021   1.3693922366541972E-026   4.1410470145536765E-032   6.1549396403313913E-037   2.4239605010027499E-041   1.4437414175757161E-045
  -6.9343365573067111E+040  -9.5431696734098367E+052  -8.7903116699893137E+052  -2.3628883816458804E+046  -1.4590407710990833E+036  -1.6111130260056936E+024  -790826191911.35034       -1.7687796494935275       -6.7469703844655905E-011  -1.7579676873885020E-021   1.9309530910365728E-026   5.8393037746479150E-032   8.6810242815115528E-037   3.4200412056691605E-041   2.0379216164068116E-045
  -9.6539554451578943E+040  -1.3313385529541634E+053  -1.2301190708402792E+053  -3.3161538778401605E+046  -2.0523516111609488E+036  -2.2697784294844341E+024  -1115034199563.8660       -2.4944006412272000       -9.5133155883242977E-011  -2.4781699836678790E-021   2.7217222770970562E-026   8.2314293375734054E-032   1.2240819259013727E-036   4.8245073381150205E-041   2.8762066165106559E-045
  -1.3435858580453883E+041  -1.8562687878201538E+053  -1.7202316787318435E+053  -4.6503582550382049E+046  -2.8845531817862719E+036  -3.1950959582939537E+024  -1570928439502.3960       -3.5152173384146201       -1.3405703313688561E-010  -3.4916391454031361E-021   3.8347306632988288E-026   1.1599631352692961E-031   1.7255782596781309E-036   6.8043030887785722E-041   4.0586474388870488E-045
  -1.8693360822740049E+041  -2.5867099230477894E+053  -2.4039149884294844E+053  -6.5161667954344978E+046  -4.0507958960939252E+036  -4.4938543353822074E+024  -2211447250855.4043       -4.9501912175394853       -1.8878693862406885E-010  -4.9169499341894066E-021   5.4005180309503187E-026   1.6340263105496908E-031   2.4318426688815075E-036   9.5943645528838556E-041   5.7261790124717710E-045
  -2.6000022451217093E+041  -3.6025291784076778E+053  -3.3569075032471465E+053  -9.1231744978143486E+046  -5.6836838714925244E+036  -6.3151034497616617E+024  -3110567919622.7700       -6.9657186260042341       -2.6568615225571631E-010  -6.9202277064444865E-021   7.6021388660305113E-026   2.3009688570630538E-031   3.4261358622978205E-036   1.3525182741051122E-040   8.0772620899810669E-045
  -3.6151595735142747E+041  -5.0144005935626445E+053  -4.6842903471962631E+053  -1.2762683182099600E+047  -7.9678309916203884E+036  -8.8666637273769303E+024  -4371563361855.8057       -9.7943234344890531       -3.7365476875364799E-010  -9.7340388513683888E-021   1.0696117754627314E-025   3.2388434276605286E-031   4.8254001431607543E-036   1.9061476819734467E-040   1.1391266470023730E-044
  -5.0251870050716131E+041  -6.9756006403393311E+053  -6.5317393505162873E+053  -1.7839173656712737E+047  -1.1159998006413149E+037  -1.2437995818880665E+025  -6138455180182.0947       -13.760621488512930       -5.2513001228769544E-010  -1.3683707078260621E-020   1.5041689630976021E-025   4.5570854536564188E-031   6.7938008326557162E-036   2.6856425428251105E-040   1.6061310002971154E-044
  -6.9831628264740080E+041  -9.6982892471400138E+053  -9.1010478806075316E+053  -2.4913750841491081E+047  -1.5616920814817955E+037  -1.7431845516231621E+025  -8611882746745.4434       -19.317347005701023       -7.3747627141006651E-010  -1.9223941105921360E-020   2.1141566683393570E-025   6.4090364207017903E-031   9.5616723929532752E-036   3.7827670339079978E-040   2.2640353017519952E-044
  -9.7013481012815479E+041  -1.3475971835698028E+054  -1.2671525558350388E+054  -3.4764060626984397E+047  -2.1833726935056659E+037  -2.4407982364732591E+025  -12071066553211.383       -27.095286534502019       -1.0349147453611680E-009  -2.6989766940021094E-020   2.9698728159953041E-025   9.0094215356044624E-031   1.3452008356047220E-035   5.3263768227330736E-040   3.1905863066525507E-044
  -1.3474027302811565E+042  -1.8714476141032722E+054  -1.7629476050710251E+054  -4.8466847964829578E+047  -3.0496913671602732E+037  -3.4143587358940216E+025  -16904172640512.031       -37.972415294099179       -1.4511994829867251E-009  -3.7867285463004964E-020   4.1695463551406480E-025   1.2658722999183403E-030   1.8917472831669888E-035   7.4973193499081242E-040   4.4950478965233788E-044
  -1.8709158863169371E+042  -2.5974655264645818E+054  -2.4508776403476287E+054  -6.7511610383997690E+047  -4.2557333007344480E+037  -4.7716536806707216E+025  -23650245642757.156       -53.169518578876954       -2.0333247951529524E-009  -5.3091880697872816E-020   5.8503294951955016E-025   1.7777142748321575E-030   2.6592075383125983E-035   1.0549276252261062E-039   6.3309049959716368E-044
  -2.5972235880453881E+042  -3.6031235209201757E+054  -3.4046702134188645E+054  -9.3956923180101086E+047  -5.9330637965643665E+037  -6.6620140886479995E+025  -33057055406675.195       -74.382304890728847       -2.8466564047423938E-009  -7.4384400990950485E-020   8.2035709555337558E-025   2.4951889635710584E-030   3.7363265035149633E-035   1.4837897465820843E-039   8.9136529418247870E-044
  -3.6047070931270381E+042  -4.9953883838145510E+054  -4.7260677248216694E+054  -1.3064527524302941E+048  -8.2635387255654745E+037  -9.2921050302690283E+025  -46160811046586.477       -103.96374602026212       -3.9820259936400330E-009  -1.0413981833444943E-019   1.1496018879886562E-024   3.5002964527448184E-030   5.2472434512964344E-035   2.0861496140356792E-039   1.2545690996877705E-043
  -5.0020039402613522E+042  -6.9218856496180984E+054  -6.5553726795750249E+054  -1.8149806837713732E+048  -1.1498274182605134E+038  -1.2947634506578110E+026  -64395891921071.453       -145.17547624057931       -5.5655305842633927E-009  -1.4568834015300486E-019   1.6099229139415837E-024   4.9074601751573784E-030   7.3654917485771347E-035   2.9317848149837162E-039   1.7651131406345316E-043
  -6.9396835942867324E+042  -9.5862699320588071E+054  -9.0859274614002214E+054  -2.5192035064046116E+048  -1.5983677121386786E+038  -1.8023167215395245E+026  -89745736303500.125       -202.53403859361600       -7.7720541433373215E-009  -2.0365644501288362E-019   2.2530316454772869E-024   6.8762259597063916E-030   1.0333483016413880E-034   4.1183403618316762E-039   2.4824434344070296E-043
  -9.6264281357349474E+042  -1.3269377177754430E+055  -1.2583983247256820E+055  -3.4935561318880862E+048  -2.2197128930496218E+038  -2.5063024524742365E+026  -124950094280633.47       -282.28723682680470       -1.0843905311803739E-008  -2.8446556725223249E-019   3.1508367167152996E-024   9.6288810223618090E-030   1.4489598813904373E-034   5.7823652201164914E-039   3.4898298855391484E-043
  -1.3351451627286527E+043  -1.8358319393924356E+055  -1.7415942830810696E+055  -4.8404555097905690E+048  -3.0795847596859562E+038  -3.4817327177426841E+026  -173789358726851.09       -393.06870246949853       -1.5116477179882638E-008  -3.9702013241039919E-019   4.4032446834878533E-024   1.3474872633188920E-029   2.0305820080834282E-034   8.1146732590393267E-039   4.9038334437972674E-043
  -1.8515550035513451E+043  -2.5386476410979425E+055  -2.4085678495723018E+055  -6.7006931903098490E+048  -4.2683710619925193E+038  -4.8318684493795108E+026  -241474109728905.41       -546.79613583333264       -2.1053527822203254E-008  -5.5365560363456403E-019   6.1489331013017488E-024   1.8844607768783003E-029   2.8439927248452948E-034   1.1381696091181273E-038   6.8874910472254692E-043
  -2.5674070011210308E+043  -3.5088409884506609E+055  -3.3285586473990143E+055  -9.2676305260950778E+048  -5.9102498137273014E+038  -6.6986966192065252E+026  -335177929619007.19       -759.90191962780477       -2.9295610556348456E-008  -7.7144272160200150E-019   8.5802050544702268E-024   2.6336164387798703E-029   3.9807799443870907E-034   1.5955118299471076E-038   9.6686492027677833E-043
  -3.5596292106877039E+043  -4.8475151290983925E+055  -4.5966311155092507E+055  -1.2806550417877297E+049  -8.1756226334972636E+038  -9.2772140560312146E+026  -464764645892777.38       -1055.0155568852247       -4.0726417167902835E-008  -1.0739780815007172E-018   1.1963429661476663E-023   3.6779715222389335E-029   5.5683347237538917E-034   2.2352923097409205E-038   1.3565403880884002E-042
  -4.9347321826437884E+043  -6.6937180805066929E+055  -6.3431722853005152E+055  -1.7680967196115902E+049  -1.1298009582041812E+039  -1.2834845413829006E+027  -643778114990741.00       -1463.2572961257724       -5.6563404295862201E-008  -1.4938355549395971E-018   1.6667091315898790E-023   5.1326135073099169E-029   7.7836258261014031E-034   3.1296083484808444E-038   1.9021302226667003E-042
  -6.8400638209693737E+043  -9.2384778327245197E+055  -8.7467806667412133E+055  -2.4388255992659120E+049  -1.5596914319699967E+039  -1.7737734016784378E+027  -890783895608929.00       -2027.3524700222615       -7.8481101282460403E-008  -2.0759092998146991E-018   2.3200130113466238E-023   7.1568396920377853E-029   1.0872112694668958E-033   4.3786557994413621E-038   2.6653861617224361E-042
  -9.4791973916268759E+043  -1.2743826964704081E+056  -1.2051658058142714E+056  -3.3607622644475916E+049  -2.1508587475039597E+039  -2.4486128529220815E+027  -1231177261344342.2       -2805.8356853346049       -1.0877792272983447E-007  -2.8819467683889932E-018   3.2264054604299904E-023   9.9706960770600744E-029   1.5173568995869292E-033   6.1214000024664549E-038   3.7321071618310876E-042
  -1.3132803970001883E+044  -1.7568377352393545E+056  -1.6590877028437179E+056  -4.6264126213754638E+049  -2.9627053442526600E+039  -3.3761595081743720E+027  -1699598457312316.8       -3878.6774534138003       -1.5059991920140028E-007  -3.9966437954782000E-018   4.4823187032670876E-023   1.3877324720374495E-028   2.1157054084063307E-033   8.5500565388610390E-038   5.2211805256622736E-042
  -1.8186622602022863E+044  -2.4201265828297179E+056  -2.2817103866916162E+056  -6.3612995344711234E+049  -4.0758096966740239E+039  -4.6489171365402679E+027  -2343116744755220.0       -5354.7167926958073       -2.0823706133488617E-007  -5.5357367501076671E-018   6.2198172901139386E-023   1.9292788511315980E-028   2.9467696784371849E-033   1.1929504733796437E-037   7.2967259842755262E-042
  -2.5168246921111343E+044  -3.3306330405316926E+056  -3.1342348113196079E+056  -8.7348396658292597E+049  -5.5988841677793472E+039  -6.3917514922540146E+027  -3225342798149481.5       -7381.2830966457368       -2.8750785064804923E-007  -7.6565382429665588E-018   8.6188090546719710E-023   2.6785128861441067E-028   4.0988122547515430E-033   1.6622837398467976E-037   1.0184111407998116E-041
  -3.4794098545369521E+044  -4.5777820271312551E+056  -4.2987741327553053E+056  -1.1973916669617055E+050  -7.6774483068432105E+039  -8.7718882045256038E+027  -4431568766853449.0       -10156.256638640609       -3.9624302997227517E-007  -1.0571235127966925E-017   1.1922512899622778E-022   3.7124008760364903E-028   5.6916770246068308E-033   2.3124025131496728E-037   1.4190477518813745E-041
  -4.8026550538498787E+044  -6.2807044770127304E+056  -5.8842538433093096E+056  -1.6378893274163292E+050  -1.0504046158571261E+040  -1.2010702520812913E+028  -6074846271987113.0       -13942.385638433409       -5.4486243345612646E-007  -1.4562824261094435E-017   1.6456084021011228E-022   5.1340759736024594E-028   7.8863008735476483E-033   3.2097729866625404E-037   1.9729832748053999E-041
  -6.6137552937172588E+044  -8.5954733932819914E+056  -8.0327223406680169E+056  -2.2340606081868841E+050  -1.4329066199791080E+040  -1.6396226635971206E+028  -8302464273052503.0       -19082.644527203178       -7.4699845708364029E-007  -2.0002472430609028E-017   2.2647060630628119E-022   7.0794774253690644E-028   1.0895297805832482E-032   4.4423854212999656E-037   2.7351267304259892E-041
  -9.0767295356462517E+044  -1.1721411874920496E+057  -1.0924663436564371E+057  -3.0354409566652867E+050  -1.9469633893769156E+040  -2.2293475392845794E+028  -11301358496779956.       -26013.261860253617       -1.0200344127290280E-006  -2.7364781380836206E-017   3.1043658114641111E-022   9.7233850938083341E-028   1.4992712286463504E-032   6.1239079171902227E-037   3.7765522222623741E-041
  -1.2395131574898324E+045  -1.5903119967149686E+057  -1.4780216390881982E+057  -4.1022699352068600E+050  -2.6311077202494028E+040  -3.0146275324289781E+028  -15299237604245346.       -35266.980596790767       -1.3852645138748080E-006  -3.7233044815533496E-017   4.2321880071374548E-022   1.3282003879775983E-027   2.0518528929031484E-032   8.3957265240392786E-037   5.1858677455265246E-041
  -1.6806322133339079E+045  -2.1421705565433309E+057  -1.9850360158860992E+057  -5.5029544210981778E+050  -3.5290474443586218E+040  -4.0458533932655039E+028  -20555263568141488.       -47452.223125565579       -1.8671071812994221E-006  -5.0279061990215314E-017   5.7263713666785990E-022   1.8006474710669459E-027   2.7869165047778943E-032   1.1423248691039304E-036   7.0670392242484794E-041
  -2.2558090621895254E+045  -2.8564070277604415E+057  -2.6387990044278066E+057  -7.3059814356959599E+050  -4.6844611304293512E+040  -5.3734600715975314E+028  -27329858886683932.       -63183.812075765534       -2.4904008554619190E-006  -6.7190992960204277E-017   7.6675775995916273E-022   2.4157545070186809E-027   3.7458631865349683E-032   1.5380118041113922E-036   9.5296979151682842E-041
  -2.9853975154865089E+045  -3.7554072028990461E+057  -3.4584438202019829E+057  -9.5623414458377712E+050  -6.1297171398484905E+040  -7.0349688966031571E+028  -35818709184338204.       -82930.200268700923       -3.2743764633957992E-006  -8.8510608028583913E-017   1.0120346932369194E-021   3.1946981073074329E-027   4.9627630285139727E-032   2.0410863901772483E-036   1.2665979953675139E-040
  -3.8752174548438488E+045  -4.8428340821110118E+057  -4.4456391270309775E+057  -1.2274405024799475E+051  -7.8659309041055949E+040  -9.0320460647316714E+028  -46035473149081568.       -106740.49095549894       -4.2218163310627990E-006  -1.1433845717593092E-016   1.3099182678567279E-021   4.1429880968866670E-027   6.4475349640314420E-032   2.6561374317048617E-036   1.6507183322042601E-040
  -4.9013002213458566E+045  -6.0852796902268036E+057  -5.5680684476751141E+057  -1.5350701964735163E+051  -9.8340325677474914E+040  -1.1297174072439566E+029  -57640797179865064.       -133844.51971141656       -5.3030779945419483E-006  -1.4389659866486594E-016   1.6517923151497206E-021   5.2342920449400371E-027   8.1605365168570629E-032   3.3673323612391963E-036   2.0957658956225435E-040
  -5.9924525758217378E+045  -7.3918870295223112E+057  -6.7413724948465263E+057  -1.8556884975437325E+051  -1.1883464652615958E+041  -1.3657523810669783E+029  -69756047878834400.       -162214.10911647780       -6.4384197177952821E-006  -1.7504047973889445E-016   2.0132715653059569E-021   6.3920597595710590E-027   9.9834732177468572E-032   4.1262481181100778E-036   2.5718155843969661E-040
  -7.0200770035340794E+045  -8.6035981423900789E+057  -7.8201999791966963E+057  -2.1492226336055131E+051  -1.3757329469228858E+041  -1.5817678149505432E+029  -80872394480593408.       -188342.71339011518       -7.4888280114975940E-006  -2.0399688752060249E-016   2.3510386314435342E-021   7.4790230618211714E-027   1.1702335451422280E-031   4.8445718845717570E-036   3.0238964971465413E-040
  -7.8107155985980426E+045  -9.5105009994089979E+057  -8.6149384740587063E+057  -2.3636934997275534E+051  -1.5122955799081761E+041  -1.7394605390687883E+029  -89026838724738384.       -207645.56418187259       -8.2714447792285617E-006  -2.2576951371918878E-016   2.6073434568393018E-021   8.3109694651757604E-027   1.3028167230314881E-031   5.4024084999296932E-036   3.3770180290494485E-040
  -8.1925473422160759E+045  -9.9097628568140725E+057  -8.9448703754162268E+057  -2.4499032938528431E+051  -1.5666149744385392E+041  -1.8026041883598007E+029  -92355330462999184.       -215743.23297340862       -8.6103509789358245E-006  -2.3551408043640205E-016   2.7257493236536630E-021   8.7065098093883991E-027   1.3674464910817893E-031   5.6801473871747164E-036   3.5559656940657953E-040
  -8.0641396978397186E+045  -9.6884024288356308E+057  -8.7127449043880347E+057  -2.3818557692208612E+051  -1.5221876019098105E+041  -1.7521048414911642E+029  -89865170046532752.       -210268.01114053675       -8.4087137961109564E-006  -2.3051243317860816E-016   2.6739811044542376E-021   8.5600495194656158E-027   1.3471764975996772E-031   5.6060533975037710E-036   3.5150924402186772E-040
  -7.4451821737063201E+045  -8.8815659951017316E+057  -7.9558907607895552E+057  -2.1705594605942215E+051  -1.3862197303525152E+041  -1.5961583704584869E+029  -81960172312039216.       -192106.19485423010       -7.6990914175640691E-006  -2.1156967814673303E-016   2.4603406004028749E-021   7.8949685461523758E-027   1.2452244026855624E-031   5.1918076748646019E-036   3.2607886948039919E-040
  -6.4701859349416505E+045  -7.6606836207500527E+057  -6.8334270663821421E+057  -1.8602294366712821E+051  -1.1871345550660892E+041  -1.3674156352521142E+029  -70301305049526752.       -165093.45607023960       -6.6323084689705420E-006  -1.8274126281316558E-016   2.1309208558891501E-021   6.8558752582737969E-027   1.0839222243441085E-031   4.5287672122745106E-036   2.8494805443870731E-040
  -5.3284093653360685E+045  -6.2581331419998776E+057  -5.5568911768156163E+057  -1.5090807152680742E+051  -9.6223625278607986E+040  -1.1087961183385597E+029  -57083161140185992.       -134337.82523056757       -5.4112152089446307E-006  -1.4954287086005655E-016   1.7491531132777458E-021   5.6441052415788842E-027   8.9470658820354759E-032   3.7468339821422930E-036   2.3621247652820371E-040
  -4.1932343692387344E+045  -4.8819860105211100E+057  -4.3133247106774243E+057  -1.1682536454235209E+051  -7.4422170331797748E+040  -8.5795251346438509E+028  -44237385520024680.       -104358.20318095257       -4.2164063504273624E-006  -1.1691992489966909E-016   1.3723289919780769E-021   4.4428102793321652E-027   7.0636549938555439E-032   2.9656783698904564E-036   1.8736953650305423E-040
  -3.1804949873960576E+045  -3.6676886797396564E+057  -3.2226809506990651E+057  -8.7028628303416247E+050  -5.5383503559803597E+040  -6.3879726201612167E+028  -32995568220163856.       -78053.366785484570       -3.1646060485048448E-006  -8.8095570396831117E-017   1.0381074800161205E-021   3.3733701201005857E-027   5.3812148156166015E-032   2.2657427753071939E-036   1.4348838247264194E-040
  -2.3432635345880268E+045  -2.6740498393299024E+057  -2.3353540596593832E+057  -6.2860200947887224E+050  -3.9957732768608377E+040  -4.6115328179394532E+028  -23868315715180760.       -56642.103969204545       -2.3057334961850875E-006  -6.4473810112228536E-017   7.6319586507366665E-022   2.4905657774001021E-027   3.9878425493373102E-032   1.6843893357183518E-036   1.0695041671861308E-040
  -1.6879964789744880E+045  -1.9042514390640567E+057  -1.6518987553374527E+057  -4.4302172361564139E+050  -2.8125905519693805E+040  -3.2483489059801629E+028  -16852444042146920.       -40139.988267130335       -1.6415602496786845E-006  -4.6138290193880997E-017   5.4898304573673467E-022   1.8001383019429414E-027   2.8944513383611593E-032   1.2268562877547592E-036   7.8122280750882789E-041
  -1.1950982535036193E+045  -1.3312829127062271E+057  -1.1462787199986665E+057  -3.0617609369841367E+050  -1.9411279904595645E+040  -2.2437904753978794E+028  -11672674094714922.       -27921.042182468664       -1.1479683893185872E-006  -3.2456052832454037E-017   3.8846485878821640E-022   1.2807137013086418E-027   2.0689203394510408E-032   8.8033788688616334E-037   5.6231584820001781E-041
  -8.3491293689263161E+044  -9.1725023695598935E+056  -7.8328218439025889E+056  -2.0827538955878037E+050  -1.3184448182687818E+040  -1.5255769519149380E+028  -7961617187832165.0       -19138.074420890091       -7.9171296956469951E-007  -2.2535456933460127E-017   2.7153580064862738E-022   9.0067896477831067E-028   1.4625618527952204E-032   6.2496501521798989E-037   4.0053673687679767E-041
  -5.7724959862870608E+044  -6.2461244307967311E+056  -5.2852096547174513E+056  -1.3982822818208632E+050  -8.8367720636154604E+039  -1.0237545458396998E+028  -5362470753135320.0       -12963.729666786145       -5.4009575149060505E-007  -1.5492318504116858E-017   1.8808699444219331E-022   6.2813193235829359E-028   1.0258285587126645E-032   4.4036025675724544E-037   2.8323739282412692E-041
  -3.9582212863465710E+044  -4.2122881572687281E+056  -3.5282220153303033E+056  -9.2820972204731249E+049  -5.8552633393603891E+039  -6.7933149018775384E+027  -3573660010788865.0       -8696.1955074916841       -3.6525335760349490E-007  -1.0569282041449577E-017   1.2941233718391887E-022   4.3544889565029273E-028   7.1559888679555235E-033   3.0870618060940386E-037   1.9931260008217390E-041
  -2.6959557761487493E+044  -2.8171852828233123E+056  -2.3331883740107239E+056  -6.0996648773930539E+049  -3.8399562863068560E+039  -4.4629229725795778E+027  -2359499533851157.0       -5785.3522942624686       -2.4526260400207908E-007  -7.1679270315668971E-018   8.8602399159757337E-023   3.0061203454195174E-028   4.9736314462144033E-033   2.1569143777634161E-037   1.3981342364728692E-041
  -1.8258483480506618E+044  -1.8702430945763946E+056  -1.5295783310874521E+056  -3.9706049970451689E+049  -2.4940510657413991E+039  -2.9047499258409591E+027  -1544694905542203.5       -3820.8642370079360       -1.6371203894528306E-007  -4.8384806504807485E-018   6.0442492187642565E-023   2.0693704478836396E-028   3.4487338322323226E-033   1.5039435838199778E-037   9.7890385186670471E-042
  -1.2304708208154675E+044  -1.2331032305876498E+056  -9.9441976231108500E+055  -2.5608706488816003E+049  -1.6045758481555971E+039  -1.8735403060897007E+027  -1003156733182588.4       -2506.6903617977700       -1.0871705408577034E-007  -3.2538752652050580E-018   4.1124378932742332E-023   1.4218944067349327E-028   2.3880953788559162E-033   1.0474901679527046E-037   6.8470256783054817E-042
  -8.2554109231499621E+043  -8.0765208468087948E+055  -6.4111929881484873E+055  -1.6361248696139221E+049  -1.0223319313512351E+039  -1.1973805746156735E+027  -646315192668214.62       -1634.1972097415587       -7.1867700475596032E-008  -2.1816162253639769E-018   2.7928479011141369E-023   9.7593688455173155E-029   1.6525830559604299E-033   7.2926380712399940E-038   4.7875720481990904E-042
  -5.5155766341629469E+043  -5.2549667091769564E+055  -4.0976261615631207E+055  -1.0348845354152314E+049  -6.4465391198721806E+038  -7.5789601901682769E+026  -413038860393822.69       -1058.8532960211612       -4.7311168087234401E-008  -1.4590801824531741E-018   1.8942757983165106E-023   6.6950124393168035E-029   1.1434758902563798E-033   5.0774935910039013E-038   3.3479409255847436E-042
  -3.6701946403693388E+043  -3.3957581344096743E+055  -2.5945263607632825E+055  -6.4740646641090583E+048  -4.0187948895363452E+038  -4.7470194221205573E+026  -261702906918036.75       -681.83272384693032       -3.1024572387862545E-008  -9.7384650310124025E-019   1.2837805158794235E-023   4.5924944908439497E-029   7.9143433935493965E-034   3.5366863316129415E-038   2.3422107836363379E-042
  -2.4324501201425045E+043  -2.1783574131912844E+055  -1.6257641418492824E+055  -3.9995068614409035E+048  -2.4727966221482682E+038  -2.9382685564210243E+026  -164272986574803.62       -436.25580846897861       -2.0269172374731571E-008  -6.4887920362209979E-019   8.6967041430972231E-024   3.1511039323674841E-029   5.4809230959966094E-034   2.4650908599766692E-038   1.6396518154016368E-042
  -1.6055490091061024E+043  -1.3862669136661742E+055  -1.0066107817616940E+055  -2.4344739500566755E+048  -1.4981662369173908E+038  -1.7938307164856791E+026  -102041227709506.11       -277.24535164569215       -1.3194631460977488E-008  -4.3174316609004751E-019   5.8907536933819040E-024   2.1632668737680893E-029   3.7987075611609700E-034   1.7196147762930382E-038   1.1487180581733480E-042
  -1.0552547628142029E+043  -8.7430759550379745E+054  -6.1448490428415213E+054  -1.4552645842801432E+048  -8.9057254721414757E+037  -1.0771382751322950E+026  -62624495623718.422       -174.90669048264968       -8.5586639609721260E-009  -2.8693528798536317E-019   3.9907402106432922E-024   1.4862155086004140E-029   2.6352831589214619E-034   1.2007100234671559E-038   8.0546332041616860E-043
  -6.9045664125857444E+042  -5.4574975112733164E+054  -3.6865312096304417E+054  -8.5007928664060146E+047  -5.1662109182514607E+037  -6.3351127881169669E+025  -37887101126447.617       -109.45448952809801       -5.5316669633917903E-009  -1.9051780450119134E-019   2.7045796885580534E-024   1.0219946528079381E-029   1.8300935992819445E-034   8.3923045736555259E-039   5.6528187952919157E-043
  -4.4958461893329996E+042  -3.3652970101256255E+054  -2.1632652135648986E+054  -4.8144094051081348E+047  -2.8994185806455466E+037  -3.6261078651344943E+025  -22521918061031.801       -67.872365982898117       -3.5622213688699102E-009  -1.2640606651845363E-019   1.8339758380125059E-024   7.0350147544077092E-030   1.2723393682905017E-034   5.8718249651292931E-039   3.9707701794158996E-043
  -2.9119691177954948E+042  -2.0446352631396191E+054  -1.2323655076068963E+054  -2.6083707727806854E+047  -1.5508015648569845E+037  -1.9986794441044498E+025  -13091325676509.881       -41.645928520522638       -2.2853588600981433E-009  -8.3822893241064801E-020   1.2445358766339970E-024   4.8481017444041323E-030   8.8558938277122811E-035   4.1125877500360374E-039   2.7917004695341238E-043
  -1.8750418088547963E+042  -1.2193473333477538E+054  -6.7302674929271392E+053  -1.3176527966396130E+047  -7.6744980245726493E+036  -1.0407874214657933E+025  -7384640638260.4482       -25.236857509935678       -1.4604612609742663E-009  -5.5564476160790496E-020   8.4528646581752911E-025   3.3450144603700610E-030   6.1711684499353014E-035   2.8833708825490345E-039   1.9644210496004795E-043
  -1.1993951558912581E+042  -7.0970859571536723E+053  -3.4410010345828109E+053  -5.8489343735262090E+046  -3.2692770807640895E+036  -4.9185053842706368E+024  -3990914859643.8130       -15.062981497200036       -9.2947828747393032E-010  -3.6825290329684353E-020   5.7469447545318961E-025   2.3108044477174557E-030   4.3053206173581188E-035   2.0235591394216597E-039   1.3834222506876680E-043
  -7.6142466761659573E+041  -3.9948713329090899E+053  -1.5613599254522495E+053  -1.8639237235310228E+046  -9.0540415965615094E+035  -1.8870643611805424E+024  -2016921349949.3638       -8.8208139835432302       -5.8896336018722186E-010  -2.4405173818556907E-020   3.9115832810049613E-025   1.5983730547659878E-030   3.0070293536549799E-035   1.4214894706029940E-039   9.7501004626321066E-044
  -4.7914416331169896E+041  -2.1401915830160785E+053  -5.2996744402070554E+052   1.6233635552368823E+045   2.7124610885832958E+035  -3.0341393207968046E+023  -902234035653.81580       -5.0381516956255243       -3.7144417444979125E-010  -1.6176148725897916E-020   2.6655622295750731E-025   1.1069967266351318E-030   2.1025664553428263E-035   9.9945417714145045E-040   6.8766283242808618E-044
  -2.9837749966316566E+041  -1.0569829616573873E+053   1.5680083502563658E+050   1.0740129383610162E+046   7.7897024882157193E+035   4.4960251669192923E+023  -298772220721.19214       -2.7802240706372219       -2.3306392755911807E-010  -1.0724946854361423E-020   1.8187656985262743E-025   7.6765288022483267E-031   1.4717144528903470E-035   7.0331634039727717E-040   4.8532344080455375E-044
  -1.8346664475392726E+041  -4.4422927598815915E+052   2.4661433165413853E+052   1.3773571689269814E+046   9.2663460014906496E+035   7.4308146035670378E+023   7140923923.6446323       -1.4577257375220305       -1.4541429291752072E-010  -7.1139340873254902E-021   1.2426260476406909E-025   5.3299790234608310E-031   1.0311884812208015E-035   4.9531674261000084E-040   3.4273086916236337E-044
  -1.1104046417027888E+041  -1.1341543208743550E+052   3.3375271949052668E+052   1.3694803006191314E+046   8.9409036727604634E+035   7.9576588982086210E+023   144863119091.83893      -0.70207746343001065       -9.0158192821916195E-011  -4.7215602202762848E-021   8.5015361546599320E-026   3.7052313351162839E-031   7.2321937242985298E-036   3.4908822202998346E-040   2.4216912393608962E-044
  -6.5850222006623401E+040   5.2194872701733513E+051   3.3890483201369437E+052   1.2198218015999654E+046   7.8285913584267450E+035   7.3329190918498244E+023   191381890858.94376      -0.28481348217904595       -5.5501860070744451E-011  -3.1360774242075687E-021   5.8245025232146303E-026   2.5788004507567718E-031   5.0768579430903779E-036   2.4619698460503816E-040   1.7120088972740061E-044
  -3.7995817707230881E+040   1.2391420336027210E+052   3.0570799937201528E+052   1.0211771107153240E+046   6.4774686716880307E+035   6.2528557791661980E+023   191533331402.03772       -6.5780636479351673E-002  -3.3888143071989399E-011  -2.0848554448429717E-021   3.9960423391222042E-026   1.7968550927092896E-031   3.5668730484734632E-036   1.7374068730470178E-040   1.2108604068336502E-044
  -2.1084758207155021E+040   1.4457806904627235E+052   2.5831680347351989E+052   8.2129477067953362E+045   5.1632543462707547E+035   5.0833511687437281E+023   170685406052.61984        3.9948943519700054E-002  -2.0493416137619217E-011  -1.3874356183104160E-021   2.7454339145846240E-026   1.2533698475139695E-031   2.5079706877463891E-036   1.2267846378013058E-040   8.5676804098122828E-045
  -1.1014627634758057E+040   1.3936442537701117E+052   2.0935999573336748E+052   6.4217893940608728E+045   4.0076666828722399E+035   4.0003342912958026E+023   142615463711.02896        8.3075986290679610E-002  -1.2251449536682607E-011  -9.2438769526214965E-022   1.8888454251266259E-026   8.7517018675622103E-032   1.7647130341442502E-036   8.6668413355867513E-041   6.0645021178292503E-045
  -5.1709517625861359E+039   1.2264619258408907E+052   1.6482367318741296E+052   4.9168865432331014E+045   3.0490556778987618E+035   3.0742923645554592E+023   114346855370.81519        9.3306307315732265E-002  -7.2216589452044729E-012  -6.1667024340188315E-022   1.3012977326712691E-026   6.1168508832774072E-032   1.2425611169422940E-036   6.1257321518021513E-041   4.2941054156467133E-045
  -1.9008672064530084E+039   1.0229164221133294E+052   1.2700216188776018E+052   3.7036480130937495E+045   2.2836261580274707E+035   2.3201530699880959E+023   89078133799.470581        8.7623993517711191E-002  -4.1816580918286174E-012  -4.1196308186164816E-022   8.9771416340203672E-027   4.2791716064446113E-032   8.7544616006358200E-037   4.3315168068191641E-041   3.0414466577056134E-045
  -1.6926415581932862E+038   8.2334337851649768E+051   9.6246965867188260E+051   2.7533968983598649E+045   1.6887874298186994E+035   1.7259933009025662E+023   67927574029.191917        7.5418193603681655E-002  -2.3654145841860591E-012  -2.7562229871046290E-022   6.2010251172152283E-027   2.9961393134772575E-032   6.1714345240539078E-037   3.0639974071160256E-041   2.1547817638610170E-045
   6.6479568538358067E+038   6.4609603369429080E+051   7.1977353272975509E+051   2.0249181127066266E+045   1.2358271489548051E+035   1.2689999282047755E+023   50950270692.801186        6.1627583484325760E-002  -1.2956007186113340E-012  -1.8469718068584925E-022   4.2887709949070823E-027   2.0994665381435220E-032   4.3527721745936098E-037   2.1681338038757996E-041   1.5269643187223036E-045
   9.9269753507120089E+038   4.9741773561970099E+051   5.3244164216881275E+051   1.4756636496484620E+045   8.9634774600228581E+034   9.2390143726395962E+022   37714608183.489975        4.8645642030839945E-002  -6.7667056714375743E-013  -1.2397370282004128E-022   2.9697763429861901E-027   1.4722282446351858E-032   3.0714839119683196E-037   1.5346782112789265E-041   1.0822937603368467E-045
   1.0492715277716748E+039   3.7727867830157772E+051   3.9028347033401563E+051   1.0670235748848524E+045   6.4516415289388983E+034   6.6706221406512407E+022   27616228494.019794        3.7458126858152148E-002  -3.2694684088340456E-013  -8.3358493137412350E-023   2.0587890867861363E-027   1.0330844397629871E-032   2.1682718107364524E-037   1.0865950334241584E-041   7.6725797472227725E-046
   9.7220176706195320E+038   2.8273511138231892E+051   2.8385832578992870E+051   7.6631668535607059E+044   4.6127593030684806E+034   4.7816191119963936E+022   20038877346.189217        2.8309678054263335E-002  -1.3567429184879713E-013  -5.6149061389983264E-023   1.4288003293083226E-027   7.2538255996656526E-033   1.5312439174955445E-037   7.6952742170721962E-042   5.4401148414239497E-046
   8.3969100272689949E+038   2.0979084945502929E+051   2.0506367041294211E+051   5.4706702247666555E+044   3.2785724212298000E+034   3.4059598332945672E+022   14428395213.706102        2.1085131632701839E-002  -3.5989836437363656E-014  -3.7889820862773890E-023   9.9260447596840621E-028   5.0961966072985019E-033   1.0817416146284352E-037   5.4509794705668480E-042   3.8577718730023698E-046
   6.9412882944420356E+038   1.5437091459722688E+051   1.4726521420874041E+051   3.8846657747762459E+044   2.3180074579932400E+034   2.4125245569994295E+022   10319342700.362226        1.5520511488757063E-002   1.2001747728141655E-014  -2.5615254715970168E-023   6.9023799345580917E-028   3.5822123028770939E-033   7.6442670072440704E-038   3.8619643530481210E-042   2.7360194466141262E-046
   5.5680847759468484E+038   1.1278225589504273E+051   1.0520230143660497E+051   2.7452327884300618E+044   1.6310780230254613E+034   1.7003015652735973E+022   7337305836.0774736        1.1314198994447702E-002   3.1764236735118629E-014  -1.7348953021786065E-023   4.8041024002055437E-028   2.5191967154019410E-033   5.4034012774364589E-038   2.7366264370504263E-042   1.9406587470342323E-046
   4.3696087768220478E+038   8.1888650393753971E+050   7.4799802778676989E+050   1.9315626228538144E+044   1.1427475688592588E+034   1.1929226627253430E+022   5189963116.4936228        8.1809907476727978E-003   3.6847638995621795E-014  -1.1771793884346035E-023   3.3464892667877136E-028   1.7723898591254671E-033   3.8203643802986276E-038   1.9394901768171483E-042   1.3766403363905977E-046
   3.3721198057453141E+038   5.9134768191295673E+050   5.2956777434418799E+050   1.3536388565968345E+044   7.9743867639808013E+033   8.3350136820650067E+021   3654056976.5962062        5.8745425534643932E-003   3.4890706233539459E-014  -8.0019786301248331E-024   2.3329418038308581E-028   1.2474551387331600E-033   2.7016982163410600E-038   1.3747275624715156E-042   9.7662490129378155E-047
   2.5681169366673835E+038   4.2497661604665806E+050   3.7346697254712054E+050   9.4514059591555698E+043   5.5443080446505496E+033   5.8017118942808559E+021   2561944882.0801234        4.1931443592828441E-003   3.0058311306118548E-014  -5.4490743201292155E-024   1.6275332766893130E-028   8.7829921736341286E-034   1.9109650745662666E-038   9.7453110526410762E-043   6.9289332408801884E-047
   1.9349154163000216E+038   3.0409516177611267E+050   2.6244027742952301E+050   6.5766451169065871E+043   3.8416033111349511E+033   4.0242766668557415E+021   1789435524.2366672        2.9773778995374040E-003   2.4511122151334134E-014  -3.7170559913406640E-024   1.1361677695297821E-028   6.1858099465703566E-034   1.3518949110809004E-038   6.9090536825334251E-043   4.9162289602537841E-047
   1.4449136059141307E+038   2.1674990955687910E+050   1.8381197062375248E+050   4.5616802208758645E+043   2.6533142568471236E+033   2.7823344283199094E+021   1245538927.1622770        2.1043923753835702E-003   1.9281314200281044E-014  -2.5398183942707993E-024   7.9362954909688941E-029   4.3578575682571514E-034   9.5653032335398839E-039   4.8986871851563773E-043   3.4883602591479219E-047
   1.0709228576599358E+038   1.5394543366384879E+050   1.2834606010551071E+050   3.1545821622533267E+043   1.8270832110324752E+033   1.9178462652433170E+021   864204189.49624515        1.4812965835088224E-003   1.4786785522108358E-014  -1.7382247288266269E-024   5.5466822129146369E-029   3.0708522258193555E-034   6.7688113904584673E-039   3.4735554855176396E-043   2.4753173248259228E-047
   7.8864058559923180E+037   1.0898417146912319E+050   8.9359994486505687E+049   2.1753435725225870E+043   1.2545632354976568E+033   1.3182019950515200E+021   597859974.39492929        1.0388857283320965E-003   1.1127534497854858E-014  -1.1914569920252819E-024   3.8785319734305874E-029   2.1644242999899848E-034   4.7904574857466804E-039   2.4631896310775086E-043   1.7565397080134193E-047
   5.7753089665787512E+037   7.6923697583953774E+049   6.2048345974581501E+049   1.4960474679936438E+043   8.5911810286269983E+032   9.0361654537231506E+020   412476485.85364467        7.2621208266618602E-004   8.2523299559661279E-015  -8.1787531525752409E-025   2.7133132006632111E-029   1.5258530659258576E-034   3.3906757596171755E-039   1.7468142333491518E-043   1.2465226477828632E-047
   4.2086694020299982E+037   5.4144317441259337E+049   4.2974266488725746E+049   1.0262385690982714E+043   5.8680319047942943E+032   6.1784834307762631E+020   283855088.77765274        5.0613433613755539E-004   6.0492808026310785E-015  -5.6220854520159919E-025   1.8989435868505241E-029   1.0758707298112853E-034   2.4001295830444117E-039   1.2388465446840047E-043   8.8461718684643328E-048
   3.0537372636072348E+037   3.8012347081394195E+049   2.9691636878304377E+049   7.0223628375978400E+042   3.9981338912264616E+032   4.2143341933469558E+020   194878332.51029840        3.5179773548302826E-004   4.3925880730844219E-015  -3.8696665091644314E-025   1.3294934600132508E-029   7.5870981338287116E-035   1.6990937944593288E-039   8.7863253894386634E-044   6.2780060935291597E-048
   2.2071791483560887E+037   2.6622441861861101E+049   2.0467090527799797E+049   4.7939134550145174E+042   2.7176099713355755E+032   2.8679576456920547E+020   133494487.04131669        2.4392052945312762E-004   3.1646877594368545E-015  -2.6667290813239599E-025   9.3112086942309410E-030   5.3512048606269905E-035   1.2029010046261744E-039   6.2317992125766854E-044   4.4555124366593817E-048
   1.5897597859604733E+037   1.8603118307151011E+049   1.4077220349331567E+049   3.2651515684405761E+042   1.8429598558973880E+032   1.9473981045677349E+020   91254154.663364857        1.6874170177109783E-004   2.2650445011542583E-015  -1.8398265525917815E-025   6.5231383104597769E-030   3.7746836319119928E-035   8.5166427173179841E-040   4.4201170342788493E-044   3.1621449600357624E-048
   1.1414484664178996E+037   1.2971607816080977E+049   9.6616980693879300E+048   2.2189718291408971E+042   1.2470175099905457E+032   1.3195064909108661E+020   62256145.068084255        1.1649184246045855E-004   1.6120727739592594E-015  -1.2706652620513130E-025   4.5711339842235820E-030   2.6629083467372576E-035   6.0301701332053398E-040   3.1352073314431160E-044   2.2442585314475392E-048
   8.1721042429440388E+036   9.0265332971724179E+048   6.6175575321975416E+048   1.5047344265006158E+042   8.4194076038518836E+031   8.9222657130910040E+019   42393345.616773523        8.0267386526369026E-005   1.1418181734922237E-015  -8.7842777575663431E-026   3.2040219153852477E-030   1.8787665257011861E-035   4.2698271324288645E-040   2.2238691551194709E-044   1.5928319562266790E-048
   5.8353797795588581E+036   6.2691761049107637E+048   4.5235271544267244E+048   1.0182339026961303E+042   5.6723494196513057E+031   6.0210697418941850E+019   28816434.331835445        5.5209946288818225E-005   8.0536565338136619E-016  -6.0780871385544924E-026   2.2462577788743214E-030   1.3256388206950828E-035   3.0234860380596758E-040   1.5774702398567840E-044   1.1305040292173292E-048
   4.1567396765897185E+036   4.3461072998399132E+048   3.0861380797304512E+048   6.8759202472669977E+041   3.8135819075435553E+031   4.0553792543212364E+019   19554522.096636277        3.7912974394565480E-005   5.6598449926871840E-016  -4.2090136103181617E-026   1.5750914205402680E-030   9.3542474336768302E-036   2.1410177652476470E-040   1.1189760818981025E-044   8.0237721123070496E-049
   2.9543653333830477E+036   3.0076321604867365E+048   2.1015123503135781E+048   4.6336349550521269E+041   2.5586113363993921E+031   2.7262754565030748E+019   13248067.443878980        2.5995789824031530E-005   3.9648376024194970E-016  -2.9168515478779742E-026   1.1046493382223482E-030   6.6011511647196922E-036   1.5161604800451200E-040   7.9375595752533924E-045   5.6949343045177246E-049
   2.0954277988250972E+036   2.0778453848941734E+048   1.4283785555180265E+048   3.1162260990053287E+041   1.7131113745322982E+031   1.8293909320625928E+019   8961633.3222247381        1.7799606295050186E-005   2.7696216480438653E-016  -2.0227330128821077E-026   7.7483095370751460E-031   4.6585857591226883E-036   1.0736949159521584E-040   5.6306533270945657E-045   4.0420525220177798E-049
   1.4833361345393834E+036   1.4331526347569532E+048   9.6908663485656843E+047   2.0914964442736546E+041   1.1446753536702268E+031   1.2253413789493592E+019   6053122.1770254876        1.2171763432232281E-005   1.9298825134294039E-016  -1.4035387404142573E-026   5.4355756619069158E-031   3.2878267696917548E-036   7.6037161575578011E-041   3.9942508965223247E-045   2.8689158314550546E-049
   1.0481394840372271E+036   9.8692864729595333E+047   6.5629616790335031E+047   1.4009016478806774E+041   7.6330216469455254E+030   8.1928323120862740E+018   4082773.6606829008        8.3132774416105383E-006   1.3417722918927988E-016  -9.7441732395626273E-027   3.8135827565048914E-031   2.3204989380506808E-036   5.3849146547202940E-041   2.8334524851287890E-045   2.0362723886904082E-049
   7.3936603368562884E+035   6.7859980929159203E+047   4.4367223414417431E+047   9.3643633849539867E+040   5.0795659463040035E+030   5.4682390332743731E+018   2750037.6045327340        5.6715728529656686E-006   9.3104525518065662E-017  -6.7682328379632672E-027   2.6758610821802082E-031   1.6378305591239744E-036   3.8136296084085848E-041   2.0100180086457013E-045   1.4452926651004362E-049
   5.2071962842602665E+035   4.6590181927717812E+047   2.9940153307077054E+047   6.2468786685781509E+040   3.3733985471421289E+030   3.6433845191173509E+018   1849913.4761556319        3.8652826971243591E-006   6.4491180812149261E-017  -4.7031848149816876E-027   1.8777210949277135E-031   1.1560311887081044E-036   2.7008716159041318E-041   1.4258927223234772E-045   1.0258344698711676E-049
   3.6617704142568523E+035   3.1940628346681083E+047   2.0168639749793838E+047   4.1586503123170852E+040   2.2356869540984956E+030   2.4233262371306363E+018   1242836.3875752590        2.6317043830923546E-006   4.4601567945693236E-017  -3.2694432076850309E-027   1.3177430224949619E-031   8.1598320834973409E-037   1.9128205882551687E-041   1.0115239978160114E-045   7.2811518359091544E-050
   2.5713178664479475E+035   2.1866254039376740E+047   1.3562151867511862E+047   2.7626927472841025E+040   1.4785776397467607E+030   1.6090555767410204E+018   833959.66752435477        1.7901954204047277E-006   3.0803049413655641E-017  -2.2735306937518673E-027   9.2482172084066681E-032   5.7597326572491978E-037   1.3547171977077243E-041   7.1757545281508248E-046   5.1680175842783033E-050
   1.8031393741918734E+035   1.4948536847073119E+047   9.1034433008396911E+046   1.8314104649741064E+040   9.7577684186376706E+029   1.0665545767133910E+018   558936.00454309676        1.2167426370679855E-006   2.1246960139115737E-017  -1.5814485315009626E-027   6.4909612338446668E-032   4.0656633955983466E-037   9.5945919314161296E-042   5.0905026694322405E-046   3.6681643987737265E-050
   1.2628160238536916E+035   1.0205303133352464E+047   6.0995889808600146E+046   1.2114044427523306E+040   6.4255324869030074E+029   7.0574244094340442E+017   374180.57195180340        8.2633786627669259E-007   1.4639235551931584E-017  -1.1003226785748220E-027   4.5559631925344643E-032   2.8699032011208333E-037   6.7952786567238500E-042   3.6112303786539554E-046   2.6036005854782816E-050
   8.8331145622500189E+034   6.9576695395581031E+046   4.0794612260941786E+046   7.9949429615086533E+039   4.2217660542456885E+029   4.6618287832844262E+017   250217.40466511005        5.6079138929067703E-007   1.0076545787585673E-017  -7.6573921750758784E-028   3.1979267189087673E-032   2.0258567124565125E-037   4.8127183990657361E-042   2.5618335582316016E-046   1.8479940141032429E-050
   6.1712624219038400E+034   4.7371630853509302E+046   2.7233198818015779E+046   5.2641837200706963E+039   2.7674159838259381E+029   3.0740197362970586E+017   167141.73800524004        3.8032287798578680E-007   6.9298647609345546E-018  -5.3299610249200409E-028   2.2447666546470093E-032   1.4300621336305589E-037   3.4085968576270152E-042   1.8173878124119053E-046   1.3116781415915271E-050
   4.3066722009976167E+034   3.2210228455422284E+046   1.8145577677719409E+046   3.4577734268586624E+039   1.8097257777806128E+029   2.0234287847681376E+017   111531.22384514133        2.5776999828173687E-007   4.7621302359885489E-018  -3.7105417893973563E-028   1.5757449019056738E-032   1.0094968894288615E-037   2.4141401879390754E-042   1.2892737070120098E-046   9.3101018578257985E-051
   3.0021795831258144E+034   2.1872217168784499E+046   1.2066964925804653E+046   2.2655047655900277E+039   1.1804976473686388E+029   1.3294990798285227E+017   74347.153305055181        1.7460684639386928E-007   3.2702495707434419E-018  -2.5835082583983842E-028   1.1061411581914976E-032   7.1262041788759310E-038   1.7098211830720069E-042   9.1462550714661993E-047   6.6081811032755121E-051
   2.0906256096545147E+034   1.4832566081189301E+046   8.0085698545585011E+045   1.4804071364748593E+039   7.6803259801102898E+028   87195067509426528.        49510.796277740104        1.1821109321692195E-007   2.2443976804488778E-018  -1.7990028643268061E-028   7.7650331713358114E-033   5.0305345906853295E-038   1.2109884750011708E-042   6.4884660701041891E-047   4.6903983667394675E-051
   1.4543762832006802E+034   1.0045314240332115E+046   5.3040959986075634E+045   9.6467313654490255E+038   4.9830520057616168E+028   57079640243124744.        32939.256985830238        7.9991039036917468E-008   1.5395401437511446E-018  -1.2528371951120024E-028   5.4510809087769578E-033   3.5511752886959262E-038   8.5768975619317485E-043   4.6030024988697600E-047   3.3291836920632934E-051
   1.0107715293173414E+034   6.7941025288534106E+045   3.5053531728000123E+045   6.2673750211413435E+038   3.2235977170604132E+028   37293580850178608.        21893.538364516862        5.4103794055552378E-008   1.0555642597289562E-018  -8.7255035029634011E-029   3.8267239303868264E-033   2.5068695746172802E-038   6.0746485060186794E-043   3.2654327290646399E-047   2.3630122772665174E-051
   7.0180818748857744E+033   4.5889977627013882E+045   2.3113975922052194E+045   4.0588941386533661E+038   2.0788909350002523E+028   24317822060954212.        14538.369593269388        3.6579153827118844E-008   7.2344974513151807E-019  -6.0773272431748776E-029   2.6864308023963847E-033   1.7696715193539502E-038   4.3024184918139888E-043   2.3165440263947108E-047   1.6772366794276278E-051
   4.8683907663648031E+033   3.0953860595636516E+045   1.5205179842369252E+045   2.6196303201207723E+038   1.3361914374501523E+028   15824237338481972.        9645.4341570134729        2.4721487561573804E-008   4.9566393096509559E-019  -4.2330658618699357E-029   1.8859371055644376E-033   1.2492649846264804E-038   3.0472254810968380E-043   1.6433898593289100E-047   1.1904820404441445E-051
   3.3741570424532547E+033   2.0850438311323020E+045   9.9775990767015134E+044   1.6844429239794374E+038   8.5572477587216504E+027   10275270231847308.        6393.5545726889213        1.6701876121829344E-008   3.3950376648225272E-019  -2.9485769451077226E-029   1.3239784601449751E-033   8.8189564562930381E-039   2.1582257452145458E-043   1.1658450288476309E-047   8.4498975372113613E-052
   2.3365136817574867E+033   1.4025201758273817E+045   6.5299870485031572E+044   1.0787126737505913E+038   5.4586820668547287E+027   6657256061475783.0        4234.3346763618638        1.1280273169357356E-008   2.3248840703755651E-019  -2.0539051100478432E-029   9.2947150184883725E-034   6.2255874582802983E-039   1.5285843126593554E-043   8.2706793794340065E-048   5.9976361408664821E-052
   1.6166050961406700E+033   9.4207320812501692E+044   4.2616083359283938E+044   6.8771247177672762E+037   3.4670620914461659E+027   4303100963028546.5        2801.9308477537143        7.6164218160944488E-009   1.5917567506477467E-019  -1.4307204988314137E-029   6.5251736536610657E-034   4.3948475011584311E-039   1.0826351136730285E-043   5.8673453309627189E-048   4.2570509433074502E-052
   1.1175853416233296E+033   6.3186972812758546E+044   2.7728072693049828E+044   4.3625368231713714E+037   2.1915538104901324E+027   2774580300737860.0        1852.5325585873652        5.1412893307262822E-009   1.0896533823750959E-019  -9.9662627228921834E-030   4.5808745438868684E-034   3.1024691083653520E-039   7.6678735518726810E-044   4.1623844670562118E-048   3.0216045542626350E-052
   7.7198055191834547E+032   4.2317604066362138E+044   1.7982286084253752E+044   2.7518929792577930E+037   1.3778779121018092E+027   1784345763231747.0        1223.8180651995815        3.4697233588286345E-009   7.4585142783925596E-020  -6.9424067914583248E-030   3.2159155092875042E-034   2.1901365223932640E-039   5.4308505648184446E-044   2.9528595465326728E-048   2.1446994522229243E-052
   5.3282913333254914E+032   2.8297348994042502E+044   1.1620477859630982E+044   1.7248337806392877E+037   8.6105299389123332E+026   1144334045185686.5        807.82339491104472        2.3411588666808046E-009   5.1048515334393927E-020  -4.8359912394403278E-030   2.2576698149894558E-034   1.5460903837634073E-039   3.8464562986176846E-044   2.0948041526651140E-048   1.5222825941524382E-052
   3.6747841958629983E+032   1.8892050908872307E+044   7.4801084001827342E+043   1.0731503933521343E+037   5.3434737371768578E+026   731699155865777.75        532.80730747163989        1.5793961512002713E-009   3.4937669870734256E-020  -3.3686554701200886E-030   1.5849497913354900E-034   1.0914364775877211E-039   2.7242926693362818E-044   1.4860864907979210E-048   1.0804984334464392E-052
   2.5324662434175378E+032   1.2592016866561044E+044   4.7942179136827560E+043   6.6194818860275579E+036   3.2892709715599832E+026   466355685938264.31        351.14248904308533        1.0653340547246430E-009   2.3910943629852389E-020  -2.3465056196747622E-030   1.1126783984257512E-034   7.7048091382440934E-040   1.9295085498269232E-044   1.0542527908709423E-048   7.6692521150670960E-053
   1.7439277300711218E+032   8.3784697484928005E+043   3.0579966438863656E+043   4.0412665337723936E+036   2.0054711088124365E+026   296202060592016.75        231.23896999087373        7.1849700595579494E-010   1.6364479490170248E-020  -1.6344780555995491E-030   7.8112888514166183E-035   5.4390755994257258E-040   1.3665943516223747E-044   7.4790327826254309E-049   5.4435459942278485E-053
   1.2000262305313569E+032   5.5648499283333764E+043   1.9399936809761809E+043   2.4365138038358312E+036   1.2086982796546725E+026   187414831310158.28        152.16254772888831        4.8452691762137847E-010   1.1200051434497386E-020  -1.1384866314613602E-030   5.4837102870464816E-035   3.8396183827099130E-040   9.6790445905023340E-045   5.3057418066158757E-049   3.8637657103521766E-053
   8.2515264980660537E+031   3.6891202673361993E+043   1.2231468620485693E+043   1.4461772482679636E+036   7.1816913962796903E+025   118085462276424.31        100.05251462531452        3.2671836139964266E-010   7.6658229536867344E-021  -7.9298909612612217E-031   3.8496830618797955E-035   2.7105084316789812E-040   6.8552816947189550E-045   3.7639754319255675E-049   2.7424560322519495E-053
   5.6697312061547378E+031   2.4407790370893079E+043   7.6569769835979796E+042   8.4120571275553521E+035   4.1904584606396611E+025   74056355651899.438        65.739419413192309        2.2029279246992054E-010   5.2471821590154309E-021  -5.5232695578566170E-031   2.7025519806807990E-035   1.9134326533333630E-040   4.8553222431038752E-045   2.6702224142178331E-049   1.9465634458199437E-053
   3.8929427638658396E+031   1.6114604443380009E+043   4.7534056174196977E+042   4.7619158346730189E+035   2.3872757659388094E+025   46201284242202.977        43.162363632747130        1.4852724249254583E-010   3.5919379772564885E-021  -3.8469318533466753E-031   1.8972375127368914E-035   1.3507510354056055E-040   3.4388303181525220E-045   1.8942970401039311E-049   1.3816481261656695E-053
   2.6710571381281120E+031   1.0615442264380342E+043   2.9216251972468998E+042   2.5933260822749090E+035   1.3155996991037430E+025   28652731116752.555        28.318465843503095        1.0013791902090171E-010   2.4590805335953187E-021  -2.6793017294371174E-031   1.3318885973683408E-035   9.5353610868050692E-041   2.4355854296681198E-045   1.3438435432275004E-049   9.8067778798435831E-054
   1.8313850398257318E+031   6.9761640959630033E+042   1.7741040732120489E+042   1.3303087116157268E+035   6.9006340495091382E+024   17648822371609.051        18.566190523784460        6.7512582252981971E-011   1.6836934916063736E-021  -1.8660248266236284E-031   9.3500223702943910E-036   6.7312959589712527E-041   1.7250270877576418E-045   9.5334330508374870E-050   6.9607369536708032E-054
   1.2547831168678064E+031   4.5727542938873278E+042   1.0611261567919820E+042   6.1407485043894289E+034   3.3352364239145004E+024   10784896686105.477        12.163755745207126        4.5516752730402556E-011   1.1529330013217948E-021  -1.2995762766975526E-031   6.5638094615063586E-036   4.7518195555853721E-041   1.2217670341900050E-045   6.7631639622563660E-050   4.9406501423303923E-054
   8.5911415511664284E+030   2.9890387962476907E+042   6.2245205061415513E+041   2.2299569670031301E+034   1.3689666164558545E+024   6528803570089.1162        7.9635630681968959        3.0687710522443620E-011   7.8958627255717572E-022  -9.0505443197549626E-032   4.6078451369747715E-036   3.3544468490934080E-041   8.6532812563908776E-046   4.7978922976359381E-050   3.5068159832189339E-054
   5.8779576898825601E+030   1.9479265313375392E+042   3.5573571374216882E+041   2.1526527687691337E+033   3.3643106774917163E+023   3907736285021.6064        5.2100856694531963        2.0690464806417324E-011   5.4081993558244901E-022  -6.3028399552033722E-032   3.2347328078819988E-036   2.3679995664433879E-041   6.1287678635302165E-046   3.4036982907307633E-050   2.4890971568786341E-054
   4.0187876703783650E+030   1.2652529194450997E+042   1.9594887220666249E+041  -7.2233175356804393E+033  -1.6364220038056910E+023   2306395030103.3413        3.4062985639444272        1.3950636786852497E-011   3.7048097213303457E-022  -4.3892131784912620E-032   2.2707934094211575E-036   1.6716373351088124E-041   4.3407568813297508E-046   2.4146356159123849E-050   1.7667321656462678E-054
   2.7457172919035309E+030   8.1884102943099736E+041   1.0201870454715586E+041  -1.0703180058753711E+034  -3.6986162002845086E+023   1337244247260.9482        2.2254790656466379        9.4067792056624713E-012   2.5382899827530211E-022  -3.0565119862742575E-032   1.5940999893613300E-036   1.1800550240610975E-041   3.0743810435108541E-046   1.7129793686785722E-050   1.2540058979924566E-054
   1.8745944287108702E+030   5.2779429376090347E+041   4.8179537576483340E+040  -1.1133092902569039E+034  -4.2159871013786625E+023   757346077118.57642        1.4530136074383213        6.3433071737838348E-012   1.7393228107768192E-022  -2.1284077556314363E-032   1.1190571532528181E-036   8.3303302487452333E-042   2.1774584117035069E-046   1.2152136738213293E-050   8.9007876137323476E-055
   1.2789324790492200E+030   3.3865861984203983E+041   1.8396324617236823E+040  -1.0132554819262604E+034  -3.9836780758812687E+023   415209533817.68695       0.94803310441187438        4.2778227801638038E-012   1.1920208478065309E-022  -1.4820851950632934E-032   7.8557527695833754E-037   5.8806043065919797E-042   1.5422045913463761E-046   8.6209107515912367E-051   6.3176751856971425E-055
   8.7191507069585560E+029   2.1618986024229990E+041   2.7835519758980276E+039  -8.5902809089483214E+033  -3.4408148952763820E+023   216932271631.08609       0.61814043485493064        2.8851348817481797E-012   8.1705798990774782E-023  -1.0320041613321726E-032   5.5147043563752575E-037   4.1512748409033224E-042   1.0922802104557121E-046   6.1158051093376358E-051   4.4842120888845426E-055
   5.9399654888270009E+029   1.3720418268587785E+041  -4.6839985425526791E+039  -6.9678131602760392E+033  -2.8185034320709192E+023   104707911443.94933       0.40277519094448833        1.9460295655500077E-012   5.6012839413152363E-023  -7.1858811669787373E-033   3.8712891361773833E-037   2.9304938982027556E-042   7.7361715751721284E-047   4.3386449722008680E-051   3.1828413631989919E-055
   4.0436458812696790E+029   8.6489005880983886E+040  -7.6272088122966770E+039  -5.4832283876432004E+033  -2.2291147745343528E+023   43235248286.826469       0.26227214943301463        1.3127320601782371E-012   3.8405015891835329E-023  -5.0034468789433479E-033   2.7176153528593431E-037   2.0687117095826759E-042   5.4792116718859547E-047   3.0779005167619982E-051   2.2591436061592737E-055
   2.7506631781206962E+029   5.4088995942223337E+040  -8.1832758518772548E+039  -4.2206791780955957E+033  -1.7194030557175778E+023   11160582891.090904       0.17067011113041056        8.8562352051718174E-013   2.6336232293201940E-023  -3.4837711925458158E-033   1.9077410650624732E-037   1.4603567211359750E-042   3.8806995858345091E-047   2.1835092350456177E-051   1.6035137213435588E-055
   1.8696994096968483E+029   3.3508154895547082E+040  -7.5840205397936875E+039  -3.1944996372900661E+033  -1.3015521918750717E+023  -4285367201.1687331       0.11098913719000189        5.9754597338398465E-013   1.8062759173887628E-023  -2.4256124724537094E-033   1.3392140224336389E-037   1.0309029369698894E-042   2.7485391915838861E-047   1.5490144820334132E-051   1.1381552866035602E-055
   1.2699028831257804E+029   2.0521177020197153E+040  -6.5163612086479632E+039  -2.3858006008730945E+033  -9.7090498031261206E+022  -10630728076.081945        7.2131178429923490E-002   4.0322280006912120E-013   1.2390204567089158E-023  -1.6888266415929371E-033   9.4011227234831881E-038   7.2774034731456408E-043   1.9466766085601214E-047   1.0988942839170859E-051   8.0784930730955890E-056
   8.6184084529841507E+028   1.2389283058734558E+040  -5.3449665314335729E+039  -1.7626467042501948E+033  -7.1576732179622009E+022  -12234080436.715342        4.6847557146008190E-002   2.7212758638780290E-013   8.5003298849367976E-024  -1.1758203811515444E-033   6.5994642998157657E-038   5.1373008001123427E-043   1.3787504153937566E-047   7.7957219836677511E-052   5.7340198443518143E-056
   5.8443225366599967E+028   7.3440695456749164E+039  -4.2482801063809345E+039  -1.2906142462374814E+033  -5.2257896096115821E+022  -11559243472.353064        3.0407034334283444E-002   1.8367737836882338E-013   5.8325007709231043E-024  -8.1863356569055370E-034   4.6327293085516901E-038   3.6265478528685052E-043   9.7651175214697198E-048   5.5304027986598465E-052   4.0699401637167559E-056
   3.9598947447360874E+028   4.2485961247586334E+039  -3.3005062175327004E+039  -9.3784928318871826E+032  -3.7843711874641691E+022  -9953408965.6592464        1.9723601344747405E-002   1.2399266843658969E-013   4.0025263486891781E-024  -5.6994264110332284E-034   3.2521045196705210E-038   2.5600692601730571E-043   6.9162274447492423E-048   3.9233511298065969E-052   2.8887958736188776E-056
   2.6808119997106388E+028   2.3754324302600686E+039  -2.5201868267557925E+039  -6.7708650281659320E+032  -2.7215531756336462E+022  -8117586834.1544380        1.2785722995952186E-002   8.3713391940856295E-014   2.7470874395763668E-024  -3.9679498271147250E-034   2.2829239325226928E-038   1.8072153725637138E-043   4.8984765839391344E-048   2.7832844075291359E-052   2.0504334785412265E-056
   1.8133105781635498E+028   1.2617131468055828E+039  -1.8983452181961055E+039  -4.8607209509303872E+032  -1.9454887902360801E+022  -6387749635.9633951        8.2831064854261335E-003   5.6526695222858326E-014   1.8856803057791558E-024  -2.7624535362176773E-034   1.6025729496122639E-038   1.2757571556670926E-043   3.4693873030758789E-048   1.9745038720947222E-052   1.4553736640842603E-056
   1.2254339723217159E+028   6.1477459522425369E+038  -1.4142964521781020E+039  -3.4721703698411590E+032  -1.3834230905137466E+022  -4900453277.5257607        5.3628064602831696E-003   3.8174457303582721E-014   1.2945513014424355E-024  -1.9231711678946627E-034   1.1249769865375010E-038   9.0058772979104544E-044   2.4572226740981002E-048   1.4007427652529081E-052   1.0330071751678977E-056
   8.2738392507692071E+027   2.5092899785237937E+038  -1.0441369540730571E+039  -2.4693848381151781E+032  -9.7917406183568137E+021  -3688632843.8239336        3.4699570442445803E-003   2.5784187235789876E-014   8.8884151813125407E-025  -1.3388606925604218E-034   7.8971242729439474E-039   6.3574647020850305E-044   1.7403485119665655E-048   9.9370799039205841E-053   7.3321638787279070E-057
   5.5809729407460478E+027   5.5887637492309109E+037  -7.6498223875101327E+038  -1.7493045125187990E+032  -6.9017740142204881E+021  -2735683497.8391647        2.2438379599305585E-003   1.7417899949400239E-014   6.1035352707539203E-025  -9.3206815914980619E-035   5.5436250428138948E-039   4.4878859950588579E-044   1.2326163462392808E-048   7.0495139135593199E-053   5.2042839879088895E-057
   3.7608256835118274E+027  -4.0715769294941541E+037  -5.5680772009239484E+038  -1.2348080971321375E+032  -4.8466145109868460E+021  -2004976999.6587172        1.4500961855585545E-003   1.1767932973042086E-014   4.1916865257265931E-025  -6.4886612636744114E-035   3.8915113440478030E-039   3.1681052973701368E-044   8.7301077766855170E-049   5.0010311377209881E-053   3.6939397720684834E-057
   2.5316875242458727E+027  -8.1648640497246380E+037  -4.0299564500133241E+038  -8.6882700595333764E+031  -3.3919181219578475E+021  -1455177176.0775409        9.3657549368375244E-004   7.9518233799092495E-015   2.8790186104345773E-025  -4.5170821677879356E-035   2.7317588837767935E-039   2.2364404486765079E-044   6.1831712522199038E-049   3.5478066384638004E-053   2.6219151461669669E-057
   1.7024406400071855E+027  -9.2483281910541539E+037  -2.9023030771068182E+038  -6.0952048377952427E+031  -2.3665224901394474E+021  -1047543622.0940727        6.0455028337483817E-004   5.3739711831104602E-015   1.9776370820764459E-025  -3.1445364235131913E-035   1.9176355360179330E-039   1.5787559990117112E-044   4.3792822161844684E-049   2.5168673252430255E-053   1.8610046307971365E-057
   1.1435316896682864E+027  -8.8187583899475093E+037  -2.0810476036917032E+038  -4.2645058580183969E+031  -1.6464364051725961E+021  -748866823.13782609        3.9000397818440878E-004   3.6323339881591296E-015   1.3586052170993915E-025  -2.1890279118566035E-035   1.3461375684528176E-039   1.1144809234907411E-044   3.1016628029473829E-049   1.7855034792233627E-053   1.3209192660393920E-057
   7.6721292777405180E+026  -7.7270900323060524E+037  -1.4863607852328533E+038  -2.9762181379843635E+031  -1.1424672543490390E+021  -532139814.35562414        2.5145268824699823E-004   2.4554871427628513E-015   9.3343188009110094E-026  -1.5238501615926627E-035   9.4495802699519447E-040   7.8673816577137063E-045   2.1967782538282893E-049   1.2666629766636739E-053   9.3757300553241722E-058
   5.1410249911227167E+026  -6.4370498993243124E+037  -1.0578928557976048E+038  -2.0723113042616981E+031  -7.9084227454824271E+020  -376153212.28329545        1.6203105152636380E-004   1.6601620468677230E-015   6.4137611131011517E-026  -1.0607908877393806E-035   6.6333866932447186E-040   5.5537683043721348E-045   1.5558862815536590E-049   8.9858972992478566E-054   6.6547832425505765E-058
   3.4404985517969344E+026  -5.1849218961283089E+037  -7.5055024287309544E+037  -1.4398200830858738E+031  -5.4620496085542339E+020  -264660145.34300172        1.0435169236585735E-004   1.1225962206038450E-015   4.4073940486394764E-026  -7.3843807760804157E-036   4.6564812483282862E-040   3.9205343124719883E-045   1.1019692478654329E-049   6.3747304085705350E-054   4.7234870987918272E-058
   2.2993201179628883E+026  -4.0770456636712436E+037  -5.3096070905183049E+037  -9.9835504567612641E+030  -3.7644761167868048E+020  -185445567.35390773        6.7168417870173500E-005   7.5919997122983967E-016   3.0289221544769586E-026  -5.1403820535047887E-036   3.2687384348314194E-040   2.7675962094170315E-045   7.8047876585682256E-050   4.5223294105772989E-054   3.3526757428876784E-058
   1.5344358590665358E+026  -3.1484192863862368E+037  -3.7462429488052775E+037  -6.9093776380823788E+030  -2.5893609336387509E+020  -129458633.76217677        4.3211647420292998E-005   5.1350825728503319E-016   2.0817553414012134E-026  -3.5782768618702017E-036   2.2945750605368543E-040   1.9537102940083930E-045   5.5278048538091194E-050   3.2082083354558187E-054   2.3796899181795223E-058
   1.0224213078187773E+026  -2.3972384653832402E+037  -2.6367715256966472E+037  -4.7732868477992364E+030  -1.7777446036983661E+020  -90071144.305231661        2.7785166840775698E-005   3.4737323572473388E-016   1.4308854345844012E-026  -2.4908633802420986E-036   1.6107352939733199E-040   1.3791692805758318E-045   3.9151130651605312E-050   2.2759511217367048E-054   1.6890759908945285E-058
   6.8014048655230116E+025  -1.8047223355935746E+037  -1.8517069540640375E+037  -3.2920257989431999E+030  -1.2183693462713752E+020  -62475632.010895140        1.7857014258773722E-005   2.3501841706679428E-016   9.8358508749257313E-027  -1.7338977778533796E-036   1.1306961268530346E-040   9.7358743653618753E-046   2.7729108666850678E-050   1.6145938648885252E-054   1.1988863252304527E-058
   4.5165311895168791E+025  -1.3460739228386236E+037  -1.2976736044860935E+037  -2.2668038429582966E+030  -8.3360573147886830E+019  -43213294.951743580        1.1470870385704989E-005   1.5902409359379728E-016   6.7615965076252353E-027  -1.2069655196530258E-036   7.9372027368036238E-041   6.8727781404342819E-046   1.9639367938884566E-050   1.1454171040575058E-054   8.5095545006133058E-059
   2.9935912725987618E+025  -9.9619865549449937E+036  -9.0764085620401578E+036  -1.5584887739993404E+030  -5.6944228923937481E+019  -29812741.302297402        7.3652009104661759E-006   1.0761634825799176E-016   4.6485253570195301E-027  -8.4016424222216505E-037   5.5717150328751313E-041   4.8516522949243092E-046   1.3909742804392739E-050   8.1257607146131429E-055   6.0399819598784581E-059
   1.9801440383691864E+025  -7.3240055526885224E+036  -6.3368401868229128E+036  -1.0699488860788087E+030  -3.8839851585542627E+019  -20518594.590423059        4.7269782974705600E-006   7.2836086768865180E-017   3.1960108314896936E-027  -5.8483268483805567E-037   3.9112014564921516E-041   3.4248928953541237E-046   9.8516889148619694E-051   5.7645365033384184E-055   4.2871083389097110E-059
   1.3069059498144071E+025  -5.3539667560683816E+036  -4.4166232918196253E+036  -7.3353284091760132E+029  -2.6452854619269390E+019  -14090527.679842506        3.0325270602179019E-006   4.9302243148843078E-017   2.1974897923442004E-027  -4.0709646923558942E-037   2.7455626299965291E-041   2.4177105447050174E-046   6.9775390664683977E-051   4.0894486332583078E-055   3.0429392049070435E-059
   8.6049960605221492E+024  -3.8944489584046738E+036  -3.0733383001611790E+036  -5.0222480419722451E+029  -1.7991200512000295E+019  -9656166.1485075001        1.9447350059564777E-006   3.3376217805974403E-017   1.5110179780648440E-027  -2.8337493115156287E-037   1.9273137260871673E-041   1.7067173379272123E-046   4.9418989529789749E-051   2.9011161768750122E-055   2.1598425488068326E-059
   5.6509064880016700E+024  -2.8204543974094528E+036  -2.1353633870331482E+036  -3.4341662605149092E+029  -1.2219777666003786E+019  -6604445.5644082781        1.2467084691205760E-006   2.2597299369187315E-017   1.0390468959303257E-027  -1.9725319123216205E-037   1.3529239172859746E-041   1.2048108868370465E-046   3.5001402212930674E-051   2.0580953122938571E-055   1.5330309020888770E-059
   3.7002661413625293E+024  -2.0347385746275204E+036  -1.4815274892366693E+036  -2.3453593927060983E+029  -8.2890108159301089E+018  -4508915.1616397537        7.9897608371891504E-007   1.5301130331697981E-017   7.1453266341479942E-028  -1.3730466243464614E-037   9.4971707074390214E-042   8.5050359681206852E-047   2.4790028343026136E-051   1.4600436700669742E-055   1.0881273486674774E-059
   2.4152486073996249E+024  -1.4628267176527756E+036  -1.0264925151385438E+036  -1.5998558408812945E+029  -5.6156106616133827E+018  -3072954.9772280618        5.1189920068693894E-007   1.0361833365174411E-017   4.9139322696397302E-028  -9.5575213521724728E-038   6.6667632494671382E-042   6.0038995247089801E-047   1.7557739514517917E-051   1.0357768679927934E-055   7.7234002592320874E-060
   1.5708945219323436E+024  -1.0483881728693467E+036  -7.1029482050171469E+035  -1.0900649302698962E+029  -3.7998193279786102E+018  -2090876.3689791891        3.2789609314727556E-007   7.0176927228867730E-018   3.3795211359222565E-028  -6.6527946170218743E-038   4.6798911007058222E-042   4.2382899821193884E-047   1.2435411991562246E-051   7.3479563757102465E-056   5.4819788902512857E-060
   1.0176540837203688E+024  -7.4924545324840903E+035  -4.9089009695899849E+035  -7.4188924186460329E+028  -2.5681222329035500E+018  -1420443.4984739656        2.0999576449470632E-007   4.7533005694930456E-018   2.3243360730949070E-028  -4.6308626168641809E-038   3.2851590093805858E-042   2.9919057705454876E-047   8.8074817814852157E-052   5.2127504031728328E-056   3.8910442990810575E-060
   6.5628729061943824E+023  -5.3408274321489212E+035  -3.3885684968954552E+035  -5.0437627381635981E+028  -1.7336794157213225E+018  -963551.23665533517        1.3447171547386344E-007   3.2198668661155919E-018   1.5986718233427032E-028  -3.2234334382696464E-038   2.3060938787897373E-042   2.1120546321730531E-047   6.2379706568271808E-052   3.6980032760211587E-056   2.7618175914842344E-060
   4.2106654925541589E+023  -3.7981332015835186E+035  -2.3364481665970218E+035  -3.4254012453450249E+028  -1.1690535670316475E+018  -652693.80402777973        8.6104030183257184E-008   2.1813270497411938E-018   1.0996014470983099E-028  -2.2437508292373969E-038   1.6188161051933658E-042   1.4909475914335089E-047   4.4180934780739379E-052   2.6234189563233522E-056   1.9603057229349791E-060
   2.6855070258126895E+023  -2.6952034926180882E+035  -1.6092500940592273E+035  -2.3239170227268485E+028  -7.8745073653740557E+017  -441523.42254155379        5.5133643991698622E-008   1.4778910336435774E-018   7.5635531366623136E-029  -1.5618155087596972E-038   1.1363653973276094E-042   1.0524939349807948E-047   3.1291506503165849E-052   1.8610927312735746E-056   1.3914020023643682E-060
   1.7009331448801829E+023  -1.9087318473622219E+035  -1.1072262731874453E+035  -1.5750420436935754E+028  -5.2984076123287264E+017  -298284.59259566077        3.5305458892432700E-008   1.0013855923599953E-018   5.2027150900374721E-029  -1.0871365318416884E-038   7.9769788605064732E-043   7.4297948255654931E-048   2.2162464016944424E-052   1.3202870798266259E-056   9.8760081621527187E-061
   1.0685066850928059E+023  -1.3492546631359393E+035  -7.6104630337237716E+034  -1.0664365043064964E+028  -3.5613020669313101E+017  -201261.95895010344        2.2611692291382760E-008   6.7857226558244415E-019   3.5788783882982494E-029  -7.5672445113474870E-039   5.5996236834949423E-043   5.2448616311813999E-048   1.5696745390075938E-052   9.3663144412573536E-057   7.0098747195448090E-061
   6.6460832720384789E+022  -9.5212716388947064E+034  -5.2259189508926820E+034  -7.2136842863234128E+027  -2.3912288140987325E+017  -135632.98944820475        1.4485295654396332E-008   4.5985962122896583E-019   2.4619299766239326E-029  -5.2673335609193431E-039   3.9307842436152680E-043   3.7024674190288980E-048   1.1117347569164957E-052   6.6446038536651775E-057   4.9755268296115174E-061
   4.0838251789361604E+022  -6.7080788980118377E+034  -3.5851301619230965E+034  -4.8748983329171683E+027  -1.6039422106661165E+017  -91297.497932046113        9.2824973598226545E-009   3.1166457105501458E-019   1.6936181452437039E-029  -3.6664292399567230E-039   2.7593039283361826E-043   2.6136561531115212E-048   7.8739518120830708E-053   4.7137815666164677E-057   3.5315705659690364E-061
   2.4711891715976340E+022  -4.7189825949435379E+034  -2.4572564753101727E+034  -3.2912921836140509E+027  -1.0747735186953782E+017  -61384.370114622805        5.9509820510162881E-009   2.1124244447878267E-019   1.1651063777935515E-029  -2.5520858287916132E-039   1.9369563912236662E-043   1.8450394461233459E-048   5.5767903881984027E-053   3.3440272952217875E-057   2.5066673517937382E-061
   1.4658202835998013E+022  -3.3150175067394550E+034  -1.6827164378707067E+034  -2.2200617413627447E+027  -71946606567301672.       -41226.464566097369        3.8172009229785802E-009   1.4318751421347842E-019   8.0154003247313998E-030  -1.7764245739076378E-039   1.3596906811658898E-043   1.3024553866176111E-048   3.9498071291214084E-053   2.3723030842397664E-057   1.7792030754843262E-061
   8.4628087218242134E+021  -2.3256628445027805E+034  -1.1513222507986144E+034  -1.4961181363093979E+027  -48114096206402464.       -27658.354181722658        2.4500966976522090E-009   9.7063955338248211E-020   5.5143424253250328E-030  -1.2365105869510363E-039   9.5446580935464481E-044   9.1943293018258447E-049   2.7974830067315008E-053   1.6829473642573683E-057   1.2628574674748391E-061
   4.7001777089419170E+021  -1.6295358586266818E+034  -7.8707860125035504E+033  -1.0073320196123573E+027  -32144424744993680.       -18536.163114576641        1.5738211745659589E-009   6.5801890514722958E-020   3.7937654550357436E-030  -8.6069348471184481E-040   6.7000895881613384E-044   6.4904864875255532E-049   1.9813400783588506E-053   1.1939080841909380E-057   8.9636141319536138E-062
   2.4575550296329164E+021  -1.1404258206219019E+034  -5.3762996931789237E+033  -6.7762315220463327E+026  -21454186884438556.       -12409.856350323544        1.0118503532628179E-009   4.4611314529051067E-020   2.6100862215773727E-030  -5.9909933432525736E-040   4.7032799001092283E-044   4.5817822344163235E-049   1.4033002144864604E-053   8.4697628908596793E-058   6.3622681397968866E-062
   1.1541616115304215E+021  -7.9722910627384100E+033  -3.6694513781644500E+033  -4.5542289203618705E+026  -14305150400891238.       -8299.9620036035813        6.5121301965034505E-010   3.0246607813325103E-020   1.7957517296464665E-030  -4.1701227288397987E-040   3.3015739087299829E-044   3.2343844177502268E-049   9.9389878208261287E-054   6.0085767379364812E-058   4.5158632763262325E-062
   4.2315830747775133E+020  -5.5672009370587198E+033  -2.5025256573804691E+033  -3.0581158698495044E+026  -9528988013652294.0       -5545.6939161846512        4.1959936257200119E-010   2.0508415644320349E-020   1.2355043071119291E-030  -2.9026758817356295E-040   2.3176145440366956E-044   2.2832256072499932E-049   7.0393688983886528E-054   4.2625743928422220E-058   3.2053067682678740E-062
   3.4857183156779291E+019  -3.8837462962679865E+033  -1.7053849803712380E+033  -2.0516636831435855E+026  -6341240854551637.0       -3701.8017893666693        2.7071480532304499E-010   1.3906253311724282E-020   8.5005742735845395E-031  -2.0204494430017218E-040   1.6269019439792942E-044   1.6117809400038511E-049   4.9856902289913878E-054   3.0239341603483427E-058   2.2750891357517779E-062
  -1.5303696235087806E+020  -2.7067347532833043E+033  -1.1612853591554160E+033  -1.3752178959299717E+026  -4215732704036624.0       -2468.6186700715739        1.7491050702754156E-010   9.4299544455163744E-021   5.8486796479510873E-031  -1.4063622219862421E-040   1.1420405821302685E-044   1.1377928589649298E-049   3.5311556203500441E-054   2.1452242149206263E-058   1.6148315745543632E-062
  -2.2752616346523258E+020  -1.8846922764494806E+033  -7.9019380534990185E+032  -9.2097782994788555E+025  -2799887277983045.0       -1644.6885518982294        1.1318992669316418E-010   6.3948353228009769E-021   4.0241348948412521E-031  -9.7891769639741240E-041   8.0168117340843091E-045   8.0319387989111356E-050   2.5009696627664009E-054   1.5218542097649250E-058   1.1461885045130789E-062
  -2.4092182499379331E+020  -1.3111507259727918E+033  -5.3729327784585825E+032  -6.1622256613441676E+025  -1857689180862556.8       -1094.7287512784230        7.3374999273288259E-011   4.3367896864449601E-021   2.7688022981209297E-031  -6.8138877053713109E-041   5.6275818907986480E-045   5.6699284251688391E-050   1.7713320863209543E-054   1.0796261852435023E-058   8.1355115206035372E-063
  -2.2399073238759096E+020  -9.1137763906628352E+032  -3.6507049182978921E+032  -4.1194045832136419E+025  -1231305879065511.2       -727.99121232798609        4.7653586399700484E-011   2.9412066105876312E-021   1.9050908968809538E-031  -4.7428958530451669E-041   3.9504080146408686E-045   4.0025315294595033E-050   1.2545603434875275E-054   7.6590299670408152E-059   5.7744906217939453E-063
  -1.9428599691632086E+020  -6.3298386941013948E+032  -2.4787543726551210E+032  -2.7512913709989425E+025  -815292762215522.88       -483.66568026604301        3.1010313022562693E-011   1.9948023302776970E-021   1.3108211501551328E-031  -3.3013536212227809E-041   2.7730779430746098E-045   2.8254781041609289E-050   8.8855255727063235E-055   5.4334306480609963E-059   4.0986656900973973E-063
  -1.6138399344866276E+020  -4.3928794390348240E+032  -1.6818416134061350E+032  -1.8358620250919417E+025  -539273643272558.12       -321.04499955942407        2.0222362866781741E-011   1.3529769059555753E-021   9.0193414860740314E-032  -2.2979488660191552E-041   1.9466245341191951E-045   1.9945692985976177E-050   6.2932456853620498E-055   3.8545571349420907E-059   2.9091848163456417E-063
  -1.3014445574145411E+020  -3.0463593774684256E+032  -1.1403402303921840E+032  -1.2238831547446694E+025  -356323820708883.88       -212.90666417220470        1.3216610338265146E-011   9.1769030044134063E-022   6.2059684572692724E-032  -1.5995158456984705E-041   1.3664769268396030E-045   1.4080118603282914E-050   4.4572423910187282E-055   2.7344806013780705E-059   2.0649052485662345E-063
  -1.0271584021946026E+020  -2.1110578178767692E+032  -7.7265210133420453E+031  -8.1513694071150092E+024  -235185968741327.69       -141.06385246056394        8.6578903939936762E-012   6.2246685841603429E-022   4.2701915232149348E-032  -1.1133625727183970E-041   9.5922923832729559E-046   9.9394761463774019E-051   3.1568781392672630E-055   1.9398815213612679E-059   1.4656455174574771E-063
  -7.9750479390514184E+019  -1.4618989786410718E+032  -5.2316140988492031E+031  -5.4238185396097241E+024  -155059489021919.78       -93.378097213821079        5.6851569237408706E-012   4.2223068186172310E-022   2.9382445171720428E-032  -7.7496945504597118E-042   6.7335254903057901E-046   7.0165023995462673E-051   2.2358845919833756E-055   1.3761810249932513E-059   1.0402979915540252E-063
  -6.1126701442074665E+019  -1.0116800376541735E+032  -3.5399008628781917E+031  -3.6054203683867763E+024  -102115984444618.48       -61.755545896165074        3.7422961653487835E-012   2.8641513937359498E-022   2.0217667859394696E-032  -5.3942672671949875E-042   4.7267496955236543E-046   4.9531087106348146E-051   1.5835834287956977E-055   9.7628344445657595E-060   7.3839130835962582E-064
  -4.6366822713778684E+019  -6.9966029024922932E+031  -2.3935982047762089E+031  -2.3942745876232129E+024  -67171341509792.391       -40.804367100285077        2.4695502205699884E-012   1.9429157840432081E-022   1.3911581175919330E-032  -3.7547433147696188E-042   3.3180482542885761E-046   3.4965121485812680E-051   1.1215858299158483E-055   6.9259010740074914E-060   5.2410148696397540E-064
  -3.4870196617985815E+019  -4.8356905562567980E+031  -1.6173975089035679E+031  -1.5883609790522730E+024  -44132037160376.422       -26.936074979520523        1.6337723808964887E-012   1.3180231523331407E-022   9.5724704002742254E-033  -2.6135328975943808E-042   2.3291785785406934E-046   2.4682674884006173E-051   7.9437227674901209E-056   4.9133380227397351E-060   3.7200108604641052E-064
  -2.6035841830578147E+019  -3.3401457771874780E+031  -1.0921639107586784E+031  -1.0526167683431318E+024  -28959191499488.977       -17.764597174566713        1.0835781506600445E-012   8.9413361680770611E-023   6.5867848001503468E-033  -1.8191797942756765E-042   1.6350192642866607E-046   1.7424061841719128E-051   5.6262061911506879E-056   3.4855956311559499E-060   2.6404200610264628E-064
  -1.9320741723137544E+019  -2.3057693012592677E+031  -7.3699427612011243E+030  -6.9682605993220981E+023  -18978510852331.672       -11.704835584370240        7.2047016817428326E-013   6.0658466528634731E-023   4.5323625276135794E-033  -1.2662609605258329E-042   1.1477385220544467E-046   1.2300041722993153E-051   3.9848062463527497E-056   2.4727337804899215E-060   1.8741391786650864E-064
  -1.4261938739191210E+019  -1.5908057732527279E+031  -4.9698684999121952E+030  -4.6078376185753799E+023  -12421083089168.482       -7.7047537567622522        4.8022215902903149E-013   4.1151851471597765E-023   3.1187270083288337E-033  -8.8139535903705906E-043   8.0568084864081715E-047   8.6828793248070268E-052   2.8222713993330869E-056   1.7541944035222983E-060   1.3302419993109821E-064
  -1.0479288969553932E+019  -1.0969232287712638E+031  -3.3491064273446950E+030  -3.0434949467119097E+023  -8118096381726.0137       -5.0667481041932092        3.2085876274554754E-013   2.7918728888185310E-023   2.1460087241291126E-033  -6.1350520988615088E-043   5.6556577524401368E-047   6.1294420813851784E-052   1.9988966485828121E-056   1.2444518005141150E-060   9.4419016307443740E-065
  -7.6687611745274337E+018  -7.5596125383490167E+030  -2.2553532077577732E+030  -2.0078566995627213E+023  -5298087828296.3916       -3.3286608187704130        2.1488128536232061E-013   1.8941292202256988E-023   1.4766815998974057E-033  -4.2703720106826529E-043   3.9701160258285206E-047   4.3269126301139294E-052   1.4157347916585436E-056   8.8283275826320591E-061   6.7017509934811922E-065
  -5.5918913118248141E+018  -5.2070664728041826E+030  -1.5177475890209429E+030  -1.3229929648466706E+023  -3452421292065.3706       -2.1845949288976807        1.4423043472334775E-013   1.2850815464571014E-023   1.0161161897271232E-033  -2.9724402175361866E-043   2.7869121320643459E-047   3.0544660761126207E-052   1.0027056684780042E-056   6.2629478999164172E-061   4.7568242219688700E-065
  -4.0644304606475930E+018  -3.5847812824593458E+030  -1.0206602381523132E+030  -8.7061208856792029E+022  -2246124188945.4053       -1.4322661278146487        9.7016059403340917E-014   8.7188326239408559E-024   6.9919914012339349E-034  -2.0690001195415188E-043   1.9563355726305356E-047   2.1562171010304535E-052   7.1017443626340539E-057   4.4430291048579697E-061   3.3763380198243575E-065
  -2.9457075526099599E+018  -2.4666837940117474E+030  -6.8589281946194445E+029  -5.7214909210037112E+022  -1458849182713.2163      -0.93803044353400433        6.5389594455659246E-014   5.9155079267703178E-024   4.8112652032016948E-034  -1.4401504845495931E-043   1.3732936961969618E-047   1.5221227114268864E-052   5.0298681433918813E-057   3.1519514359661783E-061   2.3964851111069735E-065
  -2.1293606202581235E+018  -1.6964870949114911E+030  -4.6059681485628852E+029  -3.7547684615218591E+022  -945823222778.23303      -0.61367460138812879        4.4156844170920099E-014   4.0135741530331017E-024   3.3106898886408970E-034  -1.0024326638706577E-043   9.6401435323055296E-048   1.0745010542229018E-052   3.5624449779404301E-057   2.2360415878857973E-061   1.7009970133416551E-065
  -1.5356147722721075E+018  -1.1662148749998416E+030  -3.0907994833953267E+029  -2.4604540003417252E+022  -612044466088.81201      -0.40102683265576267        2.9871365766211910E-014   2.7231754427023769E-024   2.2781295149820560E-034  -6.9775430204105344E-044   6.7671152498524814E-048   7.5851474172471710E-053   2.5231305988120145E-057   1.5862814146452645E-061   1.2073477218720800E-065
  -1.1050419466132920E+018  -8.0131248243102455E+029  -2.0725306004195565E+029  -1.6097942347697143E+022  -395251117833.28650      -0.26176234304169976        2.0240504427394354E-014   1.8476707678380638E-024   1.5676132894311268E-034  -4.8567955008240761E-044   4.7503285166919582E-048   5.3545281418612457E-053   1.7870277458221124E-057   1.1253318096023052E-061   8.5696124688967494E-066
  -7.9362824923967885E+017  -5.5033185920083132E+029  -1.3886910253814286E+029  -1.0514993741859339E+022  -254692472351.17838      -0.17065613148287556        1.3735279069189794E-014   1.2536542227904918E-024   1.0786983204176486E-034  -3.3806257578353484E-044   3.3345997740400262E-048   3.7798832430290936E-053   1.2656769196929092E-057   7.9832725139931411E-062   6.0826103811389832E-066
  -5.6893963489592730E+017  -3.7779017129007718E+029  -9.2977636060667757E+028  -6.8562501018031793E+021  -163733786278.83228      -0.11112150022977976        9.3334945574305397E-015   8.5061838377576826E-025   7.4226936738005512E-035  -2.3531215482005625E-044   2.3407971890164378E-048   2.6683055819003360E-053   8.9642596135766286E-058   5.6634531689869387E-062   4.3173654798286958E-066
  -4.0718027546322285E+017  -2.5922894592141137E+029  -6.2203160887763471E+028  -4.4622392238824583E+021  -104991654464.16798       -7.2262662731631455E-002   6.3501386935586215E-015   5.7715864195468698E-025   5.1076776299599070E-035  -1.6379159554203045E-044   1.6431751470462037E-048   1.8836176198985879E-053   6.3490097013186630E-058   4.0177385578441509E-062   3.0644153609128438E-066
  -2.9095956093436595E+017  -1.7779785646089153E+029  -4.1581444793055250E+028  -2.8983467791109639E+021  -67137798859.478996       -4.6929412345212855E-002   4.3251104830620808E-015   3.9161446902195645E-025   3.5146798141707988E-035  -1.1400892639402847E-044   1.1534636891954660E-048   1.3296885340910658E-053   4.4967377033547114E-058   2.8502439479073536E-062   2.1750860676655668E-066
  -2.0761174473188954E+017  -1.2189414838550325E+029  -2.7773529887049370E+028  -1.8785113428381377E+021  -42801639616.734795       -3.0434368775564449E-002   2.9487036373864258E-015   2.6572046967674566E-025   2.4185125726483204E-035  -7.9357155014901277E-045   8.0969973505137127E-049   9.3865738931916514E-054   3.1848510120240916E-058   2.0220057740467726E-062   1.5438505700292721E-066
  -1.4794066889669526E+017  -8.3532486506106830E+028  -1.8535198651218762E+028  -1.2146982734885568E+021  -27195665474.631496       -1.9707928190387882E-002   2.0120195166244421E-015   1.8029917367009126E-025   1.6642216906300078E-035  -5.5237411184008273E-045   5.6838690860036863E-049   6.6261960743521108E-054   2.2556966044845551E-058   1.4344412004717643E-062   1.0958070202422819E-066
  -1.0528784835605722E+017  -5.7219870865125274E+028  -1.2359113595039096E+028  -7.8347991839192829E+020  -17215709314.168301       -1.2742095901898452E-002   1.3738846963073051E-015   1.2233891103221324E-025   1.1451812004337322E-035  -3.8448600516781558E-045   3.9899195181979812E-049   4.6775825677292772E-054   1.5976154464496382E-058   1.0176140859829264E-062   7.7779096560444134E-067
  -74844311213108720.       -3.9179577446546929E+028  -8.2335941280594966E+027  -5.0395552458299009E+020  -10852870254.476660       -8.2248022151766229E-003   9.3872459242830315E-016   8.3011327371862386E-026   7.8802030108924513E-036  -2.6762566036078393E-045   2.8008135853907483E-049   3.3020119585124557E-054   1.1315241197091824E-058   7.2191068386029347E-063   5.5206690138017375E-067
  -53144799917802720.       -2.6816144568295639E+028  -5.4801260985228740E+027  -3.2318022171576834E+020  -6809687152.4225731       -5.2997002797851534E-003   6.4172908546559285E-016   5.6326364642957231E-026   5.4225146155869888E-036  -1.8628374619565263E-045   1.9660939778322660E-049   2.3309653685153067E-054   8.0141115080157416E-059   5.1213425860536883E-063   3.9185060906771273E-067
  -37697527201731024.       -1.8346734020463821E+028  -3.6439816631248170E+027  -2.0656103340147740E+020  -4250000557.2353516       -3.4085468897757502E-003   4.3888401875419078E-016   3.8219716488410935E-026   3.7313342484479157E-036  -1.2966482281651824E-045   1.3801438083726998E-049   1.6454814874415328E-054   5.6760595858228065E-059   3.6331571855203707E-063   2.7813096464006404E-067
  -26714139114607564.       -1.2547262037886157E+028  -2.4206412464902127E+027  -1.3153472963172613E+020  -2636197289.9106226       -2.1878804256197349E-003   3.0025781470411530E-016   2.5933692053731913E-026   2.5676016565923140E-036  -9.0254606312346716E-046   9.6882293150580407E-050   1.1615828197238277E-054   4.0201153165231792E-059   2.5774161585355377E-063   1.9741409532487155E-067
  -18913400250137404.       -8.5776577370889345E+027  -1.6063335223163075E+027  -8.3411546594095809E+019  -1623488770.4667466       -1.4013630964195150E-003   2.0547094898889365E-016   1.7597143579129062E-026   1.7668154357325348E-036  -6.2822697370484478E-046   6.8008700737148092E-050   8.1998774057559669E-055   2.8472793341463054E-059   1.8284576513100612E-063   1.4012220855513148E-067
  -13378888510551956.       -5.8616461295384240E+027  -1.0648113203144134E+027  -5.2646552294141968E+019  -991358648.75839567       -8.9552512924175119E-004   1.4063263194358438E-016   1.1940451518517551E-026   1.2157793004015577E-036  -4.3728419556844791E-046   4.7740234304957702E-050   5.7884800228095383E-055   2.0166087209775401E-059   1.2971352614366040E-063   9.9457099545274264E-068
  -9456110784953254.0       -4.0040827754182752E+027  -7.0504978393880822E+026  -3.3050869732692439E+019  -599195594.10873282       -5.7084884085067543E-004   9.6265844806749964E-017   8.1021426244368815E-027   8.3660086225210072E-037  -3.0437640417436006E-046   3.3512329252133471E-050   4.0862197464545928E-055   1.4282795104587201E-059   9.2020719498540741E-064   7.0593482303454202E-068
  -6678296258683974.0       -2.7341373768103433E+027  -4.6628702989312094E+026  -2.0620820740655182E+019  -357636495.49618357       -3.6289731135135772E-004   6.5899540926138583E-017   5.4976794223279083E-027   5.7568094731633070E-037  -2.1186449506430985E-046   2.3524731876660431E-050   2.8845554878457953E-055   1.0115905672586513E-059   6.5280877552028551E-064   5.0106425448886537E-068
  -4712989989785279.0       -1.8662617628227243E+027  -3.0799733369023301E+026  -1.2772770610455026E+019  -210096921.10031039       -2.3001315209890614E-004   4.5112071026485665E-017   3.7304324246341373E-027   3.9613696974316257E-037  -1.4747057796930002E-046   1.6513713673747422E-050   2.0362733476540574E-055   7.1646723787026716E-060   4.6311232917815126E-064   3.5564952873019658E-068
  -3323692799347149.5       -1.2733877701490656E+027  -2.0317550553594832E+026  -7.8439543639118100E+018  -120894985.51284666       -1.4530991512225590E-004   3.0880330895562957E-017   2.5312732859541394E-027   2.7258932924214685E-037  -1.0264849408751789E-046   1.1592172047096056E-050   1.4374516849464191E-055   5.0744374211775148E-060   3.2853882711033016E-064   2.5243586257222689E-068
  -2342358802011766.5       -8.6853130074683429E+026  -1.3384244620683425E+026  -4.7674182088779172E+018  -67634045.208003700       -9.1464908743602792E-005   2.1136388153826928E-017   1.7175874340439317E-027   1.8757384133067695E-037  -7.1449596866015037E-047   8.1373854128727007E-051   1.0147298489757356E-055   3.5940115305145314E-060   2.3307036785341807E-064   1.7917601336376830E-068
  -1649710631792839.0       -5.9217162895569926E+026  -8.8039594290287877E+025  -2.8607560284593720E+018  -36330348.247690402       -5.7338045374806687E-005   1.4465125224674439E-017   1.1654630516226401E-027   1.2907306695247310E-037  -4.9733266362273041E-047   5.7122203747160162E-051   7.1632088728858457E-056   2.5454878658176287E-060   1.6534361204460236E-064   1.2717703197082744E-068
  -1161172150082847.0       -4.0359662401478558E+026  -5.7820650979152973E+025  -1.6890912221160338E+018  -18305798.420634184       -3.5779470758326673E-005   9.8978549743126666E-018   7.9082044787186714E-028   8.8817575550862225E-038  -3.4617379178260705E-047   4.0098213311479783E-051   5.0566721189975343E-056   1.8028624616270397E-060   1.1729723643437967E-064   9.0268765094525030E-069
  -816830140972786.25       -2.7497017516679367E+026  -3.7910781816827050E+025  -9.7641191469821696E+017  -8212912.4493928673       -2.2210113896004203E-005   6.7713318102644871E-018   5.3660769010356420E-028   6.1117012739967139E-038  -2.4095802086598008E-047   2.8147841036721249E-051   3.5696198969871927E-056   1.2768919856930381E-060   8.3212417492303223E-065   6.4071710319195574E-069
  -574280731297258.75       -1.8726730893131792E+026  -2.4812210388806327E+025  -5.4833595342112678E+017  -2784016.3035511374       -1.3704097069650750E-005   4.6313703545478484E-018   3.6411236035424199E-028   4.2055735995872718E-038  -1.6772144315937321E-047   1.9759008933059518E-051   2.5198759004064167E-056   9.0436912289730605E-061   5.9032136096284836E-065   4.5477348215942993E-069
  -403537973609686.12       -1.2749016541513622E+026  -1.6208108482832937E+025  -2.9526282827694176E+017  -42338.793641826480       -8.3965460467673936E-006   3.1669201052208374E-018   2.4706623306362325E-028   2.8939316274922306E-038  -1.1674432940293460E-047   1.3870279909105140E-051   1.7788377296946553E-056   6.4052677878284439E-061   4.1878282077458931E-065   3.2279288167128527E-069
  -283414407403086.81       -8.6762009279225970E+025  -1.0565655598769498E+025  -1.4871990722950000E+017   1193279.0305172007       -5.1020736504928196E-006   2.1649507073404247E-018   1.6764504814078539E-028   1.9913665154041147E-038  -8.1261156739941198E-048   9.7365543691878598E-052   1.2557220250676458E-056   4.5365829499280956E-061   2.9709080947004503E-065   2.2911460000458574E-069
  -198950882588592.94       -5.9022884090955625E+025  -6.8719692488980468E+024  -66227222498716616.        1617710.6181098805       -3.0694465861234936E-006   1.4795668348376162E-018   1.1375417896871710E-028   1.3702948859257418E-038  -5.6562709687466320E-048   6.8347929246154472E-052   8.8644274737055694E-057   3.2130717314704721E-061   2.1076067281915323E-065   1.6262285482712957E-069
  -139593366178502.55       -4.0137351364850163E+025  -4.4585994354699523E+024  -21647482975476452.        1631568.2099260883       -1.8241385931676763E-006   1.0108583610462865E-018   7.7186832942963865E-029   9.4292418255158919E-039  -3.9371087786643564E-048   4.7978363342697370E-052   6.2576010349290285E-057   2.2756841582130069E-061   1.4951678002565995E-065   1.1542779426363807E-069
  -97900899585214.781       -2.7284364062865093E+025  -2.8850019408071540E+024   942118247200424.62        1459574.0813520367       -1.0675021444399613E-006   6.9041410139465729E-019   5.2374303186297048E-029   6.4884268058162215E-039  -2.7404672906245694E-048   3.3679489261423268E-052   4.4173829419273056E-057   1.6117717937065929E-061   1.0606944459900410E-065   8.1929294026547771E-070
  -68630812753768.211       -1.8540225923334427E+025  -1.8612516949383118E+024   11124135007038762.        1222926.7238671985       -6.1234728306414468E-007   4.7139830082258890E-019   3.5537953815916509E-029   4.4647993232087246E-039  -1.9075320021757492E-048   2.3642073591214778E-052   3.1183311218936298E-057   1.1415504676305241E-061   7.5247253690247795E-066   5.8152451604135869E-070
  -48091607626372.969       -1.2593641228633447E+025  -1.1968383749835455E+024   14577656496239212.        983103.46543863427       -3.4188453848447705E-007   3.2175224887772788E-019   2.4113800269463129E-029   3.0723053355672168E-039  -1.3277583577198892E-048   1.6596084322019754E-052   2.2013008864297342E-057   8.0851239315359942E-062   5.3381529518983131E-066   4.1275927832058384E-070
  -33685568565836.695       -8.5510922839078412E+024  -7.6678106519634998E+023   14602000226917290.        768052.10215357482       -1.8362954989426871E-007   2.1953679752258522E-019   1.6362058509836396E-029   2.1141057341808123E-039  -9.2420062112979425E-049   1.1649993972294884E-052   1.5539483791738949E-057   5.7263547115849088E-062   3.7869657084312921E-066   2.9297169274907812E-070
  -23585727499420.145       -5.8039617855884541E+024  -4.8923107876823705E+023   13062965639294410.        587613.61871057667       -9.2866652764433128E-008   1.4974171610783569E-019   1.1102204703435613E-029   1.4547518946367608E-039  -6.4329987862354979E-049   8.1779748116725214E-053   1.0969675159004920E-057   4.0557372478833797E-062   2.6865302298490430E-066   2.0794787000667649E-070
  -16507887948987.611       -3.9378455282919580E+024  -3.1068686093503903E+023   10975761549559480.        442424.75705501885       -4.2204372165883824E-008   1.0210011089578757E-019   7.5332000085226013E-030   1.0010391387485631E-039  -4.4777586754773140E-049   5.7407130150522006E-053   7.7437432740229471E-058   2.8725088563912676E-062   1.9058648088160547E-066   1.4759895822887065E-070
  -11549849024673.938       -2.6706827502241991E+024  -1.9624692367039433E+023   8860654067694094.0        328920.51041695866       -1.5002698476955996E-008   6.9591508325953325E-020   5.1115041711238809E-030   6.8883163586890487E-040  -3.1167925679884830E-049   4.0298223803505159E-053   5.4664845608254179E-058   2.0344777350532331E-062   1.3520490590896420E-066   1.0476400873713129E-070
  -8078097409313.3701       -1.8105625511990474E+024  -1.2319319643050401E+023   6957397397682387.0        242039.04920657395       -1.2537727919166874E-009   4.7416782369551901E-020   3.4683017424295468E-030   4.7399636734445509E-040  -2.1694773300577732E-049   2.8288242897702559E-053   3.8589158235636866E-058   1.4409353848352792E-062   9.5916386604603105E-067   7.4360264180554807E-071
  -5648004037261.0088       -1.2269596357596935E+024  -7.6773193928199155E+022   5352617654815548.0        176599.60201578937        4.9879080980447496E-009   3.2296338322915370E-020   2.3533360372081755E-030   3.2616461654562919E-040  -1.5100882699972159E-049   1.9857567176186083E-053   2.7240964769325794E-058   1.0205541930965682E-062   6.8044522182336349E-067   5.2780043028670262E-071
  -3947652728489.5669       -8.3113240130961393E+023  -4.7431965231766695E+022   4054050133715074.0        127934.01902093145        7.2002213923725355E-009   2.1989725785093519E-020   1.5967977801347573E-030   2.2443913344716306E-040  -1.0511133519954898E-049   1.3939465084210833E-053   1.9230016810224247E-058   7.2281579868755200E-063   4.8271803837948558E-067   3.7462655260935655E-071
  -2758325862704.9526       -5.6276982533917004E+023  -2.8998606884125628E+022   3032703992694562.0        92114.282798795233        7.3770779866531791E-009   1.4966902652375440E-020   1.0834647566799711E-030   1.5444015492045608E-040  -7.3163887381014276E-050   9.7851204588381490E-054   1.3574906382829482E-058   5.1194016189087329E-063   3.4244741105319293E-067   2.6590553145955550E-071
  -1926723189373.2346       -3.8089849960460642E+023  -1.7500341634499919E+022   2245952107413031.5        65973.772482774235        6.6308931863529722E-009   1.0183339028171187E-020   7.3515437332205010E-031   1.0627271695409652E-040  -5.0926519181320133E-050   6.8688849835833622E-054   9.5828352684865460E-059   3.6258577888405181E-063   2.4293732575379128E-067   1.8873662629705746E-071
  -1345440283512.0261       -2.5769295935391979E+023  -1.0388526320577036E+022   1649487550868237.8        47033.618148587353        5.5585185205845681E-009   6.9262063651577009E-021   4.9881692956426209E-031   7.3127925132488691E-041  -3.5447957375049707E-050   4.8217680218844057E-054   6.7647414422773604E-059   2.5680432369938551E-063   1.7234337985762545E-067   1.3396304285385786E-071
  -939258014624.09216       -1.7426387764278114E+023  -6.0345876162831723E+021   1202943417777285.5        33394.497200758240        4.4612816602638719E-009   4.7092162520636909E-021   3.3845638128093203E-031   5.0320463585446894E-041  -2.4673936187747996E-050   3.3847483125589734E-054   4.7753848937965028E-059   1.8188374865022086E-063   1.2226297662817918E-067   9.5085395997374522E-072
  -655517999736.32263       -1.1779317786780113E+023  -3.4025131979142726E+021   872032010804967.38        23624.741198765492        3.4756773988452614E-009   3.2007447570390301E-021   2.2964823516641094E-031   3.4626287674303025E-041  -1.7174561617295460E-050   2.3760000662823166E-054   3.3710528448853736E-059   1.2882064268426512E-063   8.6735188008560620E-068   6.7490498419332644E-072
  -457369540433.49329       -7.9586052428403231E+022  -1.8365983986291811E+021   628872828590411.75        16659.012960402939        2.6497941021340646E-009   2.1747234571836433E-021   1.5581971465581469E-031   2.3826878592572976E-041  -1.1954540411879157E-050   1.6678865882380733E-054   2.3797029005501915E-059   9.1238266776095953E-064   6.1531242297155681E-068   4.7903963895944841E-072
  -319033490248.34723       -5.3746928060942497E+022  -9.2427212325244017E+020   451461466240871.56        11712.799890409284        1.9871134340059165E-009   1.4770974655174346E-021   1.0572570495273219E-031   1.6395636959386035E-041  -8.3210878908179342E-051   1.1708104350460308E-054   1.6798864198998681E-059   6.4620243703549943E-064   4.3651185471084666E-068   3.4001671504719330E-072
  -222482109591.16724       -3.6279863762348732E+022  -4.0771790525645953E+020   322803960622727.31        8213.3499727870876        1.4709340419833953E-009   1.0029240354961549E-021   7.1736085466189331E-032   1.1282084802304028E-041  -5.7919837495799233E-051   8.2187666985410522E-055   1.1858700441604598E-059   4.5767812606012193E-064   3.0966805185387998E-068   2.4133987484336001E-072
  -155112541485.20370       -2.4477556585527956E+022  -1.2712791370627254E+020   229990815895780.75        5745.5348112483780        1.0774660726957980E-009   6.8074186372369853E-022   4.8673622262685449E-032   7.7633712294228587E-042  -4.0315733047565912E-051   5.7693477974038743E-055   8.3713264478983486E-060   3.2415425115825501E-064   2.1968315706453001E-068   1.7130021146555411E-072
  -108117207114.17563       -1.6506523131148904E+022   1.5592589392873603E+019   163341912767864.91        4010.3282339515472        7.8243422930171365E-010   4.6190670164049404E-022   3.3025437511798949E-032   5.3420909532090953E-042  -2.8062204657542230E-051   4.0499232097445881E-055   5.9095098018854697E-060   2.2958488195294312E-064   1.5584652407284374E-068   1.2158688019204565E-072
  -75342801446.746994       -1.1125577627418424E+022   7.9939991995331461E+019   115674479777588.53        2793.4843545693993        5.6406199205301925E-010   3.1331802327539981E-022   2.2407965288544693E-032   3.6759714936423423E-042  -1.9533002919780912E-051   2.8429345189475138E-055   4.1716574208320995E-060   1.6260535789057910E-064   1.1055985989154237E-068   8.6300940952470339E-073
  -52491693859.554741       -7.4948475540057872E+021   1.0146045964326796E+020   81704801406082.359        1942.2160648244258        4.0411636900814598E-010   2.1246030092177610E-022   1.5203907211247498E-032   2.5294897686789776E-042  -1.3596159254740118E-051   1.9956617102468238E-055   2.9448678858662783E-060   1.1516656580261998E-064   7.8432821597763049E-069   6.1255395298553263E-073
  -36563184082.139091       -5.0462606665229040E+021   1.0098013937902372E+020   57574317530509.805        1348.0126903196895        2.8797524344682027E-010   1.4402356166564076E-022   1.0315896023324518E-032   1.7405786701859421E-042  -9.4637546242951973E-052   1.4008995406856801E-055   2.0788492415268908E-060   8.1567655892943754E-065   5.5641419135488506E-069   4.3478360858758722E-073
  -25462711154.395538       -3.3957526571393955E+021   9.0383117464609669E+019   40482651056460.117        934.09054754553631        2.0425350614952700E-010   9.7601102290224533E-023   6.9993494266032853E-033   1.1977173136983737E-042  -6.5873494135417743E-052   9.8339288319188001E-056   1.4675069770492132E-060   5.7770954977260785E-065   3.9472856647799382E-069   3.0860430395574299E-073
  -17728622916.243118       -2.2837796522893100E+021   7.6200293725939876E+019   28408261416568.441        646.29408857753242        1.4427522555317057E-010   6.6121612006798496E-023   4.7490570178776907E-033   8.2416646774023293E-043  -4.5851962636775964E-052   6.9031471182376252E-056   1.0359465634488645E-060   4.0916748218983972E-065   2.8002636096387053E-069   2.1904371401991589E-073
  -12341203167.144302       -1.5350262638534069E+021   6.1817866429266059E+019   19898634821441.426        446.53992394979150        1.0153652835304419E-010   4.4781827688702319E-023   3.2222267500958583E-033   5.6712069948511625E-043  -3.1915757732426831E-052   4.8458190974312343E-056   7.3129824873432016E-061   2.8979619351532457E-065   1.9865489729899094E-069   1.5547465811921552E-073
  -8589234589.5395031       -1.0311263870601387E+021   4.8820991337072796E+019   13914395413357.875        308.11845905463224        7.1224420087569714E-011   3.0320197151021503E-023   2.1862702115171896E-033   3.9024379352972765E-043  -2.2215310622421184E-052   3.4016315056072277E-056   5.1624007209544726E-061   2.0525050848737105E-065   1.4092876143886360E-069   1.1035408811178452E-073
  -5976791781.7224894       -6.9220186616810308E+020   3.7799733814158541E+019   9714505401841.5762        212.34260302477168        4.9814231660302333E-011   2.0522781217239395E-023   1.4833738477812405E-033   2.6853225582361598E-043  -1.5463208821116492E-052   2.3878516030796812E-056   3.6442561225647735E-061   1.4537034018044016E-065   9.9976975502389982E-070   7.8328036930914368E-074
  -4158154682.1381092       -4.6437401758148415E+020   2.8823732761804689E+019   6772351849083.7061        146.16721911367378        3.4746964524509392E-011   1.3887259983703349E-023   1.0064598603654344E-033   1.8478081043322987E-043  -1.0763334860094010E-052   1.6762060408291953E-056   2.5725633101172839E-061   1.0295972448455419E-065   7.0925164803502631E-070   5.5596321572026549E-074
  -2892371563.6849580       -3.1131925532731782E+020   2.1715005710882738E+019   4714797830610.1455        100.50434510675989        2.4178164251456493E-011   9.3945339514364207E-024   6.8287526085739954E-034   1.2715025309703339E-043  -7.4919364243028221E-053   1.1766504617407299E-056   1.8160309709250963E-061   7.2922061355679721E-066   5.0315374886325280E-070   3.9461616726924225E-074
  -2011548242.4797132       -2.0856175424638160E+020   1.6199446489347545E+019   3278154536323.3994        69.034750980239011        1.6786609936551714E-011   6.3535199917394098E-024   4.6332464162225791E-034   8.7493853889953043E-044  -5.2148439268700024E-053   8.2597620781676555E-057   1.2819775802556988E-061   5.1647642405634297E-066   3.5694481034554893E-070   2.8009392540209758E-074
  -1398722876.2821784       -1.3961774676697971E+020   1.1986702693283078E+019   2276527600350.5854        47.372095958403740        1.1630933917782605E-011   4.2957223307734233E-024   3.1436090892868719E-034   6.0205729396938520E-044  -3.6298489016219231E-053   5.7981254252357758E-057   9.0497714113371897E-062   3.6579862341647625E-066   2.5322199808798490E-070   1.9880738184157176E-074
  -972432845.60315204       -9.3391927277015859E+019   8.8087520647067587E+018   1579154835740.9734        32.476649636807878        8.0435387589087105E-012   2.9036400898750349E-024   2.1329015563211655E-034   4.1428390200124511E-044  -2.5265958563795058E-053   4.0701243121530003E-057   6.3884395373836621E-062   2.5907984694142798E-066   1.7963948055048987E-070   1.4111114697671174E-074
  -675952335.87955189       -6.2420181197325197E+019   6.4354314656458957E+018   1094241379194.3312        22.245067764680748        5.5529232678527883E-012   1.9621683901569319E-024   1.4471456529696518E-034   2.8507442421569449E-044  -1.7586645610948852E-053   2.8571151366199318E-057   4.5097448176065052E-062   1.8349540647331573E-066   1.2743893980820472E-070   1.0015903643331846E-074
  -469788923.55727369       -4.1684105004564152E+019   4.6777211678762947E+018   757467526955.26208        15.223996634392488        3.8272974229605274E-012   1.3256191944520973E-024   9.8186743339123075E-035   1.9616359739970892E-044  -1.2241376207535471E-053   2.0056161133865089E-057   3.1835314713263272E-062   1.2996211243098104E-066   9.0407093861939860E-071   7.1091708870498757E-075
  -326453548.70966363       -2.7811660434999742E+019   3.3850341807933476E+018   523842841024.96783        10.410538391099315        2.6339467636134278E-012   8.9534909602196835E-025   6.6618164827622125E-035   1.3498283472565649E-044  -8.5207432304100492E-054   1.4078872575822225E-057   2.2473272965148987E-062   9.2046721997790685E-067   6.4136147341323878E-071   5.0460060820297369E-075
  -226815930.84246644       -1.8538465291247317E+019   2.4400143261480141E+018   361947686983.82990        7.1134966280195400        1.8101275520942566E-012   6.0458753548372132E-025   4.5199298226006691E-035   9.2883514246087059E-045  -5.9309561281504194E-054   9.8829806803013301E-058   1.5864394692337984E-062   6.5192838682404971E-067   4.5499144149787344E-071   3.5815959110312748E-075
  -157565386.94092819       -1.2344926758755777E+019   1.7527179055386929E+018   249872433754.90817        4.8570572351763550        1.2423317333784072E-012   4.0815131234502918E-025   3.0666905653848297E-035   6.3914397828701921E-045  -4.1283066112122125E-054   6.9375801649973799E-058   1.1199037156026878E-062   4.6173357651688958E-067   3.2277774767883029E-071   2.5421747539304710E-075
  -109442172.10763469       -8.2119511557705400E+018   1.2551085298186668E+018   172360216757.05728        3.3140354736243500        8.5158345432053445E-013   2.7547389043475941E-025   2.0806904803946543E-035   4.3980355436930875E-045  -2.8735527822808174E-054   4.8699901479975659E-058   7.9056551261062576E-063   3.2702655689173381E-067   2.2898337176106932E-071   1.8044058123967600E-075
  -76005788.664275974       -5.4565732754046454E+018   8.9626239995205248E+017   118800661763.22598        2.2596838281011089        5.8305537812668728E-013   1.8588267685871782E-025   1.4117060663801213E-035   3.0263471213890052E-045  -2.0001677136802550E-054   3.4185989174325376E-058   5.5807818209874151E-063   2.3161921582399188E-067   1.6244423576323197E-071   1.2807460741151573E-075
  -52777417.404320300       -3.6214229170041723E+018   6.3839457381503936E+017   81823787244.750549        1.5397729889167642        3.9876237452967549E-013   1.2540030419546903E-025   9.5781223211496092E-036   2.0824698308607140E-045  -1.3922385240449135E-054   2.3997622588840060E-058   3.9396008599728894E-063   1.6404619138217233E-067   1.1524037544627188E-071   9.0905853610754630E-076
  -36642953.432607248       -2.4004390081621478E+018   4.5367290906584589E+017   56316258973.811073        1.0485649517391140        2.7243731428914942E-013   8.4578776143040085E-026   6.4985399622513809E-036   1.4329751905097928E-045  -9.6908279003935148E-055   1.6845669931653268E-058   2.7810538798577190E-063   1.1618704782872082E-067   8.1753249480353921E-072   6.4523908272832905E-076
  -25437533.936488230       -1.5889751107645496E+018   3.2172333917124928E+017   38734246440.215195       0.71363150990762836        1.8594781276919135E-013   5.7033398044775257E-026   4.4091060500377982E-036   9.8604923454599650E-046  -6.7454063225523307E-055   1.1825196200009257E-058   1.9632092076260889E-063   8.2290420578571342E-068   5.7996980439486980E-072   4.5798313017637005E-076
  -17656435.310465969       -1.0503088078652462E+018   2.2771092072618810E+017   26624176387.926273       0.48540305978740522        1.2679719417020166E-013   3.8450679909708458E-026   2.9914699920612923E-036   6.7851352084147416E-046  -4.6952135501654554E-055   8.3009619526158671E-059   1.3858740461023520E-063   5.8282858937770157E-068   4.1143927140245948E-072   3.2507105217377719E-076
  -12253940.934653731       -6.9317666823639974E+017   1.6088408872522109E+017   18288952357.589508       0.32998180287456574        8.6385834852730912E-014   2.5917169928995553E-026   2.0296358735919159E-036   4.6689410515640240E-046  -3.2681545386262063E-055   5.8270466023084367E-059   9.7832002019900772E-064   4.1279308357844876E-068   2.9188118548482433E-072   2.3073161869667465E-076
  -8503436.6382049564       -4.5671534812199232E+017   1.1348251107022240E+017   12555791725.033264       0.22420489748198924        5.8804206568521414E-014   1.7465528304945738E-026   1.3770540990447641E-036   3.2127597819697052E-046  -2.2748345686618726E-055   4.0904261818506042E-059   6.9061836074771171E-064   2.9236405515405443E-068   2.0706488748538983E-072   1.6377059572172092E-076
  -5900112.4882455496       -3.0037443009222707E+017   79925156260405792.        8614941951.0966015       0.15225653891749003        3.9996726011947181E-014   1.1767610021571444E-026   9.3429340809791568E-037   2.2107421877137037E-046  -1.5834233831013246E-055   2.8713664899407607E-059   4.8752321362566874E-064   2.0706921735491599E-068   1.4689493451973028E-072   1.1624244728376797E-076
  -4093307.3444931107       -1.9716460201140637E+017   56211253181697152.        5907766128.5536757       0.10334518215139643        2.7183577947607005E-014   7.9270018518710441E-027   6.3389159804023028E-037   1.5212406607081111E-046  -1.1021590955505597E-055   2.0156201708631180E-059   3.4415372850283155E-064   1.4665845551149784E-068   1.0420946810249020E-072   8.2507525181622427E-077
  -2839473.1857016385       -1.2914185956696000E+017   39481162779548240.        4049170281.8539944        7.0112456416489388E-002   1.8461615631936479E-014   5.3388231539581445E-027   4.3007693508640892E-037   1.0467855853277138E-046  -7.6716984549170753E-056   1.4149098303638305E-059   2.4294594704841512E-064   1.0387204263272674E-068   7.3927758487442282E-073   5.8562873293415888E-077
  -1969480.1741449584       -84389684156272448.        27696251740183944.        2773889614.3618708        4.7544211034725725E-002   1.2529318229125080E-014   3.5950066342145756E-027   2.9179427844410836E-037   7.2030681822558009E-047  -5.3399692868593736E-056   9.9322772067952866E-060   1.7150107146594774E-064   7.3568218096008424E-069   5.2445459846336666E-073   4.1567240331485471E-077
  -1365893.7508936787       -55004014799379184.        19406639079488288.        1899331535.4579842        3.2225829341055265E-002   8.4975282380837056E-015   2.4203218091759659E-027   1.9797341373020345E-037   4.9565250136645711E-047  -3.7169437976950338E-056   6.9721849686588880E-060   1.2106650829659889E-064   5.2105288166499370E-069   3.7205595229304241E-073   2.9503939468927659E-077
  -947184.74479239050       -35749004781265016.        13583404297667398.        1299895617.1953919        2.1833366225930025E-002   5.7593990045105984E-015   1.6291738536241498E-027   1.3431869647953472E-037   3.4106492894290901E-047  -2.5872192245659195E-056   4.8942817669213333E-060   8.5463602680972903E-065   3.6903993669800307E-069   2.6394206866000590E-073   2.0941550058274374E-077
  -656758.83354737086       -23161113945156692.        9497817219047674.0        889240998.37498987        1.4786087181891509E-002   3.9011463346283887E-015   1.0964384597565942E-027   9.1130882924838226E-038   2.3469120342137530E-047  -1.8008621279559465E-056   3.4356509647563256E-060   6.0330701578637710E-065   2.6137553340624432E-069   1.8724445927866331E-073   1.4864066519152799E-077
  -455335.54474273324       -14952603173638184.        6634700613036675.0        608051807.89935994        1.0009383430144554E-002   2.6408776115409617E-015   7.3777712477062949E-028   6.1829283854531424E-038   1.6149405764249423E-047  -1.2535097040026331E-056   2.4117323263678735E-060   4.2588814873120602E-065   1.8512134506270420E-069   1.3283402569568956E-073   1.0550340011650446E-077
  -315654.88314210396       -9614793958545720.0        4630463706855640.0        415602591.56893545        6.7731103467286117E-003   1.7867140380266091E-015   4.9635426710700571E-028   4.1949075965134684E-038   1.1112615013807066E-047  -8.7251908619061407E-057   1.6929696507929799E-060   3.0064413388798809E-065   1.3111369664641077E-069   9.4234448648022919E-074   7.4885075506089584E-078
  -218801.19835491027       -6154488873764133.0        3228900263317860.5        283947845.76417172        4.5814267111130595E-003   1.2081524789130099E-015   3.3387623638665434E-028   2.8460999052908723E-038   7.6467339362801904E-048  -6.0732641592678009E-057   1.1884180541807972E-060   2.1223153429021209E-065   9.2862340874100122E-070   6.6851330188093797E-074   5.3152547949734770E-078
  -151650.54634367544       -3919067621530311.0        2249735229526178.5        193922131.81174907        3.0977750041976488E-003   8.1650153927096125E-016   2.2454734843086856E-028   1.9309785837482682E-038   5.2618162627061991E-048  -4.2273616859795540E-057   8.3423673356560806E-061   1.4981906869318037E-065   6.5770507377823014E-070   4.7425335554409310E-074   3.7727054883172760E-078
  -105098.42557647219       -2480572865106666.5        1566292705528728.2        132388466.42779309        2.0938235435372064E-003   5.5152976242382538E-016   1.5099427952803732E-028   1.3100997446969374E-038   3.6207235594691986E-048  -2.9425011587409301E-057   5.8561120405570223E-061   1.0576068923571616E-065   4.6582496198328796E-070   3.3644243818633144E-074   2.6778220895523242E-078
  -72829.480889393977       -1558994438721899.2        1089672284994763.5        90346667.851009801        1.4147369708015815E-003   3.7236190942975001E-016   1.0151837094080889E-028   8.8885489743108815E-039   2.4914664712519164E-048  -2.0481599903688729E-057   4.1108293187936031E-061   7.4658876771673074E-066   3.2992431388764022E-070   2.3867730800321594E-074   1.9006866996375307E-078
  -50463.549541573833       -971569997443915.62        757557905293200.62        61633712.246772178        9.5556643012328522E-004   2.5127722425871709E-016   6.8243577028736647E-029   6.0305509873966035E-039   1.7144101013198942E-048  -1.4256440763215825E-057   2.8856889299963765E-061   5.2703399732800511E-066   2.3367157575836425E-070   1.6932125941884969E-074   1.3490851181912733E-078
  -34963.003430934034       -599331453091858.75        526316616401123.62        42031361.741495922        6.4520775658954185E-004   1.6948818158956372E-016   4.5868370177408513E-029   4.0915018090981075E-039   1.1797076019587748E-048  -9.9233509202332419E-058   2.0256741292162372E-061   3.7204528965650322E-066   1.6549979197951728E-070   1.2011903909523401E-074   9.5756478775391948E-079
  -24221.486223642332       -365068005192269.81        365428993592466.06        28653789.774354413        4.3550743557761073E-004   1.1426957131801086E-016   3.0824822126028760E-029   2.7759276587270829E-039   8.1177193167505625E-049  -6.9072565256115128E-058   1.4219674321518308E-061   2.6263523464769718E-066   1.1721657226116148E-070   8.5214246590674145E-075   6.7966825101111322E-079
  -16778.560545671422       -218836053742965.81        253568928127421.88        19527582.294147026        2.9386813048492763E-004   7.7007457492362749E-017   2.0712137858110908E-029   1.8833593656610039E-039   5.5859066784208869E-049  -4.8078711614172551E-058   9.9818196270425654E-062   1.8540018754737219E-066   8.3019589621929190E-071   6.0452263660373026E-075   4.8242054985756783E-079
  -11621.740857177980       -128450264021062.25        175848142661804.88        13303833.699925192        1.9823201560938936E-004   5.1874244921720154E-017   1.3915142686781419E-029   1.2777853827214819E-039   3.8437338956045805E-049  -3.3465711054166862E-058   7.0069623828179086E-062   1.3087821056721646E-066   5.8799298836656409E-071   4.2885741855082606E-075   3.4241644593321770E-079
  -8049.1672580450131       -73256880732400.375        121881867512702.09        9060893.1338510737        1.3367888674850048E-004   3.4929560507010309E-017   9.3473836956517146E-030   8.6692657250283494E-040   2.6449224585443114E-049  -2.3294172801814335E-058   4.9186945535664550E-062   9.2389906546859288E-067   4.1645081111900531E-071   3.0423788012197565E-075   2.4304317566934069E-079
  -5574.3556717404581       -40065951429696.523        84432593686984.406        6169285.2867232189        9.0120325117424666E-005   2.3510508481000382E-017   6.2781748232314994E-030   5.8817478882845485E-040   1.8200049475003290E-049  -1.6214162779119390E-058   3.4527880684225994E-062   6.5220137062855119E-067   2.9495467040082052E-071   2.1583091185383650E-075   1.7250919440638332E-079
  -3860.1396963680068       -20500817680939.594        58460213289971.102        4199252.1980996002        6.0737462962922269E-005   1.5818433474271552E-017   4.2161776549091710E-030   3.9905264889112671E-040   1.2523686475167638E-049  -1.1286044663535115E-058   2.4237621010222594E-062   4.6040378624466253E-067   2.0890404165015200E-071   1.5311368358528927E-075   1.2244500209800531E-079
  -2672.8626230366094       -9276034618151.4219        40457480322930.359        2857497.0074372957        4.0922998968848762E-005   1.0639034436549757E-017   2.8310515128610141E-030   2.7074079761558853E-040   8.6177084881611972E-050  -7.8557743553318460E-059   1.7014142211845703E-062   3.2500950769863797E-067   1.4795798472510211E-071   1.0862114189153271E-075   8.6910025812661134E-080
  -1850.6153221446662       -3082078544445.8911        27985549668498.852        1943925.6581081965        2.7564999675639823E-005   7.1529101103115769E-018   1.9007333705414796E-030   1.8368637094370701E-040   5.9299551139580098E-050  -5.4680973329826683E-059   1.1943459099501905E-062   2.2943160601713296E-067   1.0479244475591254E-071   7.7057465992237648E-076   6.1687716585699725E-080
  -1281.2154951455652        134380851553.18080        19349659905875.875        1322076.9926700534        1.8562265541425789E-005   4.8073909288462009E-018   1.2759696622824766E-030   1.2462348679049837E-040   4.0804776917828923E-050  -3.8061287266846703E-059   8.3839792500455294E-063   1.6196099065629596E-067   7.4220100377295420E-072   5.4665721255940236E-076   4.3785217435790097E-080
  -886.94220709130025        1633066340935.5649        13372874663126.203        898918.10841104924        1.2496518458606139E-005   3.2298796798111244E-018   8.5645856930924230E-031   8.4551751050620535E-041   2.8078286747691289E-050  -2.6492973702667254E-059   5.8853224580559551E-063   1.1433194819898771E-067   5.2566989088249187E-072   3.8780681948884375E-076   3.1078233593489588E-080
  -613.95445564559475        2176043818641.1482        9238366674020.9980        611044.35454397986        8.4107489424952666E-006   2.1692889769602700E-018   5.7480475024828497E-031   5.7364745084165276E-041   1.9321026557195663E-050  -1.8440723003229139E-059   4.1313342271329578E-063   8.0709523484655259E-068   3.7230997098584133E-072   2.7511596991085099E-076   2.2058965556306330E-080
  -424.95725673438540        2216066840755.5947        6379567742210.9893        415257.41206494824        5.6593989347854445E-006   1.4564862557280064E-018   3.8572999599083782E-031   3.8919503640998996E-041   1.3295044207290186E-050  -1.2835866169991233E-059   2.9000828107406549E-063   5.6974688910058905E-068   2.6369156175704069E-072   1.9517139229203315E-076   1.5657194928743565E-080
  -294.11905256398813        2015707689605.3022        4403715387264.7412        282134.90433199209        3.8071350948500776E-006   9.7759029325999097E-019   2.5881928066526642E-031   2.6405189569306140E-041   9.1484889960085149E-051  -8.9345445029375398E-060   2.0357782369467500E-063   4.0219729175011552E-068   1.8676169095804701E-072   1.3845751077827835E-076   1.1113293250806176E-080
  -203.54967822331957        1722168990922.1230        3038681109449.2354        191643.29426069016        2.5604768821990876E-006   6.5595239007283673E-019   1.7364450347636182E-031   1.7914763010132356E-041   6.2951915678256509E-051  -6.2189870492510007E-060   1.4290602374095041E-063   2.8392021893518801E-068   1.3227548495329333E-072   9.8223833246170351E-077   7.8880851544920716E-081
  -140.85996005787919        1413861950030.8511        2096015823962.7720        130145.85490964704        1.7216314780563715E-006   4.4000336743556700E-019   1.1648706143682101E-031   1.2154375073864470E-041   4.3318013030895948E-051  -4.3287936958599646E-060   1.0031609165873822E-063   2.0042574222569704E-068   9.3685186881054570E-073   6.9681459411911021E-077   5.5988702898668305E-081
  -97.470926193760889        1129105619642.0847        1445283026710.8328        88362.782910638838        1.1573331449424788E-006   2.9506050676373644E-019   7.8135354043690645E-032   8.2462025547267521E-042   2.9807674928266069E-051  -3.0131040173164337E-060   7.0419132673666460E-064   1.4148509147169968E-068   6.6353294747215936E-073   4.9433071641629967E-077   3.9740124388617854E-081
  -67.442477469431694        883583049937.20520        996242949538.62122        59980.917165677158        7.7781707494762000E-007   1.9780651912270272E-019   5.2404878279379751E-032   5.5946789253964878E-042   2.0511039544640487E-051  -2.0973038812263158E-060   4.9432291116152896E-064   9.9877545102002578E-069   4.6995260087383116E-073   3.5068561889342971E-077   2.8207074010645407E-081
  -46.661996408432202        680785763809.11951        686493582668.59729        40706.498818628956        5.2263608859624621E-007   1.3257067244234465E-019   3.5143989340481566E-032   3.7957373205287509E-042   1.4113906615923658E-051  -1.4598512182156541E-060   3.4700106522397296E-064   7.0505831475502560E-069   3.3284774766563083E-073   2.4878163386288724E-077   2.0021050172401631E-081
  -32.282337152051440        518129189442.30237        472902033236.50995        27619.989459230041        3.5109613405593659E-007   8.8824844143639128E-020   2.3566037427592318E-032   2.5752355110559539E-042   9.7119582005121387E-052  -1.0161453466230371E-060   2.4358518803748252E-064   4.9771670568932046E-069   2.3574212148218301E-073   1.7648941961971831E-077   1.4210706500593845E-081
  -22.332582016556010        390428273718.22974        325667002856.38342        18736.759490363191        2.3580839221797187E-007   5.9498260814731618E-020   1.5800803212907397E-032   1.7471797282647921E-042   6.6829216103557972E-052  -7.0729904020085188E-061   1.7099009132128311E-064   3.5134954646727065E-069   1.6696627280993424E-073   1.2520423937270980E-077   1.0086592736498266E-081
  -15.448477107847891        291788437376.58313        224206605752.20883        12708.043844838408        1.5834370087233578E-007   3.9843684533766404E-020   1.0593263560555185E-032   1.1853812298149979E-042   4.5986030911542681E-052  -4.9232320350513509E-061   1.2003033339427234E-064   2.4802563866477289E-069   1.1825521922328197E-073   8.8821763880661501E-078   7.1593451759576302E-082
  -10.685764962466150        216564608782.28448        154311795260.86960        8617.4374830131437        1.0630467381579808E-007   2.6674887995531022E-020   7.1013235526957383E-033   8.0422644682481319E-043   3.1643570750507387E-052  -3.4268693004861886E-061   8.4257987251802076E-065   1.7508694134825354E-069   8.3755219771021385E-074   6.3011490492637633E-078   5.0816192035825714E-082
  -7.3909318659291694        159787341950.00803        106176826375.99055        5842.4458187615683        7.1353555093278278E-008   1.7854019250845945E-020   4.7600181918781389E-033   5.4563032877018326E-043   2.1774342014250562E-052  -2.3853097150709753E-061   5.9146785774572041E-065   1.2359785543022412E-069   5.9320314866152701E-074   4.4701295725651552E-078   3.6068736868472425E-082
  -5.1117174049914356        117296287235.33249        73037164997.320312        3960.3192794027332        4.7884192086462591E-008   1.1947085725819519E-020   3.1903518020770122E-033   3.7018473626327687E-043   1.4983200591271421E-052  -1.6603208170406517E-061   4.1519414141790022E-065   8.7250538214387548E-070   4.2014094947625784E-074   3.1711769138130299E-078   2.5601166226109167E-082
  -3.5351588982387643        85722900925.695618        50227911617.003075        2684.0242830825928        3.2127989998404638E-008   7.9925022901751314E-021   2.1381099512963154E-033   2.5115300107188429E-043   1.0310130099258280E-052  -1.1556843952418276E-061   2.9145484883099395E-065   6.1592140027022314E-070   2.9756824087173335E-074   2.2496804299409136E-078   1.8171407402673695E-082
  -2.4447018771034652        62404000038.541008        34533192458.042244        1818.7170542490010        2.1552184439711468E-008   5.3456498538930122E-021   1.4327942116100734E-033   1.7039549218052604E-043   7.0945310774832738E-053  -8.0442671543339608E-062   2.0459327440643194E-065   4.3479292973365496E-070   2.1075512416931844E-074   1.5959570135660799E-078   1.2897851764939606E-082
  -1.6905114849320597        45271361702.337601        23736787200.387676        1232.1624376452273        1.4454958172982447E-008   3.5745161492683590E-021   9.6006522190660151E-034   1.1560528829638710E-043   4.8818366533229278E-053  -5.5992998016811284E-062   1.4361884216445151E-065   3.0693022139412348E-070   1.4926902895784540E-074   1.1321958244609253E-078   9.1547438491678469E-083
  -1.1689231979244377        32740982463.858089        16311872453.348520        834.63489248302744        9.6930756533873208E-009   2.3896540246888850E-021   6.4325265697125914E-034   7.8432701993394143E-044   3.3592535947744829E-053  -3.8974536359663675E-062   1.0081647055353583E-065   2.1666902647824957E-070   1.0572100248492206E-074   8.0319668639595501E-079   6.4979297693351894E-083
 -0.80822044433839102        23613131406.114464        11206895414.619223        565.26542517784151        6.4987069731689584E-009   1.5971868568825421E-021   4.3095026384514994E-034   5.3212851638300343E-044   2.3115449118621439E-053  -2.7128650693165604E-062   7.0770384872120578E-066   1.5295159538798281E-070   7.4877758932641930E-075   5.6979976705403988E-079   4.6121543085063045E-083
 -0.55879183286104483        16987362795.384310        7697846960.4208918        382.76934015467072        4.3562643640219118E-009   1.0672870066410076E-021   2.8869428624249103E-034   3.6102375194958575E-044   1.5906033028412393E-053  -1.8883192904330532E-062   4.9678860482282008E-066   1.0797201109901371E-070   5.3032781103012916E-075   4.0422449449045434E-079   3.2736530126654361E-083
 -0.38631981456798742        12192966587.750628        5286380219.2938223        259.15057457990031        2.9196091114778222E-009   7.1303904039882796E-022   1.9338173415869871E-034   2.4493728978737942E-044   1.0945142560937912E-053  -1.3143852169322826E-062   3.4873191424298425E-066   7.6219899185686469E-071   3.7560898077220253E-075   2.8676291461269468E-079   2.3236004978341424E-083
 -0.26706746096870781        8733554593.9774055        3629571048.1309962        175.42801637755321        1.9564090208536045E-009   4.7627054770897604E-022   1.2952681028691613E-034   1.6617815618279299E-044   7.5314910473375632E-054  -9.1489215158242601E-063   2.4480019636295975E-066   5.3805360970325275E-071   2.6602811223998672E-075   2.0343390941912106E-079   1.6492643700008010E-083
 -0.18461728768204669        6243771996.2473745        2491509240.7280540        118.73502941446195        1.3107512576731853E-009   3.1805641053991802E-022   8.6750416546685805E-035   1.1274385057861138E-044   5.1825142464115803E-054  -6.3682065063432504E-063   1.7184299369158757E-066   3.7982428474397235E-071   1.8841657182015183E-075   1.4431906426059095E-079   1.1706284986121560E-083
 -0.12761492718938885        4455989930.1010532        1709946072.4340787        80.351365448514755        8.7802679843185977E-010   2.1235682227627121E-022   5.8096751532620273E-035   7.6491238781347598E-045   3.5661535917826216E-054  -4.4326595257654782E-063   1.2062904736026950E-066   2.6812660426307843E-071   1.3344756776842828E-075   1.0238210713505238E-079   8.3089837304994133E-084
  -8.8208132842265627E-002   3174983976.4993968        1173322406.4106209        54.368012441077440        5.8806220662325606E-010   1.4175601421806372E-022   3.8904622358335052E-035   5.1895587542899854E-045   2.4539153790993476E-054  -3.0854009605153812E-063   8.4678267961012662E-067   1.8927667029528391E-071   9.4515324057083032E-076   7.2631401229746338E-080   5.8976191606091583E-084
  -6.0966902973389900E-002   2258870860.1235313        804951278.38660681        36.781609165100981        3.9379290967792077E-010   9.4608793589130984E-023   2.6050754686800950E-035   3.5208626523973894E-045   1.6885701975981340E-054  -2.1476269566488986E-063   5.9441811253456314E-067   1.3361470793441732E-071   6.6941246146319035E-076   5.1525804578697312E-080   4.1860608820198687E-084
  -4.2136484152742022E-002   1604872258.8672705        552129897.51175618        24.880339814019102        2.6365907539385793E-010   6.3130281715457296E-023   1.7442544066798345E-035   2.3887332217299629E-045   1.1619264995444933E-054  -1.4948791434122399E-063   4.1726513899837484E-067   9.4321662297536713E-072   4.7411681442418056E-076   3.6553177999195375E-080   2.9712168980009709E-084
  -2.9120673139148991E-002   1138755602.8834107        378646945.16383356        16.827570132326020        1.7650167064436230E-010   4.2117403790880074E-023   1.1678052223879034E-035   1.6206384354807919E-045   7.9953631171628363E-055  -1.0405269157645467E-063   2.9290863207523528E-067   6.6583807397419583E-072   3.3579708574346034E-076   2.5931372304920067E-080   2.1089348922002409E-084
  -2.0124438224163366E-002   807047572.22167659        259627793.28593761        11.379605412926395        1.1813734443576160E-010   2.8093411891240995E-023   7.8181266078179397E-036   1.0995235658014694E-045   5.5017104171716154E-055  -7.2427009715418880E-064   2.0561379019125994E-067   4.7003024539051566E-072   2.3783101413673761E-076   1.8396104153546439E-080   1.4968972418445212E-084
  -1.3906749948779379E-002   571320997.49689567        177989087.96849027        7.6944012596254741        7.9060375522840030E-011   1.8735606411570479E-023   5.2336817638162544E-036   7.4597259865686994E-046   3.7857964700468443E-055  -5.0413609267123888E-064   1.4433521612954832E-067   3.3180504422515008E-072   1.6844574800304447E-076   1.3050471993874851E-080   1.0624800988066274E-084
  -9.6096445707149047E-003   404021392.01178384        122000866.90908287        5.2019407715604169        5.2901111317816906E-011   1.2492596123119422E-023   3.5033607693894395E-036   5.0610559361463896E-046   2.6050543929589021E-055  -3.5090942030174461E-064   1.0131934534047458E-067   2.3422872985917824E-072   1.1930306954831010E-076   9.2582004233795295E-081   7.5413590779890712E-085
  -6.6400151615118178E-003   285429941.94098377        83610651.545289397        3.5164140087893623        3.5392066035879544E-011   8.3283810635650425E-024   2.3449627656294592E-036   3.4336761467988308E-046   1.7925708459002143E-055  -2.4425432546245392E-064   7.1123389118025760E-068   1.6534738951767767E-072   8.4497368276634756E-077   6.5679061354782704E-081   5.3527681889801782E-085
  -4.5878704504706495E-003   201461044.99171305        57291632.690328293        2.3767290776731338        2.3674627297096024E-011   5.5512737858056482E-024   1.5694994414880125E-036   2.3295790968008692E-046   1.2334906488036330E-055  -1.7001588460034394E-064   4.9926659737410654E-068   1.1672248420054492E-072   5.9845947574591893E-077   4.6593710474786951E-081   3.7993320552238237E-085
  -3.1698141890833028E-003   142069947.25288594        39251239.910505980        1.6062216042543396        1.5834246229730526E-011   3.6995599454517530E-024   1.0504154020975715E-036   1.5805037398263796E-046   8.4878049996862886E-056  -1.1834140894635528E-064   3.5047139674365252E-068   8.2397057236185708E-073   4.2386378583704895E-077   3.3054276523243969E-081   2.6967213143225847E-085
  -2.1899656202949733E-003   100104636.61510994        26887460.572320294        1.0853713457176957        1.0588867527946093E-011   2.4650969858644769E-024   7.0296914347115191E-037   1.0722931593255669E-046   5.8405658526579624E-056  -8.2372827129310540E-065   2.4602126515452677E-068   5.8165957379009708E-073   3.0020496996919734E-077   2.3449199158891035E-081   1.9141011476273940E-085
  -1.5129405546938325E-003   70480102.304571569        18415435.746167812       0.73332977750450490        7.0801157841052232E-012   1.6422739230419435E-024   4.7042160758120433E-037   7.2749746807395284E-047   4.0189671468395287E-056  -5.7336503846730031E-065   1.7270015034199460E-068   4.1060672690259861E-073   2.1262260897381364E-077   1.6635213322748780E-081   1.3586065359774570E-085
  -1.0451719452888219E-003   49585784.470359579        12611058.800096672       0.49541518971421034        4.7333732561121287E-012   1.0939208999603545E-024   3.1478542887540215E-037   4.9357071357218550E-047   2.7655020624030367E-056  -3.9909698233462128E-065   1.2123074771360157E-068   2.8985663053566666E-073   1.5059169024237693E-077   1.1801269647556813E-081   9.6432297837998403E-086
  -7.2199662233213009E-004   34861234.730230257        8634951.8952956237       0.33464879975629652        3.1640365781038405E-012   7.2854442748910173E-025   2.1062934200290822E-037   3.3486304878932730E-047   1.9029769019085227E-056  -2.7779580306194153E-065   8.5100645031785443E-069   2.0461639023608075E-073   1.0665778808520328E-077   8.3719975567659546E-082   6.8446513542095829E-086
  -4.9872869352450577E-004   24492808.771794390        5911647.7943177866       0.22602687685393411        2.1147224215980185E-012   4.8512872582919769E-025   1.4092905233723140E-037   2.2718780822276749E-047   1.3094624427323911E-056  -1.9336279554764523E-065   5.9738308320348740E-069   1.4444336524528198E-073   7.5541244944635763E-078   5.9392205401390753E-082   4.8582532212792187E-086
  -3.4448913687715920E-004   17197245.018764429        4046679.6946579902       0.15264501880241335        1.4132114155532089E-012   3.2299051898301695E-025   9.4288800759712108E-038   1.5413553316774423E-047   9.0105764594379044E-057  -1.3459228069644256E-065   4.1934646672089919E-069   1.0196585786359858E-073   5.3502700461272011E-078   4.2133720638629986E-082   3.4483311334116363E-086
  -2.3794079460657372E-004   12067486.455868673        2769696.0247307387       0.10307605514225375        9.4428597099749103E-013   2.1500836933729814E-025   6.3080933502627660E-038   1.0457321759165785E-047   6.2002914646177459E-057  -9.3684423478490663E-066   2.9436966679435335E-069   7.1980018965915597E-074   3.7893722280405292E-078   2.9890292890393160E-082   2.4475849783977576E-086
  -1.6434053328790975E-004   8463006.7380827852        1895438.4786004385        6.9596336715304213E-002   6.3087496540803064E-013   1.4310496878301090E-025   4.2200249546672071E-038   7.0947668726626079E-048   4.2664988629451033E-057  -6.5210063735315835E-066   2.0663939631149536E-069   5.0812333058215198E-074   2.6838536669819632E-078   2.1204621750263362E-082   1.7372670995639550E-086
  -1.1350188839342069E-004   5931901.2546207597        1296978.7341024792        4.6986081769880471E-002   4.2143161209928797E-013   9.5233279625250846E-026   2.8230028305644805E-038   4.8134420397610964E-048   2.9358317490731935E-057  -4.5390175383207615E-066   1.4505516336974648E-069   3.5869581974418421E-074   1.9008611644087423E-078   1.5042876468976189E-082   1.2330918034980591E-086
  -7.8387044622569345E-005   4155613.7126140641        887366.08682859736        3.1718098064925232E-002   2.8148526743067382E-013   6.3366299527975637E-026   1.8883716174297458E-038   3.2656777278622107E-048   2.0201829018022520E-057  -3.1594326140828914E-066   1.0182472846800605E-069   2.5321154010877751E-074   1.3463003630968770E-078   1.0671642018705085E-082   8.7523409396037939E-087
  -5.4133797644490604E-005   2909768.4859084589        607044.88465029513        2.1409221906797508E-002   1.8798778959041238E-013   4.2156486010067509E-026   1.2631180196026811E-038   2.2155974886040110E-048   1.3901133658770732E-057  -2.1991574957915421E-066   7.1478154149865405E-070   1.7874778716396313E-074   9.5352817007981779E-079   7.5706227868221601E-083   6.2123089056103945E-087
  -3.7383149503851869E-005   2036446.7047274411        415229.25789958570        1.4449447166083365E-002   1.2553062060409485E-013   2.8041921033461426E-026   8.4485302511335216E-039   1.5031709289597348E-048   9.5655456108127699E-058  -1.5307475366737676E-066   5.0175695015715344E-070   1.2618212978080157E-074   6.7534407332710118E-079   5.3707132679194279E-083   4.4094239706881945E-087
  -2.5814674323060762E-005   1424583.0288707593        283991.52836713096        9.7512193493776711E-003   8.3813968957610853E-014   1.8650447293471927E-026   5.6506655516532242E-039   1.0198254304517682E-048   6.5821727228896747E-058  -1.0654935017231617E-066   3.5221955578622527E-070   8.9074836274244352E-075   4.7831792671608000E-079   3.8100644845773723E-083   3.1297573975627406E-087
  -1.7825468828406489E-005   996118.05207426497        194211.17378502790        6.5799818414403509E-003   5.5953911534131654E-014   1.2402512662005030E-026   3.7791983149022139E-039   6.9189990961018260E-049   4.5292761642797440E-058  -7.4164836134935852E-067   2.4724842463928107E-070   6.2879953532753292E-075   3.3877255765464522E-079   2.7029168478138055E-083   2.2214650785938129E-087
  -1.2308326054570128E-005   696225.47813859105        132799.21153962592        4.4396552847480427E-003   3.7350155363480925E-014   8.2465031430413956E-027   2.5274456399934694E-039   4.6941901627214380E-049   3.1166521188184082E-058  -5.1623242281845299E-067   1.7356158249109354E-070   4.4388389826578498E-075   2.3993841629099614E-079   1.9174897211760608E-083   1.5767698478018227E-087
  -8.4984732658427571E-006   486421.03517538816        90796.743132592936        2.9952514590579934E-003   2.4928886234288419E-014   5.4823968113183107E-027   1.6902324749798518E-039   3.1847698573635336E-049   2.1446076753553992E-058  -3.5932920270189071E-067   1.2183544934913839E-070   3.1334774291289563E-075   1.6993833269963298E-079   1.3602959461329283E-083   1.1191727373498249E-087
  -5.8676862670745686E-006   339707.37546524534        62072.543629979227        2.0205866896171121E-003   1.6636517154999545E-014   3.6442850251264082E-027   1.1303005591165228E-039   2.1607046211142169E-049   1.4757316197234914E-058  -2.5011500674318009E-067   8.5525128919924475E-071   2.2119930092571061E-075   1.2036020478563729E-079   9.6501433130530539E-084   7.9437567744793746E-088
  -4.0511382912660939E-006   237156.08344839659        42431.100016877543        1.3629581277267940E-003   1.1101242226157272E-014   2.4221228439435950E-027   7.5583104012389088E-040   1.4659282697616291E-049   1.0154695600941344E-058  -1.7409527566283771E-067   6.0036284314953280E-071   1.5614961919035402E-075   8.5246092896785987E-080   6.8459562955541015E-084   5.6383853525159604E-088
  -2.7968657348175095E-006   165503.17986681615        29001.834432025305        9.1928255047386831E-004   7.4068051243090938E-015   1.6096174119716684E-027   5.0540458066351016E-040   9.9455776711575990E-050   6.9875742536751351E-059  -1.2118091354357375E-067   4.2143817610824712E-071   1.1022956886049451E-075   6.0376237869555953E-080   4.8566239982403954E-084   4.0020597666837276E-088
  -1.9308595482760877E-006   115458.78352812499        19820.928892320819        6.1997993164930067E-004   4.9412970070227031E-015   1.0695288722829019E-027   3.3793850222844119E-040   6.7475681861007638E-050   4.8082380658262981E-059  -8.4349295242695153E-068   2.9583798915598813E-071   7.7813560572017628E-076   4.2761960993264002E-080   3.4453618518716218E-084   2.8406150652617512E-088
  -1.3329516977413014E-006   80519.607507770677        13545.055760041780        4.1808923153126943E-004   3.2961139345025754E-015   7.1056922241612132E-028   2.2595429457801420E-040   4.5778812905939485E-050   3.3086093187124019E-059  -5.8712246012030330E-068   2.0767011815588717E-071   5.4930362800891842E-076   3.0286506289772139E-080   2.4441913342749951E-084   2.0162352437025413E-088
  -9.2015913967805274E-007   56135.235132328002        9255.4327302651800        2.8191856423362833E-004   2.1984428939629810E-015   4.7202495011059014E-028   1.5107350838333127E-040   3.1058590952526646E-050   2.2766958438871620E-059  -4.0867298557215226E-068   1.4577870170727755E-071   3.8776592861907422E-076   2.1450664140139081E-080   1.7339459642821390E-084   1.4311001190066236E-088
  -6.3517941948760220E-007   39123.129730786975        6323.7203114316653        1.9008257503388070E-004   1.4661566300456300E-015   3.1352259052796302E-028   1.0100460565004119E-040   2.1071669685612243E-050   1.5666231534017189E-059  -2.8446128445177352E-068   1.0233263244687392E-071   2.7373279135763617E-076   1.5192607151533615E-080   1.2300872541722940E-084   1.0157780730286852E-088
  -4.3844484405568209E-007   27258.405845868427        4320.2552359450892        1.2815202108955393E-004   9.7768337389766996E-016   2.0821818990007787E-028   6.7527323718505721E-041   1.4296052356003657E-050   1.0780131701748250E-059  -1.9800237649324504E-068   7.1834688749853635E-072   1.9323420531364794E-076   1.0760287446246380E-080   8.7264233375543994E-085   7.2098735786706689E-089
  -3.0263469939746540E-007   18986.310472106863        2951.2622030078369        8.6392035135555282E-005   6.5188237003188903E-016   1.3826588739893883E-028   4.5144384846129091E-041   9.6991413974083228E-051   7.4179447194444202E-060  -1.3782171156433161E-068   5.0425972482080186E-072   1.3640842194313022E-076   7.6210610049334078E-081   6.1906555008935080E-085   5.1174836709576552E-089
  -2.0888526582498059E-007   13220.813815985557        2015.8982909038257        5.8235472013975981E-005   4.3460411870386086E-016   9.1803357847265054E-029   3.0179644408840866E-041   6.5803718023326286E-051   5.1043814094101709E-060  -9.5932304020351529E-069   3.5397643464655276E-072   9.6293808577036177E-077   5.3976783734681899E-081   4.3917437933374521E-085   3.6323298649774266E-089
  -1.4417247217022844E-007   9203.5909403800215        1376.8690539208164        3.9252533399434400E-005   2.8971599621648833E-016   6.0946645517470671E-029   2.0174882002420811E-041   4.4644458216395680E-051   3.5123892874844562E-060  -6.6774725478199166E-069   2.4848170519572595E-072   6.7975990325092988E-077   3.8229495610309995E-081   3.1155688672277781E-085   2.5781851191598280E-089
  -9.9504438872166998E-008   6405.3337901836030        940.33069888687533        2.6455411173575375E-005   1.9311036032865255E-016   4.0456595210505179E-029   1.3486359003236089E-041   3.0288981103045818E-051   2.4169194100353875E-060  -4.6479275237028151E-069   1.7442731146378397E-072   4.7985798141723101E-077   2.7076350858589039E-081   2.2102312482717877E-085   1.8299655471126186E-089
  -6.8673352607279149E-008   4456.7186515479571        642.14525392569601        1.7829066137002970E-005   1.2870444675065705E-016   2.6852064645642892E-029   9.0149967085417637E-042   2.0549523475649138E-051   1.6631127575881160E-060  -3.2352405960280519E-069   1.2244316723638764E-072   3.3874266668055039E-077   1.9177045475314966E-081   1.5679711728482424E-085   1.2988880739139268E-089
  -4.7393615565032432E-008   3100.1388874808695        438.48156693682608        1.2014631242296741E-005   8.5770277081189886E-017   1.7820316128402688E-029   6.0259271977463175E-042   1.3941799451499580E-051   1.1444088836962172E-060  -2.2519244675824663E-069   8.5951730133618089E-073   2.3912615539062185E-077   1.3582298260312561E-081   1.1123422496199120E-085   9.2193551469739305E-090
  -3.2706745863873985E-008   2155.9708944318932        299.38876874399864        8.0958148630184237E-006   5.7152568236726821E-017   1.1825050714674144E-029   4.0278189618997284E-042   9.4587967269477495E-052   7.8748219981932693E-061  -1.5674765623047509E-069   6.0335746613729704E-073   1.6880459362328518E-077   9.6197730911947806E-082   7.8911226284969734E-086   6.5437901104067010E-090
  -2.2570482258903112E-008   1499.0068889651020        204.40261475810831        5.4548078314217495E-006   3.8079457120198560E-017   7.8458683545225447E-030   2.6921797489759691E-042   6.4173088244121094E-052   5.4187644274979939E-061  -1.0910591401893095E-069   4.2354031894115796E-073   1.1916300323468926E-077   6.8132824469374586E-082   5.5980806590102018E-086   4.6447054405003674E-090
  -1.5575085817317949E-008   1041.9968340239254        139.54196480281908        3.6750867096922908E-006   2.5368931595312273E-017   5.2051100367983486E-030   1.7993949721697083E-042   4.3538150228912573E-052   3.7287202077407591E-061  -7.5944360254988991E-070   2.9731363550879211E-073   8.4119875147439979E-078   4.8255626470261643E-082   3.9713623194258039E-086   3.2967574242188005E-090
  -1.0747470505377683E-008   724.15930886889998        95.255774442128214        2.4758563641088056E-006   1.6899365545317479E-017   3.4527902014497450E-030   1.2026453429578551E-042   2.9538401875463726E-052   2.5657794451132625E-061  -5.2861899434085636E-070   2.0870598124018047E-073   5.9382133738957714E-078   3.4177439496635709E-082   2.8173439492639032E-086   2.3399997380610099E-090
  -7.4159769794940861E-009   503.16401332282896        65.019932657228367        1.6678365419107659E-006   1.1256302814361251E-017   2.2901414939840207E-030   8.0378064437775796E-043   2.0040290103554886E-052   1.7655452255657445E-061  -3.6795101076546856E-070   1.4650584905349202E-073   4.1919199252370760E-078   2.4206449195428432E-082   1.9986660218906488E-086   1.6609043582947001E-090
  -5.1170171369206236E-009   349.53883586402799        44.378340775266800        1.1234458960683801E-006   7.4968465566154930E-018   1.5188215501738597E-030   5.3718847135237622E-043   1.3596308240527266E-052   1.2148939571318067E-061  -2.5611631018288308E-070   1.0284306985034890E-073   2.9591716486375616E-078   1.7144414306063501E-082   1.4178836304681689E-086   1.1788904257263243E-090
  -3.5306270468348895E-009   242.76958095751169        30.287648154998415        7.5669684352432809E-007   4.9925140264954600E-018   1.0071726979543670E-030   3.5900893597916573E-043   9.2243970606370650E-053   8.3598386807830031E-062  -1.7827254830786301E-070   7.2193001744077041E-074   2.0889465930343781E-078   1.2142670720718771E-082   1.0058678976528918E-086   8.3676259197493736E-091
  -2.4359780670685637E-009   168.58096276704816        20.669528833090464        5.0963964194192136E-007   3.3244369814779452E-018   6.6781217940840434E-031   2.3992390878154778E-043   6.2582796441229011E-053   5.7525105259018903E-062  -1.2408854968059278E-070   5.0677498332173076E-074   1.4746349271619010E-078   8.6001451901231894E-083   7.1357776180438854E-087   5.9392426984654839E-091
  -1.6806664907189540E-009   117.04168832226951        14.104792847065996        3.4322303589686535E-007   2.2134788021952451E-018   4.4274977576209109E-031   1.6033625906711448E-043   4.2459212190222754E-053   3.9583751088358642E-062  -8.6373187055262670E-071   3.5574207681650706E-074   1.0409783455718747E-078   6.0911227021073488E-083   5.0622275880349309E-087   4.2156047808039514E-091
  -1.1595151388590501E-009   81.244258385023215        9.6244189505843245        2.3113303455757373E-007   1.4736399390569066E-018   2.9350560854892352E-031   1.0714703605330389E-043   2.8806393502335354E-053   2.7238078801423319E-062  -6.0120997958936087E-071   2.4972113735394819E-074   7.3485029819190858E-079   4.3140871406135575E-083   3.5912201199011762E-087   2.9921868107070532E-091
  -7.9994125285820010E-010   56.385444656107730        6.5668114734236989        1.5563970225064948E-007   9.8099421519124614E-019   1.9454895620911093E-031   7.1600988402668204E-044   1.9543657234882518E-053   1.8742865856336646E-062  -4.1847875698520581E-071   1.7529735869133745E-074   5.1874754460513096E-079   3.0554872667996880E-083   2.5476653756272974E-087   2.1238190901903105E-091
  -5.5185708658026997E-010   39.126019229678583        4.4803024751593350        1.0479774597338523E-007   6.5298144419078465E-019   1.2894254779279110E-031   4.7846321155684101E-044   1.3259366556752193E-053   1.2897202590771058E-062  -2.9128669847973655E-071   1.2305391641950790E-074   3.6619569413778472E-079   2.1640736807753365E-083   1.8073520000072355E-087   1.5074618709354006E-091
  -3.8069930232311160E-010   27.145050607514872        3.0565633740387499        7.0559755616864465E-008   4.3460512078708851E-019   8.5451328044398446E-032   3.1971940430590581E-044   8.9957982835224144E-054   8.8747279061857193E-063  -2.0275328029163611E-071   8.6380459233448029E-075   2.5850587207516505E-079   1.5327227662541613E-083   1.2821625960691871E-087   1.0699787485761698E-091
  -2.6261802434638205E-010   18.829722625324333        2.0851306392904458        4.7504653798175762E-008   2.8923357745295081E-019   5.6623536378556731E-032   2.1363902008312271E-044   6.1031863759061692E-054   6.1068122990225711E-063  -1.4112862991519820E-071   6.0636702629913408E-075   1.8248517655199685E-079   1.0855633516838719E-083   9.0958536176249483E-088   7.5945836142058003E-092
  -1.8115654630641309E-010   13.059523495712231        1.4223531273360748        3.1980819655549654E-008   1.9246984976176280E-019   3.7517261609460744E-032   1.4275243337176254E-044   4.1406979277096305E-054   4.2021746297715196E-063  -9.8234120567943541E-072   4.2565294725848362E-075   1.2882043798029125E-079   7.6885906340316822E-084   6.4527348783141240E-088   5.3905463402814613E-092
  -1.2495989378959997E-010   9.0561306408670070       0.97018907786613817        2.1528696712585650E-008   1.2806695429838591E-019   2.4855448288740398E-032   9.5384551265135178E-045   2.8092504468154044E-054   2.8915694070116693E-063  -6.8376929964830685E-072   2.9879664238259476E-075   9.0937278057206200E-080   5.4455067818946161E-084   4.5776668315249924E-088   3.8261465437509884E-092
  -8.6193483052201484E-011   6.2790175766302463       0.66172965355194013        1.4491754595673332E-008   8.5206371290559422E-020   1.6465265705042272E-032   6.3732998682948721E-045   1.9059318236571204E-054   1.9897254093014725E-063  -4.7594507126222616E-072   2.0974701120730130E-075   6.4194693560314092E-080   3.8568244198618148E-084   3.2474654569904358E-088   2.7157539236538805E-092
  -5.9451858511581985E-011   4.3528736531787580       0.45131581016454148        9.7543793947148099E-009   5.6684967916470917E-020   1.0906185984656845E-032   4.2583628447240325E-045   1.2930766168891807E-054   1.3691551704237475E-063  -3.3128675267375842E-072   1.4723662340901111E-075   4.5316494724072997E-080   2.7316272298285637E-084   2.3038006658147499E-088   1.9276102704134607E-092
  -4.1005651079947923E-011   3.0171533118400427       0.30779154982233392        6.5652929364435531E-009   3.7707245457772647E-020   7.2232791426514918E-033   2.8452024729427547E-045   8.7728589939509109E-055   9.4213295556241822E-064  -2.3059575384593525E-072   1.0335605331436600E-075   3.1989944654017922E-080   1.9346971784125845E-084   1.6343507200002102E-088   1.3681951528230624E-092
  -2.8281947209484974E-011   2.0910152773668815       0.20989856992676587        4.4186002427870360E-009   2.5080892836045889E-020   4.7835857277564750E-033   1.9009736312645320E-045   5.9519330033858009E-055   6.4829357920687939E-064  -1.6050868699862560E-072   7.2553102002611083E-076   2.2582429757592860E-080   1.3702649949026142E-084   1.1594328952155184E-088   9.7112886610995526E-093
  -1.9505732597389089E-011   1.4489621622630975       0.14313285969358833        2.9736632974739898E-009   1.6681022342813209E-020   3.1676026763128012E-033   1.2700815408107721E-045   4.0380799532148229E-055   4.4609899520535911E-064  -1.1172382046201878E-072   5.0930278792540349E-076   1.5941450955037916E-080   9.7050131524752756E-085   8.2251907259390924E-089   6.8929587467554018E-093
  -1.3452488532881965E-011   1.0039182407811627        9.7599305578231155E-002   2.0011317501280346E-009   1.1093383312483175E-020   2.0973268755575800E-033   8.4855481427942754E-046   2.7396292106158821E-055   3.0696634965944415E-064  -7.7766582557109107E-073   3.5751652600471301E-076   1.1253432924609352E-080   6.8736544128381434E-085   5.8350735740937843E-089   4.8925412416989121E-093
  -9.2774888122545148E-012  0.69547657909632876        6.6547544928969332E-002   1.3465941028862506E-009   7.3767870691330893E-021   1.3885455145197200E-033   5.6691920795044537E-046   1.8586972556966644E-055   2.1122741999683085E-064  -5.4130277120797639E-073   2.5096675179618836E-076   7.9440543364471734E-081   4.8683215823432292E-085   4.1394886452555280E-089   3.4726683679911267E-093
  -6.3980219977136669E-012  0.48173798434336979        4.5372811503973855E-002   9.0609803729948098E-010   4.9049267861077325E-021   9.1920627984681618E-034   3.7875257628235317E-046   1.2610303022288719E-055   1.4534825399190007E-064  -3.7677969184494421E-073   1.7617174571183623E-076   5.6078886970030493E-081   3.4480283129797864E-085   2.9366152845570694E-089   2.4648592619443972E-093
  -4.4121323673389285E-012  0.33364513819411012        3.0934142992076811E-002   6.0966524919100677E-010   3.2610693635663800E-021   6.0845013320498188E-034   2.5303660449436790E-046   8.5554406568539684E-056   1.0001596827845497E-064  -2.6226160983763082E-073   1.2366771201763370E-076   3.9587362203297769E-081   2.4420940658948160E-085   2.0832788946958356E-089   1.7495281833398646E-093
  -3.0425581190317893E-012  0.23104975116932835        2.1089176692616549E-002   4.1019066305094469E-010   2.1679533543682662E-021   4.0271371039206488E-034   1.6904588831546744E-046   5.8044254764367231E-056   6.8822250255523769E-065  -1.8255005108617622E-073   8.6811326832626412E-077   2.7945619659889924E-081   1.7296329627652185E-085   1.4779092705497637E-089   1.2417945768985153E-093
  -2.0980546988854014E-012  0.15998314506931965        1.4376748886286997E-002   2.7596784406460637E-010   1.4411274062035674E-021   2.6651859909888363E-034   1.1293265742834922E-046   3.9380034477191797E-056   4.7357459130326750E-065  -1.2706595209322134E-073   6.0939159813684029E-077   1.9727448728822890E-081   1.2250265981410041E-085   1.0484509863456425E-089   8.8141122040735824E-094
  -1.4467128202178120E-012  0.11076235035372435        9.8003514760135468E-003   1.8565637593598091E-010   9.5789413813648082E-022   1.7636750311806502E-034   7.5444628476448065E-047   2.6717322984967943E-056   3.2587265410627866E-065  -8.8445640443630317E-074   4.2777611335841757E-077   1.3926054891054910E-081   8.6763504076232314E-086   7.4378684312619968E-090   6.2561534243480296E-094
  -9.9755184532488785E-013   7.6676177142325830E-002   6.6804064705884569E-003   1.2489361193773570E-010   6.3664229712147735E-022   1.1669971592113707E-034   5.0400065816715495E-047   1.8126325968891453E-056   2.2423708670676685E-065  -6.1563551719451793E-074   3.0028704648927409E-077   9.8307189892853372E-082   6.1450956665013235E-086   5.2765353384413379E-090   4.4405442956462719E-094
  -6.8782232226665681E-013   5.3073803363298110E-002   4.5534939024800252E-003   8.4013647019849021E-011   4.2309357411899394E-022   7.7211405966106997E-035   3.3668831497638836E-047   1.2297777391273883E-056   1.5430036985375053E-065  -4.2851980960259015E-074   2.1079323382796859E-077   6.9397282002909989E-082   4.3523139311280711E-086   3.7432532499229962E-090   3.1518462390735919E-094
  -4.7424713653537744E-013   3.6732671792063624E-002   3.1036134131220785E-003   5.6511779870352332E-011   2.8115153679014746E-022   5.1080340875389461E-035   2.2491545587087321E-047   8.3434076989370871E-057   1.0617603219103110E-065  -2.9827588255203339E-074   1.4797104286416326E-077   4.8989120273282013E-082   3.0825617017405300E-086   2.6555199566234211E-090   2.2371434791233821E-094
  -3.2697974099747098E-013   2.5420168173940851E-002   2.1152992615005297E-003   3.8010881866569193E-011   1.8681326138067201E-022   3.3789907623960834E-035   1.5024672838210511E-047   5.6605717704333563E-057   7.3061067982779254E-066  -2.0761817801276235E-074   1.0387159553783351E-077   3.4582534587571225E-082   2.1832493692782026E-086   1.8838656562098261E-090   1.5878981925387511E-094
  -2.2543672335447455E-013   1.7589720058778624E-002   1.4416428841311738E-003   2.5565658727338639E-011   1.2411899776114760E-022   2.2350195905223892E-035   1.0036571022905903E-047   3.8404059480454734E-057   5.0274243108858578E-066  -1.4451489497732626E-074   7.2914998439736663E-078   2.4412597977439294E-082   1.5463041034220525E-086   1.3364425305090899E-090   1.1270715058724199E-094
  -1.5542332001905945E-013   1.2170124643619419E-002   9.8248420741145655E-004   1.7194374308192596E-011   8.2457893415017616E-023   1.4782129044224350E-035   6.7044083653599529E-048   2.6055173135071045E-057   3.4594341280773304E-066  -1.0059116725797073E-074   5.1184320120759593E-078   1.7233408340810610E-082   1.0951824440696366E-086   9.4809236076162946E-091   7.9998213066721968E-095
  -1.0715079760171578E-013   8.4195265065692589E-003   6.6953887930579269E-004   1.1563688245348246E-011   5.4775925176772374E-023   9.7758420519315058E-036   4.4784781144038514E-048   1.7677090708557059E-057   2.3804802909593555E-066  -7.0017577993559479E-075   3.5929982613762918E-078   1.2165455037413683E-082   7.7567186373224975E-087   6.7259093003593415E-091   5.6781792996499674E-095
  -7.3869021827080154E-014   5.8242201172448507E-003   4.5625609720393321E-004   7.7765548038197629E-012   3.6384030194918126E-023   6.4644725291731763E-036   2.9915446593772094E-048   1.1992993963803187E-057   1.6380385362990518E-066  -4.8736498061546891E-075   2.5221857935760023E-078   8.5878714959010955E-083   5.4937589937074537E-087   4.7714608606620474E-091   4.0303050434502679E-095
  -5.0923354519800142E-014   4.0285268181756212E-003   3.1090272772717989E-004   5.2294885313132958E-012   2.4165487351017003E-023   4.2743879476848150E-036   1.9982770327243250E-048   8.1366275598449797E-058   1.1271549932848693E-066  -3.3923570499940403E-075   1.7705049417070140E-078   6.0623738777763463E-083   3.8909994408869481E-087   3.3849458457041783E-091   2.8606632313049442E-095
  -3.5104224068843443E-014   2.7862108412831676E-003   2.1184765537260894E-004   3.5165156549249178E-012   1.6048855058469730E-023   2.8260307901053336E-036   1.3347846576774722E-048   5.5202819168892624E-058   7.7560957860273210E-067  -2.3612870871628648E-075   1.2428456922525065E-078   4.2795676497338244E-083   2.7558319661133485E-087   2.4013313140250663E-091   2.0304651967328982E-095
  -2.4198556846872091E-014   1.9268228282349230E-003   1.4434653748143767E-004   2.3645445447142122E-012   1.0657524876769316E-023   1.8682807182572362E-036   8.9158375463127503E-049   3.7452263937938700E-058   5.3370674130749480E-067  -1.6435996051781784E-075   8.7244343597260678E-079   3.0210441714555570E-083   1.9518403795300172E-087   1.7035404235601321E-091   1.4412003727067441E-095
  -1.6680430886645026E-014   1.3323873408821690E-003   9.8349680680520917E-005   1.5898797833613336E-012   7.0767281415122797E-024   1.2350081873836833E-036   5.9553685572062949E-049   2.5409428154618031E-058   3.6725034549942790E-067  -1.1440454135475567E-075   6.1243125652353324E-079   2.1326238145690940E-083   1.3824068063688122E-087   1.2085171078871424E-091   1.0229471145986904E-095
  -1.1497747512142191E-014   9.2125725620584710E-004   6.7007544225586340E-005   1.0689641727123641E-012   4.6986443277451731E-024   8.1631949989433411E-037   3.9778721362830346E-049   1.7238985536108525E-058   2.5270959841712051E-067  -7.9632527540994680E-076   4.2990986979981056E-079   1.5054676715547896E-083   9.7910085186116099E-088   8.5734014870291629E-092   7.2607585945943623E-096
  -7.9251221354906219E-015   6.3693311868131988E-004   4.5651904144420764E-005   7.1869449329586513E-013   3.1194395267907654E-024   5.3952713752310915E-037   2.6569831030283230E-049   1.1695761875230357E-058   1.7389266453867812E-067  -5.5429088456320428E-076   3.0178488472368634E-079   1.0627438813223728E-083   6.9345613295507910E-088   6.0820995067527988E-092   5.1536012582319968E-096
  -5.4624420526644251E-015   4.4032159276510542E-004   3.1101319684757445E-005   4.8317895999940834E-013   2.0708304362347140E-024   3.5655732242004518E-037   1.7746907276675931E-049   7.9349707103242689E-059   1.1965773745653308E-067  -3.8582020965141235E-076   2.1184467500134791E-079   7.5021508507137769E-084   4.9114594009284103E-088   4.3147325441398620E-092   3.6579657046635871E-096
  -3.7649168583380659E-015   3.0437579381706792E-004   2.1187696145231005E-005   3.2482875149173171E-013   1.3746005038868295E-024   2.3561802710613686E-037   1.1853663540478471E-049   5.3834680126903723E-059   8.2337999541869400E-068  -2.6855436075325808E-076   1.4870912559944731E-079   5.2959389723148971E-084   3.4785810234565493E-088   3.0609359328634748E-092   2.5963811373903449E-096
  -2.5948460025957763E-015   2.1038507647167052E-004   1.4433575229092670E-005   2.1836542673058353E-013   9.1237307879547757E-025   1.5568648062239177E-037   7.9173282391895577E-050   3.6524051315977247E-059   5.6657816808351382E-068  -1.8693018892048195E-076   1.0438970928295854E-079   3.7385238122483796E-084   2.4637332713096708E-088   2.1714738258403345E-092   1.8428808673650211E-096
  -1.7883619451976611E-015   1.4540694007287238E-004   9.8321757191113672E-006   1.4679000153926773E-013   6.0552549694201838E-025   1.0286239987789206E-037   5.2881157434266302E-050   2.4779683225233840E-059   3.8986958917279031E-068  -1.3011479475433724E-076   7.3278700014170037E-080   2.6391090168914111E-084   1.7449591058045902E-088   1.5404760765123968E-092   1.3080552166993398E-096
  -1.2324998130679466E-015   1.0048966606821783E-004   6.6974754031598127E-006   9.8671665992104046E-014   4.0184300564968307E-025   6.7955701112229312E-038   3.5319911506721574E-050   1.6811735737868153E-059   2.6827418549336099E-068  -9.0567820594983879E-077   5.1439628605602217E-080   1.8630070992770343E-084   1.2358814634640071E-088   1.0928368162074379E-092   9.2844224509345044E-097
  -8.4938755079640432E-016   6.9442347198638848E-005   4.5620354870940844E-006   6.6324203285096624E-014   2.6665171864874793E-025   4.4890946075323159E-038   2.3590368087779644E-050   1.1405894704314035E-059   1.8460285336556100E-068  -6.3040718334905676E-077   3.6109202136069302E-080   1.3151390979837682E-084   8.7532308731680591E-089   7.7527481605782074E-093   6.5899741193671340E-097
  -5.8534576622186144E-016   4.7983811545522967E-005   3.1073664646024911E-006   4.4579523166752802E-014   1.7692790539661830E-025   2.9652092807618950E-038   1.5756014961478022E-050   7.7383106459311100E-060   1.2702755357498413E-068  -4.3880178876631974E-077   2.5347665102706326E-080   9.2838661093463157E-085   6.1995468808360169E-089   5.4999157376492288E-093   4.6774863082210548E-097
  -4.0337279425770834E-016   3.3153782179822870E-005   2.1164734027827159E-006   2.9962827230583653E-014   1.1738489938742159E-025   1.9584648660273255E-038   1.0523366754331527E-050   5.2500442134981056E-060   8.7409263036794233E-069  -3.0543276617075102E-077   1.7793362582127359E-080   6.5536923104467530E-085   4.3908794460703537E-089   3.9017226530192167E-093   3.3200248995407624E-097
  -2.7796379126208041E-016   2.2905512376233250E-005   1.4415175001050580E-006   2.0137907871735572E-014   7.7873920358638587E-026   1.2934217642260391E-038   7.0284535481379246E-051   3.5618839091358916E-060   6.0147417230178615E-069  -2.1259980482952796E-077   1.2490450331260413E-080   4.6264005096708106E-085   3.1098760410267523E-089   2.7679405262329477E-093   2.3565147190738040E-097
  -1.9153904459494813E-016   1.5823994686107394E-005   9.8177963509134911E-007   1.3534128272764650E-014   5.1657776714892506E-026   8.5413906867210204E-039   4.6942011472948902E-051   2.4165543061577445E-060   4.1388197014359769E-069  -1.4798241059772989E-077   8.7679520246642773E-081   3.2658813783122359E-085   2.2025949719968154E-089   1.9636184931921991E-093   1.6726264980693637E-097
  -1.3198173654627716E-016   1.0931053225709958E-005   6.6864460451134623E-007   9.0955882735284670E-015   3.4264404986068452E-026   5.6400264982794155E-039   3.1351660433631355E-051   1.6395073085736921E-060   2.8479740793153631E-069  -1.0300476928395642E-077   6.1548607670569698E-081   2.3054599693450792E-085   1.5600057837249681E-089   1.3930203883611668E-093   1.1872106630207232E-097
  -9.0940586868320256E-017   7.5505435173555109E-006   4.5536968876691582E-007   6.1124602491257961E-015   2.2725551292878094E-026   3.7238992431787855E-039   2.0939023393505400E-051   1.1123210441534744E-060   1.9597269128708752E-069  -7.1697591979803904E-078   4.3205426940363319E-081   1.6274766455229095E-085   1.1048867704675205E-089   9.8822954108533602E-094   8.4266819880010973E-098
  -6.2659802056738481E-017   5.2151318680376771E-006   3.1011342135611259E-007   4.1075819130871725E-015   1.5071252226673268E-026   2.4585497386331510E-039   1.3984579370336040E-051   7.5465238628491629E-061   1.3485128256297949E-069  -4.9905890100320834E-078   3.0329019416470747E-081   1.1488727919549836E-085   7.8254503175011809E-090   7.0106484731712264E-094   5.9811600029279523E-098
  -4.3172539267007592E-017   3.6018347297460785E-006   2.1118588648898421E-007   2.7602061888123863E-015   9.9941956255943802E-027   1.6230221576759830E-039   9.3398432890004651E-052   5.1199267155993117E-061   9.2792869707467937E-070  -3.4737538568976851E-078   2.1290136075579897E-081   8.1101544266406964E-086   5.5424387646383912E-090   4.9734590974209488E-094   4.2453571917952481E-098
  -2.9744962821384180E-017   2.4874490669448636E-006   1.4381272531116510E-007   1.8547359886095804E-015   6.6268915264421607E-027   1.0713573151240154E-039   6.2377368337462709E-052   3.4736058616873313E-061   6.3851944934237800E-070  -2.4179442214204716E-078   1.4945088988605976E-081   5.7251425296637640E-086   3.9254772841772790E-090   3.5282464223462814E-094   3.0133047230244769E-098
  -2.0493044450371988E-017   1.7177384972968381E-006   9.7930516803393383E-008   1.2462584741804567E-015   4.3937494369910628E-027   7.0714541740271535E-040   4.1659290096620570E-052   2.3566621812779204E-061   4.3937329287551279E-070  -1.6830364207532635E-078   1.0491040737562484E-081   4.0415083684834459E-086   2.7802511787645285E-090   2.5029908908463529E-094   2.1388083366422163E-098
  -1.4118439505297511E-017   1.1861314825618476E-006   6.6684866301135851E-008   8.3737457264665250E-016   2.9128895175724171E-027   4.6671061665132161E-040   2.7822369761726956E-052   1.5988735765563522E-061   3.0233830886530068E-070  -1.1714958386894212E-078   7.3644215729334284E-082   2.8529927085465997E-086   1.9691354853058401E-090   1.7756592510104521E-094   1.5181010622510135E-098
  -9.7264424820085550E-018   8.1899647565943742E-007   4.5407253250530457E-008   5.6262263137635232E-016   1.9309717588987294E-027   3.0800036793392975E-040   1.8581205394150034E-052   1.0847531437407472E-061   2.0804280662824373E-070  -8.1543244289989016E-079   5.1696210567228221E-082   2.0139924634312613E-086   1.3946562055668848E-090   1.2596792849878651E-094   1.0775303217849826E-098
  -6.7005183841909021E-018   5.6546420673841589E-007   3.0918049143702903E-008   3.7800763430987755E-016   1.2799437614165125E-027   2.0324479839667007E-040   1.2409412953983669E-052   7.3594898208187709E-062   1.4315688128341893E-070  -5.6759063666536667E-079   3.6289315603972786E-082   1.4217231017125497E-086   9.8777658837864724E-091   8.9363536395407981E-095   7.6481837951588162E-099
  -4.6158297252087667E-018   3.9039347847576523E-007   2.1051741667866542E-008   2.5396276559311995E-016   8.4833771090583053E-028   1.3410727260649960E-040   8.2875516839819075E-053   4.9930337294565368E-062   9.8508057023918927E-071  -3.9507764700159196E-079   2.5474099794819863E-082   1.0036266841335126E-086   6.9960079384219235E-091   6.3395832036829133E-095   5.4285911201064803E-099
  -3.1796410239457938E-018   2.6950993877633679E-007   1.4333533547865382E-008   1.7061836791428674E-016   5.6222406449877724E-028   8.8480982821240435E-041   5.5347625426374622E-053   3.3875154933440342E-062   6.7784637466336419E-071  -2.7499810087964904E-079   1.7882116252554386E-082   7.0848291055531236E-087   4.9549794609878557E-091   4.4973953379407846E-095   3.8531502823123585E-099
  -2.1902479162412803E-018   1.8604682035189394E-007   9.7590596897785795E-009   1.1462198628005059E-016   3.7257413625465152E-028   5.8373036835371057E-041   3.6963197758489630E-053   2.2982542929520305E-062   4.6643464659121464E-071  -1.9141542443928334E-079   1.2552752962623502E-082   5.0013420576041287E-087   3.5094044596570799E-091   3.1905196565789701E-095   2.7349208606269251E-099
  -1.5086735148067202E-018   1.2842376042178325E-007   6.6443474579835789E-009   7.7001048292894600E-017   2.4687574528096776E-028   3.8506974606740167E-041   2.4685273602656712E-053   1.5592468283424265E-062   3.2095956793798425E-071  -1.3323679180330990E-079   8.8116867553642262E-083   3.5305611475601939E-087   2.4855642204927454E-091   2.2634024616912350E-095   1.9412147375329298E-099
  -1.0391637641487927E-018   8.8643030442313642E-008   4.5236243049031717E-009   5.1726376082321159E-017   1.6357103995432996E-028   2.5399857640359827E-041   1.6485582098355143E-053   1.0578684336604022E-062   2.2085633004240213E-071  -9.2740920654690292E-080   6.1855613430606894E-083   2.4923034403767516E-087   1.7604210529851267E-091   1.6056916286566541E-095   1.3778514440765005E-099
  -7.1574675737336778E-019   6.1181524966245547E-008   3.0797164326156640E-009   3.4746760457256187E-017   1.0836685939023366E-028   1.6752820918294831E-041   1.1009526055939739E-053   7.1770908969562881E-063   1.5197402848306236E-071  -6.4553328307104230E-080   4.3420936525509097E-083   1.7593737027356513E-087   1.2468325132206278E-091   1.1391017063911980E-095   9.7798278843482729E-100
  -4.9297100572531614E-019   4.2225314209276248E-008   2.0966460098233287E-009   2.3340146658902992E-017   7.1787435886338186E-029   1.1048654404042490E-041   7.3524320357949199E-054   4.8692854474139363E-063   1.0457524730625024E-071  -4.4933047527457562E-080   3.0480301207679597E-083   1.2419819255283636E-087   8.8307925731541779E-092   8.0809582260989005E-096   6.9416070839684510E-100
  -3.3952353270176886E-019   2.9140886640570876E-008   1.4273479072420659E-009   1.5677614195972638E-017   4.7551264140924267E-029   7.2861080270130575E-042   4.9101135106539104E-054   3.3035586544773416E-063   7.1959547682625950E-072  -3.1276137312333491E-080   2.1396331725002911E-083   8.7674329844880404E-088   6.2544805852967951E-092   5.7327528776701081E-096   4.9270712612373585E-100
  -2.3383247296630053E-019   2.0109917696997303E-008   9.7168408200159828E-010   1.0530370048701132E-017   3.1494675793434872E-029   4.8044821440365524E-042   3.2790664895771307E-054   2.2412939007113474E-063   4.9516273076709566E-072  -2.1770096154292885E-080   1.5019635408676295E-083   6.1891304178899917E-088   4.4297866888012865E-092   4.0669008101947302E-096   3.4971773711774424E-100
  -1.6103716639336887E-019   1.3877008595882643E-008   6.6147130898274190E-010   7.0728540206364438E-018   2.0858036969285033E-029   3.1678331806470885E-042   2.1898135990601285E-054   1.5206021356545841E-063   3.4072772527944844E-072  -1.5153312630437859E-080   1.0543370270603980E-083   4.3690479753278699E-088   3.1374324119836537E-092   2.8851203868620519E-096   2.4822554652071529E-100
  -1.1090054714501280E-019   9.5754637761227718E-009   4.5028530346374872E-010   4.7504339985870185E-018   1.3812449207650705E-029   2.0885397238266628E-042   1.4623871579537794E-054   1.0316500002255392E-063   2.3445904863256513E-072  -1.0547628363602027E-080   7.4011554633843427E-084   3.0842103691285245E-088   2.2221119957617432E-092   2.0467476428141683E-096   1.7618758045968035E-100
  -7.6370817875598262E-020   6.6069729687015855E-009   3.0651767878185878E-010   3.1905058339340981E-018   9.1459467374566142E-030   1.3768539075189964E-042   9.7659821421003203E-055   6.9992123333001669E-064   1.6133423084526997E-072  -7.3417916471270670E-081   5.1954072357550072E-084   2.1772142706541530E-088   1.5738288744949704E-092   1.4519934532088249E-096   1.2505587738232924E-100
  -5.2590498625982420E-020   4.5585250101788359E-009   2.0864809894046333E-010   2.1427602651357856E-018   6.0554592307196814E-030   9.0760656722240348E-043   6.5218061355244837E-055   4.7486040073997951E-064   1.1101612070086787E-072  -5.1103340705222885E-081   3.6470327476369005E-084   1.5369450890242149E-088   1.1146770869089629E-092   1.0300659173136572E-096   8.8763194473810017E-101
  -3.6213719781992636E-020   3.1450358001725698E-009   1.4202494700498589E-010   1.4390488464291631E-018   4.0089040440932362E-030   5.9823525027139287E-043   4.3553021915369057E-055   3.2216825166523525E-064   7.6391593965421845E-073  -3.5571037108510293E-081   2.5601165142144812E-084   1.0849645064890237E-088   7.8947910298936502E-093   7.3074419976958761E-097   6.3003073972312186E-101
  -2.4935890989356967E-020   2.1697346123633081E-009   9.6673243075222078E-011   9.6641913037642682E-019   2.6537750234565685E-030   3.9428560348591034E-043   2.9084875050756596E-055   2.1857451612334371E-064   5.2566020067444992E-073  -2.4759607953443153E-081   1.7971312625573884E-084   7.6590112994307924E-089   5.5915498881725964E-093   5.1840088729785833E-097   4.4718842687009785E-101
  -1.7169689915705838E-020   1.4968136603496686E-009   6.5802066721659778E-011   6.4899843688088687E-019   1.7565563998430583E-030   2.5984498075215085E-043   1.9422926184839203E-055   1.4829151793893348E-064   3.6171341927735101E-073  -1.7234194891110690E-081   1.2615366359018056E-084   5.4066703319922600E-089   3.9602606369207534E-093   3.6776135895938545E-097   3.1740909851576822E-101
  -1.1821857468111224E-020   1.0325456808040294E-009   4.4788293722175241E-011   4.3582290347368663E-019   1.1625705782711066E-030   1.7123091263333102E-043   1.2970619318200476E-055   1.0060813433691002E-064   2.4889956956473447E-073  -1.1996049133842756E-081   8.8556396345619537E-085   3.8166915984469029E-089   2.8048867713383131E-093   2.6089541986122199E-097   2.2529325396279516E-101
  -8.1394411498581321E-021   7.1224849018586499E-010   3.0484661632004416E-011   2.9266098432608032E-019   7.6937036322532052E-031   1.1282734416331623E-043   8.6617453021925323E-056   6.8257421801950674E-065   1.7127093557440199E-073  -8.3499807058292578E-082   6.2164150533062530E-085   2.6942894356840548E-089   1.9865838442131361E-093   1.8508312102067156E-097   1.5991050830124595E-101
  -5.6038815920145764E-021   4.9128650107535722E-010   2.0748669640319963E-011   1.9652060864136788E-019   5.0910823601647818E-031   7.4337993629603825E-044   5.7842731414606237E-056   4.6309134539941401E-065   1.1785369265121365E-073  -5.8120950497675296E-082   4.3637521070899495E-085   1.9019602124063382E-089   1.4070141477727221E-093   1.3130073999131859E-097   1.1350260257007950E-101
  -3.8580575076523952E-021   3.3885933512396469E-010   1.4121839923515251E-011   1.3195929114186696E-019   3.3685497957319767E-031   4.8974667396447355E-044   3.8626993605862196E-056   3.1418355458770147E-065   8.1096613531838650E-074  -4.0455720866369740E-082   3.0632337591411858E-085   1.3426369868376433E-089   9.9652920154717514E-094   9.3146712828082938E-098   8.0562815587627338E-102
  -2.6560345132225110E-021   2.3371452181040051E-010   9.6113545276248707E-012   8.8605474701542497E-020   2.2286076580519590E-031   3.2262368828249844E-044   2.5794778125478299E-056   2.1315731099749600E-065   5.5803603420300669E-074  -2.8159645305172995E-082   2.1503057077627658E-085   9.4779799633885761E-090   7.0579990338759837E-094   6.6079674125851358E-098   5.7182541270314168E-102
  -1.8284533533793579E-021   1.6118842350764634E-010   6.5413942515530553E-012   5.9493559543287206E-020   1.4742857459696283E-031   2.1251275654591277E-044   1.7225486677194865E-056   1.4461622370148163E-065   3.8399163899302459E-074  -1.9600827935575335E-082   1.5094553665833606E-085   6.6907216967537672E-090   4.9988851592457954E-094   4.6877911203160651E-098   4.0587496880227486E-102
  -1.2586908959263242E-021   1.1116400441368955E-010   4.4519327596258596E-012   3.9945537442712896E-020   9.7518430563419798E-032   1.3997086482463451E-044   1.1502971961079234E-056   9.8114636800272628E-066   2.6422949375842165E-074  -1.3643369850563036E-082   1.0595960823063480E-085   4.7231326713777819E-090   3.5405010281567912E-094   3.3255892798777132E-098   2.8808529081000157E-102
  -8.6644142562130895E-022   7.6661440711204812E-011   3.0298388992725186E-012   2.6819804152757503E-020   6.4498304638159210E-032   9.2183684052750513E-045   7.6815262032244090E-057   6.6565712370766626E-066   1.8181964991441244E-074  -9.4966162394072267E-083   7.4380725822977630E-086   3.3341668122957604E-090   2.5075886185673137E-094   2.3592228781846433E-098   2.0447955938771417E-102
  -5.9640889380576059E-022   5.2865518663990936E-011   2.0619744095836007E-012   1.8006613928929111E-020   4.2654613217410082E-032   6.0706350505779814E-045   5.1296047718047203E-057   4.5161396978731314E-066   1.2511239613999249E-074  -6.6102232063019831E-083   5.2213220361380112E-086   2.3536642109773527E-090   1.7760200124854969E-094   1.6736680693120165E-098   1.4513719216020827E-102
  -4.1051938562936987E-022   3.6454488338880174E-011   1.4032657324768646E-012   1.2089204346202737E-020   2.8205861339099600E-032   3.9974009325985222E-045   3.4254628608123286E-057   3.0639674748408087E-066   8.6091419025644885E-075  -4.6011178861482590E-083   3.6652242235359396E-086   1.6615051165602337E-090   1.2578806035173219E-094   1.1873252130506312E-098   1.0301667615651670E-102
  -2.8255809442118697E-022   2.5136960480525761E-011   9.5496972367327254E-013   8.1161991201884117E-021   1.8649530047203630E-032   2.6319926671412056E-045   2.2874606298886186E-057   2.0787436421778185E-066   5.9240592127655209E-075  -3.2026582373186219E-083   2.5728864291102856E-086   1.1728942639794192E-090   8.9090415742187297E-095   8.4230630166691399E-099   7.3120028088322281E-103
  -1.9447609402242909E-022   1.7332372532912220E-011   6.4987890101266943E-013   5.4487523610051320E-021   1.2329659562075999E-032   1.7328256790927731E-045   1.5275204536069637E-057   1.4103201695815242E-066   4.0764199212318257E-075  -2.2292451614673033E-083   1.8060953909974260E-086   8.2797274638698268E-091   6.3099010791522403E-095   5.9754471488083769E-099   5.1899738059091544E-103
  -1.3384709248381907E-022   1.1950525728293338E-011   4.4225070957959141E-013   3.6578925176107242E-021   8.1505783325675617E-033   1.1407439013212731E-045   1.0200454329465594E-057   9.5682937513771564E-067   2.8050360027454059E-075  -1.5516903839455043E-083   1.2678292071021698E-086   5.8448479954543966E-091   4.4690387063064863E-095   4.2390717678075467E-099   3.6837825167238531E-103
  -9.2116147160445126E-023   8.2394835779818783E-012   3.0095254418406807E-013   2.4555817223183766E-021   5.3874018846862441E-033   7.5090388846696876E-046   6.8116308814734167E-058   6.4915929918024707E-067   1.9301806802854084E-075  -1.0800709985782475E-083   8.8998117507747443E-087   4.1260111808780121E-091   3.1652329742384183E-095   3.0072610479992517E-099   2.6147056112246991E-103
  -6.3393765162383335E-023   5.6806390545939452E-012   2.0479577397279080E-013   1.6484186263215548E-021   3.5606014966906770E-033   4.9424615218435721E-046   4.5486428308948682E-058   4.4042104743707678E-067   1.3281816899668063E-075  -7.5179518674332418E-084   6.2474226619459227E-087   2.9126451668710422E-091   2.2418019713902567E-095   2.1333960610949189E-099   1.8558873666935830E-103
  -4.3625572246005973E-023   3.9163261387664235E-012   1.3935981526693446E-013   1.1065483336967312E-021   2.3529886541464015E-033   3.2528557650707865E-046   3.0374681941659329E-058   2.9880292746219373E-067   9.1393858594671342E-076  -5.2329523110290231E-084   4.3855185941012881E-087   2.0561024913350101E-091   1.5877744609279916E-095   1.5134631419064600E-099   1.3172870795332413E-103
  -3.0020600913257691E-023   2.6998845118818656E-012   9.4830456331945100E-014   7.4278495989004978E-022   1.5547771876675874E-033   2.1406649281446347E-046   2.0283404142727218E-058   2.0272234935582525E-067   6.2889267725298002E-076  -3.6424534730037362E-084   3.0785132333652088E-087   1.4514495287860079E-091   1.1245541627682092E-095   1.0736734374345881E-099   9.3499491476732711E-104
  -2.0657659859922099E-023   1.8612144970181428E-012   6.4528553699878978E-014   4.9859249082858239E-022   1.0272300719561011E-033   1.4086229529354167E-046   1.3544693461169470E-058   1.3753664085461927E-067   4.3274898946569107E-076  -2.5353694271175569E-084   2.1610314777283752E-087   1.0246112455717674E-091   7.9647462297765504E-096   7.6168002944116244E-100   6.6364842137352251E-104
  -1.4214323610341127E-023   1.2830181101499090E-012   4.3908635152617081E-014   3.3467121787934751E-022   6.7860628685307680E-034   9.2683580057795607E-047   9.0447543843351529E-059   9.3311505289748038E-068   2.9778004205970610E-076  -1.7647715144692732E-084   1.5169845616140963E-087   7.2329639010041768E-092   5.6410962328851204E-096   5.4034722956920283E-100   4.7104986384446754E-104
  -9.7803510816862209E-024   8.8441170417979345E-013   2.9877342226089385E-014   2.2463688666958824E-022   4.4824757475872635E-034   6.0977918821944851E-047   6.0398153742718206E-059   6.3307035593644895E-068   2.0490620569328419E-076  -1.2283884411312638E-084   1.0648813697978154E-087   5.1059137815540388E-092   3.9953522428794372E-096   3.8333042391866544E-100   3.3434566728475516E-104
  -6.7292349437402355E-024   6.0962352862432265E-013   2.0329565783763999E-014   1.5077659502957201E-022   2.9605147925832990E-034   4.0114734870906211E-047   4.0332009795480473E-059   4.2950553016975722E-068   1.4099854658214702E-076  -8.5503315864191541E-085   7.4751738444741296E-088   3.6043807078910466E-092   2.8297406901343730E-096   2.7194034854150885E-100   2.3731463236739519E-104
  -4.6297737185027443E-024   4.2019870465525079E-013   1.3832747798234051E-014   1.0119918584517310E-022   1.9550821701147952E-034   2.6387396967235032E-047   2.6932421722174661E-059   2.9139731262110766E-068   9.7022879668286159E-077  -5.9515514628276467E-085   5.2473661001187278E-088   2.5444143484957840E-092   2.0041868371073099E-096   1.9291855948123260E-100   1.6844314212724337E-104
  -3.1851983980304174E-024   2.8962340125258871E-013   9.4120261781650093E-015   6.7921990614976982E-023   1.2909533114014193E-034   1.7356023345268582E-047   1.7984580641581766E-059   1.9769802209034208E-068   6.6762668178540387E-077  -4.1426422421740763E-085   3.6835064389988763E-088   1.7961599791511979E-092   1.4194816128599235E-096   1.3685931787871987E-100   1.1955896632649652E-104
  -2.1912689243694321E-024   1.9961755806564927E-013   6.4040129286647874E-015   4.5586280977552044E-023   8.5232066485964355E-035   1.1414705096586610E-047   1.2009491429225316E-059   1.3412789425535126E-068   4.5940234690554966E-077  -2.8835312697424226E-085   2.5857200407431002E-088   1.2679501956051321E-092   1.0053593868460871E-096   9.7090051614231008E-101   8.4861551822786688E-105
  -1.5074299952319772E-024   1.3757837334073441E-013   4.3572830482629826E-015   3.0594852272184553E-023   5.6265431448646165E-035   7.5065381325765217E-048   8.0195192330845065E-060   9.0998846751476708E-069   3.1612055374686779E-077  -2.0071133584457963E-085   1.8151042328418989E-088   8.9507489159750637E-093   7.1205395533390155E-097   6.8877138017044446E-101   6.0233734049943997E-105
  -1.0369569267137302E-024   9.4817420168309637E-014   2.9646534568050371E-015   2.0533031133180398E-023   3.7138606353025799E-035   4.9359976797404346E-048   5.3551481372236105E-060   6.1738016205851869E-069   2.1752654328887084E-077  -1.3970731220762569E-085   1.2741531659200769E-088   6.3185373084713275E-093   5.0431800018483754E-097   4.8862474216242374E-101   4.2753197902625069E-105
  -7.1329006922459340E-025   6.5345068595957263E-014   2.0170969741908478E-015   1.3779972292366245E-023   2.4510602973612153E-035   3.2454144343620747E-048   3.5759719737320799E-060   4.1886054392038697E-069   1.4968276018224430E-077  -9.7244796872081557E-086   8.9442041997276339E-089   4.4603992466205558E-093   3.5718732194432740E-097   3.4663771703052044E-101   3.0345718404150815E-105
  -4.9062913590450508E-025   4.5032328493691257E-014   1.3723800258440532E-015   9.2477112506739389E-024   1.6174316175329899E-035   2.1336591661543592E-048   2.3879003945478611E-060   2.8417523921015341E-069   1.0299859666323749E-077  -6.7688300413077154E-086   6.2785849383457808E-089   3.1486973123080058E-093   2.5298082351401558E-097   2.4590999302698354E-101   2.1539035000976990E-105
  -3.3745975380822598E-025   3.1032950629454943E-014   9.3372041356637136E-016   6.2059872389515746E-024   1.0671868497198228E-035   1.4026175982851382E-048   1.5945487924267255E-060   1.9279821827364474E-069   7.0874634471415716E-078  -4.7115179013594464E-086   4.4073936538141954E-089   2.2227370729121948E-093   1.7917572421343969E-097   1.7445223568743817E-101   1.5288154424625231E-105
  -2.3209827852577448E-025   2.1384987201015278E-014   6.3526401996410965E-016   4.1646475885785486E-024   7.0403886262264121E-036   9.2196100887808970E-049   1.0647776928932678E-060   1.3080363042794344E-069   4.8769730600087768E-078  -3.2795033704696397E-086   3.0938689227885911E-089   1.5690806723455352E-093   1.2690266287590780E-097   1.2375903143885939E-101   1.0851352712737198E-105
  -1.5962573983757952E-025   1.4736092836055921E-014   4.3220191457523716E-016   2.7947081285076474E-024   4.6440129475286959E-036   6.0596079126205656E-049   7.1101640410356231E-061   8.8743505438040653E-070   3.3559067225421277E-078  -2.2827340534347743E-086   2.1718107487857949E-089   1.1076497470691218E-093   8.9879842389232009E-098   8.7796512406477390E-102   7.7021628984310483E-106
  -1.0977786445405277E-025   1.0154143639441606E-014   2.9404528473216632E-016   1.8753638421542921E-024   3.0628786103237044E-036   3.9823079911956504E-049   4.7478813998897818E-061   6.0207883612260097E-070   2.3092417759583376E-078  -1.5889219098132968E-086   1.5245513130332687E-089   7.8191515832405751E-094   6.3658128906840412E-098   6.2284162278334565E-102   5.4669049048089621E-106
  -7.5493100121780819E-026   6.9966801715033227E-015   2.0004925504942995E-016   1.2584198345337394E-024   2.0197826347659947E-036   2.6168760858829309E-049   3.1704410817881034E-061   4.0847938459637456E-070   1.5890184146084674E-078  -1.1059864076811588E-086   1.0701930209149753E-089   5.5197170091227228E-094   4.5086387230591402E-098   4.4185318621258249E-102   3.8803449970014887E-106
  -5.1913479674593375E-026   4.8209060797772411E-015   1.3609899634307056E-016   8.4441621131222204E-025   1.3317320118589526E-036   1.7194481752432016E-049   2.1170889899528436E-061   2.7713215881234608E-070   1.0934236285913014E-078  -7.6983388950836822E-087   7.5124601726365408E-090   3.8964938256199456E-094   3.1932800251556673E-098   3.1345727587381571E-102   2.7542233814444682E-106
  -3.5697120323092407E-026   3.3216464764495766E-015   9.2590888054114677E-017   5.6660266750433979E-025   8.7794079072779268E-037   1.1296717154348977E-049   1.4137029355430131E-061   1.8801985201640966E-070   7.5239860065154456E-079  -5.3585126662448492E-087   5.2735400757936251E-090   2.7506236480450532E-094   2.2616665367192921E-098   2.2237129205510187E-102   1.9549154650855309E-106
  -2.4545175949578700E-026   2.2885815521620417E-015   6.2990781413884999E-017   3.8018218648698006E-025   5.7869346737440936E-037   7.4211677989188492E-050   9.4401053857312766E-062   1.2756175574094260E-070   5.1773497431308149E-079  -3.7298511256881695E-087   3.7018798492629093E-090   1.9417278182109893E-094   1.6018437114644036E-098   1.5775352943577470E-102   1.3875760792480078E-106
  -1.6876360499207258E-026   1.5767679294934300E-015   4.2853000589627629E-017   2.5509154301394299E-025   3.8138677498986504E-037   4.8747086586123304E-050   6.3036948063676598E-062   8.6544060919076236E-071   3.5625997097104967E-079  -2.5962035150416065E-087   2.5986176689060192E-090   1.3707098473949691E-094   1.1345188322356253E-098   1.1191271974174110E-102   9.8488523574816041E-107
  -1.1603015285276953E-026   1.0863198510495095E-015   2.9152851889451433E-017   1.7115577377200430E-025   2.5131306080128610E-037   3.2017031654378295E-050   4.2093320279278953E-062   5.8715674118116373E-071   2.4514698294161516E-079  -1.8071157438246727E-087   1.8241580127569724E-090   9.6761526955017968E-095   8.0353218775581197E-099   7.9392561962930989E-103   6.9905999661929965E-107
  -7.9770461367045449E-027   7.4840443895477614E-016   1.9832455866109245E-017   1.1483606226533080E-025   1.6557528139508178E-037   2.1026597831547351E-050   2.8108060122140828E-062   3.9835551398742815E-071   1.6868873334697743E-079  -1.2578626030553245E-087   1.2805086702067094E-090   6.8306163547650821E-095   5.6910820613368972E-099   5.6322274367753068E-103   4.9618459295546083E-107
  -5.4839343755029466E-027   5.1558923497949386E-016   1.3491730548422384E-017   7.7047104253241677E-026   1.0907005511875169E-037   1.3807404004566690E-050   1.8769308112109779E-062   2.7026363556466642E-071   1.1607684670125005E-079  -8.7554896996747172E-088   8.9888180906068423E-091   4.8218875072155723E-095   4.0307551533362419E-099   3.9955866367580772E-103   3.5218600978229749E-107
  -3.7698236136213965E-027   3.5518966322739057E-016   9.1781384335374913E-018   5.1692279662679165E-026   7.1836252991399968E-038   9.0658736348669967E-051   1.2533298058414029E-062   1.8335991379868046E-071   7.9873943403096605E-080  -6.0943540011708433E-088   6.3099026620000597E-091   3.4038801087105528E-095   2.8548151216409761E-099   2.8345291071479224E-103   2.4997750340966529E-107
  -2.5913625144504994E-027   2.4468420054571509E-016   6.2436334658827321E-018   3.4680586152497659E-026   4.7305144888855328E-038   5.9519791470056123E-051   8.3691663589781695E-063   1.2440022838026383E-071   5.4962268669965895E-080  -4.2420415035799595E-088   4.4293778341007088E-091   2.4028764216429661E-095   2.0219460325515821E-099   2.0108574809280196E-103   1.7743110355776847E-107
  -1.7812028927920146E-027   1.6855467668299354E-016   4.2473310681343540E-018   2.3266903814439507E-026   3.1145696405383810E-038   3.9072098795417735E-051   5.5885453006389058E-063   8.4399127922643755E-072   3.7820230836760130E-080  -2.9527192076266337E-088   3.1093012125434843E-091   1.6962451425271801E-095   1.4320597274714669E-099   1.4265324739592804E-103   1.2593851915028550E-107
  -1.2242677244629891E-027   1.1610878818686321E-016   2.8892878694787217E-018   1.5609256681695577E-026   2.0502697691212584E-038   2.5646325543652308E-051   3.7317720366239258E-063   5.7260447883777400E-072   2.6024578227178896E-080  -2.0552723756509862E-088   2.1826437917123275E-091   1.1974180440554698E-095   1.0142679545660486E-099   1.0120035481199180E-103   8.9389686127504738E-108
  -8.4142788740440076E-028   7.9979542889945363E-017   1.9654480287777086E-018   1.0471703865478253E-026   1.3494149705020084E-038   1.6832014034403135E-051   2.4919034116037902E-063   3.8848255574029013E-072   1.7907840775095405E-080  -1.4305947300975436E-088   1.5321558112530945E-091   8.4528464491284179E-096   7.1836353327112909E-100   7.1793050881064079E-104   6.3447752665826273E-108
  -5.7827523416036269E-028   5.5091223026914280E-017   1.3369908325862794E-018   7.0249626902210524E-027   8.8797304078498867E-039   1.1045845784485065E-051   1.6639760988787052E-063   2.6356534342370893E-072   1.2322611280249080E-080  -9.9578104873412275E-089   1.0755311695842983E-091   5.9670566590528161E-096   5.0878681982982190E-100   5.0931068212695337E-104   4.5034472190802083E-108
  -3.9740119098054441E-028   3.7946848183250740E-017   9.0947647953150657E-019   4.7126183396727534E-027   5.8421390368086611E-039   7.2479174365206030E-052   1.1111245813495243E-063   1.7881546861254952E-072   8.4793443649097459E-081  -6.9312424832117790E-089   7.5499325089721272E-092   4.2122810830539931E-096   3.6035240747783701E-100   3.6131264630609730E-104   3.1964941373799461E-108
  -2.7308654166746881E-028   2.6137192241154265E-017   6.1865817235120005E-019   3.1613467129920373E-027   3.8429070212146938E-039   4.7553037567537589E-052   7.4195613700770985E-064   1.2131705708768095E-072   5.8347438885716755E-081  -4.8245668481545903E-089   5.2998446261697232E-092   2.9735450741268332E-096   2.5522252712191021E-100   2.5632061835752514E-104   2.2688341446159582E-108
  -1.8764961071868468E-028   1.8002474537835772E-017   4.2082965588742459E-019   2.1206726490108653E-027   2.5273284694566504E-039   3.1195606009380030E-052   4.9544280123725742E-064   8.2307355478447425E-073   4.0149609191587308E-081  -3.3581923192995152E-089   3.7203449210106021E-092   2.0990931375856195E-096   1.8076343377327323E-100   1.8183769762856443E-104   1.6103919424684419E-108
  -1.2893503476179525E-028   1.2399256711148325E-017   2.8625842670983496E-019   1.4225476471463012E-027   1.6617863233795615E-039   2.0462470984927006E-052   3.3083286027720836E-064   5.5841288342843866E-073   2.7627452875752048E-081  -2.3375063518152272E-089   2.6115796421941764E-092   1.4817976167790061E-096   1.2802717481748505E-100   1.2899839535465784E-104   1.1430373743639728E-108
  -8.8586955846541358E-029   8.5398332589870079E-018   1.9471824304235634E-019   9.5422704183075959E-028   1.0924412940417024E-039   1.3420587909324245E-052   2.2091418014406700E-064   3.7885429140727873E-073   1.9010799053090066E-081  -1.6270467634579497E-089   1.8332569621896721E-092   1.0460346613376864E-096   9.0676290052009084E-101   9.1513400820818062E-105   8.1131457081036828E-109
  -6.0861664756065774E-029   5.8815736806149676E-018   1.3244985320540007E-019   6.4007130862653899E-028   7.1800609482746041E-040   8.8010223644839551E-053   1.4751575074104925E-064   2.5703306348238061E-073   1.3081570793444952E-081  -1.1325236263426483E-089   1.2868958830453523E-092   7.3841967455494636E-097   6.4222221747860216E-101   6.4920982654894883E-105   5.7586160547123776E-109
  -4.1811209596708019E-029   4.0506826532100509E-018   9.0093374511164966E-020   4.2933547244203183E-028   4.7180528437773051E-040   5.7708808362540659E-053   9.8503814946283979E-065   1.7438365414012649E-073   9.0015939859179723E-082  -7.8830540882712575E-090   9.0336545730278277E-093   5.2126725489917955E-097   4.5485912385313705E-101   4.6055921680361007E-105   4.0873984420809856E-109
  -2.8722095662131050E-029   2.7896745457463035E-018   6.1281701658689519E-020   2.8797645649865404E-028   3.0995565047125332E-040   3.7835348765643303E-053   6.5776017214835036E-065   1.1831029992366694E-073   6.1941104448908786E-082  -5.4870856822394126E-090   6.3413766436846049E-093   3.6797441992299113E-097   3.2215768615539261E-101   3.2672763918725965E-105   2.9011877179421235E-109
  -1.9729388693540593E-029   1.9211868834836404E-018   4.1683619476073187E-020   1.9315636380453784E-028   2.0358028730356613E-040   2.4802716995830059E-053   4.3921986131884176E-065   8.0267426077838585E-074   4.2622455826712240E-082  -3.8193457690218856E-090   4.4514717070657139E-093   2.5976151897546486E-097   2.2817081130752993E-101   2.3178550619800511E-105   2.0592292078369917E-109
  -1.3551421720771719E-029   1.3230508918402592E-018   2.8352850452222970E-020   1.2955462176122601E-028   1.3368063215786709E-040   1.6257204032051775E-053   2.9328932193403180E-065   5.4457301631850511E-074   2.9329049858921900E-082  -2.6584972324581668E-090   3.1248105065548430E-093   1.8337156933152978E-097   1.6160384087482926E-101   1.6443212936964712E-105   1.4616168920826904E-109
  -9.3074224143440094E-030   9.1111764828697745E-019   1.9285228228753342E-020   8.6893777306942402E-029   8.7759657968237402E-041   1.0654589190119838E-053   1.9584406936542753E-065   3.6946465657439139E-074   2.0181689415639160E-082  -1.8504759612908018E-090   2.1935308918734814E-093   1.2944616521814343E-097   1.1445724109974828E-101   1.1665063066123758E-105   1.0374386475631941E-109
  -6.3921493877435151E-030   6.2742735114413994E-019   1.3117456769434918E-020   5.8279570425907826E-029   5.7598601116927290E-041   6.9818571664102134E-054   1.3077493051227218E-065   2.5066268134133624E-074   1.3887275231492925E-082  -1.2880439522973603E-090   1.5397982580199766E-093   9.1378995042269329E-098   8.1065277082092635E-102   8.2753716421742819E-106   7.3636187929986752E-110
  -4.3897210175801154E-030   4.3205955898962564E-019   8.9221876821179148E-021   3.9087323110864077E-029   3.7793429285133595E-041   4.5745430651741069E-054   8.7324976894287228E-066   1.7006167896907279E-074   9.5560093797523212E-083  -8.9655702494508022E-091   1.0808959585451441E-093   6.4506513115488765E-098   5.7415145949740132E-102   5.8706735126826204E-106   5.2266110035190913E-110
  -3.0143870227595023E-030   2.9751925353070442E-019   6.0686203913847605E-021   2.6214854895200599E-029   2.4791603821205156E-041   2.9968573524728666E-054   5.8311253384611733E-066   1.1537806305602010E-074   6.5756106755026162E-083  -6.2405828410780354E-091   7.5875918642401581E-094   4.5536616409083160E-098   4.0664747389504412E-102   4.1647444381942959E-106   3.7097877801396862E-110
  -2.0698208322989480E-030   2.0486978948473230E-019   4.1276754598262558E-021   1.7581298578189163E-029   1.6258232875328416E-041   1.9630215171613823E-054   3.8937332587890475E-066   7.8278054851512549E-075   4.5247607068457013E-083  -4.3438256685332125E-091   5.3262804676421126E-094   3.2145334475512253E-098   2.8801140703332853E-102   2.9545326429186294E-106   2.6331643211413714E-110
  -1.4211427360659902E-030   1.4106921641424001E-019   2.8074893476339246E-021   1.1790885484735743E-029   1.0659055040069353E-041   1.2856527964028501E-054   2.6000395068026464E-066   5.3107616032082440E-075   3.1135449564362863E-083  -3.0235671749928841E-091   3.7389021625131953E-094   2.2692123686923154E-098   2.0398644240012206E-102   2.0959901455793291E-106   1.8689895183321828E-110
  -9.7569345136261766E-031   9.7135542980203491E-020   1.9095355184951486E-021   7.9074033319145213E-030   6.9861318351758855E-042   8.4190088133148637E-055   1.7361755427650653E-066   3.6030773707243459E-075   2.1424695854249210E-083  -2.1045868677072963E-091   2.6246063216150092E-094   1.6018886959729472E-098   1.4447507349608506E-102   1.4869271428154902E-106   1.3265871279679587E-110
  -6.6982191797285359E-031   6.6883004185637908E-020   1.2987766189262201E-021   5.3028992438797049E-030   4.5774478751748561E-042   5.5123374365696988E-055   1.1593305080477130E-066   2.4445018453718562E-075   1.4742603651759284E-083  -1.4649206136810369E-091   1.8424013378580591E-094   1.1308097204882894E-098   1.0232565901081532E-102   1.0548486514207312E-106   9.4159621138173135E-111
  -4.5980650335475884E-031   4.6051645035754268E-020   8.8336121162360131E-022   3.5561894482266873E-030   2.9982940661305438E-042   3.6086693480735632E-055   7.7414238252681065E-067   1.6584682084702010E-075   1.0144571662126927E-083  -1.0196739493628134E-091   1.2933149872294166E-094   7.9826434429631743E-099   7.2472990650679036E-103   7.4832563975321883E-107   6.6833412570960847E-111
  -3.1561683426319235E-031   3.1707820766445140E-020   6.0081307813168211E-022   2.3847806863625263E-030   1.9632907496950357E-042   2.3620751463909021E-055   5.1693314648633125E-067   1.1251849957508167E-075   6.9806078111358992E-084  -7.0975515849560806E-092   9.0787149503818726E-095   5.6351298977361171E-099   5.1329593306989245E-103   5.3087357879946174E-107   4.7437586409654377E-111
  -2.1662770326484475E-031   2.1831300229129903E-020   4.0863697664962674E-022   1.5992047049100351E-030   1.2851378882713530E-042   1.5458753370959503E-055   3.4518179125263763E-067   7.6337988765371592E-076   4.8034443479537373E-084  -4.9403280819800468E-092   6.3730078141799242E-095   3.9779666174050758E-099   3.6354608444163473E-103   3.7660979436998133E-107   3.3670653480444805E-111
  -1.4867436578072659E-031   1.5030895709328008E-020   2.7792858976593275E-022   1.0723874917888982E-030   8.4093883193956249E-043   1.0115518229929224E-055   2.3049491179581889E-067   5.1791381423809653E-076   3.3053106875684529E-084  -3.4387691650818369E-092   4.4736759384841903E-095   2.8081373083733455E-099   2.5748452248453541E-103   2.6717272751674295E-107   2.3899043589178163E-111
  -1.0202953815914766E-031   1.0348615741068032E-020   1.8902798489369166E-022   7.1910366027711742E-031   5.5007666862362315E-043   6.6181017494777654E-056   1.5391281449974992E-067   3.5137776527296628E-076   2.2744260055807943E-084  -2.3935927257804871E-092   3.1403972818750450E-095   1.9823281473039276E-099   1.8236554774480242E-103   1.8953641158672794E-107   1.6963267635733987E-111
  -7.0013682863833823E-032   7.1247870576864246E-021   1.2856310334506765E-022   4.8219571538047680E-031   3.5968342736749643E-043   4.3292139780283143E-056   1.0277516786677544E-067   2.3839166002867240E-076   1.5650612435056144E-084  -1.6660862814651640E-092   2.2044723917328289E-095   1.3993706435320769E-099   1.2916191433596052E-103   1.3446002939850725E-107   1.2040333748786904E-111
  -4.8040391200591061E-032   4.9051673665392838E-021   8.7438760576037508E-023   3.2333095978493882E-031   2.3509853442715126E-043   2.8314806445939558E-056   6.8628039475132931E-068   1.6173642497552482E-076   1.0769383967257274E-084  -1.1596974974927995E-092   1.5474788996675727E-095   9.8784765606297218E-100   9.1480001470416583E-104   9.5388005795432925E-108   8.5460918659812232E-112
  -3.2960680998068010E-032   3.3769775236523458E-021   5.9468787354114008E-023   2.1680202773356685E-031   1.5360496092156835E-043   1.8515934917429407E-056   4.5826319373519759E-068   1.0972980833592713E-076   7.4105490449909993E-085  -8.0722006952444190E-093   1.0862875653574625E-095   6.9734419888798183E-100   6.4791474851068519E-104   6.7669716762460461E-108   6.0659190575762328E-112
  -2.2612638912603821E-032   2.3248502900200030E-021   4.0445634851278856E-023   1.4536889810351475E-031   1.0031815237260710E-043   1.2106084774933277E-056   3.0600488152626608E-068   7.4446005834791880E-077   5.0992923379034384E-085  -5.6187431731807611E-093   7.6254395211482345E-096   4.9227118532122362E-100   4.5889104584422550E-104   4.8005939335307988E-108   4.3055207783841598E-112
  -1.5512119309900962E-032   1.6004952016938207E-021   2.7507540059409233E-023   9.7470181041026904E-032   6.5488564793162464E-044   7.9138214482968897E-057   2.0433451351183948E-068   5.0507768753062518E-077   3.5088874237944408E-085  -3.9109873486387738E-093   5.3528485290043717E-096   3.4750546854572213E-100   3.2501343776600357E-104   3.4056154835313576E-108   3.0560101704559524E-112
  -1.0640332770494337E-032   1.1018092284896021E-021   1.8708088416817052E-023   6.5352795071990583E-032   4.2732206579210028E-044   5.1723945827867562E-057   1.3644420725488564E-068   3.4266911646974868E-077   2.4145097274253346E-085  -2.7222853121749189E-093   3.7575522479328938E-096   2.4531204699073901E-100   2.3019350677070984E-104   2.4159963871671120E-108   2.1691217593449708E-112
  -7.2979825535255136E-033   7.5849226850399562E-022   1.2723443738773890E-023   4.3817609773618557E-032   2.7870245031239851E-044   3.3800119857860305E-057   9.1110510775262967E-069   2.3248329174107534E-077   1.6614546207135916E-085  -1.8948763176724882E-093   2.6376981977422994E-096   1.7317137904505718E-100   1.6303649881930852E-104   1.7139453947476635E-108   1.5396184245613702E-112
  -5.0051062315991609E-033   5.2214210131163400E-022   8.6532165347952781E-024   2.9378209591120692E-032   1.8168247743802115E-044   2.2083315787006859E-057   6.0838972241032434E-069   1.5772790234369828E-077   1.1432678963078559E-085  -1.3189492794631131E-093   1.8515914976737571E-096   1.2224563505132209E-100   1.1547198550748873E-104   1.2158996060739346E-108   1.0928040720704434E-112
  -3.4323056888171423E-033   3.5943399131483257E-022   5.8850227177701899E-024   1.9696728207091520E-032   1.1837572435783469E-044   1.4425403258168188E-057   4.0625177232750828E-069   1.0701023282758020E-077   7.8669707040557036E-086  -9.1806899535358114E-094   1.2997662445834513E-096   8.6295989670305049E-101   8.1784019345869217E-105   8.6257822987155853E-109   7.7566027452807499E-113
  -2.3535319341060888E-033   2.4742440392880773E-022   4.0023625527951407E-024   1.3205504124232151E-032   7.7086708926404316E-045   9.4212253221768001E-058   2.7127432048013049E-069   7.2600914357291443E-078   5.4133618426872631E-086  -6.3903191039907452E-094   9.1240011432548302E-097   6.0918313909196513E-101   5.7924233298447946E-105   6.1192657063235767E-109   5.5055516155707128E-113
  -1.6136709404308803E-033   1.7031737252262675E-022   2.7219644918296386E-024   8.8533575271031093E-033   5.0171002930529161E-045   6.1517772037601803E-058   1.8114323486395797E-069   4.9255969510940112E-078   3.7250026143776366E-086  -4.4480511077007599E-094   6.4047975862359226E-097   4.3003632720770154E-101   4.1025337903439764E-105   4.3411038631749691E-109   3.9077806312735643E-113
  -1.1062922228298699E-033   1.1723801774345420E-022   1.8511698383141767E-024   5.9354430563417142E-033   3.2634041552847933E-045   4.0161093838688687E-058   1.2095827270339415E-069   3.3417630534549225E-078   2.5632213179788798E-086  -3.0961143351540150E-094   4.4959915704757911E-097   3.0357249735897742E-101   2.9056551619961914E-105   3.0796481005372480E-109   2.7737005122903084E-113
  -7.5837493004667339E-034   8.0699558617915888E-023   1.2589482863290555E-024   3.9791508352655122E-033   2.1213935609267567E-045   2.6213200680845122E-058   8.0769809633982923E-070   2.2672135816868767E-078   1.7637849432849360E-086  -2.1550840367462363E-094   3.1560623094004384E-097   2.1429878737851237E-101   2.0579556542909020E-105   2.1847516146320169E-109   1.9687429507564140E-113
  -5.1982421874892939E-034   5.5547829979635979E-023   8.5618450841946051E-025   2.6675942716175789E-033   1.3781309112068091E-045   1.7105742161762031E-058   5.3933992531949633E-070   1.5381872810135472E-078   1.2136826829332223E-086  -1.5000696619050883E-094   2.2154688631619796E-097   1.5127843245872840E-101   1.4575652032737837E-105   1.5498979607220271E-109   1.3973928925863469E-113
  -3.5627608056405329E-034   3.8234582417442073E-023   5.8227041241823911E-025   1.7883036375897307E-033   8.9467235539169739E-046   1.1160118500822835E-058   3.6014394159276071E-070   1.0435806006911362E-078   8.3515037389276619E-087  -1.0441397831911071E-094   1.5551981616140417E-097   1.0679092077498631E-101   1.0323334851779069E-105   1.0995227358873927E-109   9.9185483540636802E-114
  -2.4415948139847827E-034   2.6317158119635511E-023   3.9598614788279023E-025   1.1988223943197408E-033   5.8039835296873584E-046   7.2794449647562601E-059   2.4048593982930106E-070   7.0801552163486108E-079   5.7467751399981263E-087  -7.2678483418405920E-095   1.0917063073666007E-097   7.5386166813627884E-102   7.3115942872941254E-106   7.8001938835355717E-110   7.0400829756347217E-114
  -1.6730789065914855E-034   1.8114029924688516E-023   2.6929805236953287E-025   8.0363812219826087E-034   3.7623562352937478E-046   4.7470931578107941E-059   1.6058438154488108E-070   4.8035195225353767E-079   3.9544285127645081E-087  -5.0588647253156658E-095   7.6634778533853998E-098   5.3216830771598963E-102   5.1785027070492231E-106   5.5335860193113218E-110   4.9969790265496481E-114
  -1.1463421456969219E-034   1.2467652568076968E-023   1.8314050581704545E-025   5.3871404819842810E-034   2.4369508233777865E-046   3.0949568725193693E-059   1.0723016044806428E-070   3.2589398252315746E-079   2.7210921745857633E-087  -3.5212776763842942E-095   5.3795505904279096E-098   3.7566987603501689E-102   3.6677218128305667E-106   3.9256179021980265E-110   3.5468054714158618E-114
  -7.8535529616518351E-035   8.5811972997914322E-024   1.2454709877407260E-025   3.6111717959543578E-034   1.5771268021760624E-046   2.0173256801844893E-059   7.1602906171359557E-071   2.2110223003476204E-079   1.8724178724398998E-087  -2.4510235093325131E-095   3.7762965157474338E-098   2.6519403757722994E-102   2.5976978344247666E-106   2.7848992438804225E-110   2.5174874638833136E-114
  -5.3798630618579439E-035   5.9061535512577804E-024   8.4699502855027948E-026   2.4206392248260887E-034   1.0197589159888026E-046   1.3145862262681871E-059   4.7812823042066741E-071   1.5000643997123256E-079   1.2884343727030863E-087  -1.7060614754181734E-095   2.6508562794384955E-098   1.8720660238282417E-102   1.8398437702217886E-106   1.9756547855691570E-110   1.7868881858670625E-114
  -3.6849229285700132E-035   4.0649508091517500E-024   5.7600489825386194E-026   1.6225722320545433E-034   6.5874216029262278E-047   8.5642772860237046E-060   3.1927004219875844E-071   1.0177161953231095E-079   8.8658795517602567E-088  -1.1875225662855159E-095   1.8608282038563972E-098   1.3215347617666277E-102   1.3030867777386504E-106   1.4015634299491631E-110   1.2683162699337286E-114
  -2.5236941621640375E-035   2.7976902703169510E-024   3.9171444851117358E-026   1.0876021467075867E-034   4.2510296329321742E-047   5.5779900115853484E-060   2.1319253818850183E-071   6.9046785886096305E-080   6.1007236295127490E-088  -8.2658793333133484E-096   1.3062502322834174E-098   9.3290205141024300E-103   9.2292373417895172E-107   9.9429347354289434E-111   9.0023913253109504E-115
  -1.7282044318934657E-035   1.9254746705505291E-024   2.6638583835697176E-026   7.2900096490701144E-035   2.7403407615707704E-047   3.6320075599167583E-060   1.4235931190635858E-071   4.6844676965041332E-080   4.1979849361113934E-088  -5.7535546865080031E-096   9.1695175315676345E-099   6.5855724862921537E-103   6.5366974574571550E-107   7.0536932430697279E-111   6.3898161451455883E-115
  -1.1833208013654442E-035   1.3251647894591639E-024   1.8115521110507850E-026   4.8862779306407395E-035   1.7644722051332877E-047   2.3642544527639011E-060   9.5060438097496378E-072   3.1781693120066927E-080   2.8886864237796543E-088  -4.0048238927976573E-096   6.4367492902985918E-099   4.6489090856324993E-103   4.6296808939807777E-107   5.0040162573847182E-111   4.5354355865138275E-115
  -8.1013567297982470E-036   9.1200228541685166E-025   1.2319376096277362E-026   3.2750673007448791E-035   1.1347220899611246E-047   1.5385670552403207E-060   6.3476620336122961E-072   2.1562236800816720E-080   1.9877415907672144E-088  -2.7876008875863260E-096   4.5184211402932781E-099   3.2817735319563649E-103   3.2790183293917854E-107   3.5499401772902014E-111   3.2192138442441171E-115
  -5.5457428450438974E-036   6.2764776345852580E-025   8.3777000665373445E-027   2.1950998270251902E-035   7.2876806211559200E-048   1.0009432899731034E-060   4.2386527097620746E-072   1.4628863669974139E-080   1.3677900789567837E-088  -1.9403396440351284E-096   3.1718075255397777E-099   2.3166808175012287E-103   2.3223985713212186E-107   2.5183932924326225E-111   2.2849718301682522E-115
  -3.7958340380944430E-036   4.3194666305424663E-025   5.6971694980058360E-027   1.4712290382467991E-035   4.6738035539314906E-048   6.5098237582068609E-061   2.8303616381903371E-072   9.9249282090500243E-081   9.4119361831594934E-089  -1.3505942956095209E-096   2.2265217864595050E-099   1.6353994266638415E-103   1.6448632753301247E-107   1.7865957222021276E-111   1.6218552602289397E-115
  -2.5977597414469868E-036   2.9726131678954588E-025   3.8742865419442153E-027   9.8604843510303402E-036   2.9928420047356679E-048   4.2324454466040504E-061   1.8899750961109765E-072   6.7335510246740233E-081   6.4764720901741237E-089  -9.4009567611475744E-097   1.5629571772206722E-099   1.1544670128477824E-103   1.1649921632092603E-107   1.2674454106922821E-111   1.1511809080567287E-115
  -1.7775987817862952E-036   2.0456949093182093E-025   2.6346481615292287E-027   6.6085797603443415E-036   1.9132605872339150E-048   2.7508779157731731E-061   1.2620317838671072E-072   4.5683664855661117E-081   4.4565421947746760E-089  -6.5436368305134310E-097   1.0971530535394511E-099   8.1496558340462474E-104   8.2511858573816324E-108   8.9915072229067116E-112   8.1710022062620359E-116
  -1.2162144926476087E-036   1.4077890430969039E-025   1.7916444626730630E-027   4.4290433475340128E-036   1.2208970748062497E-048   1.7873279730131302E-061   8.4272245005480972E-073   3.0994006386765698E-081   3.0666029371031247E-089  -4.5547685015588707E-097   7.7017135321606799E-100   5.7530356864054207E-104   5.8439961092435993E-108   6.3787564161760639E-112   5.7997245478111576E-116
  -8.3200684302440561E-037   9.6878766686728037E-026   1.2183705100694984E-027   2.9682714233780413E-036   7.7754883450344472E-049   1.1608739988037507E-061   5.6272848030957308E-073   2.1027832047572982E-081   2.1101681893352365E-089  -3.1703952975026130E-097   5.4063917796397103E-100   4.0612051900278345E-104   4.1390785410235900E-108   4.5252216187615937E-112   4.1166100149071184E-116
  -5.6909201470041873E-037   6.6667471015917178E-026   8.2852437942921757E-028   1.9892490247207737E-036   4.9412745100735219E-049   7.5371720477091194E-062   3.7576237338184429E-073   1.4266297654553031E-081   1.4520333667605846E-089  -2.2067874530700979E-097   3.7951389116107279E-100   2.8669021403177441E-104   2.9315522391131513E-108   3.2102882805150346E-112   2.9219476745356829E-116
  -3.8920237219841018E-037   4.5876869207581629E-026   5.6341654544852193E-028   1.3331116861267717E-036   3.1327074549204297E-049   4.8917988612452488E-062   2.5091564893892422E-073   9.6789458993079158E-082   9.9916248801434680E-090  -1.5360578760793809E-097   2.6640836057956437E-100   2.0238153445797618E-104   2.0763083493894733E-108   2.2774486414834460E-112   2.0739845937775385E-116
  -2.6613643077291700E-037   3.1569523690561260E-026   3.8313543072670748E-028   8.9337898273561894E-037   1.9808995250413195E-049   3.1736537280499380E-062   1.6754916576878099E-073   6.5666647360166981E-082   6.8753631996882182E-090  -1.0691893726017596E-097   1.8701137993337995E-100   1.4286603351577663E-104   1.4705721262535986E-108   1.6156733669894639E-112   1.4721058478565619E-116
  -1.8195644887996112E-037   2.1723850416658142E-026   2.6053943851223212E-028   5.9868270904711505E-037   1.2489385698227667E-049   2.0581398295163851E-062   1.1188113325589940E-073   4.4551427607730846E-082   4.7310242022342951E-090  -7.4422056271484978E-098   1.3127687580279716E-100   1.0085262033863606E-104   1.0415523487067731E-108   1.1461962829022165E-112   1.0448958654435951E-116
  -1.2438362325114842E-037   1.4948587113453838E-026   1.7717118564648368E-028   4.0118940984966370E-037   7.8488834055016218E-050   1.3341596878436656E-062   7.4708756795741705E-074   3.0225841910262967E-082   3.2554774710858068E-090  -5.1802255891720735E-098   9.2152780728822033E-101   7.1194343855344847E-105   7.3769390839944563E-109   8.1313925042197592E-113   7.4166449460991656E-117
  -8.5013886407039143E-038   1.0286274480047673E-026   1.2047895563481417E-028   2.6884003248216889E-037   4.9145906855202236E-050   8.6447240524375675E-063   4.9886866850334579E-074   2.0506672136919993E-082   2.2401351402384178E-090  -3.6057503391345349E-098   6.4688737102782132E-101   5.0257850966573600E-105   5.2248237580131628E-109   5.7686129738897784E-113   5.2643229055494462E-117
  -5.8095925637074969E-038   7.0780029677181463E-027   8.1927141687867704E-029   1.8014828100140985E-037   3.0645662792498607E-050   5.5988284596652655E-063   3.3312023601604958E-074   1.3912717580514388E-082   1.5414652661859227E-090  -2.5098201552187360E-098   4.5409729846579937E-101   3.5478272527452517E-105   3.7005602740727539E-109   4.0924038112990476E-113   3.7366133299757700E-117
  -3.9694357079451678E-038   4.8703266533502004E-027   5.5711254835498113E-029   1.2071409422370120E-037   1.9019427096582899E-050   3.6244132965010132E-063   2.2244152819258835E-074   9.4390600865207408E-083   1.0607017068640939E-090  -1.7469863753755287E-098   3.1876393784866010E-101   2.5045007080487059E-105   2.6209802331355020E-109   2.9032619153115586E-113   2.6522500231320950E-117
  -2.7116725150363493E-038   3.3511989198299234E-027   3.7884069768573400E-029   8.0886767699821791E-038   1.1739737941298773E-050   2.3451145950064115E-063   1.4853568145400886E-074   6.4039146055579516E-083   7.2988223323908499E-091  -1.2160078963270498E-098   2.2376361513690889E-101   1.7679908322425791E-105   1.8563526279474051E-109   2.0596559251303098E-113   1.8825715582816359E-117
  -1.8521198177835888E-038   2.3058823190759711E-027   2.5761365889754327E-029   5.4198665493080304E-038   7.2004474246662339E-051   1.5165855165974695E-063   9.9184951420722230E-075   4.3447252056164014E-083   5.0224117765685355E-091  -8.4641476276855388E-099   1.5707598091924519E-101   1.2480702495742486E-105   1.3147940280216621E-109   1.4611806926125952E-113   1.3362549341729156E-117
  -1.2648010313740080E-038   1.5866054189602436E-027   1.7517806951686816E-029   3.6315437749467368E-038   4.3833041016579719E-051   9.8024863737178348E-064   6.6230928919483941E-075   2.9476715844889107E-083   3.4559849390324219E-091  -5.8915560832415592E-099   1.1026307951465031E-101   8.8104530887000204E-106   9.3122694241741393E-110   1.0366067705599042E-113   9.4847966431949747E-118
  -8.6356388296221081E-039   1.0916807088118253E-027   1.1912123805931348E-029   2.4332431960288940E-038   2.6444573169818979E-051   6.3322990301728785E-064   4.4225828492265203E-075   1.9998428804567190E-083   2.3781068598444863E-091  -4.1008770577386815E-099   7.7401697287658183E-102   6.2195313943874235E-106   6.5955947165805160E-110   7.3540250786624772E-114   6.7323654435254709E-118
  -5.8949971602126879E-039   7.5113377936232950E-028   8.1002289356090319E-030   1.6303140083723877E-038   1.5779782064693699E-051   4.0881887986078688E-064   2.9531885686577356E-075   1.3567900737496035E-083   1.6364053480003556E-091  -2.8544564624977958E-099   5.4333900504457042E-102   4.3905337078292418E-106   4.6714646796965855E-110   5.2171967118025286E-114   4.7786848161510809E-118
  -4.0233447500998597E-039   5.1681361976132950E-028   5.5081282116178685E-030   1.0923164519278277E-038   9.2877214186042937E-052   2.6377431872308200E-064   1.9719979103215213E-075   9.2051196732142929E-084   1.1260311755463486E-091  -1.9868726453899379E-099   3.8140933496976476E-102   3.0993970868804619E-106   3.3086659554048740E-110   3.7012673479695710E-114   3.3919562153850840E-118
  -2.7453831184481198E-039   3.5558681722948218E-028   3.7454970527491589E-030   7.3184165324242710E-039   5.3711758623420895E-052   1.7007984233436422E-064   1.3168059882014284E-075   6.2451981214681941E-084   7.7483626526432187E-092  -1.3829821143136084E-099   2.6773909622437337E-102   2.1879500555768032E-106   2.3434386761301736E-110   2.6258199696054740E-114   2.4076499334365801E-118
  -1.8729585746091878E-039   2.4465406838728313E-028   2.5469098294925268E-030   4.9031724615265351E-039   3.0342228622426223E-052   1.0959169245024008E-064   8.7930026937516470E-076   4.2370442711162352E-084   5.3317461452876790E-092  -9.6263802698823258E-100   1.8794566455708323E-102   1.5445354995726714E-106   1.6597977055576828E-110   1.8628625102398658E-114   1.7089832953565447E-118
  -1.2774979491300655E-039   1.6832722522300827E-028   1.7318743855819643E-030   3.2849485402282708E-039   1.6588010489500791E-052   7.0565334937319949E-065   5.8715490150487276E-076   2.8746156336752035E-084   3.6688418227461546E-092  -6.7005333175087189E-100   1.3193283048655523E-102   1.0903319103523214E-106   1.1755949428416406E-110   1.3215942867766099E-114   1.2130642226889828E-118
  -8.7115670168743761E-040   1.1581143998688305E-028   1.1776546106754090E-030   2.2007529238457324E-039   8.6343483642558600E-053   4.5402253522084263E-065   3.9207418320565053E-076   1.9502781922029685E-084   2.5245763683341357E-092  -4.6639686774699466E-100   9.2613330380718634E-103   7.6969722717623148E-107   8.3264779366564143E-111   9.3759900402200274E-115   8.6105602870574593E-119
  -5.9392753371276778E-040   7.9678981871724816E-029   8.0078924323033739E-031   1.4743659011358013E-039   4.1416635434304984E-053   2.9188881605950632E-065   2.6180857894473776E-076   1.3231629934862633E-084   1.7371928656197213E-092  -3.2463980130818927E-100   6.5012098298887788E-103   5.4335232517122796E-107   5.8974754637666329E-111   6.6517805220114658E-115   6.1119645174984523E-119
  -4.0482626657581264E-040   5.4819030369706314E-029   5.4452432955921714E-031   9.8771238429695143E-040   1.6858444330456254E-053   1.8749589394121631E-065   1.7482340386490758E-076   8.9769773067651947E-085   1.1953843386237000E-092  -2.2596843302026920E-100   4.5636773357839146E-103   3.8356907649056159E-107   4.1770747159897171E-111   4.7191158811123990E-115   4.3384260509960025E-119
  -2.7586636392316630E-040   3.7715009647669450E-029   3.7026710367926192E-031   6.6167832232390256E-040   4.0780652473799229E-054   1.2033134102681903E-065   1.1673883142898579E-076   6.0904153126066789E-085   8.2255905219853939E-093  -1.5728729391809620E-100   3.2035813141940954E-103   2.7077348696856559E-107   2.9585557828465913E-111   3.3480004931164546E-115   3.0795390782227996E-119
  -1.8794046780809902E-040   2.5947315797743611E-029   2.5177451493091965E-031   4.4325582887062674E-040  -2.0501326138006002E-054   7.7153362481946625E-066   7.7952703713749589E-077   4.1320321320196398E-085   5.6601326660734463E-093  -1.0948114910436067E-100   2.2488301410398723E-103   1.9114776813406027E-107   2.0955056388029790E-111   2.3752685895329869E-115   2.1859568485420316E-119
  -1.2800585090295063E-040   1.7851143156577319E-029   1.7120136495763305E-031   2.9692933026396296E-040  -4.5425472839043057E-054   4.9419029726928021E-066   5.2053159520344528E-077   2.8033703226557922E-085   3.8948087328232661E-093  -7.6205246991768356E-101   1.5786201590643280E-103   1.3493758149171695E-107   1.4842245351866565E-111   1.6851652610527233E-115   1.5516723173555400E-119
  -8.7161281594343397E-041   1.2281037246759517E-029   1.1641300784730928E-031   1.9890366669995702E-040  -5.1432403360358101E-054   3.1620476186320586E-066   3.4758664313477031E-077   1.9019419295005448E-085   2.6800670514774145E-093  -5.3043259543800135E-101   1.1081504680555594E-103   9.5257080786865123E-108   1.0512650881549827E-111   1.1955701629227039E-115   1.1014410023742431E-119
  -5.9333201381509227E-041   8.4488874291603482E-030   7.9157969829193696E-032   1.3323658051846699E-040  -4.8371791215210130E-054   2.0209059084299816E-066   2.3210213442710683E-077   1.2903693364913351E-085   1.8441879674127276E-093  -3.6921157745113756E-101   7.7789312486594464E-104   6.7245361844631137E-108   7.4460666152736263E-112   8.4822427462831199E-116   7.8185375362611905E-120
  -4.0378321739052261E-041   5.8124535722640741E-030   5.3825323566201003E-032   8.9247305999075627E-041  -4.1626323190454924E-054   1.2900086011761122E-066   1.5498699584878209E-077   8.7544892865939105E-086   1.2690090187454241E-093  -2.5699233502104964E-101   5.4606111645007940E-104   4.7470979519642299E-108   5.2740449326932617E-112   6.0179651505245739E-116   5.5500021607341577E-120
  -2.7470765558507924E-041   3.9986648602538424E-030   3.6599700558594363E-032   5.9780239434733060E-041  -3.3996076702313130E-054   8.2237414801813610E-067   1.0349311462101002E-077   5.9394686855561328E-086   8.7322112394322812E-094  -1.7888122248668375E-101   3.8332108212066898E-104   3.3511581259857664E-108   3.7356241797887392E-112   4.2696501610205510E-116   3.9397115624395985E-120
  -1.8683608449580987E-041   2.7508448024248113E-030   2.4886699958905233E-032   4.0041563770014195E-041  -2.6822720483309163E-054   5.2352054108730991E-067   6.9107904559894816E-078   4.0296226440810660E-086   6.0087447767681815E-094  -1.2451137548224612E-101   2.6908178842537748E-104   2.3657159782018767E-108   2.6459717611198507E-112   3.0292764273779371E-116   2.7966600918275383E-120
  -1.2703210220334739E-041   1.8923993160768015E-030   1.6922168043553824E-032   2.6819779394978837E-041  -2.0651030710566517E-054   3.3276484415208635E-067   4.6147062682218850E-078   2.7338907759783399E-086   4.1346931267051940E-094  -8.6666840655629604E-102   1.8888873935143054E-104   1.6700571531884569E-108   1.8741750784988603E-112   2.1492645546244349E-116   1.9852686811877667E-120
  -8.6342361281742372E-042   1.3018325408019633E-030   1.1506510075025438E-032   1.7963464888011361E-041  -1.5611323992768988E-054   2.1116728726955532E-067   3.0814879312815423E-078   1.8548036466740956E-086   2.8451345309709315E-094  -6.0324887148175913E-102   1.3259526336805624E-104   1.1789658235568103E-108   1.3275115673354016E-112   1.5249148941893166E-116   1.4093006216001138E-120
  -5.8666038229118836E-042   8.9555682282308225E-031   7.8240241541536909E-033   1.2031387055636905E-041  -1.1635398958091475E-054   1.3376436352764645E-067   2.0576757974639911E-078   1.2583884469474474E-086   1.9577729837124261E-094  -4.1989397829259109E-102   9.3078666060173819E-105   8.3228556211467578E-109   9.4030765419464929E-113   1.0819483576060779E-116   1.0004448994023007E-120
  -3.9847070247955461E-042   6.1606550137057953E-031   5.3200498210239158E-033   8.0580862442244902E-042  -8.5745139629903170E-055   8.4568703273127139E-068   1.3740214017776432E-078   8.5375154736538910E-087   1.3471683022631201E-094  -2.9226869596927151E-102   6.5339003980006841E-105   5.8755008375104537E-109   6.6604789222288557E-113   7.6766745561204687E-117   7.1021257153029051E-121
  -2.7054959720694740E-042   4.2379554457521193E-031   3.6174304247914248E-033   5.3968293944026201E-042  -6.2607341332753582E-055   5.3352586869445173E-068   9.1750853876684568E-079   5.7922631632156167E-087   9.2700351355588765E-095  -2.0343441794970486E-102   4.5866448200088788E-105   4.1478108711372877E-109   4.7178609039146149E-113   5.4468562973834833E-117   5.0418474364728745E-121
  -1.8362506599457189E-042   2.9152893916824680E-031   2.4597085983777781E-033   3.6143979967328635E-042  -4.5363046988258422E-055   3.3580508837069813E-068   6.1267026226823066E-079   3.9297513024009290E-087   6.3788281888321248E-095  -1.4160088684494498E-102   3.2197190552022800E-105   2.9281590827818348E-109   3.3418687111132157E-113   3.8647860830134749E-117   3.5792972470014812E-121
  -1.2457903161305345E-042   2.0054081754237576E-031   1.6725000147146895E-033   2.4206037459047745E-042  -3.2655580782834790E-055   2.1081442996617819E-068   4.0911326032434117E-079   2.6661332304018885E-087   4.3893521942806422E-095  -9.8561399953040879E-103   2.2601701725903518E-105   2.0671510891516881E-109   2.3672200955075497E-113   2.7422836436079265E-117   2.5410497164239500E-121
  -8.4484837661905704E-043   1.3794937806988224E-031   1.1372281817757556E-033   1.6210701597310950E-042  -2.3377405761350809E-055   1.3196924612235007E-068   2.7318722064810145E-079   1.8088336526262269E-087   3.0203686500813529E-095  -6.8603619194823695E-103   1.5865896799430914E-105   1.4593241900410300E-109   1.6768467015600972E-113   1.9458408867883923E-117   1.8040000637529362E-121
  -5.7269832685586242E-043   9.4892656107614160E-032   7.7326458856142013E-034   1.0856010147692035E-042  -1.6654929217759431E-055   8.2349568767591296E-069   1.8242202452971063E-079   1.2272001809793690E-087   2.0783537931811767E-095  -4.7751430204824389E-103   1.1137519277432886E-105   1.0302284624584412E-109   1.1878293616371317E-113   1.3807372539240007E-117   1.2807626207982459E-121
  -3.8804167290884935E-043   6.5274173654556798E-032   5.2578436768339413E-034   7.2699081438206985E-043  -1.1815704742681519E-055   5.1203131984128835E-069   1.2181316583891167E-079   8.3259192021617799E-088   1.4301414794580643E-095  -3.3237231416056049E-103   7.8183067712570193E-106   7.2730692147384522E-110   8.4143636375661571E-114   9.7977041050378201E-118   9.0930636400797841E-122
  -2.6280135878002800E-043   4.4899976951148566E-032   3.5750841527664111E-034   4.8683051676242467E-043  -8.3514713983858541E-056   3.1708475282362166E-069   8.1341327649540794E-080   5.6487060249136155E-088   9.8409840424348612E-096  -2.3134616158716086E-103   5.4882941610260007E-106   5.1345754858579697E-110   5.9606774760301973E-114   6.9526123567136519E-118   6.4559797194593916E-122
  -1.7789532153857891E-043   3.0884945675362925E-032   2.4308823065025176E-034   3.2599938767650483E-043  -5.8834606970406489E-056   1.9545739281641227E-069   5.4316071301854024E-080   3.8323552007951789E-088   6.7717053394730103E-096  -1.6102697834921570E-103   3.8526764111320129E-106   3.6248852686958361E-110   4.2225786893213338E-114   4.9338173606619222E-118   4.5837967021303796E-122
  -1.2035923046295378E-043   2.1244356734533990E-032   1.6528775198735613E-034   2.1829602399919373E-043  -4.1325738311183581E-056   1.1984649869143383E-069   3.6269829097269807E-080   2.6000550073314183E-088   4.6596959215185362E-096  -1.1208145294764905E-103   2.7045076607563906E-106   2.5590994591408572E-110   2.9913578839952407E-114   3.5013094500390490E-118   3.2546238651057168E-122
  -8.1388270994879918E-044   1.4612898930673012E-032   1.1238710976126799E-034   1.4617222154512466E-043  -2.8950421968005777E-056   7.3033115250141223E-070   2.4219364008544533E-080   1.7640029921357193E-088   3.2063955818209775E-096  -7.8013091060262471E-104   1.8985169587075621E-106   1.8066896056509674E-110   2.1191820681605367E-114   2.4847998008193290E-118   2.3109450412990213E-122
  -5.5004804724113923E-044   1.0051369951796390E-032   7.6417255058333697E-035   9.7875451418297221E-044  -2.0232327560898480E-056   4.4183494529885996E-070   1.6172606708500833E-080   1.1967848939658542E-088   2.2063612735123787E-096  -5.4299982718576431E-104   1.3327275883984937E-106   1.2755096247023281E-110   1.5013373347704155E-114   1.7634656046917393E-118   1.6409410075682455E-122
  -3.7152139929502326E-044   6.9136955070060944E-033   5.1959561537451231E-035   6.5534885399681760E-044  -1.4108750439946690E-056   2.6499106930435675E-070   1.0799344144180442E-080   8.1195671935139152E-089   1.5182250428178883E-096  -3.7794638690410639E-104   9.3555430751964723E-107   9.0050910887732947E-111   1.0636514550038662E-114   1.2515798735393473E-118   1.1652312988509037E-122
  -2.5078326581750158E-044   4.7554473983621940E-033   3.5329593983412648E-035   4.3879439503520605E-044  -9.8189635206465095E-057   1.5726018081923092E-070   7.2113205599766200E-081   5.5087068480050618E-089   1.0447098163127527E-096  -2.6306242335371939E-104   6.5674594022827574E-107   6.3576564029880174E-111   7.5358532829242757E-115   8.8831613883317558E-119   8.2746289825735180E-123
  -1.6917294081118583E-044   3.2709107116259481E-033   2.4022098951049475E-035   2.9379153843077662E-044  -6.8210212913594506E-057   9.2110927012895839E-071   4.8153990825113601E-081   3.7373729921719341E-089   7.1887801188191029E-097  -1.8309873229760245E-104   4.6102730655491218E-107   4.4886009977103827E-111   5.3392304125742742E-115   6.3051507772383866E-119   5.8762957412789597E-123
  -1.1404227599583368E-044   2.2497911217546584E-033   1.6333618372562454E-035   1.9670124220076682E-044  -4.7304602825164736E-057   5.3056113322550514E-071   3.2155097699736635E-081   2.5356144859352690E-089   4.9466903434351935E-097  -1.2744110479936946E-104   3.2363601659410020E-107   3.1690597658167750E-111   3.7830249911825990E-115   4.4755252489650789E-119   4.1732953785157823E-123
  -7.6822293025813143E-045   1.5474333057059110E-033   1.1105881000068529E-035   1.3169353331033475E-044  -3.2755470999307750E-057   2.9892355743841951E-071   2.1471750116005675E-081   1.7202834276190561E-089   3.4038800674633156E-097  -8.8701533736064111E-105   2.2718941100997005E-107   2.2374629574552484E-111   2.6804972482345146E-115   3.1769835602410597E-119   2.9639900752125454E-123
  -5.1710351030879055E-045   1.0643340153434710E-033   7.5513186447742367E-036   8.8168051819626415E-045  -2.2648565623589386E-057   1.6334749171836719E-071   1.4337885821106087E-081   1.1671234281656683E-089   2.3422528418643963E-097  -6.1737616056034594E-105   1.5948523028319109E-107   1.5797480908956187E-111   1.8993654375766981E-115   2.2553310884222478E-119   2.1052245773431687E-123
  -3.4779027401049987E-045   7.3204913757763383E-034   5.1344243337172790E-036   5.9026550616013393E-045  -1.5639344595993080E-057   8.5329527996763727E-072   9.5742078797867729E-082   7.9183294723362855E-090   1.6117337470926203E-097  -4.2970003494296332E-105   1.1195773788825004E-107   1.1153906546711740E-111   1.3459230444212189E-115   1.6011504983231360E-119   1.4953617528709845E-123
  -2.3371484698964267E-045   5.0349926604605609E-034   3.4910808780239923E-036   3.9515988139565487E-045  -1.0785923883342590E-057   4.1429681917156038E-072   6.3932347235612730E-082   5.3721774509150921E-090   1.1090543366574269E-097  -2.9907311721477745E-105   7.8593955686932830E-108   7.8754252424208710E-112   9.5378857130223825E-116   1.1367967318606092E-119   1.0622396616829128E-123
  -1.5691388724059876E-045   3.4630103964441470E-034   2.3737078375166219E-036   2.6453764581154880E-045  -7.4300727620530420E-058   1.7484150902433656E-072   4.2691214224798931E-082   3.6447448498893076E-090   7.6315428899933272E-098  -2.0815432074826408E-105   5.5172886676136344E-108   5.5607018343562905E-112   6.7593663111075786E-116   8.0716957872139805E-120   7.5462225317454953E-124
  -1.0524895841986674E-045   2.3817990704950178E-034   1.6139639454132412E-036   1.7708885565203338E-045  -5.1127924878406722E-058   5.0103776457696817E-073   2.8507322257468358E-082   2.4727710769284401E-090   5.2513609987636849E-098  -1.4487355408875928E-105   3.8731466934765367E-108   3.9264004280658867E-112   4.7905324312953185E-116   5.7316645097725503E-120   5.3613010690928425E-124
  -7.0522594991412972E-046   1.6381469108247793E-034   1.0973865050160769E-036   1.1854520702727240E-045  -3.5146498969776462E-058  -1.0167616046157863E-073   1.9035943319662841E-082   1.6776474213438649E-090   3.6135277939703957E-098  -1.0082957825605051E-105   2.7189675978994802E-108   2.7724889591772609E-112   3.3953741274540975E-116   4.0703679186640587E-120   3.8093171727792465E-124
  -4.7202256850364364E-046   1.1266706977418144E-034   7.4614740527167259E-037   7.9353428940370014E-046  -2.4137457340402444E-058  -3.5340529287749332E-073   1.2711372336230571E-082   1.1381971006503784E-090   2.4865140909720562E-098  -7.0174836076519123E-106   1.9087372523254367E-108   1.9577456678855018E-112   2.4066881988258827E-116   2.8908573214273541E-120   2.7068457683092268E-124
  -3.1556443503389034E-046   7.7488562555507643E-035   5.0732806988608055E-037   5.3117329754485009E-046  -1.6561927918391922E-058  -4.2282091491047016E-073   8.4881009468228557E-083   7.7220792846133588E-091   1.7110017352574661E-098  -4.8839239622737452E-106   1.3399558854438950E-108   1.3824676100885818E-112   1.7060150263612554E-116   2.0533507796961329E-120   1.9236349581347695E-124
  -2.1070136894537525E-046   5.3293554727540538E-035   3.4494702328359856E-037   3.5554577011529223E-046  -1.1354354968243221E-058  -4.0458370578206222E-073   5.6679849685480631E-083   5.2390318375940872E-091   1.1773618936505144E-098  -3.3989889968936015E-106   9.4067002862373213E-109   9.7626346358169813E-113   1.2094262797353807E-116   1.4586356454393031E-120   1.3671878313729511E-124
  -1.4049464069461616E-046   3.6652894644087145E-035   2.3453905508036008E-037   2.3798163684395590E-046  -7.7779773691224894E-059  -3.5013389799981973E-073   3.7848345660986559E-083   3.5544124300714871E-091   8.1015758220372826E-099  -2.3655017746304247E-106   6.6036920379762493E-109   6.8943561953655141E-113   8.5745708854495472E-117   1.0362908443459980E-120   9.7181582208911807E-125
  -9.3544778360625769E-047   2.5208000493967308E-035   1.5946934480944727E-037   1.5928685242533344E-046  -5.3240518919909237E-059  -2.8611308867627723E-073   2.5273487232710544E-083   2.4114851970060947E-091   5.5747966002162052E-099  -1.6462229466519481E-106   4.6359557541859091E-109   4.8689616072882324E-113   6.0797398099646701E-117   7.3632908498169437E-121   6.9086659222666660E-125
  -6.2186408951763046E-047   1.7336645738569874E-035   1.0842727095290276E-037   1.0661169960331894E-046  -3.6417201045323131E-059  -2.2526423801765020E-073   1.6876543182709478E-083   1.6360681180832171E-091   3.8360879200159409E-099  -1.1456316139402855E-106   3.2545804501527687E-109   3.4387166785101827E-113   4.3112242734014901E-117   5.2326577692942328E-121   4.9120567617087609E-125
  -4.1269555972064411E-047   1.1923076539012212E-035   7.3722343345934616E-038   7.1353972341495157E-047  -2.4892899096768515E-059  -1.7279211277949966E-073   1.1269428070155646E-083   1.1099876915362467E-091   2.6396605276961872E-099  -7.9724409429420525E-107   2.2848322483342210E-109   2.4287087767309134E-113   3.0574753125229248E-117   3.7190992888475046E-121   3.4929822322224611E-125
  -2.7337394635403434E-047   8.1998931756338716E-036   5.0125536226963929E-038   4.7755092885684516E-047  -1.7004496565423681E-059  -1.3000905827624950E-073   7.5252392524750162E-084   7.5306930178487473E-092   1.8163837351084681E-099  -5.5478731944658897E-107   1.6040487373179943E-109   1.7154387708997666E-113   2.1685828488261034E-117   2.6437698345516656E-121   2.4842678437799932E-125
  -1.8071867432475397E-047   5.6392933603960898E-036   3.4081463569514451E-038   3.1960191848172590E-047  -1.1608741412554835E-059  -9.6375515229700895E-074   5.0250316690923533E-084   5.1091861433506651E-092   1.2498765807504730E-099  -3.8605522031149508E-107   1.1261211545617361E-109   1.2117069919268974E-113   1.5383108729558390E-117   1.8796877450966547E-121   1.7671569319321615E-125
  -1.1920166186763963E-047   3.8782681591040615E-036   2.3172706156135212E-038   2.1388833492311984E-047  -7.9204936527140619E-060  -7.0604556769094862E-074   3.3555008123494460E-084   3.4663188348589240E-092   8.6005585588923280E-100  -2.6863258171553280E-107   7.9060109987320269E-110   8.5594264646552400E-114   1.0913696925095774E-117   1.3366883765101571E-121   1.2572814617396991E-125
  -7.8432626074316613E-048   2.6671513445241853E-036   1.5755587213159143E-038   1.4313727717788836E-047  -5.4010341991008473E-060  -5.1230473383506063E-074   2.2406599266462941E-084   2.3517182439104586E-092   5.9181529366445657E-100  -1.8691872802115584E-107   5.5505358853748382E-110   6.0467024516462575E-114   7.7439827977841666E-118   9.5074419077038258E-122   8.9469924710508771E-126
  -5.1467420927697202E-048   1.8342316668524132E-036   1.0712522896436758E-038   9.5786923148743478E-048  -3.6810369082991755E-060  -3.6877805395155821E-074   1.4962170479169137E-084   1.5955193281997561E-092   4.0723557620822222E-100  -1.3005593796108757E-107   3.8968898146501249E-110   4.2719073772495896E-114   5.4957503108154984E-118   6.7638407018043312E-122   6.3681859661505114E-126
  -3.3670996160433916E-048   1.2614133969634222E-036   7.2836366080691107E-039   6.4098431395714619E-048  -2.5075075789703703E-060  -2.6368552242410328E-074   9.9910999351233714E-085   1.0824774325075561E-092   2.8022394221069934E-100  -9.0487581103859327E-108   2.7359465214665907E-110   3.0182622798300680E-114   3.9009066488128872E-118   4.8131221584731666E-122   4.5337329847942864E-126
  -2.1953823858216294E-048   8.6747594258421900E-037   4.9522678103547117E-039   4.2891987681957622E-048  -1.7072722217319690E-060  -1.8746342327854354E-074   6.6716316307509554E-085   7.3440501232017960E-093   1.9282563322134983E-100  -6.2954559550978916E-108   1.9208964641196365E-110   2.1326858597016724E-114   2.7694041702545855E-118   3.4258819773809032E-122   3.2285359208046293E-126
  -1.4259611728638811E-048   5.9656011092978830E-037   3.3671256921490515E-039   2.8700695375319974E-048  -1.1618785077223757E-060  -1.3261534778066962E-074   4.4550323949719757E-085   4.9825585820253765E-093   1.3268575328753652E-100  -4.3796821755604842E-108   1.3486766896142122E-110   1.5070742687865178E-114   1.9665096597700407E-118   2.4391507739104053E-122   2.2997110848168083E-126
  -9.2219535613822766E-049   4.1024923111079375E-037   2.2893589731324553E-039   1.9204191258830232E-048  -7.9035919757996443E-061  -9.3409585308953087E-075   2.9748818663857313E-085   3.3804085765680597E-093   9.1302742532244524E-101  -3.0467213485512065E-108   9.4693466563017254E-111   1.0650834102926268E-114   1.3966964149282842E-118   1.7371405416619531E-122   1.6385811795247631E-126
  -5.9344543352583647E-049   2.8212278125420985E-037   1.5565670451007319E-039   1.2849518727416198E-048  -5.3740544630555823E-061  -6.5544138252457490E-075   1.9865002890842521E-085   2.2934325721154447E-093   6.2826570275901091E-101  -2.1193119359822729E-108   6.6487690520334716E-111   7.5279619082127604E-115   9.9222897132488153E-119   1.2375742397012609E-122   1.1678829593675363E-126
  -3.7970047087467951E-049   1.9401056275939685E-037   1.0583300887853827E-039   8.5973540768019492E-049  -3.6525890118521015E-061  -4.5836071519503498E-075   1.3265010262772432E-085   1.5559755111493699E-093   4.3231756552538999E-101  -1.4740968647135817E-108   4.6684468676931876E-111   5.3213271759008088E-115   7.0507294603021088E-119   8.8197877160928605E-123   8.3267901318422836E-127
  -2.4131062310383874E-049   1.3341647256057066E-037   7.1957130929295582E-040   5.7521440269460564E-049  -2.4815769319592557E-061  -3.1957185660091718E-075   8.8578148256038580E-086   1.0556489956248180E-093   2.9748317775645499E-101  -1.0252335450016202E-108   3.2780418034014272E-111   3.7619716598320638E-115   5.0116109923715474E-119   6.2879169740941239E-123   5.9390058364496706E-127
  -1.5213847860891909E-049   9.1746691927104661E-038   4.8924446927905303E-040   3.8484119029043697E-049  -1.6853475051280111E-061  -2.2220301804546577E-075   5.9148761045986165E-086   7.1620330395565256E-094   2.0470193267257042E-101  -7.1298687583440381E-109   2.3018048074276362E-111   2.6599206771866258E-115   3.5632911696071375E-119   4.4846563136759167E-123   4.2375933152135039E-127
  -9.4997366723255178E-050   6.3091125762874743E-038   3.3264224914791316E-040   2.5746611241975564E-049  -1.1441742932116021E-061  -1.5412218070213519E-075   3.9497058671217430E-086   4.8590693944753205E-094   1.4085798609460787E-101  -4.9579038869087409E-109   1.6163506273678434E-111   1.8809810980481408E-115   2.5343469179829973E-119   3.1999105209528407E-123   3.0248678945524876E-127
  -5.8617633728965527E-050   4.3385345809402773E-038   2.2616651014341488E-040   1.7224443442860619E-049  -7.7650058822442814E-062  -1.0666253588352688E-075   2.6374479970319415E-086   3.2966275427420396E-094   9.6926160040617818E-102  -3.4472117613995026E-109   1.1350552027508135E-111   1.3303567781483519E-115   1.8031522934479707E-119   2.2842630270404048E-123   2.1601707190302964E-127
  -3.5632457430435461E-050   2.9834227341869136E-038   1.5377247214257095E-040   1.1522767028307058E-049  -5.2679764686776336E-062  -7.3667362954971968E-076   1.7611773937422685E-086   2.2365914691150392E-094   6.6696115584185117E-102  -2.3965476766243291E-109   7.9710232633621495E-112   9.4107788191950901E-116   1.2833993984063096E-119   1.6314283940636016E-123   1.5433977630794615E-127
  -2.1242996167637453E-050   2.0515565456329796E-038   1.0455102965910558E-040   7.7082304127428731E-050  -3.5727576288543737E-062  -5.0784240422583768E-076   1.1760406822229574E-086   1.5174117593936237E-094   4.5894440091676908E-102  -1.6658920091873736E-109   5.5979413142281847E-112   6.6582944750867658E-116   9.1383234272790846E-120   1.1657845486681648E-123   1.1032910340804584E-127
  -1.2335504021138071E-050   1.4107471264408925E-038   7.1084916386623875E-041   5.1563071329972539E-050  -2.4222889972227338E-062  -3.4949307796245479E-076   7.8531091547308770E-087   1.0294854824102074E-094   3.1580544366838014E-102  -1.1578280810411256E-109   3.9315282464744413E-112   4.7118033312531719E-116   6.5096765131832612E-120   8.3351304802472989E-124   7.8911398533294273E-128
  -6.8986498375643668E-051   9.7008963225576160E-039   4.8331027796263377E-041   3.4491247971371887E-050  -1.6417829963328985E-062  -2.4013836031479213E-076   5.2439792875357885E-087   6.9845271194716796E-095   2.1730971849228792E-102  -8.0458307718546763E-110   2.7613091019129332E-112   3.3350724969307405E-116   4.6393179817418205E-120   5.9630232777756418E-124   5.6473214275980676E-128
  -3.6398820452674971E-051   6.6707025863562102E-039   3.2860490552406629E-041   2.3070921091773608E-050  -1.1124421339221904E-062  -1.6475892626906546E-076   3.5017113657162545E-087   4.7386407983356004E-095   1.4953356525477529E-102  -5.5901009910753054E-110   1.9395060812186502E-112   2.3611585936059785E-116   3.3079972127176437E-120   4.2687178846242620E-124   4.0440335271931003E-128
  -1.7335119035665445E-051   4.5869957617964379E-039   2.2341971732962354E-041   1.5431448933583305E-050  -7.5355550001510348E-063  -1.1288763950210642E-076   2.3382975134172084E-087   3.2149229620652156E-095   1.0289593756569006E-102  -3.8831295142761841E-110   1.3623599581503569E-112   1.6720727019886358E-116   2.3599758569310011E-120   3.0578963784572650E-124   2.8978337616862231E-128
  -6.5577632755632892E-052   3.1541487087795386E-039   1.5190371797638609E-041   1.0321292218335902E-050  -5.1030902272179798E-063  -7.7249322119527021E-077   1.5614181855811593E-087   2.1811591322982652E-095   7.0803996389467348E-103  -2.6967962249257874E-110   9.5701665450033184E-113   1.1844159369344377E-116   1.6846021071854755E-120   2.1921010884517671E-124   2.0779557237923078E-128
  -7.7203234350203458E-053   2.1688677764992103E-039   1.0327965194919260E-041   6.9031432258616920E-051  -3.4548985020841796E-063  -5.2799585129113891E-077   1.0426504653857722E-087   1.4798037827108230E-095   4.8721125907641923E-103  -1.8724401108832599E-110   6.7232076249433758E-113   8.3923197601122223E-117   1.2032369048060908E-120   1.5726410621741100E-124   1.4911502452632954E-128
   2.0736919393452482E-052   1.4913551957589985E-039   7.0219961964809444E-042   4.6168416553309334E-051  -2.3384336575955459E-063  -3.6048484493215835E-077   6.9623891203504198E-088   1.0039704132034581E-095   3.3525623465821505E-103  -1.2997194516063129E-110   4.7235191327726523E-113   5.9483809410461817E-117   8.5997608102495585E-121   1.1291434026113330E-124   1.0708965522222686E-128
   3.2410130311189875E-052   1.0254777217332507E-039   4.7742579748154511E-042   3.0876509665554571E-051  -1.5823626617480647E-063  -2.4586356320399905E-077   4.6491963058851098E-088   6.8114205569686760E-096   2.3069406028135570E-103  -9.0190372277670588E-111   3.3188676151396654E-113   4.2176007764690628E-117   6.1506515861399631E-121   8.1140696758005446E-125   7.6972181614012643E-129
   3.4934656251613684E-052   7.0512889210586373E-040   3.2460159420764902E-042   2.0648874534330144E-051  -1.0704873776859702E-063  -1.6752484835361849E-077   3.1045418414197769E-088   4.6211969390270611E-096   1.5874350515899088E-103  -6.2564088613122766E-111   2.3321286456591410E-113   2.9915330752321668E-117   4.4022446413106543E-121   5.8360439257864120E-125   5.5373217654887622E-129
   3.2835908121280298E-052   4.8485061448575839E-040   2.2069621973653961E-042   1.3808591027849052E-051  -7.2402708424662576E-064  -1.1404257623289060E-077   2.0730853922085153E-088   3.1352433711251272E-096   1.0923341759837275E-103  -4.3383867522863681E-111   1.6389168195154971E-113   2.1227372856024579E-117   3.1532971385215263E-121   4.2015435721380699E-125   3.9871743220108038E-129
   2.8720383750486915E-052   3.3338385916974223E-040   1.5005090714844299E-042   9.2339384933191923E-052  -4.8958584789207423E-064  -7.7567574035807398E-078   1.3843213137129783E-088   2.1271006463990596E-096   7.5164899570742312E-104  -3.0071252786329859E-111   1.1518792959211889E-113   1.5069054958534456E-117   2.2605454043174129E-121   3.0278207359531208E-125   2.8737578576437263E-129
   2.4028157213015017E-052   2.2923365854024643E-040   1.0201918438399754E-042   6.1746030617676956E-052  -3.3098368708373289E-064  -5.2715651525676678E-078   9.2439302380000727E-089   1.4431278928972302E-096   5.1721920872803394E-104  -2.0834095368390760E-111   8.0966772812714031E-114   1.0702300484804842E-117   1.6219580071284337E-121   2.1842528501186572E-125   2.0733596878035242E-129
   1.9503950725964666E-052   1.5761930815150187E-040   6.9362472414539593E-043   4.1287196223338586E-052  -2.2371278190020804E-064  -3.5798448898773690E-078   6.1727182183431266E-089   9.7908771678230162E-097   3.5590510234130536E-104  -1.4426964129431792E-111   5.6919487976867302E-114   7.6047414970879929E-118   1.1648361034142012E-121   1.5774206431668105E-125   1.4974717437942228E-129
   1.5488733597064631E-052   1.0837713869450684E-040   4.7159238589192322E-043   2.7606149831208582E-052  -1.5117645118026877E-064  -2.4292469619290284E-078   4.1218889156601614E-089   6.6426043171076860E-097   2.4490282118047168E-104  -9.9845144878963699E-112   4.0019745376400129E-114   5.4065922980597297E-118   8.3735571073086121E-122   1.1404706769954169E-125   1.0827343066880878E-129
   1.2097698768566579E-052   7.4518344023303154E-041   3.2063321577295123E-043   1.8457811650847685E-052  -1.0213843170875683E-064  -1.6473207203023968E-078   2.7524291762548933E-089   4.5066638419770427E-097   1.6852074394898808E-104  -6.9056088432663235E-112   2.8141816869095811E-114   3.8460162804567638E-118   6.0255455175185221E-122   8.2552921456365860E-126   7.8376135052506263E-130
   9.3269342930781156E-053   5.1237269501057467E-041   2.1799661443756247E-043   1.2340657899204173E-052  -6.8993529257530930E-065  -1.1163456196561108E-078   1.8379600178139214E-089   3.0575385819966700E-097   1.1596126752074399E-104  -4.7727390681648154E-112   1.9792477221169704E-114   2.7375637889510006E-118   4.3405553057567000E-122   5.9828985304430777E-126   5.6801965573339594E-130
   7.1158218864437090E-053   3.5229464768161074E-041   1.4821443542520636E-043   8.2504941555801167E-053  -4.6595504663738097E-065  -7.5604402427974556E-079   1.2273148912058325E-089   2.0743819615036216E-097   7.9794424549596148E-105  -3.2960026806405779E-112   1.3922736124147722E-114   1.9498496112844774E-118   3.1302423900831120E-122   4.3415028311259499E-126   4.1217217315752523E-130
   5.3823096941106890E-053   2.4222748218063026E-041   1.0076988923431237E-043   5.5157549093227221E-053  -3.1462875502716348E-065  -5.1172458713096694E-079   8.1955099905266134E-090   1.4073609888457643E-097   5.4907560456300047E-105  -2.2741554383288683E-112   9.7956252111227941E-115   1.3897625788714361E-118   2.2600359522663918E-122   3.1545343906220432E-126   2.9946571569325264E-130
   4.0418454200809811E-053   1.6654749465106902E-041   6.8512621498666014E-044   3.6873394001029392E-053  -2.1240938326474625E-065  -3.4616109225832322E-079   5.4726289117842262E-090   9.5482172023933976E-098   3.7782592887442858E-105  -1.5675390273461331E-112   6.8933465291321106E-115   9.9129377030840301E-119   1.6337212505130197E-122   2.2951629791473390E-126   2.1786377218032270E-130
   3.0166861701121366E-053   1.1451177042129631E-041   4.6581119414318781E-044   2.4649279052193255E-053  -1.4337451243610136E-065  -2.3403680018100928E-079   3.6543997494106596E-090   6.4779720673128070E-098   2.5998684812415633E-105  -1.0792659524360361E-112   4.8520612246346378E-115   7.0763082719870453E-119   1.1824579861739709E-122   1.6722066944384197E-126   1.5871118465801095E-130
   2.2397149716888416E-053   7.8733490761919753E-042   3.1670053237595669E-044   1.6476997580601780E-053  -9.6759847472438310E-066  -1.5814825204007872E-079   2.4402602151497636E-090   4.3949693660282341E-098   1.7890027593194489E-105  -7.4214531962910420E-113   3.4160882645449548E-115   5.0556231471514043E-119   8.5695449126457175E-123   1.2200515389013215E-126   1.1577863650432413E-130
   1.6552633631541028E-053   5.4133518257123900E-042   2.1532140599595944E-044   1.1013731241549395E-053  -6.5289791184551418E-066  -1.0681413271585999E-079   1.6295071146172325E-090   2.9817596506333991E-098   1.2310357186751601E-105  -5.0959952375362378E-113   2.4057341470916326E-115   3.6151620369514159E-119   6.2188807660309656E-123   8.9143607743922021E-127   8.4578498972208703E-131
   1.2184213424213441E-053   3.7219487260272786E-042   1.4639463674567337E-044   7.3616166529544174E-054  -4.4047788972667331E-066  -7.2108461210555256E-080   1.0881190572945157E-090   2.0229698716062817E-098   8.4709147651643251E-106  -3.4935491265870157E-113   1.6946955697323640E-115   2.5875454315352842E-119   4.5192473775688424E-123   6.5228337377548602E-127   6.1874651093738064E-131
   8.9368778837575338E-054   2.5590096263201285E-042   9.9531987450004017E-045   4.9203277423428704E-054  -2.9712107194917841E-066  -4.8657014921370139E-080   7.2660202818247321E-091   1.3724805419980748E-098   5.8289453680595283E-106  -2.3906027436569695E-113   1.1941854229103638E-115   1.8538633809736777E-119   3.2887816573016732E-123   4.7799665954706882E-127   4.5331032366324734E-131
   6.5343264088146803E-054   1.7594254537632894E-042   6.7670555364405464E-045   3.2884917293556719E-054  -2.0038952241795258E-066  -3.2818175518821635E-080   4.8519557127303664E-091   9.3115713911233072E-099   4.0109724141518081E-106  -1.6324486842978575E-113   8.4178097287662499E-116   1.3295957660575098E-119   2.3968072294686049E-123   3.5080215083921643E-127   3.3259477344056461E-131
   4.7641451424868890E-054   1.2096709602041135E-042   4.6008318862523864E-045   2.1977644185388819E-054  -1.3512958191060733E-066  -2.2125886175519754E-080   3.2399408610209028E-091   6.3174201104082906E-099   2.7600019212524781E-106  -1.1120706023378360E-113   5.9358889384620306E-116   9.5463292890545197E-120   1.7493338506966693E-123   2.5784146910311416E-127   2.4438644022578673E-131
   3.4646526684288694E-054   8.3168925010214475E-043   3.1280418282971167E-045   1.4687468673561559E-054  -9.1109006517965518E-067  -1.4911154493398323E-080   2.1635023447024263E-091   4.2860431580078976E-099   1.8991930613996891E-106  -7.5549323812270499E-114   4.1874017964939738E-116   6.8620009351794267E-120   1.2786873194492013E-123   1.8980103500468706E-127   1.7983884821127964E-131
   2.5137915832446601E-054   5.7181084192138504E-043   2.1267101654438494E-045   9.8150827312599125E-055  -6.1419910124321687E-067  -1.0045068401062221E-080   1.4447000541917773E-091   2.9078588460446567E-099   1.3068594095480712E-106  -5.1162087581950863E-114   2.9552175467043288E-116   4.9383876293014220E-120   9.3608787737703773E-124   1.3992639697309751E-127   1.3253646426712407E-131
   1.8200525230985234E-054   3.9313450480395981E-043   1.4459178996056218E-045   6.5587629021098017E-055  -4.1399539336742584E-067  -6.7644401295322792E-081   9.6471279635763565E-092   1.9728319936974697E-099   8.9926698591600523E-107  -3.4519178829952945E-114   2.0865791744192064E-116   3.5584566896653950E-120   6.8633464071111768E-124   1.0331271615182449E-127   9.7820825536531230E-132
   1.3152317258934786E-054   2.7028841714248804E-043   9.8305663165814664E-046   4.3825876323166839E-055  -2.7901126255742815E-067  -4.5535917761322851E-081   6.4419658794519165E-092   1.3384645821564405E-099   6.1879737076997705E-107  -2.3189526011631467E-114   1.4739963942855328E-116   2.5674486478459405E-120   5.0399529764394614E-124   7.6393530060815646E-128   7.2304918169094508E-132
   9.4875315656597460E-055   1.8582802751015396E-043   6.6836395555881602E-046   2.9283281752048349E-055  -1.8801358558582198E-067  -3.0642573119722604E-081   4.3016872432731589E-092   9.0807906775821699E-100   4.2580259350933205E-107  -1.5498901622092380E-114   1.0418149808400046E-116   1.8549238702498024E-120   3.7067243054897612E-124   5.6572001527888114E-128   5.3522863734949196E-132
   6.8327812566101123E-055   1.2775930011420945E-043   4.5440917130991047E-046   1.9565416070442201E-055  -1.2667745585981644E-067  -2.0613445486470350E-081   2.8724949434680634E-092   6.1608473193142197E-100   2.9300037842813506E-107  -1.0295726777276595E-114   7.3677490824107690E-117   1.3420055707716880E-120   2.7304045252021178E-124   4.1954651870704956E-128   3.9676945268083990E-132
   4.9134769127462285E-055   8.7835761452951728E-044   3.0894469607053579E-046   1.3071889654217569E-055  -8.5340134511924727E-068  -1.3862297286827308E-081   1.9181375340024191E-092   4.1798166084224827E-100   2.0161744211196807E-107  -6.7890199557209060E-115   5.2137173533429231E-117   9.7231032227904865E-121   2.0143455906228151E-124   3.1158877404127608E-128   2.9454723857577912E-132
   3.5283797233477524E-055   6.0387600238392966E-044   2.1004579478807810E-046   8.7330779263273047E-056  -5.7484723545752658E-068  -9.3193123543747827E-082   1.2808558128359395E-092   2.8357896202383694E-100   1.3873564733707620E-107  -4.4363399840612593E-115   3.6918826240623017E-117   7.0549646529444983E-121   1.4883543480551084E-124   2.3173639303297464E-128   2.1896673928538887E-132
   2.5304601932605087E-055   4.1516596287725834E-044   1.4280612485160396E-046   5.8341246342184424E-056  -3.8716662054955673E-068  -6.2632695774558608E-082   8.5530452974662264E-093   1.9239367473734062E-100   9.5465857794629576E-108  -2.8663568837586525E-115   2.6161116502680359E-117   5.1267193996038231E-121   1.1013793787393550E-124   1.7258514077916100E-128   1.6300267718749569E-132
   1.8125913790287155E-055   2.8542584376176562E-044   9.7091067725668109E-047   3.8972942523827794E-056  -2.6072991835346817E-068  -4.2081501428866308E-082   5.7113835829673228E-093   1.3052916836514562E-100   6.5691344264089878E-108  -1.8253941384476122E-115   1.8552130553198201E-117   3.7312348692981104E-121   8.1623744416440777E-125   1.2870448738496632E-128   1.2150385908440754E-132
   1.2969138459444701E-055   1.9622866240771750E-044   6.6010241704625667E-047   2.6033318665442134E-056  -1.7556278291420357E-068  -2.8265607985262662E-082   3.8138351179539118E-093   8.8557296996944541E-101   4.5203106376869248E-108  -1.1405552505192191E-115   1.3166866360747819E-117   2.7198536834821855E-121   6.0580626050224022E-125   9.6105476712122754E-129   9.0687640251991837E-133
   9.2696737549820763E-056   1.3490535987107783E-044   4.4878979773854548E-047   1.7388992695994822E-056  -1.1820171056819935E-068  -1.8980441828756536E-082   2.5467277785523679E-093   6.0081550733901077E-101   3.1104876482313465E-108  -6.9431608815878013E-116   9.3528715033920543E-118   1.9857649594972471E-121   4.5027254436748195E-125   7.1853605680166053E-129   6.7772191023797656E-133
   6.6189371879959502E-056   9.2745658999284192E-045   3.0512250318368396E-047   1.1614421218408878E-056  -7.9573019876126629E-069  -1.2742038081744292E-082   1.7006038752645679E-093   4.0762228082756972E-101   2.1403695201337060E-108  -4.0703823633260781E-116   6.6497438316529937E-118   1.4521338360216549E-121   3.3514032369432059E-125   5.3786807185935525E-129   5.0708640624478097E-133
   4.7218086265477115E-056   6.3761073035117266E-045   2.0744602404461221E-047   7.7570872068941044E-057  -5.3562361468418643E-069  -8.5518409162657873E-083   1.1355959368779287E-093   2.7655065789268423E-101   1.4728181222998157E-108  -2.2494981212550921E-116   4.7324539557728796E-118   1.0636205454541157E-121   2.4978759605043695E-125   4.0309709549338477E-129   3.7985700842049754E-133
   3.3654905687494010E-056   4.3834423157602037E-045   1.4103782750647811E-047   5.1805684924506735E-057  -3.6050092263796118E-069  -5.7381492182194505E-083   7.5830605139555846E-094   1.8762533349618796E-101   1.0134669138591720E-108  -1.1189658274493301E-116   3.3714292533107163E-118   7.8031575409389978E-122   1.8641895277368932E-125   3.0243324968026731E-129   2.8486955275535458E-133
   2.3967890383967174E-056   3.0135100266346717E-045   9.5888323276031384E-048   3.4596605876861764E-057  -2.4260893725972908E-069  -3.8492737151838730E-083   5.0636681857897639E-094   1.2729409518589548E-101   6.9738103946432526E-109  -4.3690249682032572E-117   2.4044341664633242E-118   5.7339966336917217E-122   1.3930448348418559E-125   2.2715072125555786E-129   2.1386467396889458E-133
   1.7055814138440950E-056   2.0717038143308924E-045   6.5192173931873553E-048   2.3102903987702272E-057  -1.6325327153359873E-069  -2.5815679519096149E-083   3.3813177343234574E-094   8.6362466982703752E-102   4.7987796913336265E-109  -4.2436231290704665E-118   1.7167543441531570E-118   4.2203182868470343E-122   1.0422592255108782E-125   1.7078189758448186E-129   1.6072306872035944E-133
   1.2128148305246166E-056   1.4242308334328256E-045   4.4322559308214597E-048   1.5426816960390759E-057  -1.0984304871152448E-069  -1.7309681667986917E-083   2.2579106410482764E-094   5.8592471963800748E-102   3.3021106208670342E-109   1.7066472393964543E-117   1.2272276557165881E-118   3.1112042705387221E-122   7.8073018211653769E-126   1.2852597561765556E-129   1.2090444881045954E-133
   8.6181233042973842E-057   9.7910847105791337E-046   3.0133794814002957E-048   1.0300597475018263E-057  -7.3899198615813671E-070  -1.1603744813224974E-083   1.5077437711934606E-094   3.9751965069705519E-102   2.2722314531908053E-109   2.7194047781841207E-117   8.7839321921348114E-119   2.2972053169341672E-122   5.8548941031910998E-126   9.6814305271889269E-130   9.1035316892492680E-134
   6.1198749685148512E-057   6.7309901002040454E-046   2.0487192942164444E-048   6.8774033561046159E-058  -4.9712338915667547E-070  -7.7770254513282741E-084   1.0068119461090514E-094   2.6969654529697204E-102   1.5635568463625307E-109   3.0642015918689903E-117   6.2954166112292062E-119   1.6988270074716708E-122   4.3954949483679984E-126   7.2990441498915916E-130   6.8605634171713487E-134
   4.3430853572337025E-057   4.6272698590913391E-046   1.3928704511729496E-048   4.5915806079024594E-058  -3.3438501699895771E-070  -5.2111996818421309E-084   6.7230942683868641E-095   1.8297517221527587E-102   1.0759075633016110E-109   3.0286054220848909E-117   4.5181002105891502E-119   1.2582427697901682E-122   3.3032747624484687E-126   5.5074273600433868E-130   5.1745280327776428E-134
   3.0803029855614359E-057   3.1810350134865536E-046   9.4697525973794527E-049   3.0653156658474888E-058  -2.2489943825661235E-070  -3.4911879209375538E-084   4.4894182241818912E-095   1.2413920100620286E-102   7.4034891018326532E-110   2.7929660464468860E-117   3.2471812859397349E-119   9.3332199172548948E-123   2.4848899144164292E-126   4.1587873285388546E-130   3.9059069187216338E-134
   2.1834342036261586E-057   2.1868038446029226E-046   6.4382254993081990E-049   2.0462707729861636E-058  -1.5124800712415490E-070  -2.3384195177162953E-084   2.9978572756619023E-095   8.4222034278965827E-103   5.0944598029316484E-110   2.4676388712587932E-117   2.3372160293638136E-119   6.9332084482662754E-123   1.8709945547443248E-126   3.1426717701384630E-130   2.9504799994467498E-134
   1.5468559453900621E-057   1.5033114963395969E-046   4.3771696647771440E-049   1.3659208163306020E-058  -1.0170713930823583E-070  -1.5659849852698723E-084   2.0018515248084231E-095   5.7140298959765075E-103   3.5055815906594026E-110   2.1178120970107509E-117   1.6848213832432211E-119   5.1576865596856920E-123   1.4099974645117688E-126   2.3764322627118429E-130   2.2302985265347479E-134
   1.0953008679579247E-057   1.0334415335521087E-046   2.9759129738003694E-049   9.1172126448945981E-059  -6.8387140178836654E-071  -1.0485059787889275E-084   1.3367580128929254E-095   3.8766740713197375E-103   2.4122498433178180E-110   1.7799576485359910E-117   1.2164410054077607E-119   3.8421497093484006E-123   1.0634629603547551E-126   1.7981513553535292E-130   1.6869929435265449E-134
   7.7517684693597424E-058   7.1042893274977918E-047   2.0232368422385773E-049   6.0851653815419171E-059  -4.5978985940887334E-071  -7.0189876667101238E-085   8.9263467041758330E-096   2.6301230705731681E-103   1.6599109541944868E-110   1.4726454175606335E-117   8.7968685066151484E-120   2.8659703090077265E-123   8.0271762906288530E-127   1.3613893304323360E-130   1.2768046679706334E-134
   5.4835436615138903E-058   4.8837472115273359E-047   1.3755389026365813E-049   4.0612153821494533E-059  -3.0910567223270558E-071  -4.6978626559648941E-085   5.9606651848112735E-096   1.7844026191420298E-103   1.1422143818722595E-110   1.2035826084036685E-117   6.3720719049718953E-120   2.1405505289886172E-123   6.0634285995138865E-127   1.0312769187574669E-130   9.6689248813641444E-135
   3.8772493338967558E-058   3.3572488391180137E-047   9.3518748849493193E-050   2.7102701227867512E-059  -2.0778676367932167E-071  -3.1437670769334515E-085   3.9802992620901537E-096   1.2106249866630000E-103   7.8597878210462197E-111   9.7413948914229796E-118   4.6234074133571616E-120   1.6007117099137331E-123   4.5831910196835364E-127   7.8160507211080584E-131   7.3258276717741541E-135
   2.7402884487644437E-058   2.3078720116316445E-047   6.3580532191983700E-050   1.8085962461437551E-059  -1.3966666457806097E-071  -2.1034223463837977E-085   2.6578884226301202E-096   8.2134650702087533E-104   5.4084699946936872E-111   7.8221292523733745E-118   3.3603426726960664E-120   1.1984264204091856E-123   3.4665037837840034E-127   5.9265442724962521E-131   5.5531952481883862E-135
   1.9359167176859561E-058   1.5864915097856618E-047   4.3226422382361330E-050   1.2068206375480371E-059  -9.3871177535095395E-072  -1.4071178725460619E-085   1.7748341870810602E-096   5.5724117050062480E-104   3.7216752587417196E-111   6.2399992162968199E-118   2.4465452481083890E-120   8.9824858827253256E-124   2.6234325693215082E-127   4.4957432407321082E-131   4.2113425772425954E-135
   1.3671058911528344E-058   1.0905903234941106E-047   2.9388274836734742E-050   8.0522164378733263E-060  -6.3086584663991319E-072  -9.4116134154795964E-086   1.1851650781027109E-096   3.7805934456648938E-104   2.5609613412353633E-111   4.9506383922324998E-118   1.7843369692468583E-120   6.7397632876386685E-124   1.9864783214718086E-127   3.4117069556349810E-131   3.1950226983033493E-135
   9.6504944081856401E-059   7.4969289543610721E-048   1.9980141567093721E-050   5.3722881840955806E-060  -4.2394315080108766E-072  -6.2940321090352416E-086   7.9140707210560684E-097   2.5649373302497462E-104   1.7622524388208810E-111   3.9094764925009194E-118   1.3036387669790775E-120   5.0621100737322606E-124   1.5049268255550992E-127   2.5899858310004937E-131   2.4248683238763332E-135
   6.8098153160700101E-059   5.1535088905528919E-048   1.3583844473505010E-050   3.5840482096004482E-060  -2.8486866427981137E-072  -4.2084939727555658E-086   5.2847083830713492E-097   1.7401774622990445E-104   1.2126454104950947E-111   3.0750207853445252E-118   9.5410110591642217E-121   3.8056893047281717E-124   1.1406364982636899E-127   1.9668191614435151E-131   1.8409797615397242E-135
   4.8035856790598836E-059   3.5425872455828778E-048   9.2352044362513259E-051   2.3908844228615801E-060  -1.9140300972276907E-072  -2.8135775973340510E-086   3.5289227166001878E-097   1.1806205027550292E-104   8.3444979000964297E-112   2.4103842743922288E-118   6.9949619997376153E-121   2.8636902791511528E-124   8.6489412017948365E-128   1.4940306373199180E-131   1.3981154234218893E-135
   3.3872396565614461E-059   2.4352075522374613E-048   6.2787039088694845E-051   1.5948249693206724E-060  -1.2859392035994432E-072  -1.8807324334864150E-086   2.3564774416004392E-097   8.0099001496485984E-105   5.7420548880957940E-112   1.8837706707931113E-118   5.1371753406964415E-121   2.1566825800235340E-124   6.5606471232693670E-128   1.1351937029551386E-131   1.0620804516628780E-135
   2.3877118419583437E-059   1.6739763682979938E-048   4.2686757919790649E-051   1.0637428853796700E-060  -8.6389358734586757E-073  -1.2569919734959181E-086   1.5735641214770615E-097   5.4343034243336385E-105   3.9512571725535693E-112   1.4683689504255398E-118   3.7792267956072534E-121   1.6255144426400196E-124   4.9783279074737719E-128   8.6274788174960180E-132   8.0701216801886931E-136
   1.6825913192139639E-059   1.1506959597766167E-048   2.9021243722168243E-051   7.0946175433150114E-061  -5.8032160432335140E-073  -8.3999512142034145E-087   1.0507650557891143E-097   3.6868941131815157E-105   2.7189684683300676E-112   1.1419408938909526E-118   2.7849016393466582E-121   1.2260758703484476E-124   3.7788461033792812E-128   6.5582810344082888E-132   6.1333761334176761E-136
   1.1853346675646329E-059   7.9098780833348518E-049   1.9730520999997242E-051   4.7313976915869752E-061  -3.8980411931799669E-073  -5.6125618466480369E-087   7.0166015728603144E-098   2.5013671745981152E-105   1.8710011707856475E-112   8.8627452344436599E-119   2.0555658417422442E-121   9.2543067825464338E-125   2.8691969169242782E-128   4.9862921807906546E-132   4.6623532859155411E-136
   8.3478292862028546E-060   5.4372204052334687E-049   1.3414076294165050E-051   3.1551318803357451E-061  -2.6181457248729054E-073  -3.7496172202978143E-087   4.6854146320999556E-098   1.6970483964031503E-105   1.2874935728550588E-112   6.8660514089859449E-119   1.5196777179673935E-121   6.9895512515222176E-125   2.1790853735234186E-128   3.7917265915905984E-132   3.5447585745320283E-136
   5.8773390750430190E-060   3.7375072557055687E-049   9.1197446681124135E-052   2.1038395576382977E-061  -1.7583746302880766E-073  -2.5046982333544467E-087   3.1287384558050190E-098   1.1513596600896637E-105   8.8596654340191687E-113   5.3106046825003549E-119   1.1252576694267986E-121   5.2821790781157486E-125   1.6553464047163084E-128   2.8837559907983712E-132   2.6954699018648427E-136
   4.1368208680942602E-060   2.5691243159443210E-049   6.2001797023848403E-052   1.4027302951386121E-061  -1.1808634746220055E-073  -1.6728915261459662E-087   2.0892504690219007E-098   7.8113804519680072E-106   6.0966455718354090E-113   4.1015827427179671E-119   8.3447388150883439E-122   3.9940705878041313E-125   1.2577461521893910E-128   2.1934785795088904E-132   2.0499330039801523E-136
   2.9109545716668931E-060   1.7659816003873158E-049   4.2152716504667918E-052   9.3519376958765355E-062  -7.9297433193574121E-074  -1.1171853434982062E-087   1.3951206712606151E-098   5.2996180676738917E-106   4.1953296715518101E-113   3.1636786154725411E-119   6.1974355660923273E-122   3.0216093967650642E-125   9.5581963240488374E-129   1.6686045148079672E-132   1.5591710680044801E-136
   2.0478146945250885E-060   1.2139064512381832E-049   2.8658044552938561E-052   6.2343946885732856E-062  -5.3246392714053124E-074  -7.4598293934144375E-088   9.3160767071847852E-099   3.5955170585181367E-106   2.8869743120062858E-113   2.4373691338569403E-119   4.6092110861940356E-122   2.2869828164355128E-125   7.2648685245505036E-129   1.2694360212764598E-132   1.1860114251277152E-136
   1.4402437173405300E-060   8.3441531274905382E-050   1.9483511701806795E-052   4.1557710878341880E-062  -3.5751422282882740E-074  -4.9805795792814649E-088   6.2209162489821691E-099   2.4393725650164611E-106   1.9866511069187589E-113   1.8757983110950287E-119   3.4326704162156362E-122   1.7316987431515696E-125   5.5225425572225679E-129   9.6582481625194214E-133   9.0223063225810595E-137
   1.0126861156114502E-060   5.7355797508718506E-050   1.3246087495758955E-052   2.7699564134809290E-062  -2.4003190301622566E-074  -3.3249051833918734E-088   4.1540877827055233E-099   1.6549882575328148E-106   1.3671064793306610E-113   1.4422110759868304E-119   2.5597835879802895E-122   1.3117478450741047E-125   4.1985671789887886E-129   7.3486787627442557E-133   6.8639310179924770E-137
   7.1188611265238205E-061   3.9424881992808767E-050   9.0054973716777555E-053   1.8461100541645113E-062  -1.6114526688197597E-074  -2.2193616470598037E-088   2.7739396021617391E-099   1.1228240295024806E-106   9.4077409465124457E-114   1.1078636656984500E-119   1.9112348156156352E-122   9.9398884783375264E-126   3.1923143224728140E-129   5.5916140983135197E-133   5.2221387096291415E-137
   5.0031797286245759E-061   2.7099514695455003E-050   6.1224816478439535E-053   1.2302826398980055E-062  -1.0817813770254891E-074  -1.4812464555272667E-088   1.8523299455771031E-099   7.6177809459690882E-107   6.4739727583827437E-114   8.5033735029111261E-120   1.4286902238090438E-122   7.5344435725529597E-126   2.4274204288410817E-129   4.2547713526688834E-133   3.9731775596873949E-137
   3.5154796296588834E-061   1.8627332522862706E-050   4.1624304127407687E-053   8.1981179602109084E-063  -7.2616484229247720E-075  -9.8850297857335505E-089   1.2369145843825014E-099   5.1682708087013153E-107   4.4551174473823335E-114   6.5218760172623528E-120   1.0691746859213783E-122   5.7127546782219663E-126   1.8459162306643118E-129   3.2375825094873851E-133   3.0229846894696200E-137
   2.4696124977927323E-061   1.2803770287856465E-050   2.8298680641973142E-053   5.4624147419454829E-063  -4.8742197812895089E-075  -6.5960053129913135E-089   8.2596394156832020E-100   3.5064047320655466E-107   3.0658472295174562E-114   4.9986856605502166E-120   8.0097534396130589E-123   4.3326306474846572E-126   1.4037827188251870E-129   2.4635755996509949E-133   2.3000486676585970E-137
   1.7345287999369507E-061   8.8008200906935804E-051   1.9239115416408492E-053   3.6392817832064929E-063  -3.2715198565850366E-075  -4.4008572865595162E-089   5.5154694189510893E-100   2.3789144575764574E-107   2.1098192278772696E-114   3.8288112031005444E-120   6.0065207873695192E-123   3.2866784185217510E-126   1.0675849618058216E-129   1.8745911727300703E-133   1.7499928019532190E-137
   1.2179944168140817E-061   6.0493189745726482E-051   1.3079878923604156E-053   2.4244120818166016E-063  -2.1956795625755746E-075  -2.9359438012950645E-089   3.6830184003012501E-100   1.6139705567856848E-107   1.4519234435974077E-114   2.9310097785551858E-120   4.5085196925857052E-123   2.4937372835748844E-126   8.1192107134513997E-130   1.4263903351265698E-133   1.3314628238910096E-137
   8.5511132897805957E-062   4.1580327879438864E-051   8.8924628939022867E-054   1.6149391309829447E-063  -1.4735459351748253E-075  -1.9584533011718201E-089   2.4593781528206495E-100   1.0949956399346018E-107   9.9918594058737528E-115   2.2425077586117385E-120   3.3870871047296061E-123   1.8924365086278598E-126   6.1748802457734731E-130   1.0853184380002421E-133   1.0130037934333571E-137
   6.0022765113110411E-062   2.8580342350754379E-051   6.0456098287014386E-054   1.0756327911001114E-063  -9.8885834845404316E-076  -1.3062748680990167E-089   1.6422782730147037E-100   7.4289797095244350E-108   6.8762786157567633E-115   1.7148663554829392E-120   2.5466837415534948E-123   1.4363455812737252E-126   4.6961455963994640E-130   8.2576992715753154E-134   7.7068753264485450E-138
   4.2123806520255909E-062   1.9644683946163040E-051   4.1101520335187732E-054   7.1635655130059882E-064  -6.6356051330688992E-076  -8.7118944897664677E-090   1.0966503912185439E-100   5.0401789312377839E-108   4.7322277993633873E-115   1.3107528815407366E-120   1.9162645441891766E-123   1.0903202804512926E-126   3.5714792181382819E-130   6.2826145359968186E-134   5.8630972104392882E-138
   2.9556955434655923E-062   1.3502704932538423E-051   2.7943150998578469E-054   4.7703573609040957E-064  -4.4524943689813987E-076  -5.8096252612688059E-090   7.3230105924336492E-101   3.4195010164486793E-108   3.2567420863572258E-115   1.0014255305098591E-120   1.4429259141341514E-123   8.2774752681981773E-127   2.7160881654214774E-130   4.7796695343483211E-134   4.4601953083550788E-138
   2.0735493547891947E-062   9.2809969558801009E-052   1.8997331013223035E-054   3.1763487894173448E-064  -2.9874659244092054E-076  -3.8738417972878015E-090   4.8900256861879495E-101   2.3199547805082458E-108   2.2413372584866574E-115   7.6477828452220392E-121   1.0872211538893617E-123   6.2846639653128114E-127   2.0654974700996602E-130   3.6360370305485674E-134   3.3927779643863006E-138
   1.4544328752764364E-062   6.3792058149403674E-052   1.2915449503141354E-054   2.1147553998150921E-064  -2.0043779384591848E-076  -2.5828229600798148E-090   3.2653717548342111E-101   1.5739694651683189E-108   1.5425448703773005E-115   5.8382415726982088E-121   8.1970034365855253E-124   4.7719827381813817E-127   1.5706764516454025E-130   2.7658510090531925E-134   2.5806479695260695E-138
   1.0199985804587651E-062   4.3846682409197288E-052   8.7806402994620695E-055   1.4078158480244074E-064  -1.3447255844616269E-076  -1.7218968107820261E-090   2.1804901865232046E-101   1.0678569683058240E-108   1.0616365135900826E-115   4.4552053008006268E-121   6.1835049310708408E-124   3.6236069634777082E-127   1.1943359886963407E-130   2.1037620347853707E-134   1.9627774085845346E-138
   7.1521054653545647E-063   3.0137346627012699E-052   5.9695634719966452E-055   9.3709655645165052E-065  -9.0212235043013046E-077  -1.1478365222459553E-090   1.4560478721153023E-101   7.2448578618134058E-109   7.3067138389044169E-116   3.3986083031388579E-121   4.6669875836697186E-124   2.7517058198205130E-127   9.0811476295295618E-131   1.6000342258387453E-134   1.4927245714839779E-138
   5.0141638080559273E-063   2.0714356530203406E-052   4.0584358955410171E-055   6.2369839001526418E-065  -6.0516702168375774E-077  -7.6509273939294824E-091   9.7229305646802885E-102   4.9152617839898382E-109   5.0289509839283156E-116   2.5917313669287600E-121   3.5240483655010865E-124   2.0896586657271154E-127   6.9044060654129344E-131   1.2168146137124470E-134   1.1351473228759967E-138
   3.5147555934618325E-063   1.4237575797131018E-052   2.7591450812037533E-055   4.1506457119333174E-065  -4.0594145786927663E-077  -5.0992924180657728E-091   6.4926011913203020E-102   3.3347511963582863E-109   3.4613274287995183E-116   1.9757924870970950E-121   2.6621484553871669E-124   1.5869209980130833E-127   5.2490468164885474E-131   9.2529426140122112E-135   8.6315031449573244E-139
   2.4633460408572620E-063   9.7858561862128464E-053   1.8758154810465579E-055   2.7618901787946987E-065  -2.7228906800427317E-077  -3.3983507606466157E-091   4.3355108980910864E-102   2.2624564141395165E-109   2.3824234789567400E-116   1.5057798161717196E-121   2.0118275758202814E-124   1.2051370647710690E-127   3.9902532443042743E-131   7.0354779197165997E-135   6.5626643294096342E-139
   1.7261996010540755E-063   6.7260454192442743E-053   1.2752796456017755E-055   1.8375778592701567E-065  -1.8263160821542811E-077  -2.2645899357499769E-091   2.8950885350137698E-102   1.5349598002929813E-109   1.6398621856530581E-116   1.1472448825591878E-121   1.5209017204303074E-124   9.1519517513481854E-128   3.0330803368783287E-131   5.3488909410441529E-135   4.9892072996801376E-139
   1.2094654039965464E-063   4.6229474639365883E-053   8.6700275151949278E-056   1.2224541047117012E-065  -1.2249007771741263E-077  -1.5089493008187874E-091   1.9332295667778250E-102   1.0413909307216218E-109   1.1287794306474469E-116   8.7383709936559977E-122   1.1501334012536765E-124   6.9499624220592512E-128   2.3053057460402898E-131   4.0661981393831224E-135   3.7926143928104142E-139
   8.4729421088307171E-064   3.1774324400982114E-053   5.8943410449046945E-056   8.1314065604997668E-066  -8.2149587846556408E-078  -1.0053656256239415E-091   1.2909369138009726E-102   7.0652995054221102E-110   7.7700805032128195E-117   6.6540982518493305E-122   8.6999672486685409E-125   5.2776221668547562E-128   1.7519923424430150E-131   3.0907676860516988E-135   2.8827031363622641E-139
   5.9349194111623299E-064   2.1838957638322688E-053   4.0072808741096587E-056   5.4080895810143262E-066  -5.5092141838540806E-078  -6.6978946691029091E-092   8.6203841913184581E-103   4.7934407425954295E-110   5.3488218206188701E-117   5.0656661914525329E-122   6.5825762209819200E-125   4.0075338280171090E-128   1.3313522121350018E-131   2.3490686645566754E-135   2.1908551924238783E-139
   4.1565844461934131E-064   1.5010173389576690E-053   2.7243571883023029E-056   3.5963828144449299E-066  -3.6944856690876070E-078  -4.4618818473447501E-092   5.7563638274642114E-103   3.2521019338024725E-110   3.6822100169783200E-117   3.8554618268480895E-122   4.9816181434781030E-125   3.0429541621212701E-128   1.0116004021153484E-131   1.7851519197104993E-135   1.6648629401170824E-139
   2.9107233769231588E-064   1.0316627344135584E-053   1.8521580863523323E-056   2.3912803261177162E-066  -2.4774143186026047E-078  -2.9721029456668309E-092   3.8438803453773711E-103   2.2063831748613787E-110   2.5350036031478336E-117   2.9336765016429321E-122   3.7707645816372191E-125   2.3104121200033077E-128   7.6856145586746241E-132   1.3564489999847760E-135   1.2650072109057017E-139
   2.0380231174922835E-064   7.0906821414853294E-054   1.2591915492852435E-056   1.5897772088639212E-066  -1.6612075234803108E-078  -1.9795943516491186E-092   2.5667968398772150E-103   1.4969170160713141E-110   1.7453003390209979E-117   2.2317584296898299E-122   2.8547087626889976E-125   1.7541070682555833E-128   5.8384856398701149E-132   1.0305744401774138E-135   9.6107207004918296E-140
   1.4267976428927194E-064   4.8734502836523901E-054   8.5606214589543028E-057   1.0567733489108265E-066  -1.1138583895251643E-078  -1.3184257336140870E-092   1.7140091751731626E-103   1.0155808759119129E-110   1.2016707402471525E-117   1.6973999005040824E-122   2.1615102090368706E-125   1.3316569134735789E-128   4.4347831123848539E-132   7.8289180920390946E-136   7.3007281635368626E-140
   9.9876193574086934E-065   3.3495257399166119E-054   5.8199403408690293E-057   7.0236976510738391E-067  -7.4682211050358025E-079  -8.7801667246054129E-093   1.1445500782936461E-103   6.8901916850851311E-111   8.2742165887661570E-118   1.2907014682657869E-122   1.6368400860674042E-125   1.0108702721951594E-128   3.3681680739041045E-132   5.9466115826991549E-136   5.5452684560928402E-140
   6.9905135227809291E-065   2.3021221558831559E-054   3.9566853946640314E-057   4.6675248992941036E-067  -5.0070934433095759E-079  -5.8467966153931624E-093   7.6428698983831145E-104   4.6746391840861841E-111   5.6976656308610589E-118   9.8123822143392788E-123   1.2396518510591811E-125   7.6729568089671454E-129   2.5577793203432447E-132   4.5162904681622023E-136   4.2113771433918361E-140
   4.8922068871004362E-065   1.5822375369276259E-054   2.6899503008459593E-057   3.1012930875103312E-067  -3.3568799416519768E-079  -3.8931562827859156E-093   5.1036178114449805E-104   3.1715012526338855E-111   3.9237248707267169E-118   7.4581702258567241E-123   9.3892174070326257E-126   5.8236054870267248E-129   1.9421339113398768E-132   3.4295546605134730E-136   3.1979370821844684E-140
   3.4233419920907227E-065   1.0874599833472480E-054   1.8287601222217798E-057   2.0603106489866019E-067  -2.2504415730105442E-079  -2.5921181814752307E-093   3.4080019303539693E-104   2.1516998060294010E-111   2.7023074529190459E-118   5.6676271842252917E-123   7.1119301685821549E-126   4.4195778782182299E-129   1.4744870880107073E-132   2.6039720838784362E-136   2.4280578922832291E-140
   2.3952263701000383E-065   7.4740014248847179E-055   1.2432800985203928E-057   1.3685310861804690E-067  -1.5086264846746335E-079  -1.7257478419124704E-093   2.2757341654840643E-104   1.4598171975943600E-111   1.8612683716788764E-118   4.3060909125086150E-123   5.3872458148431567E-126   3.3537233638290212E-129   1.1193025063508585E-132   1.9768643653412565E-136   1.8432773584634595E-140
   1.6756938592623385E-065   5.1367847400019327E-055   8.4524181545614240E-058   9.0888086764039605E-068  -1.0112953114847382E-079  -1.1488674366150623E-093   1.5196488186921910E-104   9.9041058255243120E-112   1.2821091112684215E-118   3.2709934847301191E-123   4.0809439502273773E-126   2.5446577680480848E-129   8.4956722238925911E-133   1.5005782695145535E-136   1.3991494659684785E-140
   1.1721835673687103E-065   3.5304321069861690E-055   5.7463585564413349E-058   6.0351462019906380E-068  -6.7788615477658038E-080  -7.6477378151136611E-094   1.0147637706757087E-104   6.7194243755026996E-112   8.8325641031993100E-119   2.4842323320585012E-123   3.0914539855642423E-126   1.9305696192329011E-129   6.4474937008422588E-133   1.1388879354100300E-136   1.0618877257174912E-140
   8.1988017538263616E-066   2.4264015595689754E-055   3.9066474841446361E-058   4.0067782044819088E-068  -4.5437900634300554E-080  -5.0905767560037070E-094   6.7762072382537804E-105   4.5587824831417765E-112   6.0855366516204085E-119   1.8863493906535267E-123   2.3418954527095780E-126   1.4645151243197536E-129   4.8924478981541890E-133   8.6425771878851005E-137   8.0581157848476979E-141
   5.7340290266982982E-066   1.6676150728327312E-055   2.6559230324868789E-058   2.6596687041292487E-068  -3.0455286527743039E-080  -3.3882258159516509E-094   4.5248940527702687E-105   3.0928985394151249E-112   4.1933981584270931E-119   1.4320912366392065E-123   1.7740646468488761E-126   1.1108439428059721E-129   3.7119562850345834E-133   6.5575996173879856E-137   6.1140390735336906E-141
   4.0098215427218784E-066   1.1461125769823244E-055   1.8056206160314858E-058   1.7651535803413322E-068  -2.0412221488297906E-080  -2.2550152384273559E-094   3.0215526024220392E-105   2.0983719811159818E-112   2.8899728071617611E-119   1.0870236247799061E-123   1.3438897913382174E-126   8.4248395347274787E-130   2.8159190565278581E-133   4.9749113079107364E-137   4.6383354533389531E-141
   2.8037981290536362E-066   7.8769317723798382E-056   1.2275446118987633E-058   1.1712728226597934E-068  -1.3680476108486089E-080  -1.5007169973906578E-094   2.0176782505039907E-105   1.4236370652059073E-112   1.9919922167004916E-119   8.2495079228210964E-124   1.0179948077319974E-126   6.3887857369005508E-130   2.1358832507912651E-133   3.7736716009154002E-137   3.5183157358223441E-141
   1.9603148713230869E-066   5.4135884389126607E-056   8.3454128343582661E-059   7.7705553858564446E-069  -9.1684456112582247E-081  -9.9866702283785405E-095   1.3473290523553037E-105   9.6586426348484190E-113   1.3732640421443466E-119   6.2594878508484734E-124   7.7110039356887361E-127   4.8441982229612194E-130   1.6198480881508014E-133   2.8620730471868187E-137   2.6683677875492472E-141
   1.3704498738390803E-066   3.7205893869286264E-056   5.6735923598340657E-059   5.1542110754066137E-069  -6.1443221117913217E-081  -6.6453153651267738E-095   8.9969528628230852E-106   6.5528905209466711E-113   9.4689071286182364E-120   4.7486712226617550E-124   5.8405778367770957E-127   3.6725800656851529E-130   1.2283155422455211E-133   2.1703748118614367E-137   2.0234586537979412E-141
   9.5798676865359959E-067   2.5570346443201685E-056   3.8571648168176554E-059   3.4181105748411439E-069  -4.1175245275579503E-081  -4.4216447298668593E-095   6.0078243133815267E-106   4.4457980472204992E-113   6.5302909746935690E-120   3.6018756988635423E-124   4.4236077075356195E-127   2.7839753881046342E-130   9.3128793307090505E-134   1.6456056940600629E-137   1.5341941544872973E-141
   6.6960037026151557E-067   1.7573564167562569E-056   2.6222737614687550E-059   2.2663203831621203E-069  -2.7591960834607671E-081  -2.9418859422000564E-095   4.0117975741306324E-106   3.0162445734702952E-113   4.5046411043565836E-120   2.7315513206547040E-124   3.3501938469172551E-127   2.1101013110576221E-130   7.0598568843375767E-134   1.2475370779511736E-137   1.1630630599268580E-141
   4.6798554557711577E-067   1.2077622984559388E-056   1.7827384380287106E-059   1.5023295239734050E-069  -1.8488993707786925E-081  -1.9572302561429685E-095   2.6789265528185750E-106   2.0463663287813856E-113   3.1080762150934727E-120   2.0711648931482847E-124   2.5370714760885241E-127   1.5991313396276209E-130   5.3511271371591060E-134   9.4562171099753036E-138   8.8158214186262918E-142
   3.2704725878590760E-067   8.3004468087459358E-057   1.2119843031351570E-059   9.9566925366506101E-070  -1.2388779126119140E-081  -1.3020644243992540E-095   1.7888857737975711E-106   1.3883539950348252E-113   2.1450453891984119E-120   1.5701648244783463E-124   1.9211533540682128E-127   1.2117333284755519E-130   4.0553811843989763E-134   7.1666694865935297E-138   6.6812627023466854E-142
   2.2853389707572761E-067   5.7045299678556125E-057   8.2396000307038708E-060   6.5973292937898156E-070  -8.3009625444245240E-082  -8.6615943234785142E-096   1.1945502448756775E-106   9.4192658229843835E-114   1.4808294049351789E-120   1.1901497361481203E-124   1.4546391615750893E-127   9.1806050242116053E-131   3.0729447576204021E-134   5.4306646452598370E-138   5.0627937746256049E-142
   1.5968108484090131E-067   3.9204566978593264E-057   5.6016379520822364E-060   4.3704025716442177E-070  -5.5617733452362232E-082  -5.7615370996760602E-096   7.9767547701295403E-107   6.3904861677049464E-114   1.0226063634875742E-120   9.0195370844192461E-125   1.1013109989199598E-127   6.9546644418172556E-131   2.3281669978716285E-134   4.1145655157800713E-138   3.8358141464558564E-142
   1.1156288573343317E-067   2.6943366856180499E-057   3.8082347551594558E-060   2.8944886292273529E-070  -3.7263460465262634E-082  -3.8322548310905908E-096   5.3265752569848715E-107   4.3356154214235016E-114   7.0641346510667432E-121   6.8342934588438373E-125   8.3372700916267146E-128   5.2676999851637577E-131   1.7636381313741686E-134   3.1169519441105993E-138   2.9057632766851790E-142
   7.7938147831211755E-068   1.8516780675184795E-057   2.5890006579566963E-060   1.9165322736613847E-070  -2.4965387868170000E-082  -2.5488614071494946E-096   3.5568856350224950E-107   2.9414916093191741E-114   4.8816822893633173E-121   5.1776195717317596E-125   6.3109518257851432E-128   3.9893786063570702E-131   1.3357971156106140E-134   2.3608647991396637E-138   2.2008883152286822E-142
   5.4443387693567165E-068   1.2725578167729492E-057   1.7601123196004752E-060   1.2686765605377197E-070  -1.6725490412215702E-082  -1.6951737128147494E-096   2.3751538322280319E-107   1.9956504972887166E-114   3.3748475958150186E-121   3.9218787665619070E-125   4.7766236496987757E-128   3.0208439153045417E-131   1.0115955463410320E-134   1.7879146689580190E-138   1.6667506770855729E-142
   3.8028180370333379E-068   8.7455674379533847E-058   1.1965982932799415E-060   8.3960037711740398E-071  -1.1204822456400840E-082  -1.1273497140464126E-096   1.5860380116816177E-107   1.3539460690794724E-114   2.3341460525550821E-121   2.9702024125991403E-125   3.6149355842512975E-128   2.2871234589846067E-131   7.6596414053940244E-135   1.3538074798669047E-138   1.2620539367427726E-142
   2.6560234278833010E-068   6.0103103766861446E-058   8.1349736576097454E-061   5.5549163924503408E-071  -7.5061430797708053E-083  -7.4968682897142208E-097   1.0590962915218383E-107   9.1858269210737028E-115   1.6151292669708822E-121   2.2490861703806610E-125   2.7354692019401843E-128   1.7313654224944149E-131   5.7988896532421388E-135   1.0249467129935959E-138   9.5547565386530189E-143
   1.8549183693633436E-068   4.1305154468463846E-058   5.5304911216143473E-061   3.6741907203106644E-071  -5.0282238066780829E-083  -4.9851494000076193E-097   7.0722452073594866E-108   6.2321107632255910E-115   1.1181736905019685E-121   1.7027645330060506E-125   2.0697281194246168E-128   1.3104644205490192E-131   4.3895085614540042E-135   7.7585352804728507E-139   7.2326188166918873E-143
   1.2953431218144807E-068   2.8386382626912529E-058   3.7598543863356432E-061   2.4295229499989326E-071  -3.3682042745433462E-083  -3.3147734234551071E-097   4.7225784341270488E-108   4.2281665185462864E-115   7.7455537554658110E-122   1.2889373514381995E-125   1.5658262390792096E-128   9.9174193625067639E-132   3.3221664932090329E-135   5.8720818091956233E-139   5.4740100646617416E-143
   9.0450823807279980E-069   1.9508070315691344E-058   2.5561017084224452E-061   1.6060206099922824E-071  -2.2561525607275695E-083  -2.2039776298450311E-097   3.1535596910657418E-108   2.8685935531143527E-115   5.3685449323366958E-122   9.7552403483128879E-126   1.1844625341014197E-128   7.5042740820929485E-132   2.5139760021355896E-135   4.4436332146991941E-139   4.1423758668635248E-143
   6.3155104590471693E-069   1.3406550155093061E-058   1.7377408695744210E-061   1.0613226875719278E-071  -1.5112101973256769E-083  -1.4653402052009846E-097   2.1058282069570318E-108   1.9461932895022478E-115   3.7234244446600083E-122   7.3819875533395450E-126   8.9587080479192848E-129   5.6774707788987794E-132   1.9021068932752563E-135   3.3621564122607280E-139   3.1342032452109619E-143
   4.4093355725397994E-069   9.2133640993016550E-059   1.1813856216157176E-061   7.0114071497262447E-072  -1.0122034439048391E-083  -9.7419967148690132E-098   1.4061926641003141E-108   1.3203921782847381E-115   2.5842378068339914E-122   5.5851907841969985E-126   6.7750830630613585E-129   4.2947412986264949E-132   1.4389397136808482E-135   2.5434961763389915E-139   2.3710374097215390E-143
   3.0782729479577852E-069   6.3316647261745560E-059   8.0315270835813572E-062   4.6304078492426447E-072  -6.7794961357264206E-084  -6.4764347724117404E-098   9.3900244617282864E-109   8.9581831410985959E-116   1.7949392255091091E-122   4.2250540502643548E-126   5.1230432724268193E-129   3.2482891712801235E-132   1.0883886597278020E-135   1.9238783354872284E-139   1.7934245864004077E-143
   2.1488736747410990E-069   4.3512703927526892E-059   5.4601472929450104E-062   3.0569212606012240E-072  -4.5406062494548079E-084  -4.3052937245720783E-098   6.2703044122222976E-109   6.0776677538722741E-116   1.2477251521336826E-122   3.1956282015912952E-126   3.8733312315821911E-129   2.4564484337901742E-132   8.2311212613481183E-136   1.4549810623594192E-139   1.3563168894535932E-143
   1.4999781207674534E-069   2.9902859879923249E-059   3.7120205547508946E-062   2.0174116727094328E-072  -3.0410056684737828E-084  -2.8618615085299674E-098   4.1870730090530864E-109   4.1233860732491697E-116   8.6809198752066656E-123   2.4166296186347784E-126   2.9280843955896314E-129   1.8573581160135698E-132   6.2239692365605676E-136   1.1001963223377469E-139   1.0255868437653253E-143
   1.0469591164594540E-069   2.0549813236527649E-059   2.5235747374031191E-062   1.3308958387267201E-072  -2.0366092903197460E-084  -1.9022769122227949E-098   2.7959696171307486E-109   2.7975063072683132E-116   6.0452884956407029E-123   1.8272331085203041E-126   2.2132173902926776E-129   1.4041659213736205E-132   4.7055370116164115E-136   8.3179450378557490E-140   7.7538398071750520E-144
   7.3071117620211756E-070   1.4122173364308367E-059   1.7156225887639865E-062   8.7766039229739860E-073  -1.3639091863771333E-084  -1.2643823083171253E-098   1.8670432040984794E-109   1.8979649240868590E-116   4.2140591605137636E-123   1.3813634454719320E-126   1.6726510334836751E-129   1.0613918973581525E-132   3.5570023374446247E-136   6.2877435131971203E-140   5.8613036127016862E-144
   5.0995688835902280E-070   9.7049591257202991E-060   1.1663452553804548E-062   5.7854224212908758E-073  -9.1337804607061207E-085  -8.4035518323832267E-099   1.2467411488836449E-109   1.2876722203016231E-116   2.9406632700989533E-123   1.0441243448923269E-126   1.2639407284791461E-129   8.0217192051929334E-133   2.6883895459565217E-136   4.7523280773582891E-140   4.4300081814911868E-144
   3.5587158001597452E-070   6.6693637065119524E-060   7.9292531966146824E-063   3.8120853975737174E-073  -6.1165030703215966E-085  -5.5850542962726044E-099   8.3252680461689634E-110   8.7361988717340573E-117   2.0543790200903610E-123   7.8909056702653630E-127   9.5496517250888590E-130   6.0616840670459425E-133   2.0315767477414830E-136   3.5912922956726329E-140   3.3477087433320500E-144
   2.4832801502916575E-070   4.5832507569995953E-060   5.3906015701235401E-063   2.5107386976835556E-073  -4.0958446438541994E-085  -3.7116942979972482E-099   5.5593006615049447E-110   5.9270657154063268E-117   1.4369332565075783E-123   5.9625488148758832E-127   7.2141842320798431E-130   4.5798695920595385E-133   1.5349956959610029E-136   2.7134870837124366E-140   2.5294351593632228E-144
   1.7327308934479661E-070   3.1496432694895535E-060   3.6647298910932345E-063   1.6528888300597816E-073  -2.7426572134962706E-085  -2.4665931389070440E-099   3.7122917924454367E-110   4.0212124957388758E-117   1.0063381484130808E-123   4.5047179087582887E-127   5.4491059481840513E-130   3.4597660445275850E-133   1.1596151886608637E-136   2.0499220987735621E-140   1.9108742367635868E-144
   1.2089544148097493E-070   2.1644504899422482E-060   2.4914174269166074E-063   1.0876279397597851E-073  -1.8364854620239672E-085  -1.6390929750606362E-099   2.4789288011846639E-110   2.7281884146447134E-117   7.0572150593944538E-124   3.4027801629239516E-127   4.1152962110965242E-130   2.6132081364734913E-133   8.7589762795927828E-137   1.5483868805070361E-140   1.4433553212249483E-144
   8.4345621397850462E-071   1.4874161384940256E-060   1.6937558829470991E-063   7.1532337046951691E-074  -1.2296782514552934E-085  -1.0891573740972760E-099   1.6553354154908358E-110   1.8509375212953822E-117   4.9560485268941701E-124   2.5699868467923451E-127   3.1075226983226790E-130   1.9734893027683648E-133   6.6149330146819795E-137   1.1693757224626267E-140   1.0900513125827580E-144
   5.8842262524360794E-071   1.0221529207363775E-060   1.1514760984433505E-063   4.7021875714089431E-074  -8.2334840384911401E-086  -7.2370051832282452E-100   1.1053707429838349E-110   1.2557674655983062E-117   3.4856269410770529E-124   1.9407012913027416E-127   2.3461968676028375E-130   1.4901463476616858E-133   4.9949382687563411E-137   8.8300074520340929E-141   8.2310093831947792E-145
   4.1047884010474671E-071   7.0242153278830227E-061   7.8281444621922099E-064   3.0893164141768105E-074  -5.5126965254094214E-086  -4.8084881512206164E-100   7.3812502436630714E-111   8.5197484359723601E-118   2.4552694058286006E-124   1.4652689245435019E-127   1.7711328046161236E-130   1.1250098250777600E-133   3.7710935612661807E-137   6.6665389309762988E-141   6.2142921060262506E-145
   2.8633019702202949E-071   4.8270113836493885E-061   5.3218487755025420E-064   2.0285158666385792E-074  -3.6909054895058669E-086  -3.1947718622040919E-100   4.9289214626131636E-111   5.7802204290035875E-118   1.7322839408421877E-124   1.1061318372188310E-127   1.3368231948798080E-130   8.4921340099138969E-134   2.8466687608411710E-137   5.0323642837520721E-141   4.6909692807369229E-145
   1.9971876134816701E-071   3.3170911067048548E-061   3.6179788382496064E-064   1.3311770676741610E-074  -2.4710997988712594E-086  -2.1225258899136664E-100   3.2913485195278041E-111   3.9215894338944208E-118   1.2242445410055015E-124   8.3488644328077972E-128   1.0088640520028296E-130   6.4092968439491953E-134   2.1485177789449537E-137   3.7981838110981439E-141   3.5405099763779601E-145
   1.3929844520551478E-071   2.2794761542596060E-061   2.4596273337852184E-064   8.7301468440042953E-075  -1.6543838598423818E-086  -1.4100944210383657E-100   2.1978388741915974E-111   2.6606022334686951E-118   8.6670698910739345E-125   6.3005569071114751E-128   7.6124918261444523E-131   4.8365630931406897E-134   1.6213370345200738E-137   2.8662369926234379E-141   2.6717838318768353E-145
   9.7151546517232374E-072   1.5664310726392230E-061   1.6721390744463744E-064   5.7216521824366380E-075  -1.1075696266208356E-086  -9.3675419886031493E-101   1.4676342360589935E-111   1.8050859862713626E-118   6.1468883262548516E-125   4.7540257129575118E-128   5.7432306521884204E-131   3.6491873467090887E-134   1.2233196140802505E-137   2.1626208516217902E-141   2.0159002101259899E-145
   6.7753159886171949E-072   1.0764307963214169E-061   1.1367769990457462E-064   3.7473157835232376E-075  -7.4147183313574792E-087  -6.2227959269194793E-101   9.8003102020959428E-112   1.2246612212671743E-118   4.3675592972976916E-125   3.5865361667470457E-128   4.3323210839023488E-131   2.7528858823251585E-134   9.2286635611960357E-138   1.6314764453881677E-141   1.5207888504462809E-145
   4.7248291955870087E-072   7.3970666848953341E-062   7.7281929750271421E-065   2.4524579001342409E-075  -4.9637197988054854E-087  -4.1335968923454142E-101   6.5442791341958910E-112   8.3087210778028365E-119   3.1091500765785898E-125   2.7053287128389134E-128   3.2675310698885934E-131   2.0764090953157224E-134   6.9609719500775393E-138   1.2305898458922722E-141   1.1470991255535950E-145
   3.2947291720925493E-072   5.0831339499820535E-062   5.2538834843263631E-065   1.6037894774891012E-075  -3.3228363080368779E-087  -2.7457028308332962E-101   4.3700239022585669E-112   5.6370586260445851E-119   2.2175833363934699E-125   2.0403094619705746E-128   2.4640714558188939E-131   1.5659223691508624E-134   5.2496833558769456E-138   9.2806396624593300E-142   8.6509754823876968E-146
   2.2973686949733166E-072   3.4930289212671810E-062   3.5717636744263176E-065   1.0479443776282482E-075  -2.2243331548829492E-087  -1.8237360253162184E-101   2.9181379201921066E-112   3.8244685845067742E-119   1.5847706396678858E-125   1.5385203761382130E-128   1.8578948903993025E-131   1.1807557146445772E-134   3.9584799714587042E-138   6.9980095008380949E-142   6.5232088653983594E-146
   1.6018408286130266E-072   2.4003325878851309E-062   2.4282019050902671E-065   6.8415259231709182E-076  -1.4889497074401939E-087  -1.2113053782282195E-101   1.9486229817829443E-112   2.5947160470708537E-119   1.1347769434438031E-125   1.1599564877635033E-128   1.4006288168422313E-131   8.9018924494453434E-135   2.9843920730438072E-138   5.2759801102925998E-142   4.9180113574471096E-146
   1.1168272643836348E-072   1.6494504727012522E-062   1.6507704124595101E-065   4.4623993692255129E-076  -9.9666597707617281E-088  -8.0450494958139284E-102   1.3012173058556744E-112   1.7603895918618985E-119   8.1417556149845214E-126   8.7440253681244545E-129   1.0557445972853260E-131   6.7102241688903616E-135   2.2496520626052062E-138   3.9770747127663032E-142   3.7072321391412638E-146
   7.7862966099585450E-073   1.1334588622786284E-062   1.1222467567062274E-065   2.9077645776728630E-076  -6.6712736026686270E-088  -5.3430271635675730E-102   8.6890409756396446E-113   1.1943400181678882E-119   5.8531718618953189E-126   6.5904096377827528E-129   7.9566160835057980E-132   5.0573622077445877E-135   1.6955353577933007E-138   2.9974800610475371E-142   2.7941004804991382E-146
   5.4281827398880294E-073   7.7888057962050585E-063   7.6293905052186175E-066   1.8927686414582110E-076  -4.4653703957219736E-088  -3.5483774299481973E-102   5.8022156219167139E-113   8.1030298635520547E-120   4.2162718653158441E-126   4.9664346375896256E-129   5.9955842386779382E-132   3.8110388979738441E-135   1.2777042505385891E-138   2.2588156401704008E-142   2.1055531947431756E-146
   3.7840497887078574E-073   5.3522282284162818E-063   5.1867000555817237E-066   1.2307011543799163E-076  -2.9887937296577483E-088  -2.3564388437085122E-102   3.8745019769751947E-113   5.4975246606543577E-120   3.0431601455432960E-126   3.7420395550054653E-129   4.5171867102212394E-132   2.8714082847290741E-135   9.6268852326109754E-139   1.7019123031525989E-142   1.5864352528288634E-146
   2.6377787798710396E-073   3.6778754225152002E-063   3.5260805337697220E-066   7.9926452230779659E-077  -2.0004339463467198E-088  -1.5648281436908877E-102   2.5872471286309913E-113   3.7298146937915846E-120   2.2007514664275747E-126   2.8190538945188314E-129   3.4028113123942076E-132   2.1631105595328202E-135   7.2522570828855721E-139   1.2821105024459732E-142   1.1951169347134827E-146
   1.8386510663545610E-073   2.5273073032859615E-063   2.3971384919548198E-066   5.1841036718206031E-077  -1.3388823105104542E-088  -1.0391097094259319E-102   1.7276666278116650E-113   2.5305078104175015E-120   1.5946111675836066E-126   2.1233899487448204E-129   2.5629543138216053E-132   1.6292759437737262E-135   5.4625132865898165E-139   9.6570750634534113E-143   9.0018203810575213E-147
   1.2815629785990389E-073   1.7366717626391394E-063   1.6296480822713168E-066   3.3578410255783157E-077  -8.9608788117123161E-089  -6.8998651435292230E-103   1.1536710081834563E-113   1.7168347849467299E-120   1.1576053170030109E-126   1.5991438283204241E-129   1.9300871451111550E-132   1.2269947212283654E-135   4.1138051703751207E-139   7.2727324091715460E-143   6.7792579769962884E-147
   8.9322431698215392E-074   1.1933726819137535E-063   1.1078841283776293E-066   2.1717161312719514E-077  -5.9972052391859704E-089  -4.5814653986124002E-103   7.7037825775147007E-114   1.1647957125058655E-120   8.4191714275347652E-127   1.2041392188665099E-129   1.4532687104198924E-132   9.2389545181487337E-136   3.0976105251671242E-139   5.4762270445152278E-143   5.1046484286141033E-147
   6.2253149486929672E-074   8.2003635200347565E-064   7.5317285394020100E-067   1.4023288800775340E-077  -4.0136308025701281E-089  -3.0419564236908987E-103   5.1442972986307595E-114   7.9026274163853027E-121   6.1342253747189867E-127   9.0656155477765645E-130   1.0940767315029649E-132   6.9556066932293515E-136   2.3320709704135069E-139   4.1228459090400503E-143   3.8430970622648557E-147
   4.3385296994932562E-074   5.6349334001599051E-064   5.1202926594998927E-067   9.0394351902719140E-078  -2.6860631843595994E-089  -2.0196982693513082E-103   3.4351689774068734E-114   5.3615922874748486E-121   4.4772108027544842E-127   6.8241619967815843E-130   8.2353564928467283E-133   5.2357539172331509E-136   1.7554503775175834E-139   3.1034486759339263E-143   2.8928685241554868E-147
   3.0234620622963358E-074   3.8720695083470709E-064   3.4809254247462625E-067   5.8158084614219251E-078  -1.7975683511179062E-089  -1.3409268321032215E-103   2.2938771450551436E-114   3.6376143714958056E-121   3.2733053729164538E-127   5.1360921208407103E-130   6.1979733630655933E-133   3.9405371792661688E-136   1.3211957842700468E-139   2.3357363792510035E-143   2.1772477522925552E-147
   2.1069169380131152E-074   2.6607016718522978E-064   2.3664343618269271E-067   3.7340460767962888E-078  -1.2029430770274344E-089  -8.9024369183418105E-104   1.5317652301422639E-114   2.4679717448913879E-121   2.3970029048803891E-127   3.8649843473009101E-130   4.6639040752437506E-133   2.9652656019035609E-136   9.9420882432859183E-140   1.7576599760441264E-143   1.6383957174924584E-147
   1.4681535611951244E-074   1.8283018801117190E-064   1.6087702134623735E-067   2.3920056371134755E-078  -8.0499893399522855E-090  -5.9101447216260204E-104   1.0228554497849138E-114   1.6744201196656990E-121   1.7580209894370028E-127   2.9079982637698595E-130   3.5089893016959170E-133   2.2310212777903955E-136   7.4803143097463578E-140   1.3224451604434622E-143   1.2327117725144664E-147
   1.0230031211205965E-074   1.2563143493124740E-064   1.0936878339324922E-067   1.5284678630479841E-078  -5.3868661558554372E-090  -3.9234928111603491E-104   6.8302456456946805E-115   1.1360291753721742E-121   1.2912854754953199E-127   2.1876207037417984E-130   2.6396536272619449E-133   1.6783237660674938E-136   5.6272196261482893E-140   9.9483770944033624E-144   9.2733373208152806E-148
   7.1279405249277773E-075   8.6327155453703426E-065   7.4351983174041385E-068   9.7396687750255559E-079  -3.6046890123610592E-090  -2.6045535313408626E-104   4.5609822921722264E-115   7.7075335046108114E-122   9.4979883679422211E-128   1.6454375145499602E-130   1.9853827507455562E-133   1.2623496822072209E-136   4.2325262382755944E-140   7.4827038211621098E-144   6.9749698680662451E-148
   4.9663009002037917E-075   5.9319194203195573E-065   5.0546553020495590E-068   6.1871090319277647E-079  -2.4120718680901782E-090  -1.7289384766600495E-104   3.0456532174357724E-115   5.2292852865155979E-122   6.9955216163416049E-128   1.2374346152438482E-130   1.4930484173514773E-133   9.4932623785364985E-137   3.1830042298648573E-140   5.6272552111079621E-144   5.2454212092145655E-148
   3.4600634296915161E-075   4.0760712010437221E-065   3.4362942465079603E-068   3.9167319608751612E-079  -1.6140002266629971E-090  -1.1476560679595977E-104   2.0337732083906034E-115   3.5478915068654853E-122   5.1588798900839043E-128   9.3045340725467349E-131   1.1226279006663667E-133   7.1381086440012718E-137   2.3933517176163984E-140   4.2312277298616149E-144   3.9441202264770114E-148
   2.4105568154420643E-075   2.8008315653904973E-065   2.3360867094140449E-068   2.4697760625544372E-079  -1.0799606437558789E-090  -7.6178090229168081E-105   1.3580776267252462E-115   2.4071298586503863E-122   3.8089509735357665E-128   6.9951738446325241E-131   8.4397584223102638E-134   5.3663953743273439E-137   1.7993165679210729E-140   3.1810310781666708E-144   2.9651840672965034E-148
   1.6793188822806121E-075   1.9245577161819163E-065   1.5881348872142359E-068   1.5504354126279097E-079  -7.2260895346425039E-091  -5.0563211154727514E-105   9.0687341432212083E-116   1.6331648649251701E-122   2.8153871016585259E-128   5.2581613903678895E-131   6.3439010237842335E-134   4.0337967053968999E-137   1.3525096334915136E-140   2.3911187245382138E-144   2.2288708226413196E-148
   1.1698539898542774E-075   1.3224327907095140E-065   1.0796565610433522E-068   9.6833243247127021E-080  -4.8349267613551183E-091  -3.3560281244423303E-105   6.0557613145608933E-116   1.1080567226656990E-122   2.0831582050440122E-128   3.9518535004723193E-131   4.7677660675678957E-134   3.0316367300285088E-137   1.0164941463314776E-140   1.7970744853916331E-144   1.6751351856507410E-148
   8.1491636348650725E-076   9.0868844573636001E-066   7.3397908648444945E-069   6.0119180142150513E-080  -3.2349508976274997E-091  -2.2274247822381683E-105   4.0438108311905963E-116   7.5178830649620579E-123   1.5428621729928487E-128   2.9696091428326122E-131   3.5826600116014240E-134   2.2780964781844718E-137   7.6383774641592710E-141   1.3504009015884976E-144   1.2587704425162458E-148
   5.6764589200366305E-076   6.2438884332941481E-066   4.9897818467135444E-069   3.7065430724615457E-080  -2.1643963673878550E-091  -1.4783155499896175E-105   2.7003055934255529E-116   5.1007133236597229E-123   1.1437285008451136E-128   2.2311526419106183E-131   2.6917104235830253E-134   1.7115864978605917E-137   5.7389053497384515E-141   1.0145911217941310E-144   9.4574688518306672E-149
   3.9538959204276349E-076   4.2903626171416417E-066   3.3921828034372940E-069   2.2662769348535254E-080  -1.4480957778177911E-091  -9.8111070503035301E-106   1.8031630685257284E-116   3.4607340418315465E-123   8.4855669623505156E-129   1.6760648412076080E-131   2.0220091899664080E-134   1.2857524659978812E-137   4.3111061243347428E-141   7.6216866229503769E-145   7.1045243005283353E-149
   2.7539523789818188E-076   2.9480280206549291E-066   2.3060926663969654E-069   1.3717706262895017E-080  -9.6883371164032430E-092  -6.5111212405699222E-106   1.2040848565925788E-116   2.3480519315885949E-123   6.3004729448742025E-129   1.2588787283714068E-131   1.5186927925990378E-134   9.6571203596382505E-138   3.2380240126156316E-141   5.7245691467338272E-145   5.3361347060269366E-149
   1.9181000697308403E-076   2.0256665705969357E-066   1.5677401427964292E-069   8.2005014009542130E-081  -6.4817568657376063E-092  -4.3209632635330388E-106   8.0404283818457909E-117   1.5931239195156968E-123   4.6813726314883723E-129   9.4538460398468063E-132   1.1404827687963231E-134   7.2521983967221268E-138   2.4316614532717093E-141   4.2989877275146247E-145   4.0072852291409423E-149
   1.3358875931158808E-076   1.3918840763789091E-066   1.0657889695143386E-069   4.8254637337636854E-081  -4.3363851083528348E-092  -2.8674279435865616E-106   5.3690974207425406E-117   1.0809212444642735E-123   3.4806124157649595E-129   7.0984693371741365E-132   8.5632670343832675E-135   5.4453205880681068E-138   1.8258195148002786E-141   3.2279090029874923E-145   3.0088837776846345E-149
   9.3036329262118395E-077   9.5639418737361015E-067   7.2454970220555864E-070   2.7813241015878655E-081  -2.9010461620607412E-092  -1.9027937731694392E-106   3.5852825156759695E-117   7.3340092326928711E-124   2.5893834522857230E-129   5.3290826425226192E-132   6.4286855693925958E-135   4.0879819228664614E-138   1.3707058395156335E-141   2.4233047585540959E-145   2.2588752750539085E-149
   6.4791701364921464E-077   6.5715762360345277E-067   4.9256660337954558E-070   1.5584025194976642E-081  -1.9407660845432715E-092  -1.2626364397031377E-106   2.3941176309908769E-117   4.9761338836154683E-124   1.9274025732096468E-129   4.0001084215496551E-132   4.8254386454126653E-135   3.0685005676081886E-138   1.0288743992205477E-141   1.8189738582953592E-145   1.6955506528990397E-149
   4.5120150106883379E-077   4.5154489695395636E-067   3.3485868180344756E-070   8.3809120165584426E-082  -1.2983254790794156E-092  -8.3782327981022068E-107   1.5987022616212582E-117   3.3763401590648258E-124   1.4353646036006727E-129   3.0020825986378904E-132   3.6214567766603624E-135   2.3029004782783344E-138   7.7216859605177500E-142   1.3651379726912407E-145   1.2725092824284882E-149
   3.1420000382365605E-077   3.1026379255611166E-067   2.2764493100308501E-070   4.2237552714706382E-082  -8.6853208695555660E-093  -5.5592237217073651E-107   1.0675536171634827E-117   2.2908899550489568E-124   1.0694127893573587E-129   2.2527089341455801E-132   2.7174507981933684E-135   1.7280481758873677E-138   5.7942013219205045E-142   1.0243734194753595E-145   9.5486685855522980E-150
   2.1878951000706301E-077   2.1318666216329780E-067   1.5475839833059546E-070   1.8902282973596032E-082  -5.8100534350646973E-093  -3.6886174689056610E-107   7.1287240891564894E-118   1.5544134871781259E-124   7.9708142996335146E-130   1.6901260630610385E-132   2.0387873503431322E-135   1.2964871881801084E-138   4.3471707145336236E-142   7.6854927242272178E-146   7.1640127259562006E-150
   1.5234619870227483E-077   1.4648317422944818E-067   1.0520836951105347E-070   6.3186642183752352E-083  -3.8865693893397737E-093  -2.4473773547372380E-107   4.7602955603413568E-118   1.0547113425625792E-124   5.9431433679333944E-130   1.2678407100462895E-132   1.5293750885894184E-135   9.7255084328652545E-139   3.2610050802327572E-142   5.7652320111087469E-146   5.3740480059625644E-150
   1.0607712001862600E-077   1.0065010646623040E-067   7.1523074696274894E-071  -5.1894854814429409E-085  -2.5998292956316258E-093  -1.6237763775963230E-107   3.1787475110743153E-118   7.1565859624888667E-125   4.4327076961634174E-130   9.5091536684047198E-133   1.1470647099714232E-135   7.2943751690566810E-139   2.4458392943311485E-142   4.3240779989952171E-146   4.0306807056720948E-150
   7.3857897462775688E-078   6.9157537850615254E-068   4.8623014974564112E-071  -2.9286801452409392E-083  -1.7390634026058864E-093  -1.0773072292571032E-107   2.1226488293044021E-118   4.8560585380825296E-125   3.3070870942398932E-130   7.1310030219088478E-133   8.6018850886954554E-136   5.4701038263806558E-139   1.8341549432149267E-142   3.2426636514804313E-146   3.0226433783392546E-150
   5.1423002470319575E-078   4.7518595988120273E-068   3.3055019422775095E-071  -3.9164299535092559E-083  -1.1632638706314844E-093  -7.1472851803644588E-108   1.4174255938974217E-118   3.2950974493373626E-125   2.4679204956177408E-130   5.3467633170581963E-133   6.4495758168931388E-136   4.1014245783750360E-139   1.3752314031895623E-142   2.4313189760900020E-146   2.2663505313729846E-150
   3.5801674156799043E-078   3.2650247248539604E-068   2.2471536707183660E-071  -3.9436393749216925E-083  -7.7809633634735783E-094  -4.7416657515561947E-108   9.4650386729598592E-119   2.2359370992672359E-125   1.8420950831178070E-130   4.0083246183416559E-133   4.8350442598138898E-136   3.0747199971511777E-139   1.0309727738476428E-142   1.8226934230312695E-146   1.6990216331753430E-150
   2.4924978781694584E-078   2.2434074088705423E-068   1.5276643807145901E-071  -3.5333384156351555E-083  -5.2045222857141037E-094  -3.1456409958536054E-108   6.3203993198733501E-119   1.5172549904742400E-125   1.3752307710055352E-130   3.0044598292409131E-133   3.6241113265917755E-136   2.3046665259301850E-139   7.7277002096671912E-143   1.3662084342872751E-146   1.2735100851631336E-150
   1.7352096502839523E-078   1.5414471203632695E-068   1.0385393529209796E-071  -2.9690558159195358E-083  -3.4811345505000678E-094  -2.0867761954572386E-108   4.2205266320016709E-119   1.0295940279709027E-125   1.0268570742006276E-130   2.2516532401492865E-133   2.7160287962184967E-136   1.7271986538535137E-139   5.7914189973894698E-143   1.0238868026156347E-146   9.5441557993901801E-151
   1.2079666451549151E-078   1.0591267121100360E-068   7.0602127508089570E-072  -2.3955746946005356E-083  -2.3283767010412728E-094  -1.3843031030157963E-108   2.8183100864755193E-119   6.9868714454343246E-126   7.6683932369065449E-131   1.6872063840907374E-133   2.0351619054705323E-136   1.2942201578433860E-139   4.3396165544631432E-143   7.6721763076168306E-147   7.1516178874961904E-151
   8.4089911398381072E-079   7.2772287408460782E-069   4.7996817806316705E-072  -1.8793876183683057E-083  -1.5573213596126056E-094  -9.1828018431099618E-109   1.8819622482697204E-119   4.7414341259597001E-126   5.7272823298482827E-131   1.2640565605005043E-133   1.5247382848370254E-136   9.6962922733125433E-140   3.2512425999557543E-143   5.7480011805075558E-147   5.3580002877975808E-151
   5.8535447311854689E-079   5.0001490290642102E-069   3.2629237675513711E-072  -1.4444392172539627E-083  -1.0415877349029813E-094  -6.0912725854339704E-109   1.2567041296775038E-119   3.2177177439425992E-126   4.2779262037045805E-131   9.4688317966059434E-134   1.1421506283935113E-136   7.2633153852063160E-140   2.4354490222075807E-143   4.3057297414244526E-147   4.0135881973061451E-151
   4.0745552359672629E-079   3.4355691418321132E-069   2.2182027386164592E-072  -1.0928574183418420E-083  -6.9663638955689262E-095  -4.0404501853699789E-109   8.3918010586707482E-120   2.1837280366346195E-126   3.1955808410978073E-131   7.0918231432423088E-134   8.5542746685878128E-137   5.4399608075597705E-140   1.8240651945459526E-143   3.2248411599942924E-147   3.0060384810427770E-151
   2.8361410375793130E-079   2.3605503264267358E-069   1.5079792802631511E-072  -8.1667119126672444E-084  -4.6591768779020571E-095  -2.6800350629750963E-109   5.6037315195465994E-120   1.4820497041074107E-126   2.3872074330184526E-131   5.3106905118041700E-134   6.4058198628101175E-137   4.0736930397745752E-140   1.3659453207267197E-143   2.4149132367395956E-147   2.2510643304984004E-151
   1.9740670808803396E-079   1.6219096754336160E-069   1.0251545402799498E-072  -6.0419445176750443E-084  -3.1160544709899579E-095  -1.7776255678620391E-109   3.7419627694356259E-120   1.0058702330250383E-126   1.7833925852144035E-131   3.9762684109051290E-134   4.7962075603016494E-137   3.0500888519378580E-140   1.0227227511665729E-143   1.8081163670118762E-147   1.6854385451068894E-151
   1.3739868497325053E-079   1.1143943437332315E-069   6.9692032909179951E-073  -4.4331256172939439E-084  -2.0839809443871689E-095  -1.1790420326310023E-109   2.4987430971070978E-120   6.8271209345921768E-127   1.3323348776628650E-131   2.9766789633681404E-134   3.5904834373818644E-137   2.2833281913894160E-140   7.6562157508383094E-144   1.3535766814726270E-147   1.2617391574109159E-151
   9.5629073907167470E-080   7.6568470400725560E-070   4.7378003479209399E-073  -3.2301522446574471E-084  -1.3937194592851816E-095  -7.8200146810156083E-110   1.6685674039365165E-120   4.6339497045894778E-127   9.9536691941467810E-132   2.2280242349810733E-134   2.6874450405399525E-137   1.7090542273588199E-140   5.7306258202829537E-144   1.0131435672783659E-147   9.4440414495315625E-152
   6.6555529353677272E-080   5.2608980414548764E-070   3.2208478332031685E-073  -2.3397169561249713E-084  -9.3207306649100751E-096  -5.1865100252429255E-110   1.1142070596441627E-120   3.1454653044609640E-127   7.4361919635383217E-132   1.6673985956682855E-134   2.0112124824478697E-137   1.2790131268565570E-140   4.2886596673446497E-144   7.5821218396283093E-148   7.0676955056331036E-152
   4.6319649420981677E-080   3.6146699111487408E-070   2.1895934693105416E-073  -1.6861105041730860E-084  -6.2332936149686518E-096  -3.4397932397926021E-110   7.4402590921356304E-121   2.1352085499253136E-127   5.5553348283974602E-132   1.2476436556529670E-134   1.5049012952313702E-137   9.5703057824469951E-141   3.2090224603368000E-144   5.6733838319072729E-148   5.2884623835799694E-152
   3.2235426767601641E-080   2.4835691230396138E-070   1.4885266042220947E-073  -1.2096991313517559E-084  -4.1684855187757924E-096  -2.2812821842137580E-110   4.9683274978683821E-121   1.4495047987782191E-127   4.1500873931416237E-132   9.3341184005210967E-135   1.1258739429009943E-137   7.1599218000616433E-141   2.4007977289039681E-144   4.2444870636366711E-148   3.9565134899971815E-152
   2.2433070970070403E-080   1.7064073464699790E-070   1.0119278392573671E-073  -8.6451292892039663E-085  -2.7876108835262792E-096  -1.5129177590571980E-110   3.3176638059026073E-121   9.8406846412229759E-128   3.1001812766065105E-132   6.9821256772387851E-135   8.4217667305575856E-138   5.3557758814692656E-141   1.7958498704944954E-144   3.1749720146863197E-148   2.9595625567933967E-152
   1.5611020214081240E-080   1.1724329857486580E-070   6.8792694138197175E-074  -6.1569043701575272E-085  -1.8641429034924258E-096  -1.0033243715933742E-110   2.2154121709329571E-121   6.6812824791149968E-128   2.3157711022430870E-132   5.2219611075720393E-135   6.2986624169084374E-138   4.0056053811178325E-141   1.3431240476895814E-144   2.3745768454562381E-148   2.2134720349610155E-152
   1.0863285499897866E-080   8.0554944821632673E-071   4.6766505964801740E-074  -4.3713204566000101E-085  -1.2465781268463701E-096  -6.6536081118534859E-111   1.4793696441204088E-121   4.5365533112801443E-128   1.7297329144576798E-132   3.9049117231434883E-135   4.7100458896188852E-138   2.9953362208869941E-141   1.0043703030897316E-144   1.7756779242617509E-148   1.6552065514956131E-152
   7.5592472733886875E-081   5.5347147555514205E-071   3.1792696337338978E-074  -3.0949933563767034E-085  -8.3359116989897491E-097  -4.4122790837132711E-111   9.8786789646461462E-122   3.0805405839828145E-128   1.2919146958005863E-132   2.9195803069287923E-135   3.5215480852967215E-138   2.2395184449038186E-141   7.5093654878660633E-145   1.3276200482928605E-148   1.2375478377259547E-152
   5.2599723201092531E-081   3.8027445155899703E-071   2.1613227885574170E-074  -2.1858533559117021E-085  -5.5741681355202746E-097  -2.9258948550067382E-111   6.5966135832942307E-122   2.0920204740282758E-128   9.6484327041842680E-133   2.1825351658494778E-135   2.6325327530561601E-138   1.6741538184819832E-141   5.6136361803257200E-145   9.9246465395042192E-149   9.2513143196092582E-153
   3.6599572171821162E-081   2.6127504038834698E-071   1.4693042550152967E-074  -1.5402724737356700E-085  -3.7273521913698896E-097  -1.9401911679210210E-111   4.4049726994796697E-122   1.4208448726978488E-128   7.2051808618033660E-133   1.6312994691076460E-135   1.9676398841543599E-138   1.2513180809437212E-141   4.1958207262612618E-145   7.4180188953660153E-149   6.9147505835322494E-153
   2.5465739646433034E-081   1.7951368882020537E-071   9.9885781871313183E-075  -1.0831206854418396E-085  -2.4923799860352234E-097  -1.2865316665884325E-111   2.9414766254332923E-122   9.6510180840347828E-129   5.3801633232160737E-133   1.2190955939443838E-135   1.4704461429042879E-138   9.3512944041948019E-142   3.1356041208839719E-145   5.5436073551061938E-149   5.1675090371610360E-153
   1.7718396126879918E-081   1.2333777090804044E-071   6.7904013554141074E-075  -7.6021295950255470E-086  -1.6665624379297241E-097  -8.5307392467945751E-112   1.9642085009948873E-122   6.5561620833401972E-129   4.0170384505711624E-133   9.1090576710503227E-136   1.0987130867238594E-138   6.9872677818613513E-142   2.3429184405704128E-145   4.1421767825643926E-149   3.8611583460626625E-153
   1.2327653918061270E-081   8.4740983108920809E-072   4.6162258648609624E-075  -5.3264740807521914E-086  -1.1143522198935944E-097  -5.6564397312694353E-112   1.3116252709626876E-122   4.4543164859009758E-129   2.9989841917816102E-133   6.8051980090759627E-136   8.2082606749447281E-139   5.2200503572054782E-142   1.7503494258514381E-145   3.0945424090921909E-149   2.8846001560673604E-153
   8.5767837667544999E-082   5.8222357047100652E-072   3.1381846245791532E-075  -3.7260580906068547E-086  -7.4510415433305451E-098  -3.7505075963589502E-112   8.7585450826956250E-123   3.0267215717648218E-129   2.2387103764712513E-133   5.0832293697124947E-136   6.1312588164762905E-139   3.8991832388227512E-142   1.3074466731398408E-145   2.3115105984943166E-149   2.1546923807803922E-153
   5.9670073509890301E-082   4.0002299168919683E-072   2.1333875960568995E-075  -2.6026580324811619E-086  -4.9820163090315822E-098  -2.4867229422145984E-112   5.8486302903604506E-123   2.0569773931660098E-129   1.6709954122783868E-133   3.7963852236880625E-136   4.5790967880134619E-139   2.9120863232270200E-142   9.7646089305270995E-146   1.7263425745983419E-149   1.6092242651985975E-153
   4.1512305232504741E-082   2.7483941269633902E-072   1.4503101176743026E-075  -1.8154696446233734E-086  -3.3310949434253852E-098  -1.6487518508635867E-112   3.9054975908379668E-123   1.3981647232800412E-129   1.2471090543668169E-133   2.8348655768441931E-136   3.4193350743032735E-139   2.1745354483543823E-142   7.2915081865190661E-146   1.2891092227160864E-149   1.2016542118465468E-153
   2.8879214405163818E-082   1.8883042081034620E-072   9.8594303588925129E-076  -1.2647569148465416E-086  -2.2272175062193307E-098  -1.0931350263651525E-112   2.6079459446343110E-123   9.5052949946371163E-130   9.3064447192980881E-134   2.1165391015422955E-136   2.5529079853185262E-139   1.6235302553401625E-142   5.4439173628997684E-146   9.6246311037105614E-150   8.9716866682418414E-154
   2.0090105742098345E-082   1.2973698579826929E-072   6.7025892739286086E-076  -8.8005307526713205E-087  -1.4891280806896252E-098  -7.2474131321158378E-113   1.7414892715032130E-123   6.4633627694451696E-130   6.9440344272093330E-134   1.5799805941946419E-136   1.9057254083699899E-139   1.2119534202557807E-142   4.0638467702029298E-146   7.1847243942923504E-150   6.6973088480902715E-154
   1.3975503690572122E-082   8.9136287644907584E-073   4.5565194396372176E-076  -6.1168558980083844E-087  -9.9562392233326090E-099  -4.8048849717233035E-113   1.1629017616460113E-123   4.3958715026309899E-130   5.1806856831070212E-134   1.1792580286857286E-136   1.4223849484498046E-139   9.0457195494777214E-143   3.0331561488792698E-146   5.3625058352546787E-150   4.9987129887045593E-154
   9.7216770156019757E-083   6.1241268863670405E-073   3.0975882263558639E-076  -4.2471328220195317E-087  -6.6566004069947955E-099  -3.1854721553734328E-113   7.7654255695532672E-124   2.9904288816668635E-130   3.8646366879623858E-134   8.8003017546778160E-137   1.0614648864854416E-139   6.7504380712002063E-143   2.2635175071106036E-146   4.0018157284815832E-150   3.7303340281285221E-154
   6.7624404145962696E-083   4.2075832668629746E-073   2.1057847681582419E-076  -2.9460454702445140E-087  -4.4504465695537065E-099  -2.1118134179726030E-113   5.1854625611276791E-124   2.0348538069970008E-130   2.8825376480847650E-134   6.5662576665543427E-137   7.9200108464727943E-140   5.0367737674990598E-143   1.6889025543024902E-146   2.9859191286958928E-150   2.7833568401884000E-154
   4.7038593559289308E-083   2.8908140842237874E-073   1.4315420615518423E-076  -2.0416644537950269E-087  -2.9754227609821345E-099  -1.4000007290496040E-113   3.4626592343214224E-124   1.3850139689829537E-130   2.1497359743985627E-134   4.8985767130604415E-137   5.9085046292177561E-140   3.7575483756151529E-143   1.2599606249931992E-146   2.2275663105702145E-150   2.0764510726391471E-154
   3.2718537699365733E-083   1.9861246916155901E-073   9.7318203748618163E-077  -1.4136884792199971E-087  -1.9892428252453066E-099  -9.2809414825378173E-114   2.3122352378786543E-124   9.4298993489261671E-131   1.6030168969791755E-134   3.6538738005087739E-137   4.4071825842246364E-140   2.8027758449540056E-143   9.3981203145963948E-147   1.6615556348550766E-150   1.5488386001936188E-154
   2.2757376212834113E-083   1.3645572696921931E-073   6.6158232566138994E-077  -9.7806711240679499E-088  -1.3299061487018229E-099  -6.1524335585555928E-114   1.5440248587248331E-124   6.4224912879356794E-131   1.1951791720165450E-134   2.7250144613589187E-137   3.2868218491646315E-140   2.0902768047372566E-143   7.0090099298420667E-147   1.2391696879894817E-150   1.1551071528755983E-154
   1.5828483312369303E-083   9.3751005577375881E-074   4.4975245595204812E-077  -6.7615863299142479E-088  -8.8909528157044012E-100  -4.0784301116513437E-114   1.0310425141227707E-124   4.3757856820363732E-131   8.9098223692639609E-135   2.0319626405423619E-137   2.4508850704812360E-140   1.5586581943056553E-143   5.2264162803712448E-147   9.2401351425442479E-151   8.6133090806600673E-155
   1.1008934498241278E-083   6.4410847610389229E-074   3.0574758273524855E-077  -4.6710165678166195E-088  -5.9438765119633571E-100  -2.7035249330153359E-114   6.8849195890335360E-125   2.9824834313368281E-131   6.6411827283010084E-135   1.5149359330125794E-137   1.8272643712766369E-140   1.1620628670406698E-143   3.8965743696037694E-147   6.8890210775005282E-151   6.4216915285199895E-155
   7.6566748361426343E-084   4.4252825800108829E-074   2.0785111593364814E-077  -3.2245829987866366E-088  -3.9736119642313670E-100  -1.7920868923834435E-114   4.5974941626480608E-125   2.0336860942246045E-131   4.9495016216321208E-135   1.1292873326054683E-137   1.3621078163396744E-140   8.6624354636161879E-144   2.9046485397797156E-147   5.1353299587984613E-151   4.7869677180398243E-155
   5.3250551351784736E-084   3.0403383538848032E-074   1.4129979411726419E-077  -2.2245915116714487E-088  -2.6564116568240403E-100  -1.1878979793393788E-114   3.0700363476680833E-125   1.3873598012204344E-131   3.6882175387886954E-135   8.4167860807172106E-138   1.0152038193186436E-140   6.4562754751244745E-144   2.1648901375820524E-147   3.8274616122215218E-151   3.5678222424978194E-155
   3.7033696092810403E-084   2.0888235059438601E-074   9.6057336013326227E-078  -1.5337537929434643E-088  -1.7758226382170110E-100  -7.8739143357262146E-115   2.0500566706758547E-125   9.4691301622747148E-132   2.7479575217100225E-135   6.2721980955163228E-138   7.5653088049613700E-141   4.8112258675052749E-144   1.6132801283136580E-147   2.8522328986707513E-151   2.6587504140490723E-155
   2.5754854837291814E-084   1.4350944781733860E-074   6.5300933221785436E-078  -1.0568242193017521E-088  -1.1871295846243882E-100  -5.2190776002049716E-115   1.3689520495460721E-125   6.4664277929962029E-132   2.0471109881645952E-135   4.6733132056941062E-138   5.6367884562892531E-141   3.5847683165316666E-144   1.2020301435806263E-147   2.1251558166734120E-151   1.9809959389269239E-155
   1.7910607018978534E-084   9.8595742462952169E-075   4.4392344164745994E-078  -7.2778609159449531E-089  -7.9358059321804206E-101  -3.4593014886912080E-115   9.1413561295780305E-126   4.4184590517684644E-132   1.5247904223530029E-135   3.4814619826368642E-138   4.1992184950447978E-141   2.6705338881997314E-144   8.9547318568128366E-148   1.5831724509646650E-151   1.4757787532268606E-155
   1.2455199963599399E-084   6.7738371643797241E-075   3.0178427839038380E-078  -5.0092181694408799E-089  -5.3049141500475743E-101  -2.2928451627312816E-115   6.1042603146418697E-126   3.0209887992811873E-132   1.1355750885602736E-135   2.5931645343743497E-138   3.1277848284570988E-141   1.9891464051470942E-144   6.6699329217955874E-148   1.1792267535551259E-151   1.0992350714814454E-155
   8.6612455793588853E-085   4.6538273421215510E-075   2.0515636021755067E-078  -3.4459732028501150E-089  -3.5461747429716804E-101  -1.5196821358988354E-115   4.0762000549118867E-126   2.0669036678140277E-132   8.4558656535791971E-136   1.9312128314326171E-138   2.3293616727788429E-141   1.4813819913056098E-144   4.9673184299038699E-148   8.7820939275526127E-152   8.1863734813884131E-156
   6.0228118524464203E-085   3.1973097056927709E-075   1.3946755960289746E-078  -2.3694058379841822E-089  -2.3704805434423281E-101  -1.0072158884918763E-115   2.7219363527365332E-126   1.4151624389882868E-132   6.2955897985248536E-136   1.4380098247957388E-138   1.7344773894749277E-141   1.1030597271829069E-144   3.6987433013216525E-148   6.5392883381697522E-152   6.0957084697294337E-156
   4.1880087468148870E-085   2.1966358693034118E-075   9.4811553011260964E-079  -1.6284028078971790E-089  -1.5845545233317617E-101  -6.6755064201805892E-116   1.8176090442187718E-126   9.6968459723138682E-133   4.6865207983487288E-136   1.0705950209408887E-138   1.2913144818321895E-141   8.2122593060622051E-145   2.7537089627445363E-148   4.8684930348966214E-152   4.5382506624937556E-156
   2.9120930399576485E-085   1.5091428925548862E-075   6.4453894179361370E-079  -1.1186331862584377E-089  -1.0591867725883789E-101  -4.4242307367658291E-116   1.2137326134024867E-126   6.6499309828377888E-133   3.4881899480374890E-136   7.9693011300707454E-139   9.6122943685202385E-142   6.1130498490358480E-145   2.0498096893476299E-148   3.6240174154698807E-152   3.3781927762041450E-156
   2.0248475745655498E-085   1.0368157405943675E-075   4.3816421530813585E-079  -7.6811302286182692E-090  -7.0799879162582815E-102  -2.9321303955187880E-116   8.1048617275304194E-127   4.5644823261762431E-133   2.5958814587863164E-136   5.9312592779166178E-139   7.1540795557309081E-142   4.5497221942429349E-145   1.5256000815939471E-148   2.6972279861270764E-152   2.5142707149863557E-156
   1.4078905326666544E-085   7.1231440840500121E-076   2.9786844181049984E-079  -5.2720769755723270E-090  -4.7324619328919734E-102  -1.9432148080031639E-116   5.4121303048323242E-127   3.1360280423913937E-133   1.9315433721650384E-136   4.4137246400601430E-139   5.3236823143042865E-142   3.3856610825514268E-145   1.1352709467864544E-148   2.0071355238531320E-152   1.8709893040983077E-156
   9.7889236367412415E-086   4.8937390202349082E-076   2.0249389054607484E-079  -3.6171348730490277E-090  -3.1632711795274924E-102  -1.2878059312636069E-116   3.6140231462344111E-127   2.1567980332592972E-133   1.4370063845304078E-136   3.2839400258903289E-139   3.9609755465524294E-142   2.5190323452284190E-145   8.4467570734469922E-149   1.4933699146406784E-152   1.3920737152023904E-156
   6.8059777927639233E-086   3.3620859343402130E-076   1.3765728490319692E-079  -2.4807371607247876E-090  -2.1143673286170833E-102  -8.5343837487635406E-117   2.4133131074671152E-127   1.4849369146718588E-133   1.0689252193495530E-136   2.4429628104176809E-139   2.9466181213173941E-142   1.8739399423456431E-145   6.2836522946056490E-149   1.1109378386483287E-152   1.0355827877748237E-156
   4.7319013655021101E-086   2.3098072678960517E-076   9.3580706212619322E-080  -1.7007334349998809E-090  -1.4132507049327454E-102  -5.6556966383610074E-117   1.6115228820299379E-127   1.0235379445635878E-133   7.9500549154101487E-137   1.8170636993555560E-139   2.1916803532464739E-142   1.3938282247530340E-145   4.6737550604920046E-149   8.2631147232120077E-153   7.7026307007974225E-157
   3.2898071431949758E-086   1.5868709375709511E-076   6.3617014101369492E-080  -1.1655668753869522E-090  -9.4461051347760852E-103  -3.7479371232438641E-117   1.0761166495146943E-127   7.0636009814020419E-134   5.9118977793048764E-137   1.3513103651125693E-139   1.6299048026102480E-142   1.0365601402282866E-145   3.4757730712257983E-149   6.1451072745178144E-153   5.7282899509131883E-157
   2.2871509321255601E-086   1.0902005535890237E-076   4.3247408550477065E-080  -7.9852637362959582E-091  -6.3136596691251629E-103  -2.4836522760952028E-117   7.1859187481690377E-128   4.8809425710225495E-134   4.3955933308950310E-137   1.0047817167996305E-139   1.2119338921372765E-142   7.7074624690104169E-146   2.5844524350173688E-149   4.5692699738274357E-153   4.2593425972144496E-157
   1.5900430001309253E-086   7.4897982363870453E-077   2.9399960120590788E-080  -5.4688727517064992E-091  -4.2199220194105708E-103  -1.6458174011987710E-117   4.7984982344783703E-128   3.3772687119077167E-134   3.2676966369626470E-137   7.4699896713493260E-140   9.0100518355773194E-143   5.7300709303454420E-146   1.9213980162322535E-149   3.3970022471445646E-153   3.1665898848325337E-157
   1.1053825327258343E-086   5.1455614274858802E-077   1.9986338497972782E-080  -3.7442767261142153E-091  -2.8204771334363695E-103  -1.0905985691425291E-117   3.2042653337386857E-128   2.3401338805200605E-134   2.4288429801396000E-137   5.5526454198275749E-140   6.6974166315633569E-143   4.2593197439240173E-146   1.4282288384410274E-149   2.5250879844586041E-153   2.3538172062670497E-157
   7.6843304830759798E-087   3.5350400877514268E-077   1.3586875031949769E-080  -2.5627393624729215E-091  -1.8851055642896506E-103  -7.2267106734244159E-118   2.1396941947047684E-128   1.6238922866656004E-134   1.8050552105850849E-137   4.1267821638657469E-140   4.9775887470318285E-143   3.1655717099515094E-146   1.0614753781272548E-149   1.8766741135751220E-153   1.7493846592648862E-157
   5.3418194179431167E-087   2.4285935967842489E-077   9.2364645679912241E-081  -1.7535247090060700E-091  -1.2599222249454159E-103  -4.7886041328385879E-118   1.4288119114166732E-128   1.1286066276987582E-134   1.3412654994984804E-137   3.0665836319273859E-140   3.6988130170482001E-143   2.3523164020515313E-146   7.8877605705790143E-150   1.3945461134016825E-153   1.2999587240897958E-157
   3.7133178238631871E-087   1.6684541389523674E-077   6.2790190652593030E-081  -1.1994844647938703E-091  -8.4206729876799624E-104  -3.1729978751828902E-118   9.5411021396346230E-129   7.8563920378789473E-135   9.9648808736124188E-138   2.2783988234727759E-140   2.7481308873629353E-143   1.7477165009571090E-146   5.8604259490248242E-150   1.0361164403750191E-153   9.6584065392641080E-158
   2.5812187579011307E-087   1.1462322564114283E-077   4.2685235372421545E-081  -8.2026989973832160E-092  -5.6278809854314194E-104  -2.1024382830659337E-118   6.3712136882399481E-129   5.4780216325465950E-135   7.4022279219565555E-138   1.6925298985765984E-140   2.0414752583229868E-143   1.2983085182505425E-146   4.3534776164069843E-150   7.6969013466821052E-154   7.1748540479101428E-158
   1.7942265973672133E-087   7.8746253555552302E-078   2.9017727974911445E-081  -5.6079257453825460E-092  -3.7613009033603402E-104  -1.3930586842113631E-118   4.2544748096518796E-129   3.8261985681187632E-135   5.4977587593553067E-138   1.2571138728856731E-140   1.5162908028110060E-143   9.6430961601336198E-147   3.2335167867258598E-150   5.7168256380655080E-154   5.3290811298828200E-158
   1.2471525261620882E-087   5.4098608803366329E-078   1.9726451799077363E-081  -3.8329645184691856E-092  -2.5137747295852285E-104  -9.2301402600713395E-119   2.8409913919142315E-129   2.6771671747714725E-135   4.0826457322291093E-138   9.3356499352437201E-141   1.1260367221702468E-143   7.1612157910245409E-147   2.4012954386068528E-150   4.2454687170974419E-154   3.9575213425715632E-158
   8.6686539622685849E-088   3.7165605455400118E-078   1.3410173359369427E-081  -2.6191354929325375E-092  -1.6800018921186411E-104  -6.1156126808610846E-119   1.8971168185272814E-129   1.8765770638280575E-135   3.0313104641778691E-138   6.9318023052407449E-141   8.3609241067651474E-144   5.3172697973512189E-147   1.7829852271489023E-150   3.1523034473613243E-154   2.9385012043956697E-158
   6.0252294545666820E-088   2.5532611926905810E-078   9.1163219647605912E-082  -1.7892669777666518E-092  -1.1227636797766063E-104  -4.0519537355071161E-119   1.2668303132862528E-129   1.3178206571970192E-135   2.2503588027043986E-138   5.1461145563864190E-141   6.2070848742222987E-144   3.9475015328638905E-147   1.3236756137124832E-150   2.3402489714768206E-154   2.1815248037488910E-158
   4.1877943888644689E-088   1.7540751308972522E-078   6.1973320190548556E-082  -1.2220516958923763E-092  -7.5034698419591553E-105  -2.6846140996397957E-119   8.4594681377564855E-130   9.2716793097451736E-136   1.6703430465780447E-138   3.8198332445306090E-141   4.6073665245477259E-144   2.9301347497233076E-147   9.8253281937392782E-151   1.7371118564657855E-154   1.6192955160229902E-158
   2.9106296902808804E-088   1.2050360791169527E-078   4.2129831209419584E-082  -8.3445774535310958E-093  -5.0145407066854269E-105  -1.7786569265360231E-119   5.6489526781465142E-130   6.5355595510739704E-136   1.2396299684891265E-138   2.8349214670188429E-141   3.4193969371285563E-144   2.1746258931184512E-147   7.2919593712629853E-151   1.2892145029817791E-154   1.2017766129908494E-158
   2.0229186090252304E-088   8.2784840781823590E-079   2.8640099390513421E-082  -5.6966877581116797E-093  -3.3511621805489431E-105  -1.1784074789648859E-119   3.7721860811710679E-130   4.6156862205691162E-136   9.1983702704345686E-139   2.1036299055803663E-141   2.5373358298920483E-144   1.6136643114116193E-147   5.4109446537793717E-151   9.5665260379356448E-155   8.9177041682728955E-159
   1.4059171144529659E-088   5.6872260645275594E-079   1.9469695923976198E-082  -3.8881821245122646E-093  -2.2395204248933939E-105  -7.8071373796424658E-120   2.5189445391554837E-130   3.2660465628316681E-136   6.8243623667371045E-139   1.5607355263483729E-141   1.8825133518600548E-144   1.1972187548848094E-147   4.0145199604573721E-151   7.0976570663502741E-155   6.6162826959847514E-159
   9.7708170476332084E-089   3.9070508878001047E-079   1.3235600901291924E-082  -2.6532587312798169E-093  -1.4966144586115658E-105  -5.1722705023958695E-120   1.6820715425073042E-130   2.3154802673522530E-136   5.0622733266166440E-139   1.1577664853039596E-141   1.3964643660231913E-144   8.8810744061075887E-148   2.9780077996514222E-151   5.2651099598600563E-155   4.9080245378509710E-159
   6.7903459465993167E-089   2.6840867159312332E-079   8.9976273867717146E-083  -1.8101893734893189E-093  -1.0001386334318457E-105  -3.4266027726024448E-120   1.1232352406447799E-130   1.6447086726817713E-136   3.7545800880946923E-139   8.5870562870554989E-142   1.0357461610298287E-144   6.5870230950263451E-148   2.2087660618489935E-151   3.9050946108790702E-155   3.6402488950880648E-159
   4.7189217252071162E-089   1.8439235550224530E-079   6.1166297287685292E-083  -1.2347592967270498E-093  -6.6835293409353794E-106  -2.2700711258643156E-120   7.5006244280149236E-131   1.1704671300276787E-136   2.7842573993002665E-139   6.3679453193821549E-142   7.6808359340813958E-145   4.8847747862024191E-148   1.6379675440058524E-151   2.8959253103855715E-155   2.6995235123160721E-159
   3.2793177209111676E-089   1.2667420053643142E-079   4.1581123989814989E-083  -8.4208679825737720E-094  -4.4662901445619242E-106  -1.5038633804505895E-120   5.0086952554285294E-131   8.3452939916084887E-137   2.0643796987238720E-139   4.7215655383079918E-142   5.6950209740755447E-145   3.6218593999071621E-148   1.2144860931876128E-151   2.1472115573411837E-155   2.0015886679673659E-159
   2.2788411954041484E-089   8.7022652670351263E-080   2.8267025089159993E-083  -5.7418250032435925E-094  -2.9845815839191654E-106  -9.9625511974848563E-121   3.3446627931780292E-131   5.9610519380031482E-137   1.5303893209794818E-139   3.5002930145119533E-142   4.2219574440208345E-145   2.6850372345054511E-148   9.0035023877670700E-152   1.5918201562261571E-155   1.4838644739640596E-159
   1.5835597814316319E-089   5.9782674978888918E-080   1.9216037172601078E-083  -3.9143871027250964E-094  -1.9944146454336833E-106  -6.5997282879522414E-121   2.2334728046644742E-131   4.2656645988960511E-137   1.1343482079499063E-139   2.5945047103100123E-142   3.1294214877572844E-145   1.9902183357362905E-148   6.6736297255793937E-152   1.1798990415192706E-155   1.0998800546594878E-159
   1.1003850725396885E-089   4.1069294742568402E-080   1.3063134606373109E-083  -2.6680896494999286E-094  -1.3327324161599913E-106  -4.3719470964911405E-121   1.4914533080228409E-131   3.0578345066759778E-137   8.4066494152854777E-140   1.9228092828833490E-142   2.3192414028172635E-145   1.4749687512834006E-148   4.9458895752407239E-152   8.7443470020002657E-156   8.1513230006067165E-160
   7.6461837561527114E-090   2.8213568243073876E-080   8.8803650631175232E-084  -1.8182848017443476E-094  -8.9056578048592515E-107  -2.8961238955185331E-121   9.9595424822825615E-132   2.1957514535757260E-137   6.2291894389406845E-140   1.4247860108173843E-142   1.7185395759780797E-145   1.0929407099669413E-148   3.6648686320139977E-152   6.4795016665681780E-156   6.0400782715852757E-160
   5.3129358386154036E-090   1.9381958099198002E-080   6.0369014020183267E-084  -1.2389397395670987E-094  -5.9509268287424747E-107  -1.9184602998797391E-121   6.6507393352548579E-132   1.5793215802800544E-137   4.6150049332049307E-140   1.0555887702552711E-142   1.2732239778681219E-145   8.0973343928727692E-149   2.7152141997853821E-152   4.8005115283902309E-156   4.4749554845467975E-160
   3.6915962396361476E-090   1.3314845815059646E-080   4.1039039840960278E-084  -8.4404792735251363E-095  -3.9764800666611088E-107  -1.2708139689384580E-121   4.4412105477982927E-132   1.1377596277248062E-137   3.4185725789517047E-140   7.8193664817195668E-143   9.4315217218751766E-146   5.9981764242514058E-149   2.0113213793206116E-152   3.5560275564985443E-156   3.3148704670989345E-160
   2.5649776422654712E-090   9.1468905648442722E-081   2.7898454492877382E-084  -5.7492934628738088E-095  -2.6571044699879864E-107  -8.4179176056113751E-122   2.9657448914404377E-132   8.2091051894683156E-138   2.5319167478648793E-140   5.7913533612589782E-143   6.9853861761596136E-146   4.4425066530504297E-149   1.4896715864364255E-152   2.6337491555399163E-156   2.4551390651789187E-160
   1.7821436925513196E-090   6.2836164406926366E-081   1.8965440906657064E-084  -3.9155612282806945E-095  -1.7754731086247896E-107  -5.5759764480847002E-122   1.9804656615149261E-132   5.9316839995446790E-138   1.8749340628715789E-140   4.2886465050072064E-143   5.1728604589661077E-146   3.2897934363223123E-149   1.1031416707139809E-152   1.9503627463111686E-156   1.8180981431377669E-160
   1.2382022085795226E-090   4.3166286270409957E-081   1.2892750745855004E-084  -2.6662900980177398E-095  -1.1863565812854007E-107  -3.6934379101680182E-122   1.3225194126204937E-132   4.2920785266316351E-138   1.3882079229786765E-140   3.1753538489429949E-143   3.8300354950050974E-146   2.4357957330585314E-149   8.1677744985824987E-153   1.4440694142036531E-156   1.3461400434272368E-160
   8.6026079032039596E-091   2.9653675626615042E-081   8.7645187336967009E-085  -1.8153326638845784E-095  -7.9270590304051634E-108  -2.4464386415672383E-122   8.8315744639644850E-133   3.1098160989233515E-138   1.0276730382890604E-140   2.3506918345248383E-143   2.8353490327255812E-146   1.8032037203305750E-149   6.0465532464254007E-153   1.0690362710322491E-156   9.9654028123784837E-161
   5.9766573006448521E-091   2.0370945967857293E-081   5.9581358930936916E-085  -1.2357824775276916E-095  -5.2966914082497014E-108  -1.6204347491908590E-122   5.8976051959691450E-133   2.2560499511352087E-138   7.6065428282192125E-141   1.7399267410589351E-143   2.0986593615840588E-146   1.3346900382884579E-149   4.4755222386225718E-153   7.9127693533421615E-157   7.3761742646117221E-161
   4.1521804756337418E-091   1.3994025794467404E-081   4.0503502337888059E-085  -8.4113619952579053E-096  -3.5391014106840982E-108  -1.0733033956069406E-122   3.9383553059744481E-133   1.6386232793518767E-138   5.6292632748311331E-141   1.2876502661633687E-143   1.5531345242566375E-146   9.8775159450630562E-150   3.3121595841580912E-153   5.8559352987867175E-157   5.4588250511798706E-161
   2.8845873899807433E-091   9.6133098997058489E-082   2.7534335179774959E-085  -5.7244073959273600E-096  -2.3647058572473473E-108  -7.1089790599035197E-123   2.6300009217972311E-133   1.1915040288473248E-138   4.1653134279007498E-141   9.5278865473036804E-144   1.1492324798476581E-146   7.3088114292707196E-150   2.4508147470843425E-153   4.3330702503745571E-157   4.0392327723953070E-161
   2.0039217399494213E-091   6.6039230544455309E-082   1.8717871155589987E-085  -3.8952564298412043E-096  -1.5799998908864114E-108  -4.7085347807469731E-123   1.7563008218791820E-133   8.6729694594168693E-139   3.0815958437301206E-141   7.0489905720556519E-144   8.5023388255379639E-147   5.4072627455975324E-150   1.8131820661161132E-153   3.2057296163029135E-157   2.9883419127082439E-161
   1.3920901313784876E-091   4.5365932747931171E-082   1.2724424628326200E-085  -2.6502340073763313E-096  -1.0556812859112418E-108  -3.1185893143235061E-123   1.1728544344271501E-133   6.3192636687591664E-139   2.2794786514833811E-141   5.2142155531753417E-144   6.2892755664087211E-147   3.9998148501625099E-150   1.3412324260728647E-153   2.3713177318431985E-157   2.2105146171052855E-161
   9.6703781334458329E-092   3.1164233664043380E-082   8.6500714427781778E-086  -1.8029195100256898E-096  -7.0534964258714862E-109  -2.0654966043144681E-123   7.8323441036574309E-134   4.6085322640908716E-139   1.6858821963251408E-141   3.8564058360877200E-144   4.6515162279735801E-147   2.9582440836454697E-150   9.9196962766507660E-154   1.7538171366819795E-157   1.6348887206628191E-161
   6.7175208192638486E-092   2.1408281884477955E-082   5.8803215535862794E-086  -1.2263477925254898E-096  -4.7127235618184496E-109  -1.3679956559903932E-123   5.2304865930525673E-134   3.3637851275257671E-139   1.2466678383566217E-141   2.8517285461244533E-144   3.4396967717106382E-147   2.1875592392936193E-150   7.3354102460584454E-154   1.2969121892870365E-157   1.2089677245836501E-161
   4.6662070586231452E-092   1.4706384613332127E-082   3.9974431422747788E-086  -8.3406016467509786E-097  -3.1487297937629769E-109  -9.0602237678886634E-124   3.4929743365315359E-134   2.4571756975020968E-139   9.2173507551507898E-142   2.1084598555127609E-144   2.5431822284524730E-147   1.6173996453012330E-150   5.4235312049110541E-154   9.5888944542523802E-158   8.9386703225553493E-162
   3.2412189300229282E-092   1.0102497570900247E-082   2.7174612102494369E-086  -5.6719015932443725E-097  -2.1037530522971460E-109  -6.0004958597912234E-124   2.3326628427225041E-134   1.7962237708437485E-139   6.8138613536085962E-142   1.5586700605402178E-144   1.8800374720136006E-147   1.1956568839391978E-150   4.0093279659663786E-154   7.0885630932745686E-158   6.6078905042968800E-162
   2.2513450127704011E-092   6.9398535438894969E-083   1.8473290051403004E-086  -3.8566365303655860E-097  -1.4055622587999084E-109  -3.9740141174587814E-124   1.5578016583776549E-134   1.3139411806308012E-139   5.0363080073320295E-142   1.1520590891966131E-144   1.3895917791250231E-147   8.8374607714364925E-151   2.9634167334557033E-154   5.2393762360612359E-158   4.8840990416319473E-162
   1.5637417082039792E-092   4.7672788685621835E-083   1.2558130191071720E-086  -2.6220353742467846E-097  -9.3907742982632843E-110  -2.6318780185094882E-124   1.0403424955191401E-134   9.6174245196516973E-140   3.7218860971394633E-142   8.5138701361165630E-145   1.0269272381069942E-147   6.5310067992942231E-151   2.1900073939725581E-154   3.8719761153691670E-158   3.6094231022708682E-162
   1.0861184964584658E-092   3.2748355435742127E-083   8.5370052435745040E-087  -1.7824578025999210E-097  -6.2740608964787218E-110  -1.7429953614881234E-124   6.9477616766895219E-135   7.0434640472155832E-140   2.7500821856907422E-142   6.2908741212523199E-145   7.5879387709671481E-148   4.8257462339049569E-151   1.6181923407460762E-154   2.8609973893827717E-158   2.6669988831280459E-162
   7.5435985614333310E-093   2.2496093250077697E-083   5.8034460188450282E-087  -1.2115793753480594E-097  -4.1917183369287663E-110  -1.1543057680183218E-124   4.6400037967946360E-135   5.1610363011125420E-140   2.0317022490344963E-142   4.6475778881731827E-145   5.6058267437509205E-148   3.5651723836828079E-151   1.1954912736494030E-154   2.1136543254405266E-158   1.9703327842345198E-162
   5.2392490079173216E-093   1.5453375769186663E-083   3.9451741861422414E-087  -8.2345028992377859E-098  -2.8004738069139659E-110  -7.6443347469619922E-125   3.0988253896130523E-135   3.7834694399382975E-140   1.5007426967088682E-142   3.4330020883632302E-145   4.1408284101456146E-148   2.6334695256825887E-151   8.8306849279411064E-155   1.5612849538483161E-158   1.4554190135978562E-162
   3.6387193615917210E-093   1.0615446420983541E-083   2.6819226472868652E-087  -5.5959879233064460E-098  -1.8709708494430073E-110  -5.0623568988004678E-125   2.0695778576613071E-135   2.7747701579642122E-140   1.1083685646093125E-142   2.5354390144881088E-145   3.0582043987043642E-148   1.9449470016069268E-151   6.5218991742552976E-155   1.1530870582343334E-158   1.0749003812996015E-162
   2.5270688317653170E-093   7.2920859291261717E-084   1.8231657022732383E-087  -3.8025151566256873E-098  -1.2499672492179824E-110  -3.3524328784001038E-125   1.3822064936688327E-135   2.0357721265407663E-140   8.1845336985992800E-143   1.8722506136726763E-145   2.2582784756151761E-148   1.4362133473205746E-151   4.8159889730888232E-155   8.5147859351950245E-159   7.9374335563765609E-163
   1.7549894207240646E-093   5.0091483172132676E-084   1.2393839417785794E-087  -2.5835736764110764E-098  -8.3507672127801965E-111  -2.2200447369664050E-125   9.2314781731806674E-136   1.4941000361410761E-140   6.0427615717277775E-143   1.3823133653996060E-145   1.6673247428042825E-148   1.0603808083284389E-151   3.5557285677423338E-155   6.2866181850951531E-159   5.8603520089973276E-163
   1.2187672834908387E-093   3.4409200551678453E-084   8.4253007775732334E-088  -1.7552029545799523E-098  -5.5789218025140382E-111  -1.4701366334455916E-125   6.1656299019520048E-136   1.0968888489549452E-140   4.4607588835881381E-143   1.0204241931783918E-145   1.2308201841012780E-148   7.8277414780016791E-152   2.6248436108244696E-155   4.6407924945863642E-159   4.3261245545284070E-163
   8.4636141088543202E-094   2.3636536073050430E-084   5.7274959040940455E-088  -1.1923157479000084E-098  -3.7270940088572953E-111  -9.7352710215057311E-126   4.1180569164469979E-136   8.0549546160509967E-141   3.2924092199528611E-143   7.5315905431436349E-146   9.0844939467834806E-149   5.7775379269419024E-152   1.9373584500840737E-155   3.4253025049248454E-159   3.1930524460469586E-163
   5.8773239270820432E-094   1.6236470015800523E-084   3.8935341048522085E-088  -8.0986661684109168E-099  -2.4899270261707804E-111  -6.4466308309907914E-126   2.7505326526428629E-136   5.9165316299394490E-141   2.4296887142451360E-143   5.5580746132297013E-146   6.7040707227289838E-149   4.2636431938350511E-152   1.4297109615511337E-155   2.5277692817862214E-159   2.3563771497019364E-163
   4.0812390253208188E-094   1.1153159436661585E-084   2.6468114176537626E-088  -5.5004066636204852E-099  -1.6634092515431444E-111  -4.2688608359066425E-126   1.8371803848133318E-136   4.3467226136157306E-141   1.7927479240244572E-143   4.1010376963161680E-146   4.9466154829005238E-149   3.1459413353431411E-152   1.0549168542509048E-155   1.8651237418397928E-159   1.7386624412339050E-163
   2.8339552206892751E-094   7.6613039781081929E-085   1.7992927649851212E-088  -3.7353901493664227E-099  -1.1112399591287855E-111  -2.8267387271839236E-126   1.2271520914083005E-136   3.1940023205109862E-141   1.3225727872370633E-143   3.0254840576262178E-146   3.6492989085373246E-149   2.3208768988044206E-152   7.7825144355796280E-156   1.3759719765011656E-159   1.2826774591896147E-163
   1.9678065541179507E-094   5.2626676067197674E-085   1.2231521511684405E-088  -2.5365169392784214E-099  -7.4235707664747286E-112  -1.8717758935209415E-126   8.1970530857017509E-137   2.3473392590961675E-141   9.7555486137847483E-144   2.2316582893669652E-146   2.6917978535014648E-149   1.7119272793321620E-152   5.7405480932308638E-156   1.0149467303621782E-159   9.4613122292500436E-164
   1.3663444638382853E-094   3.6149943539546344E-085   8.3149366774148414E-089  -1.7222687915828646E-099  -4.9592287793762533E-112  -1.2394145000700781E-126   5.4755928573546755E-137   1.7253348773987987E-141   7.1947477351275671E-144   1.6458575540848708E-146   1.9852132695779945E-149   1.2625548106020313E-152   4.2336846562509481E-156   7.4852900065250005E-160   6.9777757704185965E-164
   9.4869429784311806E-095   2.4831772168849380E-085   5.6524563732544077E-089  -1.1693006276485654E-099  -3.3129260654327830E-112  -8.2068003956459844E-127   3.6578003728826566E-137   1.2682888333983192E-141   5.3053153329594806E-144   1.2136361841848738E-146   1.4638737372152989E-149   9.3099402269884453E-153   3.1218740446721442E-156   5.5195762468900388E-160   5.1453434371258489E-164
   6.5868925088197634E-095   1.7057138925927771E-085   3.8425125894029365E-089  -7.9380570871080689E-100  -2.2131236284796596E-112  -5.4340768535174189E-127   2.4435759672710244E-137   9.3239770425050151E-142   3.9114572628220937E-144   8.9478050053979773E-147   1.0792741949728609E-149   6.8639682925370214E-153   2.3016748478652567E-156   4.0694392333925199E-160   3.7935293790941050E-164
   4.5732291538889461E-095   1.1716637904026216E-085   2.6121203525031952E-089  -5.3884730670701171E-100  -1.4784136317660825E-112  -3.5980924809181440E-127   1.6324894250023238E-137   6.8551060418545296E-142   2.8833524467835898E-144   6.5959329299769648E-147   7.9559435449014319E-150   5.0598235280294677E-153   1.6966970022171382E-156   2.9998195051693369E-160   2.7964319926446971E-164
   3.1750703488523528E-095   8.0481886747923705E-086   1.7757052041691161E-089  -3.6574747751902166E-100  -9.8760348790491477E-113  -2.3823937383003570E-127   1.0906752302020164E-137   5.0402192644501096E-142   2.1251452953379307E-144   4.8614707462545690E-147   5.8638562958753446E-150   3.7292989458174215E-153   1.2505364076334610E-156   2.2109932094241575E-160   2.0610892581458138E-164
   2.2043047671596444E-095   5.5282996570431058E-086   1.2071141723774599E-089  -2.4823426556572309E-100  -6.5972913842413780E-113  -1.5774276883001386E-127   7.2872404554710119E-138   3.7059525019321526E-142   1.5660703871319755E-144   3.5825383647747354E-147   4.3212229329093579E-150   2.7482153093466872E-153   9.2155257283260076E-157   1.6293388814224132E-160   1.5188716168601948E-164
   1.5303040232153195E-095   3.7973729629365166E-086   8.2058887209772269E-090  -1.6846415729851108E-100  -4.4070211241357928E-113  -1.0444318693536598E-127   4.8691769278708664E-138   2.7249520785041576E-142   1.1538933749280698E-144   2.6396463860959565E-147   3.1839171248575719E-150   2.0249114676522843E-153   6.7900914139342099E-157   1.2005138192760307E-160   1.1191210463325197E-164
   1.0623594435497632E-095   2.6083937346940289E-086   5.5783105282678907E-090  -1.1431923247752406E-100  -2.9438863101201675E-113  -6.9152126045979708E-128   3.2536831491964807E-138   2.0036433928656835E-142   8.5006441118142855E-145   1.9446094099708927E-147   2.3455709140685993E-150   1.4917397266806465E-153   5.0022207914032790E-157   8.8441202091072863E-161   8.2445088997845258E-165
   7.3748436019308750E-096   1.7916832009404361E-086   3.7920978414896910E-090  -7.7570694845475882E-101  -1.9664974690433032E-113  -4.5785267428429971E-128   2.1743271128294384E-138   1.4732584209891100E-142   6.2613753725433615E-145   1.4323552538522996E-147   1.7276951405635413E-150   1.0987826745800522E-153   3.6845276900328116E-157   6.5143913067793656E-161   6.0727339041609322E-165
   5.1194298751477867E-096   1.2306864955683556E-086   2.5778412073491415E-090  -5.2631195689983658E-101  -1.3135972357386733E-113  -3.0313829319611821E-128   1.4531396431708531E-138   1.0832512976172166E-142   4.6112577558655560E-145   1.0548746116399731E-147   1.2723816244577750E-150   8.0921194153457526E-154   2.7135168668857603E-157   4.7976082314141662E-161   4.4723465210565423E-165
   3.5536750511066366E-096   8.4534063925087749E-087   1.7523972538719789E-090  -3.5707260117645343E-101  -8.7746046160925699E-114  -2.0070153982185307E-128   9.7123845051946697E-139   7.9646468883864755E-143   3.3954771179657100E-145   7.7675251492822216E-148   9.3691328918534707E-151   5.9586036343729990E-154   1.9980896053800647E-157   3.5327056610905996E-161   3.2932020318582731E-165
   2.4667266975008251E-096   5.8064958233493764E-087   1.1912659694724126E-090  -2.4223567405330438E-101  -5.8612386238806638E-114  -1.3287873826998692E-128   6.4920810046875153E-139   5.8558031548375191E-143   2.4998501078288209E-145   5.7186857328849295E-148   6.8978404485535734E-151   4.3869071905709744E-154   1.4710557471004366E-157   2.6008892725581867E-161   2.4245605799840535E-165
   1.7121879353984923E-096   3.9883613696540570E-087   8.0981286345169947E-091  -1.6431926936412150E-101  -3.9151444066480168E-114  -8.7974175309149907E-129   4.3399563632066585E-139   4.3051174521995403E-143   1.8401739620793430E-145   4.2096067723841907E-148   5.0776016510079201E-151   3.2292683229279014E-154   1.0828667990893309E-157   1.9145557168213102E-161   1.7847584317686096E-165
   1.1884167806046266E-096   2.7395097557557390E-087   5.5050385452087294E-091  -1.1145722533566743E-101  -2.6151868456824391E-114  -5.8243821199492254E-129   2.9015786172329897E-139   3.1648884464641964E-143   1.3543644484958310E-145   3.0982650301769925E-148   3.7371096954928962E-151   2.3767393473100457E-154   7.9698965389077512E-158   1.4091132350258028E-161   1.3135831941917420E-165
   8.2484610142725216E-097   1.8816945223897922E-087   3.7422759499660535E-091  -7.5595824158457551E-102  -1.7468444551056882E-114  -3.8560219002929865E-129   1.9401505285004780E-139   2.3265010186716435E-143   9.9665296009061660E-146   2.2799605859834737E-148   2.7500766839750412E-151   1.7490036612328304E-154   5.8649196705366297E-158   1.0369445131863522E-161   9.6664601400648298E-166
   5.7248451398960192E-097   1.2924782964844085E-087   2.5439642120162103E-091  -5.1269339984400968E-102  -1.1668159097465272E-114  -2.5528431314385844E-129   1.2974588364216074E-139   1.7100797584543974E-143   7.3330412643379498E-146   1.6775205655809267E-148   2.0234175013381723E-151   1.2868609469838143E-154   4.3152224949658213E-158   7.6295141465624272E-162   7.1122839407775028E-166
   3.9732059908159598E-097   8.8775926689269125E-088   1.7293620464679065E-091  -3.4768701491616480E-102  -7.7937606024816160E-115  -1.6900665250282602E-129   8.6778921355931324E-140   1.2568830164945358E-143   5.3945602659964332E-146   1.2340708891046491E-148   1.4885311976247933E-151   9.4668231792262261E-155   3.1745053232367291E-158   5.6126762146896374E-162   5.2321772819675083E-166
   2.7574318734232437E-097   6.0976842532007911E-088   1.1756027110449419E-091  -2.3577106830137590E-102  -5.2058111933999487E-115  -1.1188671759186467E-129   5.8050144970537337E-140   9.2371085137032894E-144   3.9678909011016400E-146   9.0770369727639537E-149   1.0948689082623869E-151   6.9631965193524943E-155   2.3349665812066828E-158   4.1283341215075019E-162   3.8484651542378746E-166
   1.9136156675177056E-097   4.1882476731806228E-088   7.9916224006309368E-092  -1.5986901744578199E-102  -3.4771739280336585E-115  -7.4071025464336912E-130   3.8838924641196104E-140   6.7879317481136107E-144   2.9180662607296705E-146   6.6754391964333299E-149   8.0518939886842183E-152   5.1208821697682808E-155   1.7171847496777600E-158   3.0360675736986242E-162   2.8302474724588633E-166
   1.3279774573724796E-097   2.8767188975433187E-088   5.4326164531014665E-092  -1.0839526288033279E-102  -2.3225286784494367E-115  -4.9035803934413941E-130   2.5990396168306946E-140   4.9876601753762910E-144   2.1456670394328417E-146   4.9084834281826567E-149   5.9205999693030715E-152   3.7654133562654522E-155   1.2626562184146213E-158   2.2324398867374478E-162   2.0811002905038454E-166
   9.2153658657336067E-098   1.9758778004684306E-088   3.6930300095007961E-092  -7.3490117234877640E-103  -1.5512880371942884E-115  -3.2461859143749696E-130   1.7395944274111027E-140   3.6644780796612901E-144   1.5774705679246606E-146   3.6086649341774653E-149   4.3527641396072962E-152   2.7682944430680116E-155   9.2829276925553334E-159   1.6412693538169319E-162   1.5300067813545328E-166
   6.3947001835203233E-098   1.3571262733673086E-088   2.5104774345705292E-092  -4.9821941145279569E-103  -1.0361449318892496E-115  -2.1489615843398261E-130   1.1646106594737770E-140   2.6920391125253021E-144   1.1595566085386957E-146   2.6526352532598191E-149   3.1996044986898760E-152   2.0349027127655078E-155   6.8236471465522352E-159   1.2064565772592035E-162   1.1246708788794019E-166
   4.4372443495778987E-098   9.3213301163328993E-089   1.7065911536099155E-092  -3.3774259211489980E-103  -6.9206246339248333E-116  -1.4225879186764384E-130   7.7986618713990103E-141   1.9774376716850256E-144   8.5222525803728822E-147   1.9495764175930992E-149   2.3515770395653624E-152   1.4955700842765375E-155   5.0151035421108201E-159   8.8669708337037157E-163   8.2658837703494780E-167
   3.0788737206288557E-098   6.4022540523293239E-089   1.1601184389214668E-092  -2.2894170377547688E-103  -4.6223925331819393E-116  -9.4172653688981828E-131   5.2236692541726234E-141   1.4523618063362368E-144   6.2625124800386264E-147   1.4326322994698296E-149   1.7280403275013719E-152   1.0990099850266266E-155   3.6853182430742839E-159   6.5158430561041852E-163   6.0741412836612291E-167
   2.1362673297078715E-098   4.3972912356394523E-089   7.8863278673968320E-093  -1.5518090364695774E-103  -3.0873446282983470E-116  -6.2339850446017134E-131   3.4999187513446892E-141   1.0665861020859811E-144   4.6012365872226313E-147   1.0525941805046386E-149   1.2696390950928867E-152   8.0747346278721857E-156   2.7077080850080336E-159   4.7873778075751922E-163   4.4628494511491428E-167
   1.4821915128035158E-098   3.0201936676290028E-089   5.3610144084977212E-093  -1.0517834144475934E-103  -2.0620546702773812E-116  -4.1266913268724713E-131   2.3457313091344468E-141   7.8318567108675553E-145   3.3801212764298364E-147   7.7324824493187596E-150   9.3269243164076225E-153   5.9318017955150684E-156   1.9891175048666265E-159   3.5168718420951815E-163   3.2784709329053197E-167
   1.0283426592573493E-098   2.0743474996054953E-089   3.6443388753938341E-093  -7.1283565482634321E-104  -1.3772476309253838E-116  -2.7317032691642862E-131   1.5727104133038973E-141   5.7501608664017035E-145   2.4826857985770371E-147   5.6794813090160806E-150   6.8505962443225863E-153   4.3568916302008739E-156   1.4610019348346096E-159   2.5831351983995247E-163   2.4080316631370982E-167
   7.1343759183545054E-099   1.4247061749127781E-089   2.4773658827163918E-093  -4.8308987449503849E-104  -9.1985781829572180E-117  -1.8082579941561742E-131   1.0548302514664113E-141   4.2212448440856554E-145   1.8232364603105011E-147   4.1709036825530987E-150   5.0309505252837319E-153   3.1996217443353575E-156   1.0729337293092660E-159   1.8970094208250493E-163   1.7684175032277559E-167
   4.9494680692892346E-099   9.7851185194874430E-090   1.6840739377456813E-093  -3.2737253498315210E-104  -6.1436462670538025E-117  -1.1969682347079102E-131   7.0777270341526119E-142   3.0984558343791299E-145   1.3387392451885335E-147   3.0625515178797492E-150   3.6940560179890711E-153   2.3493746464910729E-156   7.8781956494216588E-160   1.3929117278601938E-163   1.2984916871154250E-167
   3.4335648451968377E-099   6.7205338677387572E-090   1.1448056001826766E-093  -2.2183633771901074E-104  -4.1032553652986721E-117  -7.9231931362838018E-132   4.7511374034940770E-142   2.2740149332133124E-145   9.8283531811674436E-148   2.2483732123647848E-150   2.7119936283284412E-153   1.7247957505321177E-156   5.7837882374985192E-160   1.0226086466572843E-163   9.5329057892108539E-168
   2.3818584699909564E-099   4.6157073444825035E-090   7.7821913711998077E-094  -1.5031406385622596E-104  -2.7404870348451874E-117  -5.2446108730238247E-132   3.1908774031260181E-142   1.6687206711229373E-145   7.2143511377992667E-148   1.6503845906021242E-150   1.9906990601517728E-153   1.2660615752546119E-156   4.2455089873457493E-160   7.5063201873293799E-164   6.9975045291048725E-168
   1.6522295987179470E-099   3.1700744807776392E-090   5.2901942583589121E-094  -1.0184585701380526E-104  -1.8303065595251519E-117  -3.4715365023216316E-132   2.1441180726577271E-142   1.2243778903667665E-145   5.2947512579805907E-148   1.2112496857080598E-150   1.4610137994261060E-153   9.2918832230897056E-157   3.1158669587203705E-160   5.5090469217017041E-164   5.1356194676388965E-168
   1.1460626550826507E-099   2.1771947414129389E-090   3.5961754048545536E-094  -6.9002411376336352E-105  -1.2224097792487480E-117  -2.2978710987685851E-132   1.4415568314021609E-142   8.9823101254890881E-146   3.8853094325752797E-148   8.8882028078223931E-151   1.0720987400112367E-153   6.8184305207631801E-157   2.2864399981800276E-160   4.0425706549162588E-164   3.7685496988208736E-168
   7.9493131294473552E-100   1.4952767884711609E-090   2.4446102346385541E-094  -4.6747957550666040E-105  -8.1640697475519485E-118  -1.5209855081929842E-132   9.6979274924455212E-143   6.5887137936493225E-146   2.8506075317911742E-148   6.5211771190878411E-151   7.8658745508047840E-154   5.0026124368895954E-157   1.6775384179436558E-160   2.9659957892964699E-164   2.7649508850837766E-168
   5.5135825935188787E-100   1.0269334534253444E-090   1.6617966362514780E-094  -3.1669324534887519E-105  -5.4524730101590696E-118  -1.0067462036477908E-132   6.5284632730012732E-143   4.8322859121253444E-146   2.0911298947107933E-148   4.7837645920572086E-151   5.7702019030366916E-154   3.6697887203383548E-157   1.2305999840624637E-160   2.1757811289361238E-164   2.0283007916087565E-168
   3.8240270105356927E-100   7.0527630404379753E-091   1.1296543862473176E-094  -2.1453248025300989E-105  -3.6414746080095523E-118  -6.6636236464164759E-133   4.3979452401962745E-143   3.5435893551558119E-146   1.5337563042313065E-148   3.5086929854125555E-151   4.2322057076989343E-154   2.6916403474258149E-157   9.0259536887619891E-161   1.5958484534084819E-164   1.4876784268724074E-168
   2.6521039751214144E-100   4.8436465657704925E-091   7.6791429673839110E-095  -1.4532010426940986E-105  -2.4319688419707925E-118  -4.4105878886669751E-133   2.9649584137794498E-143   2.5981988883916605E-146   1.1247693664821161E-148   2.5730765289756348E-151   3.1036611053583172E-154   1.9738982612112733E-157   6.6191323267504509E-161   1.1703071422631860E-164   1.0909818806817170E-168
   1.8392569496935443E-100   3.3264548828185331E-091   5.2201060983800660E-095  -9.8432164431599907E-106  -1.6241857720314093E-118  -2.9192956787439221E-133   2.0005139618170979E-143   1.9047550353012977E-146   8.2471210346508420E-149   1.8866520213273833E-151   2.2756925432595727E-154   1.4473190119768282E-157   4.8533408623888704E-161   8.5810381401216263E-165   7.9994067278472821E-169
   1.2754876462044138E-100   2.2844767307914933E-091   3.5485039734148668E-095  -6.6669522198797494E-106  -1.0847018652854637E-118  -1.9322143182459043E-133   1.3509650289188293E-143   1.3961855440843904E-146   6.0460680069569104E-149   1.3831289633275890E-151   1.6683403283859768E-154   1.0610492400901820E-157   3.5580520247018704E-161   6.2908825741416745E-165   5.8644837883208209E-169
   8.8448774328827904E-101   1.5688723738883702E-091   2.4121850467990431E-095  -4.5154070205041364E-106  -7.2440606463738541E-119  -1.2788751218907436E-133   9.1317191040665988E-144   1.0232552591221185E-146   4.4317521029545774E-149   1.0138304153196441E-151   1.2228902422862958E-154   7.7774742274089471E-158   2.6080479057993300E-161   4.6112120712149170E-165   4.2986647134871754E-169
   6.1332237012490436E-101   1.0774177551917446E-091   1.6397410681486138E-095  -3.0580599283065557E-106  -4.8378320614114615E-119  -8.4644089356950393E-134   6.1786588228338869E-144   7.4982735804723568E-147   3.2479524622400148E-149   7.4301867181573076E-152   8.9623537689777501E-155   5.6999808191887508E-158   1.9113957098106714E-161   3.3794839292362989E-165   3.1504248704167260E-169
   4.2527212682554670E-101   7.3990528742675749E-092   1.1146517996200751E-095  -2.0709750839744572E-106  -3.2308480586760970E-119  -5.6022284293046897E-134   4.1850173758808712E-144   5.4938230163134696E-147   2.3799927998872527E-149   5.4445991555897865E-152   6.5673242363718061E-155   4.1767644209982242E-158   1.4006106441154484E-161   2.4763809161484775E-165   2.3085349604730463E-169
   2.9486678604213923E-101   5.0811670359956860E-092   7.5770896957887790E-096  -1.4024384511008988E-106  -2.1576417158381061E-119  -3.7078374825225388E-134   2.8378571680426563E-144   4.0246099786559639E-147   1.7437065449080025E-149   3.9889984638159577E-152   4.8115677807752278E-155   3.0601191838120512E-158   1.0261621994214003E-161   1.8143300190790213E-165   1.6913580687902462E-169
   2.0443973212400157E-101   3.4893617295929719E-092   5.1506834133297511E-096  -9.4967073739787617E-107  -1.4409177466261264E-119  -2.4540097951664186E-134   1.9266524583031099E-144   2.9478703603318516E-147   1.2773294598658120E-149   2.9220900916052219E-152   3.5246543439878554E-155   2.2416534720561662E-158   7.5170316426963537E-162   1.3290670771209622E-165   1.2389861158119858E-169
   1.4173755552775314E-101   2.3962025778287224E-092   3.5012769681554646E-096  -6.4304721159984621E-107  -9.6226818868024593E-120  -1.6241556235295449E-134   1.3096809334263760E-144   2.1588781174335117E-147   9.3554404242783342E-150   2.1402036997232152E-152   2.5815362893521714E-155   1.6418383308410226E-158   5.5056490096731199E-162   9.7344023112247690E-166   9.0746335686346819E-170
   9.8261735563121079E-102   1.6454925224491236E-092   2.3800562234239323E-096  -4.3540505079103482E-107  -6.4261396608090502E-120  -1.0749165704419655E-134   8.9146996367581111E-145   1.5808212707358443E-147   6.8510529688160272E-150   1.5672865148648267E-152   1.8904783740475496E-155   1.2023311020253762E-158   4.0318321390816407E-162   7.1285871084009788E-166   6.6454368290873311E-170
   6.8118243286508400E-102   1.1299597168276917E-092   1.6178828080707908E-096  -2.9479838664468553E-107  -4.2914227323299974E-120  -7.1140623500688865E-135   6.0765445637843584E-145   1.1573696263173199E-147   5.0162848870589199E-150   1.1475548746866761E-152   1.3841940305970354E-155   8.8033820939892444E-159   2.9520801410212915E-162   5.2195061122641291E-166   4.8657495466298868E-170
   4.7219525021841132E-102   7.7593347631945661E-093   1.0997803362187428E-096  -1.9958964663753832E-107  -2.8658242599097164E-120  -4.7082161245198436E-135   4.1480567867147143E-145   8.4721928478383171E-148   3.6723058322611265E-150   8.4009869010314740E-153   1.0133372575486865E-155   6.4447608003237810E-159   2.1611535516483532E-162   3.8210888946381566E-166   3.5621134663905519E-170
   3.2730948823073691E-102   5.3281973657083327E-093   7.4759060723849204E-097  -1.3512397356790660E-107  -1.9137929278476739E-120  -3.1159533662029818E-135   2.8359548185154368E-145   6.2008870981876242E-148   2.6879876818108488E-150   6.1492044726984940E-153   7.4172485295588842E-156   4.7173254120938997E-159   1.5818849304861069E-162   2.7968981691314852E-166   2.6073391778724636E-170
   2.2686840161853740E-102   3.6587286591225618E-093   5.0818362157995167E-097  -9.1476284701900860E-108  -1.2780195057823046E-120  -2.0621552867694840E-135   1.9419949573695194E-145   4.5378053953487709E-148   1.9671953523021383E-150   4.5002780134108769E-153   5.4282949156599457E-156   3.4523645786693466E-159   1.1576997413393517E-162   2.0469062485372765E-166   1.9081789282379700E-170
   1.5724160989921186E-102   2.5123143285265937E-093   3.4544298366253054E-097  -6.1925076383939718E-108  -8.5344822272599922E-121  -1.3647329011470508E-135   1.3320401136105693E-145   3.3202576772733865E-148   1.4394596322016305E-150   3.2929985358818055E-153   3.9720602024965404E-156   2.5262088530771709E-159   8.4712747687705165E-163   1.4977903699544593E-166   1.3962797718699720E-170
   1.0897794495869377E-102   1.7250885931487582E-093   2.3481774438077013E-097  -4.1918594809412732E-108  -5.6992019450307758E-121  -9.0317073749704701E-136   9.1523265763833716E-146   2.4290219111859526E-148   1.0531331338781044E-150   2.4092147676829409E-153   2.9060293453682579E-156   1.8482198884222485E-159   6.1977404776640862E-163   1.0958116229404704E-166   1.0215451912316433E-170
   7.5524351488480409E-103   1.1845196202390027E-093   1.5961886082136193E-097  -2.8374565104087862E-108  -3.8058187158978063E-121  -5.9770649675045195E-136   6.2996049455374724E-146   1.7767431479433181E-148   7.7036909348190530E-151   1.7623464263227305E-153   2.1257684431310315E-156   1.3519785863203706E-159   4.5336688231259284E-163   8.0159049500461458E-167   7.4726477232098436E-171
   5.2337411413274680E-103   8.1332908523149121E-094   1.0850161250604638E-097  -1.9205881319520568E-108  -2.5414369789106841E-121  -3.9555059092622430E-136   4.3439321265676547E-146   1.2994252607689033E-148   5.6343810373280495E-151   1.2889582060472048E-153   1.5547612359260307E-156   9.8882121385623588E-160   3.3158737514869429E-163   5.8627449884393794E-167   5.4654160000278157E-171
   3.6267188439310124E-103   5.5844870660645609E-094   7.3754206653214684E-098  -1.2999360478283447E-108  -1.6971014298615605E-121  -2.6176529243530603E-136   3.0009472927941905E-146   9.5019179490183081E-149   4.1202670620477736E-151   9.4257990898173610E-154   1.1369549109542068E-156   7.2309861032314341E-160   2.4248114342328503E-163   4.2872739949764024E-167   3.9967200498066100E-171
   2.5129943672285207E-103   3.8343606508263651E-094   5.0134413595435434E-098  -8.7981758285372539E-109  -1.1332702092990658E-121  -1.7322799247676440E-136   2.0770845432667909E-146   6.9471143395705574E-149   3.0125641968276908E-151   6.8917467789902365E-154   8.3129385572318060E-157   5.2869970705697717E-160   1.7729224811054160E-163   3.1346803887278438E-167   2.9222409774979602E-171
   1.7411839896161479E-103   2.6326616286481298E-094   3.4078740970015968E-098  -5.9545146617909637E-109  -7.5675687453166605E-122  -1.1463575277335180E-136   1.4403969601533840E-146   5.0784445205798603E-149   2.2023130217996272E-151   5.0381632672522472E-154   6.0771183097862844E-157   3.8650258686862602E-160   1.2960844954831699E-163   2.2915908893196794E-167   2.1362895539394495E-171
   1.2063487342893199E-103   1.8075456008799215E-094   2.3164851184894913E-098  -4.0297987312400052E-109  -5.0533166991562701E-122  -7.5860923865966237E-137   1.0008082712892282E-146   3.7118462198293706E-149   1.6097319969913762E-151   3.6825356138846117E-154   4.4419391563546638E-157   2.8250590756112586E-160   9.4734611327029026E-164   1.6749918617358096E-167   1.5614784750913126E-171
   8.3574860201613620E-104   1.2410101227008225E-094   1.5746127587477275E-098  -2.7271169594297044E-109  -3.3743793820901751E-122  -5.0200982078825408E-137   6.9673119169322655E-147   2.7125774425096041E-149   1.1764132346720772E-151   2.6912464411183472E-154   3.2462302050999649E-157   2.0645930344794010E-160   6.9233427926031010E-164   1.2241090567377153E-167   1.1411524913261129E-171
   5.7896529169464901E-104   8.5202614916574905E-095   1.0703263019646694E-098  -1.8454732511772291E-109  -2.2532457457754471E-122  -3.3220209338489510E-137   4.8598937662945017E-147   1.9820159337069466E-149   8.5960319871233909E-152   1.9664901583694937E-154   2.3720171207737502E-157   1.5085967853824262E-160   5.0588847934142905E-164   8.9445669240613314E-168   8.3384083710207955E-172
   4.0105411345155070E-104   5.8495403980206087E-095   7.2753971437929094E-099  -1.2488074535618111E-109  -1.5045979953850088E-122  -2.1983083112779043E-137   3.3965136114077981E-147   1.4479877441942269E-149   6.2801199905005047E-152   1.4366860773036215E-154   1.7329583368172926E-157   1.1021575899394566E-160   3.6959453529061458E-164   6.5347702424582201E-168   6.0919234474587948E-172
   2.7779631032684845E-104   4.0158867432914913E-095   4.9453288645172360E-099  -8.4502020745464238E-110  -1.0046844360355718E-122  -1.4546916434523918E-137   2.3783696907337875E-147   1.0576824765237092E-149   4.5874322051797937E-152   1.0494549187315537E-154   1.2658732502500636E-157   8.0509292923256093E-161   2.6997782386243342E-164   4.7734582349236107E-168   4.4499744101413108E-172
   1.9240771580548712E-104   2.7569679291009316E-095   3.3614874703736666E-099  -5.7177180266857421E-110  -6.7086657524319196E-123  -9.6260787603159471E-138   1.6686131842999589E-147   7.7246417335823186E-150   3.3504502742486882E-152   7.6647411289744165E-155   9.2453663249374009E-158   5.8800379548949880E-161   1.9717981013725952E-164   3.4863238927102791E-168   3.2500675757247385E-172
   1.3325712872461334E-104   1.8926580626932041E-095   2.2848912688132128E-099  -3.8686775720152119E-110  -4.4796071165795958E-123  -6.3697739634272028E-138   1.1728698885883566E-147   5.6407121433828636E-150   2.4466311213430836E-152   5.5970991023863609E-155   6.7513376097314602E-158   4.2938418834370038E-161   1.4398876196948963E-164   2.5458577839322119E-168   2.3733351471225075E-172
   9.2284720891471815E-105   1.2992789941468745E-095   1.5530919497884875E-099  -2.6174996268145330E-110  -2.9911693040443118E-123  -4.2149729789841421E-138   8.2593573069991452E-148   4.1183383866913442E-150   1.7863461459112135E-152   4.0865828130612470E-155   4.9293236152795258E-158   3.1350449301115529E-161   1.0512997334207807E-164   1.8587986581260610E-168   1.7328363691188656E-172
   6.3905751885921584E-105   8.9191218626968378E-096   1.0556653020104630E-099  -1.7709044686845592E-110  -1.9972819098142301E-123  -2.7890850010275920E-138   5.8267500803485158E-148   3.0063709551187223E-150   1.3040508990651672E-152   2.9832483936366001E-155   3.5984596720943739E-158   2.2886179241745796E-161   7.6746100042682030E-165   1.3569453771517768E-168   1.2649921868883214E-172
   4.4250713812223548E-105   6.1225282018211688E-096   7.1755075248648360E-100  -1.1980864778866792E-110  -1.3336290593102192E-123  -1.8455461343241038E-138   4.1178360108471524E-148   2.1942974982168799E-150   9.5182098100329970E-153   2.1774607322232727E-155   2.6265021107124079E-158   1.6704544051657787E-161   5.6016746678327691E-165   9.9043091408553919E-169   9.2331510028277746E-173
   3.0638688522505096E-105   4.2026970236193927E-096   4.8772626121272178E-100  -8.1052391566055023E-111  -8.9048794408477010E-124  -1.2211929287168998E-138   2.9150811715634447E-148   1.6013298809735808E-150   6.9462084361367702E-153   1.5890700945077773E-155   1.9167729637973919E-158   1.2190675306204483E-161   4.0880034770448225E-165   7.2279945505944774E-169   6.7381991272919889E-173
   2.1212359313114149E-105   2.8847854567483933E-096   3.3150999506905743E-100  -5.4831261186479830E-111  -5.9459103066018171E-124  -8.0805308563721323E-139   2.0670242644293510E-148   1.1684185050023223E-150   5.0684148698053586E-153   1.1594915419898309E-155   1.3986060540488427E-158   8.8951384145340693E-162   2.9828845115090186E-165   5.2740379958145690E-169   4.9166529392087230E-173
   1.4685070113411974E-105   1.9800978194177597E-096   2.2532734751926318E-100  -3.7091591027859352E-111  -3.9701414518094681E-124  -5.3467731748867177E-139   1.4680013254352449E-148   8.5240959172536821E-151   3.6976713712776771E-153   8.4590954315824771E-156   1.0203565152223404E-158   6.4894735425527788E-162   2.1761730691206041E-165   3.8476937878160560E-169   3.5869644739836551E-173
   1.0165544183231334E-105   1.3590861226417262E-096   1.5315380182065570E-100  -2.5090400815243253E-111  -2.6508852299727344E-124  -3.5378539568367559E-139   1.0441538589940267E-148   6.2177102283064199E-151   2.6972194064913612E-153   6.1703823259331198E-156   7.4428675510821560E-159   4.7336705915143755E-162   1.5873848641637946E-165   2.8066584248335635E-169   2.6164739151828725E-173
   7.0364254290418285E-106   9.3281176640131340E-097   1.0409696257411154E-100  -1.6971675513323611E-111  -1.7699996795726403E-124  -2.3409079293198773E-139   7.4375495270503633E-149   4.5346612133673510E-151   1.9671435468259149E-153   4.5002022867182459E-156   5.4282576273571105E-159   3.4523785658662687E-162   1.1577181739368046E-165   2.0469650781721106E-169   1.9082600422825175E-173
   4.8701200176153904E-106   6.4021704836620695E-097   7.0752944071927312E-101  -1.1479603558661480E-111  -1.1818238922757473E-124  -1.5489060368394412E-139   5.3050800969566260E-149   3.3066741746636936E-151   1.4344573574747606E-153   3.2815861545178220E-156   3.9583338952250275E-159   2.5175065199989375E-162   8.4421930818191143E-166   1.4926676468118819E-169   1.3915234135031654E-173
   3.3704865665833612E-106   4.3938587295970527E-097   4.8089130936668908E-101  -7.7645120246561884E-112  -7.8909566131356480E-125  -1.0248543231798753E-139   3.7889566253381939E-149   2.4108496318390894E-151   1.0458539637303651E-153   2.3925851327313263E-156   2.8859992494205415E-159   1.8355009399194822E-162   6.1551625363634038E-166   1.0882974743640458E-169   1.0145542987984933E-173
   2.3324380604318606E-106   3.0154352662776836E-097   3.2684741404648979E-101  -5.2515390132816290E-112  -5.2687046303111613E-125  -6.7810281093649429E-140   2.7094532338550905E-149   1.7574419241703298E-151   7.6240593211310416E-154   1.7441458725295130E-156   2.1038356901990558E-159   1.3380441225034666E-162   4.4869950148421708E-166   7.9334838075347962E-170   7.3959146337616770E-174
   1.6139549790530079E-106   2.0693712012761499E-097   2.2214606876752052E-101  -3.5517649255231487E-112  -3.5178340536090705E-125  -4.4866822194266359E-140   1.9397546995963973E-149   1.2809257534702853E-151   5.5569092451485228E-154   1.2712472499754629E-156   1.5334133510153269E-159   9.7525475331382711E-163   3.2704195197704217E-166   5.7824525294728513E-170   5.3906396645335192E-174
   1.1166977947085670E-106   1.4200729087268044E-097   1.5098277087670796E-101  -2.4020776695796545E-112  -2.3487897115053618E-125  -2.9685984176572082E-140   1.3902220736984976E-149   9.3346712630508283E-152   4.0496002966113371E-154   9.2642244143860160E-157   1.1174767105954991E-159   7.1071836146991141E-163   2.3833244297024497E-166   4.2139757503926514E-170   3.9284437145733564E-174
   7.7257737961041515E-107   9.7446464341878456E-098   1.0261504509764815E-101  -1.6244827533253740E-112  -1.5682316067367556E-125  -1.9641469803440637E-140   9.9738617470155628E-150   6.8015230724100472E-152   2.9506849055581734E-154   6.7502510775589723E-157   8.1423457742213354E-160   5.1785576549896469E-163   1.7365795544088553E-166   3.0704625792174413E-170   2.8624149321621595E-174
   5.3445299843503258E-107   6.6865801737014047E-098   6.9741176591463313E-102  -1.0985716629858025E-112  -1.0470647400811834E-125  -1.2995497866922644E-140   7.1623338271087271E-150   4.9550196666242865E-152   2.1496380041307599E-154   4.9177065289599502E-157   5.9318809057687395E-160   3.7726969203107474E-163   1.2651383607121117E-166   2.2369043175056226E-170   2.0853380370365217E-174
   3.6968968276024684E-107   4.5880046185833630E-098   4.7398189414138048E-102  -7.4289407881391841E-113  -6.9909165299639682E-126  -8.5982146501519798E-141   5.1478857126288017E-150   3.6092472386351471E-152   1.5658121204023915E-154   3.5820951007294124E-157   4.3208294831421221E-160   2.7480639962373077E-163   9.2153787285837904E-167   1.6293816843702137E-170   1.5189803820390218E-174
   2.5569632018468019E-107   3.1479274837051681E-098   3.2212774923093631E-102  -5.0235484212215327E-113  -4.6675817025046995E-126  -5.6887923318904960E-141   3.7030396764806785E-150   2.6285722087187791E-152   1.1403700249190063E-154   2.6088159389915568E-157   3.1468327134137931E-160   2.0013985981103783E-163   6.7115089994233187E-167   1.1866703121568470E-170   1.1062663184960029E-174
   1.7683571389446977E-107   2.1597620455286838E-098   2.1892131959472251E-102  -3.3968740172780676E-113  -3.1163551696607700E-126  -3.7638155212399646E-141   2.6657290583814005E-150   1.9140584954080686E-152   8.3039315583043022E-155   1.8996849926886160E-157   2.2914585741480994E-160   1.4573778543209735E-163   4.8871873875095633E-167   8.6411023837168693E-171   8.0556213018010058E-175
   1.2228489716781961E-107   1.4817215547260749E-098   1.4877882208618670E-102  -2.2968539663363691E-113  -2.0806505673228685E-126  -2.4901931996166641E-141   1.9203304313191405E-150   1.3935498312746483E-152   6.0457969245374988E-155   1.3830935978658651E-157   1.6683308900933269E-160   1.0610664128569071E-163   3.5581940823228660E-167   6.2912950303303476E-171   5.8650297740090289E-175
   8.4553571534343426E-108   1.0164966700771780E-098   1.0110832036114681E-102  -1.5530032034823929E-113  -1.3891479483334795E-126  -1.6475334296473767E-141   1.3842468379585425E-150   1.0144293160116128E-152   4.4010385983889061E-155   1.0068235796619418E-157   1.2144627536140455E-160   7.7240450398102551E-164   2.5901928691493304E-167   4.5797606561631207E-171   4.2694627608671002E-175
   5.8458315507845552E-108   6.9730553349753500E-099   6.8710791637204785E-103  -1.0500168162706387E-113  -9.2745953802902085E-127  -1.0900136084853399E-141   9.9840149385170860E-151   7.3833432762835771E-153   3.2032337287096245E-155   7.3280262170891316E-158   8.8393033478571537E-161   5.6218448674326250E-164   1.8852389492811959E-167   3.3333225631549328E-171   3.1074780470208278E-175
   4.0412407049365277E-108   4.7831845183949712E-099   4.6693326260460409E-103  -7.0991276336784297E-114  -6.1921079703776715E-127  -7.2115083165573386E-142   7.2049123531440337E-151   5.3729933288952439E-153   2.3310624606902274E-155   5.3327654341295460E-158   6.4325579512056236E-161   4.0911438303358831E-164   1.3719318401696031E-167   2.4257371189637695E-171   2.2613862151280696E-175
   2.7934188432386479E-108   3.2808552533888630E-099   3.1730431252838532E-103  -4.7995267142261569E-114  -4.1340821598946762E-127  -4.7710812587610587E-142   5.2019105111239225E-151   3.9094125662577736E-153   1.6960983210763618E-155   3.8801613036062303E-158   4.6803810127289693E-161   2.9767507469164559E-164   9.9822972915383711E-168   1.7649888197829866E-171   1.6454066380768404E-175
   1.9306747204051957E-108   2.2502559324575094E-099   2.1561943552097647E-103  -3.2447137727557916E-114  -2.7600482304901984E-127  -3.1564872900329210E-142   3.7574035187565537E-151   2.8440593985593799E-153   1.2339000197041167E-155   2.8227922237896630E-158   3.4049484700514509E-161   2.1655690119089048E-164   7.2620677837429260E-168   1.2840206785737048E-171   1.1970260018792648E-175
   1.3342359075868457E-108   1.5433009397314198E-099   1.4651768064874726E-103  -2.1935056088651503E-114  -1.8426852850008681E-127  -2.0882755986232944E-142   2.7150938795595377E-151   2.0687012055916700E-153   8.9751300999524677E-156   2.0532407701937910E-158   2.4766903590391335E-161   1.5751917207710505E-164   5.2822862498759021E-168   9.3397212109782255E-172   8.7069441664963235E-176
   9.2194562137156916E-109   1.0583811321218315E-099   9.9559283594605948E-104  -1.4828092555973734E-114  -1.2302192833948364E-127  -1.3815548422445944E-142   1.9626204808355349E-151   1.5044882948284044E-153   6.5272969401854002E-156   1.4932505458522163E-158   1.8012115356686484E-161   1.1455832345985348E-164   3.8416288378249780E-168   6.7924686836191425E-172   6.3322750718073371E-176
   6.3698002260606178E-109   7.2578029443235152E-100   6.7649165901053696E-104  -1.0023416733463978E-114  -8.2131676560345588E-128  -9.1399748366275435E-143   1.4191417800023035E-151   1.0939860732101764E-153   4.7463288474650223E-156   1.0858187142638045E-158   1.3097534872758819E-161   8.3301287865467103E-165   2.7934487736509394E-168   4.9391613674512534E-172   4.6045333581178077E-176
   4.4004060057404375E-109   4.9766680057244659E-100   4.5965438045055130E-104  -6.7753228652043525E-115  -5.4832186347259370E-128  -6.0467001565464383E-143   1.0264500475030980E-151   7.9536541461466825E-154   3.4507549389955109E-156   7.8943031842860610E-159   9.5223961767849889E-162   6.0563173167667294E-165   2.0309435857956925E-168   3.5909604794513587E-172   3.3476752012383028E-176
   3.0395176575386080E-109   3.4122537795779265E-100   3.1231145143949302E-104  -4.5796009215201893E-115  -3.6606403867658972E-128  -4.0002619891733290E-143   7.4260529474400410E-152   5.7816731337964387E-154   2.5084315337658194E-156   5.7385493518257023E-159   6.9220505956765243E-162   4.4024797614796895E-165   1.4763415725311032E-168   2.6103568206959323E-172   2.4335083917628171E-176
   2.0992302540242579E-109   2.3394394914122971E-100   2.1219306753509501E-104  -3.0953402200059407E-115  -2.4438531268844160E-128  -2.6463970970748983E-143   5.3736954148748340E-152   4.2021571260271308E-154   1.8231492643673879E-156   4.1708280128972291E-159   5.0310094639909964E-162   3.1997640643901145E-165   1.0730196639220163E-168   1.8972343144561512E-172   1.7687001967443191E-176
   1.4496308013319681E-109   1.6037946893532938E-100   1.4416519714907798E-104  -2.0920493243304288E-115  -1.6315093182062689E-128  -1.7507259328275804E-143   3.8892902862601754E-152   3.0536759921697942E-154   1.3248723733936010E-156   3.0309186880218548E-159   3.6560097253495859E-162   2.3252539378538776E-165   7.7975892800002880E-169   1.3787131215020372E-172   1.2853086913566998E-176
   1.0009100394321852E-109   1.0993873657257174E-100   9.7943304616117947E-105  -1.4138972105095530E-115  -1.0891816506894786E-128  -1.1581848974856773E-143   2.8153888306024711E-152   2.2187355060664002E-154   9.6262626232337832E-157   2.2022069731829235E-159   2.6563872977024398E-162   1.6894862638373072E-165   5.6655865209167392E-169   1.0017484799637939E-172   9.3388308662476069E-177
   6.9098927231855471E-110   7.5355718500971357E-101   6.6538534462256658E-105  -9.5553307020018599E-116  -7.2712192472084221E-129  -7.6618599572634503E-144   2.0382917969851515E-152   1.6118329144591008E-154   6.9931559479169184E-157   1.5998299657037003E-159   1.9297777433864049E-162   1.2273566721949779E-165   4.1158661489901944E-169   7.2773845096777883E-173   6.7843684024239526E-177
   4.7696272122553611E-110   5.1646822181879921E-101   4.5201711214178004E-105  -6.4573616238126210E-116  -4.8541163341721514E-129  -5.0685892678043869E-144   1.4758570665456158E-152   1.1707560525864469E-154   5.0794953520016045E-157   1.1620407760897122E-159   1.4016998888614594E-162   8.9149468456175677E-166   2.9895750271286587E-169   5.2859591182193616E-173   4.9278579896320887E-177
   3.2917937698461261E-110   3.5394130402250178E-101   3.0705674170623244E-105  -4.3636055488517223E-116  -3.2404772127064719E-129  -3.3530232385561185E-144   1.0687176107685198E-152   8.5024621162467706E-155   3.6889245241445978E-157   8.4391898456350528E-160   1.0179691885197299E-162   6.4743858340240782E-166   2.1711484579444043E-169   3.8388763815577974E-173   3.5788112568483200E-177
   2.2715063594120211E-110   2.4253666195522329E-101   2.0857554849552367E-105  -2.9486029337443681E-116  -2.1632336519808522E-129  -2.2181075208172212E-144   7.7395159866750988E-153   6.1738333049529854E-155   2.6786182381445534E-157   6.1279045999052735E-160   7.3917297015935189E-163   4.7012164424557965E-166   1.5765270777480404E-169   2.7875091743981969E-173   2.5986707408191789E-177
   1.5672074128618527E-110   1.6618056145594256E-101   1.4167328248841562E-105  -1.9923558967160032E-116  -1.4440869807421683E-129  -1.4673211700979133E-144   5.6051713659393435E-153   4.4822594402583524E-155   1.9447049713218288E-157   4.4489250092688381E-160   5.3664782421701411E-163   3.4131373653239563E-166   1.1445774889857839E-169   2.0237661880321765E-173   1.8866683803410492E-177
   1.0811056161702403E-110   1.1385124978038827E-101   9.6225694578169929E-106  -1.3461600390541717E-116  -9.6400328385283864E-130  -9.7065370904345143E-145   4.0595784157504448E-153   3.2536510805436626E-155   1.4116547037279826E-157   3.2294608769431313E-160   3.8955117721222121E-163   2.4775882975585449E-166   8.3084654665984661E-170   1.4690487886674192E-173   1.3695305960380776E-177
   7.4565297123776218E-111   7.7991651943071744E-102   6.5353874224317966E-106  -9.0950457247285627E-117  -6.4351498332823828E-130  -6.4209602812830889E-145   2.9402426373583202E-153   2.3614396918207399E-155   1.0245545547920377E-157   2.3438878283914914E-160   2.8272975922921517E-163   1.7981932747721958E-166   6.0301524607102229E-170   1.0662129619949710E-173   9.9398484370863218E-178
   5.1419770065031933E-111   5.3420635807100679E-102   4.4384094832112735E-106  -6.1445587356540314E-117  -4.2956958758187310E-130  -4.2474879859554577E-145   2.1295575156144007E-153   1.7136204343796840E-155   7.4348729601994633E-158   1.7008870516018058E-160   2.0516835714159900E-163   1.3048946564448534E-166   4.3759023491821613E-170   7.7371951809296047E-174   7.2130616152610283E-178
   3.5452423136895857E-111   3.6586290191724040E-102   3.0140996699988207E-106  -4.1510050892604750E-117  -2.8674958581013027E-130  -2.8097056291418752E-145   1.5423885678562692E-153   1.2433239433683971E-155   5.3944090109440515E-158   1.2340875830397583E-160   1.4886105587239389E-163   9.4677415310217225E-167   3.1749640223801509E-170   5.6137750341790469E-174   5.2334897688496945E-178
   2.4438902562314150E-111   2.5053807910617533E-102   2.0467294115592133E-106  -2.8040880045571078E-117  -1.9141067012038428E-130  -1.8586000397276724E-145   1.1170976655736058E-153   9.0195703869085018E-156   3.9133261918511798E-158   8.9525828319475542E-161   1.0799003134716530E-163   6.8682989789066405E-167   2.3032541019161262E-170   4.0724739559987030E-174   3.7966011588852210E-178
   1.6843599814617882E-111   1.7154287908741963E-102   1.3897416994603708E-106  -1.8941082413308327E-117  -1.2776832107228392E-130  -1.2294404185355979E-145   8.0905218019851731E-154   6.5421319000989536E-156   2.8384424020465387E-158   6.4935557298440745E-161   7.8328191347521624E-164   4.9817720290684469E-167   1.6706164668901020E-170   2.9538843399401432E-174   2.7537875535619380E-178
   1.1606543680144427E-111   1.1743907897180434E-102   9.4357565621630733E-107  -1.2793565929712316E-117  -8.5285170321989234E-131  -8.1325251545768102E-146   5.8592963711017829E-154   4.7444363862654638E-156   2.0584768256839481E-158   4.7092164938125743E-161   5.6804715629972094E-164   3.6128536419865465E-167   1.2115560851007158E-170   2.1422024826795887E-174   1.9970905233487612E-178
   7.9961863567660450E-112   8.0387928817546451E-103   6.4059916351005228E-107  -8.6407388583660634E-118  -5.6926789156264708E-131  -5.3794723666484662E-146   4.2432029387827242E-154   3.4401853904053357E-156   1.4926010378061839E-158   3.4146531968870516E-161   4.1189122808292506E-164   2.6196830417070490E-167   8.7850077810259621E-171   1.5533145573565153E-174   1.4480945915630758E-178
   5.5077218107822697E-112   5.5017952962910191E-103   4.3487144834968353E-107  -5.8355431147088241E-118  -3.7997252100425049E-131  -3.5583628326630586E-146   3.0726828250628335E-154   2.4940832907877029E-156   1.0821148535998149E-158   2.4755768314685773E-161   2.9861564563667635E-164   1.8992362530642209E-167   6.3690204107941937E-171   1.1261342563530519E-174   1.0498517479852972E-178
   3.7928627887517718E-112   3.7648733534773558E-103   2.9518756363948034E-107  -3.9407727223454809E-118  -2.5361764852862315E-131  -2.3537319224303437E-146   2.2249166535819135E-154   1.8078897561203397E-156   7.8439504281222701E-159   1.7944777596799922E-161   2.1645839650162932E-164   1.3767056600408831E-167   4.6167355076799729E-171   8.1630562838855665E-175   7.6101091209486396E-179
   2.6113502243833613E-112   2.5758791001808297E-103   2.0035281389898879E-107  -2.6610292475500609E-118  -1.6927698762237351E-131  -1.5568971114431192E-146   1.6109372229293411E-154   1.3102821351730272E-156   5.6849701119621405E-159   1.3005636585020257E-161   1.5688021625548894E-164   9.9778062922064651E-168   3.3460252415337326E-171   5.9162603452300678E-175   5.5155097618397660E-179
   1.7974740064974246E-112   1.7620830251962519E-103   1.3597231605852923E-107  -1.7967364513734517E-118  -1.1298137788897876E-131  -1.0298142388579604E-146   1.1662975751098185E-154   9.4948821581808921E-157   4.1195843061164592E-159   9.4244716557323378E-162   1.1368254458171958E-164   7.2303763463379983E-168   2.4246848328811198E-171   4.2871988529393392E-175   3.9967988923556236E-179
   1.2369612958397357E-112   1.2051732624355416E-103   9.2269986775926032E-108  -1.2130641170730213E-118  -7.5405940752464986E-132  -6.8116737782048116E-147   8.4431262452919855E-155   6.8793312280148998E-157   2.9847672307349586E-159   6.8283264350382414E-162   8.2366622300689116E-165   5.2386405771506903E-168   1.7567632732245010E-171   3.1062173688459147E-175   2.8958149135044763E-179
   8.5102420009210624E-113   8.2412118070585025E-104   6.2606929328330029E-108  -8.1892815568470993E-119  -5.0326089685333943E-132  -4.5055171732141472E-147   6.1116409906642925E-155   4.9835032098109209E-157   2.1622176309609197E-159   4.9465613577781444E-162   5.9667877750509025E-165   3.7949684161808894E-168   1.2726326334834457E-171   2.2502041651507787E-175   2.0977859350151150E-179
   5.8535069753613324E-113   5.6343932593392484E-104   4.2474981207946572E-108  -5.5280043228804081E-119  -3.3586815976403658E-132  -2.9801024502131623E-147   4.4235477259563232E-155   3.6095672881315694E-157   1.5661025716439607E-159   3.5828150383162515E-162   4.3217713712210692E-165   2.7487142365544671E-168   9.2177458646613099E-172   1.6298358561060143E-175   1.5194394630511275E-179
   4.0250819307321663E-113   3.8513547285634402E-104   2.8813066445468252E-108  -3.7312052915000143E-119  -2.2414626419784405E-132  -1.9711212299398271E-147   3.2013989908742041E-155   2.6140110363170073E-157   1.1341561734181776E-159   2.5946407615398935E-162   3.1297874564453962E-165   1.9905948605394177E-168   6.6754149368094020E-172   1.1803143111017296E-175   1.1003668436856953E-179
   2.7670268476523342E-113   2.6319989938580861E-104   1.9542839782216036E-108  -2.5181731817487961E-119  -1.4958226122237847E-132  -1.3037397668030324E-147   2.3166644715959233E-155   1.8927426218294742E-157   8.2121595038725235E-160   1.8787194926177540E-162   2.2662079567983341E-165   1.4413452537063605E-168   4.8335215531678259E-172   8.5464023662852119E-176   7.9675252378888514E-180
   1.9016367595198909E-113   1.7982871100281996E-104   1.3253296883392664E-108  -1.6993193029190254E-119  -9.9819038978197396E-133  -8.6231063978068797E-148   1.6762505029129674E-155   1.3702744860402959E-157   5.9452995688962874E-160   1.3601239812028457E-162   1.6406522044027567E-165   1.0434821357008028E-168   3.4992978124589323E-172   6.1872954008911726E-176   5.7682125212815877E-180
   1.3065093764214229E-113   1.2283678907020035E-104   8.9865735117195937E-109  -1.1466064233457093E-119  -6.6608557948750915E-133  -5.7033710507747304E-148   1.2127338354888675E-155   9.9187155810008535E-158   4.3035014453832316E-160   9.8452534069674666E-163   1.1875861860673896E-165   7.5532499981594628E-169   2.5329697083251263E-172   4.4786818411430652E-176   4.1753309402671343E-180
   8.9735284278714652E-114   8.3885844791758747E-105   6.0924766842999783E-109  -7.7357160557187127E-120  -4.4445577354166139E-133  -3.7721966679363338E-148   8.7728626810129308E-156   7.1785238480868238E-158   3.1145979788246077E-160   7.1253652868449343E-163   8.5949940858931538E-166   5.4665652261282966E-169   1.8332045289425925E-172   3.2413908927461484E-176   3.0218464293710640E-180
   6.1613287993764337E-114   5.7270908584259748E-105   4.1296993109922308E-109  -5.2183109599930408E-120  -2.9655640555031848E-133  -2.4948910395443654E-148   6.3454879380180932E-156   5.1945351248396152E-158   2.2537921431187820E-160   5.1560745430131428E-163   6.2195340014428003E-166   3.9557335348380376E-169   1.3265501305187634E-172   2.3455485313177007E-176   2.1866823321576178E-180
   4.2290258373142794E-114   3.9089366473619110E-105   2.7987410822849043E-109  -3.5196452604882746E-120  -1.9786295704458787E-133  -1.6500727765428769E-148   4.5891818438873624E-156   3.7582878078034499E-158   1.6306378621037776E-160   3.7304656021388049E-163   4.4998901223982867E-166   2.8620111590461705E-169   9.5977229896105964E-173   1.6970289009863508E-176   1.5820886035610990E-180
   2.9017176590190611E-114   2.6672024317765859E-105   1.8963622485592299E-109  -2.3735764949488412E-120  -1.3200735080976219E-133  -1.0913110203701434E-148   3.3185690361180558E-156   2.7187242566034093E-158   1.1795950830889009E-160   2.6986009093501848E-163   3.2552004942724778E-166   2.0703672401745852E-169   6.9429578151479937E-173   1.2276252855718363E-176   1.1444786089845991E-180
   1.9902724168430823E-114   1.8193628238147198E-105   1.2846603205897591E-109  -1.6004367550736088E-120  -8.8065532813957055E-134  -7.2175122751776965E-149   2.3994442906345437E-156   1.9664007379050030E-158   8.5317891949403014E-161   1.9518481000019506E-163   2.3544274241485861E-166   1.4974598374990115E-169   5.0217209274343548E-173   8.8792062463704830E-177   8.2778259408185452E-181
   1.3646012509181146E-114   1.2406274815500281E-105   8.7007652699846746E-110  -1.0789464934927978E-120  -5.8746989668884923E-134  -4.7733100529884308E-149   1.7346571931976228E-156   1.4220359662848033E-158   6.1699118150230584E-161   1.4115135390196365E-163   1.7026467390803533E-166   1.0829157194304327E-169   3.6315522757793010E-173   6.4211696126253294E-177   5.9862738434250446E-181
   9.3525011967523164E-115   8.4569640207630042E-106   5.8914466448586961E-110  -7.2724735371133409E-121  -3.9186310870993110E-134  -3.1567806334386155E-149   1.2538882704769274E-156   1.0282074481212530E-158   4.4611764659425973E-161   1.0206002854259799E-163   1.2311058634083811E-166   7.8300716896433513E-170   2.6258120221948285E-173   4.6428616864235026E-177   4.3284108413196260E-181
   6.4072400189516787E-115   5.7627569419761376E-106   3.9881776668882876E-110  -4.9009415985165848E-121  -2.6136611675257602E-134  -2.0876671936577232E-149   9.0624425430481549E-157   7.4333130468187750E-159   3.2251606637470247E-161   7.3783258127246699E-164   8.9001587870063656E-167   5.6606763588290158E-170   1.8983070976536584E-173   3.3565170479768993E-177   3.1291896123547080E-181
   4.3876036133080345E-115   3.9253646246552832E-106   2.6990269600867428E-110  -3.3020665784518565E-121  -1.7431190726759926E-134  -1.3806055853678091E-149   6.5489553908393480E-157   5.3729831449653628E-159   2.3312276046119813E-161   5.3332426523118123E-164   6.4332655974614897E-167   4.0916858691003153E-170   1.3721471334494466E-173   2.4261818022947053E-177   2.2618648739833523E-181
   3.0032284914751747E-115   2.6727239333732654E-106   1.8260456288799519E-110  -2.2243047001650640E-121  -1.1624226455270252E-134  -9.1299583567051468E-150   4.7319292614209324E-157   3.8831103005383876E-159   1.6848032343111957E-161   3.8543934650802606E-164   4.6493944877794988E-167   2.9571096692526027E-170   9.9166750462355372E-174   1.7534323441186767E-177   1.6346795197413650E-181
   2.0546829147810385E-115   1.8190407109192699E-106   1.2350328818050317E-110  -1.4979507049034619E-121  -7.7509743116218404E-135  -6.0375119948659472E-150   3.4185583545072882E-157   2.8059176422641682E-159   1.2174317858169076E-161   2.7851698652249435E-164   3.3596361832699253E-167   2.1367982408890066E-170   7.1657626865527364E-174   1.2670262870062824E-177   1.1812165594619778E-181
   1.4050342195638605E-115   1.2374681061163144E-106   8.3502210305018027E-111  -1.0085269811222743E-121  -5.1677241863691753E-135  -3.9924215046065828E-150   2.4693653783166974E-157   2.0272192319266661E-159   8.7957056151674596E-162   2.0122314337150503E-164   2.4272734407723526E-167   1.5437970408952571E-170   5.1771334626975236E-174   9.1540406829408295E-178   8.5340863553696663E-182
   9.6029390295509359E-116   8.4142830288269822E-107   5.6436388571370418E-111  -6.7882138904723188E-122  -3.4449921744421705E-135  -2.6399940940370276E-150   1.7834638184880342E-157   1.4643896844803547E-159   6.3537024847107441E-162   1.4535645108517943E-164   1.7533769726659624E-167   1.1151852891766588E-170   3.7397833335734511E-174   6.6125686318190377E-178   6.1647388139257799E-182
   6.5597211630012041E-116   5.7184592617016785E-107   3.8128575225531261E-111  -4.5676408222838447E-122  -2.2962417162442581E-135  -1.7456477323948323E-150   1.2878898218437587E-157   1.0576503701676121E-159   4.5889421338035600E-162   1.0498329760288282E-164   1.2663723238699211E-167   8.0544033960417876E-171   2.7010525919639536E-174   4.7759202352180522E-178   4.4524786681187441E-182
   4.4783542779234336E-116   3.8842399727380723E-107   2.5748941287674236E-111  -3.0724607781947652E-122  -1.5303169641671245E-135  -1.1542399411221364E-150   9.2988076715034749E-158   7.6375886760829456E-160   3.3138050739881572E-162   7.5811445999993474E-165   9.1448417343690906E-168   5.8163213535335207E-171   1.9505105801542813E-174   3.4488365205908735E-178   3.2152717554574851E-182
   3.0555569008359678E-116   2.6368374023504793E-107   1.7380882332216140E-111  -2.0659855512430880E-122  -1.0197012036888557E-135  -7.6316775918334100E-151   6.7128723455009765E-158   5.5143957730017708E-160   2.3925931713482482E-162   5.4736481039939645E-165   6.6026534020281229E-168   4.1994356741084793E-171   1.4082867848225110E-174   2.4900936241770641E-178   2.3214591577120345E-182
   2.0834694733348500E-116   1.7889361643298737E-107   1.1726620495311942E-111  -1.3886800681763300E-122  -6.7933628082172560E-136  -5.0457619904930710E-151   4.8452939440713779E-158   3.9807560990193968E-160   1.7271765188914188E-162   3.9513448392616251E-165   4.7663592467176742E-168   3.0315130297448236E-171   1.0166228427744582E-174   1.7975654420808456E-178   1.6758316015963891E-182
   1.4196902064191544E-116   1.2128946017609715E-107   7.9076259083416017E-112  -9.3303374427441786E-123  -4.5248979573409690E-136  -3.3359115214532709E-151   3.4967131885592319E-158   2.8731418158855424E-160   1.2466037957879710E-162   2.8519167618891660E-165   3.4401620351672378E-168   2.1880225772465411E-171   7.3375737168473352E-175   1.2974110668062934E-178   1.2095492545454815E-182
   9.6670348091862223E-117   8.2176753930956562E-108   5.3293420604199678E-112  -6.2661039420573648E-123  -3.0132537851613120E-136  -2.2053688429683842E-151   2.5230440754480825E-158   2.0733353307760708E-160   8.9958282063929256E-163   2.0580207392994681E-165   2.4825157543572148E-168   1.5789382548772247E-171   5.2950014012453986E-175   9.3624923158839307E-179   8.7284620661944915E-183
   6.5776139058445209E-117   5.5635478098205932E-108   3.5895137138297870E-112  -4.2061646088514079E-123  -2.0061128483358622E-136  -1.4578892207411831E-151   1.8201635498463407E-158   1.4958882066967129E-160   6.4903925217299146E-163   1.4848403110363880E-165   1.7911098775464423E-168   1.1391885106554629E-171   3.8202939644969364E-175   6.7549548625322605E-179   6.2975119506542202E-183
   4.4719754381306646E-117   3.7636465925499375E-108   2.4160756176634932E-112  -2.8219216739212131E-123  -1.3352307490150866E-136  -9.6369955014618675E-152   1.3128381363665629E-158   1.0790474906080284E-160   4.6817972246820724E-163   1.0710791852961300E-165   1.2920052312931510E-168   8.2174651842400622E-172   2.7557468045842367E-175   4.8726504272852677E-179   4.5426795159215684E-183
   3.0378412856127735E-117   2.5438705903236355E-108   1.6250788129520796E-112  -1.8921400698502331E-123  -8.8843533049073828E-137  -6.3698533388221261E-152   9.4671604275632092E-159   7.7819180891390755E-161   3.3764390113723147E-163   7.7244591680413273E-166   9.3177485668750117E-169   5.9263162159452212E-172   1.9874056214448463E-175   3.5140887889092019E-179   3.2761205011539936E-183
   2.0617783522724955E-117   1.7178402585928559E-108   1.0921967870900505E-112  -1.2679104954590900E-123  -5.9094825998605590E-137  -4.2100191770984350E-152   6.8253688076098127E-159   5.6108378162936695E-161   2.4344461942961049E-163   5.5694145477819569E-166   6.7181958854654560E-169   4.2729393542373981E-172   1.4329422068594294E-175   2.5336998427952386E-179   2.3621234702760370E-183
   1.3979904734144642E-117   1.1588882322001727E-108   7.3343313669118046E-113  -8.4903504048892963E-124  -3.9292617357450176E-137  -2.7822812181829391E-152   4.9194544591747550E-159   4.0443669842750769E-161   1.7547822348025353E-163   4.0145122306245160E-166   4.8425723159421612E-169   3.0799978493729480E-172   1.0328865243270666E-175   1.8263305058933823E-179   1.7026567178607386E-183
   9.4694111504976000E-118   7.8097525302872686E-109   4.9206272986278755E-113  -5.6811460802025101E-124  -2.6115104669082153E-137  -1.8385467306644529E-152   3.5446560312940605E-159   2.9143202507756809E-161   1.2644747210491322E-163   2.8928099255668794E-166   3.4895019031116981E-169   2.2194122000797988E-172   7.4428697415297499E-176   1.3160350371472431E-179   1.2269177969562424E-183
   6.4071647494863711E-118   5.2569239536223837E-109   3.2979476288118438E-113  -3.7982849005127772E-124  -1.7348843947230732E-137  -1.2147808176220004E-152   2.5531308620573678E-159   2.0992469928700178E-161   9.1082851601015404E-164   2.0837545275597842E-166   2.5135660803803418E-169   1.5986929751618621E-172   5.3612710702800295E-176   9.4797103862172058E-180   8.8377838143270851E-184
   4.3300826486129821E-118   3.5341218427821098E-109   2.2079458288496976E-113  -2.5371359133461837E-124  -1.1519201270154180E-137  -8.0253047722416762E-153   1.8381486459207431E-159   1.5114586481058145E-161   6.5579718436729201E-164   1.5003054058341028E-166   1.8097710360194652E-169   1.1510617472986746E-172   3.8601267857928403E-176   6.8254162321891087E-180   6.3632316461648158E-184
   2.9226139035783572E-118   2.3726689998039821E-109   1.4764076641845025E-113  -1.6930205145255308E-124  -7.6439476905676098E-138  -5.3009420038374460E-153   1.3226702186301297E-159   1.0876531694871664E-161   4.7191513163256042E-164   1.0796281918336269E-166   1.3023220168599195E-169   8.2831132147563813E-173   2.7777732513809946E-176   4.9116185307035164E-180   4.5790301962736431E-184
   1.9698893918036062E-118   1.5905268029290328E-109   9.8591919193929528E-114  -1.1284785102847431E-124  -5.0689818483441159E-138  -3.5007022662540533E-153   9.5109608221915371E-160   7.8214024163330318E-162   3.3935815966815658E-164   7.7637008859125388E-167   9.3651160986700151E-170   5.9564651400770924E-173   1.9975241664359464E-176   3.5319955111741999E-180   3.2928299543352677E-184
   1.3257066654736261E-118   1.0644489267370311E-109   6.5739593890228960E-114  -7.5123765788817698E-125  -3.3588207587714146E-138  -2.3112296179299207E-153   6.8330582632332422E-160   5.6194658437400217E-162   2.4381975369207498E-164   5.5780136112385069E-167   6.7285911842874273E-170   4.2795667242481755E-173   1.4351704376021939E-176   2.5376506860081463E-180   2.3658177161221135E-184
   8.9066438981110372E-119   7.1105964292168858E-110   4.3760539842477095E-114  -4.9939139199653266E-125  -2.2236099209211260E-138  -1.5253877381713406E-153   4.9035303717753047E-160   4.0328015451036382E-162   1.7497696775446704E-164   4.0030567505095304E-167   4.8287699763327068E-170   3.0712303768630637E-173   1.0299503951289035E-176   1.8211466679096113E-180   1.6978316951320101E-184
   5.9723736318618737E-119   4.7400350109167636E-110   2.9074177899767497E-114  -3.3142960003604219E-125  -1.4704817195850348E-138  -1.0062629804845415E-153   3.5135635379747952E-160   2.8897638280968059E-162   1.2538239571751376E-164   2.8684520865644130E-167   3.4601311841033009E-170   2.2007395766928949E-173   7.3802793097220425E-177   1.3049734091185095E-180   1.2166107318671604E-184
   3.9959525622137707E-119   3.1522338350178451E-110   1.9273960087117477E-114  -2.1953589536751071E-125  -9.7114541371297094E-139  -6.6336414099278574E-154   2.5125465777037015E-160   2.0665398635344440E-162   8.9664013005739410E-165   2.0513009397008314E-167   2.4744263504093497E-170   1.5738046611675321E-173   5.2778275534095257E-177   9.3322056887644001E-181   8.7003063157891240E-185
   2.6666180822925259E-119   2.0904431638389049E-110   1.2743771284297465E-114  -1.4508284931190967E-125  -6.4029631237813174E-139  -4.3688700099474971E-154   1.7918644941321721E-160   1.4738340764164954E-162   6.3947437134130747E-165   1.4629669494869761E-167   1.7647364240893291E-170   1.1224224487279912E-173   3.7640980644274573E-177   6.6556468399191209E-181   6.2049853641659605E-185
   1.7738633319189540E-119   1.3816312222027988E-110   8.3992966676054455E-115  -9.5605704590311435E-126  -4.2123542163646680E-139  -2.8731133062549505E-154   1.2732002435260491E-160   1.0472553801239460E-162   4.5438847486223947E-165   1.0395343296696525E-167   1.2539619101899600E-170   7.9755571208580035E-174   2.6746429984488655E-177   4.7292839039513405E-181   4.4090611094913219E-185
   1.1752469665333132E-119   9.0931893095313878E-111   5.5137452122941813E-115  -6.2770257158977452E-126  -2.7629373669664174E-139  -1.8852361383643937E-154   9.0009179774116041E-161   7.4037865234953480E-163   3.2123935365739975E-165   7.3492060043224244E-168   8.8651501265370530E-171   5.6384918880235840E-174   1.8908973291571790E-177   3.3434722570688640E-181   3.1170852751735465E-185
   7.7449561638702502E-120   5.9519266271661756E-111   3.6004887712592376E-115  -4.1008988670139384E-126  -1.8045749572377416E-139  -1.2327082309870192E-154   6.3183955750518124E-161   5.1973727788316033E-163   2.2550639418816338E-165   5.1590611754997806E-168   6.2232393549862616E-171   3.9581617607654837E-174   1.3273905162499639E-177   2.3470842748970056E-181   2.1881639353579867E-185
   5.0661998242814474E-120   3.8666863702921067E-111   2.3340824167544263E-115  -2.6606192885856866E-126  -1.1712556002112042E-139  -8.0155314769938315E-155   4.3911048609860115E-161   3.6120989198144266E-163   1.5672372837601172E-165   3.5854750078810607E-168   4.3250652934177861E-171   2.7508686686324658E-174   9.2251873914083729E-178   1.6311930101908407E-181   1.5207461269123219E-185
   3.2780679119360646E-120   2.4848982176407736E-111   1.4971527793851850E-115  -1.7084644443412182E-126  -7.5286668080206982E-140  -5.1648553613973533E-155   3.0076692419990203E-161   2.4741355592135422E-163   1.0734917815069581E-165   2.4559005921710736E-168   2.9624899073911553E-171   1.8842312720929124E-174   6.3188740445915839E-178   1.1173005615097816E-181   1.0416493803246859E-185
   2.0856039435829902E-120   1.5705301480303486E-111   9.4471015945183242E-116  -1.0794684324909061E-126  -4.7642014198288492E-140  -3.2778346495454385E-155   2.0157923863296708E-161   1.6582333128940789E-163   7.1948371281526167E-166   1.6460124950604739E-168   1.9855431721566532E-171   1.2628645844922338E-174   4.2350876958468737E-178   7.4884661168483349E-182   6.9814328537085240E-186
   1.2905378238382410E-120   9.6582908021555063E-112   5.8018896016796517E-116  -6.6391105229998611E-127  -2.9357036714647661E-140  -2.0261281702260035E-155   1.3057622462608164E-161   1.0741605419259239E-163   4.6606298195601113E-166   1.0662446247826181E-168   1.2861841554608904E-171   8.1805161692547526E-175   2.7433829951535351E-178   4.8508408261067175E-182   4.5223987211677837E-186
   7.5980506668848325E-121   5.6554581873270074E-112   3.3937708762389575E-116  -3.8891309416091569E-127  -1.7231884681912933E-140  -1.1929440972533372E-155   7.9855626248937883E-162   6.5692334385283023E-164   2.8502973916079384E-166   6.5208241429041401E-169   7.8659080079396528E-172   5.0029538512488776E-175   1.6777695980577537E-178   2.9666273623622375E-182   2.7657627719158885E-186
   4.0425296694500662E-121   2.9959080119028323E-112   1.7964770391333957E-116  -2.0613387672871973E-127  -9.1503830091027387E-141  -6.3516065015655664E-156   4.3726566607484029E-162   3.5971411101856644E-164   1.5607487770905704E-166   3.5706342384894760E-169   4.3071678272973861E-172   2.7394885363228988E-175   9.1870350999288501E-179   1.6244491563095188E-182   1.5144611125917056E-186
   1.6425428540161290E-121   1.2137766340792150E-112   7.2751818361907914E-117  -8.3555232272385668E-128  -3.7141829151432387E-141  -2.5830061916540101E-156   1.8091367226741837E-162   1.4882820376441769E-164   6.4574462183245863E-167   1.4773152784679665E-169   1.7820490410481723E-172   1.1334369869630419E-175   3.8010475987088276E-179   6.7210031305756965E-183   6.2659387676567729E-187
   0.0000000000000000        0.0000000000000000        0.0000000000000000        0.0000000000000000        0.0000000000000000        0.0000000000000000        0.0000000000000000        0.0000000000000000        0.0000000000000000        0.0000000000000000        0.0000000000000000        0.0000000000000000        0.0000000000000000        0.0000000000000000        0.0000000000000000     
