   0.0000000000000000        0.0000000000000000        0.0000000000000000        0.0000000000000000        0.0000000000000000        0.0000000000000000        0.0000000000000000        0.0000000000000000        0.0000000000000000        0.0000000000000000        0.0000000000000000        0.0000000000000000        0.0000000000000000        0.0000000000000000        0.0000000000000000     
  -1.9113623549658078E+043  -4.9608047731748522E+051  -7.5179360414516335E+047  -3.2872609940509670E+037  -3.6986548245069254E+023  -105944911.44846728       -2.3321171008361766E-008  -2.7203762257285618E-023  -3.9434755614634365E-037  -2.5344419670402801E-051   4.7399928458944482E-060   1.8721473348805173E-069   3.0703805845913569E-078   1.2101833569642882E-086   6.8544254433949674E-095
  -3.8229102399725310E+043  -9.9235458891241122E+051  -1.5042466388680458E+048  -6.5796372530598662E+037  -7.4062572043157885E+023  -212250507.08023742       -4.6743812605027949E-008  -5.4552060413217631E-023  -7.9124246169473895E-037  -5.0887850724669448E-051   9.5250218520627893E-060   3.7656351808130887E-069   6.1823071430991366E-078   2.4395895623272204E-086   1.3835294186073731E-094
  -5.7348291977277250E+043  -1.4890160399141559E+052  -2.2580190959833176E+048  -9.8822518566508011E+037  -1.1131776070296369E+024  -319278720.26441073       -7.0369915551786931E-008  -8.2190521136606567E-023  -1.1932578490733122E-036  -7.6831784576787856E-051   1.4400778853396742E-059   5.7021573386544645E-069   9.3780980559048565E-078   3.7078405887668522E-086   2.1071972785954284E-094
  -7.6473048011024238E+043  -1.9862586813319668E+052  -3.0137721051228392E+048  -1.3200243649946454E+038  -1.4884223376235126E+024  -427393960.69387871       -9.4302427997319098E-008  -1.1026660786785889E-022  -1.6030083701208526E-036  -1.0338167970376907E-050   1.9414020021589921E-059   7.7039950581009573E-069   1.2701390181972085E-077   5.0352567587528953E-086   2.8699055382396386E-094
  -9.5605226706289309E+043  -2.4842765851346434E+052  -3.7721685112751600E+048  -1.6538775218371404E+038  -1.8672675848662771E+024  -536964350.12175584       -1.1864569766670664E-007  -1.3893038078478200E-022  -2.0231663509383162E-036  -1.3074849772466209E-050   2.4612989924999496E-059   9.7942608840011850E-069   1.6197709381461740E-077   6.4431704359142002E-086   3.6858788530115736E-094
  -1.1474668492001139E+044  -2.9832641194107381E+052  -4.5338734537863545E+048  -1.9903040898764738E+038  -2.2506296891516336E+024  -648362970.86435127       -1.4350592088326435E-007  -1.6833527440864295E-022  -2.4564784553144061E-036  -1.5915029873449545E-050   3.0047864425108001E-059   1.1997154612986535E-068   1.9915072374517398E-077   7.9542587173553248E-086   4.5703657933410494E-094
  -1.3389928033578884E+044  -3.4834160236380724E+052  -5.2995549473254684E+048  -2.3298274839195272E+038  -2.6394358698359103E+024  -761969131.28331196       -1.6899160031500508E-007  -1.9863889666147672E-022  -2.9057829519388212E-036  -1.8881390682935692E-050   3.5771216119460175E-059   1.4338233982457317E-068   2.3904627401669963E-077   9.5929000547543586E-086   5.5399182191942878E-094
  -1.5306487163897924E+044  -3.9849274840914028E+052  -6.0698844653195226E+048  -2.6729759119946694E+038  -3.0346264625376053E+024  -878169652.51821101       -1.9521401338184900E-007  -2.3000385333743555E-022  -3.3740276861656728E-036  -2.1997665754499890E-050   4.1838506336891853E-059   1.6844702935588454E-068   2.8221341812457028E-077   1.1385560191028395E-085   6.6126963121587648E-094
  -1.7224531869187048E+044  -4.4879942094171186E+052  -6.8455375263651010E+048  -3.0202831948233111E+038  -3.4371571878984264E+024  -997360180.81381106       -2.2228769331141482E-007  -2.6259860212061701E-022  -3.8642888631365202E-036  -2.5288823978589664E-050   4.8308608016034638E-059   1.9545720553902557E-068   3.2924745463573491E-077   1.3361213333990162E-085   7.8088047498446304E-094
  -1.9144248270893882E+044  -4.9928125064039154E+052  -7.6271942841260699E+048  -3.3722895939318142E+038  -3.8480014572648786E+024  -1119946529.8737679       -2.5033092489116422E-007  -2.9659834047054133E-022  -4.3797907556743034E-036  -2.8781264575436710E-050   5.5244364156825789E-059   2.2472734026897868E-068   3.8079739669228446E-077   1.5551805109120309E-085   9.1506661305708276E-094
  -2.1065822643220945E+044  -5.4995793559784578E+052  -8.4155401212299502E+048  -3.7295426496842782E+038  -4.2681527208376511E+024  -1246346057.7749400       -2.7946625703310372E-007  -3.3218593190557293E-022  -4.9239264575750075E-036  -3.2503024341024805E-050   6.2713186931612170E-059   2.5659839340242208E-068   4.3757482428536615E-077   1.7992764551852710E-085   1.0663438487151065E-093
  -2.2989441430673454E+044  -6.0084924894551262E+052  -9.2112662476788758E+048  -4.0925980305319047E+038  -4.6986268639375530E+024  -1376989083.0940981       -3.0982103434451334E-007  -3.6955287544549164E-022  -5.5002798108144006E-036  -3.6483998711124288E-050   7.0787702982188426E-059   2.9144173714471879E-068   5.0036361773221667E-077   2.0723573228475558E-085   1.2375484581924520E-093
  -2.4915291265620496E+044  -6.5197504650690394E+052  -1.0015070304294917E+049  -4.4620203947918237E+038  -5.1404646571517995E+024  -1512320345.0320892       -3.4152794998464132E-007  -4.0890032322859341E-022  -6.1126486438170332E-036  -4.0756178331338102E-050   7.9546450916834573E-059   3.2966344219642771E-068   5.7003070350756435E-077   2.3788400528343358E-085   1.4318901667898267E-093
  -2.6843558985871066E+044  -7.0335527448216329E+052  -1.0827656971723849E+049  -4.8383842662874705E+038  -5.5947342662533199E+024  -1652800512.4698398       -3.7472562218337477E-007  -4.5044015159772901E-022  -6.7650694673717482E-036  -4.5353902956181299E-050   8.9074637562566531E-059   3.7170897433069067E-068   6.4753795802291132E-077   2.7236815264884191E-085   1.6530121552353223E-093
  -2.8774431652266498E+044  -7.5500997716682186E+052  -1.1649738585526210E+049  -5.2222749252038493E+038  -6.0625338279287426E+024  -1798907747.0565155       -4.0955919690402489E-007  -4.9439609125526677E-022  -7.4618437850943833E-036  -5.0314134648680776E-050   9.9464960128265788E-059   4.1806835502743527E-068   7.3395543132476226E-077   3.1124584977326645E-085   1.9050592131730916E-093
  -3.0708096566290929E+044  -8.0695930470770431E+052  -1.2482035757889713E+049  -5.6142893155343467E+038  -6.5449940975081935E+024  -1951139325.6132267       -4.4618097924902519E-007  -5.4100492242091971E-022  -8.2075661866109738E-036  -5.5676752415169499E-050   1.1081850210049223E-058   4.6928184534419676E-068   8.3047607123215693E-077   3.5514575760077524E-085   2.1927553105566323E-093
  -3.2644741287701207E+044  -8.5922352089895167E+052  -1.3325278006502709E+049  -6.0150369705212442E+038  -7.0432811750623192E+024  -2110013327.3365288       -4.8475109633507083E-007  -5.9051774129066192E-022  -9.0071544039459346E-036  -6.1484870589296361E-050   1.2324571143255972E-058   5.2594621842453112E-068   9.3843214941975959E-077   4.0477767085989036E-085   2.5214920351942955E-093
  -3.4584553652177918E+044  -9.1182301102114353E+052  -1.4180204391134593E+049  -6.4251409575196490E+038  -7.5585993164195401E+024  -2276070391.5052581       -5.2543819450360009E-007  -6.4320130449168642E-022  -9.8658815250375722E-036  -6.7785183476331964E-050   1.3686747040646461E-058   5.8872169300880397E-068   1.0593136146724196E-076   4.6094397960313145E-085   2.8974295491041613E-093
  -3.6527721788999028E+044  -9.6477828972651622E+052  -1.5047564158475607E+049  -6.8452388437444025E+038  -8.0921938358597497E+024  -2449875551.6327572       -5.6842017388415739E-007  -6.9933945865979117E-022  -1.0789410572962915E-035  -7.4628338985302937E-050   1.5181626745482881E-058   6.5833960810219462E-068   1.1947886253243079E-076   5.2455262874566022E-085   3.3276119515438811E-093
  -3.8474434138737680E+044  -1.0181100089732929E+053  -1.5928117395795585E+049  -7.2759836843915878E+038  -8.6453541074601551E+024  -2632020152.2650228       -6.1388496349276040E-007  -7.5923466273415958E-022  -1.1783831675437478E-035  -8.2069344214160037E-050   1.6823748223529366E-058   7.3561092766391733E-068   1.3467265431255147E-076   5.9663178458602533E-085   3.8200992070205331E-093
  -4.0424879470985738E+044  -1.0718389660121571E+053  -1.6822635693988793E+049  -7.7180450346605939E+038  -9.2194166723050816E+024  -2823123854.9047017       -6.6203134022565492E-007  -8.2320961107286862E-022  -1.2855702066573694E-035  -9.0168006214063650E-050   1.8629079636282468E-058   8.2143567391320580E-068   1.5172237048731376E-076   6.7834644494456132E-085   4.3841181073435839E-093
  -4.2379246902104567E+044  -1.1259861114279237E+053  -1.7731902820579992E+049  -8.1721099872393915E+038  -9.8157684590249816E+024  -3023836739.8420305       -7.1306979530156100E-007  -8.9160896604342261E-022  -1.4012089181853776E-035  -9.8989411445119199E-050   2.0615174343722455E-058   9.1681339871644297E-068   1.7086323265766742E-076   7.7101726101847334E-085   5.0302350936997254E-093
  -4.4337725913004700E+044  -1.1805725572394773E+053  -1.8656715403275523E+049  -8.6388842368548003E+038  -1.0435850125401183E+025  -3234841510.9978433       -7.6722345191355456E-007  -9.6480120933925577E-022  -1.5260617127927545E-035  -1.0860444774987297E-049   2.2801341336598439E-058   1.0228548146538823E-067   1.9235929382325477E-076   8.7614187483739528E-085   5.7705541745022545E-093
  -4.6300506366955874E+044  -1.2356195850610760E+053  -1.9597883624652116E+049  -9.1190931735310702E+038  -1.1081159529062729E+025  -3456855811.2317038       -8.2472903807600046E-007  -1.0431806219187315E-021  -1.6609516831323470E-035  -1.1909037301516184E-049   2.5208832748986287E-058   1.1407947209061429E-067   2.1650707960599972E-076   9.9541911688908462E-085   6.6189436450877200E-093
  -4.8267778527429023E+044  -1.2911486543281330E+053  -2.0556231928585830E+049  -9.6134830062442008E+038  -1.1753255335610675E+025  -3690634655.9412689       -8.8583791889343697E-007  -1.1271694031612572E-021  -1.8067680194612584E-035  -1.3053143507031006E-049   2.7861050268507536E-058   1.2720063742087680E-067   2.4363967739756397E-076   1.1307764547306949E-084   7.5912958550187314E-093
  -5.0239733075971772E+044  -1.3471814105906228E+053  -2.1532599739033524E+049  -1.0122821918706105E+039  -1.2453760772834180E+025  -3936972993.1783690       -9.5081719273807811E-007  -1.2172199405895412E-021  -1.9644718615154729E-035  -1.4301954778325477E-049   3.0783772445803850E-058   1.4180174719743512E-067   2.7413132979163392E-076   1.2844011359551067E-084   8.7058248879214247E-093
  -5.2216561130119010E+044  -1.4037396938772720E+053  -2.2527842191789904E+049  -1.0647901259062070E+039  -1.3184367540032463E+025  -4196708398.9343863       -1.0199508561017827E-006  -1.3138172423218582E-021  -2.1351026250461828E-035  -1.5665502876931748E-049   3.4005405108426903E-058   1.5805279334730069E-067   3.0840259562141632E-076   1.4587755285942330E-084   9.9834077290436675E-093
  -5.4198454261340124E+044  -1.4608455471337327E+053  -2.3542830879854341E+049  -1.1189536765337056E+039  -1.3946839881827913E+025  -4470723916.7037334       -1.0935410421881495E-006  -1.4174815452979022E-021  -2.3197848445626854E-035  -1.7154740462369295E-049   3.7557257309216709E-058   1.7614296859126547E-067   3.4692614975444813E-076   1.6567172298776108E-084   1.1447975310375137E-092
  -5.6185604513024447E+044  -1.5185212247379545E+053  -2.4578454613053314E+049  -1.1748569828521299E+039  -1.4743018836249422E+025  -4759951050.9211235       -1.1719093386321635E-006  -1.5287711132711618E-021  -2.5197355772398576E-035  -1.8781629013231200E-049   4.1473845487696818E-058   1.9628286856151694E-067   3.9023330160900047E-076   1.8814245913217186E-084   1.3126960757486683E-092
  -5.8178204418506444E+044  -1.5767892010960071E+053  -2.5635620192576651E+049  -1.2325868795243456E+039  -1.5574826667282087E+025  -5065372924.3875341       -1.2553981900799329E-006  -1.6482852395849075E-021  -2.7362724166557567E-035  -2.0559234851094319E-049   4.5793228797434845E-058   2.1870694305152151E-067   4.3892132227061373E-076   2.1365283956488661E-084   1.5051813233728044E-092
  -6.0176447019132306E+044  -1.6356721793216296E+053  -2.6715253201098418E+049  -1.2922330312040380E+039  -1.6444271492520926E+025  -5388027610.3530159       -1.3443723917310281E-006  -1.7766674708533731E-021  -2.9708221690514626E-035  -2.2501834037402813E-049   5.0557378855374090E-058   2.4367622492189663E-067   4.9366168124045630E-076   2.4261505204387918E-084   1.7258587006142772E-092
  -6.2180525882369419E+044  -1.6951931000028168E+053  -2.7818298809166907E+049  -1.3538880713296465E+039  -1.7353452117033234E+025  -5729011650.5136776       -1.4392206803423734E-006  -1.9146090688605193E-021  -3.2249302491774602E-035  -2.4625026984805058E-049   5.5812587503787768E-058   2.7148136841879172E-067   5.5520930639313913E-076   2.7549705363077567E-084   1.9788616766433946E-092
  -6.4190635119960390E+044  -1.7553751500587873E+053  -2.8945722598561918E+049  -1.4176477454992605E+039  -1.8304563085027595E+025  -6089483770.8072414       -1.5403574296172849E-006  -2.0628527292723230E-021  -3.5002708575376754E-035  -2.6945863702496173E-049   6.1609916544997344E-058   3.0244603226352150E-067   6.2441299483341871E-076   3.1283013156132236E-084   2.2689291855937260E-092
  -6.6206969406123120E+044  -1.8162417716907070E+053  -3.0098511403332294E+049  -1.4836110596475127E+039  -1.9299899961448861E+025  -6470668807.5586491       -1.6482244573579322E-006  -2.2221965771417571E-021  -3.7986580059950111E-035  -2.9482980680560834E-049   6.8005693816925449E-058   3.3693064688579139E-067   7.0222711821354403E-076   3.5521748732688067E-084   2.6014943896091812E-092
  -6.8229723995798530E+044  -1.8778166714295775E+053  -3.1277674169241741E+049  -1.5518804332528830E+039  -2.0341864856168590E+025  -6873861857.2365065       -1.7632929522462164E-006  -2.3934984606759934E-021  -4.1220574642949675E-035  -3.2256750511810824E-049   7.5062060427888578E-058   3.7533660964456329E-067   7.8972478392477814E-076   4.0334398265765126E-084   2.9827864450043880E-092
  -7.0259094742947607E+044  -1.9401238292847409E+053  -3.2484242832366870E+049  -1.6225618578115530E+039  -2.1432972204020780E+025  -7300432663.8351326       -1.8860655286389103E-006  -2.5776805663408835E-021  -4.4725997061335889E-035  -3.5289445451920673E-049   8.2847574466153354E-058   4.1811095686249801E-067   8.8811263365406620E-076   4.5798720487126375E-084   3.4199471776561909E-092
  -7.2295278118899256E+044  -2.0031875079964837E+053  -3.3719273217607758E+049  -1.6957650608220303E+039  -2.2575854814545026E+025  -7751830258.6980762       -2.0170784183201763E-006  -2.7757343801071223E-021  -4.8525939399825746E-035  -3.8605416230605215E-049   9.1437877048515779E-058   4.6575156704997446E-067   9.9874748337683746E-076   5.2003003036732715E-084   3.9211648530001698E-092
  -7.4338471230750553E+044  -2.0670322623962584E+053  -3.4983845957888591E+049  -1.7716036755332397E+039  -2.3773270205944286E+025  -8229587868.4499483       -2.1569038087506693E-006  -2.9887260215049793E-021  -5.2645433170313792E-035  -4.2231287549054228E-049   1.0091642717784781E-057   5.1881295587754077E-067   1.1231550342509163E-075   5.9047488925394943E-084   4.4958275461945136E-092
  -7.6388871839821093E+044  -2.1316829488780965E+053  -3.6279067434843468E+049  -1.8501954167176077E+039  -2.5028107238444485E+025  -8735328107.6071167       -2.3061523379899603E-006  -3.2178019791601065E-021  -5.7111614163606779E-035  -4.6196171832825983E-049   1.1137531254807688E-057   5.7791273034327026E-067   1.2630509124346926E-075   6.7045996157718737E-084   5.1546989851317012E-092
  -7.8446678380162955E+044  -2.1971647349848074E+053  -3.7606070741801214E+049  -1.9316622627399345E+039  -2.6343393062959270E+025  -9270768473.3972473       -2.4654757571507295E-006  -3.4641952786425192E-021  -6.1953901158746588E-035  -5.0531902955978837E-049   1.2291614417291752E-057   6.4373877725404848E-067   1.4203643279688912E-075   7.6127756683295856E-084   5.9101201599024956E-092
  -8.0512089977127831E+044  -2.2635031091126177E+053  -3.8966016669901946E+049  -2.0161306442025057E+039  -2.7722300401717435E+025  -9837727161.3360844       -2.6355697719720452E-006  -3.7292321157859909E-021  -6.7204189666468868E-035  -5.5273291812566314E-049   1.3565104352902938E-057   7.1705726968661819E-067   1.5972646789783875E-075   8.6439504387737433E-084   6.7762404749308078E-092
  -8.2585306465993121E+044  -2.3307238903379403E+053  -4.0360094718198194E+049  -2.1037316394569916E+039  -2.9168155178304461E+025  -10438129221.190708       -2.8171770758782472E-006  -4.0143389911383198E-021  -7.2897061982358256E-035  -6.0458405787023426E-049   1.4970373180304527E-057   7.9872158461473489E-067   1.7961914680665998E-075   9.8147845858826647E-084   7.7692827733415475E-092
  -8.4666528410648402E+044  -2.3988532383700091E+053  -4.1789524128613869E+049  -2.1946011772842227E+039  -3.0684444515405181E+025  -11074013074.105272       -3.0110905877228487E-006  -4.3210503838976879E-021  -7.9070014932670241E-035  -6.6128874366838539E-049   1.6521073182382876E-057   8.8968223549385266E-067   2.0198879434501556E-075   1.1144195223179937E-083   8.9078471975609373E-092
  -8.6755957122343953E+044  -2.4679176636331699E+053  -4.3255554946655728E+049  -2.2888802470539404E+039  -3.2274825119413917E+025  -11747537412.882019       -3.2181569083070981E-006  -4.6510170065910844E-021  -8.5763706812299363E-035  -7.2330223350777323E-049   1.8232269435601905E-057   9.9099793540780128E-067   2.2714389287456430E-075   1.2653661560535695E-083   1.0213259577563114E-091
  -8.8853794678503034E+044  -2.5379440374826509E+053  -4.4759469108794203E+049  -2.3867151166880876E+039  -3.3943132072003447E+025  -12460988508.700947       -3.4392800107142554E-006  -5.0060146848731836E-021  -9.3022225140753257E-035  -7.9112240335487488E-049   2.0120586163903811E-057   1.1038479195404293E-066   2.5543133630816262E-075   1.4367571941029127E-083   1.1709970872192792E-091
  -9.0960243941599327E+044  -2.6089596025577040E+053  -4.6302581557453239E+049  -2.4882575587631991E+039  -3.5693388049717088E+025  -13216787948.930517       -3.6754251805173718E-006  -5.3879539101848231E-021  -1.0089337699907223E-034  -8.6529374414408059E-049   2.2204368238900621E-057   1.2295456703923131E-066   2.8724121381642580E-075   1.6313617880072442E-083   1.3426015145232728E-091
  -9.3075508578101486E+044  -2.6809919832760436E+053  -4.7886241384572600E+049  -2.5936650850999218E+039  -3.7529812993671473E+025  -14017500832.133596       -3.9276232230048276E-006  -5.7988901166275061E-021  -1.0942900385931927E-034  -9.4641173297551712E-049   2.4503859395239086E-057   1.3695542054889819E-066   3.2301218919694893E-075   1.8523241473199281E-083   1.5393534654257127E-091
  -9.5199793077486134E+044  -2.7540691964735750E+053  -4.9511833004730593E+049  -2.7031011902007384E+039  -3.9456834252533634E+025  -14865844447.912416       -4.1969749557287978E-006  -6.2410347373034637E-021  -1.1868532297953258E-034  -1.0351276136112647E-048   2.7041398892399347E-057   1.5255031055126806E-066   3.6323755008763193E-075   2.1032143401183176E-083   1.7649381887353412E-091
  -9.7333302771321141E+044  -2.8282196621934485E+053  -5.1180777358840498E+049  -2.8167356039105318E+039  -4.1479097223067026E+025  -15764697470.868847       -4.4846560059222232E-006  -6.7167670995608055E-021  -1.2872329761194538E-034  -1.1321536246452654E-048   2.9841638533383185E-057   1.6992074810461630E-066   4.0847201044264969E-075   2.3880859740205422E-083   2.0235809824049485E-091
  -9.9476243852420647E+044  -2.9034722146285374E+053  -5.2894533149460363E+049  -2.9347445536887784E+039  -4.3601476513730621E+025  -16717109699.687208       -4.7919219336551178E-006  -7.2286472230925576E-021  -1.3960903846198700E-034  -1.2382687173158852E-048   3.2931782148501370E-057   1.8926890986801234E-066   4.5933936007703095E-075   2.7115416896454876E-083   2.3201263349246783E-091
  -1.0162882339407364E+045  -2.9798561132214923E+053  -5.4654598108782808E+049  -3.0573110368969158E+039  -4.5829087658064980E+025  -17726312374.181927       -5.1201137030169624E-006  -7.7794295896912540E-021  -1.5141423904133225E-034  -1.3543248088606230E-048   3.6341849870702552E-057   2.1081999123682522E-066   5.1654106676680491E-075   3.0788075246775432E-083   2.6601286643581938E-091
  -1.0379124936934761E+045  -3.0574010539265836E+053  -5.6462510300399749E+049  -3.1846251035197748E+039  -4.8167299405912923E+025  -18795729105.097851       -5.4706635251245542E-006  -8.3720779586832168E-021  -1.6421664778142176E-034  -1.4812536216114292E-048   4.0104969769718224E-057   2.3482482739080302E-066   5.8086594952731400E-075   3.4958173500173661E-083   3.0499563545908486E-091
  -1.0596373067046907E+045  -3.1361371806376084E+053  -5.8319849455965644E+049  -3.3168841497559892E+039  -5.0621746621903429E+025  -19928987453.513336       -5.8451010983706927E-006  -9.0097813076868289E-021  -1.7810058001589737E-034  -1.6200741627309868E-048   4.4257699678069165E-057   2.6156281276070987E-066   6.5320105646371762E-075   3.9693087422314904E-083   3.4969110374191557E-091
  -1.0814647712828246E+045  -3.2160950967861876E+053  -6.0228238347913213E+049  -3.4542932229289560E+039  -5.3198343822077692E+025  -21129931198.882446       -6.2450602730553578E-006  -9.6959709843871370E-021  -1.9315747320288308E-034  -1.7719009046328881E-048   4.8840382335270022E-057   2.9134515289272371E-066   7.3454389719861987E-075   4.5069318412862833E-083   4.0093643546692506E-091
  -1.1033969953178913E+045  -3.2973058771148594E+053  -6.2189344199405997E+049  -3.5970653381872801E+039  -5.5903299381061257E+025  -22402633337.069824       -6.6722861693852032E-006  -1.0434339161527519E-020  -2.0948648904271587E-034  -1.9379527317531560E-048   5.3897537300229366E-057   3.2451848655849117E-066   8.2601619856119796E-075   5.1173729523508322E-083   4.5969147619372284E-091
  -1.1254360964776821E+045  -3.3798010796294264E+053  -6.4204880132744781E+049  -3.7454218074817227E+039  -5.8743130443787449E+025  -23751409852.188042       -7.1286427797971106E-006  -1.1228858694322867E-020  -2.2719516645547090E-034  -2.1195627254921997E-048   5.9478293439016716E-057   3.6146892026792650E-066   9.2887937322778141E-075   5.8104948886684204E-083   5.2705673109285675E-091
  -1.1475842024048089E+045  -3.4636127577350882E+053  -6.6276606657477091E+049  -3.8995925813244906E+039  -6.1724678577460362E+025  -25180834308.650452       -7.6161210886658849E-006  -1.2083804487035362E-020  -2.4640012971745981E-034  -2.3181888658743904E-048   6.5636866189325344E-057   4.0262652214168324E-066   1.0445519146251916E-074   6.5974963229761316E-083   6.0429397777683397E-091
  -1.1698434509145974E+045  -3.5487734725609578E+053  -6.8406333199493810E+049  -4.0598166038563064E+039  -6.4855126201213475E+025  -26695753312.611877       -8.1368477447039574E-006  -1.3003776483564042E-020  -2.6722785641901706E-034  -2.5354257358310442E-048   7.2433084237928769E-057   4.4847032744658522E-066   1.1746289579710228E-074   7.4910927220667515E-083   6.9284989981198639E-091
  -1.1922159901938501E+045  -3.6353163054776285E+053  -7.0595919672431465E+049  -4.2263421817670907E+039  -6.8142013832776988E+025  -28301302894.893608       -8.6930943237619964E-006  -1.3993724405626308E-020  -2.8981551029971487E-034  -2.7730173220607235E-048   7.9932970727435200E-057   4.9953391405239725E-066   1.3209042771957423E-074   8.5057217877984911E-083   7.9438318357296657E-091
  -1.2147039790004926E+045  -3.7232748708125301E+053  -7.2847278092735528E+049  -4.3994273676373406E+039  -7.1593258193417835E+025  -30002925870.588440       -9.2872872223040251E-006  -1.5058974371500468E-020  -3.1431184444425543E-034  -3.0328710152230684E-048   8.8209384638350293E-057   5.5641161270145733E-066   1.4853950210818918E-074   9.6577767238000814E-083   9.1079558597080131E-091
  -1.2373095868641242E+045  -3.8126833287678938E+053  -7.5162374239777267E+049  -4.5793403582893751E+039  -7.5217171214465581E+025  -31806390233.825920       -9.9220182245700372E-006  -1.6205257538403479E-020  -3.4087818078549352E-034  -3.3170729218494484E-048   9.7342728577010333E-057   6.1976542437108073E-066   1.6703695297290089E-074   1.0965871096688511E-082   1.0442675549607234E-090
  -1.2600349942874857E+045  -3.9035763985462064E+053  -7.7543229362455336E+049  -4.7663599087606306E+039  -7.9022479990889568E+025  -33717808649.658772       -1.0600055789365222E-005  -1.7438740922451763E-020  -3.6968947236338538E-034  -3.6279046108828692E-048   1.0742172984502288E-056   6.9033272523827107E-066   1.8783786149300254E-074   1.2451139571077658E-082   1.1972990700104797E-090
  -1.2828823929488643E+045  -3.9959893716881301E+053  -7.9991921933753204E+049  -4.9607757625351333E+039  -8.3018347729653333E+025  -35743659108.720078       -1.1324357105540290E-005  -1.8766060561853563E-020  -4.0093545533345777E-034  -3.9678614292753338E-048   1.1854430237771727E-056   7.6893484892291433E-066   2.1122907358115860E-074   1.4137579377255480E-082   1.3727564674806930E-090
  -1.3058539859054520E+045  -4.0899581256279195E+053  -8.2510589454764644E+049  -5.1628890986941724E+039  -8.7214395742946874E+025  -37890806814.209930       -1.2098080968565593E-005  -2.0194357201571609E-020  -4.3482189830921896E-034  -4.3396725336655710E-048   1.3081849792467664E-056   8.5648664589597393E-066   2.3753315548056633E-074   1.6052438028509630E-082   1.5739261279673895E-090
  -1.3289519877976740E+045  -4.1855191374714782E+053  -8.5101430309741877E+049  -5.3730129966731384E+039  -9.1620726538890594E+025  -40166527374.912582       -1.2924601534167436E-005  -2.1731314691242622E-020  -4.7157195726368674E-034  -4.7463227989349430E-048   1.4436355571232897E-056   9.5400713131208647E-066   2.6711284194237127E-074   1.8226653552319006E-082   1.8045760311826049E-090
  -1.3521786250545049E+045  -4.2827094980022511E+053  -8.7766705673764738E+049  -5.5914729193384585E+039  -9.6247948064924126E+025  -42578531382.334854       -1.3807523008803228E-005  -2.3385201302717917E-020  -5.1142764491010632E-034  -5.1910767795048256E-048   1.5931106078523594E-056   1.0626313451937308E-065   3.0037603832303910E-074   2.0695354348074552E-082   2.0690263313093542E-090
  -1.3755361360997913E+045  -4.3815669259202533E+053  -9.0508741474674403E+049  -5.8186072151266055E+039  -1.0110719916184327E+026  -45134990454.708183       -1.4750695340819860E-005  -2.5164914189275584E-020  -5.5465142423553686E-034  -5.6775049157158847E-048   1.7580622227842975E-056   1.1836235630042526E-065   3.3778144557981965E-074   2.3498426747354353E-082   2.3722302747222616E-090
  -1.3990267715595954E+045  -4.4821297823196127E+053  -9.3329930410961389E+049  -6.0547676400163873E+039  -1.0621017628933662E+026  -47844564835.525871       -1.5758230980484252E-005  -2.7080027225433473E-020  -6.0152793667827151E-034  -6.2095121956506093E-048   1.9400928403816341E-056   1.3183920103636814E-065   3.7984488573206071E-074   2.6681159446620635E-082   2.7198669756793370E-090
  -1.4226527944705804E+045  -4.5844370854100989E+053  -9.6232734027346010E+049  -6.3003199001360657E+039  -1.1156916158690717E+026  -50716432639.510338       -1.6834522781715272E-005  -2.9140842484454157E-020  -6.5236587632639373E-034  -6.7913695024698829E-048   2.1409708129407575E-056   1.4685052531674013E-065   4.2714641501538717E-074   3.0294975224201795E-082   3.1184477876920339E-090
  -1.4464164804894513E+045  -4.6885285254881927E+053  -9.9219684849838557E+049  -6.5556442158384792E+039  -1.1719705233724892E+026  -53760320844.439873       -1.7984263123302459E-005  -3.1358445630175776E-020  -7.0750002247599667E-034  -7.4277478988904742E-048   2.3626475850451822E-056   1.6357104538670729E-065   4.8033832281785087E-074   3.4398261763637715E-082   3.5754382629297949E-090
  -1.4703201181034734E+045  -4.7944444801633561E+053  -1.0229338858211728E+050  -6.8211359081101940E+039  -1.2310739190249369E+026  -56986538133.129211       -1.9212464332690318E-005  -3.3744765520830950E-020  -7.6729344393003106E-034  -8.1237561240060877E-048   2.6072766506242552E-056   1.8219537063926851E-065   5.4015412670186449E-074   3.9057315006685211E-082   4.0993979839814008E-090
  -1.4943660088420819E+045  -4.9022260298452424E+053  -1.0545652636511531E+050  -7.0972060082149117E+039  -1.2931440220725622E+026  -60406009696.072754       -2.0524480501060729E-005  -3.6312638345142752E-020  -8.3213988954925901E-034  -8.8849816034393177E-048   2.8772344727684679E-056   2.0294026863870307E-065   6.0741868755149072E-074   4.4347410277372727E-082   4.7001408870470804E-090
  -1.5185564674896024E+045  -5.0119149734976973E+053  -1.0871185710176130E+050  -7.3842818915069358E+039  -1.3583301784609346E+026  -64030314111.843918       -2.1926030784484364E-005  -3.9075876635333733E-020  -9.0246638079281620E-034  -9.7175353020123814E-048   3.1751435695186809E-056   2.2604718803708058E-065   6.8305958433088174E-074   5.0354018482832675E-082   5.3889190794424738E-090
  -1.5428938222991016E+045  -5.1235538446654956E+053  -1.1206221984887457E+050  -7.6828079363874870E+039  -1.4267892189686749E+026  -67871722429.321907       -2.3423224292361281E-005  -4.2049343527881297E-020  -9.7873602331549690E-034  -1.0628100778967227E-047   3.5038979898867443E-056   2.5178506874715454E-065   7.6811990530934522E-074   5.7174187040579434E-082   6.1786335943468101E-090
  -1.5673804152073821E+045  -5.2371859277798506E+053  -1.1551053627827286E+050  -7.9932462094151400E+039  -1.4986858352556817E+026  -71943239583.210083       -2.5022586671258962E-005  -4.5249032671041669E-020  -1.0614510561308148E-033  -1.1623987839498147E-047   3.8666914275835351E-056   2.8045347207820431E-065   8.6377263214117259E-074   6.4918107843309374E-082   7.0840760302653177E-090
  -1.5920186020511421E+045  -5.3528552747488459E+053  -1.1905981320921047E+050  -8.3160771776216839E+039  -1.5741929747242278E+026  -76258648282.143921       -2.6731088499612741E-005  -4.8692154208496239E-020  -1.1511561584126601E-033  -1.2713191213252932E-047   4.2670482455529037E-056   3.1238606726528848E-065   9.7133681515335464E-074   7.3710897594176311E-082   8.1222056011498431E-090
  -1.6168107527843197E+045  -5.4706067218390556E+053  -1.2271314521432522E+050  -8.6518004491263341E+039  -1.6534922551360295E+026  -80832555516.987320       -2.8556175616610734E-005  -5.2397227301110745E-020  -1.2484420357042512E-033  -1.3904454730808219E-047   4.7088577126853214E-056   3.4795451497026188E-065   1.0922957628945071E-073   8.3694619276663180E-082   9.3124667863667787E-090
  -1.6417592516966335E+045  -5.5904859068546993E+053  -1.2647371730133557E+050  -9.0009355431845235E+039  -1.7367743999754852E+026  -85680441845.710800       -3.0505801516977165E-005  -5.6384179683915461E-020  -1.3539493091422355E-033  -1.5207341513254611E-047   5.1964117852877322E-056   3.8757279295306510E-065   1.2283174967743459E-073   9.5030577419064851E-082   1.0677153530140207E-089
  -1.6668664976333462E+045  -5.7125392866208130E+053  -1.3034480767279449E+050  -9.3640226908525333E+039  -1.8242396955987187E+026  -90818713620.564194       -3.2588461952330332E-005  -6.0674454793201055E-020  -1.4683727332983166E-033  -1.6632310738291799E-047   5.7344468003194316E-056   4.3170201425799055E-065   1.3812777528579012E-073   1.0790192423715944E-081   1.2241826811973729E-089
  -1.6921349042162635E+045  -5.8368141547770235E+053  -1.3432979056627283E+050  -9.7416236674960396E+039  -1.9160984712599613E+026  -96264758333.130432       -3.4813231889363689E-005  -6.5291127039283392E-020  -1.5924657704038322E-033  -1.8190801599020452E-047   6.3281894854020907E-056   4.8085579399175306E-065   1.5532858480030559E-073   1.2251661876134785E-081   1.4035793409196912E-089
  -1.7175669000659868E+045  -5.9633586598886193E+053  -1.3843213917741446E+050  -1.0134322658419393E+040  -2.0125716031613292E+026  -102037003263.30916       -3.7189804985321767E-005  -7.0259025844238954E-020  -1.7270455510684673E-033  -1.9895325129349921E-047   6.9834077325444806E-056   5.3560622715496091E-065   1.7467137670282868E-073   1.3911078675752864E-081   1.6092654818914890E-089
  -1.7431649290254417E+045  -6.0922218238817414E+053  -1.4265542866837569E+050  -1.0542727158943061E+040  -2.1138910437292705E+026  -108154977629.36394       -3.9728535752160974E-005  -7.5604869110986410E-020  -1.8729982541482377E-033  -2.1759564633081952E-047   7.7064666287962856E-056   5.9659054710029897E-065   1.9642288720143301E-073   1.5795253572639034E-081   1.8450936620729478E-089
  -1.7689314503846984E+045  -6.2234535608096320E+053  -1.4700333926423496E+050  -1.0967468910309363E+040  -2.2203003773810511E+026  -114639378447.91197       -4.2440484592446588E-005  -8.1357406840740660E-020  -2.0312849411767439E-033  -2.3798485522787617E-047   8.5043902881101641E-056   6.6451854211216826E-065   2.2088306847913749E-073   1.7934628661826234E-081   2.1154810068259949E-089
  -1.7948689391071035E+045  -6.3571046959570033E+053  -1.5147965944003382E+050  -1.1409204872851420E+040  -2.3320554041077342E+026  -121512140325.17998       -4.5337465902491151E-005  -8.7547575670366327E-020  -2.2029478837656192E-033  -2.6028455450121578E-047   9.3849300850428525E-056   7.4018081642587177E-065   2.4838922498310716E-073   2.0363769224895908E-081   2.4254919424941082E-089
  -1.8209798860567396E+045  -6.4932269852897094E+053  -1.5608828920118769E+050  -1.1868618237917155E+040  -2.4494247522663660E+026  -128796509414.03508       -4.8432099451540576E-005  -9.4208665159799638E-020  -2.3891174256247898E-033  -2.8467375691820946E-047   1.0356639953112104E-055   8.2445799183236841E-065   2.7932066479246215E-073   2.3121922188105715E-081   2.7809330540170072E-089
  -1.8472667982272347E+045  -6.6318731352570394E+053  -1.6083324346008478E+050  -1.2346419480099512E+040  -2.5726905220436152E+026  -136517121785.26988       -5.1737865260019635E-005  -1.0137649672280684E-019  -2.5910194243719627E-033  -3.1134824845978075E-047   1.1428959479250446E-055   9.1833095696153669E-065   3.1410393020554889E-073   2.6253650219790580E-081   3.1884618432708938E-089
  -1.8737321989719392E+045  -6.7730968229540747E+053  -1.6571865551177398E+050  -1.2843347451385577E+040  -2.7021489611261555E+026  -144700086476.42310       -5.5269162215019997E-005  -1.0908961616224072E-019  -2.8099833221168170E-033  -3.4052215991983054E-047   1.2612305601525966E-055   1.0228922835301725E-064   3.5321867967472489E-073   2.9809551711827901E-081   3.6557114251857452E-089
  -1.9003786282354887E+045  -6.9169527166516906E+053  -1.7074878061172663E+050  -1.3360170518901415E+040  -2.8381111741897435E+026  -153373073497.09967       -5.9041370677416759E-005  -1.1738950084401024E-019  -3.0474508979438154E-033  -3.7242968575595069E-047   1.3918173800869925E-055   1.1393589424225242E-064   3.9720430219851417E-073   3.3847078277536757E-081   4.1914334972058951E-089
  -1.9272086427867697E+045  -7.0634964967019153E+053  -1.7592799965874512E+050  -1.3897687747996023E+040  -2.9809038678994554E+026  -162565407086.37131       -6.3070919352304142E-005  -1.2632078262258328E-019  -3.3049857599055919E-033  -4.0732696398789646E-047   1.5359249769772812E-055   1.2690864675990882E-064   4.4666735538125908E-073   3.8431462973896617E-081   4.8056622599198671E-089
  -1.9542248164533147E+045  -7.2127848768265046E+053  -1.8126082298618024E+050  -1.4456730132477063E+040  -3.1308701331980577E+026  -172308164535.44296       -6.7375356712921853E-005  -1.3593148771541934E-019  -3.5842836390060595E-033  -4.4549413223289564E-047   1.6949532642680322E-055   1.4135847326797137E-064   5.0228992972840319E-073   4.3636774244877650E-081   5.5099023591006802E-089
  -1.9814297403571348E+045  -7.3648756257967116E+053  -1.8675189426471255E+050  -1.5038161873883130E+040  -3.2883702667482324E+026  -182634280907.42389       -7.1973427287981483E-005  -1.4627329481473522E-019  -3.8871835529307194E-033  -4.8723757638058325E-047   1.8704470985127015E-055   1.5745355238159164E-064   5.6483905451790394E-073   4.9547112613874271E-081   6.3173443693184590E-089
  -2.0088260231520207E+045  -7.5198275895124198E+053  -1.9240599452004772E+050  -1.5642881711752160E+040  -3.4537826334875501E+026  -193578660005.80530       -7.6885153143381067E-005  -1.5740181282292497E-019  -4.2156799130058985E-033  -5.3289238995650965E-047   2.0641112862579151E-055   1.7538121133730794E-064   6.3517727495112195E-073   5.6257969459542683E-081   7.2431118551401400E-089
  -2.0364162912623227E+045  -7.6777007134888982E+053  -1.9822804626897425E+050  -1.6271824306923483E+040  -3.6275045723529000E+026  -205178291964.18430       -8.2131920911808633E-005  -1.6937687970331731E-019  -4.5719356540764519E-033  -5.8282506391418692E-047   2.2778271446722953E-055   1.9535010622292685E-064   7.1427454643791572E-073   6.3877769828022892E-081   8.3045446373781861E-089
  -2.0642031891232320E+045  -7.8385560657596383E+053  -2.0422311777733288E+050  -1.6925961679992063E+040  -3.8099533473337920E+026  -217472377851.95920       -8.7736574747777720E-005  -1.8226288405131899E-019  -4.9582964737236536E-033  -6.3743642844508486E-047   2.5136707767859103E-055   2.1759265044346718E-064   8.0322161003330227E-073   7.2529624207884098E-081   9.5215235699692048E-089
  -2.0921893794225868E+045  -8.0024558602038542E+053  -2.1039642744355154E+050  -1.7606304707117630E+040  -4.0015671461217633E+026  -230502461714.22476       -9.3723515611314655E-005  -1.9612911111297252E-019  -5.3773062745459338E-033  -6.9716487041870183E-047   2.7739332388614074E-055   2.4236771968660793E-064   9.0324503346738219E-073   8.2353317570207695E-081   1.0916842910555270E-088
  -2.1203775433442151E+045  -8.1694634803073994E+053  -2.1675334831150575E+050  -1.8313904675479016E+040  -4.2028061287363440E+026  -244312570488.99902       -1.0011880731093943E-004  -2.1105011510920649E-019  -5.8317239111427479E-033  -7.6248985227705667E-047   3.0611427957972267E-055   2.6996366486905557E-064   1.0157241251778970E-072   9.3507567809558609E-081   1.2516637259267821E-088
  -2.1487703808128419E+045  -8.3396435033660003E+053  -2.2329941271657635E+050  -1.9049854900755052E+040  -4.4141535286268883E+026  -258949362271.29575       -1.0695028976586763E-004  -2.2710611986527545E-019  -6.3245413520283596E-033  -8.3393576062742686E-047   3.3780894807454504E-055   3.0070166812960447E-064   1.1422099545825069E-072   1.0617259007412557E-080   1.4350871062272564E-088
  -2.1773706107405740E+045  -8.5130617251399053E+053  -2.3004031706888885E+050  -1.9815292409108069E+040  -4.6361168088743433E+026  -274462283421.51111       -1.1424769997863691E-004  -2.4438344989683874E-019  -6.8590033760141343E-033  -9.1207611542330675E-047   3.7278521975088622E-055   3.3493948092712183E-064   1.2844467408717881E-072   1.2055300841535426E-080   1.6453899848466606E-088
  -2.2061809712749895E+045  -8.6897851849691495E+053  -2.3698192677783604E+050  -2.0611399686244498E+040  -4.8692288762480671E+026  -290903735045.20703       -1.2204280124276335E-004  -2.6297499426762224E-019  -7.4386289326963224E-033  -9.9753817351762494E-047   4.1138286289810601E-055   3.7307558774870834E-064   1.4443959052645415E-072   1.3688116179879837E-080   1.8865113711274533E-088
  -2.2352042200488424E+045  -8.8698821913588923E+053  -2.4413028132210678E+050  -2.1439406496229410E+040  -5.1140493560103353E+026  -308329249402.75079       -1.3036952114570461E-004  -2.8298070570952433E-019  -8.0672343076377934E-033  -1.0910079635374539E-046   4.5397682421498751E-055   4.1555384388662418E-064   1.6242631183946459E-072   1.5542085788933164E-080   2.1629675087932446E-088
  -2.2644431344314136E+045  -9.0534223480443610E+053  -2.5149159946956654E+050  -2.2300591772838331E+040  -5.3711659305055765E+026  -326797676840.51312       -1.3926409896550192E-004  -3.0450813768531123E-019  -8.7489582447086744E-033  -1.1932357924911849E-046   5.0098087102626695E-055   4.6286864125987040E-064   1.8265287157998278E-072   1.7647163525823441E-080   2.4799364654830502E-088
  -2.2939005117815208E+045  -9.2404765805451975E+053  -2.5907228465146477E+050  -2.3196285586340247E+040  -5.6411957447229913E+026  -346371383870.54468       -1.4876524310015798E-004  -3.2767302227770914E-019  -9.4882891909306232E-033  -1.3050422683051838E-046   5.5285161059444295E-055   5.1557066240179101E-064   2.0539819009268615E-072   2.0037360287387329E-080   2.8433551182485110E-088
  -2.3235791697022086E+045  -9.4311171632191411E+053  -2.6687893049557418E+050  -2.4127871188720922E+040  -5.9247868821803750E+026  -367116463062.96600       -1.5891429921225625E-004  -3.5259989200783748E-019  -1.0290094843137176E-032  -1.4273248866277060E-046   6.1009292556883822E-055   5.7427328958022777E-064   2.3097592072952776E-072   2.2751293506443906E-080   3.2600303515459600E-088
  -2.3534819462971415E+045  -9.6254177468251610E+053  -2.7491832652300392E+050  -2.5096787140475123E+040  -6.2226199146440603E+026  -389102955454.83514       -1.6975542981772783E-004  -3.7942274892171260E-019  -1.1159654190910184E-032  -1.5610652347665204E-046   6.7326086865598716E-055   6.3965974364128550E-064   2.5973877501928367E-072   2.5832811073118057E-080   3.7377665504532109E-088
  -2.3836117004287219E+045  -9.8234533866063542E+053  -2.8319746401356681E+050  -2.6104529522220921E+040  -6.5354095293753365E+026  -412405086221.14001       -1.8133580609722605E-004  -4.0828578453724775E-019  -1.2102692266679438E-032  -1.7073368705796537E-046   7.4296906405600473E-055   7.1249103566037884E-064   2.9208338643206569E-072   2.9331699761486403E-080   4.2855117770480463E-088
  -2.4139713119779489E+045  -1.0025300570903132E+054  -2.9172354204472560E+050  -2.7152654234518513E+040  -6.8639062377778816E+026  -437101514397.93304       -1.9370581276148907E-004  -4.3934415451714560E-019  -1.3125417831687244E-032  -1.8673139395556373E-046   8.1989466813198570E-055   7.9361482394377029E-064   3.2845577980746743E-072   3.3304489607106114E-080   4.9135253678179288E-088
  -2.4445636821060416E+045  -1.0231037250307367E+054  -3.0050397370929073E+050  -2.8242779389410497E+040  -7.2088981695141045E+026  -463275597494.63507       -2.0691926685858624E-004  -4.7276481222678694E-019  -1.4234564245839142E-032  -2.0422805992441018E-046   9.0478494721148794E-055   8.8397527946036057E-064   3.6935752186671547E-072   3.7815367231190479E-080   5.6335700911826686E-088
  -2.4753917335178484E+045  -1.0440742867368417E+054  -3.0954639251719398E+050  -2.9376587797340335E+040  -7.5712129563612880E+026  -491015671882.33600       -2.2103365147129895E-004  -5.0872740565223852E-019  -1.5437433790413316E-032  -2.2336413266770577E-046   9.9846453641354137E-055   9.8462407451967985E-064   4.1535263762089082E-072   4.2937212867359517E-080   6.4591324642181631E-088
  -2.5064584107270608E+045  -1.0654498386862122E+054  -3.1885865898681960E+050  -3.0555829553251285E+040  -7.9517197102915625E+026  -520415349897.68567       -2.3611036531734136E-004  -5.4742524249352806E-019  -1.6741945735322217E-032  -2.4429321915077346E-046   1.1018434500096122E-054   1.0967326225844311E-063   4.6707538804846924E-072   4.8752777845456900E-080   7.4056753550856376E-088
  -2.5377666803232562E+045  -1.0872386326634100E+054  -3.2844886743153629E+050  -3.1782324725819061E+040  -8.3513311004834558E+026  -551573834657.86279       -2.5221498933395987E-004  -5.8906632861418997E-019  -1.8156688467260159E-032  -2.6718331853442602E-046   1.2159259211267830E-054   1.2216057116666930E-063   5.2523901629173339E-072   5.5356021556174407E-080   8.4909276023754161E-088
  -2.5693195312407890E+045  -1.1094490789028821E+054  -3.3832535294723853E+050  -3.3057966153928755E+040  -8.7710055342076736E+026  -584596253641.33179       -2.6941757140195877E-004  -6.3387448542173047E-019  -1.9690976021792106E-032  -2.9221817062319810E-046   1.3418201566570050E-054   1.3606966899754488E-063   5.9064558297679445E-072   6.2853629496824051E-080   9.7352160758929790E-088
  -2.6011199750295501E+045  -1.1320897492916259E+054  -3.4849669860687854E+050  -3.4384722354670016E+040  -9.2117494467763603E+026  -619594012151.83630       -2.8779293044270084E-004  -6.8209055217721136E-019  -2.1354909391417388E-032  -3.1959873065088456E-046   1.4807491021258516E-054   1.5156243805482153E-063   6.6419702628018939E-072   7.1366736924173642E-080   1.1161846398333555E-087
  -2.6331710461276198E+045  -1.1551693806328007E+054  -3.5897174286814457E+050  -3.5764640547294307E+040  -9.6746197060039724E+026  -656685167849.54236       -3.0742098120546609E-004  -7.3397367968786948E-019  -2.3159443013068223E-032  -3.4954478223974031E-046   1.6340623210841278E-054   1.6881919217214509E-063   7.4690759925336445E-072   8.1032885962079071E-080   1.2797539458698191E-087
  -2.6654758021358311E+045  -1.1786968779715100E+054  -3.6975958720062403E+050  -3.7199849797754744E+040  -1.0160726136899659E+027  -695994827603.66296       -3.2838708115207716E-004  -7.8980272232702651E-019  -2.5116456872583668E-032  -3.8229670147859656E-046   1.8032491044112111E-054   1.8804077527072643E-063   8.3991785590770684E-072   9.2008247783372766E-080   1.4672931893269446E-087
  -2.6980373240942694E+045  -1.2026813179839911E+054  -3.8086960393897611E+050  -3.8692564288632777E+040  -1.0671234172596413E+027  -737655567995.49060       -3.5078240094130880E-004  -8.4987773585312549E-019  -2.7238834700658606E-032  -4.1811738627793242E-046   1.9899529368653055E-054   2.0945089885086040E-063   9.4451037891900121E-072   1.0447014576803930E-079   1.6823149908060391E-087
  -2.7308587167607295E+045  -1.2271319524314780E+054  -3.9231144436883093E+050  -4.0245086719446748E+040  -1.1207367637821759E+027  -781807880879.79675       -3.7470432011769782E-004  -9.1452158906738140E-019  -2.9540548774848461E-032  -4.5729436648634294E-046   2.1959874613988524E-054   2.3329874562120662E-063   1.0621274658257539E-071   1.1861992040231383E-079   1.9288467190316000E-087
  -2.7639431088911479E+045  -1.2520582116800257E+054  -4.0409504705233074E+050  -4.1859811842536200E+040  -1.1770411671529203E+027  -828600645496.28064       -4.0025684971840305E-004  -9.8408169796030505E-019  -3.2036751885676418E-032  -5.0014211170350631E-046   2.4233540963052762E-054   2.5986186956703456E-063   1.1943910176018947E-071   1.3468618220453644E-079   2.2115059231609795E-087
  -2.7972936535220389E+045  -1.2774697082876075E+054  -4.1623064640043124E+050  -4.3539230139921960E+040  -1.2361715795639826E+027  -878191628711.44775       -4.2755108362820237E-004  -1.0589318916545151E-018  -3.4743877072027527E-032  -5.4700455531131558E-046   2.6742614763172651E-054   2.8944942620856276E-063   1.3431249038533115E-071   1.5292850523258712E-079   2.5355868190838722E-087
  -2.8309135282549510E+045  -1.3033762406598225E+054  -4.2872878149929244E+050  -4.5285931646756772E+040  -1.2982697137189911E+027  -930748015065.26257       -4.5670568063705693E-004  -1.1394744201583261E-018  -3.7679745782132872E-032  -5.9825785498003784E-046   2.9511469064928910E-054   3.2240577064323298E-063   1.5103801130382657E-071   1.7364162084579042E-079   2.9071594495796860E-087
  -2.8648059355429695E+045  -1.3297877967755752E+054  -4.4160030519830383E+050  -4.7102609927204494E+040  -1.3634843811544408E+027  -986446968396.46582       -4.8784737928745845E-004  -1.2261421147053714E-018  -4.0863685171883263E-032  -6.5431341180411212E-046   3.2567000372760878E-054   3.5911446524597864E-063   1.6984630345148509E-071   1.9716017947631586E-079   3.3331833755780939E-087
  -2.8989741029792857E+045  -1.3567145579841153E+054  -4.5485639346751089E+050  -4.8992066208817650E+040  -1.4319718474717856E+027  -1045476226925.9032       -5.2111154774057739E-004  -1.3194007122740730E-018  -4.4316655312330646E-032  -7.1562117229773457E-046   3.5938889906922177E-054   4.0000274366908155E-063   1.9099672624038663E-071   2.2386415734188283E-079   3.8216380279306925E-087
  -2.9334212835878560E+045  -1.3841669028748513E+054  -4.6850855503243923E+050  -5.0957213681724574E+040  -1.5038962053245499E+027  -1108034733788.9321       -5.5664277104165716E-004  -1.4197513567614870E-018  -4.8061387143431461E-032  -7.8267323975035125E-046   3.9659891914472170E-054   4.4554648309354280E-063   2.1478093598182113E-071   2.5418499545126603E-079   4.3816721611472162E-087
  -2.9681507561161751E+045  -1.4121554112213785E+054  -4.8256864129454867E+050  -5.3001081969188010E+040  -1.5794297660468119E+027  -1174333305126.3232       -5.9459547832681117E-004  -1.5277332902336602E-018  -5.2122532081788757E-032  -8.5600782392480609E-046   4.3766151829713306E-054   4.9627574259882505E-063   2.4152690766198248E-071   2.8861257008502638E-079   5.0237752083225891E-087
  -3.0031658253301821E+045  -1.4406908680011900E+054  -4.9704885654579098E+050  -5.5126821776357705E+040  -1.6587534708536082E+027  -1244595337968.4534       -6.3513461268606278E-004  -1.6439267486942020E-018  -5.6526824266824151E-032  -9.3621356079609084E-046   4.8297557374409190E-054   5.5278093210618501E-063   2.7160345752752862E-071   3.2770310736720117E-079   5.7599737466821263E-087
  -3.0384698223113272E+045  -1.4697842674925634E+054  -5.1196176848599746E+050  -5.7337709724310951E+040  -1.7420573225901967E+027  -1319057560280.4092       -6.7843634658188042E-004  -1.7689560779097784E-018  -6.1303256512960152E-032  -1.0239342369982011E-045   5.3298126008057827E-054   6.1571968368927926E-063   3.0542532884382313E-071   3.7208816979640334E-079   6.6040567534842463E-087
  -3.0740661047558176E+045  -1.4994468174501533E+054  -5.2732031905207656E+050  -5.9637153376756335E+040  -1.8295408390558066E+027  -1397970825676.3237       -7.2468884591938480E-004  -1.9034930860115358E-018  -6.6483271125566179E-032  -1.1198739568943546E-045   5.8816432491557095E-054   6.8582450521969618E-063   3.4345891095429429E-071   4.2248485992331807E-079   7.5718338712518116E-087
  -3.1099580572760695E+045  -1.5296899433608346E+054  -5.4313783556826835E+050  -6.2028696467069427E+040  -1.9214135289786383E+027  -1481600955460.3298       -7.7409308607470000E-004  -2.0482606508614064E-018  -7.2100966836209498E-032  -1.2248027937378179E-045   6.4906080717213435E-054   7.6391130541966149E-063   3.8622867050196048E-071   4.7970740602574040E-079   8.6814315195541300E-087
  -3.1461490917043885E+045  -1.5605252927813834E+054  -5.5942804222697627E+050  -6.4516024333633464E+040  -2.0178953917725249E+027  -1570229630809.4219       -8.2686372341248524E-004  -2.2040366015386180E-018  -7.8193323218799132E-032  -1.3395629702753331E-045   7.1626224387994235E-054   8.5088888953533981E-063   4.3432438349419191E-071   5.4468031695976357E-079   9.9536323994111835E-087
  -3.1826426473988978E+045  -1.5919647397596078E+054  -5.7620507190997428E+050  -6.7102969571775012E+040  -2.1192174422620229E+027  -1664155338080.7878       -8.8323002606349504E-004  -2.3716578947718655E-018  -8.4800444063214365E-032  -1.4650756183937977E-045   7.9042141603385490E-054   9.4776953613992686E-063   4.8840926793461065E-071   6.1845331871720872E-079   1.1412264749116113E-086
  -3.2194421915517448E+045  -1.6240203893405663E+054  -5.9348347836007892E+050  -6.9793517910913653E+040  -2.2256222616218271E+027  -1763694370403.3860       -9.4343686798909485E-004  -2.5520251087243777E-018  -9.1965821307724771E-032  -1.6023481720575171E-045   8.7225868932796654E-054   1.0556807781575433E-062   5.4922912916393739E-071   7.0221831400446471E-079   1.3084648642093138E-086
  -3.2565512194996052E+045  -1.6567045821595554E+054  -6.1127824871367268E+050  -7.2591814325887191E+040  -2.3373645758384984E+027  -1869181888901.2515       -1.0077457906331243E-003  -2.7461072782409749E-018  -9.9736621266757610E-032  -1.7524824528653176E-045   9.6256901135239348E-054   1.1758785252132266E-062   6.1762264401580989E-071   7.9732863884161355E-079   1.5002107685778355E-086
  -3.2939732550365093E+045  -1.6900298991235631E+054  -6.2960481640477043E+050  -7.5502169391769761E+040  -2.4547118630676534E+027  -1980973047094.8894       -1.0764361367535174E-003  -2.9549470974973366E-018  -1.0816399503723904E-031  -1.9166835131148271E-045   1.0622296332160753E-053   1.3097616800241527E-062   6.9453292559665948E-071   9.0532092729108758E-079   1.7200555705440011E-086
  -3.3317118507290133E+045  -1.7240091661829316E+054  -6.4847907445163622E+050  -7.8529065891870219E+040  -2.5779449913282013E+027  -2099444182237.7539       -1.1498062613379252E-003  -3.1796665179618269E-018  -1.1730341512579332E-031  -2.0962693073399351E-045   1.1722086305949581E-053   1.4588884189342644E-062   7.8102052815717555E-071   1.0279399375616687E-078   1.9721169401284985E-086
  -3.3697705882337424E+045  -1.7586554591949996E+054  -6.6791738913728316E+050  -8.1677165688982753E+040  -2.7073588880470117E+027  -2224994077567.9775       -1.2281748248405778E-003  -3.4214727716999658E-018  -1.2721504051157432E-031  -2.2926812699355603E-045   1.2935743069694376E-053   1.6249943260610658E-062   8.7827807138018481E-071   1.1671667405771511E-078   2.2611159577433265E-086
  -3.4081530786173317E+045  -1.7939821088815256E+054  -6.8793661409552133E+050  -8.4951316870361796E+040  -2.8432632430428064E+027  -2358045299691.9082       -1.3118821743332149E-003  -3.6816648523323202E-018  -1.3796411254656146E-031  -2.5074958837547669E-045   1.4275055703832774E-053   1.8100125920948472E-062   9.8764668573974255E-071   1.3252507264223728E-078   2.5924655387540686E-086
  -3.4468629626787768E+045  -1.8300027058817316E+054  -7.0855410481456510E+050  -8.8356561177308861E+040  -2.9859832466172007E+027  -2499045615566.4224       -1.4012918185426211E-003  -3.9616404884104162E-018  -1.4962138429800675E-031  -2.7424373325152783E-045   1.5753033845115964E-053   2.0160965128180492E-062   1.1106345056967559E-070   1.5047459457602195E-078   2.9723718158589930E-086
  -3.4859039112742393E+045  -1.8667311059028446E+054  -7.2978773357056100E+050  -9.1898141730691290E+040  -3.1358603645039043E+027  -2648469493812.2554       -1.4967920031527852E-003  -4.2629036466154411E-018  -1.6226358615770519E-031  -2.9993913385493902E-045   1.7384034052597752E-053   2.2456445491754698E-062   1.2489374657337951E-070   1.7085523733480805E-078   3.4079503781295839E-086
  -3.5252796256443106E+045  -1.9041814349700367E+054  -7.5165590480376695E+050  -9.5581511064162373E+040  -3.2932531515143101E+027  -2806819695371.5991       -1.5987973931826781E-003  -4.5870726050250940E-018  -1.7597393078132468E-031  -3.2804202969428814E-045   1.9183899256295857E-053   2.5013282405360231E-062   1.4044626859852228E-070   1.9399627603025683E-078   3.9073595438137472E-086
  -3.5649938377437766E+045  -1.9423680947777181E+054  -7.7417757095048419E+050  -9.9412339477319182E+040  -3.4585381058092259E+027  -2974628958820.8735       -1.7077508697130046E-003  -4.9358886397502017E-018  -1.9084266067974135E-031  -3.5877798275111918E-045   2.1170112642953492E-053   2.7861232959906390E-062   1.5793547699262378E-070   2.2027158320517646E-078   4.4799531630351683E-086
  -3.6050503105738937E+045  -1.9813057681441588E+054  -7.9737224874423270E+050  -1.0339652372152045E+041  -3.6321105658226437E+027  -3152461785964.9116       -1.8241254487290004E-003  -5.3112253715310193E-018  -2.0696764206488420E-031  -3.9239368774382085E-045   2.3361967473548536E-053   3.1033442255150808E-062   1.7760253767382337E-070   2.5010566914335319E-078   5.1364558123053098E-086
  -3.6454528385172135E+045  -2.0210094245714617E+054  -8.2126003600005444E+050  -1.0754019603159161E+041  -3.8143856519642780E+027  -3340916333672.8032       -1.9484263303735550E-003  -5.7150988224210541E-018  -2.2445500885684211E-031  -4.2915895198458778E-045   2.5780754481933158E-053   3.4566829140213129E-062   1.9971864761216570E-070   2.8398054028027570E-078   5.8891636621491198E-086
  -3.6862052476749714E+045  -2.0614943259129426E+054  -8.4586162889624387E+050  -1.1184973351716912E+041  -4.0057992553335411E+027  -3540626418269.4849       -2.0811930874679108E-003  -6.1496782364927715E-018  -2.4341986108893041E-031  -4.6936886071712901E-045   2.8449968674741038E-053   3.8502515872059540E-062   2.2458877441039463E-070   3.2244348651803563E-078   6.7521747799863946E-086
  -3.7273113962070698E+045  -2.1027760321500196E+054  -8.7119833976821951E+050  -1.1633176792798176E+041  -4.2068090757887560E+027  -3752263639171.9414       -2.2230020027583352E-003  -6.6172977225950563E-018  -2.6398702230521855E-031  -5.1334614531110556E-045   3.1395537541130940E-053   4.2886306692132861E-062   2.5255586154892334E-070   3.6611592325476997E-078   7.7416531817136454E-086
  -3.7687751746746794E+045  -2.1448704072807420E+054  -8.9729211542968880E+050  -1.2099319580793427E+041  -4.4178957118321085E+027  -3976539628855.9277       -2.3744685649890931E-003  -7.1204687815986627E-018  -2.8629186093304153E-031  -5.6144377331701901E-045   3.4646072888874167E-053   4.7769220890579582E-062   2.8400555728056153E-070   4.1570343097862976E-078   8.8761315775215978E-086
  -3.8106005063854905E+045  -2.1877936253221439E+054  -9.2416555603670388E+050  -1.2584118905344800E+041  -4.6395638048933307E+027  -4214208436659.6577       -2.5362501345874843E-003  -7.6618937853068107E-018  -3.1048118103380452E-031  -6.1404778116548045E-045   3.8233148752758814E-053   5.3208086561614527E-062   3.1937153238102969E-070   4.7200715462368998E-078   1.0176858482199595E-085
  -3.8527913477416258E+045  -2.2315621764286352E+054  -9.5184193451066257E+050  -1.3088320589212701E+041  -4.8723432407236778E+027  -4466069054376.4092       -2.7090487904786785E-003  -8.2444804793088246E-018  -3.3671418829170866E-031  -6.7158037224176094E-045   4.2191608074504004E-053   5.9266201959843772E-062   3.5914146008083294E-070   5.3593674685302777E-078   1.1668196191093475E-085
  -3.8953516885902563E+045  -2.2761928731286974E+054  -9.8034521653678551E+050  -1.3612700229845478E+041  -5.1167904107467265E+027  -4732968092059.8652       -2.8936143703296208E-003  -8.8713575875427284E-018  -3.6516353759488016E-031  -7.3450330519587250E-045   4.6559901132812235E-053   6.6014072154056220E-062   4.0386374063465814E-070   6.0852506437728218E-078   1.3378077075560071E-085
  -3.9382855525769374E+045  -2.3217028566821807E+054  -1.0097000811550850E+051  -1.4158064386389037E+041  -5.3734895363542093E+027  -5015802612965.8906       -3.0907477173558744E-003  -9.5458916022371865E-018  -3.9601646910002369E-031  -8.0332159967723704E-045   5.1380459010550184E-053   7.3530229551248900E-062   4.5415506325199350E-070   6.9094485473833684E-078   1.5338526744042119E-085
  -3.9815969975016940E+045  -2.3681096035605597E+054  -1.0399319419613424E+051  -1.4725251813942051E+041  -5.6430540592838035E+027  -5315523137083.8926       -3.3013041477164121E-003  -1.0271704849255950E-017  -4.2947604025367467E-031  -8.7858758922995226E-045   5.6700105726333927E-053   8.1902147839665781E-062   5.1070890965871870E-070   7.8452770314486817E-078   1.7586263867229297E-085
  -4.0252901156778803E+045  -2.4154309320525368E+054  -1.0710669689361272E+051  -1.5315134746934160E+041  -5.9261281013719004E+027  -5633136823271.8076       -3.5261971534729453E-003  -1.1052694925702871E-017  -4.6576246187422107E-031  -9.6090535387019841E-045   6.2570513033306463E-053   9.1227259986764465E-062   5.7430511654317995E-070   8.9078554545889342E-078   2.0163387901629508E-085
  -4.0693690342938409E+045  -2.4636850089974263E+054  -1.1031321109204221E+051  -1.5928620233578906E+041  -6.2233879971382557E+027  -5969710840602.8018       -3.7664023571064784E-003  -1.1893055613999238E-017  -5.0511454708324895E-031  -1.0509355679137797E-044   6.9048702302282211E-053   1.0161409213892811E-061   6.4582062874076421E-070   1.0114350948899878E-077   2.3118167592141313E-085
  -4.1138379157773996E+045  -2.5128903566488146E+054  -1.1361551187569636E+051  -1.6566651523430613E+041  -6.5355439028313938E+027  -6326375940161.0957       -4.0229617346687497E-003  -1.2797299384557057E-017  -5.4779128261694149E-031  -1.1494008019536148E-044   7.6197598363717485E-053   1.1318352661850333E-061   7.2624159142954025E-070   1.1484255770262863E-077   2.6505945021726624E-085
  -4.1587009581632043E+045  -2.5630658596710174E+054  -1.1701645691169711E+051  -1.7230209510154863E+041  -6.8633414857442282E+027  -6704330239190.8574       -4.2969881258047371E-003  -1.3770281607684210E-017  -5.9407353285310194E-031  -1.2570913215309053E-044   8.4086640687589373E-053   1.2607020871606354E-061   8.1667694807252183E-070   1.3039702212791950E-077   3.0390172140383091E-085
  -4.2039623954629545E+045  -2.6142307722709254E+054  -1.2051898890325172E+051  -1.7920314231705876E+041  -7.2075636977988402E+027  -7104843230208.1953       -4.5896700501194959E-003  -1.4817226604515866E-017  -6.4426588776217338E-031  -1.3748714290289447E-044   9.2792457837128954E-053   1.4042411364915280E-061   9.1837373160409242E-070   1.4805820175053784E-077   3.4843599186839501E-085
  -4.2496264980385349E+045  -2.6664047254678578E+054  -1.2412613811553879E+051  -1.8638026430191024E+041  -7.5690326375983085E+027  -7529260028434.1221       -4.9022768506834739E-003  -1.5943755676619935E-017  -6.9869866693712651E-031  -1.5036863996770672E-044   1.0239961174686450E-052   1.5641229192262920E-061   1.0327342597053939E-069   1.6811143154754532E-077   3.9949637261215101E-085
  -4.2956975729780913E+045  -2.7196077345041069E+054  -1.2784102497638915E+051  -1.9384449173793176E+041  -7.9486115053522766E+027  -7979005871698.5820       -5.2361641868809193E-003  -1.7155917264525747E-017  -7.5773009288350312E-031  -1.6445700673190292E-044   1.1300141905355612E-052   1.7422081340179037E-061   1.1613354712679209E-069   1.9088069230970954E-077   4.5803920568575565E-085
  -4.3421799644750616E+045  -2.7738602063989073E+054  -1.3166686275397128E+051  -2.0160729543215472E+041  -8.3472066553021580E+027  -8455590887804.6680       -5.5927799003120315E-003  -1.8460219396830828E-017  -8.2174864786398910E-031  -1.7986531208134162E-044   1.2470085745692837E-052   1.9405693272188105E-061   1.3059506706681874E-069   2.1673384481348970E-077   5.2516097592971431E-085
  -4.3890780542102051E+045  -2.8291829476486057E+054  -1.3560696031375531E+051  -2.0968060385210853E+041  -8.7657697505018878E+027  -8960615145230.9883       -5.9736702790676123E-003  -1.9863664603812227E-017  -8.9117562979895399E-031  -1.9671721776352746E-044   1.3761156591290021E-052   2.1615150123326546E-061   1.4685739796762073E-069   2.4608857290354227E-077   6.0211884749199071E-085
  -4.4363962617366481E+045  -2.8855971720758718E+054  -1.3966472495709708E+051  -2.1807682135860236E+041  -9.2053000250516772E+027  -9495774003991.5117       -6.3804867474120527E-003  -2.1373787482671396E-017  -9.6646792403338121E-031  -2.1514797074838560E-044   1.5185894837329084E-052   2.4076165355046648E-061   1.6514478341544184E-069   2.7941913149930087E-077   6.9035420975481338E-085
  -4.4841390448679807E+045  -2.9431245088308342E+054  -1.4384366534385212E+051  -2.2680884716368769E+041  -9.6668466591356625E+027  -10062863784469.432       -6.8149930097439575E-003  -2.2998695115746265E-017  -1.0481210092001169E-030  -2.3530548855211158E-044   1.6758139179159492E-052   2.6817379996881050E-061   1.8570939046863370E-069   3.1726400854301035E-077   7.9151967366595162E-085
  -4.5323109000694201E+045  -3.0017870105470922E+054  -1.4814739450150074E+051  -2.3589009504259366E+041  -1.0151511272480423E+028  -10663787773097.697       -7.2790726796614011E-003  -2.4747110558306622E-017  -1.1366722169487267E-030  -2.5735154623241565E-044   1.8493161022413709E-052   2.9870695957175987E-061   2.0883478674845073E-069   3.6023462467161326E-077   9.0751002409237679E-085
  -4.5809163628520866E+045  -3.0616071616555948E+054  -1.5257963292333818E+051  -2.4533451382956817E+041  -1.0660450542130607E+028  -11300562584877.676       -7.7747374270491117E-003  -2.6628419628991054E-017  -1.2327042669785750E-030  -2.8146307457919609E-044   2.0407812808050952E-052   3.3271647281657821E-061   2.3483985050161426E-069   4.0902521115962748E-077   1.0404977079065035E-084
  -4.6299600081704045E+045  -3.1226078868594519E+054  -1.5714421175835874E+051  -2.5515660872874316E+041  -1.1194878950731050E+028  -11975324903912.293       -8.3041356783369064E-003  -2.8652721253633528E-017  -1.3368491006250161E-030  -3.0783357991679999E-044   2.2520691692855973E-052   3.7059813680189129E-061   2.6408316754842176E-069   4.6442402571544734E-077   1.1929735224647746E-084
  -4.6794464508226670E+045  -3.1848125597727870E+054  -1.6184507609554053E+051  -2.6537146347237614E+041  -1.1756071671812426E+028  -12690338624385.115       -8.8695619074618363E-003  -3.0830881632259705E-017  -1.4497920382106960E-030  -3.3667469690971138E-044   2.4852320175045117E-052   4.1279281133936302E-061   2.9696797574347955E-069   5.2732608732686251E-077   1.3677932665361971E-084
  -4.7293803458547881E+045  -3.2482450117268105E+054  -1.6668628834531664E+051  -2.7599476336010099E+041  -1.2345367598900441E+028  -13448002415746.201       -9.4734665576111880E-003  -3.3174592519509384E-017  -1.5722762875028266E-030  -3.6821788683057898E-044   2.7425345419194777E-052   4.5979154943033570E-061   3.3394772512536655E-069   5.9874763589217881E-077   1.5682312274086922E-084
  -4.7797663889672726E+045  -3.3129295407463424E+054  -1.7167203172110082E+051  -2.8704281921415375E+041  -1.2964172525607576E+028  -14250857737273.602       -1.0118466636540469E-002  -3.5696433930771175E-017  -1.7051078329258768E-030  -4.0271629491651365E-044   3.0264759216305568E-052   5.1214131185063674E-061   3.7553233042078065E-069   6.7984255023759470E-077   1.7980415059351941E-084
  -4.8306093169254361E+045  -3.3788909207000893E+054  -1.7680661382381936E+051  -2.9853259228692334E+041  -1.3613962484222150E+028  -15101597328670.787       -1.0807357031161671E-002  -3.8409941610016867E-017  -1.8491607376826371E-030  -4.4044678171591393E-044   3.3398140715212540E-052   5.7045133234383648E-061   4.2229520211502455E-069   7.7192098975957487E-077   2.0615283280772469E-084
  -4.8819139079728928E+045  -3.4461544106280227E+054  -1.8209447033248881E+051  -3.1048172015861796E+041  -1.4296287250682966E+028  -16003074204939.869       -1.1543122590194599E-002  -4.1329679620822451E-017  -2.0053828936514683E-030  -4.8171214472395027E-044   3.6855924282693435E-052   6.3540020749414997E-061   4.7488115303567713E-069   8.7647056085397745E-077   2.3636266598106451E-084
  -4.9336849822483596E+045  -3.5147457642492955E+054  -1.8754016880396733E+051  -3.2290854366433354E+041  -1.5012774024219740E+028  -16958311185443.602       -1.2328951026981559E-002  -4.4471318449497078E-017  -2.1748022568716190E-030  -5.2684354813145630E-044   4.0671695093660840E-052   7.0774379378299607E-061   5.3401528946797797E-069   9.9518035008196225E-077   2.7099946352276031E-084
  -4.9859274022057839E+045  -3.5846912396541690E+054  -1.9314841258510012E+051  -3.3583213489136610E+041  -1.5765131290351013E+028  -17970510988841.242       -1.3168246698097005E-002  -4.7851719038756626E-017  -2.3585336096211087E-030  -5.7620318018157809E-044   4.4882515322119777E-052   7.8832400372609409E-061   6.0051300939526979E-069   1.1299682123351560E-076   3.1071195289170280E-084
  -5.0386460730378453E+045  -3.6560176091835187E+054  -1.9892404484057343E+051  -3.4927232628922824E+041  -1.6555152876362994E+028  -19043066927460.234       -1.4064645317154475E-002  -5.1489023202133596E-017  -2.5577858935538354E-030  -6.3018715945451765E-044   4.9529284100744572E-052   8.7807860345017856E-061   6.7529124572295562E-069   1.2830117548473364E-076   3.5624392573723695E-084
  -5.0918459431028420E+045  -3.7287521694995309E+054  -2.0487205269988994E+051  -3.6324974093650964E+041  -1.7384722208846122E+028  -20179574236653.664       -1.5022029667238916E-002  -5.5402750903478582E-017  -2.7738701621169989E-030  -6.8922871339771762E-044   5.4657134744863888E-052   9.7805212572168800E-061   7.5938110951030991E-069   1.4567835176065227E-076   4.0844816850159749E-084
  -5.1455320043550126E+045  -3.8029227518512838E+054  -2.1099757152697750E+051  -3.7778582401046980E+041  -1.8255816783341832E+028  -21383842076798.875       -1.6044546379691209E-002  -5.9613904922664498E-017  -3.0082082045413311E-030  -7.5380165460288836E-044   6.0315873098524213E-052   1.0894080254197286E-060   8.5394210753780148E-069   1.6540909185143484E-076   4.6830243438868968E-084
  -5.1997092927783021E+045  -3.8785577325389741E+054  -2.1730588931604689E+051  -3.9290287550706689E+041  -1.9170512856651341E+028  -22659906247822.867       -1.7136623851561252E-002  -6.4145083468148469E-017  -3.2623418981117333E-030  -8.2442418271989418E-044   6.6560461259644611E-052   1.2134422189032604E-060   9.6027813024449547E-069   1.8781216086141255E-076   5.3692775583607834E-084
  -5.2543828888236182E+045  -3.9556860435806181E+054  -2.2380245121742082E+051  -4.0862408426101622E+041  -2.0130990372882361E+028  -24012042658501.844       -1.8302991378946441E-002  -6.9020601339589800E-017  -3.5379433502137560E-030  -9.0166304250985375E-044   7.3451551381956214E-052   1.3515981648260273E-060   1.0798554304798797E-068   2.1324949701085726E-076   6.1560944046160822E-084
  -5.3095579178495999E+045  -4.0343371835851364E+054  -2.3049286419716482E+051  -4.2497356331743230E+041  -2.1139538134859772E+028  -25444781595284.070       -1.9548699588664550E-002  -7.4266620289493576E-017  -3.8368258968433756E-030  -9.8613807139681788E-044   8.1056074737718150E-052   1.5054836618896358E-060   1.2143228409636485E-068   2.4213205891246699E-076   7.0582114371398038E-084
  -5.3652395505669345E+045  -4.1145412288357961E+054  -2.3738290183446397E+051  -4.4197638670865124E+041  -2.2198559233103524E+028  -26962922838034.617       -2.0879142256296467E-002  -7.9911289282091848E-017  -4.1609560298978539E-030  -1.0785271730019868E-043   8.9447891761839352E-052   1.6768895590040758E-060   1.3655345092140504E-068   2.7492646478596541E-076   8.0925246907909322E-084
  -5.4214330034862493E+045  -4.1963288445880670E+054  -2.4447850926080484E+051  -4.5965862769194923E+041  -2.3310576745183201E+028  -28571551672906.883       -2.2300079604598941E-002  -8.5984895400652593E-017  -4.5124663316710761E-030  -1.1795717565616741E-043   9.8708509390223631E-052   1.8678105955783570E-060   1.5355754634159032E-068   3.1216253086789837E-076   9.2784061276019591E-084
  -5.4781435393696105E+045  -4.2797312965860248E+054  -2.5178580824514097E+051  -4.7804739850607829E+041  -2.4478239718894447E+028  -30276055855517.758       -2.3817663182655831E-002  -9.2520026211402754E-017  -4.8936695015978198E-030  -1.2900826858675260E-043   1.0892787265864375E-051   2.0804686144507144E-060   1.7267903617319088E-068   3.5444183080009635E-076   1.0638066454971983E-083
  -5.5353764676856631E+045  -4.3647804628015081E+054  -2.5931110242934361E+051  -4.9717089170683158E+041  -2.5704329453370216E+028  -32082143580751.246       -2.5438462432935984E-002  -9.9551744453571253E-017  -5.3070735674713538E-030  -1.4109467854548412E-043   1.2020523824958408E-051   2.3173384175764545E-060   1.9418158214535757E-068   4.0244741427402578E-076   1.2196971110374424E-083
  -5.5931371450684366E+045  -4.4515088454003175E+054  -2.6706088271836476E+051  -5.1705842314423263E+041  -2.6991766092940302E+028  -33995862518849.094       -2.7169493060685525E-002  -1.0711777599102803E-016  -5.7553983811448235E-030  -1.5431339562349775E-043   1.3265013847027314E-051   2.5811765653431720E-060   2.1836167737460585E-068   4.5695484193581952E-076   1.3984317203433600E-083
  -5.6514309757798589E+045  -4.5399495829398321E+054  -2.7504183282967015E+051  -5.3774047664641994E+041  -2.8343615549287990E+028  -36023619980977.984       -2.9018247327833608E-002  -1.1525871203196913E-016  -6.2415935071701972E-030  -1.6877049576566411E-043   1.4638344502328418E-051   2.8750534546356186E-060   2.4555273452450589E-068   5.1884471482069368E-076   1.6033580347865241E-083
  -5.7102634121759949E+045  -4.6301364628024924E+054  -2.8326083500663308E+051  -5.5924875047787020E+041  -2.9763096768224432E+028  -38172204281202.398       -3.0992726401866299E-002  -1.2401822669945423E-016  -6.7688576219845560E-030  -1.8458199188275347E-043   1.6153854290013887E-051   3.2023890489244606E-060   2.7612968301788345E-068   5.8911690072922212E-076   1.8383141624707433E-083
  -5.7696399551770568E+045  -4.7221039338696916E+054  -2.9172497590071865E+051  -5.8161620564228052E+041  -3.1253589358211386E+028  -40448807365752.859       -3.3101474898959191E-002  -1.3344331111775075E-016  -7.3406595511824368E-030  -2.0187476468752727E-043   1.7826262579771796E-051   3.5669926761484417E-060   3.1051413868748636E-068   6.6890668737158316E-076   2.1077006419004063E-083
  -5.8295661547412063E+045  -4.8158871194406978E+054  -3.0044155262742759E+051  -6.0487711610320949E+041  -3.2818641598613115E+028  -42861048784673.922       -3.5353617770093063E-002  -1.4358452526781619E-016  -7.9607610831799531E-030  -2.2078758072215504E-043   1.9671812563734485E-051   3.9731073574925430E-060   3.4918021714364617E-068   7.5950312323225681E-076   2.4165628592748606E-083
  -5.8900476103421933E+045  -4.9115218304013185E+054  -3.0941807900111671E+051  -6.2906712099846842E+041  -3.4461978846550517E+028  -45417001085378.703       -3.7758899688949063E-002  -1.5449626896032962E-016  -8.6332417092522660E-030  -2.4147220574375653E-043   2.1708429006862068E-051   4.4254591828862938E-060   3.9266107101278343E-068   8.6236984244956017E-076   2.7706855429676172E-083
  -5.9510899714508426E+045  -5.0090445786471059E+054  -3.1866229195396249E+051  -6.5422327892725935E+041  -3.6187512362167011E+028  -48125216712341.688       -4.0327727111133499E-002  -1.6623707337697415E-016  -9.3625254525874060E-030  -2.6409462239977375E-043   2.3955892327709965E-051   4.9293123077699040E-060   4.4155624118102683E-068   9.7916871013278275E-076   3.1767011049352447E-083
  -6.0126989380204493E+045  -5.1084925907660041E+054  -3.2818215814448778E+051  -6.8038412439217700E+041  -3.7999348573098585E+028  -50994756502144.430       -4.3071213185763700E-002  -1.7886991474071794E-016  -1.0153409962729567E-029  -2.8883636196141678E-043   2.6436030700064880E-051   5.4905302110845949E-060   4.9653992340034511E-068   1.1117866701027620E-075   3.6422138581309393E-083
  -6.0748802609760890E+045  -5.2099038219854089E+054  -3.3798588076123183E+051  -7.0758972648144112E+041  -3.9901798799971877E+028  -54035219868365.984       -4.6001225712704395E-002  -1.9246255179423426E-016  -1.1011098066674042E-029  -3.1589596079831433E-043   2.9172932040923935E-051   6.1156439272984657E-060   5.5837026423515787E-068   1.2623662287755511E-075   4.1759424363286550E-083
  -6.1376397427078988E+045  -5.3133169703887385E+054  -3.4808190652730676E+051  -7.3588174988009747E+041  -4.1899389465836919E+028  -57256776776398.805       -4.9130438351831472E-002  -2.0708788889296944E-016  -1.1941231984021771E-029  -3.4549055327806794E-043   3.2193177943395148E-051   6.8119280464280916E-060   6.2789981451939282E-068   1.4333400676490893E-075   4.7878830836637251E-083
  -6.2009832375683347E+045  -5.4187714914066647E+054  -3.5847893291175158E+051  -7.6530351830243544E+041  -4.3996872813577233E+028  -60670201614189.875       -5.2472385304672658E-002  -2.2282436665639505E-016  -1.2949930431110000E-029  -3.7785761386868214E-043   3.5526101826189635E-051   7.5874853664029986E-060   7.0608728445306035E-068   1.6274703435483885E-075   5.4894968720494143E-083
  -6.2649166523734694E+045  -5.5263076125883064E+054  -3.6918591555376958E+051  -7.9590008044151462E+041  -4.6199238156532547E+028  -64286909071175.266       -5.6041519703692484E-002  -2.3975638226839777E-016  -1.4043828858021933E-029  -4.1325686241860034E-043   3.9204073806525190E-051   8.4513411827968675E-060   7.9401076241364275E-068   1.8478933115130807E-075   6.2939243527556786E-083
  -6.3294459469083421E+045  -5.6359663486577337E+054  -3.8021207590611156E+051  -8.2771827853548090E+041  -4.8511723688820937E+028  -68118992144315.227       -5.9853275960416091E-002  -2.5797474167635438E-016  -1.5230123082967107E-029  -4.5197234789790745E-043   4.3262815062750626E-051   9.4135483130871062E-060   8.9288257973836470E-068   2.0981699911955663E-075   7.2162316622289269E-083
  -6.3945771344363997E+045  -5.7477895168612760E+054  -3.9156690910405187E+051  -8.6080681965429430E+041  -5.0939828883160580E+028  -72179262397167.406       -6.3924136340590340E-002  -2.7757714610905889E-016  -1.6516616610850795E-029  -4.9431472731567167E-043   4.7741744739350056E-051   1.0485304077508067E-059   1.0040660264269597E-067   2.3823436952674262E-075   8.2736926913120407E-083
  -6.4603162822130662E+045  -5.8618197526112023E+054  -4.0326019206659259E+051  -8.9521634981458229E+041  -5.3489327505369930E+028  -76481292605381.656       -6.8271702052735195E-002  -2.9866871551722322E-016  -1.7911771947061752E-029  -5.4062375809385359E-043   5.2684362762975632E-051   1.1679080597685856E-059   1.1290941482337246E-067   2.7050053491833221E-075   9.4861126024243720E-083
  -6.5266695120034678E+045  -5.9781005254314536E+054  -4.1530199183672638E+051  -9.3099953103458912E+041  -5.6166281276171692E+028  -81039461929885.078       -7.2914769155820180E-002  -3.2136255173774411E-016  -1.9424766243761985E-029  -5.9127102389028093E-043   5.8138672286854987E-051   1.3008769929203098E-059   1.2696908843143059E-067   3.0713676575159776E-075   1.0876198753630571E-082
  -6.5936430006043576E+045  -6.0966761552112350E+054  -4.2770267416778760E+051  -9.6821112144561323E+041  -5.8977054212444430E+028  -85869003767376.969       -7.7873409612493560E-002  -3.4578034439537150E-016  -2.1065551644432421E-029  -6.4666291573558348E-043   6.4157645865710381E-051   1.4489845716843086E-059   1.4277948368623998E-067   3.4873493149861955E-075   1.2469985976367106E-082
  -6.6612429803702652E+045  -6.2175918287723506E+054  -4.4047291236312781E+051  -1.0069080585809252E+042  -6.1928327681659057E+028  -90986056436596.812       -8.3169057836383925E-002  -3.7205302278395985E-016  -2.2844920723301403E-029  -7.0724389239673226E-043   7.0799739887946508E-051   1.6139543253512571E-059   1.6055860004592701E-067   3.9596706225767798E-075   1.4297324171533200E-082
  -6.7294757397439051E+045  -6.3408936167563075E+054  -4.5362369637656346E+051  -1.0471495459679326E+042  -6.5027116204909646E+028  -96407716868194.016       -8.8824603105579339E-002  -4.0032145721535882E-016  -2.4774577449761567E-029  -7.7350004611934323E-043   7.8129462260435871E-051   1.7977060037977949E-059   1.8055158196649707E-067   4.4959620533598515E-075   1.6392437355752145E-082
  -6.7983476237908861E+045  -6.4666284908373000E+054  -4.6716634218126149E+051  -1.0889971431543296E+042  -6.8280784045703248E+028  -102152097475946.91       -9.4864488239569930E-002  -4.3073721358851005E-016  -2.6867214144184633E-029  -8.4596300235014693E-043   8.6217998858303120E-051   2.0023779165061928E-059   2.0303409892669740E-067   5.1048875218595639E-075   1.8794564627726613E-082
  -6.8678650347387512E+045  -6.5948443412673331E+054  -4.8111250141495404E+051  -1.1325148593041277E+042  -7.1697062623515019E+028  -108238386397581.09      -0.10131481496382269       -4.6346336521588207E-016  -2.9136594930911659E-029  -9.2521418471963359E-043   9.5143904822703493E-051   2.2303518147612140E-059   2.2831614632021703E-067   5.7962843482958494E-075   2.1548695058806889E-082
  -6.9380344325203839E+045  -6.7255899947598286E+054  -4.9547417130960188E+051  -1.1777692505048330E+042  -7.5284068793048198E+028  -114686911304561.86      -0.10820345641485735       -4.9867536625050684E-016  -3.1597646236886480E-029  -1.0118894794943279E-042   1.0499386741924459E-050   2.4842806065460202E-059   2.5674631961932896E-067   6.5813221787463960E-075   2.4706410270895897E-082
  -7.0088623353218128E+045  -6.8589152327182038E+054  -5.1026370491386757E+051  -1.2248295209326084E+042  -7.9050324032166732E+028  -121519206992013.67      -0.11556017726933267       -5.3656199138622180E-016  -3.4266554930693173E-029  -1.1066843369119338E-042   1.1586354786452834E-050   2.7671192266182440E-059   2.8871662073906591E-067   7.4726834284801151E-075   2.8326850481570634E-082
  -7.0803553201344537E+045  -6.9948708098160189E+054  -5.2549382161700032E+051  -1.2737676280280605E+042  -8.3004774583597590E+028  -128758086972395.16      -0.12341676201336421       -5.7732634685802176E-016  -3.7160874746958050E-029  -1.2103593503163804E-042   1.2785851029503690E-050   3.0821590209586163E-059   3.2466786286844147E-067   8.4847681634022909E-075   3.2477822108575063E-082
  -7.1525200233118241E+045  -7.1335084729354293E+054  -5.4117761798298886E+051  -1.3246583918413123E+042  -8.7156812597733799E+028  -136427719309767.64      -0.13180715190321701       -6.2118695815058138E-016  -4.0299641695512774E-029  -1.3237463578417196E-042   1.4109524689869584E-050   3.4330660456749346E-059   3.6509574828623535E-067   9.6339267293257964E-075   3.7237067676937191E-082
  -7.2253631411307656E+045  -7.2748809804707770E+054  -5.5732857890409626E+051  -1.3775796087112846E+042  -9.1516298326213827E+028  -144553706945485.19      -0.14076759120579982       -6.6837894023305339E-016  -4.3703499213745110E-029  -1.4477551155845644E-042   1.5570230916313507E-050   3.8239237259894077E-059   4.1055770295720882E-067   1.0938723887021234E-074   4.2693721811530780E-082
  -7.2988914303572058E+045  -7.4190421220043247E+054  -5.7396058908315793E+051  -1.4326121694506221E+042  -9.6093583418413830E+028  -153163172780948.19      -0.15033678334718978       -7.1915525657937083E-016  -4.7394833884574987E-029  -1.5833805957879479E-042   1.7182155622499575E-050   4.2592803716673839E-059   4.6168056213821141E-067   1.2420238719941984E-074   4.8949980582862787E-082
  -7.3731117088165033E+045  -7.5660467383612335E+054  -5.9108794485429855E+051  -1.4898401822144595E+042  -1.0089953537557103E+029  -162284849798751.16      -0.16055605763990960       -7.7378807370783395E-016  -5.1397922611906582E-029  -1.7317109685718389E-042   1.8960953244160444E-050   4.7442021017503884E-059   5.1916921295632703E-067   1.4102405159389380E-074   5.6123015469484813E-082
  -7.4480308559683995E+045  -7.7159507420510430E+054  -6.0872536635200470E+051  -1.5493511002382552E+042  -1.0594556321996703E+029  -171949176520167.69      -0.17146954730504249       -8.3257021848428394E-016  -5.5739092220677416E-029  -1.8939363312272945E-042   2.0923898756098928E-050   5.2843317943936266E-059   5.8381631311472725E-067   1.6012398628012643E-074   6.4347167781526654E-082
  -7.5236558134866314E+045  -7.8688111381030162E+054  -6.2688801003878297E+051  -1.6112358546372324E+042  -1.1124364443944293E+029  -182188398114509.41      -0.18312437955369942       -8.9581674598236989E-016  -6.0446892530247499E-029  -2.0713582550862715E-042   2.3090055425072886E-050   5.8859547477098551E-059   6.5651321971814357E-067   1.8181075047526860E-074   7.3776464642224167E-082
  -7.5999935858432250E+045  -8.0246860453029105E+054  -6.4559148160192938E+051  -1.6755889924675547E+042  -1.1680635327050316E+029  -193036673494524.31      -0.19557087854405517       -9.6386662628524595E-016  -6.5552284038381014E-029  -2.2654002265355617E-042   2.5480459927394248E-050   6.5560718156033827E-059   7.3826227889336470E-067   2.0643469302413733E-074   8.4587503646322572E-082
  -7.6770512408975104E+045  -8.1836347178388015E+054  -6.6485184923024646E+051  -1.7425088202572653E+042  -1.2264689038639629E+029  -204530188751728.72      -0.20886278208536327       -1.0370845592486325E-015  -7.1088841449051097E-029  -2.4776190659136858E-042   2.8118326628668297E-050   7.3024808695482821E-059   8.3019064564090909E-067   2.3439361211808059E-074   9.6982760218655563E-082
  -7.7548359104899015E+045  -8.3457175673638026E+054  -6.8468565728185973E+051  -1.8120975532232172E+042  -1.2877911405984824E+029  -216707277306457.56      -0.22305747301928344       -1.1158629269289385E-015  -7.7092974381374939E-029  -2.7097174158714049E-042   3.1029273009144574E-050   8.1338675341355266E-059   9.3356582445064779E-067   2.6613918152281650E-074   1.1119437961232790E-081
  -7.8333547910404688E+045  -8.5109961854836108E+054  -7.0510994035460966E+051  -1.8844614703987520E+042  -1.3521757287357153E+029  -229608547169540.16      -0.23821622627175867       -1.2006238941157181E-015  -8.3604166709845307E-029  -2.9635573993526051E-042   3.4241568423452186E-050   9.0599062521116119E-059   1.0498131449374925E-066   3.0218424712431069E-074   1.2748852456201080E-081
  -7.9126151441523530E+045  -8.6795333666770037E+054  -7.2614223777083509E+051  -1.9597110759057511E+042  -1.4197754005529457E+029  -243277015735933.72      -0.25440447263583205       -1.2918216681990428E-015  -9.0665236108405759E-029  -3.2411755567314787E-042   3.7786408610042867E-050   1.0091372854811639E-058   1.1805354134303586E-066   3.4311111166056324E-074   1.4617036001386050E-081
  -7.9926242972200374E+045  -8.8513931316575407E+054  -7.4780060848870301E+051  -2.0379612666138835E+042  -1.4907504951785223E+029  -257758252555454.28      -0.27169208041748172       -1.3899449304536370E-015  -9.8322615503624526E-029  -3.5447991818993302E-042   4.1698218615663829E-050   1.1240269947750821E-058   1.3275350114462278E-066   3.8958094146994056E-074   1.6758976828436447E-081
  -8.0733896440425382E+045  -9.0266407511848751E+054  -7.7010364645260055E+051  -2.1193315064394589E+042  -1.5652693368886530E+029  -273100530552011.00      -0.29015365615308236       -1.4955194517373904E-015  -1.0662665828612713E-028  -3.8768641883122009E-042   4.6014987076056495E-050   1.2519966570237339E-058   1.4928387457148149E-066   4.4234444721124922E-074   1.9214790167943120E-081
  -8.1549186454415392E+045  -9.2053427703342724E+054  -7.9307049639546657E+051  -2.2039460075462429E+042  -1.6435086321871918E+029  -289354986190566.62      -0.30986886568880090       -1.6091109065870080E-015  -1.1563196928549419E-028  -4.2400346482787946E-042   5.0778635098504253E-050   1.3945353753940911E-058   1.6787257923531282E-066   5.0225401108987510E-074   2.2030469528843137E-081
  -8.2372188298845072E+045  -9.3875670332330381E+054  -8.1672087010631900E+051  -2.2919339187209230E+042  -1.7256538865994065E+029  -306575789120499.88      -0.33092277699945050       -1.7313279007533401E-015  -1.2539776368304419E-028  -4.6372241621851730E-042   5.6035423327787552E-050   1.5533017790327293E-058   1.8877591204460355E-066   5.7027745649040828E-074   2.5258748064937166E-081
  -8.3202977941128277E+045  -9.5733827082727812E+054  -8.4107506317661782E+051  -2.3834295212066734E+042  -1.8118998421567826E+029  -324820321855235.31      -0.35340622621743101       -1.8628252283590068E-015  -1.3598825622041034E-028  -5.0716192290260509E-042   6.1836401147809363E-050   1.7301433222901143E-058   2.1228208282568544E-066   6.4751368244667530E-074   2.8960086159766590E-081
  -8.4041632037750023E+045  -9.7628603138065577E+054  -8.6615397223950627E+051  -2.4785724322894282E+042  -1.9024509365982483E+029  -344149370081031.31      -0.37741620844177831       -2.0043073760873711E-015  -1.4747308326079175E-028  -5.5467048056597114E-042   6.8237902380225941E-050   1.9271177809685141E-058   2.3871518792322254E-066   7.3521041550353820E-074   3.3203803724814038E-081
  -8.4888227940649422E+045  -9.9560717443401518E+054  -8.9197911271637798E+051  -2.5775078169430850E+042  -1.9975217853639244E+029  -364627324222788.44      -0.40305629500344581       -2.1565322931312658E-015  -1.5992776047551699E-028  -6.0662922597533948E-042   7.5302092292828603E-050   2.1465171956971478E-058   2.6843967856216894E-066   8.3478436572777124E-074   3.8069378416060857E-081
  -8.5742843703653902E+045  -1.0153090297226875E+055  -9.1857263708564359E+051  -2.6803866078519243E+042  -2.0973376875107276E+029  -386322392931770.00      -0.43043707897620959       -2.3203154470491643E-015  -1.7343417916251867E-028  -6.6345499405790177E-042   8.3097571228552919E-050   2.3908945410086471E-058   3.0186538557406261E-066   9.4784411246025922E-074   4.3647934081108146E-081
  -8.6605558088965290E+045  -1.0353990699875492E+055  -9.4595735368900127E+051  -2.7873657341410720E+042  -2.2021351567350079E+029  -409306829199338.88      -0.45967665084349951       -2.4965341872032932E-015  -1.8808114445701761E-028  -7.2560366128091920E-042   9.1700040715677971E-050   2.6630934304022138E-058   3.3945316976058078E-066   1.0762160894959534E-073   5.0043947311530374E-081
  -8.7476450573697922E+045  -1.0558849137481026E+055  -9.7415674609096413E+051  -2.8986083591588569E+042  -2.3121624787459974E+029  -433657169842331.75      -0.49090110636053552       -2.6861324390966309E-015  -2.0396495896981758E-028  -7.9357380214189431E-042   1.0119303852635580E-049   2.9662812029998897E-058   3.8172127579230622E-066   1.2219740894437096E-073   5.7377204059594704E-081
  -8.8355601356469249E+045  -1.0767743281288404E+055  -1.0031949930078554E+052  -3.0142841276684679E+042  -2.4276802962953643E+029  -459454489149656.56      -0.52424508878893339       -2.8901257546925946E-015  -2.2119005568692344E-028  -8.6791068809032932E-042   1.1166874981996712E-049   3.3039857767440288E-058   4.2925247723954382E-066   1.3874727638639972E-073   6.5785042961431838E-081
  -8.9243091364043390E+045  -1.0980752317399060E+055  -1.0330969888229576E+052  -3.1345694228203818E+042  -2.5489622232326770E+029  -486784667526250.94      -0.55985236782803471       -3.1096067457019015E-015  -2.3986968428767331E-028  -9.4921066094761673E-042   1.2322890224643186E-049   3.6801366969040058E-058   4.8270211123847841E-066   1.5753856603267007E-073   7.5424927377880308E-081
  -9.0139002258027930E+045  -1.1197956976130833E+055  -1.0638883647049838E+052  -3.2596476332916670E+042  -2.6762954890243175E+029  -515738676019829.38      -0.59787645772422715       -3.3457509288657310E-015  -2.6012665538934237E-028  -1.0381259158941999E-041   1.3598575369967993E-049   4.0991108574681758E-058   5.4280711356032559E-066   1.7887484108163847E-073   8.6477394320089015E-081
  -9.1043416441624433E+045  -1.1419439561941672E+055  -1.0955955103475478E+052  -3.3897094309934686E+042  -2.8099816152444359E+029  -546412877668039.69      -0.63848127720713277       -3.5998230144637904E-015  -2.8209414760653414E-028  -1.1353697323768610E-041   1.5006318231092281E-049   4.5657834273608893E-058   6.1039617864245521E-066   2.0310077691221721E-073   9.9149435484828982E-081
  -9.1956417066432930E+045  -1.1645283983927880E+055  -1.1282455963478138E+052  -3.5249530597637791E+042  -2.9503371256210898E+029  -578909346658913.12      -0.68184185408046538       -3.8731836716419703E-015  -3.0591658272611790E-028  -1.2417221948801553E-041   1.6559788926388667E-049   5.0855845739763505E-058   6.8640118464888111E-066   2.3060772893278159E-073   1.1367837371650076E-080
  -9.2878088039310968E+045  -1.1875575786907774E+055  -1.1618665972430489E+052  -3.6655846354790170E+042  -3.0976942912989730E+029  -613336206356007.75      -0.72814507748634849       -4.1672968066995246E-015  -3.3175057474570956E-028  -1.3580364494334046E-041   1.8274072610941006E-049   5.6645626439656661E-058   7.7187004106678124E-066   2.6184005447906612E-073   1.3033630749056187E-080
  -9.3808514029287446E+045  -1.2110402183101925E+055  -1.1964873152243376E+052  -3.8118184580350029E+042  -3.2524019130622139E+029  -649807987301602.62      -0.77759050106576910       -4.4837373932136847E-015  -3.5976595900865523E-028  -1.4852455460197614E-041   2.0165815946540060E-049   6.3094545363351257E-058   8.6798113595624224E-066   2.9730229087986851E-073   1.4943520665027320E-080
  -9.4747780474531733E+045  -1.2349852084421283E+055  -1.2321374045472826E+052  -3.9638773356656558E+042  -3.4148261423468850E+029  -688446006376902.88      -0.83039120045547843       -4.8241998958249929E-015  -3.9014690819435029E-028  -1.6243699217510763E-041   2.2253388732181931E-049   7.0277640865864133E-058   9.7605958202252824E-066   3.3756730563899659E-073   1.7133275482446749E-080
  -9.5695973589378409E+045  -1.2594016135374718E+055  -1.2688473966600952E+052  -4.1219929220861587E+042  -3.5853513429632600E+029  -729378768367679.50      -0.88677468879396859       -5.1905073326749710E-015  -4.2309314249295881E-028  -1.7765255848093050E-041   2.4557062264206004E-049   7.8278493738264051E-058   1.0975954854778425E-065   3.8328555038425624E-073   1.9643904793685339E-080
  -9.6653180371408083E+045  -1.2842986746607771E+055  -1.3066487260700690E+052  -4.2864060669665002E+042  -3.7643809955426936E+029  -772742391257313.38      -0.94698389415714435       -5.5846210248960244E-015  -4.5882124191192845E-028  -1.9429330647731314E-041   2.7099206157609966E-049   8.7190199665795517E-058   1.2342644895445937E-065   4.3519556806310351E-073   2.2522427424902559E-080
  -9.7619488608584603E+045  -1.3096858129084535E+055  -1.3455737569700467E+052  -4.4573671802611928E+042  -3.9523386468235358E+029  -818681056647087.50       -1.0112782031090286       -6.0086510852198351E-015  -4.9756606933218447E-028  -2.1249272010923917E-041   2.9904505539287595E-049   9.7116452386570256E-058   1.3879508758089900E-065   4.9413592310784905E-073   2.5822751976006345E-080
  -9.8594986886449169E+045  -1.3355726328924919E+055  -1.3856558106471150E+052  -4.6351366109416687E+042  -4.1496689059949208E+029  -867347486786023.12       -1.0799345748354117       -6.4648677017144181E-015  -5.3958231365893010E-028  -2.3239678481919945E-041   3.3000200721689341E-049   1.0817275015218809E-057   1.5607735418945820E-065   5.6105874727796173E-073   2.9606686385955518E-080
  -9.9579764595371685E+045  -1.3619689262909690E+055  -1.4269291936964113E+052  -4.8199850406993358E+042  -4.3568384904268485E+029  -918903449779856.25       -1.1532487306299850       -6.9557132769025627E-015  -5.8514616320034544E-028  -2.5416515830351936E-041   3.6416351683626079E-049   1.2048773952605687E-057   1.7551152135762126E-065   6.3704511998432491E-073   3.3945095429271260E-080
  -1.0057391193785973E+046  -1.3888846754665949E+055  -1.4694292270635957E+052  -5.0121938932096251E+042  -4.5743373232299593E+029  -973520294641185.25       -1.2315364238244733       -7.4838154870781233E-015  -6.3455712026234108E-028  -2.7797245090121673E-041   4.0186129925740171E-049   1.3420471215286155E-057   1.9736552940422698E-065   7.2332253153175443E-073   3.8919227819838310E-080
  -1.0157751993592558E+046  -1.4163300571545968E+055  -1.5131922759402211E+052  -5.2120557595705687E+042  -4.8026796852090350E+029  -1031379517940686.6       -1.3151347955979613       -8.0520013315458728E-015  -6.8813996887448537E-028  -3.0400962588082774E-041   4.4346140533892579E-049   1.4948327191216985E-057   2.2194068031517581E-065   8.2128471136030254E-073   4.4622237774196409E-080
  -1.0259068043851184E+046  -1.4443154462212479E+055  -1.5582557805369429E+052  -5.4198748405535768E+042  -5.0424054239008632E+029  -1092673363922914.8       -1.4044038224674724       -8.6633122467915113E-015  -7.4624690856737630E-028  -3.3248553085175778E-041   4.8936777576938905E-049   1.6650119185125588E-057   2.4957579159136371E-065   9.3251414156623387E-073   5.1160929528022095E-080
  -1.0361348612897570E+046  -1.4728514194943853E+055  -1.6046582877602372E+052  -5.6359674063291578E+042  -5.2940812225199064E+029  -1157605460059917.0       -1.4997278616534460       -9.3210203662691037E-015  -8.0925986821164648E-028  -3.6362857257780937E-041   5.4002616288936603E-049   1.8545648249992772E-057   2.8065186728162708E-065   1.0588076193570815E-072   5.8657757474569536E-080
  -1.0464603053263268E+046  -1.5019487596672731E+055  -1.6524394838190396E+052  -5.8606622743563595E+042  -5.5583019317746049E+029  -1226391490132046.0       -1.6015173009317594       -1.0028646012603899E-014  -8.7759301511064298E-028  -3.9768854862003596E-041   5.9592845842880644E-049   2.0656969562914019E-057   3.1559735059285897E-065   1.2022052813423915E-072   6.7253119380655898E-080
  -1.0568840802435998E+046  -1.5316184592772052E+055  -1.7016402277884877E+052  -6.0943013061518190E+042  -5.8356919676633460E+029  -1299259907048342.2       -1.7102103200301095       -1.0789976515581683E-014  -9.5169547582034269E-028  -4.3493865049317690E-041   6.5761746917070497E-049   2.3008649025406218E-057   3.5489403048643975E-065   1.3650235584780752E-072   7.7107985623977167E-080
  -1.0674071383625988E+046  -1.5618717247602579E+055  -1.7523025861587399E+052  -6.3372399236823990E+042  -6.1269067785125845E+029  -1376452687749066.2       -1.8262747711028218       -1.1609086456366637E-014  -1.0320542865596658E-027  -4.7567765439472008E-041   7.2569218689991254E-049   2.5628049073290465E-057   3.9908368368521920E-065   1.5498925939708078E-072   8.8406913687891727E-080
  -1.0780304406538380E+046  -1.5927199805836361E+055  -1.8044698683976536E+052  -6.5898476461546775E+042  -6.4326343846805758E+029  -1458226132670818.0       -1.9502101863265047       -1.2490359445995571E-014  -1.1191975925811485E-027  -5.2023231706912866E-041   8.0081360379365320E-049   2.8545647021068625E-057   4.4877554365275429E-065   1.7597987285350691E-072   1.0136150436413739E-079
  -1.0887549568151719E+046  -1.6241748734570780E+055  -1.8581866635569514E+052  -6.8525086480048899E+042  -6.7535969945190892E+029  -1544851712400646.0       -2.0825499212015814       -1.3438511554378081E-014  -1.2136981175057971E-027  -5.6895999601400571E-041   8.8371112970454608E-049   3.1795389644173751E-057   5.0465469950607552E-065   1.9981327392434790E-072   1.1621436438534242E-079
  -1.0995816653502570E+046  -1.6562482766248143E+055  -1.9134988779523544E+052  -7.1256223389245377E+042  -7.0905527003627102E+029  -1636616964300074.5       -2.2238634427239141       -1.4458616514832982E-014  -1.3161769253976092E-027  -6.2225151503312744E-041   9.7518967362903537E-049   3.5415088124014315E-057   5.6749154064205527E-065   2.2687446111429791E-072   1.3324364969253385E-079
  -1.1105115536476326E+046  -1.6889522942396043E+055  -1.9704537739490559E+052  -7.4096039667896681E+042  -7.4442972585012628E+029  -1733826442043586.8       -2.3747587722089514       -1.5556132838658275E-014  -1.4273075002743026E-027  -6.8053429810775958E-041   1.0761374581008068E-048   3.9446857950252436E-057   6.3815237727216865E-065   2.5760057263260825E-072   1.5276827441571414E-079
  -1.1215456180604215E+046  -1.7222992658204008E+055  -2.0291000098848134E+052  -7.7048852443959168E+042  -7.8156659572860214E+029  -1836802721189324.8       -2.5358850932106991       -1.6736932984415213E-014  -1.5478201698338550E-027  -7.4427579670824261E-041   1.1875346423625665E-048   4.3937608897717886E-057   7.1761138326975269E-065   2.9248794749520525E-072   1.7515388311156298E-079
  -1.1326848639866582E+046  -1.7563017707952199E+055  -2.0894876811638850E+052  -8.0119150009368630E+042  -8.2055355777250567E+029  -1945887464083140.2       -2.7079355356821542       -1.8007334737561048E-014  -1.6785069024351810E-027  -8.1398723801970821E-041   1.3104628380195160E-048   4.8939590777845161E-057   8.0696402596120936E-065   3.3210014287424361E-072   2.0081969809484801E-079
  -1.1439303059502459E+046  -1.7909726331308301E+055  -2.1516683625559871E+052  -8.3311598592000353E+042  -8.6148264511378317E+029  -2061442547591302.2       -2.8916501482756254       -1.9374134967847800E-014  -1.8202265088204596E-027  -8.9022772412783203E-041   1.4461156095401457E-048   5.4511001313305038E-057   9.0744216798917943E-065   3.7707703719258538E-072   2.3024637008682312E-079
  -1.1552829676825486E+046  -1.8263249260508950E+055  -2.2156951517354579E+052  -8.6631049394931816E+042  -9.0445046186645401E+029  -2183851257362707.5       -3.0878190714838034       -2.0844645944578923E-014  -1.9739102827223400E-027  -9.7360871502332251E-041   1.5958100615286501E-048   6.0716663207130722E-057   1.0204310494240606E-064   4.2814516599728040E-072   2.6398497919158996E-079
  -1.1667438822046214E+046  -1.8623719768442414E+055  -2.2816227140968177E+052  -9.0082545913531561E+042  -9.4955840976620580E+029  -2313519552539065.5       -3.2972859251789388       -2.2426734403449165E-014  -2.1405681173789054E-027  -1.0647989313599436E-040   1.7609996252410930E-048   6.7628778282516578E-057   1.1474883842180183E-064   4.8612945755747504E-072   3.0266735475189271E-079
  -1.1783140919100823E+046  -1.8991273717649523E+055  -2.3495073288839859E+052  -9.3671331541311251E+042  -9.9691292602664863E+029  -2450877405061921.5       -3.5209514250216620       -2.4128863573357996E-014  -2.3212951381017449E-027  -1.1645297162649031E-040   1.9432881684567651E-048   7.5327767465955506E-057   1.2903658342400708E-064   5.5196655773987238E-072   3.4701790733244248E-079
  -1.1899946486486326E+046  -1.9366049610260164E+055  -2.4194069366714794E+052  -9.7402857475906560E+042  -1.0466257329662461E+030  -2596380217969293.5       -3.7597772431867491       -2.5960138387361496E-014  -2.5172788944282249E-027  -1.2736008991793638E-040   2.1444455656599349E-048   8.3903206384905931E-057   1.4510331569036176E-064   6.2671995938402883E-072   3.9786719439406169E-079
  -1.2017866138102270E+046  -1.9748188638882998E+055  -2.4913811882370375E+052  -1.0128279093699939E+043  -1.0988140999872527E+030  -2750510327332927.0       -4.0147901298946120       -2.7930354118895658E-014  -2.7298071590602881E-027  -1.3928872087301173E-040   2.3664248796600136E-048   9.3454867463354539E-057   1.6317053592506157E-064   7.1159718054497273E-072   4.5616747368588174E-079
  -1.2136910584099002E+046  -2.0137834738466345E+055  -2.5654914948662601E+052  -1.0531702370845675E+043  -1.1536011185166294E+030  -2913778592760555.0       -4.2870863133488921       -3.0050048702655801E-014  -2.9602763847728773E-027  -1.5233452860333374E-040   2.6113813214175429E-048   1.0409388063740063E-056   1.8348732327974359E-064   8.0796926906256676E-072   5.2301053560339218E-079
  -1.2257090631732506E+046  -2.0535134639148535E+055  -2.6418010801310333E+052  -1.0951168101744382E+043  -1.2111159905489692E+030  -3086726081676957.5       -4.5778361968670254       -3.2330559019149226E-014  -3.2102008747914836E-027  -1.6660213546430350E-040   2.8816931721011653E-048   1.1594402619273992E-056   2.0633376900473919E-064   9.1739294849015384E-072   5.9964814843424900E-079
  -1.2378417186225898E+046  -2.0940237920116375E+055  -2.7203750331847067E+052  -1.1387313076376870E+043  -1.2714943314629974E+030  -3269925852904024.5       -4.8882893732569848       -3.4784081443055904E-014  -3.4812227268186534E-027  -1.8220596086189339E-040   3.1799848704442370E-048   1.2914317476271557E-056   2.3202483759763307E-064   1.0416357630761352E-071   6.8751549934044707E-079
  -1.2500901251637607E+046  -2.1353297064490739E+055  -2.8012803636182611E+052  -1.1840799311323699E+043  -1.3348784878162953E+030  -3463984845384382.0       -5.2197799778450369       -3.7423736978247005E-014  -3.7751226159642338E-027  -1.9927113859430916E-040   3.5091524894838325E-048   1.4384489123730561E-056   2.6091470867226769E-064   1.1827046279302076E-071   7.8825807002085711E-079
  -1.2624553931736245E+046  -2.1774467515258555E+055  -2.8845860579229621E+052  -1.2312315046933417E+043  -1.4014178708576049E+030  -3669545878236546.5       -5.5737324030019506       -4.0263641326744386E-014  -4.0938314873369160E-027  -2.1793452008078433E-040   3.8723918499533978E-048   1.6022022123993560E-056   2.9340165939741024E-064   1.3428782455033097E-071   9.0376245031254978E-079
  -1.2749386430882270E+046  -2.2203907732270943E+055  -2.9703631376063329E+052  -1.2802575783811559E+043  -1.4712693065324916E+030  -3887289768693084.0       -5.9516673985548385       -4.3318980265185374E-014  -4.4394432350213775E-027  -2.3834577151799125E-040   4.2732295431882939E-048   1.7845968095251399E-056   3.2993355480527489E-064   1.5247439119550948E-071   1.0361916667270100E-078
  -1.2875410054916445E+046  -2.2641779250327497E+055  -3.0586847190096234E+052  -1.3312325360176749E+043  -1.5445974027963399E+030  -4117937574858120.0       -6.3552085841151724       -4.6606090730626461E-014  -4.8142284506350654E-027  -2.6066857375719625E-040   4.7155571646391178E-048   1.9877547343428475E-056   3.7101402164865637E-064   1.7312393078834249E-071   1.1880256874589300E-078
  -1.3002636212055148E+046  -2.3088246738367223E+055  -3.1496260748763600E+052  -1.3842337071690793E+043  -1.6215749350887476E+030  -4362252970627934.0       -6.7860894011074855       -5.0142548047926440E-014  -5.2206493316738433E-027  -2.8508193451837332E-040   5.2036690902450069E-048   2.2140395721447723E-056   4.1720939090705876E-064   1.9656999483920048E-071   1.3621078623337099E-078
  -1.3131076413792562E+046  -2.3543478059786848E+055  -3.2432646977229927E+052  -1.4393414835432792E+043  -1.7023832508654253E+030  -4621044760549677.0       -7.2461605341553215       -5.3947259763656573E-014  -5.6613758474622923E-027  -3.1178162345761375E-040   5.7423041623004033E-048   2.4660839587295076E-056   4.6915650463674029E-064   2.2319130588749037E-071   1.5616981672899471E-078
  -1.3260742275809827E+046  -2.4007644333907746E+055  -3.3396803650641324E+052  -1.4966394399752580E+043  -1.7872126941278305E+030  -4895169542849826.0       -7.7373978334789788       -5.8040566586665427E-014  -6.1393032687722535E-027  -3.4098174158853740E-040   6.3366916893875101E-048   2.7468202059119678E-056   5.2757149477305834E-064   2.5341787466764650E-071   1.7905342504058304E-078
  -1.3391645518891123E+046  -2.4480919998613039E+055  -3.4389552065463900E+052  -1.5562144601806967E+043  -1.8762630509370482E+030  -5185534529347321.0       -8.2619107720920617       -6.2444350973266680E-014  -6.6575711761162959E-027  -3.7291643763490949E-040   6.9926022068110322E-048   3.0595144129618704E-056   5.9325965489007286E-064   2.8773794566179625E-071   2.0529014225590831E-078
  -1.3523797969846827E+046  -2.4963482874176861E+055  -3.5411737730464050E+052  -1.6181568674652830E+043  -1.9697440169469784E+030  -5493100531477985.0       -8.8219514738597855       -6.7182153935720472E-014  -7.2195840714197092E-027  -4.0784178506891493E-040   7.7164034901678942E-048   3.4078044607396675E-056   6.6712654098668178E-064   3.2670588321712556E-071   2.3537129032940662E-078
  -1.3657211562443685E+046  -2.5455514228308142E+055  -3.6464231077902432E+052  -1.6825605605844571E+043  -2.0678756880428377E+030  -5818885122198480.0       -9.4199243509110477       -7.2279300696458455E-014  -7.8290337282890206E-027  -4.4603783487696802E-040   8.5151223656606265E-048   3.7957423304574405E-056   7.5019045430822796E-064   3.7095112559652094E-071   2.6986018244927398E-078
  -1.3791898338342111E+046  -2.5957198842431757E+055  -3.7547928195530152E+052  -1.7495231549559768E+043  -2.1708890752244170E+030  -6163965984111418.0       -10.058396391488749       -7.7763035857592845E-014  -8.4899234274956079E-027  -4.8781086050285382E-040   9.3965129170136034E-048   4.2278412392902521E-056   8.4359647826098724E-064   4.2118835157859336E-071   3.0940267146036684E-078
  -1.3927870448040629E+046  -2.6468725079230187E+055  -3.8663751579992578E+052  -1.8191461294356048E+043  -2.2790266449296044E+030  -6529484454760218.0       -10.740108142089746       -8.3662668805900458E-014  -9.2065942366546304E-027  -5.3349581295767265E-040   1.0369131750921938E-047   4.7091281410858965E-056   9.4863226289673460E-064   4.7822902380622798E-071   3.5473924385972485E-078
  -1.4065140151827506E+046  -2.6990284951469410E+055  -3.9812650912263810E+052  -1.8915349788744683E+043  -2.3925428860524865E+030  -6916649280684823.0       -11.467985430698741       -9.0009730127952265E-014  -9.9837535064830422E-027  -5.8345900576983611E-040   1.1442421051455768E-047   5.2452022028192679E-056   1.0667457745308876E-063   5.4299449531759708E-071   4.0671888582117646E-078
  -1.4203719820739600E+046  -2.7522074192133009E+055  -4.0995603855752812E+052  -1.9667993726851918E+043  -2.5117049049720581E+030  -7326740592509531.0       -12.245151881072093       -9.6838139868658144E-014  -1.0826505770553721E-026  -6.3810105128970891E-040   1.2626800229422394E-047   5.8422999369373550E-056   1.1995652551424691E-063   6.1653089093918989E-071   4.6631498088521854E-078
  -1.4343621937528503E+046  -2.8064292325889120E+055  -4.2213616877740806E+052  -2.0450533196527982E+043  -2.6367930499722823E+030  -7761114114054205.0       -13.074942271390999       -1.0418438852952494E-013  -1.1740386251221010E-026  -6.9786007187716407E-040   1.3933767056088418E-047   6.5073677471502838E-056   1.3489216666605915E-063   7.0002600388453874E-071   5.3464353699139654E-078
  -1.4484859097634003E+046  -2.8617142741915135E+055  -4.3467726094828450E+052  -2.1264153392356140E+043  -2.7681015665021537E+030  -8221205619222236.0       -13.960916794193276       -1.1208773177071937E-013  -1.2731397191479372E-026  -7.6321521170243223E-040   1.5376009262692608E-047   7.2481427314430212E-056   1.5168739294900368E-063   7.9482848044784424E-071   6.1298408414499630E-078
  -1.4627444010164875E+046  -2.9180832768105547E+055  -4.4758998143091248E+052  -2.2110086396110134E+043  -2.9059392847956527E+030  -8708535651225441.0       -14.906876278324102       -1.2059039985394537E-013  -1.3806047251043280E-026  -8.3469047729882419E-040   1.6967527688730697E-047   8.0732426821139064E-056   1.7057373031397800E-063   9.0246960263418782E-071   7.0280363401456966E-078
  -1.4771389498887103E+046  -2.9755573746688948E+055  -4.6088531073661478E+052  -2.2989613027308092E+043  -3.0506303414462007E+030  -9224714519560046.0       -15.916878437734729       -1.2973782294157502E-013  -1.4971394225024355E-026  -9.1285893763945644E-040   1.8723772174050398E-047   8.9922663296067187E-056   1.9181153001236754E-063   1.0246880205241957E-070   8.0578415008788836E-078
  -1.4916708503219542E+046  -3.0341581111280439E+055  -4.7457455274475928E+052  -2.3904064766614602E+043  -3.2025149366086252E+030  -9771447591051892.0       -16.995255216321798       -1.3957887345183024E-013  -1.6235091365362564E-026  -9.9834731739011745E-040   2.0661791513445905E-047   1.0015904996036289E-055   2.1569355729987810E-063   1.1634578338084083E-070   9.2385404274472632E-078
  -1.5063414079237043E+046  -3.0939074465396404E+055  -4.8866934418950030E+052  -2.4854825754950406E+043  -3.3619501285838734E+030  -10350540892245936.       -18.146631302656839       -1.5016612676054581E-013  -1.7605437608784689E-026  -1.0918410201399136E-039   2.2800398928885362E-047   1.1156066956998869E-055   2.4254902691649905E-063   1.3210204760144786E-070   1.0592242789660670E-077
  -1.5211519400681136E+046  -3.1548277662458892E+055  -5.0318166442360899E+052  -2.5843334871280864E+043  -3.5293106676279876E+030  -10963907041427960.       -19.375943893425450       -1.6155614163763567E-013  -1.9091432040669879E-026  -1.1940896218555697E-039   2.5160354665065557E-047   1.2426015958050674E-055   2.7274814096243720E-063   1.4999209163620913E-070   1.2144297828018574E-077
  -1.5361037759978260E+046  -3.2169418887317569E+055  -5.1812384546744492E+052  -2.6871087892170789E+043  -3.7049898709173501E+030  -11613571529638606.       -20.688463789699682       -1.7380976191135066E-013  -2.0702832951966712E-026  -1.3059128785717832E-039   2.7764567480126195E-047   1.3840525496849382E-055   3.0670719171383977E-063   1.7030487639078451E-070   1.3923769017809315E-077
  -1.5511982569265616E+046  -3.2802730739317533E+055  -5.3350858235135216E+052  -2.7939639736313816E+043  -3.8894005406971333E+030  -12301679371174744.       -22.089817915827659       -1.8699244096631504E-013  -2.2450221876410322E-026  -1.4282072964490107E-039   3.0638316986682603E-047   1.5416050665298174E-055   3.4489429970802088E-063   1.9336849378112326E-070   1.5963978280218705E-077
  -1.5664367361424671E+046  -3.3448450316941902E+055  -5.4934894376000402E+052  -2.9050606797370059E+043  -4.0829759277394844E+030  -13030502145274456.       -23.586013356765271       -2.0117459080275915E-013  -2.4345073027929290E-026  -1.5619533168344689E-039   3.3809499000629153E-047   1.7170919550241765E-055   3.8783586618301342E-063   2.1955546574416946E-070   1.8303129930186962E-077
  -1.5818205791122370E+046  -3.4106819304058529E+055  -5.6565838298746591E+052  -3.0205669368576101E+043  -4.2861707423424310E+030  -13802445451953470.       -25.183463016121642       -2.1643195751497169E-013  -2.6399828593523482E-026  -1.7082231738880301E-039   3.7308896278387914E-047   1.9125546418713228E-055   4.3612382880122743E-063   2.4928876081070180E-070   2.0985026043683240E-077
  -1.5973511635860057E+046  -3.4778084057800890E+055  -5.8245074921199847E+052  -3.1406574162726824E+043  -4.4994622152100832E+030  -14620056806306844.       -26.889013004069966       -2.3284602518746959E-013  -2.8627980375267810E-026  -1.8681894877214964E-039   4.1170477269593128E-047   2.1302669167063758E-055   4.9042382065747479E-063   2.8304862540631368E-070   2.4059886638726556E-077
  -1.6130298797030206E+046  -3.5462495698113563E+055  -5.9974029909988278E+052  -3.2655136931269277E+043  -4.7233512106696545E+030  -15486033997014264.       -28.709971871617544       -2.5050445035847191E-013  -3.1044158316704003E-026  -2.0431346618906020E-039   4.5431725784001430E-047   2.3727613795470466E-055   5.5148434502015955E-063   3.2138034020358466E-070   2.7585290026916192E-077
  -1.6288581300980950E+046  -3.6160310198993375E+055  -6.1754170874782090E+052  -3.3953245186394953E+043  -4.9583633948014072E+030  -16403233936295322.       -30.654141815564170       -2.6950152936276728E-013  -3.3664226493995497E-026  -2.2344611605211347E-039   5.0134004771335749E-047   2.6428588983590221E-055   6.2014709225257728E-063   3.6490302678705916E-070   3.1627250942183781E-077
  -1.6448373300088486E+046  -3.6871788481457817E+055  -6.3587008597373583E+052  -3.5302861030168793E+043  -5.2050504611841124E+030  -17374682030157190.       -32.729851986839883       -2.8993870104084492E-013  -3.6505387201134506E-026  -2.4437027473953934E-039   5.5322957743717108E-047   2.9437014193164621E-055   6.9735854110189416E-063   4.1431964685395029E-070   3.6261456633065713E-077
  -1.6609689073837384E+046  -3.7597196508272987E+055  -6.5474098296608139E+052  -3.6706024094890900E+043  -5.4639914170913037E+030  -18403582099466532.       -34.945994043836357       -3.1192508748914387E-013  -3.9586293811525649E-026  -2.6725367770291564E-039   6.1048951735522169E-047   3.2787885113251884E-055   7.8418300424339393E-063   4.7042835543140405E-070   4.1574684062312111E-077
  -1.6772543029908823E+046  -3.8336805380473751E+055  -6.7417040930206287E+052  -3.8164854599051011E+043  -5.7357939331127668E+030  -19493326884165628.       -37.312060101868894       -3.3557807572845836E-013  -4.2927173155774040E-026  -2.9227976361941341E-039   6.7367566098467250E-047   3.6520180697998723E-055   8.8181729787086576E-063   5.3413539145665185E-070   4.7666424748466093E-077
  -1.6936949705276836E+046  -3.9090891435709611E+055  -6.9417484534546908E+052  -3.9681556523406002E+043  -6.0210957593217067E+030  -20647509164845340.       -39.838183240068219       -3.6102394338499662E-013  -4.6549958217854209E-026  -3.1964914435538982E-039   7.4340131874369744E-047   4.0677316530517251E-055   9.9160723750482551E-063   6.0646971389250807E-070   5.4650747671644678E-077
  -1.7102923767312566E+046  -3.9859736348450178E+055  -7.1477125603512633E+052  -4.1258420911887610E+043  -6.3205662112611735E+030  -21869933537890824.       -42.535180737845636       -3.8839853171247131E-013  -5.0478432019437106E-026  -3.4958121251563174E-039   8.2034326978687507E-047   4.5307649785122350E-055   1.1150661873569891E-062   6.8859961973830062E-070   6.2658435122911015E-077
  -1.7270480014896586E+046  -4.0643627232084897E+055  -7.3597710507529872E+052  -4.2897829302231553E+043  -6.6349077291839464E+030  -23164628882536148.       -45.414600224648026       -4.1784796953514871E-013  -5.4738383635448710E-026  -3.8231589945431595E-039   9.0524832969343783E-047   5.0465041660175201E-055   1.2538959188888216E-062   7.8185161230059263E-070   7.1839431486789079E-077
  -1.7439633379539336E+046  -4.1442856742952331E+055  -7.5781036953969058E+052  -4.4602257291409977E+043  -6.9648575141485660E+030  -24535861560408172.       -48.488768939068464       -4.4952945196233009E-013  -5.9357777363404734E-026  -4.1811559782859633E-039   9.9894059772760775E-047   5.6209483822045714E-055   1.4100100660240010E-062   8.8773182442572559E-070   8.2365650805303585E-077
  -1.7610398926509707E+046  -4.2257723186334733E+055  -7.8028955490103655E+052  -4.6374278241147668E+043  -7.3111892447509591E+030  -25988149390515332.       -51.770846306557196       -4.8361207801571692E-013  -6.4366936155231420E-026  -4.5726726409329607E-039   1.1023294539824118E-046   6.2607796145017953E-055   1.5855605002577287E-062   1.0079503426540152E-069   9.4434195689111543E-077
  -1.7782791855971802E+046  -4.3088530624454615E+055  -8.0343371049861469E+052  -4.8216567129008639E+043  -7.6747148784564585E+030  -27526276445150908.       -55.274880059040733       -5.2027775162406522E-013  -6.9798740513706756E-026  -5.0008471777601435E-039   1.2164183839924807E-046   6.9734403860972060E-055   1.7829669891430064E-062   1.1444488250995226E-069   1.0827104784257861E-076
  -1.7956827504129937E+046  -4.3935588986510402E+055  -8.2726244545637197E+052  -5.0131904550753656E+043  -8.0562865416914589E+030  -29155308714841196.       -59.015866134764188       -5.5972215077611947E-013  -7.5688844156950479E-026  -5.4691115594758666E-039   1.3423147164279128E-046   7.7672203156020835E-055   2.0049505468797118E-062   1.2994318590460687E-069   1.2413529929921444E-076
  -1.8132521344381895E+046  -4.4799214180789037E+055  -8.5179594506471423E+052  -5.2123180879891954E+043  -8.4567985130579433E+030  -30880610693285212.       -63.009812612686098       -6.0215576998481931E-013  -8.2075907864217531E-026  -5.9812190302587433E-039   1.4812403683381852E-046   8.6513525279693413E-055   2.2545709366099186E-062   1.4754025646383093E-069   1.4232400358701169E-076
  -1.8309888988480491E+046  -4.5679728208894243E+055  -8.7705498763939201E+052  -5.4193400590581284E+043  -8.8771893042480137E+030  -32707862936213056.       -67.273807952844180       -6.4780504160510533E-013  -8.9001853035327101E-026  -6.5412741793508525E-039   1.6345437021881724E-046   9.6361210377696227E-055   2.5352688412334360E-062   1.6752030196112872E-069   1.6317773764943987E-076
  -1.8488946187703497E+046  -4.6577459282129529E+055  -9.0306096187129728E+052  -5.6345686750270564E+043  -9.3184438434599426E+030  -34643080651244808.       -71.826093832346004       -6.9691354196638335E-013  -9.6512136625166838E-026  -7.1537658270332675E-039   1.8037126097123838E-046   1.0732980353506086E-054   2.8509132838892189E-062   1.9020601578499342E-069   1.8708697865440034E-076
  -1.8669708834031921E+046  -4.7492741940076015E+055  -9.2983588468138538E+052  -5.8583285688728893E+043  -9.7815957663526488E+030  -36692633379170392.       -76.686142886097699       -7.4974328873105051E-013  -1.0465604925469329E-025  -7.8236029883434776E-039   1.9903889495130929E-046   1.1954688693743642E-054   3.2058549515874703E-062   2.1596378829584686E-069   2.1449941507945052E-076
  -1.8852192961336730E+046  -4.8425917171405735E+055  -9.5740241959534404E+052  -6.0909571850363626E+043  -1.0267729819822338E+031  -38863265830604592.       -81.874741682148581       -8.0657613637483078E-013  -1.1348703845162164E-025  -8.5561542025346941E-039   2.1963844784585062E-046   1.3315456364092191E-054   3.6049861568205895E-062   2.4520962383755500E-069   2.4592832895264733E-076
  -1.9036414746574023E+046  -4.9377332536971940E+055  -9.8578389565305096E+052  -6.3328052836999611E+043  -1.0777984384143980E+031  -41162119945711016.       -87.414079283687045       -8.6771527720557488E-013  -1.2306305913855208E-025  -9.3572905432224582E-039   2.4236984314258000E-046   1.4831111020355595E-054   4.0538082634493281E-062   2.7841585895147810E-069   2.8196220618187081E-076
  -1.9222390510988713E+046  -5.0347342295218424E+055  -1.0150043268682981E+053  -6.5842374648570961E+043  -1.1313554119291871E+031  -43596758248646912.       -93.327841773366657       -9.3348685589740830E-013  -1.3344695366469346E-025  -1.0233432653630011E-038   2.6745369199212331E-046   1.6519281739487969E-054   4.5585075060137575E-062   3.1611879027812780E-069   3.2327575489686486E-076
  -1.9410136721326732E+046  -5.1336307529951061E+055  -1.0450884322546979E+053  -6.8456327129467496E+043  -1.1875692741538373E+031  -46175188572569648.       -99.641313140871333       -1.0042417061196291E-012  -1.4470686387078404E-025  -1.1191602183566253E-038   2.9513343377506248E-046   1.8399604038668297E-054   5.1260402472740010E-062   3.5892733532023406E-069   3.7064253808786131E-076
  -1.9599669991055822E+046  -5.2344596280515029E+055  -1.0760616564341525E+053  -7.1173849628579459E+043  -1.2465715936728697E+031  -48905890235478712.       -106.38148296154942       -1.0803572184877497E-012  -1.5691667788653848E-025  -1.2239478040006603E-038   3.2567769813792951E-046   2.0493948226355308E-054   5.7642288488364964E-062   4.0753286591852328E-069   4.2494945704597754E-076
  -1.9791007081594923E+046  -5.3372583674422446E+055  -1.1079501908447317E+053  -7.3999036881397870E+043  -1.3085004416942896E+031  -51797841751859152.       -113.57716132267366       -1.1622393497609811E-012  -1.7015651458734191E-025  -1.3385457901679595E-038   3.5938291140998437E-046   2.2826673740447902E-054   6.4818694759595390E-062   4.6272037322702965E-069   4.8721335675931346E-076
  -1.9984164903552209E+046  -5.4420652062475628E+055  -1.1407809955652920E+053  -7.6936145122853192E+043  -1.3735007127584958E+031  -54860550170057528.       -121.25910148453643       -1.2503247839599519E-012  -1.8451324888345263E-025  -1.4638725490198834E-038   3.9657617268271164E-046   2.5424912430805124E-054   7.2888533220717053E-062   5.2538114447401941E-069   5.5860006414342301E-076
  -2.0179160517971826E+046  -5.5489191156432132E+055  -1.1745818217746621E+053  -7.9989598439913363E+043  -1.4417244612283523E+031  -58104082130576560.       -129.46013079629790       -1.3450832568845160E-012  -2.0008108128227593E-025  -1.6009324136358040E-038   4.3761842744921515E-046   2.8318884079885603E-054   8.1963029234438648E-062   5.9652715620469537E-069   6.4044621552920644E-076
  -2.0376011137589318E+046  -5.6578598169258614E+055  -1.2093812348637426E+053  -8.3163995373313628E+043  -1.5133312543350315E+031  -61539096746035744.       -138.21529042140497       -1.4470200563783877E-012  -2.1696215545408114E-025  -1.7508237230594945E-038   4.8290796958643636E-046   3.1542247830060714E-054   9.2167254423772576E-062   6.7730741641686299E-069   7.3428428204779954E-076
  -2.0574734128095836E+046  -5.7689277958021200E+055  -1.2452086382193796E+053  -8.6464115778155530E+043  -1.5884885425921529E+031  -65176880409430928.       -147.56198446463878       -1.5566787116196432E-012  -2.3526722784574710E-025  -1.9147476201730838E-038   5.3288430564734355E-046   3.5132493603594629E-054   1.0364185031070911E-061   7.6902651946811179E-069   8.4187126141816568E-076
  -2.0775347009411114E+046  -5.8821643169461298E+055  -1.2820942976994250E+053  -8.9894927953491612E+043  -1.6673720484305104E+031  -69029383643554072.       -157.54013913258456       -1.6746438857187730E-012  -2.5511639372778999E-025  -2.0940176728347259E-038   5.8803241894380602E-046   3.9131378066219895E-054   1.1654496651232317E-061   8.7316571336082223E-069   9.6522157327942342E-076
  -2.0977867456965285E+046  -5.9976114388306032E+055  -1.3200693668189479E+053  -9.3461596051406129E+043  -1.7501661739473865E+031  -73109260111026048.       -168.19237260171607       -1.8015444869842632E-012  -2.7663987442928122E-025  -2.2900703953051742E-038   6.4888747477783777E-046   4.3585410203072617E-054   1.3105444020117655E-061   9.9140681957623598E-069   1.1066447739012530E-075
  -2.1182313302989544E+046  -6.1153120288364147E+055  -1.3591659126681324E+053  -9.7169487776511305E+043  -1.8370644287082006E+031  -77429907911370848.       -179.56417631352747       -1.9380570153753325E-012  -2.9997887091571492E-025  -2.5044767541937433E-038   7.1604001245685447E-046   4.8546392152505678E-054   1.4737024686104107E-061   1.1256593916858023E-068   1.2687887963249751E-075
  -2.1388702537815701E+046  -6.2353097786458523E+055  -1.3994169425829917E+053  -1.0102418238720356E+044  -1.9282698785841094E+031  -82005513298941456.       -191.70410846441561       -2.0849091619085830E-012  -3.2528648929904939E-025  -2.7389547510333406E-038   7.9014167444899729E-046   5.4072021585674609E-054   1.6571725610686515E-061   1.2780915512605725E-068   1.4546895254238439E-075
  -2.1597053311184674E+046  -6.3576492199247609E+055  -1.4408564315906282E+053  -1.0503147901046544E+044  -2.0239956166572939E+031  -86851096963319792.       -204.66400050952234       -2.2428836801265317E-012  -3.5272874433986855E-025  -2.9953831822103380E-038   8.7191152824320441E-046   6.0226562635254278E-054   1.8634833054102650E-061   1.4511649989717525E-068   1.6678276359598513E-075
  -2.1807383933563926E+046  -6.4823757402989025E+055  -1.4835193506513937E+053  -1.0919740528245786E+044  -2.1244652572761305E+031  -91982563022079664.       -218.49917755470071       -2.4128225501783787E-012  -3.8248564751195539E-025  -3.2758166863969578E-038   9.6214304222602860E-046   6.7081593173511144E-054   2.0954781034415768E-061   1.6476747661860979E-068   1.9121937576756461E-075
  -2.2019712877473901E+046  -6.6095355996299553E+055  -1.5274416957209463E+053  -1.1352822632762295E+044  -2.2299134543953612E+031  -97416750884550784.       -233.26869356940699       -2.5956314576145384E-012  -4.1475238675288223E-025  -3.5825021999369144E-038   1.0617117832289289E-045   7.4716837127485388E-054   2.3563543161330415E-061   1.8707943488969101E-068   2.1923631873389189E-075
  -2.2234058778823471E+046  -6.7391759465966550E+055  -1.5726605176558583E+053  -1.1803045408951329E+044  -2.3405864453918775E+031  -1.0317149015447893E+017  -249.03558241588323       -2.7922846106646402E-012  -4.4974060562411419E-025  -3.9178969519016346E-038   1.1715839103973645E-045   8.3221091507545557E-054   2.6497073243608090E-061   2.1241269527304775E-068   2.5135815463704721E-075
  -2.2450440438254444E+046  -6.8713448355867083E+055  -1.6192139529871027E+053  -1.2271085702707641E+044  -2.4567426216049495E+031  -1.0926565874927480E+017  -265.86712575675017       -3.0038299215626894E-012  -4.8767979025451070E-025  -4.2846881428546484E-038   1.2928255477543150E-045   9.2693258926551304E-054   2.9795800740915355E-061   2.4117636764317457E-068   2.8818629875812551E-075
  -2.2668876822495171E+046  -7.0060912439051786E+055  -1.6671412555864508E+053  -1.2757647019065795E+044  -2.5786531269107558E+031  -1.1571924442391077E+017  -283.83513897435387       -3.2313945794123553E-012  -5.2881877314624923E-025  -4.6858144648341002E-038   1.4266131263506791E-045   1.0324349761309419E-053   3.3505187886534130E-061   2.7383495732544873E-068   3.3041027894529677E-075
  -2.2889387065723217E+046  -7.1434650893051734E+055  -1.7164828292515190E+053  -1.3263460569254055E+044  -2.7066024857051080E+031  -1.2255340989849549E+017  -303.01627631120272       -3.4761910441601285E-012  -5.7342736368668601E-025  -5.1244896347956108E-038   1.5742447962959398E-045   1.1499450228802980E-053   3.7676356157000253E-061   3.1091586568686232E-068   3.7882064457182496E-075
  -2.3111990470937237E+046  -7.2835172478467388E+055  -1.7672802612359502E+053  -1.3789286358741224E+044  -2.8408892617353799E+031  -1.2979056180016523E+017  -323.49235652191180       -3.7395234934752932E-012  -6.2179811603851147E-025  -5.6042281298676263E-038   1.7371530193356283E-045   1.2808293079464011E-053   4.2366790720115126E-061   3.5301790628037165E-068   4.3432376667708869E-075
  -2.3336706511337976E+046  -7.4262995720900112E+055  -1.8195763567519651E+053  -1.4335914317875542E+044  -2.9818267492930731E+031  -1.3745442364221510E+017  -345.35071041358128       -4.0227947567351295E-012  -6.7424824597915952E-025  -6.1288733303877758E-038   1.9169184640880173E-045   1.4266099306694662E-053   4.7641132567055717E-061   4.0082097404041097E-068   4.9795880634431255E-075
  -2.3563554831718502E+046  -7.5718649096287332E+055  -1.8734151744733008E+053  -1.4904165476776945E+044  -3.1297436983522770E+031  -1.4557011307639274E+017  -368.68455174383286       -4.3275137728940997E-012  -7.3112170923466668E-025  -6.7026282959524479E-038   2.1152853386820346E-045   1.5889822090762203E-053   5.3572069242287545E-061   4.5509702364242852E-068   5.7091716895519746E-075
  -2.3792555249863656E+046  -7.7202671219704050E+055  -1.9288420630673523E+053  -1.5494893186208506E+044  -3.2849850753167155E+031  -1.5416422366803216E+017  -393.59337304420740       -4.6553036117907098E-012  -7.9279145490940680E-025  -7.3300894207767697E-038   2.3341783094740126E-045   1.7698343914854449E-053   6.0241336443301705E-061   5.1672253427476973E-068   6.5456480849356093E-075
  -2.4023727757958750E+046  -7.8715611037694033E+055  -1.9859036987861636E+053  -1.6108984386219874E+044  -3.4479128611192711E+031  -1.6326491145826077E+017  -420.18336804169110       -5.0079101014297933E-012  -8.5966186875825045E-025  -8.0162832376968776E-038   2.5757211698976244E-045   1.9712696110772699E-053   6.7740844289559703E-061   5.8669266206802019E-068   7.5046779941838139E-075
  -2.4257092524007548E+046  -8.0258028024195513E+055  -2.0446481241467502E+053  -1.6747360924425190E+044  -3.6189068885030304E+031  -1.7290198659291478E+017  -448.56788246323742       -5.3872111069870446E-012  -9.3217142228919044E-025  -8.7667066653348788E-038   2.8422574404681945E-045   2.1956303386333031E-053   7.6173943777475242E-061   6.6613730867237586E-068   8.6042165478975062E-075
  -2.4492669893259576E+046  -8.1830492380127248E+055  -2.1051247877321181E+053  -1.7410980925850226E+044  -3.7983657204021945E+031  -1.8310701031409491E+017  -478.86789512774845       -5.7952265107335386E-012  -1.0107955450304494E-024  -9.5873710204906336E-038   3.1363730996839533E-045   2.4455256176902610E-053   8.5656850869445277E-061   7.5633936540751496E-068   9.8648493945391552E-075
  -2.4730480389646730E+046  -8.3433585236701861E+055  -2.1673845851452312E+053  -1.8100840216358656E+044  -3.9867075714348396E+031  -1.9391339762754000E+017  -511.21253135757860       -6.2341289457890323E-012  -1.0960497387553177E-024  -1.0484850147943524E-037   3.4609216662240937E-045   2.7238613986885054E-053   9.6320247836461370E-061   8.5875542753111145E-068   1.1310178074882306E-074
  -2.4970544717229270E+046  -8.5067898862534728E+055  -2.2314799011491025E+053  -1.8817973801745271E+044  -4.1843712746177095E+031  -2.0535652597724266E+017  -545.73961087775899       -6.7062553406036001E-012  -1.1884929540400060E-024  -1.1466333052782540E-037   3.8190518756369046E-045   3.0338743247145656E-053   1.0831108391559490E-060   9.7503931304846685E-068   1.2967261852780933E-074
  -2.5212883761651161E+046  -8.6734036874617854E+055  -2.2974646530271358E+053  -1.9563457404665114E+044  -4.3918172955162031E+031  -2.1747385027803936E+017  -582.59623251638027       -7.2141193353586172E-012  -1.2887312512449430E-024  -1.2539681456397454E-037   4.2142382198615906E-045   3.3791693615518109E-053   1.2179460008928497E-060   1.1070687657603760E-067   1.4867124272708221E-074
  -2.5457518591604861E+046  -8.8432614453229317E+055  -2.3653943351988104E+053  -2.0338409061651488E+044  -4.6095287961507002E+031  -2.3030502467733728E+017  -621.93939817452565       -7.7604246360930571E-012  -1.3974217698694212E-024  -1.3713492736645496E-037   4.6503146456783867E-045   3.7637617094319785E-053   1.3695660588067972E-060   1.2569757736500542E-067   1.7045333926036647E-074
  -2.5704470460305491E+046  -9.0164258560850290E+055  -2.4353260651268088E+053  -2.1143990782563329E+044  -4.8380127510936025E+031  -2.4389203143875638E+017  -663.93667869946330       -8.3480793773236935E-012  -1.5152770322454208E-024  -1.4997168755771449E-037   5.1315117388020620E-045   4.1921234836414263E-053   1.5400603953081047E-060   1.4271809920724271E-067   1.9542670297020785E-074
  -2.5953760806974477E+046  -9.1929608165162704E+055  -2.5073186305527153E+053  -2.1981410274893129E+044  -5.0778011183102211E+031  -2.5827931736333914E+017  -708.76692447117580       -8.9802115692644131E-012  -1.6430696097219744E-024  -1.6400991126748622E-037   5.6624977541205952E-045   4.6692357065578196E-053   1.7317784682692187E-060   1.6204328274722966E-067   2.2405887151895858E-074
  -2.6205411258332639E+046  -9.3729314466202143E+055  -2.5814325380994705E+053  -2.2851922735460877E+044  -5.3294520674211330E+031  -2.7351393818818032E+017  -756.62102370046728       -9.6601857114885041E-012  -1.7816371818608584E-024  -1.7936203520200046E-037   6.2484238898610026E-045   5.2006462154194087E-053   1.9473621824059964E-060   1.8398518125913703E-067   2.5688587760221144E-074
  -2.6459443630102788E+046  -9.5564041127741776E+055  -2.6577300632798556E+053  -2.3756832712117389E+044  -5.5935512681942217E+031  -2.8964571142793690E+017  -807.70271163762902       -1.0391620661048835E-011  -1.9318880217331520E-024  -1.9615101670364948E-037   6.8949742445991780E-045   5.7925341588772324E-053   2.1897822896987910E-060   2.0889809895421186E-067   2.9452228330745660E-074
  -2.6715879928521781E+046  -9.7434464512984347E+055  -2.7362753019514045E+053  -2.4697496038182116E+044  -5.8707132422114993E+031  -3.0672737815177152E+017  -862.22943410480480       -1.1178408849706754E-011  -2.0948069431910669E-024  -2.1451131800144932E-037   7.6084209414187178E-045   6.4517818319491394E-053   2.4623793202924926E-060   2.3718431141075467E-067   3.3767268443825575E-074
  -2.6974742351862159E+046  -9.9341273924640836E+055  -2.8171342232592834E+053  -2.5675321842446096E+044  -6.1615827807993993E+031  -3.2481477421695021E+017  -920.43326899366662       -1.2024736952056332E-011  -2.2714617490085848E-024  -2.3458998252589416E-037   8.3956849536046725E-045   7.1860546842729922E-053   2.7689096077181824E-060   2.6930056047354757E-067   3.8714490013688790E-074
  -2.7236053291963270E+046  -1.0128517184947564E+056  -2.9003747241098676E+053  -2.6691774637680394E+044  -6.4668364324617347E+031  -3.4396701151064563E+017  -982.56190961375728       -1.2935108114003909E-011  -2.4630102220575593E-024  -2.5654781189798453E-037   9.2644032215172159E-045   8.0038904315354917E-053   3.1135970424480851E-060   3.0576542847108983E-067   4.4386509468108694E-074
  -2.7499835335771956E+046  -1.0326687420739965E+056  -2.9860666852189589E+053  -2.7748376490704289E+044  -6.7871840632124005E+031  -3.6424666978358842E+017  -1048.8797140368802       -1.3914365859314152E-011  -2.6707077052343705E-024  -2.8056065300721594E-037   1.0223002711262575E-044   8.9147983057360781E-053   3.5011912666963427E-060   3.4716771079280737E-067   5.0889511449345002E-074
  -2.7766111266892824E+046  -1.0528711060519385E+056  -3.0742820287798447E+053  -2.8846709277185797E+044  -7.1233704933703720E+031  -3.8571999969316339E+017  -1119.6688248603209       -1.4967719800806562E-011  -2.8959153196991431E-024  -3.0682080547356587E-037   1.1280782133054929E-044   9.9293695977611072E-053   3.9370331120972920E-060   3.9417592198359743E-067   5.8345236486208883E-074
  -2.8034904067148070E+046  -1.0734662459494783E+056  -3.1650947777976713E+053  -2.9988417024469898E+044  -7.4761772145531418E+031  -4.0845713770947187E+017  -1195.2303641076203       -1.6100773292327242E-011  -3.1401088751600273E-024  -3.3553856075105288E-037   1.2448002111394914E-044   1.1059400776960664E-052   4.4271281816520812E-060   4.4754908880972879E-067   6.6893259840398004E-074
  -2.8306236918146932E+046  -1.0944617393729852E+056  -3.2585811171379398E+053  -3.1175208345857497E+044  -7.8464241907866789E+031  -4.3253233357588781E+017  -1275.8857083013186       -1.7319553167880197E-011  -3.4048885304563092E-024  -3.6694388518294374E-037   1.3735984681096968E-044   1.2318030618563045E-052   4.9782295895072988E-060   5.0814900452352399E-067   7.6693604179774341E-074
  -2.8580133202864712E+046  -1.1158653086955687E+056  -3.3548194563382890E+053  -3.2408858969890647E+044  -8.2349717478408244E+031  -4.5802419105584973E+017  -1361.9778490788797       -1.8630541725334268E-011  -3.6919892675956439E-024  -4.0128826046956717E-037   1.5157223073572374E-044   1.3719892932527791E-052   5.5979309982604242E-060   5.7695414213965052E-067   8.7929734979000799E-074
  -2.8856616507231423E+046  -1.1376848237881078E+056  -3.4538904942341233E+053  -3.3691214368337098E+044  -8.6427225550990874E+031  -4.8501592274017504E+017  -1453.8728450822882       -2.0040711123984447E-011  -4.0032922477144575E-024  -4.3884669626814434E-037   1.6725502857492652E-044   1.5281286668717696E-052   6.2947712353131168E-060   6.5507545131386894E-067   1.0081199471082445E-073
  -2.9135710621730055E+046  -1.1599283048009463E+056  -3.5558772854500875E+053  -3.5024192486710236E+044  -9.0706237044815910E+031  -5.1359561973419546E+017  -1551.9613712350788       -2.1557560378001954E-011  -4.3408371231912173E-024  -4.7991993102011894E-037   1.8456035607985050E-044   1.7020365375169158E-052   7.0783519292674663E-060   7.4377429381786574E-067   1.1558154010333144E-073
  -2.9417439543004472E+046  -1.1826039249971753E+056  -3.6608653088108575E+053  -3.6409786581308821E+044  -9.5196688911598511E+031  -5.4385653709163392E+017  -1656.6603719294242       -2.3189155141523468E-011  -4.7068353863873349E-024  -5.2483683860615740E-037   2.0365606399913411E-044   1.8957348211103561E-052   7.9594697866782071E-060   8.4448280712197270E-067   1.3251485615336811E-073
  -2.9701827475476977E+046  -1.2057200136384351E+056  -3.7689425377262512E+053  -3.7850068166915054E+044  -9.9909007010327207E+031  -5.7589739591252659E+017  -1768.4148250820667       -2.4944170495878408E-011  -5.1036848422607302E-024  -5.7395706007430407E-037   2.2472736554749918E-044   2.1114754966761841E-052   8.9502653311045225E-060   9.5882702478817682E-067   1.5192893138019650E-073
  -2.9988898832975463E+046  -1.2292850589241873E+056  -3.8801995126072043E+053  -3.9347190079449566E+044  -1.0485413010174568E+032  -6.0982270307579494E+017  -1887.6996244831507       -2.6831936965311874E-011  -5.5339852994366224E-024  -6.2767388148586233E-037   2.4797863218342919E-044   2.3517667821068754E-052   1.0064390153124612E-059   1.0886531268712804E-066   1.7418719117830794E-073
  -3.0278678240370260E+046  -1.2533077109854285E+056  -3.9947294153707867E+053  -4.0903389658048136E+044  -1.1004353501720365E+032  -6.4574308963346726E+017  -2015.0215883583426       -2.8862490004613122E-011  -6.0005555822768320E-024  -6.8641738089079312E-037   2.7363537509964767E-044   2.6194022878782045E-052   1.1317194974906294E-059   1.2360572440444158E-066   1.9970630031570729E-073
  -3.0571190535220591E+046  -1.2777967849338275E+056  -4.1126281460940559E+053  -4.2520992051197499E+044  -1.1548926305918087E+032  -6.8377566895320461E+017  -2150.9216025940791       -3.1046623220395341E-011  -6.5064519751145615E-024  -7.5065786959549013E-037   3.0194643162960496E-044   2.9174934874762625E-052   1.2725941119577398E-059   1.4034192965215417E-066   2.2896396188937530E-073
  -3.0866460769430712E+046  -1.3027612639672870E+056  -4.2339944018782713E+053  -4.4202413651746851E+044  -1.2120394769357588E+032  -7.2404441575890522E+017  -2295.9769076405651       -3.3395945607487983E-011  -7.0549882191726238E-024  -8.2090965523787920E-037   3.3318637775855650E-044   3.2495058818333127E-052   1.4310038297957242E-059   1.5934414139696008E-066   2.6250785869736078E-073
  -3.1164514210915698E+046  -1.3282103025329529E+056  -4.3589297579867190E+053  -4.5950165665797749E+044  -1.2720084359677266E+032  -7.6668056728592947E+017  -2450.8035387096147       -3.5922943103102386E-011  -7.6497571928201824E-024  -8.9773515675667764E-037   3.6765819011841944E-044   3.6192992779848851E-052   1.6091311987632628E-059   1.8091915565374874E-066   3.0096590436597030E-073
  -3.1465376345276865E+046  -1.3541532295487069E+056  -4.4875387513211858E+053  -4.7766857820668522E+044  -1.3349385712356209E+032  -8.1182304783812941E+017  -2616.0589295270806       -3.8641044784225734E-011  -8.2946544168124692E-024  -9.8174940415387915E-037   4.0569618326264198E-044   4.0311726499570781E-052   1.8094304086878080E-059   2.0541530410708790E-066   3.4505799608083074E-073
  -3.1769072877486836E+046  -1.3805995516841954E+056  -4.6199289663039896E+053  -4.9655202217329716E+044  -1.4009757826520705E+032  -8.5961891810859123E+017  -2792.4446905851541       -4.1564694058208117E-011  -8.9939035380712096E-024  -1.0736249590245413E-036   4.4766925068420797E-044   4.4899141031256017E-052   2.0346610984140976E-059   2.3322807718858126E-066   3.9560948887080300E-073
  -3.2075629733584284E+046  -1.4075589567024726E+056  -4.7562111232343380E+053  -5.1618017332915834E+044  -1.4702731417030722E+032  -9.1022385070505856E+017  -2980.7095735710645       -4.4709425222860937E-011  -9.7520839584781651E-024  -1.1740972951903066E-036   4.9398444098245627E-044   5.0008565225747875E-052   2.2879263699045981E-059   2.6480650836773877E-066   4.5356664360959017E-073
  -3.2385073062378271E+046  -1.4350413168633469E+056  -4.8964991691897634E+053  -5.3658232179134788E+044  -1.5429912430465061E+032  -9.6380263340463232E+017  -3181.6526344287331       -4.8091945800721073E-011  -1.0574160789154598E-023  -1.2839706824496181E-036   5.4509090383110325E-044   5.5699395520140776E-052   2.5727155330212811E-059   3.0066042269891118E-066   5.2001433783417542E-073
  -3.2697429237162247E+046  -1.4630566923895451E+056  -5.0409103715453574E+053  -5.5778890622621274E+044  -1.6192985732993951E+032  -1.0205297017508160E+018  -3396.1266083419655       -5.1730225082602986E-011  -1.1465517325876605E-023  -1.4041246204776472E-036   6.0148424398215277E-044   6.2037786233481359E-052   2.8929521696602459E-059   3.4136866661453023E-066   5.9619637082298474E-073
  -3.3012724857437657E+046  -1.4916153349968231E+056  -5.1895654141856209E+053  -5.7983155873513754E+044  -1.6993718978516019E+032  -1.0805897026995663E+018  -3625.0415108152788       -5.5643589348320352E-011  -1.2431990257729190E-023  -1.5355208743046242E-036   6.6371132549294503E-044   6.9097418388985687E-052   3.2530481791576779E-059   3.8758845179041034E-066   6.8353874292213285E-073
  -3.3330986750647163E+046  -1.5207276914891729E+056  -5.3425884964858285E+053  -6.0274315148776762E+044  -1.7833966665843276E+032  -1.1441780911200143E+018  -3869.3684799751309       -5.9852824267682361E-011  -1.3479907838937676E-023  -1.6792111676076348E-036   7.3237557272468798E-044   7.6960355994913449E-052   3.6579645492458327E-059   4.4006596388770501E-066   7.8367634476354246E-073
  -3.3652241973917474E+046  -1.5504044074202985E+056  -5.5001074351419999E+053  -6.2655784517042093E+044  -1.8715674394144373E+032  -1.2115017610602570E+018  -4130.1438762241060       -6.4380285022742224E-011  -1.4616131273149824E-023  -1.8363455953063757E-036   8.0814281947266432E-044   8.5717999732134509E-052   4.1132796894448495E-059   4.9964840738834999E-066   8.9848355582539268E-073
  -3.3976517815811745E+046  -1.5806563308225498E+056  -5.6622537689308141E+053  -6.5131113932003543E+044  -1.9640883326303506E+032  -1.2827797137994071E+018  -4408.4736564576842       -6.9250014732996124E-011  -1.5848099580401805E-023  -2.0081818226998026E-036   8.9174776289747549E-044   9.5472149127846659E-052   4.6252662679050303E-059   5.6729768091579757E-066   1.0301093249370153E-072
  -3.4303841798091558E+046  -1.6114945160045278E+056  -5.8291628664830811E+053  -6.7703992461671221E+044  -2.0611734870321082E+032  -1.3582437648242900E+018  -4705.5380412020795       -7.4487871809013437E-011  -1.7183878239722283E-023  -2.1960951446638972E-036   9.8400108478457884E-044   1.0633618555499183E-051   5.2009776097980948E-059   6.4410590374445513E-066   1.1810173891955844E-072
  -3.4634241677488469E+046  -1.6429302274185899E+056  -6.0009740371567707E+053  -7.0378253721072887E+044  -2.1630475589373721E+032  -1.4381392919931497E+018  -5022.5964942570563       -8.0121666907053776E-011  -1.8632211924959454E-023  -2.4015894853010834E-036   1.0857973091226843E-043   1.1843638980030264E-051   5.8483448470064503E-059   7.3131304407398711E-066   1.3540323839097368E-072
  -3.4967745447485066E+046  -1.6749749435995108E+056  -6.1778306450980067E+053  -7.3157881516282639E+044  -2.2699462351666404E+032  -1.5227260272798607E+018  -5360.9930357346648       -8.6181310207840386E-011  -2.0202581678116143E-023  -2.6263094259439462E-036   1.1981234721228668E-043   1.3191340950688296E-051   6.5762861568888658E-059   8.3032693356046818E-066   1.5523927064143627E-072
  -3.5304381340105547E+046  -1.7076403611755748E+056  -6.3598802265809546E+053  -7.6047015707960438E+044  -2.3821167731749571E+032  -1.6122788946308741E+018  -5722.1619107789802       -9.2698969797078599E-011  -2.1905266893421951E-023  -2.8720533576297903E-036   1.3220686886685393E-043   1.4692389353793281E-051   7.3948295943465255E-059   9.4274599110245541E-066   1.7798111229733825E-072
  -3.5644177827715815E+046  -1.7409383989533950E+056  -6.5472746107200676E+053  -7.9049958302901702E+044  -2.4998185675540291E+032  -1.7070888966138496E+018  -6107.6336377389080       -9.9709241983817800E-011  -2.3751412516747176E-023  -3.1407878631437705E-036   1.4588347078678735E-043   1.6364231224687629E-051   8.3152512085662989E-059   1.0703850225975852E-065   2.0405442528675233E-072
  -3.5987163624833019E+046  -1.7748812020777810E+056  -6.7401700436508345E+053  -8.2171179782423223E+044  -2.6233237441880045E+032  -1.8074640526921503E+018  -6519.0414611521292       -1.0724933445566355E-010  -2.5753101898975382E-023  -3.4346634435484509E-036   1.6097475599588606E-043   1.8226298479824772E-051   9.3502303462540160E-059   1.2153045130195756E-065   2.3394722298622536E-072
  -3.6333367689944509E+046  -1.8094811462679945E+056  -6.9387273162778487E+053  -8.5415325676751885E+044  -2.7529177834084002E+032  -1.9137303921235540E+018  -6958.1282365899042       -1.1535926323748265E-010  -2.7923435778820892E-023  -3.7560317148550971E-036   1.7762704073856866E-043   2.0300233708829940E-051   1.0514024279785964E-058   1.3798438835172316E-065   2.6821900316743593E-072
  -3.6682819227336277E+046  -1.8447508421317585E+056  -7.1431118956918239E+053  -8.8787223394935068E+044  -2.8889001735588823E+032  -2.0262330046551990E+018  -7426.7537762167094       -1.2408206449296328E-010  -3.0276617910544674E-023  -4.1074642122323668E-036   1.9600177245257056E-043   2.2610141649232894E-051   1.1822664564758188E-058   1.5666592502152795E-065   3.0751121863663839E-072
  -3.7035547688930705E+046  -1.8807031395584116E+056  -7.3534940603600338E+053  -9.2291889320158844E+044  -3.0315850964489866E+032  -2.1453371523704745E+018  -7926.9026858430634       -1.3346402228657673E-010  -3.2828047895346590E-023  -4.4917729519850705E-036   2.1627709434118938E-043   2.5182869264826964E-051   1.3294177830562151E-058   1.7787662940336693E-065   3.5255928148801480E-072
  -3.7391582776133710E+046  -1.9173511321926170E+056  -7.5700490391976220E+053  -9.5934536180739585E+044  -3.1813021462475393E+032  -2.2714294462378701E+018  -8460.6927263023881       -1.4355491350754639E-010  -3.5594421822176098E-023  -4.9120329155716150E-036   2.3864957169907237E-043   2.8048317680776620E-051   1.4948834043978867E-058   2.0195889333091084E-065   4.0420632558556905E-072
  -3.7750954441691184E+046  -1.9547081619900633E+056  -7.7929571546302291E+053  -9.9720580707450367E+044  -3.3383970834416744E+032  -2.4049190911173069E+018  -9030.3837341718299       -1.5440827124780476E-010  -3.8593841374612486E-023  -5.3716066352756704E-036   2.6333609671172902E-043   3.1239789598532513E-051   1.6809425663990806E-058   2.2930145846303276E-065   4.6341898478376595E-072
  -3.8113692891554721E+046  -1.9927878238566190E+056  -8.0224039697614994E+053  -1.0365565158825316E+045  -3.5032326255661014E+032  -2.5462392031968548E+018  -9638.3871391917310       -1.6608166802308490E-010  -4.1845932115650917E-023  -5.8741710779278413E-036   2.9057599017697550E-043   3.4794376225612210E-051   1.8901581531266636E-058   2.6034569035971877E-065   5.3130548211007762E-072
  -3.8479828586756571E+046  -2.0316039703724258E+056  -8.2585804397622621E+053  -1.0774559773193368E+045  -3.6761892764898493E+032  -2.6958482040626637E+018  -10287.276118228578       -1.7863702033075670E-010  -4.5371971722050828E-023  -6.4237470414205182E-036   3.2063332050309832E-043   3.8753388214148824E-051   2.1254119813930201E-058   2.9559270178979118E-065   6.0913636836839382E-072
  -3.8849392245293806E+046  -2.0711707166024465E+056  -8.5016830676013936E+053  -1.1199649685257810E+045  -3.8576661961342437E+032  -2.8542312958481203E+018  -10979.796428282010       -1.9214091615033104E-010  -4.9195029004747756E-023  -7.0247312988199599E-036   3.5379946244210395E-043   4.3162835613123832E-051   2.3899444868862075E-058   3.3561144021150748E-065   6.9836829818961123E-072
  -3.9222414844021613E+046  -2.1115024449949946E+056  -8.7519140642418353E+053  -1.1641466438728930E+045  -4.0480821125865873E+032  -3.0219020221654589E+018  -11718.877963868987       -2.0666496711330225E-010  -5.3340114622119880E-023  -7.6819317468139279E-036   3.9039592033735525E-043   4.8073962408315083E-051   2.6873993482298151E-058   3.8104786992296122E-065   8.0067128838179854E-072
  -3.9598927620555750E+046  -2.1526138103698236E+056  -9.0094815134286370E+053  -1.2100666276001700E+045  -4.2478762786691229E+032  -3.1994039197951089E+018  -12507.647087138985       -2.2228618719881668E-010  -5.7834344469093998E-023  -8.4006058392158348E-036   4.3077744322563097E-043   5.3543841857811827E-051   3.0218736633203028E-058   4.3263539704020831E-065   9.1795996858004090E-072
  -3.9978962075183976E+046  -2.1945197449973527E+056  -9.2745995411995138E+053  -1.2577931100487096E+045  -4.4575094751225080E+032  -3.3873122663958016E+018  -13349.439782295942       -2.3908739995122069E-010  -6.2707116807667101E-023  -9.1865026124684814E-036   4.7533546195896065E-043   5.9636039536830627E-051   3.3979743687159954E-058   4.9120670551203426E-065   1.0524294088839549E-071
  -4.0362549972786592E+046  -2.2372354637706551E+056  -9.5474884902520369E+053  -1.3073969476279962E+045  -4.6774650626675212E+032  -3.5862359298027832E+018  -14247.815689338571       -2.5715767636558865E-010  -6.7990304293946803E-023  -1.0045908638761180E-035   5.2450188162880456E-043   6.6421351791701209E-051   3.8208816787849638E-058   5.5770719514466836E-065   1.2065961947958806E-071
  -4.0749723344765833E+046  -2.2807764694718504E+056  -9.8283750993053722E+053  -1.3589517666605002E+045  -4.9082500853182207E+032  -3.7968193248033587E+018  -15206.573075795155       -2.7659280574864354E-010  -7.3718462153857919E-023  -1.0985698273721928E-035   5.7875326601442979E-043   7.3978628178402191E-051   4.2964204179411379E-058   6.3321023845469196E-065   1.3833455179364235E-071
  -4.1140514490984238E+046  -2.3251585581345708E+056  -1.0117492687598340E+054  -1.4125340712537793E+045  -5.1503964274345692E+032  -4.0197444836194156E+018  -16229.764809036908       -2.9749580203590889E-010  -7.9929053864854883E-023  -1.2013388599921181E-035   6.3861545457193529E-043   8.2395687436073117E-051   4.8311402279386233E-058   7.1893450251072634E-065   1.5859851635523170E-071
  -4.1534955981711813E+046  -2.3703978245042093E+056  -1.0415081344669547E+054  -1.4682233553555222E+045  -5.4044620271228420E+032  -4.2557332466866053E+018  -17321.715395921856       -3.1997744823237364E-010  -8.6662695815003514E-023  -1.3137199504898881E-035   7.0466865666700767E-043   9.1770337631824926E-051   5.4324057543481105E-058   8.1626361523744257E-065   1.8183074048493200E-071
  -4.1933080659581986E+046  -2.4165106675976700E+056  -1.0721388125569438E+054  -1.5261022191529356E+045  -5.6710321487182485E+032  -4.5055495807006612E+018  -18487.039160965880       -3.4415688184439226E-010  -9.3963422534392623E-023  -1.4366119373400411E-035   7.7755307237363745E-043   1.0221151232251671E-050   6.1084980536870937E-058   9.2676849347628042E-065   2.0846599620930609E-071
  -4.2334921641556277E+046  -2.4635137963643882E+056  -1.1036667251658323E+054  -1.5862564899840683E+045  -5.9507207172163686E+032  -4.7700020313040282E+018  -19730.659638977781       -3.7016222438602842E-010  -1.0187897422780812E-022  -1.5709976918306662E-035   8.5797509425735977E-043   1.1384053592599362E-050   6.8687286171070615E-058   1.0522326930359417E-064   2.3900273539896377E-071
  -4.2740512320897614E+046  -2.5114242354504028E+056  -1.1361180317148731E+054  -1.6487753479350995E+045  -6.2441717176585392E+032  -5.0499463182119035E+018  -21057.830263150227       -3.9813125827470832E-010  -1.1046110848282162E-022  -1.7179519723725348E-035   9.4671415018439316E-043   1.2679253299421661E-050   7.7235675801804943E-058   1.1946811897147074E-064   2.7401241632567193E-071
  -4.3149886369152212E+046  -2.5602593310673028E+056  -1.1695196501554926E+054  -1.7137514563042837E+045  -6.5520606626215372E+032  -5.3462880810272164E+018  -22474.156434989389       -4.2821215468009415E-010  -1.1976593818485373E-022  -1.8786500127265515E-035   1.0446302534017102E-042   1.4121799775116124E-050   8.6847878835672345E-058   1.3564130556220799E-064   3.1415019611604515E-071
  -4.3563077738139980E+046  -2.6100367569678967E+056  -1.2038992788216905E+054  -1.7812810971201810E+045  -6.8750961311140828E+032  -5.6599857844704276E+018  -23985.619068215005       -4.6056425615782160E-010  -1.2985429784139309E-022  -2.0543769127071537E-035   1.1526723329775653E-042   1.5728454211870103E-050   9.7656273688595176E-058   1.5400385579616854E-064   3.6016718912915550E-071
  -4.3980120661953334E+046  -2.6607745205304843E+056  -1.2392854189070987E+054  -1.8514643119089832E+045  -7.2140213823421988E+032  -5.9920537922538455E+018  -25598.599704893364       -4.9535891818756537E-010  -1.4079214070249392E-022  -2.2465379063213271E-035   1.2718874252435205E-042   1.7517884252550244E-050   1.0980971040727481E-057   1.7485212787740560E-064   4.1292452057637027E-071
  -4.4401049658964352E+046  -2.7124909689536419E+056  -1.2757073975843822E+054  -1.9244050479132215E+045  -7.5696160479726360E+032  -6.3435656193628754E+018  -27319.907308603626       -5.3278041404431541E-010  -1.5265096926513648E-022  -2.4566695893025674E-035   1.4034308152105504E-042   1.9510880810128028E-050   1.2347556004007793E-057   1.9852259351271987E-064   4.7340943828162635E-071
  -4.4825899533840206E+046  -2.7652047955634687E+056  -1.3131953917851679E+054  -2.0002113099718811E+045  -7.9426979066987802E+032  -6.7156573730701128E+018  -29156.806846409760       -5.7302690776437361E-010  -1.6550830196632209E-022  -2.6864521956521436E-035   1.5485772261239422E-042   2.1730599542835860E-050   1.3884201896414539E-057   2.2539726711907207E-064   5.4275378397713207E-071
  -4.5254705379566792E+046  -2.8189350462352700E+056  -1.3517804526591867E+054  -2.0789953182800011E+045  -8.3341247450971056E+032  -7.1095313936039731E+018  -31117.049778845270       -6.1631150032516302E-010  -1.7944817910529341E-022  -2.9377230211674029E-035   1.7087331654632906E-042   2.4202829788416270E-050   1.5612069988396222E-057   2.5590986980183587E-064   6.2225516966305323E-071
  -4.5687502579480405E+046  -2.8737011259316789E+056  -1.3914945307318479E+054  -2.1608736722541795E+045  -8.7447963089546828E+032  -7.5264601060236923E+018  -33208.906585046010       -6.6286335454234442E-010  -1.9456171129055438E-022  -3.2124911010852161E-035   1.8854505468829669E-042   2.6956294079522711E-050   1.7554954516141321E-057   2.9055282753773132E-064   7.1340125515537129E-071
  -4.6124326809307457E+046  -2.9295228053592744E+056  -1.4323705017799928E+054  -2.2459675207390765E+045  -9.1756563494499354E+032  -7.9677900955188695E+018  -35441.201458620941       -7.1292890460096458E-010  -2.1094767398406754E-022  -3.5129532589708892E-035   2.0804417199331954E-042   3.0022981717250860E-050   1.9739610257273522E-057   3.2988521645117092E-064   8.1789758094990699E-071
  -4.6565214039212079E+046  -2.9864202277457589E+056  -1.4744421934461279E+054  -2.3344027387990040E+045  -9.6276947687802674E+032  -8.4349464190563625E+018  -37823.349318865978       -7.6677315658158766E-010  -2.2871315201492609E-022  -3.8415116549185990E-035   2.2955960530216047E-042   3.3438520275041063E-050   2.2196120857477081E-057   3.7454178334812711E-064   9.3769947702710066E-071
  -4.7010200535851525E+046  -3.0444139157398176E+056  -1.5177444126120126E+054  -2.4263101113480285E+045  -1.0101949870051687E+033  -8.9294371670425119E+018  -40365.395291539775       -8.2468108681988840E-010  -2.4797423825988090E-022  -4.2007929730857621E-035   2.5329982301015152E-042   3.7242589345380002E-050   2.4958312977011824E-057   4.2524318701378140E-064   1.0750486444549252E-070
  -4.7459322864439278E+046  -3.1035247784358000E+056  -1.5623129735530455E+054  -2.5218255238817045E+045  -1.0599510716477730E+033  -9.4528582894566420E+018  -43078.056823671497       -8.8695914545152866E-010  -2.6885679104045783E-022  -4.5936694016559044E-035   2.7949484381514803E-042   4.1479381331948362E-050   2.8064221956528196E-057   4.8280762546874945E-064   1.2325150940417078E-070
  -4.7912617890815763E+046  -3.1637741185254091E+056  -1.6081847268955055E+054  -2.6210901605836264E+045  -1.1121519605178316E+033  -1.0006898701745039E+019  -45972.768607801845       -9.5393687304595946E-010  -2.9149725516831350E-022  -5.0232815726166547E-035   3.0839846408009977E-042   4.6198114635796248E-050   3.1556615410446184E-057   5.4816403673102831E-064   1.4130452264807444E-070
  -4.8370122783526548E+046  -3.2251836395786175E+056  -1.6553975893993077E+054  -2.7242507100904179E+045  -1.1669174661124140E+033  -1.0593345686645737E+019  -49061.730502714847       -1.0259686388259830E-009  -3.1604355198442891E-022  -5.4930636443652527E-035   3.4029071536365547E-042   5.1453605192111161E-050   3.5483581953166540E-057   6.2236708600734879E-064   1.6200169532877219E-070
  -4.8831875015907910E+046  -3.2877754534560647E+056  -1.7039905745895744E+054  -2.8314595792096266E+045  -1.2243732557039441E+033  -1.1214090609046137E+019  -52357.958650146895       -1.1034355096075664E-009  -3.4265604418641078E-022  -6.0067707272378030E-035   3.7548057589853443E-042   5.7306902991224967E-050   3.9899193159499657E-057   7.0661418104745976E-064   1.8573028895076512E-070
  -4.9297912368179639E+046  -3.3515720878552292E+056  -1.7540038242609654E+054  -2.9428751148962444E+045  -1.2846511365355999E+033  -1.1871134961960755E+019  -55875.340000212549       -1.1867472592798452E-009  -3.7150858172447498E-022  -6.5685088707364699E-035   4.1430896225361832E-042   6.3826000971538093E-050   4.4864247868249559E-057   8.0226479010247931E-064   2.1293428001221942E-070
  -4.9768272929545013E+046  -3.4165964939927056E+056  -1.8054786408793817E+054  -3.0586618348052394E+045  -1.3478893548604706E+033  -1.2566596762758150E+019  -59628.690472418290       -1.2763445293820759E-009  -4.0278963557377516E-022  -7.1827678516495274E-035   4.5715203012557573E-042   7.1086624511765092E-050   5.0447109070734031E-057   9.1086237406110096E-064   2.4412266551432136E-070
  -5.0242995100297750E+046  -3.4828720544249586E+056  -1.8584575209063387E+054  -3.1789906667496230E+045  -1.4142329094938548E+033  -1.3302717319867687E+019  -63633.816994203407       -1.3727011521263265E-009  -4.3670352676203357E-022  -7.8544570245852125E-035   5.0442481619551241E-042   7.9173110685062486E-050   5.6724644899734041E-057   1.0341592864937500E-063   2.7987898467695553E-070
  -5.0722117593935855E+046  -3.5504225910099580E+056  -1.9129841890720137E+054  -3.3040391974061433E+045  -1.4838338805803136E+033  -1.4081868391361610E+019  -67907.583675014030       -1.4763266480660757E-009  -4.7347175865063108E-022  -8.5889445208493853E-035   5.5658525628453221E-042   8.8179387479031016E-050   6.3783286666461715E-057   1.1741450431943180E-063   3.2087223494205192E-070
  -5.1205679439282215E+046  -3.6192723730121448E+056  -1.9691036336236912E+054  -3.4339919306237558E+045  -1.5568517743108599E+033  -1.4906559758039480E+019  -72467.982391047452       -1.5877689115260565E-009  -5.1333446113843792E-022  -9.3921001082832937E-035   6.1413861868106065E-042   9.8210064345364604E-050   7.1720218503307146E-057   1.3330784171433491E-063   3.6786938641931734E-070
  -5.1693719982611816E+046  -3.6894461253532196E+056  -2.0268621425770761E+054  -3.5690405557035779E+045  -1.6334538843610551E+033  -1.5779447234944426E+019  -77334.208074070018       -1.7076170978924005E-009  -5.5655195618506226E-022  -1.0270342053853660E-034   6.7764239552748366E-042   1.0938164673449408E-049   8.0644714980511136E-057   1.5135238765013546E-063   4.2174972881959789E-070
  -5.2186278889785378E+046  -3.7609690370112731E+056  -2.0863073409987054E+054  -3.7093842260330917E+045  -1.7138156708578649E+033  -1.6703341146617508E+019  -82526.739017187894       -1.8365047279195558E-009  -6.0340645483857752E-022  -1.1230688362684993E-034   7.4771169958287214E-042   1.2182388870891987E-049   9.0679645100403849E-057   1.7183929532705934E-063   4.8352131918760042E-070
  -5.2683396148389343E+046  -3.8338667695708416E+056  -2.1474882293484753E+054  -3.8552298484719625E+045  -1.7981211577219859E+033  -1.7681215292852529E+019  -88067.422531215721       -1.9751130253470585E-009  -6.5420389680726836E-022  -1.2280812802097277E-034   8.2502521856508203E-042   1.3568129933071793E-049   1.0196316336143638E-056   1.9509912097669506E-063   5.5433983802870594E-070
  -5.3185112069882077E+046  -3.9081654659264875E+056  -2.2104552229121070E+054  -4.0067923839019860E+045  -1.8865633492730713E+033  -1.8716216433252983E+019  -93979.566307429108       -2.1241745053409686E-009  -7.0927594454105120E-022  -1.3429106157338449E-034   9.1033178466654414E-042   1.5111482030250766E-049   1.1465061115737623E-056   2.2150715603019366E-063   6.3553020645848207E-070
  -5.3691467291745989E+046  -3.9838917591425672E+056  -2.2752601923541961E+054  -4.1642951593693994E+045  -1.9793446670279493E+033  -1.9811674320520450E+019  -100288.03586609373       -2.2844768325880088E-009  -7.6898214479196942E-022  -1.4684743207383579E-034   1.0044576227856568E-041   1.6830369432766650E-049   1.2891665467011615E-056   2.5148948079430683E-063   7.2861136863006644E-070
  -5.4202502779645594E+046  -4.0610727814718844E+056  -2.3419565054233511E+054  -4.3279701922641102E+045  -2.0766774076666327E+033  -2.0971112314124685E+019  -107019.35849533277       -2.4568669692819807E-009  -8.3371227171104881E-022  -1.6057755954743111E-034   1.1083143475773114E-041   1.8744754586779103E-049   1.4495768866733104E-056   2.8552983725505021E-063   8.3532470287889128E-070
  -5.4718259829591178E+046  -4.1397361735359616E+056  -2.4105990698417918E+054  -4.4980585269973291E+045  -2.1787842231877698E+033  -2.2198258607825093E+019  -114201.83411173010       -2.6422556347592781E-009  -9.0388886671786527E-022  -1.7559113693043180E-034   1.2229077866650829E-041   2.0876869843897995E-049   1.6299453927342617E-056   3.2417743183536357E-063   9.5766659287254691E-070
  -5.5238780070108103E+046  -4.2199100936697358E+056  -2.4812443774126773E+054  -4.6748105846566705E+045  -2.2858986243242615E+033  -2.3497058106437014E+019  -121865.65350267741       -2.8416221001711141E-009  -9.7996999165706087E-022  -1.9200810550608298E-034   1.3493477153439261E-041   2.3251475533200569E-049   1.8327550289412756E-056   3.6805579392619084E-063   1.0979257678341403E-069
  -5.5764105464411324E+046  -4.3016232274334819E+056  -2.5539505493793534E+054  -4.8584865261360095E+045  -2.3982655083412079E+033  -2.4871684989270151E+019  -130043.02444097702       -3.0560193433329645E-009  -1.0624522131410256E-021  -2.0995961207823599E-034   1.4888585969129307E-041   2.5896147369664528E-049   2.0607976309819423E-056   4.1787283303154990E-063   1.2587261100741376E-069
  -5.6294278312585172E+046  -4.3849047972948723E+056  -2.6287773830716638E+054  -5.0493566292563314E+045  -2.5161417123922312E+033  -2.6326555999816741E+019  -138768.30619473508       -3.2865795907758049E-009  -1.1518738374790029E-021  -2.2958905551153904E-034   1.6427914324979086E-041   2.8841596533276753E-049   2.3172123245763133E-056   4.7443225669170616E-063   1.4430757302849859E-069
  -5.6829341253768053E+046  -4.4697845724840700E+056  -2.7057863998754322E+054  -5.2477016804134279E+045  -2.6397965936666874E+033  -2.7866344503540449E+019  -148078.15299025172       -3.5345202760487897E-009  -1.2488184172196961E-021  -2.5105323097867800E-034   1.8126368349471416E-041   3.2122026131965081E-049   2.6055287219189912E-056   5.3864653328591120E-063   1.6544232282353297E-069
  -5.7369337268341951E+046  -4.5562928790248416E+056  -2.7850408945622247E+054  -5.4538133813086920E+045  -2.7695126376194370E+033  -2.9495995358020657E+019  -158011.66702258162       -3.8011504454996292E-009  -1.3539185520975872E-021  -2.7452358103322366E-034   2.0000394532140614E-041   3.5775528183434239E-049   2.9297154903227342E-056   6.1155160872082029E-063   1.8967221908365204E-069
  -5.7914309680126574E+046  -4.6444606099447077E+056  -2.8666059860175305E+054  -5.6679947713404079E+045  -2.9055860956368282E+033  -3.1220740642247565E+019  -168610.56164784802       -4.0878776450983790E-009  -1.4678600090840269E-021  -3.0018756347726887E-034   2.2068138866921733E-041   3.9844525720856222E-049   3.2942349611002388E-056   6.9432361428398877E-063   2.1745051335540467E-069
  -5.8464302158577864E+046  -4.7343192356671879E+056  -2.9505486694065491E+054  -5.8905606662548787E+045  -3.0483276535574916E+033  -3.3046116294550225E+019  -179919.33543340932       -4.3962153243848511E-009  -1.5913861883150964E-021  -3.2825014692297823E-034   2.4349622433661549E-041   4.4376265150614317E-049   3.7041045297797509E-056   7.8829783503933962E-063   2.4929682676786151E-069
  -5.9019358720990633E+046  -4.8259008145892704E+056  -3.0369378698178566E+054  -6.1218381136795143E+045  -3.1980631325345818E+033  -3.4977979711479402E+019  -191985.45778676993       -4.7277907963224200E-009  -1.7253029639126626E-021  -3.5893544596381687E-034   2.6866935115277782E-041   4.9423364572992043E-049   4.1649656921344821E-056   8.9499024458039709E-063   2.8580686783552268E-069
  -5.9579523734705294E+046  -4.9192380038472639E+056  -3.1258444974263333E+054  -6.3621668661836360E+045  -3.3551342237973998E+033  -3.7022528362969760E+019  -204859.56693188017       -5.0843537947457369E-009  -1.8704839311474876E-021  -3.9248850898265443E-034   2.9644449323294140E-041   5.5044424425584239E-049   4.6831616654988563E-056   1.0161219533245095E-062   3.2766357302759039E-069
  -6.0144841919318245E+046  -5.0143640702742528E+056  -3.2173415042178837E+054  -6.6118998725372758E+045  -3.5198992589450024E+033  -3.9186319482279772E+019  -218595.68105237887       -5.4677856742118024E-009  -2.0278760940294181E-021  -4.2917727283898262E-034   3.2709055797805413E-041   6.1304707531806068E-049   5.2658246628892397E-056   1.1536469644937712E-062   3.7564987839084140E-069
  -6.0715358348895859E+046  -5.1113129015524215E+056  -3.3115039423196374E+054  -6.8714037878636914E+045  -3.6927340174826730E+033  -4.1476290892563366E+019  -233251.42347560325       -5.8801093004193140E-009  -2.1985060302666528E-021  -4.6929470000580353E-034   3.6090423761204817E-041   6.8276896441557354E-049   5.9209740201651238E-056   1.3097836852425265E-062   4.3066336100295910E-069
  -6.1291118454191743E+046  -5.2101190175635681E+056  -3.4084090239805418E+054  -7.1410595034077440E+045  -3.8740325733940861E+033  -4.3899783035474338E+019  -248888.26282904859       -6.3234996829674639E-009  -2.3834865736323128E-021  -5.1316111517888415E-034   3.9821287940293285E-041   7.6041936847187774E-049   6.6576265256824822E-056   1.4870507009161698E-062   4.9373302398551709E-069
  -6.1872168024867066E+046  -5.3108175819411803E+056  -3.5081361832484835E+054  -7.4212626966696509E+045  -4.0642081826279094E+033  -4.6464562270954504E+019  -265571.76916263683       -6.8002954061013425E-009  -2.5840240571320618E-021  -5.6112675996857651E-034   4.3937765230957967E-041   8.4689976855782079E-049   7.4859204696545167E-056   1.6883073891365129E-062   5.6603853887397485E-069
  -6.2458553211713756E+046  -5.4134444138275056E+056  -3.6107671393913501E+054  -7.7124244026820865E+045  -4.2636942134675403E+033  -4.9178845521320575E+019  -283371.88709590456       -7.3130109172567495E-009  -2.8014261640030186E-021  -6.1357458601987680E-034   4.8479704065959608E-041   9.4321413010004106E-049   8.4172551190513733E-056   1.9168000284122509E-062   6.4893230507474905E-069
  -6.3050320528880207E+046  -5.5180359998390863E+056  -3.7163859621107418E+054  -8.0149716072380867E+045  -4.4729451218469523E+033  -5.2051326336954909E+019  -302363.22711931221       -7.8643497376942921E-009  -3.0371104375151923E-021  -6.7092330880362975E-034   5.3491069862268321E-041   1.0504805518717380E-048   9.4644475359311112E-056   2.1762141445255693E-062   7.4396473879493075E-069
  -6.3647516856099375E+046  -5.6246295062443059E+056  -3.8250791385983904E+054  -8.3293478629078288E+045  -4.6924374737743742E+033  -5.5091202465335001E+019  -322625.37625359348       -8.4572186643242704E-009  -3.2926135048176069E-021  -7.3363074639584073E-034   5.9020370272882856E-041   1.1699442388423679E-048   1.0641908895512833E-055   2.4707339384742517E-062   8.5291326419237472E-069
  -6.4250189440918908E+046  -5.7332627913565298E+056  -3.9369356424867238E+054  -8.6560139287141004E+045  -4.9226710171289767E+033  -5.8308205009818894E+019  -344243.22935071512       -9.0947430369950942E-009  -3.5696010746997843E-021  -8.0219746982941355E-034   6.5121124352521270E-041   1.3029919493077968E-048   1.1965842728354905E-055   2.8051097538720856E-062   9.7781554869051509E-069
  -6.4858385900933107E+046  -5.8439744181464906E+056  -4.0520470047464061E+054  -8.9954484343692386E+045  -5.1641698052041189E+033  -6.1712629269553160E+019  -367307.34240492107       -9.7802831510756117E-009  -3.8698787741552116E-021  -8.7717079408128598E-034   7.1852380170690097E-041   1.4511680838101824E-048   1.3454467812369103E-055   3.1847346712672766E-062   1.1210076037262027E-068
  -6.5472154226016330E+046  -5.9568036670776242E+056  -4.1705073865851553E+054  -9.3481485700105012E+045  -5.4174833744842300E+033  -6.5315367357101998E+019  -391914.30933284230       -1.0517451901134519E-008  -4.1954038940692427E-021  -9.5914914146757247E-034   7.9279285873515707E-041   1.6161926023852890E-048   1.5128268779225352E-055   3.6157314639157332E-062   1.2851674631321381E-068
  -6.6091542780557742E+046  -6.0717905491681209E+056  -4.2924136544036230E+054  -9.7146308024062897E+045  -5.6831879792613435E+033  -6.9127942695926374E+019  -418167.16377813043       -1.1310133747939130E-008  -4.5482981202446820E-021  -1.0487868121814525E-033   8.7473719711867907E-041   1.7999809778644078E-048   1.7010277880635841E-055   4.1050513165125144E-062   1.4733652555969501E-068
  -6.6716600305696949E+046  -6.1889758192835081E+056  -4.4178654568656535E+054  -1.0095431618642467E+046  -5.9618878858218781E+033  -7.3162546505687613E+019  -446175.80759891419       -1.2162505107894210E-008  -4.9308613323621285E-021  -1.1467991999466832E-033   9.6514985122700626E-041   2.0046664165539309E-048   1.9126391788284248E-055   4.6605858979295890E-062   1.6891206071430937E-068
  -6.7347375921560310E+046  -6.3084009896636543E+056  -4.5469653041417974E+054  -1.0491108298336178E+046  -6.2542167290647651E+033  -7.7432076389528715E+019  -476057.46780599724       -1.3079056271455336E-008  -5.3455865603902077E-021  -1.2539684942994586E-033   1.0649057757866870E-040   2.2326246038911185E-048   2.1505727782668340E-055   5.2912945941841450E-062   1.9364684465478962E-068
  -6.7983919129497588E+046  -6.4301083436881237E+056  -4.6798186493865928E+054  -1.0902239715464176E+046  -6.5608389345487389E+033  -8.1950177144017715E+019  -507937.18383656495       -1.4064614965018580E-008  -5.7951761954578042E-021  -1.3711499148809990E-033   1.1749703061401065E-040   2.4865012619339238E-048   2.4181024227465746E-055   6.0073489521344805E-062   2.2200344436652651E-068
  -6.8626279814318695E+046  -6.5541409498839025E+056  -4.8165339725117647E+054  -1.1329427170933803E+046  -6.8824512091097913E+033  -8.6731283919340388E+019  -541948.32717271917       -1.5124371679350559E-008  -6.2825595603246637E-021  -1.4992785273534162E-033   1.2964084919909632E-040   2.7692428381246637E-048   2.7189090834648263E-055   6.8202966617038643E-062   2.5451214906182207E-068
  -6.9274508246530062E+046  -6.6805426761795392E+056  -4.9572228663191904E+054  -1.1773295257067347E+046  -7.2197841033398177E+033  -9.1790667864626233E+019  -578233.15544691694       -1.6263906896824402E-008  -6.8109119533907553E-021  -1.6393766951756534E-033   1.4303953947929593E-040   3.0841306810490313E-048   3.0571314909818391E-055   7.7432477192324858E-062   2.9178088421881182E-068
  -6.9928655084570527E+046  -6.8093582044098483E+056  -5.1020001250592494E+054  -1.2234492755214770E+046  -7.5736036493745761E+033  -9.7144484401003053E+019  -616943.40331789781       -1.7489220359615520E-008  -7.3836752897253312E-021  -1.7925622265313189E-033   1.5782274482406388E-040   3.4348190993134499E-048   3.4374230536519652E-055   8.7910857719229815E-062   3.3450657682797428E-068
  -7.0588771377046229E+046  -6.9406330450753536E+056  -5.2509838354819465E+054  -1.2713693567755676E+046  -7.9447130776036889E+033  -1.0280982427312688E+020  -658240.91255151201       -1.8806762531637597E-008  -8.0045804729353069E-021  -1.9600572812261310E-033   1.7413349915831300E-040   3.8253777446527470E-048   3.8650158523144149E-055   9.9807080490307325E-062   3.8348818425108892E-068
  -7.1254908564964213E+046  -7.0744135523607311E+056  -5.4042954704500439E+054  -1.3211597685798972E+046  -8.3339546160877750E+033  -1.0880476753854862E+020  -702298.30390162754       -2.0223468418418638E-008  -8.6776716428960314E-021  -2.1431981084132915E-033   1.9212960968017682E-040   4.2603388104773097E-048   4.3457925908402841E-055   1.1331297745988551E-061   4.3964163018255013E-068
  -7.1927118483964462E+046  -7.2107469394165776E+056  -5.5620599851853345E+054  -1.3728932193938086E+046  -8.7422113766483986E+033  -1.1514844066338416E+020  -749299.69355764356       -2.1746793921388646E-008  -9.4073324565080736E-021  -2.3434456926083361E-033   2.1198518231802869E-040   4.7447495928541350E-048   4.8863674914488207E-055   1.2864633250462033E-061   5.0401692683668179E-068
  -7.2605453366549899E+046  -7.3496812939088858E+056  -5.7244059162211239E+054  -1.4266452313470811E+046  -9.1704093317856156E+033  -1.2186107690237762E+020  -799441.45710777398       -2.3384754916237734E-008  -1.0198314571799560E-020  -2.5623973926732254E-033   2.3389230465718428E-040   5.2842310230351152E-048   5.4941772466054698E-055   1.4605439192824426E-061   5.7781780333265428E-068
  -7.3289965844314067E+046  -7.4912655938406826E+056  -5.8914654831359840E+054  -1.4824942485545995E+046  -9.6195193867760043E+033  -1.2896408015161836E+020  -852933.04416191916       -2.5145969259174578E-008  -1.1055768519949661E-020  -2.8017996663398878E-033   2.5806290258633368E-040   5.8850428498174294E-048   6.1775832774844630E-055   1.6581784977273851E-061   6.6242420707366398E-068
  -7.3980708950166070E+046  -7.6355497236503490E+056  -6.0633746931458789E+054  -1.5405217495754412E+046  -1.0090559551511542E+034  -1.3648009247292103E+020  -909997.84698541474       -2.7039701940143276E-008  -1.1985277165257050E-020  -3.0635619814686645E-033   2.8473078859007571E-040   6.5541562270455015E-048   6.9459867043165229E-055   1.8825537214638105E-061   7.5941809859368944E-068
  -7.4677736120552460E+046  -7.7825844905912159E+056  -6.2402734486338786E+054  -1.6008123641738344E+046  -1.0584597216856988E+034  -1.4443306550023794E+020  -970874.12671606767       -2.9075913618420615E-008  -1.2992891969816998E-020  -3.3497720246655308E-033   3.1415392146311152E-040   7.2993345473329125E-048   7.8099576085803010E-055   2.1372873346136110E-061   8.7061302187579262E-068
  -7.5381101197675500E+046  -7.9324216413970987E+056  -6.4223056576988164E+054  -1.6634539945453710E+046  -1.1102751540531047E+034  -1.5284833595047880E+020  -1035816.0009725596       -3.1265312793600020E-008  -1.4085172297810210E-020  -3.6627123281883042E-033   3.4661689926151745E-040   8.1292234585883765E-048   8.7813803633318805E-055   2.4264864732967360E-061   9.9808800267963850E-068
  -7.6090858431707676E+046  -8.0851138792384890E+056  -6.6096193478064705E+054  -1.7285379411780112E+046  -1.1646195947754915E+034  -1.6175270547380063E+020  -1105094.4969134706       -3.3619411883863892E-008  -1.5269228013962367E-020  -4.0048784473379957E-033   3.8243370955670753E-040   9.0534511062774072E-048   9.8736170286952539E-055   2.7548138605447791E-061   1.1442264082697912E-067
  -7.6807062483001771E+046  -8.2407148809742250E+056  -6.8023667826291163E+054  -1.7961590335237975E+046  -1.2216160752161507E+034  -1.7117452509183931E+020  -1178998.6740738710       -3.6150587503750215E-008  -1.6552765652032292E-020  -4.3789988328463162E-033   4.2195076353989432E-040   1.0082739762770929E-047   1.1101691057688018E-054   3.1275629535512294E-061   1.3117604946201968E-067
  -7.7529768424296324E+046  -8.3992793147034807E+056  -7.0007045821616276E+054  -1.8664157656638189E+046  -1.2813935902720099E+034  -1.8114378448652409E+020  -1257836.8215917191       -3.8872145255437154E-008  -1.7944138452265885E-020  -4.7880565562316822E-033   4.6555024326297108E-040   1.1229030136993933E-047   1.2482493836536796E-054   3.5507432538205487E-061   1.5038224734147224E-067
  -7.8259031742915801E+046  -8.5608628576230684E+056  -7.2047938462046992E+054  -1.9394104371558279E+046  -1.3440873862704933E+034  -1.9169220641709136E+020  -1341937.7347403585       -4.1798389371013232E-008  -1.9452400591761053E-020  -5.2353130608105598E-033   5.1365379432214605E-040   1.2505619804416549E-047   1.4035016897275179E-054   4.0311771544489687E-061   1.7240030529524607E-067
  -7.8994908342965290E+046  -8.7255222141950273E+056  -7.4148002813082329E+054  -2.0152492992610396E+046  -1.4098392627023141E+034  -2.0285334655873810E+020  -1431652.0760074414       -4.4944697568391893E-008  -2.1087365958787044E-020  -5.7243341271352029E-033   5.6672659962244376E-040   1.3927317360925112E-047   1.5780612993017901E-054   4.5766098845656196E-061   1.9764185466736573E-067
  -7.9737454547519007E+046  -8.8933151346296213E+056  -7.6308943312704260E+054  -2.0940427067540266E+046  -1.4787978884517620E+034  -2.1466269907307856E+020  -1527353.8263059366       -4.8327601510597578E-008  -2.2859671851463938E-020  -6.2590182592102157E-033   6.2528187353644453E-040   1.5510614086163025E-047   1.7743289622707591E-054   5.1958343218735246E-061   2.2657878030541135E-067
  -8.0486727100802435E+046  -9.0643004336889138E+056  -7.8532513112907106E+054  -2.1759052755272840E+046  -1.5511191332175032E+034  -2.2715780823823824E+020  -1629441.8322709040       -5.1964873287235290E-008  -2.4780848013024025E-020  -6.8436277170581435E-033   6.8988581982474476E-040   1.7273875104645870E-047   1.9950039037774832E-054   5.8988326836505657E-061   2.5975203940605239E-067
  -8.1242783170367356E+046  -9.2385380098161577E+056  -8.0820515458773521E+054  -2.2609560462099891E+046  -1.6269664148498481E+034  -2.4037838648509386E+020  -1738341.4559879065       -5.5875618368207671E-008  -2.6863391450350831E-020  -7.4828224422106591E-033   7.6116310115762676E-040   1.9237552258676946E-047   2.2431209264153577E-054   6.6969373783537020E-061   2.9778177096411419E-067
  -8.2005680349259514E+046  -9.4160888645963342E+056  -8.3174805106132266E+054  -2.3493186540287191E+046  -1.7065110633649278E+034  -2.5436643920589924E+020  -1854506.3339168960       -6.0080375513322774E-008  -2.9120847519845545E-020  -8.1816971456632919E-033   8.3980287301038347E-040   2.1424421158428249E-047   2.5220921236327174E-054   7.6030136084892084E-061   3.4137888467711006E-067
  -8.2775476658178266E+046  -9.5970151225532397E+056  -8.5597289778860948E+054  -2.4411215051464396E+046  -1.7899327024323483E+034  -2.6916639672238837E+020  -1978420.2522207990       -6.4601224157516314E-008  -3.1567897805145062E-020  -8.9458218529296847E-033   9.2656544014613971E-040   2.3859845154414318E-047   2.8357537773273292E-054   8.6316666656320767E-061   3.9135834578793572E-067
  -8.3552230547627804E+046  -9.7813800512885980E+056  -8.8089931666926043E+054  -2.5364979597249414E+046  -1.8774196491707083E+034  -2.8482525382247989E+020  -2110599.1461826782       -6.9461899830179302E-008  -3.4220455355070716E-020  -9.7812862282649772E-033   1.0222895999022259E-039   2.6572069289208335E-047   3.1884190838016607E-054   9.7994772560344089E-061   4.4865440402124479E-067
  -8.4336000900059394E+046  -9.9692480819687762E+056  -9.0654748966281296E+054  -2.6355865219650953E+046  -1.9691693331249758E+034  -3.0139271729798696E+020  -2251593.2319011348       -7.4687918208735276E-008  -3.7095767897704585E-020  -1.0694748030114080E-032   1.1279007431169694E-039   2.9592547632234160E-047   3.5849374322752548E-054   1.1125268646552376E-060   5.1433805107511240E-067
  -8.5126847032004186E+046  -1.0160684830164728E+057  -9.3293817461776563E+054  -2.7385310373888349E+046  -2.0653887353411967E+034  -3.1892136194033680E+020  -2401989.2789926077       -8.0306708451365705E-008  -4.0212529697976091E-020  -1.1693486082616724E-032   1.2444197908368897E-039   3.2956307787826327E-047   4.0307610501151979E-054   1.2630409932905234E-060   5.8963703274662754E-067
  -8.5924828696195863E+046  -1.0355757117050907E+057  -9.6009272154259653E+054  -2.8454808976366594E+046  -2.1662948484974343E+034  -3.3746679547729589E+020  -2562413.0336035765       -8.6347756501867989E-008  -4.3591002781926712E-020  -1.2785458183826728E-032   1.3729730529999999E-039   3.6702356796948537E-047   4.5320199300837147E-054   1.4339160313799904E-060   6.7595878947480185E-067
  -8.6730006083682837E+046  -1.0554532990968946E+057  -9.8803308933086170E+054  -2.9565912530647106E+046  -2.2721151590953172E+034  -3.5708783296116025E+020  -2733531.8016477027       -9.2842759111294153E-008  -4.7253148311263611E-020  -1.3979364410461203E-032   1.5148031041767501E-039   4.0874133131972995E-047   5.0956060686006791E-054   1.6279059914566387E-060   7.7491675376701155E-067
  -8.7542439825929281E+046  -1.0757081749362006E+057  -1.0167818629528443E+055  -3.0720232334361037E+046  -2.3830881527641900E+034  -3.7784668114788876E+020  -2916057.2028351109       -9.9825789376527690E-008  -5.1222768957301827E-020  -1.5284716321796431E-032   1.6712807812515856E-039   4.5520010017284469E-047   5.7292681718378608E-054   1.8481373453271976E-060   8.8836049565666211E-067
  -8.8362190996904420E+046  -1.0963473961085756E+057  -1.0463622711265645E+055  -3.1919441770122273E+046  -2.4994638437797206E+034  -3.9980913343731617E+020  -3110748.1067559365       -1.0733347465559405E-007  -5.5525663194350824E-020  -1.6711912612109401E-032   1.8439184187394442E-039   5.0693855902348908E-047   6.4417181301541381E-054   2.0981593892870174E-060   1.0184102791896773E-066
  -8.9189321115159590E+046  -1.1173781489102068E+057  -1.0767982044813082E+055  -3.3165278683611654E+046  -2.6215043299510237E+034  -4.2304477597697638E+020  -3318413.7630207567       -1.1540518778357592E-007  -6.0189792509479968E-020  -1.8272321812197491E-032   2.0343844493567744E-039   5.6455658575140068E-047   7.2427507229174822E-054   2.3820014188475285E-060   1.1674966752966177E-066
  -9.0023892145892342E+046  -1.1388077513561552E+057  -1.1081142342271737E+055  -3.4459547852122423E+046  -2.7494843740850259E+034  -4.4762720556629151E+020  -3539917.1382495374       -1.2408325258184538E-007  -6.5245462608892495E-020  -1.9978372696397957E-032   2.2445195106205458E-039   6.2872220140090339E-047   8.1433781973555358E-054   2.7042376334866843E-060   1.3384059708126316E-066
  -9.0865966502997165E+046  -1.1606436555281189E+057  -1.1403356313445155E+055  -3.5804123546980027E+046  -2.8836920132940254E+034  -4.7363426003404318E+020  -3776178.4735414502       -1.3341316472728577E-007  -7.0725519791384593E-020  -2.1843653112615821E-032   2.4763542127577321E-039   7.0017930904531640E-047   9.1559815692223686E-054   3.0700608163447481E-060   1.5343322216206617E-066
  -9.1715607051101948E+046  -1.1828934499623373E+057  -1.1734883863075206E+055  -3.7200952193376781E+046  -3.0244291974723264E+034  -5.0114826180024349E+020  -4028179.0769537073       -1.4344382912763660E-007  -7.6665563757142998E-020  -2.3883018019636150E-032   2.7321287392114457E-039   7.7975631130391370E-047   1.0294480722563868E-053   3.4853659750113359E-060   1.7589369219335762E-066
  -9.2572877107589857E+046  -1.2055648620782779E+057  -1.2075992293565435E+055  -3.8652055131294250E+046  -3.1720124583305685E+034  -5.3025627537388739E+020  -4296965.3664720478       -1.5422781503446293E-007  -8.3104178226070723E-020  -2.6112707588972706E-032   3.0143144686821507E-039   8.6837570624252223E-047   1.1574525643854915E-053   3.9568452898559840E-060   2.0164174039125792E-066
  -9.3437840444605628E+046  -1.2286657606487572E+057  -1.2426956513342159E+055  -4.0159531481323179E+046  -3.3267736104420571E+034  -5.6105037958070672E+020  -4583653.1799724773       -1.6582163021696439E-007  -9.0083180854604081E-020  -2.8550476308266214E-032   3.3256378271129358E-039   9.6706477270515548E-047   1.3013711415805325E-053   4.4920958983217186E-060   2.3115852447951973E-066
  -9.4310561291046031E+046  -1.2522041583121531E+057  -1.2788059251007476E+055  -4.1725561119333070E+046  -3.4890604858241722E+034  -5.9362795536009671E+020  -4889432.3697574232       -1.7828601561836975E-007  -9.7647894064332783E-020  -3.1215734110422336E-032   3.6691065995038625E-039   1.0769674687239715E-046   1.4631819922164617E-053   5.0997422501553201E-060   2.6499561455169639E-066
  -9.5191104334533392E+046  -1.2761882141273798E+057  -1.3159591275442485E+055  -4.3352407764090814E+046  -3.6592377036499341E+034  -6.2809199001797565E+020  -5215571.7004039595       -1.9168626202251571E-007  -1.0584743853045537E-019  -3.4129700647961074E-032   4.0480389551283909E-039   1.1993576806838690E-046   1.6451091581367799E-053   5.7895750030105910E-060   3.0378529589418339E-066
  -9.6079534723371848E+046  -1.3006262361723017E+057  -1.3541851622023253E+055  -4.5042422182080686E+046  -3.8376874767601842E+034  -6.6455139887261575E+020  -5563424.0698917890       -2.0609255037192611E-007  -1.1473505122405952E-019  -3.7315573936188148E-032   4.4660954658525040E-039   1.3356539765382080E-046   1.8496530838879483E-053   6.5727086940019874E-060   3.4825237912620222E-066
  -9.6975918068485375E+046  -1.3255266841862747E+057  -1.3935147825116376E+055  -4.6798045513936406E+046  -4.0248104567257491E+034  -7.0312136528359680E+020  -5934432.0752891907       -2.2158031750087431E-007  -1.2436843006034536E-019  -4.0798714702617865E-032   4.9273144260755195E-039   1.4874360337638878E-046   2.0796249611259777E-053   7.4617607248844273E-060   3.9922773814670614E-066
  -9.7880320445337031E+046  -1.3508981722575108E+057  -1.4339796157025468E+055  -4.8621812727060274E+046  -4.2210266192915742E+034  -7.4392370011014024E+020  -6330133.9456713712       -2.3823064917815126E-007  -1.3481010737622560E-019  -4.4606847904475284E-032   5.4361508145976898E-039   1.6564629321081360E-046   2.3381853395640427E-053   8.4710545414481331E-060   4.5766382862624051E-066
  -9.8792808395828604E+046  -1.3767494715559739E+057  -1.4756121873564462E+055  -5.0516356199174699E+046  -4.4267761921212998E+034  -7.8708722170435509E+020  -6752169.8664332256       -2.5613070249524948E-007  -1.4612785464633444E-019  -4.8770283012065079E-032   5.9975192737788985E-039   1.8446935227394985E-046   2.6288875343600122E-053   9.6168502769576014E-060   5.2465247674550348E-066
  -9.9713448930179942E+046  -1.4030895131125200E+057  -1.5184459466438300E+055  -5.2484409437728125E+046  -4.6425206268512822E+034  -8.3274815760753675E+020  -7202288.7207433060       -2.7537415978712941E-007  -1.5839512104754974E-019  -5.3322154804389529E-032   6.6168415200220163E-039   2.0543091094205707E-046   2.9557264256384633E-053   1.0917606571288831E-059   6.0144527025117029E-066
  -1.0064230952878720E+047  -1.4299273906450125E+057  -1.5625152922616350E+055  -5.4528810940260209E+046  -4.8687436175578593E+034  -8.8105056918380085E+020  -7682355.2755742231       -2.9606171643543565E-007  -1.7169150869996701E-019  -5.8298686585801463E-032   7.3000986422652375E-039   2.2877387040471423E-046   3.3231933198047226E-053   1.2394277778930742E-059   6.8947693246368856E-066
  -1.0157945814405926E+047  -1.4572723634321420E+057  -1.6078555990888917E+055  -5.6652508201021156E+046  -5.1059521678408495E+034  -9.3214680049519598E+020  -8194357.8415434351       -3.1830160507881036E-007  -1.8610328764825284E-019  -6.3739477909971691E-032   8.0538887922096448E-039   2.5476871486561716E-046   3.7363376254522529E-053   1.4070651348276791E-059   7.9039211553695169E-066
  -1.0252496320223133E+047  -1.4851338592357024E+057  -1.6545032455802164E+055  -5.8858561869336723E+046  -5.3546777088301546E+034  -9.8619795279624182E+020  -8740416.4377146773       -3.4221015894270054E-007  -2.0172395390296513E-019  -6.9687819091435936E-032   8.8854908218933208E-039   2.8371664291368638E-046   4.2008361901284965E-053   1.5973730800790644E-059   9.0607611307412505E-066
  -1.0347889360515545E+047  -1.5135214772720742E+057  -1.7024956419171981E+055  -6.1150150065414382E+046  -5.6154772705310388E+034  -1.0433743861037880E+021  -9322791.4945517145       -3.6791241720274114E-007  -2.1865483413838948E-019  -7.6191034996993523E-032   9.8029344814496336E-039   3.1595305427675198E-046   4.7230712492886324E-053   1.8134170472070674E-059   1.0386900653372836E-065
  -1.0444131873206617E+047  -1.5424449912336831E+057  -1.7518712589382725E+055  -6.3530572859497659E+046  -5.8889347090374581E+034  -1.1038562493804279E+021  -9943893.1303908844       -3.9554277551244372E-007  -2.3700574094348286E-019  -8.3300860840933124E-032   1.0815077853004664E-038   3.5185143227714713E-046   5.3102180568710023E-053   2.0586769009349033E-059   1.1907113141146641E-065
  -1.0541230844132155E+047  -1.5719143523612075E+057  -1.8026696578682083E+055  -6.6003256920494765E+046  -6.1756619922619337E+034  -1.1678340409566765E+021  -10606291.039115675       -4.2524568505863881E-007  -2.5689568284755385E-019  -9.1073852961286494E-032   1.1931692766282880E-038   3.9182766688123078E-046   5.9703433996900914E-053   2.3371029564920995E-059   1.3649796603913069E-065
  -1.0639193307211791E+047  -1.6019396925673242E+057  -1.8549315208689021E+055  -6.8571760340435012E+046  -6.4763005469551498E+034  -1.2355092009089769E+021  -11312725.029184544       -4.5717640375810338E-007  -2.7845363369442494E-019  -9.9571837831057797E-032   1.3163559018269739E-038   4.3634486832593749E-046   6.7125163470815214E-053   2.6531795697593612E-059   1.5647503880981572E-065
  -1.0738026344617784E+047  -1.6325313276127852E+057  -1.9086986824337458E+055  -7.1239777641341818E+046  -6.7915226699189435E+034  -1.3070947372076305E+021  -12066116.256792316       -4.9150180347732303E-007  -3.0181936632026908E-019  -1.0886240286082585E-031   1.4522568303961635E-038   4.8591872697365683E-046   7.5469327549926179E-053   3.0119973211704612E-059   1.7937550434446325E-065
  -1.0837737086941033E+047  -1.6636997603356347E+057  -1.9640141616484197E+055  -7.4011144971355384E+046  -7.1220330064529823E+034  -1.3828158875512220E+021  -12869579.198745975       -5.2840123744576827E-007  -3.2714435590352727E-019  -1.1901943287965468E-031   1.6021838858630675E-038   5.4112348135747838E-046   8.4850552322894331E-053   3.4193349545153722E-059   2.0562711040236211E-065
  -1.0938332713354226E+047  -1.6954556839343819E+057  -2.0209221953415693E+055  -7.6889845497191296E+046  -7.4685700992183588E+034  -1.4629108189123468E+021  -13726434.413619084       -5.6806747234287753E-007  -3.5459275880294222E-019  -1.3012369654248032E-031   1.7675841915040244E-038   6.0259856340489267E-046   9.5397704890291588E-053   3.8817523886411745E-059   2.3572018377131520E-065
  -1.1039820451772026E+047  -1.7278099853059587E+057  -2.0794682721494425E+055  -7.9880015000283384E+046  -7.8319080108510020E+034  -1.5476313669337633E+021  -14640222.142926769       -6.1070768987171440E-007  -3.8434247318464120E-019  -1.4226348730691615E-031   1.9500541192655792E-038   6.7105599765046684E-046   1.0725566224728522E-052   4.4066962980825859E-059   2.7021678414770149E-065
  -1.1142207579008208E+047  -1.7607737484393004E+057  -2.1396991675191936E+055  -8.2985947684231148E+046  -8.2128580238143989E+034  -1.6372438174348235E+021  -15614716.807448253       -6.5654456298970628E-007  -4.1658628826447352E-019  -1.5553532405384721E-031   2.1513546761193964E-038   7.4728863995703621E-046   1.2058729982506782E-052   5.0026199607323627E-059   3.0976119680305798E-065
  -1.1245501420929635E+047  -1.7943582578653967E+057  -2.2016629796762223E+055  -8.6212102201453966E+046  -8.6122704211450450E+034  -1.7320297324155455E+021  -16653942.457429612       -7.0581741235079355E-007  -4.5153312956080739E-019  -1.7004471689766505E-031   2.3734284759043923E-038   8.3217935096100764E-046   1.3557572696063735E-052   5.6791193000292890E-059   3.5509195980489055E-065
  -1.1349709352606984E+047  -1.8285750021646755E+057  -2.2654091665815682E+055  -8.9563107907246284E+046  -9.0310363519155778E+034  -1.8322868230803554E+021  -17762189.239239961       -7.5878344892568539E-007  -4.8940940816935198E-019  -1.8590700424724431E-031   2.6184184599503358E-038   9.2671121025227548E-046   1.5242679994890681E-052   6.4470873094822349E-059   4.0705565018061789E-065
  -1.1454838798462108E+047  -1.8634356775325898E+057  -2.3309885839060788E+055  -9.3043771349730544E+046  -9.4700897854200991E+034  -1.9383298725457366E+021  -18944030.945145145       -8.1571910920982726E-007  -5.3046048273922998E-019  -2.0324826774183952E-031   2.8886885465859942E-038   1.0319788893174703E-045   1.7137194713538932E-052   7.3188893428441472E-059   4.6662268621829197E-065
  -1.1560897232411970E+047  -1.8989521914042865E+057  -2.3984535240487629E+055  -9.6659083004518676E+046  -9.9304095582740597E+034  -2.0504917110462216E+021  -20204343.717220265       -8.7692148990439798E-007  -5.7495224355275030E-019  -2.2220633230141921E-031   3.1868464081728977E-038   1.1492013146553677E-045   1.9267134478393440E-052   8.3085620886456141E-059   5.3490544069738878E-065
  -1.1667892178008989E+047  -1.9351366661392538E+057  -2.4678577562274593E+055  -1.0041422426321782E+047  -1.0413021518817728E+035  -2.1691242466117603E+021  -21548325.981063344       -9.4270988946658669E-007  -6.2317282889472668E-019  -2.4293185920340267E-031   3.5157685947507136E-038   1.2797357673695235E-045   2.1661748726072058E-052   9.4320394284799295E-059   6.1317900293821543E-065
  -1.1775831208577741E+047  -1.9720014427668491E+057  -2.5392565676706938E+055  -1.0431457468525310E+047  -1.0919000773418040E+035  -2.2945995543569999E+021  -22981519.689915575       -1.0134274644741648E-006  -6.7543448474576826E-019  -2.6558954083261473E-031   3.8786282459281101E-038   1.4250935821272890E-045   2.4353920047872127E-052   1.0707408810513404E-058   7.0290497695238737E-065
  -1.1884721947347858E+047  -2.0095590847936190E+057  -2.6127068059403473E+055  -1.0836571952282928E+047  -1.1449474039478928E+035  -2.4273110276998840E+021  -24509832.965058390       -1.0894430093387428E-006  -7.3207557975313365E-019  -2.9035940655431335E-031   4.2789256575199802E-038   1.5869576268374438E-045   2.7380615362010189E-052   1.2155202260113998E-058   8.0575875958977453E-065
  -1.1994572067583081E+047  -2.0478223820733447E+057  -2.6882669224155375E+055  -1.1257345752921525E+047  -1.2005622110195622E+035  -2.5676745950137575E+021  -26139564.223964989       -1.1711528685351004E-006  -7.9346278842836372E-019  -3.1743825003769078E-031   4.7205219968563645E-038   1.7672017649535566E-045   3.0783393098058260E-052   1.3798726706122173E-058   9.2366080746411998E-065
  -1.2105389292706271E+047  -2.0868043547407412E+057  -2.7659970169689074E+055  -1.1694380906091024E+047  -1.2588682436324166E+035  -2.7161300054143979E+021  -27877427.893656131       -1.2589829911938127E-006  -8.5999345659933293E-019  -3.4704118931621342E-031   5.2076764909331965E-038   1.9679125251936983E-045   3.4608973345312320E-052   1.5664438933066920E-058   1.0588124758091249E-064
  -1.2217181396420334E+047  -2.1265182572097681E+057  -2.8459588838673236E+055  -1.2148302448463903E+047  -1.3199951830484174E+035  -2.8731421875916631E+021  -29730581.813070431       -1.3533911386345144E-006  -9.3209816431246161E-019  -3.7940337191908536E-031   5.7450874449299255E-038   2.1914132289429951E-045   3.8909878779334197E-052   1.7782371186699397E-058   1.2137370976546794E-064
  -1.2329956202824904E+047  -2.1669775822375008E+057  -2.9282160589298352E+055  -1.2619759290052654E+047  -1.3840789299771013E+035  -3.0392026858153637E+021  -31706656.435033556       -1.4548692562012782E-006  -1.0102435026460582E-018  -4.1478183855324929E-031   6.3379374854037645E-038   2.4402908539672009E-045   4.3745155150386568E-052   2.0186614274087452E-058   1.3913270694069937E-064
  -1.2443721586528673E+047  -2.2081960650545435E+057  -3.0128338679765842E+055  -1.3109425119321909E+047  -1.4512619012723822E+035  -3.2148311774771827E+021  -33813785.945624940       -1.5639460216036981E-006  -1.0949350822661699E-018  -4.5345756006667379E-031   6.9919434630371106E-038   2.7174259446397593E-045   4.9181181207195085E-052   2.2915865923250067E-058   1.5948978208864814E-064
  -1.2558485472757257E+047  -2.2501876875629612E+057  -3.0998794766032476E+055  -1.3617999342315234E+047  -1.5216933406978356E+035  -3.4005770767756548E+021  -36060641.426423870       -1.6811895828716431E-006  -1.1867207930406478E-018  -4.9573766379106490E-031   7.7134114945522844E-038   3.0260259140353819E-045   5.5292579154326564E-052   2.6014053215737727E-058   1.8282496762089955E-064
  -1.2674255837456453E+047  -2.2929666826027262E+057  -3.1894219413164732E+055  -1.4146208057061342E+047  -1.5955296444229563E+035  -3.5970212294101146E+021  -38456466.193298973       -1.8072105000028846E-006  -1.2861943356348247E-018  -5.4195786685633163E-031   8.5092976727445325E-038   3.3696621223748775E-045   6.2163238118221680E-052   2.9531039095509165E-058   2.0957387589796677E-064
  -1.2791040707390783E+047  -2.3365475382876816E+057  -3.2815322620667159E+055  -1.4694805064570961E+047  -1.6729347019438157E+035  -3.8047777034228759E+021  -41011113.454118811       -1.9426649054258116E-006  -1.3939990477534982E-018  -5.9248513570187141E-031   9.3872750279927094E-038   3.7523111598694728E-045   6.9887464644392435E-052   3.3523424308012698E-058   2.4023582638434955E-064
  -1.2908848160237180E+047  -2.3809450024120451E+057  -3.3762834362157971E+055  -1.5264572917783630E+047  -1.7540802531539318E+035  -4.0244956816175095E+021  -43735086.437040612       -2.0882578995195415E-006  -1.5108320495799010E-018  -6.4772059279386323E-031   1.0355807384608246E-037   4.1784008105097852E-045   7.8571275987650931E-052   3.8055457656223834E-058   2.7538316096423528E-064
  -1.3027686324673686E+047  -2.4261740869284745E+057  -3.4737505139775027E+055  -1.5856324009873570E+047  -1.8391462623250409E+035  -4.2568614612858207E+021  -46639581.150916062       -2.2447471986365687E-006  -1.6374487350050081E-018  -7.0810269350727502E-031   1.1424230821551218E-037   4.6528612273334187E-045   8.8333853912260419E-052   4.3200069200114619E-058   3.1567192108621449E-064
  -1.3147563380463037E+047  -2.4722500724987413E+057  -3.5740106553705059E+055  -1.6470901703375370E+047  -1.9283213097929030E+035  -4.5026005672978368E+021  -49736531.949875854       -2.4129470543647942E-006  -1.7746676374528902E-018  -7.7411069826152776E-031   1.2602843520011069E-037   5.1811819098072721E-045   9.9309178916321648E-052   4.9040043000547478E-058   3.6185408578396654E-064
  -1.3268487558530998E+047  -2.5191885131180582E+057  -3.6771431887239259E+055  -1.7109181501643752E+047  -2.0218030021803558E+035  -4.7624799849487857E+021  -53038660.085360385       -2.5937324641528495E-006  -1.9233757015039323E-018  -8.4626846732644667E-031   1.3903004860817124E-037   5.7694751408680894E-045   1.1164786726456950E-051   5.5669348249573698E-058   4.1479159870617045E-064
  -1.3390467141039289E+047  -2.5670052408141300E+057  -3.7832296707768743E+055  -1.7772072264217040E+047  -2.1197984020286273E+035  -5.0373105193156503E+021  -56559525.440796472       -2.7880436949121428E-006  -2.0845339941128338E-018  -9.2514860825854374E-031   1.5337244723380420E-037   6.4245466156475171E-045   1.2551923598981942E-051   6.3194650172524164E-058   4.7547244562444894E-064
  -1.3513510461452995E+047  -2.6157163704219982E+057  -3.8923539484144043E+055  -1.8460517467711438E+047  -2.2225244777485025E+035  -5.3279492882544502E+021  -60313581.656825833       -2.9968911428085089E-006  -2.2591838920288976E-018  -1.0113770087067958E-030   1.6919384035722863E-037   7.1539740768232570E-045   1.4111362414351522E-051   7.1737024973904532E-058   5.4502908209357394E-064
  -1.3637625904602287E+047  -2.6653383044357681E+057  -4.0046022220833657E+055  -1.9175496513932614E+047  -2.3302085748453957E+035  -5.6353023565690936E+021  -64316234.868520804       -3.2213605541738616E-006  -2.4484537850700387E-018  -1.1056377903637124E-030   1.8664667733058133E-037   7.9661948638399135E-045   1.5864500208283556E-051   8.1433906375248403E-058   6.2475955472466584E-064
  -1.3762821906738314E+047  -2.7158877379383164E+057  -4.1200631109327987E+055  -1.9918026086952737E+047  -2.4430889094167979E+035  -5.9603275193045536E+021  -68583906.290429190       -3.4626186343124909E-006  -2.6535663381985583E-018  -1.2086787231554811E-030   2.0589911401383440E-037   8.8706033859938411E-045   1.7835390452354185E-051   9.2441295011282592E-058   7.1615170971478221E-064
  -1.3889106955583131E+047  -2.7673816636100886E+057  -4.2388277197246332E+055  -2.0689161560964943E+047  -2.5614150849670370E+035  -6.3040372425625468E+021  -73134098.900629684       -3.7219190729569851E-006  -2.8758463589169658E-018  -1.3213171423903428E-030   2.2713663013760303E-037   9.8776596437579122E-045   2.0051072751805959E-051   1.0493626617064572E-057   8.2091093978916498E-064
  -1.4016489590373480E+047  -2.8198373768181079E+057  -4.3609897075616437E+055  -2.1489998460793258E+047  -2.6854486336328826E+035  -6.6675017707080783E+021  -77985468.491312340       -4.0006090172551224E-006  -3.1167293203686450E-018  -1.4444464155455636E-030   2.5056381311660506E-037   1.0999010050050248E-044   2.2541943449771029E-051   1.1911981615664270E-057   9.4099198662593289E-064
  -1.4144978401898306E+047  -2.8732724807863310E+057  -4.4866453584808059E+055  -2.2321673977004538E+047  -2.8154635829643812E+035  -7.0518524093315783E+021  -83157899.370789453       -4.3001360254523133E-006  -3.3777705947155214E-018  -1.5790430097014709E-030   2.7640632543314027E-037   1.2247621944890287E-044   2.5342172211458305E-051   1.3522009297890397E-057   1.0786353913738493E-063
  -1.4274582032529824E+047  -2.9277048918484926E+057  -4.6158936539614396E+055  -2.3185368537639861E+047  -2.9517470494584773E+035  -7.4582849938552783E+021  -88672585.020357892       -4.6220555368857041E-006  -3.6606554558996334E-018  -1.7261742153599802E-030   3.0491307446943938E-037   1.3637933354666035E-044   2.8490170290870631E-051   1.5349606325549237E-057   1.2364092724477354E-063
  -1.4405309176247986E+047  -2.9831528447845943E+057  -4.7488363473987791E+055  -2.4082307438656327E+047  -3.0945998600986194E+035  -7.8880635542255614E+021  -94552114.029148713       -4.9680388965383430E-006  -3.9672099158064376E-018  -1.8870065875519090E-030   3.3635860560791241E-037   1.5186019722872355E-044   3.2029116889586966E-051   1.7424167420585631E-057   1.4172572090040860E-063
  -1.4537168578658181E+047  -3.0396348982422094E+057  -4.8855780405949052E+055  -2.5013762535246223E+047  -3.2443372032117212E+035  -8.3425241867167780E+021  -100820561.65108907       -5.3398819752280796E-006  -4.2994124631659124E-018  -2.0628151707826778E-030   3.7104574155773943E-037   1.6909779534691078E-044   3.6007550811721528E-051   1.9779057756028680E-057   1.6245531222075849E-063
  -1.4670169037001995E+047  -3.0971699402437810E+057  -5.0262262623203007E+055  -2.5981053996279432E+047  -3.4012893100147161E+035  -8.8230791444882480E+021  -107503587.35044861       -5.7395144295404015E-006  -4.6594067802867862E-018  -2.2549935805339715E-030   4.0930849322533823E-037   1.8829140975417215E-044   4.0480035512207278E-051   2.2452149122854911E-057   1.8621641767130857E-063
  -1.4804319400160879E+047  -3.1557771937811037E+057  -5.1708915490006389E+055  -2.6985552124196474E+047  -3.5658021682865959E+035  -9.3312211591865544E+021  -114628538.72623403       -6.1690096488725091E-006  -5.0495155189560211E-018  -2.4650650207778966E-030   4.5151527004755054E-037   2.0966292004993212E-044   4.5507906639240649E-051   2.5486428480364684E-057   2.1345228741315204E-063
  -1.4939628568652533E+047  -3.2154762224981937E+057  -5.3196875275848200E+055  -2.8028679242764153E+047  -3.7382382696683990E+035  -9.8685280065717430E+021  -122224562.23102474       -6.6305954404539614E-006  -5.4722552235895151E-018  -2.6946943243229395E-030   4.9807242057475614E-037   2.3345936500579402E-044   5.1160112299770711E-051   2.8930688659022898E-057   2.4467096814003139E-063
  -1.5076105494619844E+047  -3.2762869364637548E+057  -5.4727310006516620E+055  -2.9111911655193324E+047  -3.9189773921632423E+035  -1.0436667329870603E+022  -130322721.12680814       -7.1266655069649119E-006  -5.9303524970336740E-018  -2.9457011108552440E-030   5.4942813725394578E-037   2.5995579419262428E-044   5.7514157544721149E-051   3.2840312302707257E-057   2.8045477331227673E-063
  -1.5213759181812185E+047  -3.3382295980344723E+057  -5.6301420338141391E+055  -3.0236781675208921E+047  -4.1084174194813182E+035  -1.1037401735324934E+022  -138956121.14908090       -7.6597917754050624E-006  -6.4267615123373076E-018  -3.2200741663273881E-030   6.0607676284926352E-037   2.8945844267133597E-044   6.4657165995502303E-051   3.7278161633054163E-057   3.2147113717247459E-063
  -1.5352598685558903E+047  -3.4013248278103655E+057  -5.7920440454815396E+055  -3.1404879733756284E+047  -4.3069751989509252E+035  -1.1672594175209851E+022  -148160044.38104302       -8.2327376401954344E-006  -6.9646829823893862E-018  -3.5199871569487676E-030   6.6856353978295473E-037   3.2230826532894572E-044   7.2687073134753223E-051   4.2315588316057891E-057   3.6848505468813767E-063
  -1.5492633112734807E+047  -3.4655936106834505E+057  -5.9585638990414302E+055  -3.2617856564125055E+047  -4.5150874397962636E+035  -1.2344213634448949E+022  -157972091.87224585       -8.8484721881425247E-006  -7.5475847086048375E-018  -3.8478158015219985E-030   7.3748984791973979E-037   3.5888487158140784E-044   8.1713967584004342E-051   4.8033579637456224E-057   4.2237333908819127E-063
  -1.5633871621717458E+047  -3.5310573019809687E+057  -6.1298319975248908E+055  -3.3877425468372540E+047  -4.7332116536660057E+035  -1.3054341137852197E+022  -168432335.57068798       -9.5101854778838676E-006  -8.1792238398964632E-018  -4.2061566373305645E-030   8.1351898099283808E-037   3.9961090577288677E-044   9.1861598713630568E-051   5.4524059379582899E-057   4.8414096249169975E-063
  -1.5776323422336092E+047  -3.5977376337044454E+057  -6.3059823808200808E+055  -3.5185364668032678E+047  -4.9618271393837545E+035  -1.3805176095951131E+022  -179583480.17421991       -1.0221304951790454E-005  -8.8636709840598825E-018  -4.5978475273039020E-030   8.9738251702480168E-037   4.4495692373043032E-044   1.0326907120367184E-050   6.1891364273299057E-057   5.5493978389797825E-063
  -1.5919997775811941E+047  -3.6656567208658699E+057  -6.4871528255008256E+055  -3.6543519742204742E+047  -5.2014360139825912E+035  -1.4599043008407143E+022  -191471035.54636398       -1.0985513064051804E-005  -9.6053363254889246E-018  -5.0259900698651427E-030   9.8988734378016706E-037   4.9544682164235281E-044   1.1609274972884616E-050   7.0253919714066237E-057   6.3609001323789994E-063
  -1.6064903994689801E+047  -3.7348370679222745E+057  -6.6734849473386035E+055  -3.7953806156227564E+047  -5.4525642921811537E+035  -1.5438398545025303E+022  -204143500.38342977       -1.1806766214842613E-005  -1.0408997915905679E-017  -5.4939740878108505E-030   1.0919234065539081E-036   5.5166387978357424E-044   1.3050839981222120E-050   7.9746141626277232E-057   7.2910481110280304E-063
  -1.6211051442760592E+047  -3.8053015753100242E+057  -6.8651243065680115E+055  -3.9418211884260843E+047  -5.7157630165582827E+035  -1.6325839025521067E+022  -217652557.86427280       -1.2689315087096810E-005  -1.1279832318613092E-017  -6.0055043888980196E-030   1.2044722525095449E-036   6.1425749068463864E-044   1.4671359411870669E-050   9.0520594985780505E-057   8.3571848211641811E-063
  -1.6358449534974754E+047  -3.8770735460801216E+057  -7.0622205159775652E+055  -4.0938800129214851E+047  -5.9916094407874164E+035  -1.7264108320363916E+022  -232053284.06137589       -1.3637726489528715E-005  -1.2223447801745884E-017  -6.5646300086490976E-030   1.3286164533994153E-036   6.8395064921434300E-044   1.6493041708578896E-050   1.0275044362516863E-056   9.5791878678122687E-063
  -1.6507107737346214E+047  -3.9501766926358474E+057  -7.2649273518994543E+055  -4.2517712143593889E+047  -6.2807082684007797E+035  -1.8256106196263416E+022  -247404369.94231272       -1.4656906817177594E-005  -1.3245920292202160E-017  -7.1757761653700372E-030   1.4655499968996836E-036   7.6154829080919214E-044   1.8540850486420126E-050   1.1663223061572461E-056   1.0979839732563884E-062
  -1.6657035566846764E+047  -4.0246351435740764E+057  -7.4734028681737541E+055  -4.4157170154947249E+047  -6.5836929496673038E+035  -1.9304897131173449E+022  -263768357.84427693       -1.5752127248949405E-005  -1.4353832319485679E-017  -7.8437791786617670E-030   1.6165897460542101E-036   8.4794657383681493E-044   2.0842846212107741E-050   1.3238903381867635E-056   1.2585252183338612E-062
  -1.6808242591290593E+047  -4.1004734506316045E+057  -7.6878095131644398E+055  -4.5859480399754323E+047  -6.9012270392872016E+035  -2.0413719625072606E+022  -281211893.36143512       -1.6929050810428998E-005  -1.5554315197688131E-017  -8.5739246259581110E-030   1.7831880765326929E-036   9.4414321293693103E-044   2.3430570240501181E-050   1.5027404721140883E-056   1.4425352675043292E-062
  -1.6960738429208762E+047  -4.1777165957378334E+057  -7.9083142499064953E+055  -4.7627036269708106E+047  -7.2340056177306228E+035  -2.1585996034237450E+022  -299805993.64560944       -1.8193761439681649E-005  -1.6855094714411528E-017  -9.3719890370246664E-030   1.9669468126668282E-036   1.0512489822669805E-043   2.6339476455650725E-050   1.7057464541776162E-056   1.6534441793147230E-062
  -1.7114532749713404E+047  -4.2563899981751848E+057  -8.1350886794653767E+055  -4.9462321574503861E+047  -7.5827567791778985E+035  -2.2825342958264360E+022  -319626333.18545002       -1.9552795203901647E-005  -1.8264540617703085E-017  -1.0244285454101863E-029   2.1696325956408413E-036   1.1705005210287055E-043   2.9609416414737244E-050   1.9361699661468733E-056   1.8951832113568880E-062
  -1.7269635272351414E+047  -4.3365195218486035E+057  -8.3683091675921051E+055  -5.1367913925386953E+047  -7.9482431891549333E+035  -2.4135582210719534E+022  -340753548.19806916       -2.1013173825648574E-005  -1.9791720216188602E-017  -1.1197713215687733E-029   2.3931938308978828E-036   1.3032745886210376E-043   3.3285184623732182E-050   2.1977129777426379E-056   2.1722580366471041E-062
  -1.7426055766947385E+047  -4.4181314826655381E+057  -8.6081569747593169E+055  -5.3346488243866679E+047  -8.3312637150995076E+035  -2.5520752406009888E+022  -363273560.84034288       -2.2582440689093278E-005  -2.1446456433697758E-017  -1.2239812355068558E-029   2.6397793769117194E-036   1.4511039334252211E-043   3.7417131394486897E-050   2.4945771617091854E-056   2.4898326526714587E-062
  -1.7583804053435561E+047  -4.5012526560277718E+057  -8.8548183896657281E+055  -5.5400820400160852E+047  -8.7326551332429343E+035  -2.6985121196875289E+022  -387277924.52502668       -2.4268699509233647E-005  -2.3239390687940033E-017  -1.3378823040876593E-029   2.9117591541076138E-036   1.6156949577711840E-043   4.2061851655444081E-050   2.8315313239824893E-056   2.8538255442054425E-062
  -1.7742890001680572E+047  -4.5859102844365205E+057  -9.1084848662986177E+055  -5.7533790986099163E+047  -9.1532939153469160E+035  -2.8533198198809507E+022  -412864191.70977694       -2.6080655860497921E-005  -2.5182050993391230E-017  -1.4623750526465778E-029   3.2117468710555154E-036   1.7989473822723126E-043   4.7282959124814537E-050   3.2139879297898715E-056   3.2710198888603988E-062
  -1.7903323531286693E+047  -4.6721320852121814E+057  -9.3693531646461347E+055  -5.9748389227382948E+047  -9.5940980989979294E+035  -3.0169748639729158E+022  -440136305.61544174       -2.8027661775597332E-005  -2.7286925721680476E-017  -1.5984436118056538E-029   3.5426250852773202E-036   2.0029761356854857E-043   5.3151956420001162E-050   3.6480899522082040E-056   3.7491898553958261E-062
  -1.8065114611395366E+047  -4.7599462583301577E+057  -9.6376254951535153E+055  -6.2047717040273737E+047  -1.0056029245331278E+036  -3.1899807775332478E+022  -469205017.42392272       -3.0119763640992757E-005  -2.9567543488634393E-017  -1.7471634718746121E-029   3.9075728383002915E-036   2.2301357220177059E-043   5.9749212986144602E-050   4.1408094350292220E-056   4.2972453440131543E-062
  -1.8228273260470768E+047  -4.8493814943741811E+057  -9.9135096670195759E+055  -6.4434993237964461E+047  -1.0540094488234472E+036  -3.3728696112828780E+022  -500188330.60587329       -3.2367753631978766E-005  -3.2038559675964554E-017  -1.9097099556978525E-029   4.3100961291628772E-036   2.4830473450527875E-043   6.7165064197739404E-050   4.7000593493754008E-056   4.9253978606682899E-062
  -1.8392809546073116E+047  -4.9404669826085426E+057  -1.0197219240432244E+056  -6.6913557892074636E+047  -1.1047348679265162E+036  -3.5662035488081629E+022  -533211974.13487619       -3.4783224948246074E-005  -3.4715850137620552E-017  -2.0873674764319192E-029   4.7540615176708177E-036   2.7646291021372539E-043   7.5501046640355670E-050   5.3348205363775708E-056   5.6453506102716194E-062
  -1.8558733584619475E+047  -5.0332324191706862E+057  -1.0488973682844263E+056  -6.9486876854904926E+047  -1.1578896632712773E+036  -3.7705766043700362E+022  -568409906.45793879       -3.7378631129948874E-005  -3.7616612686337902E-017  -2.2815396528822487E-029   5.2437331785682217E-036   3.0781295943065035E-043   8.4871286437105414E-050   6.0552857697690641E-056   6.4705163437775639E-062
  -1.8726055541131792E+047  -5.1277080153855935E+057  -1.0788998529392731E+056  -7.2158546448287438E+047  -1.2135895475435711E+036  -3.9866164158243082E+022  -605924852.21259809       -4.0167349754872190E-005  -4.0759477005173898E-017  -2.4937603617392631E-029   5.7838137607141807E-036   3.4271653390539999E-043   9.5404059571901406E-050   6.8730232463317796E-056   7.4162670099564430E-062
  -1.8894785628971896E+047  -5.2239245062034117E+057  -1.1097525547568593E+056  -7.4932298325075832E+047  -1.2719557106317874E+036  -4.2149861379466777E+022  -645908873.80909455       -4.3163750839368653E-005  -4.4164623682154393E-017  -2.7257058133843892E-029   6.3794894416534231E-036   3.8157624156967591E-043   1.0724354550718027E-049   7.8011621231277820E-056   8.5002198536623272E-062
  -1.9064934109563150E+047  -5.3219131587617711E+057  -1.1414792906244858E+056  -7.7812004509534338E+047  -1.3331150770409609E+036  -4.4563864417484749E+022  -688523980.13245344       -4.6383270289423784E-005  -4.7853913123885298E-017  -2.9792077459433571E-029   7.0364796079844511E-036   4.2484028218694235E-043   1.2055179802952247E-049   8.8546030733360291E-056   9.7425652796297861E-062
  -1.9236511292098527E+047  -5.4217057810742651E+057  -1.1741045349174892E+056  -8.0801682623107398E+047  -1.3972005753049709E+036  -4.7115576256776072E+022  -733942774.76442194       -4.9842488773631508E-005  -5.1851025166476621E-017  -3.2562678410094838E-029   7.7610916360407355E-036   4.7300760737427256E-043   1.3551096021836294E-049   1.0050257232926502E-055   1.1166442576816561E-061
  -1.9409527533234747E+047  -5.5233347308465332E+057  -1.2076534373074865E+056  -8.3905501302281777E+047  -1.4643514199506819E+036  -4.9812818449245684E+022  -782349146.27960253       -5.3559216417143802E-005  -5.6181610269775973E-017  -3.5590734740115532E-029   8.5602812960288725E-036   5.2663366427288021E-043   1.5232575376104330E-049   1.1407317364740778E-055   1.2798370487455773E-061
  -1.9583993236772266E+047  -5.6268329244214405E+057  -1.2421518410407205E+056  -8.7127785815491138E+047  -1.5347134065931430E+036  -5.2663854653965014E+022  -833939003.33440197       -5.7552583744935379E-005  -6.0873453254136984E-017  -3.8900149226336559E-029   9.4417193563739991E-036   5.8633678883939999E-043   1.7122627657707948E-049   1.2947565582067408E-055   1.4668740623785969E-061
  -1.9759918853320747E+047  -5.7322338458547999E+057  -1.2776263016984674E+056  -9.0473023886259464E+047  -1.6084392207673669E+036  -5.5677415492842596E+022  -888921057.44218719       -6.1843139334141349E-005  -6.5956650618214862E-017  -4.2517041680890110E-029   1.0413865024116132E-035   6.5280532218154550E-043   1.9247114691657147E-049   1.4695722558736722E-055   1.6812382902789019E-061
  -1.9937314879949761E+047  -5.8395715561231350E+057  -1.3141041064517631E+056  -9.3945871730034701E+047  -1.6856887611298150E+036  -5.8862724795291203E+022  -947517656.51399553       -6.6452954668938906E-005  -7.1463802562083020E-017  -4.6469954364949355E-029   1.1486046922342491E-035   7.2680553165430897E-043   2.1635103681930584E-049   1.6679843816455363E-055   1.9269213506837048E-061
  -2.0116191859824374E+047  -5.9488807024649440E+057  -1.3516132938229932E+056  -9.7551160312427510E+047  -1.7666294776915461E+036  -6.2229527308983767E+022  -1009965672.4419771       -7.1405736727620043E-005  -7.7430220932838478E-017  -5.0790076411883616E-029   1.2668552377448412E-035   8.0919042766119476E-043   2.4319264312649951E-049   1.8931769433154742E-055   2.2084977410737039E-061
  -2.0296560381825334E+047  -6.0601965278569568E+057  -1.3901826739671971E+056  -1.0129390183684295E+048  -1.8514367257751262E+036  -6.5788117958035881E+022  -1076517446.2132185       -7.6726948870320827E-005  -8.3894154410391564E-017  -5.5511489016662526E-029   1.3972725868174573E-035   9.0090957737461516E-043   2.7336315019842667E-049   2.1487634370563994E-055   2.5312099271685852E-061
  -2.0478431080153518E+047  -6.1735548806268650E+057  -1.4298418494862398E+056  -1.0517929646977499E+048  -1.9402941364188769E+036  -6.9549372734430071E+022  -1147441794.2655027       -8.2443940637525170E-005  -9.0897032359945376E-017  -6.0671433310481087E-029   1.5411077575621812E-035   1.0030200280178965E-042   3.0727524518939555E-049   2.4388447588678443E-055   2.9010658490669477E-061
  -2.0661814633918321E+047  -6.2889922242040031E+057  -1.4706212367893211E+056  -1.0921273931232543E+048  -2.0333940039849424E+036  -7.3524781313218318E+022  -1223025080.0347669       -8.8586087114154562E-005  -9.8483728895444091E-017  -6.6310603016643577E-029   1.6997403069624226E-035   1.1166984650689735E-042   3.4539275425772690E-049   2.7680749214754639E-055   3.3249506559161250E-061
  -2.0846721766709671E+047  -6.4065456470094707E+057  -1.5125520880136152E+056  -1.1339982762681081E+048  -2.1309376917620199E+036  -7.7726481487018527E+022  -1303572354.8974059       -9.5184938562009879E-005  -1.0670284882574221E-016  -7.2473464177121459E-029   1.8746915272878627E-035   1.2432547448981001E-042   3.8823697654480421E-049   3.1417356282479640E-055   3.8107547446329998E-061
  -2.1033163246153305E+047  -6.5262528724871768E+057  -1.5556665135191548E+056  -1.1774636832763310E+048  -2.2331360563895134E+036  -8.2167295520570517E+022  -1389408572.9801347       -1.0227438107478469E-004  -1.1560703729321597E-016  -7.9208604450388323E-029   2.0676389961088633E-035   1.3841469571004445E-042   4.3639380225881049E-049   3.5658208972952164E-055   4.3675204808320300E-061
  -2.1221149883448990E+047  -6.6481522692773013E+057  -1.5999975049724143E+056  -1.2225838574591249E+048  -2.3402098919673827E+036  -8.6860768531653463E+022  -1480879884.5968614       -1.0989080906507545E-004  -1.2525331506386584E-016  -8.6569114711771791E-029   2.2804326186192196E-035   1.5409981893091786E-042   4.9052171187450719E-049   4.0471330895671956E-055   5.0056103268602227E-061
  -2.1410692532891352E+047  -6.7722828615336272E+057  -1.6455789590333854E+056  -1.2694212967771487E+048  -2.4523903947551541E+036  -9.1821209010504204E+022  -1578355013.3770304       -1.1807331045204519E-004  -1.3570344158957646E-016  -9.4613005939434489E-029   2.5151123151722850E-035   1.7156151867757072E-042   5.5136076545534779E-049   4.5933918770492881E-055   5.7368994991163498E-061
  -2.1601802091372907E+047  -6.8986843393862611E+057  -1.6924457016612894E+056  -1.3180408372605150E+048  -2.5699196494045010E+036  -9.7063731596030512E+022  -1682226722.4743435       -1.2686386548194561E-004  -1.4702430813811795E-016  -1.0340366464415691E-028   2.7739275225852102E-035   1.9100091207037039E-042   6.1974270458124415E-049   5.2133578939532767E-055   6.5749967320045119E-061
  -2.1794489497868996E+047  -7.0273970695511862E+057  -1.7406335130544240E+056  -1.3685097394718560E+048  -2.6930511377125767E+036  -1.0260430223360346E+023  -1792913375.5898569       -1.3630756018188198E-004  -1.5928836347577996E-016  -1.1301035040147328E-028   3.0593586950155303E-035   2.1264187034703188E-042   6.9660230450740109E-049   5.9169730484335146E-055   7.5354972473732431E-061
  -2.1988765732904231E+047  -7.1584621060881419E+057  -1.7901791532400081E+056  -1.4208977781214964E+048  -2.8220502709279462E+036  -1.0845978584605496E+023  -1910860598.9105146       -1.4645281552035086E-004  -1.7257407479240811E-016  -1.2350873937273452E-028   3.3741410092269485E-035   2.3673359157368958E-042   7.8299013119236721E-049   6.7155197385562963E-055   8.6362726257812960E-061
  -2.2184641818000068E+047  -7.2919212013082878E+057  -1.8411203883302600E+056  -1.4752773349475882E+048  -2.9571949466876550E+036  -1.1464799665672049E+023  -2036543050.4545965       -1.5735163342655328E-004  -1.8696642678034003E-016  -1.3498151805987919E-028   3.7212905000167882E-035   2.6355346403493847E-042   8.8008687694773460E-049   7.6218015182620824E-055   9.8978029604771084E-061
  -2.2382128815103176E+047  -7.4278168168331163E+057  -1.8934960174613212E+056  -1.5317234949780093E+048  -3.0987761317126832E+036  -1.2118775131097224E+023  -2170466303.7307830       -1.6905986090467177E-004  -2.0255746201869335E-016  -1.4751903192985417E-028   4.1041328746746353E-035   2.9341025311964409E-042   9.8921946993715085E-049   8.6503481017000488E-055   1.1343557459258551E-060
  -2.2581237825994154E+047  -7.5661921348060760E+057  -1.9473459004320273E+056  -1.5903141462949055E+048  -3.2470984714399849E+036  -1.2809892495070576E+023  -2313168853.0591850       -1.8163747356961170E-004  -2.1944686607413871E-016  -1.6121999397177108E-028   4.5263352807985475E-035   3.2664764822104194E-042   1.1118791768798776E-048   9.8176479830446500E-055   1.3000430557916099E-060
  -2.2781979991676256E+047  -7.7070910692583514E+057  -2.0027109860599198E+056  -1.6511300834269774E+048  -3.4024809278224551E+036  -1.3540251040469571E+023  -2465224248.3723636       -1.9514888002759167E-004  -2.3774260101031050E-016  -1.7619225871631101E-028   4.9919413298527710E-035   3.6364821028852479E-042   1.2497419454213536E-048   1.1142412389920317E-054   1.4899241638392821E-060
  -2.2984366491743727E+047  -7.8505582776302331E+057  -2.0596333412722988E+056  -1.7142551144989705E+048  -3.5652574465837181E+036  -1.4312068066664661E+023  -2627243367.8138924       -2.0966324862889648E-004  -2.5756159130211723E-016  -1.9255366775620827E-028   5.5054097097743503E-035   4.0483776525150938E-042   1.4046912630877796E-048   1.2645874788891379E-054   1.7075307624176582E-060
  -2.3188408543729301E+047  -7.9966391724495207E+057  -2.1181561809505224E+056  -1.7797761722723363E+048  -3.7357776552726348E+036  -1.5127685484215715E+023  -2799876836.9832306       -2.2525485823159461E-004  -2.7903046648030162E-016  -2.1043297336278769E-028   6.0716567540177925E-035   4.5069029363512203E-042   1.5788438439566447E-048   1.4352130729092223E-054   1.9569099076604670E-060
  -2.3394117402430511E+047  -8.1453799331683767E+057  -2.1783238985461866E+056  -1.8477834292156885E+048  -3.9144075935229829E+036  -1.5989576775571814E+023  -2983817604.2406254       -2.4200347473461134E-004  -3.0228636518771521E-016  -2.2997084740079542E-028   6.6961033719890125E-035   5.0173337236126535E-042   1.7745784926142743E-048   1.6288523454020535E-054   2.2426991963716517E-060
  -2.3601504359214350E+047  -8.2968275181600341E+057  -2.2401820974882348E+056  -1.9183704167484992E+048  -4.1015304769870267E+036  -1.6900354341929986E+023  -3179803682.0865040       -2.5999475526683035E-004  -3.2747780571412348E-016  -2.5132098340684155E-028   7.3847267872171612E-035   5.5855423104156559E-042   1.9945685381560107E-048   1.8486081442052051E-054   2.5702129046682407E-060
  -2.3810580741299869E+047  -8.4510296768767632E+057  -2.3037776234004958E+056  -1.9916341488064520E+048  -4.2975474964777477E+036  -1.7862777257508582E+023  -3388621065.2686839       -2.7932068205649462E-004  -3.5476562849334143E-016  -2.7465130042078052E-028   8.1441175752365003E-035   6.2180649209266999E-042   2.2418182794998552E-048   2.0980014864993562E-054   2.9455406860478770E-060
  -2.4021357911018327E+047  -8.6080349621704631E+057  -2.3691585971495850E+056  -2.0676752498820153E+048  -4.5028786539234624E+036  -1.8879759453650419E+023  -3611106836.9500437       -3.0008002815276916E-004  -3.8432401649770052E-016  -3.0014525794988140E-028   8.9815425434311454E-035   6.9221767181936272E-042   2.5197039377877787E-048   2.3810278894169307E-054   3.3756606592960822E-060
  -2.4233847265050366E+047  -8.7678927427772793E+057  -2.4363744487435591E+056  -2.1465980876991152E+048  -4.7179636368105912E+036  -1.9954378356392826E+023  -3848152474.9916596       -3.2237885732963161E-004  -4.1634159995306981E-016  -3.2800329230878071E-028   9.9050140505078823E-035   7.7059752830597447E-042   2.8320196728788945E-048   2.7022212850104001E-054   3.8685689832855588E-060
  -2.4448060233639870E+047  -8.9306532159675609E+057  -2.5054759521021800E+056  -2.2285109106862800E+048  -4.9432627328655176E+036  -2.1089884002429748E+023  -4100707371.1744919       -3.4633106067205111E-004  -4.5102265232591890E-016  -3.5844438552062394E-028   1.0923366424329265E-034   8.5784735163056161E-042   3.1830292897247612E-048   3.0667265401802075E-054   4.4334283211778792E-060
  -2.4664008279783949E+047  -9.0963674203625157E+057  -2.5765152607201141E+056  -2.3135259904183081E+048  -5.1792577868050019E+036  -2.2289708659748436E+023  -4369782576.9993992       -3.7205893252652451E-004  -4.8858838510549754E-016  -3.9170777899374925E-028   1.2046340204137069E-034   9.5497030267942792E-042   3.5775243376908591E-048   3.4803817394185944E-054   5.0807379464657045E-060
  -2.4881702898398692E+047  -9.2650872489188633E+057  -2.6495459442448692E+056  -2.4017597692023699E+048  -5.4264532010665697E+036  -2.3557476980653695E+023  -4656454790.5735941       -3.9969378869335602E-004  -5.2927834952265247E-016  -4.2805484531168106E-028   1.3284675007359549E-034   1.0630829188142144E-041   4.0208893926961589E-048   3.9498115439288829E-054   5.8225286441615257E-060
  -2.5101155615460152E+047  -9.4368654620827905E+057  -2.7246230259917693E+056  -2.4933330129905238E+048  -5.6853769825158734E+036  -2.4897016716400290E+023  -4961870600.0148897       -4.2937662994754240E-004  -5.7335195401593949E-016  -4.6777113270072895E-028   1.4650211902924227E-034   1.1834279179662264E-041   4.5191754095599485E-048   4.4825331173074931E-054   6.6725860196580230E-060
  -2.5322377987120121E+047  -9.6117557011144738E+057  -2.8018030214187611E+056  -2.5883709698068790E+048  -5.9565818372173570E+036  -2.6312370024242681E+023  -5287250999.7866611       -4.6125885419978180E-004  -6.2109010697965352E-016  -5.1116859807858122E-028   1.6156006263061454E-034   1.3173884475544026E-041   5.0791821414916720E-048   5.0870763083380505E-054   7.6467063538442859E-060
  -2.5545381598796183E+047  -9.7898125015844165E+057  -2.8811439775843560E+056  -2.6870035338841132E+048  -6.2406463154478176E+036  -2.7807805399385256E+023  -5633896197.4200087       -4.9550302085005606E-004  -6.7279699511167702E-016  -5.5858804604923859E-028   1.7816452164831530E-034   1.4665039411129034E-041   5.7085507467180481E-048   5.7731200087303800E-054   8.7629897456841335E-060
  -2.5770178064235618E+047  -9.9710913070428256E+057  -2.9627055136125318E+056  -2.7893654157107321E+048  -6.5381760092297893E+036  -2.9387830266080326E+023  -6003190729.1890564       -5.3228367114461475E-004  -7.2880200852647100E-016  -6.1040179280570903E-028   1.9647419521974597E-034   1.6324877638591410E-041   6.4158678404771555E-048   6.5516468614565015E-054   1.0042175973784004E-059
  -2.5996779024552561E+047  -1.0155648482863235E+058  -3.0465488621889398E+056  -2.8955963181973625E+048  -6.8498048047633173E+036  -3.1057204263979696E+023  -6396608904.4847622       -5.7178820862427405E-004  -7.8946182471534396E-016  -6.6701657564434792E-028   2.1666405248198076E-034   1.8172468488416820E-041   7.2107824058916229E-048   7.4351187877905208E-054   1.1508029299253351E-059
  -2.6225196147238022E+047  -1.0343541330261518E+058  -3.1327369121133125E+056  -3.0058411191774977E+048  -7.1761961922407239E+036  -3.2820953267804209E+023  -6815720599.8864288       -6.1421784404907772E-004  -8.5516266442799537E-016  -7.2887673069697602E-028   2.3892699885815454E-034   2.0229035480117129E-041   8.1041371516626521E-048   8.4376761328988324E-054   1.3187779337999118E-059
  -2.6455441125142154E+047  -1.0534828100491441E+058  -3.2213342519334992E+056  -3.1202500604654839E+048  -7.5180446356396945E+036  -3.4684384180458873E+023  -7262197425.2629852       -6.5978860950300017E-004  -9.2632273362235948E-016  -7.9646766356356169E-028   2.6347571279982870E-034   2.2518199478195614E-041   9.1081161004621211E-048   9.5753636061244271E-054   1.5112626168229727E-059
  -2.6687525675428308E+047  -1.0729568009217881E+058  -3.3124072146871294E+056  -3.2389789437021339E+048  -7.8760770052055271E+036  -3.6653100541895411E+023  -7737819285.6529055       -7.0873244672404025E-004  -1.0033948667905906E-015  -8.7031963979525740E-028   2.9054467040023035E-034   2.5066249270359597E-041   1.0236410411990286E-047   1.0866386618944460E-053   1.7318319027536712E-059
  -2.6921461538498341E+047  -1.0927821251068736E+058  -3.4060239237774591E+056  -3.3621893332262205E+048  -8.2510540754539967E+036  -3.8733018998314208E+023  -8244481364.1777067       -7.6129837507142801E-004  -1.0868693882247994E-015  -9.5101192465234852E-028   3.2039237706996127E-034   2.7902442657553178E-041   1.1504404691886643E-047   1.2331402107735732E-053   1.9845819315421570E-059
  -2.7157260476888593E+047  -1.1129649014366597E+058  -3.5022543400105405E+056  -3.4900487662182012E+048  -8.6437720916521088E+036  -4.0930386678710724E+023  -8784201552.8447704       -8.1775374493450975E-004  -1.1772772091445902E-015  -1.0391773042631935E-027   3.5330382742445111E-034   3.1059341493100518E-041   1.2929386315371979E-047   1.3993848477649850E-053   2.2742060176678799E-059
  -2.7394934274136044E+047  -1.1335113496041178E+058  -3.6011703098214383E+056  -3.6227309703709094E+048  -9.0550644078653307E+036  -4.3251799528313293E+023  -9359128359.7967854       -8.7838558280909837E-004  -1.2751931800779528E-015  -1.1355070232592371E-027   3.8959321668948820E-034   3.4573184495055333E-041   1.4530780606412579E-047   1.5880319926801315E-053   2.6060816727421706E-059
  -2.7634494733614051E+047  -1.1544277916723433E+058  -3.7028456147178178E+056  -3.7604160893505984E+048  -9.4858031997969378E+036  -4.5704221651137026E+023  -9971549323.3736057       -9.4350203471871231E-004  -1.3812397194766462E-015  -1.2407561771802710E-027   4.2960692930786763E-034   3.8484302086133327E-041   1.6330415063545913E-047   1.8020991116499459E-053   2.9863703031716759E-059
  -2.7875953677337122E+047  -1.1757206536022308E+058  -3.8073560219698354E+056  -3.9032909163206410E+048  -9.9369012557880900E+036  -4.8295005716699070E+023  -10623899965.274452       -1.0134339151423603E-003  -1.4960907412666770E-015  -1.3557496014579869E-027   4.7372683304888117E-034   4.2837577994241043E-041   1.8352816217022711E-047   2.0450098954627219E-053   3.4221314280533817E-059
  -2.8119322944734132E+047  -1.1973964667984970E+058  -3.9147793365758812E+056  -4.0515491358094214E+048  -1.0409313849496452E+037  -5.1031914488911916E+023  -11318773317.151297       -1.0885363691297031E-003  -1.6204759058943803E-015  -1.4813883026214203E-027   5.2237390980762246E-034   4.7682962879034011E-041   2.0625543143915731E-047   2.3206489168207293E-053   3.9214535309267743E-059
  -2.8364614391389432E+047  -1.2194618696741373E+058  -4.0251954545343532E+056  -4.2053915742134610E+048  -1.0904040697926831E+037  -5.3923143538300640E+023  -12058930057.135347       -1.1691906558410406E-003  -1.7551852214403860E-015  -1.6186564815545160E-027   5.7601225745998505E-034   5.3076045842174704E-041   2.3179562164287724E-047   2.6334236372125555E-053   4.4936039664964720E-059
  -2.8611839887751232E+047  -1.2419236092333885E+058  -4.1386864174522853E+056  -4.3650264592366503E+048  -1.1422128008649721E+037  -5.6977345201986635E+023  -12847309295.105873       -1.2558060623463162E-003  -1.9010740235497569E-015  -1.7686292032057888E-027   6.3515350064161943E-034   5.9078690337727313E-041   2.6049667799099343E-047   2.9883347510261810E-053   5.1492006956308540E-059
  -2.8861011317806648E+047  -1.2647885426732739E+058  -4.2553364685222899E+056  -4.5306696885765941E+048  -1.1964670620213048E+037  -6.0203653859351657E+023  -13687040047.962593       -1.3488219571570841E-003  -2.0590683652801648E-015  -1.9324807721378842E-027   7.0036165217784274E-034   6.5759741731885846E-041   2.9274955696795754E-047   3.3910559871459949E-053   5.9004090253336950E-059
  -2.9112140577722835E+047  -1.2880636390037961E+058  -4.3752321098999526E+056  -4.7025451081795448E+048  -1.2532814239929226E+037  -6.3611712594952716E+023  -14581453448.768536       -1.4487099936512243E-003  -2.2301708505155643E-015  -2.1114938787489105E-027   7.7225847114275259E-034   7.3195814576282856E-041   3.2899353938885759E-047   3.8480246386889202E-053   6.7611669924143852E-059
  -2.9365239574453552E+047  -1.3117559806868392E+058  -4.4984621615144788E+056  -4.8808848003962003E+048  -1.3127757783403930E+037  -6.7211701324108774E+023  -15534095736.399118       -1.5559764742854080E-003  -2.4154669473460431E-015  -2.3070695869393341E-027   8.5152936820943307E-034   8.1472168565697496E-041   3.6972219924805877E-047   4.3665442621259136E-053   7.7474435587653327E-059
  -2.9620320224310540E+047  -1.3358727652938338E+058  -4.6251178213460716E+056  -5.0659293823817868E+048  -1.3750755820365406E+037  -7.1014366460635470E+023  -16548742075.275352       -1.6711648872784664E-003  -2.6161318207922177E-015  -2.5207382404834096E-027   9.3892991411305214E-034   9.0683683159334957E-041   4.1549010923594353E-047   4.9549011805101541E-053   8.8775343922464227E-059
  -2.9877394451499084E+047  -1.3604213071822373E+058  -4.7552927272042185E+056  -5.2579283150953441E+048  -1.4403121131553684E+037  -7.5031052210474297E+023  -17629411257.885422       -1.7948586282936624E-003  -2.8334377274729691E-015  -2.7541713724420920E-027   1.0352930127331688E-033   1.0093594196639549E-040   4.6692037376347036E-047   5.6224966449592589E-053   1.0172400701345037E-058
  -3.0136474186617098E+047  -1.3854090391908680E+058  -4.8890830200417705E+056  -5.4571402232650140E+048  -1.5086227381638359E+037  -7.9273733579459369E+023  -18780381346.120514       -1.9276839205534810E-003  -3.0687620182981302E-015  -3.0091947096791812E-027   1.1415368065639309E-033   1.1234643924407824E-040   5.2471309152516022E-047   6.3799967573935870E-053   1.1656057386816293E-058
  -3.0397571365117055E+047  -1.4108435143541305E+058  -5.0265874088403961E+056  -5.6638332266983484E+048  -1.5801511913351793E+037  -8.3755051188199982E+023  -20006206310.980171       -2.0703129477912673E-003  -3.3235957990343007E-015  -3.2878023729730300E-027   1.2586733892396687E-033   1.2504592224358050E-040   5.8965486219921236E-047   7.2395025397593405E-053   1.3356017684057567E-058
  -3.0660697925730121E+047  -1.4367324076351617E+058  -5.1679072371037394E+056  -5.8782852833293191E+048  -1.6550478668252185E+037  -8.8488347992042320E+023  -21311733733.952194       -2.2234672154845155E-003  -3.5995533026652266E-015  -3.5921723824168107E-027   1.3878184073832381E-033   1.3917988468274245E-040   6.6262946599802904E-047   8.2147428550348960E-053   1.5303802512804720E-058
  -3.0925865808851802E+047  -1.4630835176779161E+058  -5.3131465509953269E+056  -6.1007845444067084E+048  -1.7334701239768313E+037  -9.3487708009323402E+023  -22702123637.355808       -2.3879211569298184E-003  -3.8983820318730789E-015  -3.9246835878412030E-027   1.5302016424164173E-033   1.5491022834019401E-040   7.4462986063356648E-047   9.3212932483011463E-053   1.7535523945058342E-058
  -3.1193086954888401E+047  -1.4899047685782058E+058  -5.4624121691590285E+056  -6.3316297222420300E+048  -1.8155826064425243E+037  -9.8767997166656399E+023  -24182868515.169243       -2.5645060019147663E-003  -4.2219737347303314E-015  -4.2879341549509906E-027   1.6871786721940094E-033   1.7241711167457199E-040   8.3677165806302202E-047   1.0576824187799606E-052   2.0092553569945505E-058
  -3.1462373302563582E+047  -1.5172042116736988E+058  -5.6158137542606234E+056  -6.5711304709489592E+048  -1.9015575757408351E+037  -1.0434490637580507E+024  -25759814640.358974       -2.7541139270231382E-003  -4.5723762818428464E-015  -4.6847617498248322E-027   1.8602437224822362E-033   1.9190100649515740E-040   9.4030826337101550E-047   1.2001382652722661E-052   2.3022288100674187E-058
  -3.1733736787184344E+047  -1.5449900273528732E+058  -5.7734638862897885E+056  -6.8196077806205880E+048  -1.9915752598892137E+037  -1.1023499696283043E+024  -27439184729.504204       -2.9577025079826893E-003  -4.9518065187546325E-015  -5.1182655774764752E-027   2.0510438294924507E-033   2.1358498607110062E-040   1.0566478805936060E-046   1.3617711543867800E-052   2.6379026362672888E-058
  -3.2007189338865675E+047  -1.5732705268829139E+058  -5.9354781376626221E+056  -7.0773943854055247E+048  -2.0858242177840804E+037  -1.1645574857664074E+024  -29227602050.583855       -3.1762994959362379E-003  -5.3626641734474218E-015  -5.5918304444151857E-027   2.2613944470076639E-033   2.3771727069190962E-040   1.1873726154992020E-046   1.5451611993619287E-052   3.0224973856436230E-058
  -3.2282742880713139E+047  -1.6020541542565317E+058  -6.1019751501655782E+056  -7.3448351859590896E+048  -2.1845017200280117E+037  -1.2302560971086378E+024  -31132116065.182838       -3.4110079410936095E-003  -5.8075469052804590E-015  -6.1091530306814267E-027   2.4932966452169430E-033   2.6457405961170058E-040   1.3342599336507124E-046   1.7532354332494560E-052   3.4631393441313919E-058
  -3.2560409326962654E+047  -1.6313494880576725E+058  -6.2730767137824988E+056  -7.6222876867615191E+048  -2.2878141469344990E+037  -1.2996405098010487E+024  -33160229702.098972       -3.6630116889118268E-003  -6.2892665887572115E-015  -6.6742705737889740E-027   2.7489560633281148E-033   2.9446268155679126E-040   1.4993067638627591E-046   1.9893144241476997E-052   3.9679923380759135E-058
  -3.2840200581076708E+047  -1.6611652433460770E+058  -6.4489078474472402E+056  -7.9101224488112505E+048  -2.3959774044725074E+037  -1.3729162129917510E+024  -35319928365.412361       -3.9335812757617557E-003  -6.8108669331190045E-015  -7.2915921855055004E-027   3.0308037945018981E-033   3.2772509958717383E-040   1.6847565728647313E-046   2.2571651494759328E-052   4.5464087074939762E-058
  -3.3122128533796220E+047  -1.6915102735606367E+058  -6.6295968817652019E+056  -8.2087235582180296E+048  -2.5092173589461993E+037  -1.4503000712178893E+024  -37619710786.537125       -4.2240802529798470E-003  -7.3756425469970176E-015  -7.9659330425906563E-027   3.3415193997942032E-033   3.6474181011794605E-040   1.8931297770645889E-046   2.5610609690183729E-052   5.2091022339838925E-058
  -3.3406205061147348E+047  -1.7223935724414879E+058  -6.8152755437478950E+056  -8.5184891112377414E+048  -2.6277702912397285E+037  -1.5320209490356171E+024  -40068621836.634377       -4.5359719702828807E-003  -7.9871595662536596E-015  -8.7025517146370144E-027   3.6840562677769721E-033   4.0593618037216164E-040   2.1272579023180966E-046   2.9058496490275154E-052   5.9683462137977398E-058
  -3.3692442022402300E+047  -1.7538242759707678E+058  -7.0060790436055283E+056  -8.8398317163085737E+048  -2.7518833714929962E+037  -1.6183203696290460E+024  -42676287423.049728       -4.8708268517515339E-003  -8.6492779727660386E-015  -9.5071909161920325E-027   4.0616695585177977E-033   4.5177927350209286E-040   2.3903219531480922E-046   3.2970305173112150E-052   6.8382003299037429E-058
  -3.3980851257993486E+047  -1.7858116643319460E+058  -7.2021461636434317E+056  -9.1731790136663656E+048  -2.8818151551117907E+037  -1.7094532092264130E+024  -45452951601.174698       -5.2303301999757799E-003  -9.3661757423063684E-015  -1.0386121996560554E-026   4.4779469948395927E-033   5.0279521613750192E-040   2.6858955096069990E-046   3.7408419739528226E-052   7.8347705074085546E-058
  -3.4271444587380118E+047  -1.8183651638876369E+058  -7.4036193493090011E+056  -9.5189742131357761E+048  -3.0178361010548163E+037  -1.8056884292488032E+024  -48409516041.346611       -5.6162905665128196E-003  -1.0142374970919725E-014  -1.1346193509296002E-026   4.9368427904794911E-033   5.5956716925936031E-040   3.0179931336948345E-046   4.2443607464146439E-052   8.9765065442242462E-058
  -3.4564233806866442E+047  -1.8514943491757829E+058  -7.6106448024367010E+056  -9.8776766507132979E+048  -3.1602291133808634E+037  -1.9073098482189357E+024  -51557581999.125473       -6.0306487295485990E-003  -1.0982770141356647E-014  -1.2394884234600979E-026   5.4427150341693026E-033   6.2274397012463642E-040   3.3911247387893820E-046   4.8156144638432655E-052   1.0284543004510961E-057
  -3.4859230687370790E+047  -1.8852089449240819E+058  -7.8233725767395514E+056  -1.0249762364578075E+049  -3.3092901070818309E+037  -2.0146169555650254E+024  -54909494946.549904       -6.4754873225898657E-003  -1.1892658704260180E-014  -1.3540361061910675E-026   6.0003668810417802E-033   6.9304752055910290E-040   3.8103566558747976E-046   5.4637093363684119E-052   1.1783089658976889E-057
  -3.5156446972144544E+047  -1.9195188280825258E+058  -8.0419566755963825E+056  -1.0635724691187057E+049  -3.4653285992715357E+037  -2.1279257695678497E+024  -58478392031.810486       -6.9530411611590749E-003  -1.2877774163013499E-014  -1.4791542177082802E-026   6.6150919384286210E-033   7.7128100537597135E-040   4.2813802205469226E-046   6.1989749643946522E-052   1.3499878668195818E-057
  -3.5455894374440182E+047  -1.9544340298738981E+058  -8.2665551521850729E+056  -1.1036074882132194E+049  -3.6286683268463403E+037  -2.2475697418181572E+024  -62278252545.223022       -7.4657083178340583E-003  -1.3944321866511092E-014  -1.6158166039146763E-026   7.2927242723890238E-033   8.5833803406343986E-040   4.8105888060371336E-046   7.0331285741019130E-052   1.5466676749449196E-057
  -3.5757584575127528E+047  -1.9899647378620636E+058  -8.4973302120128333E+056  -1.1451342742459176E+049  -3.7996478917816341E+037  -2.3739007106767634E+024  -66323951580.472946       -8.0160619995840870E-003  -1.5099017730716177E-014  -1.7650866675778334E-026   8.0396935045564523E-033   9.5521280931941823E-040   5.4051643411888668E-046   7.9794612828747365E-052   1.7719871763378035E-057
  -3.6061529220257258E+047  -2.0261212980378717E+058  -8.7344483178955432E+056  -1.1882077291169714E+049  -3.9786214352782365E+037  -2.5072899063614015E+024  -70631317091.875076       -8.6068632852208324E-003  -1.6349130127809732E-014  -1.9281255874898432E-026   8.8630855165175837E-033   1.0630114376139974E-039   6.0731744799652949E-046   9.0530493470210592E-052   2.0301144525877466E-057
  -3.6367739918570864E+047  -2.0629142169224737E+058  -8.9780802974390536E+056  -1.2328847444652451E+049  -4.1659593420248744E+037  -2.6481290104229574E+024  -75217190560.891953       -9.2410747849248180E-003  -1.7702525201130399E-014  -2.1062012902409332E-026   9.7707093313832284E-033   1.1829645098599626E-039   6.8236817323726112E-046   1.0270993739415705E-051   2.3258238218295198E-057
  -3.6676228238956030E+047  -2.1003541636878424E+058  -9.2284014530762675E+056  -1.2792242723811438E+049  -4.3620489758971766E+037  -2.7968312725194799E+024  -80099491498.422546       -9.9218752882448257E-003  -1.9167715885066181E-014  -2.3006982433475914E-026   1.0771170799962687E-032   1.3164410946136118E-039   7.6668660275699427E-046   1.1652691852842261E-051   2.6645839563850500E-057
  -3.6987005707846599E+047  -2.1384519722942674E+058  -9.4855916747147604E+056  -1.3272873985685633E+049  -4.5672954484701366E+037  -2.9538326875496663E+024  -85297286023.458969       -1.0652675471720106E-002  -2.0753914931714545E-014  -2.5131281447365707E-026   1.1873953782546136E-032   1.4649643021732761E-039   8.6141623605575227E-046   1.3220145632870994E-051   3.0526587993176874E-057
  -3.7300083806566088E+047  -2.1772186436445707E+058  -9.7498355550506160E+056  -1.3771374180378082E+049  -4.7821224217798771E+037  -3.1195932363687980E+024  -90830859773.661209       -1.1437134742365376E-002  -2.2471092270613316E-014  -2.7451415904151274E-026   1.3089509587323309E-032   1.6302285956701083E-039   9.6784153766063815E-046   1.4998311020103943E-051   3.4972231374673882E-057
  -3.7615473968613831E+047  -2.2166653477547833E+058  -1.0021322507605116E+057  -1.4288399134139489E+049  -5.0069729468318529E+037  -3.2945981934796821E+024  -96721795419.271088       -1.2279179298710417E-002  -2.4330037054307752E-014  -2.9985408096066000E-026   1.4429355503569755E-032   1.8141190449536705E-039   1.0874052975227895E-045   1.7015494234612410E-051   4.0064949579043793E-057
  -3.7933187576892864E+047  -2.2568034259409967E+058  -1.0300246887541825E+057  -1.4824628359477551E+049  -5.2423103394164594E+037  -3.4793595052695421E+024  -102993055068.63307       -1.3183021496924928E-002  -2.6342424771118190E-014  -3.2752935647549844E-026   1.5906183352627945E-032   2.0187327409845293E-039   1.2217281271024072E-045   1.9303801175667974E-051   4.5898870231332777E-057
  -3.8253235960878333E+047  -2.2976443930220817E+058  -1.0586808115322585E+057  -1.5380765893191007E+049  -5.4886190948595022E+037  -3.6744172425513731E+024  -109669067871.46996       -1.4153180615812484E-002  -2.8520889837379068E-014  -3.5775483226636294E-026   1.7533979073185161E-032   2.2464026128028918E-039   1.3726303535625623E-045   2.1899647049077905E-051   5.2581804534477211E-057
  -3.8575630393725700E+047  -2.3391999395379540E+058  -1.0881210803261885E+057  -1.5957541163255621E+049  -5.7464058434041837E+037  -3.8803411313655304E+024  -116775823145.03838       -1.5194505121154205E-002  -3.0879104114819279E-014  -3.9076508126980955E-026   1.9328154460267866E-032   2.4997239162191163E-039   1.5421566066947983E-045   2.4844334285784644E-051   6.0237235090419099E-057
  -3.8900382089317519E+047  -2.3814819339830389E+058  -1.1183664885039997E+057  -1.6555709885518489E+049  -6.0162003479933205E+037  -4.0977321662047407E+024  -124340969368.42917       -1.6312196537054121E-002  -3.3431861834845389E-014  -4.2681620985242338E-026   2.1305692290684486E-032   2.7815836934717827E-039   1.7326034293477659E-045   2.8184707893842702E-051   6.9006592272294061E-057
  -3.9227502199247871E+047  -2.4245024250545665E+058  -1.1494385748236264E+057  -1.7176054991186975E+049  -6.2985565462955090E+037  -4.3272243100438076E+024  -132393919411.65102       -1.7511835039617708E-002  -3.6195171450489254E-014  -4.6618783013486832E-026   2.3485306192402331E-032   3.0951935365587598E-039   1.9465502827069644E-045   3.1973898608404624E-051   7.9051860998695680E-057
  -3.9557001809743333E+047  -2.4682736439153110E+058  -1.1813594369944825E+057  -1.7819387586129415E+049  -6.5940536388970517E+037  -4.5694862857845899E+024  -140965962388.81680       -1.8799406896518253E-002  -3.9186354978923228E-014  -5.0918521251665309E-026   2.5887616752691459E-032   3.4441260241406103E-039   2.1868943633208127E-045   3.6272165590150737E-051   9.0558565825504460E-057
  -3.9888891938519479E+047  -2.5128080064703588E+058  -1.2141517455536090E+057  -1.8486547943036466E+049  -6.9032972256627137E+037  -4.8252234639678976E+024  -150090382548.82031       -2.0181333884810838E-002  -4.2424155442980323E-014  -5.5614163481937448E-026   2.8535345511076752E-032   3.8323552432595923E-039   2.4568896998935514E-045   4.1147851993465366E-051   1.0373918921316552E-056
  -4.0223183531571783E+047  -2.5581181156574669E+058  -1.2478387580628149E+057  -1.9178406527524481E+049  -7.2269204923529791E+037  -5.0951798518573837E+024  -159802585642.42850       -2.1664504828781579E-002  -4.5928853069316297E-014  -6.0742094595726044E-026   3.1453528649603695E-032   4.2643018530734879E-039   2.7601910552508976E-045   4.6678468506276591E-051   1.1883708577455627E-056
  -4.0559887459899902E+047  -2.6042167637505561E+058  -1.2824443336333337E+057  -1.9895865059295860E+049  -7.5655854496734879E+037  -5.3801401892669256E+024  -170140233231.81268       -2.3256309409713901E-002  -4.9722390954007239E-014  -6.6342036366983094E-026   3.4669752376178790E-032   4.7448831988849204E-039   3.1009032232951902E-045   5.2951921981805762E-051   1.3613096440599148E-056
  -4.0899014516164162E+047  -2.6511169346758379E+058  -1.3179929477846068E+057  -2.0639857609505731E+049  -7.9199842270239660E+037  -5.6809321567830281E+024  -181143385437.29074       -2.4964674410260963E-002  -5.3828510963807982E-014  -7.2457352762458373E-026   3.8214412198480089E-032   5.2795690415240836E-039   3.4836363830615818E-045   6.0067908570208883E-051   1.5594002061773481E-056
  -4.1240575411273175E+047  -2.6988318063400803E+058  -1.3545097076439022E+057  -2.1411351735519769E+049  -8.2908404233092450E+037  -5.9984287023281366E+024  -192854652646.55447       -2.6798102567683460E-002  -5.8272900703343797E-014  -7.9135383113105160E-026   4.2120998508005726E-032   5.8744435302495952E-039   3.9135682531290310E-045   6.8139493351145673E-051   1.7862981330089968E-056
  -4.1584580770901403E+047  -2.7473747529704531E+058  -1.3920203674935712E+057  -2.2211349654284237E+049  -8.6789105172741760E+037  -6.3335504923201000E+024  -205319356744.01541       -2.8765714222598597E-002  -6.3083352445540356E-014  -8.6427805681580060E-026   4.6426411138282250E-032   6.5362741174725592E-039   4.3965138807102532E-045   7.7294901407374515E-051   2.0461899381256823E-056
  -4.1931041131935557E+047  -2.7967593474653925E+058  -1.4305513446728424E+057  -2.3040889455566825E+049  -9.0849853399273948E+037  -6.6872684940081930E+024  -218585702452.22977       -3.0877291963145967E-002  -6.8289934995011595E-014  -9.4391034390668739E-026   5.1171305830339157E-032   7.2725881915650371E-039   4.9390040019560505E-045   8.7679548610647214E-051   2.3438701087950889E-056
  -4.2279966938848651E+047  -2.8469993637558824E+058  -1.4701297358411372E+057  -2.3901046356365187E+049  -9.5098916117262326E+037  -7.0606066959077546E+024  -232704959413.77652       -3.3143328478670221E-002  -7.3925179532353010E-014  -1.0308665172811091E-025   5.6400475834745240E-032   8.0917582906548287E-039   5.5483730247220137E-045   9.9458344166706458E-051   2.6848293269815981E-056
  -4.2631368540000477E+047  -2.8981087791765235E+058  -1.5107833336099951E+057  -2.4792933997819542E+049  -9.9544935473067129E+037  -7.4546449736145869E+024  -247731655680.58923       -3.5575077852214483E-002  -8.0024280571790765E-014  -1.1258188111657396E-025   6.2163272205518210E-032   9.0030968565991225E-039   6.2328578137857308E-045   1.1281830124525822E-050   3.0753554807083723E-056
  -4.2985256183863409E+047  -2.9501017768457297E+058  -1.5525406435507785E+057  -2.5717705786006250E+049  -1.0419694530658715E+038  -7.8705221086575130E+024  -263723783318.70990       -3.8184610537381460E-002  -8.6625313255917204E-014  -1.2295010233547080E-025   6.8514066700055666E-032   1.0016961595342331E-038   7.0017086029825725E-045   1.2797149687046089E-050   3.5226493183876407E-056
  -4.3341640015172198E+047  -3.0029927480543576E+058  -1.5954309015854241E+057  -2.6676556278030812E+049  -1.0906438863767104E+038  -8.3094389684439313E+024  -280743016879.88647       -4.0984872282526362E-002  -9.3769468309839088E-014  -1.3427141390615039E-025   7.5512761594186119E-032   1.1144872628789461E-038   7.8653135208686790E-045   1.4515842774371721E-050   4.0349568667868277E-056
  -4.3700530070996588E+047  -3.0567962946620440E+058  -1.6394840917675926E+057  -2.7670722614881476E+049  -1.1415713591865272E+038  -8.7726618557696649E+024  -298854945537.51996       -4.3989747283876238E-002  -1.0150130608355978E-013  -1.4663324670612543E-025   8.3225351156127205E-032   1.2399642755488758E-038   8.8353383984756187E-045   1.6465181489945044E-050   4.6217210401031192E-056
  -4.4061936276735497E+047  -3.1115272315004881E+058  -1.6847309644616573E+057  -2.8701486002548541E+049  -1.1948550408578071E+038  -9.2615260368019424E+024  -318129319733.33929       -4.7214125869109363E-002  -1.0986903122643882E-013  -1.6013103346407151E-025   9.1724540001548724E-032   1.3795522284285585E-038   9.9248837319094548E-045   1.8676091715360562E-050   5.2937552187599421E-056
  -4.4425868442031471E+047  -3.1672005887828867E+058  -1.7312030549270632E+057  -2.9770173242959268E+049  -1.2506027644366944E+038  -9.7774394569039986E+024  -338640313233.01056       -5.0673977034267209E-002  -1.1892478966180058E-013  -1.7486893920820249E-025   1.0109042407845482E-031   1.5348360068316060E-038   1.1148660901678896E-044   2.1183642130431512E-050   6.0634419784145916E-056
  -4.4792336256604183E+047  -3.2238316145186833E+058  -1.7789327023156646E+057  -3.0878158316324724E+049  -1.3089272341831152E+038  -1.0321886654152558E+025  -360466801543.84381       -5.4386426179707063E-002  -1.2872498966392948E-013  -1.9096065819942035E-025   1.1141124061004315E-031   1.7075782548066737E-038   1.2523190007754068E-044   2.4027598610965184E-050   6.9449606095980714E-056
  -4.5161349286001567E+047  -3.2814357769327641E+058  -1.8279530690897387E+057  -3.2026864016542006E+049  -1.3699462421565778E+038  -1.0896432880906610E+025  -383692657706.03510       -5.8369838415239697E-002  -1.3933064898458223E-013  -2.0853028338075577E-025   1.2278419396137157E-031   1.8997392813749269E-038   1.4067021967870424E-044   2.7253052734043353E-050   7.9545475947722746E-056
  -4.5532916967267395E+047  -3.3400287668881893E+058  -1.8782981608684519E+057  -3.3217763641344054E+049  -1.4337828942429707E+038  -1.1502728444318462E+025  -408407066530.66815       -6.2643907830744805E-002  -1.5080777013261946E-013  -2.2771325491976211E-025   1.3531636509739801E-031   2.1134991921162985E-038   1.5800987850327607E-044   3.0911134284723746E-050   9.1107948119690138E-056
  -4.5907048604523849E+047  -3.3996265003115138E+058  -1.9300028467106288E+057  -3.4452382738939030E+049  -1.5005658460235244E+038  -1.2142513277237446E+025  -434704858423.20728       -6.7229753156535330E-002  -1.6322774607932966E-013  -2.4865739501473621E-025   1.4912571307216686E-031   2.3512824944027175E-038   1.7748478775782099E-044   3.5059818977204865E-050   1.0434990923533446E-055
  -4.6283753364467860E+047  -3.4602451206196980E+058  -1.9831028798417599E+057  -3.5732300912932268E+049  -1.5704295489035806E+038  -1.2817621751543984E+025  -462686864000.66138       -7.2150020267677764E-002  -1.7666779884447689E-013  -2.7152403678330748E-025   1.6434217783865366E-031   2.6157854522217145E-038   1.9935760130108145E-044   3.9764844098236522E-050   1.1951512197373561E-055
  -4.6663040271779679E+047  -3.5219010011475818E+058  -2.0376349188332477E+057  -3.7059153687376350E+049  -1.6435145069359317E+038  -1.3529987746568560E+025  -492460290784.22327       -7.7428992018504159E-002  -1.9121145361512148E-013  -2.9648925575784947E-025   1.8110889460379929E-031   2.9100064972496629E-038   2.2392324287702078E-044   4.5100746474252600E-050   1.3688269910865868E-055
  -4.7044918204442458E+047  -3.5846107475748356E+058  -2.0936365492419656E+057  -3.8434634433848297E+049  -1.7199675447912706E+038  -1.4281649985897721E+025  -524139123327.22955       -8.3092705927816729E-002  -2.0694905126199269E-013  -3.2374521328153645E-025   1.9958353098210022E-031   3.2372800369605707E-038   2.5151286557684319E-044   5.1152039082788225E-050   1.5677222520599318E-055
  -4.7429395888971283E+047  -3.6483912003512763E+058  -2.1511463057182699E+057  -3.9860496362508094E+049  -1.7999420873467758E+038  -1.5074757656549167E+025  -557844548221.01282       -8.9169080271944354E-002  -2.2397830234787591E-013  -3.5350162193736722E-025   2.1993975933314627E-031   3.6013140384715001E-038   2.8249829641100548E-044   5.8014544803164999E-050   1.7954961963231107E-055
  -4.7816481895550370E+047  -3.7132594371193639E+058  -2.2102036945906707E+057  -4.1338554579148996E+049  -1.8835984513830462E+038  -1.5911576325211778E+025  -593705405508.89661       -9.5688049182024101E-002  -2.4240488597045949E-013  -3.8598734405628980E-025   2.4236887791402725E-031   4.0062318089487867E-038   3.1729702533052190E-044   6.5796908265099760E-050   2.0563384805357915E-055
  -4.8206184633076904E+047  -3.7792327751326679E+058  -2.2708492169354259E+057  -4.2870688210307801E+049  -1.9711041498995357E+038  -1.6794494166995743E+025  -631858668131.51526      -0.10268170738382909       -2.6234309704981101E-013  -4.2145213534641373E-025   2.6708159584790275E-031   4.4566184401959939E-038   3.5637780528234788E-044   7.4622309545225312E-050   2.3550460508042892E-055
  -4.8598512344110059E+047  -3.8463287736690312E+058  -2.3331243921393765E+057  -4.4458842598562387E+049  -2.0626342095793388E+038  -1.7726028522924443E+025  -672449951125.12317      -0.11018446526333303       -2.8391654595968143E-013  -4.6016854677051791E-025   2.9430999841770996E-031   4.9575724370320366E-038   4.0026693801204624E-044   8.4630406624008488E-050   2.6971110842584802E-055
  -4.8993473099723727E+047  -3.9145652364371117E+058  -2.3970717819644003E+057  -4.6105031570204320E+049  -2.1583715019556873E+038  -1.8708832803225269E+025  -715634052398.92847      -0.11823321498919383       -3.0725891471385043E-013  -5.0243399898163008E-025   3.2430971085268191E-031   5.5147631068202804E-038   4.4955532944565548E-044   9.5979537098477429E-050   3.0888216520415432E-055
  -4.9391074794261534E+047  -3.9839602139749350E+058  -2.4627350151218974E+057  -4.7811339777536225E+049  -2.2585070888548317E+038  -1.9745703754342890E+025  -761575527028.07764      -0.12686750847466774       -3.3251477425554037E-013  -5.4857304491505505E-025   3.5736228060012792E-031   6.1344943516641246E-038   5.0490640871206641E-044   1.0884921370532006E-049   3.5373769418430302E-055
  -4.9791325139992466E+047  -4.0545320060390171E+058  -2.5301588123657743E+057  -4.9579925118107025E+049  -2.3632405827131629E+038  -2.0839589108507666E+025  -810449297116.10608      -0.13612974801636155       -3.5984046776149572E-013  -5.9893983753931530E-025   3.9377780008235786E-031   6.8237755760492432E-038   5.6706501634225186E-044   1.2344295280747142E-049   4.0510191433646714E-055
  -5.0194231661665767E+047  -4.1262991639825871E+058  -2.5993890121124214E+057  -5.1413021233262935E+049  -2.4727805223904862E+038  -2.1993595635645905E+025  -862441299404.82654      -0.14606539050593748       -3.8940506526475909E-013  -6.5392082129834108E-025   4.3389779414691869E-031   7.5904005018729709E-038   6.3686738005371867E-044   1.3999148020681806E-049   4.6391844035936414E-055
  -5.0599801690963380E+047  -4.1992804931213602E+058  -2.6704725965962184E+057  -5.3312940088458398E+049  -2.5873447651263357E+038  -2.3210997618419667E+025  -917749172941.17480      -0.15672316617366563       -4.2139139532374406E-013  -7.1393766744410250E-025   4.7809839884747749E-031   8.4430347707294542E-038   7.1525231096724123E-044   1.5875636454713193E-049   5.3126756059702344E-055
  -5.1008042360848474E+047  -4.2734950550852677E+058  -2.7434577185691190E+057  -5.5282074637838872E+049  -2.7071608953121275E+038  -2.4495245772233918E+025  -976582989249.88440      -0.16815531288985089       -4.5599715992236370E-013  -7.7945047527492226E-025   5.2679386086472949E-031   9.3913133109833056E-038   8.0327376929852316E-044   1.8003413525654726E-049   6.0838601247666261E-055
  -5.1418960599808443E+047  -4.3489621701544718E+058  -2.8183937285528930E+057  -5.7322901575676803E+049  -2.8324666507788462E+038  -2.5849976633150721E+025  -1039166027608.4891      -0.18041782712194232       -4.9343613927935976E-013  -8.5096126327321235E-025   5.8044038981582042E-031   1.0445948555639381E-037   9.0211496673319223E-044   2.0416094955169062E-049   6.9668961604346745E-055
  -5.1832563125990690E+047  -4.4257014195779536E+058  -2.8953312026526142E+057  -5.9437984177312621E+049  -2.9635103673278659E+038  -2.7279022437805516E+025  -1105735598177.5188      -0.19357073272188297       -5.3393949377743939E-013  -9.2901777629179654E-025   6.3954039893353109E-031   1.1618850717494903E-037   1.0131041930685469E-043   2.3151788160358745E-049   7.9779917815606243E-055
  -5.2248856441229766E+047  -4.5037326478728720E+058  -2.9743219709399836E+057  -6.1629975232325150E+049  -3.1005514422614459E+038  -2.8786421520633022E+025  -1176543915904.3794      -0.20767836880031329       -5.7775717079743169E-013  -1.0142176372860386E-024   7.0464717315209599E-031   1.2923261461866638E-037   1.1377325775577894E-043   2.6253691668187089E-049   9.1357013937910948E-055
  -5.2667846824963936E+047  -4.5830759651028476E+058  -3.0554191464150822E+057  -6.3901620072729541E+049  -3.2438608176994760E+038  -3.0376429254981276E+025  -1251859028294.8220      -0.22280969803196671       -6.2515942486273639E-013  -1.1072128746468101E-024   7.7637000754712513E-031   1.4373902465789894E-037   1.2776740210225312E-043   2.9770774409938848E-049   1.0461265036426151E-054
  -5.3089540328039769E+047  -4.6637517491332419E+058  -3.1386771545551342E+057  -6.6255759699076154E+049  -3.3937214845001842E+038  -3.2053529566025704E+025  -1331965800331.6743      -0.23903863683037629       -6.7643846016840657E-013  -1.2087148589755289E-024   8.5537986337795467E-031   1.5987140517619022E-037   1.4348075635439711E-043   3.3758545524474599E-049   1.1978996685613380E-054
  -5.3513942766402918E+047  -4.7457806478614359E+058  -3.2241517634588422E+057  -6.8695334007400792E+049  -3.5504290076348157E+038  -3.3822447044792940E+025  -1417166960017.2332      -0.25644440893025922       -7.3191020529114023E-013  -1.3194996861773409E-024   9.4241559371064753E-031   1.7781170994231122E-037   1.6112424847798237E-043   3.8279926710890237E-049   1.3716728633288406E-054
  -5.3941059714673419E+047  -4.8291835814200436E+058  -3.3119001145948279E+057  -7.1223385120055173E+049  -3.7142920738997755E+038  -3.5688159694070012E+025  -1507784208224.0193      -0.27511192402310142       -7.9191623065537444E-013  -1.4404140470540778E-024   1.0382907958014097E-030   1.9776221756555025E-037   1.8093464701059797E-043   4.3406240770242290E-049   1.5706320029275769E-054
  -5.4370896499603836E+047  -4.9139817443509153E+058  -3.4019807541626804E+057  -7.3843060823526310E+049  -3.8856330628844407E+038  -3.7655912338511098E+025  -1604159396759.1572      -0.29513218320599760       -8.5682582017105672E-013  -1.5723816271788705E-024   1.1439013531402039E-030   2.1994779730145864E-037   2.0317772163232991E-043   4.9218331787008377E-049   1.7984238838679794E-054
  -5.4803458193418438E+047  -5.0001966077477095E+058  -3.4944536650750606E+057  -7.6557618116435343E+049  -4.0647886421488299E+038  -3.9731230732865068E+025  -1706655778781.1523      -0.31660271312621185       -9.2703820936529914E-013  -1.7164100847553747E-024   1.2602337363442748E-030   2.4461842688475990E-037   2.2815178961324204E-043   5.5807834451957255E-049   2.0592227798883467E-054
  -5.5238749607031728E+047  -5.0878499213647412E+058  -3.5893802995692526E+057  -7.9370426870989158E+049  -4.2521103876026174E+038  -4.1919936403935545E+025  -1815659335955.0503      -0.33962803083474563       -1.0029850033081876E-012  -1.8735986584348443E-024   1.3883741390076788E-030   2.7205199035260925E-037   2.5619169515588026E-043   6.3278612350841177E-049   2.3578066484173679E-054
  -5.5676775283144449E+047  -5.1769637156897208E+058  -3.6868236124564907E+057  -8.2284973611242948E+049  -4.4479654301156105E+038  -4.4228162263655115E+025  -1931580186993.6438      -0.36432014150200365       -1.0851327886880945E-012  -2.0451464617147013E-024   1.5295185322178318E-030   3.0255738691531202E-037   2.8767327436740302E-043   7.1748387673719405E-049   2.6996443328706173E-054
  -5.6117539489215407E+047  -5.2675603039779283E+058  -3.7868480950173091E+057  -8.5304865411617962E+049  -4.6527371294298573E+038  -4.6662369032509866E+025  -2054854082509.4019      -0.39079907129803954       -1.1739859555299298E-012  -2.2323615256063920E-024   1.6849837298117838E-030   3.3647798536677180E-037   3.2301836500559434E-043   8.1350587778437067E-049   3.0909953451632259E-054
  -5.6561046210307097E+047  -5.3596622842452607E+058  -3.8895198095510587E+057  -8.8433833919206299E+049  -4.8668257764850272E+038  -4.9229362514494172E+025  -2185943991394.9631      -0.41919343789949254       -1.2700897452773344E-012  -2.4366706567747688E-024   1.8562195656383447E-030   3.7419546234084906E-037   3.6270042732978865E-043   9.2236437414841826E-049   3.5390240407649991E-054
  -5.7007299141803561E+047  -5.4532925412175316E+058  -3.9949064245876388E+057  -9.1675739503484062E+049  -5.0906493253116573E+038  -5.1936311766811867E+025  -2325341784260.3237      -0.44964106125588132       -1.3740335432838417E-012  -2.6596301843557569E-024   2.0448222941996532E-030   4.1613406695407435E-037   4.0725085044558202E-043   1.0457732923581074E-048   4.0519302593074589E-054
  -5.7456301681998374E+047  -5.5484742482332844E+058  -4.1030772507693780E+057  -9.5034575537144484E+049  -5.3246441556913601E+038  -5.4790768209673478E+025  -2473570019783.2007      -0.48228961743014231       -1.4864544351859977E-012  -2.9029376751969291E-024   2.2525493371577423E-030   4.6276535907593900E-037   4.5726602756640665E-043   1.1856750954603499E-048   4.6390988018682054E-054
  -5.7908056924551046E+047  -5.6452308690973008E+058  -4.2141032774108481E+057  -9.8514472811855146E+049  -5.5692658678291319E+038  -5.7800685723774199E+025  -2631183840176.5029      -0.51729733852296822       -1.6080410481714364E-012  -3.1684447043838529E-024   2.4813355104074477E-030   5.1461347368649123E-037   5.1341529374356559E-043   1.3442712113648754E-048   5.3112704569717431E-054
  -5.8362567650809896E+047  -5.7435861598818933E+058  -4.3280572097442549E+057  -1.0211970409283672E+050  -5.8249901103306020E+038  -6.0974441785377986E+025  -2798772982344.4824      -0.55483376189845834       -1.7395376998156326E-012  -3.4581707756648541E-024   2.7333108798457123E-030   5.7226096957400137E-037   5.7644983097133520E-043   1.5240565059708354E-048   6.0807376771898752E-054
  -5.8819836321999508E+047  -5.8435641706729634E+058  -4.4450135068578965E+057  -1.0585468881625596E+050  -6.0923134428264065E+038  -6.4320859691385113E+025  -2976963911688.0864      -0.59508053215072509       -1.8817488789518888E-012  -3.7743184948238213E-024   3.0108204087288316E-030   6.3635532705603906E-037   6.4721265830332584E-043   1.7278583377767595E-048   6.9615684540083740E-054
  -5.9279865071270794E+047  -5.9451892472577052E+058  -4.5650484203349691E+057  -1.0972399793352193E+050  -6.3717542346369556E+038  -6.7849231929327962E+025  -3166422085931.5044      -0.63823225948836626       -2.0355440849701173E-012  -4.1192901082353208E-024   3.3164455757349927E-030   7.0761616654533065E-037   7.2664983888634879E-043   1.9588808017489724E-048   7.9698624483610501E-054
  -5.9742655695611829E+047  -6.0484860327507434E+058  -4.6882400335998361E+057  -1.1373235890667211E+050  -6.6638536009236965E+038  -7.1569344749928046E+025  -3367854356777.1846      -0.68449743846711575       -2.2018630540220359E-012  -4.4957055288343993E-024   3.6530281606841503E-030   7.8684326770474679E-037   8.1582305181442976E-043   2.2207548506886396E-048   9.1240440170738766E-054
  -6.0208209647617357E+047  -6.1534794691553803E+058  -4.8146683019786282E+057  -1.1788466085913407E+050  -6.9691763778276501E+038  -7.5491504002662065E+025  -3582011517656.9614      -0.73409943127161625       -2.3817214028551630E-012  -4.9064219826165508E-024   4.0236964144695129E-030   8.7492547772970519E-037   9.1592369463653801E-043   2.5175950734320004E-048   1.0445197441874563E-053
  -6.0676528027115150E+047  -6.2601947988565065E+058  -4.9444150934808285E+057  -1.2218595988624927E+050  -7.2883121381525401E+038  -7.9626562297731237E+025  -3809691006333.8911      -0.78727752003625662       -2.5762167234180848E-012  -5.3545554206291187E-024   4.4318938512989249E-030   9.7285060705650878E-037   1.0282887024503085E-042   2.8540640123426564E-048   1.1957450429565785E-053
  -6.1147611572647036E+047  -6.3686575660416394E+058  -5.0775642303082268E+057  -1.2664148453004600E+050  -7.6218762492082778E+038  -8.3985947560912262E+025  -4051739771624.3130      -0.84428803300361832       -2.7865351639883879E-012  -5.8435038543085011E-024   4.8814109250215426E-030   1.0817164216274327E-036   1.1544182920417569E-042   3.2354450192937737E-048   1.3688412823099310E-053
  -6.1621460652802781E+047  -6.4788936180464233E+058  -5.2142015310973519E+057  -1.3125664142285223E+050  -7.9705109744910469E+038  -8.8581693050996201E+025  -4309057314054.1865      -0.90540554964857933       -3.0139585353869835E-012  -6.3769727860496802E-024   5.3764198773354683E-030   1.2027428528649930E-036   1.2959958647803643E-042   3.6677247814845393E-048   1.5669678459240235E-053
  -6.2098075257404655E+047  -6.5909291066208101E+058  -5.3544148539011978E+057  -1.3603702110444216E+050  -8.3348866209386606E+038  -9.3426468912899225E+025  -4582598910839.5156      -0.97092419024792298       -3.2598719838739834E-012  -6.9590029221657964E-024   5.9215130742659897E-030   1.3372855598488110E-036   1.4549103302776953E-042   4.1576867980175541E-048   1.7937399247120745E-053
  -6.2577454988540672E+047  -6.7047904891120176E+058  -5.4982941399157240E+057  -1.4098840401751525E+050  -8.7157027335644642E+038  -9.8533615343063711E+025  -4873379036189.3730       -1.0411589957508749       -3.5257722755886783E-012  -7.5940003720141789E-024   6.5217451787249676E-030   1.4868509929930316E-036   1.6332811445329623E-042   4.7130172574765111E-048   2.0532941843641667E-053
  -6.3059599051444513E+047  -6.8205045295602435E+058  -5.6459314579562764E+057  -1.4611676668641222E+050  -9.1136893393397424E+038  -1.0391717744746546E+026  -5182474988573.5586       -1.1164474042069228       -3.8132767409176666E-012  -8.2867695551494334E-024   7.1826795414875363E-030   1.6531131249502191E-036   1.8334863918318135E-042   5.3424249583822179E-048   2.3503638789685951E-053
  -6.3544506245219946E+047  -6.9380982997029805E+058  -5.7974210496886890E+057  -1.5142828808407917E+050  -9.5296082422634900E+038  -1.0959194187641103E+026  -5511030737277.1367       -1.1971508304352318       -4.1241329309703358E-012  -9.0425490580420211E-024   7.9104392308576886E-030   1.8379320326963021E-036   2.0581942794954280E-042   6.0557771313058040E-048   2.6903647672080514E-053
  -6.4032174953407709E+047  -7.0575991798836364E+058  -5.9528593756194440E+057  -1.5692935619239764E+050  -9.9642543716295651E+038  -1.1557347532435431E+026  -5860261001283.0605       -1.2836563560767575       -4.4602290424306945E-012  -9.8670507033115815E-024   8.7117631629742896E-030   2.0433745349769742E-036   2.3103984592113729E-042   6.8642532669019162E-048   3.0794933820594298E-053
  -6.4522603134392750E+047  -7.1790348598600628E+058  -6.1123451618488218E+057  -1.6262657476110739E+050  -1.0418457185574710E+039  -1.2187816498719235E+026  -6231455574283.9268       -1.3763785376576581       -4.8236051714615769E-012  -1.0766502117719356E-023   9.5940678405009724E-030   2.2717371117368280E-036   2.5934576386928474E-042   7.7805193319481802E-048   3.5248394271736211E-053
  -6.5015788311649687E+047  -7.3024333395084061E+058  -6.2759794475905329E+057  -1.6852677027065601E+050  -1.0893082132066752E+039  -1.2852326107392419E+026  -6625983910426.8428       -1.4757613408128707       -5.2164654620858342E-012  -1.1747693110507891E-023   1.0565515257750473E-029   2.5255713570498868E-036   2.9111400034553969E-042   8.8189250698886870E-048   4.0345143271410312E-053
  -6.5511727563824370E+047  -7.4278229294176122E+058  -6.4438656334608323E+057  -1.7463699910441925E+050  -1.1389032169570538E+039  -1.3552692147418109E+026  -7045299986243.8086       -1.5822802093738793       -5.6411912195853892E-012  -1.2818026201247429E-023   1.1635087585558783E-029   2.8077122446917912E-036   3.2676730312936216E-042   9.9957274381836513E-048   4.6177982491940384E-053
  -6.6010417514649375E+047  -7.5552322513697199E+058  -6.6161095305395915E+057  -1.8096455493584458E+050  -1.1907249349709908E+039  -1.4290825868797156E+026  -7490947455116.4170       -1.6964442786170615       -6.1003550649710563E-012  -1.3985571666341015E-023   1.2812669309932464E-029   3.1213095161363800E-036   3.6677993523952278E-042   1.1329343637398543E-047   5.2853082457389584E-053
  -6.6511854322691223E+047  -7.6846902387009600E+058  -6.7928194102052690E+057  -1.8751697633618016E+050  -1.2448716464327270E+039  -1.5068738912903718E+026  -7964565111570.5879       -1.8187987426010113       -6.5967362125140930E-012  -1.5259127505965168E-023   1.4109137565176469E-029   3.4698625347516165E-036   4.1168393868531215E-042   1.2840637642568924E-047   6.0491905463637532E-053
  -6.7016033670927308E+047  -7.8162261365385137E+058  -6.9741060547451192E+057  -1.9430205460856036E+050  -1.3014458759428173E+039  -1.5888548491849595E+026  -8467892683697.3643       -1.9499273861954773       -7.1333369587269560E-012  -1.6648284768709017E-023   1.5536461475454256E-029   3.8572589876761974E-036   4.6207615796437718E-042   1.4553244662900551E-047   6.9233404613916412E-053
  -6.7522950756150104E+047  -7.9498695019076316E+058  -7.1600828087413784E+057  -2.0132784185432868E+050  -1.3605545718586840E+039  -1.6752482829096733E+026  -9002776973052.2480       -2.0904552931237981       -7.7134004780706908E-012  -1.8163498709770501E-023   1.7107811399178101E-029   4.2878178586826024E-036   5.1862611520686109E-042   1.6493938539165470E-047   7.9236538543635190E-053
  -6.8032600278196678E+047  -8.0856502037036553E+058  -7.3508656312334773E+057  -2.0860265927758679E+050  -1.4223092918479765E+039  -1.7662886874113694E+026  -9571178362501.2852       -2.2410517421079046       -8.3404300280872746E-012  -1.9816166300543897E-023   1.8837679058978964E-029   4.7663371417223401E-036   5.8208483994774671E-042   1.8693047748117691E-047   9.0683147068490416E-053
  -6.8544976429001142E+047  -8.2235984225233082E+058  -7.5465731486556714E+057  -2.1613510573406802E+050  -1.4868263959308476E+039  -1.8622228304473978E+026  -10175177713660.252       -2.4024333040232055       -9.0182096746474090E-012  -2.1618710653081479E-023   2.0742009637033355E-029   5.2981468163006631E-036   6.5329476892332526E-042   2.1184926429921556E-047   1.0378123945775050E-052
  -6.9060072881467930E+047  -8.3637446503494784E+058  -7.7473267085487172E+057  -2.2393406653053984E+050  -1.5542272472969341E+039  -1.9633103829422886E+026  -10816983676817.258       -2.5753671538432998       -9.7508266566111304E-012  -2.3584672972552108E-023   2.2838347022076084E-029   5.8891676628904660E-036   7.3320084519297455E-042   2.4008487699318215E-047   1.1876875442517908E-052
  -6.9577882778163623E+047  -8.5061196900835174E+058  -7.9532504340434390E+057  -2.3200872248104750E+050  -1.6246384211927920E+039  -2.0698245809596147E+026  -11498940437542.307       -2.7606746120850230       -1.0542695518466712E-011  -2.5728812704796439E-023   2.5145993511430666E-029   6.5459765598772930E-036   8.2286296146235041E-042   2.7207807456889322E-047   1.3591785937462375E-052
  -7.0098398719824974E+047  -8.6507546549189188E+058  -8.1644712791132462E+057  -2.4036855922641574E+050  -1.6981919221857942E+039  -2.1820529208259002E+026  -12223535925573.625       -2.9592349314565389       -1.1398584149492734E-011  -2.8067216604767603E-023   2.7686185399861585E-029   7.2758789737037282E-036   9.2346990992835708E-042   3.0832807997825515E-047   1.5553986608575961E-052
  -7.0621612753681176E+047  -8.7976809675500603E+058  -8.3811190845917235E+057  -2.4902337682353029E+050  -1.7750254101210451E+039  -2.3002978890150041E+026  -12993410513033.738       -3.1719893454690915       -1.2323641878732779E-011  -3.0617417515454828E-023   3.0482286028110900E-029   8.0869894316991111E-036   1.0363550205033225E-041   3.4940031938476540E-047   1.7799085104902468E-052
  -7.1147516361587778E+047  -8.9469303592095066E+058  -8.6033266349505794E+057  -2.5798329961102225E+050  -1.8552824350987260E+039  -2.4248777284760688E+026  -13811366230572.369       -3.3999453969008027       -1.3323429786639582E-011  -3.3398523716257583E-023   3.3559998018850376E-029   8.9883208533670522E-036   1.1630136911557002E-041   3.9593518364194213E-047   2.0367808125287019E-052
  -7.1676100447970213E+047  -9.0985348685271680E+058  -8.8312297158321937E+057  -2.6725878635807985E+050  -1.9391126818104379E+039  -2.5561272431660564E+026  -14680376531662.639       -3.6441815652031040       -1.4403953406697839E-011  -3.6431359775189425E-023   3.6947596597800763E-029   9.9898837115754114E-036   1.3051230386071269E-041   4.4865794666539063E-047   2.3306736061422324E-052
  -7.2207355327574631E+047  -9.2525268402044325E+058  -9.0649671723300598E+057  -2.7686064070320956E+050  -2.0266722235845772E+039  -2.6943986426291859E+026  -15603596636996.152       -3.9058522132217690       -1.5571698003738829E-011  -3.9738619921264132E-023   4.0676186084414918E-029   1.1102796101166382E-035   1.4645639250638137E-041   5.0838999307496300E-047   2.6669142867928473E-052
  -7.2741270713023679E+047  -9.4089389234962040E+058  -9.3046809680092740E+057  -2.8680002188986406E+050  -2.1181237865025682E+039  -2.8400624285503705E+026  -16584374492736.141       -4.1861928749701836       -1.6833666630087071E-011  -4.3345035042517290E-023   4.4779981841403075E-029   1.2339405910102718E-035   1.6434456473842427E-041   5.7606152749709056E-047   3.0515956199730022E-052
  -7.3277835702175066E+047  -9.5678040704935243E+058  -9.5505162446581619E+057  -2.9708845580594816E+050  -2.2136370239598661E+039  -2.9935083252981926E+026  -17626262378300.801       -4.4865259076478150       -1.8197421176206373E-011  -4.7277554511956731E-023   4.9296620197265989E-029   1.3713426418634988E-035   1.8441336094867728E-041   6.5272596055142865E-047   3.4916855001674308E-052
  -7.3817038765280591E+047  -9.7291555341993250E+058  -9.8026213827608839E+057  -3.0773784633430201E+050  -2.3133888020580740E+039  -3.1551462565651485E+026  -18733029201366.504       -4.8082665326475942       -1.9671126649222218E-011  -5.1565544148980811E-023   5.4267499102833071E-029   1.5240086796493021E-035   2.0692803373182757E-041   7.3957619214234364E-047   3.9951524185041345E-052
  -7.4358867731943391E+047  -9.8930268663895628E+058  -1.0061148062679673E+058  -3.1876048702134725E+050  -2.4175634962272607E+039  -3.3254073703090169E+026  -19908673519908.141       -5.1529292919481513       -2.1263598930678076E-011  -5.6241001738175014E-023   5.9738152553702145E-029   1.6936299128299076E-035   2.3218602388285818E-041   8.3796304162082114E-047   4.5711088823584515E-052
  -7.4903309777871003E+047  -1.0059451915251845E+059  -1.0326251326534003E+058  -3.3016907307116412E+050  -2.5263532994906353E+039  -3.5047451142993738E+026  -21157437333337.082       -5.5221349480470314       -2.2984356284230010E-011  -6.1338791651678134E-023   6.5758662107773802E-029   1.8820843774961267E-035   2.6052085596736019E-041   9.4941610711259309E-047   5.2299753497383689E-052
  -7.5450351411422130E+047  -1.0228464822793393E+059  -1.0598089640762636E+058  -3.4197671367234332E+050  -2.6399585427971372E+039  -3.6936363646776724E+026  -22483820687162.148       -5.9176178574659941       -2.4843674904798827E-011  -6.6896900256347340E-023   7.2384109153317264E-029   2.0914575075604591E-035   2.9230650394158053E-041   1.0756673733168389E-046   5.9836676062434683E-052
  -7.5999978459944856E+047  -1.0400100022009964E+059  -1.0876824959353050E+058  -3.5419694466503029E+050  -2.7585880278612369E+039  -3.8925826100480400E+026  -23892597138091.832       -6.3412338498565894       -2.6852648823091474E-011  -7.2956713933667171E-023   7.9675071940992221E-029   2.3240649612705414E-035   3.2796228334900561E-041   1.2186779289238931E-046   6.8458109291845606E-052
  -7.6552176055903829E+047  -1.0574392233807134E+059  -1.1162622787721218E+058  -3.6684374155564574E+050  -2.8824593729632963E+039  -4.1021111937292220E+026  -25388830129123.199       -6.7949686468610233       -2.9023254503490827E-011  -7.9563321699739494E-023   8.7698171786044863E-029   2.5824779504806606E-035   3.6795833339226431E-041   1.3806682021093993E-046   7.8319848594142381E-052
  -7.7106928622794409E+047  -1.0751376463665105E+059  -1.1455652247223169E+058  -3.7993153288682750E+050  -3.0117993721782427E+039  -4.3227766169160473E+026  -26977890326931.465       -7.2809468571482023       -3.1368420499221442E-011  -8.6765844585840679E-023   9.6526673277851890E-029   2.8695513459042817E-035   4.1282175975892332E-041   1.5641521760472967E-046   8.9600029449238104E-052
  -7.7664219860841355E+047  -1.0931087998037953E+059  -1.1756086140278037E+058  -3.9347521397019337E+050  -3.1468443685150317E+039  -4.5551619056215774E+026  -28665473976791.148       -7.8014415864562920       -3.3902102556563408E-011  -9.4617794128112387E-023   1.0624114380677906E-028   3.1884548612507845E-035   4.6314351756323747E-041   1.7719761068480336E-046   1.0250232440863767E-051
  -7.8224032732479890E+047  -1.1113562400477987E+059  -1.2064101016080613E+058  -4.0749016098957232E+050  -3.2878406414644304E+039  -4.7998800443989087E+026  -30457622333332.625       -8.3588847040404985       -3.6639364589851874E-011  -1.0317746251923506E-022   1.1693017823697752E-028   3.5427076520357510E-035   5.1958612326031054E-041   2.0073623346785256E-046   1.1725959659244114E-051
  -7.8786349447616889E+047  -1.1298835507475641E+059  -1.2379877236879595E+058  -4.2199224548239142E+050  -3.4350448094680484E+039  -5.0575754799745971E+026  -32360742228674.465       -8.9558778096577267       -3.9596465981221934E-011  -1.1250834719679559E-022   1.2869119512267116E-028   3.9362167012902009E-035   5.8289229501427827E-041   2.2739588560811071E-046   1.3413807470604827E-051
  -7.9351151448669958E+047  -1.1486943424005060E+059  -1.2703599044795769E+058  -4.3699784920693803E+050  -3.5887242478372476E+039  -5.3289256980640057E+026  -34381627842880.438       -9.5952039481286366       -4.2790955693703147E-011  -1.2267961288399753E-022   1.4163131148951882E-028   4.3733194047607726E-035   6.5389463289202343E-041   2.5758954128369805E-046   1.5344212383603478E-051
  -7.9918419395382307E+047  -1.1677922518765285E+059  -1.3035454629152433E+058  -4.5252387940323842E+050  -3.7491575226666043E+039  -5.6146428767827865E+026  -36527483745279.164       -10.279840121613454       -4.6241773723514812E-011  -1.3376659435999099E-022   1.5586830388705835E-028   4.8588308129111541E-035   7.3352646355833559E-041   2.9178469514219008E-046   1.7551969682932384E-051
  -8.0488133149411017E+047  -1.1871809419106652E+059  -1.3375636194288245E+058  -4.6858778445530977E+050  -3.9166348413029476E+039  -5.9154756202183050E+026  -38805949278962.625       -11.012970653032138       -4.9969360457452142E-011  -1.4585134352117378E-022   1.7153166416883933E-028   5.3980960365709600E-035   8.2283398903473177E-041   3.3051054186532867E-046   2.0076856309713466E-051
  -8.1060271758686774E+047  -1.2068641005631779E+059  -1.3724340027820520E+058  -4.8520756996254189E+050  -4.0914585199476674E+039  -6.2322107758803350E+026  -41225124364756.930       -11.798001457564604       -5.3995774544291219E-011  -1.5902322460323560E-022   1.8876375927997153E-028   5.9970483779471511E-035   9.2298989573943957E-041   3.7436609851942280E-046   2.2964342542583767E-051
  -8.1634813441542723E+047  -1.2268454406460204E+059  -1.4081766569324692E+058  -5.0240181522796175E+050  -4.2739434689869562E+039  -6.5656753399119712E+026  -43793596805144.188       -12.638575282895552       -5.8344819935395778E-011  -1.7337956176853940E-022   2.0772110523439152E-028   6.6622738094850326E-035   1.0353085986593795E-040   4.2402939310414930E-046   2.6266405106095446E-051
  -8.2211735570610522E+047  -1.2471286991145483E+059  -1.4448120479393343E+058  -5.2018969017110810E+050  -4.4644176966619256E+039  -6.9167384541095735E+026  -46520471173018.336       -13.538587982834864       -6.3042182799417500E-011  -1.8902634362688947E-022   2.2857576645377877E-028   7.4010824903714014E-035   1.1612633163499927E-040   4.8026785881046072E-046   3.0042456123201761E-051
  -8.2791014656481309E+047  -1.2677176364233237E+059  -1.4823610709035648E+058  -5.3859097267321604E+050  -4.6632228317080747E+039  -7.2863134989749517E+026  -49415399374791.109       -14.502205893163167       -6.8115579069395419E-011  -2.0607898965223449E-022   2.5151689272504459E-028   8.2215880850087653E-035   1.3025051957764924E-040   5.4395009168778272E-046   3.4360404371720934E-051
  -8.3372626331129629E+047  -1.2886160358448340E+059  -1.5208450569375547E+058  -5.5762606636236118E+050  -4.8707146656114535E+039  -7.6753602872040260E+026  -52488612982237.484       -15.533884383038199       -7.3594913437949612E-011  -2.2466318388601267E-022   2.7675240722277010E-028   9.1327957303278248E-035   1.4608847320922170E-040   6.1605914997214637E-046   3.9297867636380633E-051
  -8.3956545331098235E+047  -1.3098277027499189E+059  -1.5602857801604228E+058  -5.7731601884615324E+050  -5.0872637151469356E+039  -8.0848873622040773E+026  -55750957432595.000       -16.638387660067721       -7.9512450677918428E-011  -2.4491578178249156E-022   3.0451086034683815E-028   1.0144699590198117E-034   1.6384757576220592E-040   6.9770759654566465E-046   4.4943557608959543E-051
  -8.4542745480441810E+047  -1.3313564638486610E+059  -1.6007054647139703E+058  -5.9768254039949244E+050  -5.3132558058823730E+039  -8.5159544064266911E+026  -59213928201819.773       -17.820809912225794       -8.5903000232016868E-011  -2.6698579655565079E-022   3.3504346555467627E-028   1.1268391036386479E-034   1.8376023069454276E-040   7.9015451222839517E-046   5.1398861825462890E-051
  -8.5131199673427619E+047  -1.3532061663904704E+059  -1.6421267917943308E+058  -6.1874802311480739E+050  -5.5490926773509812E+039  -8.9696747645056882E+026  -62889709061566.609       -19.086597875179763       -9.2804115086227643E-011  -2.9103547193421844E-022   3.6862633493392001E-028   1.2516178607541773E-034   2.0608687014603864E-040   8.9482473723499221E-046   5.8779650593984689E-051
  -8.5721879856991151E+047  -1.3753806773220595E+059  -1.6845729066939906E+058  -6.4053556052208241E+050  -5.7951926106131149E+039  -9.4472180863990318E+026  -66791212536413.859       -20.441574919324498       -1.0025630601803030E-010  -3.1724144882498438E-022   4.0556293397794809E-028   1.3901721021703923E-034   2.3111932376126253E-040   1.0133306315994109E-045   6.7218340820098733E-051
  -8.6314757012944804E+047  -1.3978838824019693E+059  -1.7280674258485381E+058  -6.6306896768585211E+050  -6.0519910789475472E+039  -9.9498130959509746E+026  -70932122684109.656       -21.891966756908520       -1.0830327239260769E-010  -3.4579603402836322E-022   4.4618677690788829E-028   1.5440174655118943E-034   2.5918459085968136E-040   1.1474966831763865E-045   7.6866253146879767E-051
  -8.6909801139938039E+047  -1.4207196852702814E+059  -1.7726344438821686E+058  -6.8637280178618950E+050  -6.3199414224315771E+039  -1.0478750490515938E+027  -75326940328187.797       -23.444428876105441       -1.1699215076824721E-010  -3.7690857984856158E-022   4.9086438594592950E-028   1.7148357052095969E-034   2.9064906403499702E-040   1.2993873345270380E-045   8.7896303972171876E-051
  -8.7506981235166833E+047  -1.4438920064721098E+059  -1.8182985406456272E+058  -7.1047238319054277E+050  -6.5995155471885447E+039  -1.1035385977518742E+027  -79991030879204.734       -25.106075815756039       -1.2637378266671334E-010  -4.1080698419816291E-022   5.3999854020315139E-028   1.9044928198822328E-034   3.2592325796890378E-040   1.4713384482178817E-045   1.0050607977560412E-050
  -8.8106265275831050E+047  -1.4674047824334338E+059  -1.8650847882399078E+058  -7.3539381702308019E+050  -6.8912046501008091E+039  -1.1621143454067301E+027  -84940674888097.609       -26.884512401805537       -1.3650300296586875E-010  -4.4773932161839224E-022   5.9403184231922369E-028   2.1150591480176034E-034   3.6546710362038108E-040   1.6659928845186321E-045   1.1492134788365699E-050
  -8.8707620200337787E+047  -1.4912619643878046E+059  -1.9130187580186562E+058  -7.6116401523798384E+050  -7.1955199698057204E+039  -1.2237518335983708E+027  -90193121482772.922       -28.787867074212386       -1.4743895048076351E-010  -4.8797561652707410E-022   6.5345063370161609E-028   2.3488316444539824E-034   4.0979587507898388E-040   1.8863407269761697E-045   1.3140006543853136E-050
  -8.9311011889249344E+047  -1.5154675172524115E+059  -1.9621265275618349E+058  -7.8781071920288719E+050  -7.5129935648117084E+039  -1.2886081042878071E+027  -95766644847023.500       -30.824827441335881       -1.5924540241632296E-010  -5.3180977097209747E-022   7.1878929218064876E-028   2.6083585729523269E-034   4.5948682433736470E-040   2.1357647607742858E-045   1.5023695704752732E-050
  -8.9916405145973887E+047  -1.5400254184519693E+059  -2.0124346876127993E+058  -8.1536252279838116E+050  -7.8441791195911926E+039  -1.3568480646156707E+027  -101680603909252.52       -33.004678207548423       -1.7199113450021288E-010  -5.7956166021525627E-022   7.9063494914815164E-028   2.8964668753655718E-034   5.1518660814264599E-040   2.4180918871810432E-045   1.7176874152434146E-050
  -9.0523763677197786E+047  -1.5649396566888426E+059  -2.0639703489705175E+058  -8.4384889603920908E+050  -8.1896527795265822E+039  -1.4286448687132458E+027  -107955505417276.92       -35.337341629093778       -1.8575030873905184E-010  -6.3157941060636172E-022   8.6963266680827070E-028   3.2162925058080153E-034   5.7761960103784853E-040   2.7376512458878249E-045   1.9638009946329864E-050
  -9.1133050073057841E+047  -1.5902142306577909E+059  -2.1167611493282253E+058  -8.7330020922244269E+050  -8.5500140156051429E+039  -1.5041803172690124E+027  -114613070584704.88       -37.833420663056671       -2.0060289088551942E-010  -6.8824187543777330E-022   9.5649112006811978E-028   3.5713140490881049E-034   6.4759719982565907E-040   3.0993399169530186E-045   2.2451048630703239E-050
  -9.1744225787052338E+047  -1.6158531477036794E+059  -2.1708352600493542E+058  -9.0374775760756406E+050  -8.9258865197778774E+039  -1.5836452756254603E+027  -121676305504052.27       -40.504244984754443       -2.1663509985876866E-010  -7.4996132580280439E-022   1.0519888318652675E-027   3.9653899768036650E-034   7.2602823711384300E-040   3.5086971868407122E-045   2.5666191029961218E-050
  -9.2357251115689429E+047  -1.6418604224204601E+059  -2.2262213928711000E+058  -9.3522378663298277E+050  -9.3179191319168187E+039  -1.6672401112113212E+027  -129169575531900.39       -43.361920059942960       -2.3393989152662742E-010  -8.1718637492629825E-022   1.1569810154031436E-027   4.4027999322540722E-034   8.1393063548681977E-040   3.9719884903387903E-045   2.9340781151355528E-050
  -9.2972085177871918E+047  -1.6682400751896923E+059  -2.2829488065255025E+058  -9.6776151767308157E+050  -9.7267867993241054E+039  -1.7551751511457155E+027  -137118683862020.28       -46.419379469982985       -2.5261747943615352E-010  -8.9040515600118181E-022   1.2724070818822021E-027   4.8882904770791922E-034   9.1244444936115362E-040   4.4963002838091578E-045   3.3540319728864689E-050
  -9.3588685894017184E+047  -1.6949961306568300E+059  -2.3410473132674086E+058  -1.0013951743394102E+051  -1.0153191569764956E+040  -1.8476711608830242E+027  -145550954513519.47       -49.690440700578570       -2.7277589527003242E-010  -9.7014877526086398E-022   1.3992988779154573E-027   5.4271257787095405E-034   1.0228464589134241E-039   5.0896472673593132E-045   3.8339621125110641E-050
  -9.4207009964911534E+047  -1.7221326161434628E+059  -2.4005472852981484E+058  -1.0361600093291372E+051  -1.0597863619015022E+040  -1.9449598448005794E+027  -154495319972724.22       -53.189864617915482       -2.9453159201097023E-010  -1.0569950638546144E-021   1.5387897229469364E-027   6.0251437687691954E-034   1.1465664998284270E-039   5.7610935564889985E-045   4.3824133796694361E-050
  -9.4827012850297756E+047  -1.7496535599936603E+059  -2.4614796610732207E+058  -1.0720923318233104E+051  -1.1061562313930576E+040  -2.0472843696655415E+027  -163982413739716.34       -56.933418870038544       -3.1801009301559421E-010  -1.1515726540830541E-021   1.6921243236999567E-027   6.6888183590232966E-034   1.2852057342395539E-039   6.5208896102173252E-045   5.0091447364868844E-050
  -9.5448648747195496E+047  -1.7775629898525237E+059  -2.5238759514817013E+058  -1.1092295354368788E+051  -1.1545077312067434E+040  -2.1548999119525917E+027  -174044668043220.41       -60.937945466156229       -3.4334669043444446E-010  -1.2545654077060181E-021   1.8606696500227417E-027   7.4253283638693760E-034   1.4405570923842841E-039   7.3806269556310308E-045   5.7253012566427189E-050
  -9.6071870567953614E+047  -1.8058649308750118E+059  -2.5877682458845119E+058  -1.1476101267217799E+051  -1.2049229698891439E+040  -2.2680742300203235E+027  -184716417000906.50       -65.221432802295695       -3.7068719666651406E-010  -1.3667172263687346E-021   2.0459268645304031E-027   8.2426338473580672E-034   1.6146281414689416E-039   8.3534130115891881E-045   6.5436104044190524E-050
  -9.6696629918033949E+047  -1.8345634038630630E+059  -2.6531892179980611E+058  -1.1872737542236985E+051  -1.2574873163639550E+040  -2.3870882621914664E+027  -196034005516159.44       -69.803092418401420       -4.0018875280662393E-010  -1.4888372767189591E-021   2.2495444072288237E-027   9.1495606889800006E-034   1.8096666683548595E-039   9.4540686107768124E-045   7.4786060135277088E-050
  -9.7322877073526324E+047  -1.8636624233289959E+059  -2.7201721316091508E+058  -1.2282612380923562E+051  -1.3122895214906047E+040  -2.5122367518203240E+027  -208035904216989.62       -74.703440789626981       -4.3202069833293709E-010  -1.6218056655229886E-021   2.4733323459173220E-027   1.0155894246728466E-033   2.0281892963068884E-039   1.0699351153703189E-044   8.5468838599828302E-050
  -9.7950560958394325E+047  -1.8931659954831229E+059  -2.7887508461063728E+058  -1.2706146002443814E+051  -1.3694218437043024E+040  -2.6438289004700441E+027  -220762830758048.88       -79.944386473266476       -4.6636550659143785E-010  -1.7665796030492069E-021   2.7192781136793838E-027   1.1272483089076025E-033   2.2730134935905686E-039   1.2108206705415207E-044   9.7673932684323640E-050
  -9.8579629121451962E+047  -1.9230781161434750E+059  -2.8589598218125477E+058  -1.3143770950769496E+051  -1.4289801788477961E+040  -2.7821890503625590E+027  -234257877822689.62       -85.549322952566754       -5.0341979096562097E-010  -1.9242000961920895E-021   2.9895637662673463E-027   1.2511353870407530E-033   2.5472933736184606E-039   1.3702054771074983E-044   1.1161769812450414E-049
  -9.9210027713071005E+047  -1.9534027685654855E+059  -2.9308341251020503E+058  -1.3595932407294595E+051  -1.4910641943063772E+040  -2.9276573973052246E+027  -248566648178693.66       -91.543227539612928       -5.4339538697444385E-010  -2.0957992162769679E-021   3.2865849047582952E-027   1.3885838538146131E-033   2.8545597331329229E-039   1.5505109966253118E-044   1.2754714876845369E-049
  -9.9841701461619433E+047  -1.9841439211894407E+059  -3.0044094332861426E+058  -1.4063088508895242E+051  -1.5557774675588093E+040  -3.0805907353403458E+027  -263737397158720.91       -97.952766721650363       -5.8652051592136834E-010  -2.2826079902374075E-021   3.6129714226034391E-027   1.5410715185410548E-033   3.1987648271334527E-039   1.7544745338702508E-044   1.4574428656025297E-049
  -1.0047459364963124E+048  -2.0153055253034588E+059  -3.0797220392486757E+058  -1.4545710671384943E+051  -1.6232276292578586E+040  -3.2413632344068521E+027  -279821182954716.44       -104.80640835866109       -6.3304103612374624E-010  -2.4859649679154407E-021   3.9716102512195024E-027   1.7102364001783009E-033   3.5843324375368528E-039   1.9851902708258083E-044   1.6653104080497647E-049
  -1.0110864608970811E+048  -2.0468915126197165E+059  -3.1568088558137432E+058  -1.5044283918306158E+051  -1.6935265109549649E+040  -3.4103672523473986E+027  -296872025134488.56       -112.13454116482002       -6.8322178818667137E-010  -2.7073255226245948E-021   4.3656702946955770E-027   1.8978939928005358E-033   4.0162138575945442E-039   2.2461556079084445E-044   1.9027490209151685E-049
  -1.0174379910015388E+048  -2.0789057927615922E+059  -3.2357074198260679E+058  -1.5559307214987161E+051  -1.7667902975842791E+040  -3.5880141826390548E+027  -314947071808460.12       -119.96960193268680       -7.3734804125062584E-010  -2.9482719468629496E-021   4.7986297621403032E-027   2.1060563789651214E-033   4.4999504866589413E-039   2.5413234953591166E-044   2.1739534815691682E-049
  -1.0237999148034244E+048  -2.1113522506593574E+059  -3.3164558959240620E+058  -1.6091293807780370E+051  -1.8431396848218103E+040  -3.7747353392714681E+027  -334106775895224.31       -128.34621098671761       -7.9572704763981941E-010  -3.2105244101967123E-021   5.2743061258114079E-027   2.3369533871692302E-033   5.0417438108537322E-039   2.8751615251011170E-044   2.4837117253485081E-049
  -1.0301716048582041E+048  -2.1442347438519915E+059  -3.3990930799846403E+058  -1.6640771568384749E+051  -1.9227000414357435E+040  -3.9709828802429517E+027  -354415080956028.81       -137.30131638198424       -8.5868971387019498E-010  -3.4959528518844573E-021   5.7968889546042854E-027   2.5930560102201337E-033   5.6485336355228066E-039   3.2527186518332053E-044   2.8374884226935434E-049
  -1.0365524180314592E+048  -2.1775570996926639E+059  -3.4836584022179852E+058  -1.7208283343140477E+051  -2.0056015767440889E+040  -4.1772307711922286E+027  -375939617090698.06       -146.87434739494739       -9.2659239654492608E-010  -3.8065898868110968E-021   6.3709758958935534E-027   2.8771023241210156E-033   6.3280855360799401E-039   3.6797005230980769E-044   3.2415202855174900E-049
  -1.0429416952446490E+048  -2.2113231124553671E+059  -3.5701919298895243E+058  -1.7794387307168641E+051  -2.0919795132956971E+040  -4.3939757907315867E+027  -398751907410803.81       -157.10737788582904       -9.9981883227328498E-010  -4.1446448097840826E-021   7.0016121043012338E-027   3.1921261722169690E-033   7.0890886062476522E-039   4.1625545231134119E-044   3.7029247414826216E-049
  -1.0493387612182666E+048  -2.2455365403401461E+059  -3.6587343696454496E+058  -1.8399657323212560E+051  -2.1819742648902857E+040  -4.6217385790958360E+027  -422927585630136.56       -168.04530014665502       -1.0787822113985672E-009  -4.5125187902502109E-021   7.6943334439030382E-027   3.5414889070959323E-033   7.9412647079849142E-039   4.7085657760471293E-044   4.2298238426260949E-049
  -1.0557429242124122E+048  -2.2802011023743265E+059  -3.7493270694171152E+058  -1.9024683305019998E+051  -2.2757316200524616E+040  -4.8610647317706838E+027  -448546625337738.50       -179.73600988548236       -1.1639274060150383E-009  -4.9128213570605843E-021   8.4552138208931755E-027   3.9289145133631976E-033   8.8954905671348367E-039   5.3259655131517170E-044   4.8314855340195969E-049
  -1.0621534757648001E+048  -2.3153204752070871E+059  -3.8420120198786393E+058  -1.9670071585087318E+051  -2.3734029310737642E+040  -5.1125259398138355E+027  -475693581544956.38       -192.23060303578148       -1.2557333634954916E-009  -5.3483882810874918E-021   9.2909170370397754E-027   4.3585284681990173E-033   9.9639342146166027E-039   6.0240533869842474E-044   5.5184847031823417E-049
  -1.0685696904262307E+048  -2.3508982897946888E+059  -3.9368318554310022E+058  -2.0336445286567195E+051  -2.4751453087354627E+040  -5.3767211786322352E+027  -504457845125183.88       -205.58358512050842       -1.3547156775430329E-009  -5.8223009723273911E-021   1.0208753590629472E-026   4.8349007338893814E-033   1.1160207446666237E-038   6.8133355173467950E-044   6.3028867667043733E-049
  -1.0749908254935525E+048  -2.3869381279736201E+059  -4.0338298546848390E+058  -2.1024444699121157E+051  -2.5811218228232102E+040  -5.6542779470292471E+027  -534933910793206.56       -219.85309394317940       -1.4614293496263364E-009  -6.3379075176593371E-021   1.1216742891294817E-026   5.3630933176450330E-033   1.2499536171228880E-038   7.7056802804170746E-044   7.1984569325526287E-049
  -1.0814161207401476E+048  -2.4234435189188712E+059  -4.1330499404130288E+058  -2.1734727658476444E+051  -2.6915017085426328E+040  -5.9458535583861361E+027  -567221659300364.88       -235.10113642335170       -1.5764717545602852E-009  -6.8988454957224044E-021   1.2323681398439996E-026   5.9487128793835375E-033   1.3998950723378662E-038   8.7144941079824583E-044   8.2208987111594369E-049
  -1.0878447981439728E+048  -2.4604179354845082E+059  -4.2345366789430334E+058  -2.2467969929423950E+051  -2.8064605789425176E+040  -6.2521364858928498E+027  -601426654552124.00       -251.39384044143100       -1.7004858249572001E-009  -7.5090667164871714E-021   1.3539217240252280E-026   6.5979689181727511E-033   1.5677498473101107E-038   9.8549198513174794E-044   9.3881257428254283E-049
  -1.0942760616131958E+048  -2.4978647904236786E+059  -4.3383352789577577E+058  -2.3224865591969750E+051  -2.9261806434493892E+040  -6.5738477637936127E+027  -637660456386108.88       -268.80172260777732       -1.8341634703016003E-009  -8.1728640450876806E-021   1.4873931921860835E-026   7.3177381231930232E-033   1.7556481316707249E-038   1.1144060588072545E-043   1.0720571571374699E-048
  -1.1007090967094677E+048  -2.5357874324851191E+059  -4.4444915896724948E+058  -2.4006127430327360E+051  -3.0508509326139416E+040  -6.9117424466631412E+027  -676040949781234.75       -287.39997292378445       -1.9782492474976335E-009  -8.8949004824184969E-021   1.6339429787462611E-026   8.1156355358882917E-033   1.9659720941658928E-038   1.2601232115082966E-043   1.2241542633654053E-048
  -1.1071430703688734E+048  -2.5741891423832113E+059  -4.5530520983542642E+058  -2.4812487324410940E+051  -3.1806675291659336E+040  -7.2666111287791583E+027  -716692691302262.75       -307.26875735807772       -2.1335443009072217E-009  -9.6802406889584397E-021   1.7948435962592304E-026   9.0000932370125049E-033   2.2013855087116545E-038   1.4248247780331987E-043   1.3977620461899270E-048
  -1.1135771306206110E+048  -2.6130731286385752E+059  -4.6640639271485671E+058  -2.5644696643461365E+051  -3.3158338054697807E+040  -7.6392815257061686E+027  -759747273618933.38       -328.49353941933862       -2.3009105911430623E-009  -1.0534385153335247E-020   1.9714903569619981E-026   9.9804473461631647E-033   2.4648668392901263E-038   1.6109739769102243E-043   1.5959119923150617E-048
  -1.1200104063034506E+048  -2.6524425232861528E+059  -4.7775748291772621E+058  -2.6503526641407321E+051  -3.4565606674681049E+040  -8.0306201202539056E+027  -805343708974801.38       -351.16542186863836       -2.4812754332086059E-009  -1.1463307223376378E-020   2.1654131082504927E-026   1.1067034202815600E-032   2.7597461842044660E-038   1.8213521479020187E-043   1.8220611260350605E-048
  -1.1264420067800294E+048  -2.6923003774476925E+059  -4.8936331838699018E+058  -2.7389768853532134E+051  -3.6030668051949041E+040  -8.4415338750213016E+027  -853628832517998.75       -375.38150977868287       -2.6756363659920095E-009  -1.2473493234888600E-020   2.3782890766347873E-026   1.2271296687584256E-032   3.0897465261401338E-038   2.0590996203414287E-043   2.0801514768890195E-048
  -1.1328710216490421E+048  -2.7326496567655010E+059  -5.0122879914894647E+058  -2.8304235493984041E+051  -3.7555789499337411E+040  -8.8729720137829911E+027  -904757726444410.25       -401.24529621515990       -2.8850663766279981E-009  -1.3571985992267616E-020   2.6119569233941495E-026   1.3605901741269332E-032   3.4590297856165719E-038   2.3277618000226779E-043   2.3746778157646461E-048
  -1.1392965204553894E+048  -2.7734932366942972E+059  -5.1335888668120029E+058  -2.9247759853632942E+051  -3.9143321380893874E+040  -9.3259278740199664E+027  -958894165943131.12       -428.86707188657215       -3.1107195048461444E-009  -1.4766431875359710E-020   2.8684321245944378E-026   1.5084870248107550E-032   3.8722482323381625E-038   2.6313411363681874E-043   2.7107648024783522E-048
  -1.1457175523983587E+048  -2.8148338976479506E+059  -5.2575860319182115E+058  -3.0221196697740085E+051  -4.0795699818336087E+040  -9.8014408329387678E+027  -1016211087974600.8       -458.36436018367192       -3.3538368541319565E-009  -1.6065131868888403E-020   3.1499237984173200E-026   1.6723720569532187E-032   4.3346018723120203E-038   2.9743557148165867E-043   3.0942548448234408E-048
  -1.1521331460379060E+048  -2.8566743199978682E+059  -5.3843303080534567E+058  -3.1225422662868883E+051  -4.2515449465772333E+040  -1.0300598309364240E+028  -1076891083953440.4       -489.86237910801526       -3.6157530383445257E-009  -1.7477096834335992E-020   3.4588531139553729E-026   1.8539627146753913E-032   4.8519024991092798E-038   3.3619053129698380E-043   3.5318081474320936E-048
  -1.1585423089991177E+048  -2.8990170789197365E+059  -5.5138731065112012E+058  -3.2261336652424746E+051  -4.4305186353112374E+040  -1.0824537843928981E+028  -1141126917450752.8       -523.49453167136858       -3.8979030943675867E-009  -1.9012107369555911E-020   3.7978734278287559E-026   2.0551595735800313E-032   5.4306451761009529E-038   3.7997458642735390E-043   4.0310166314285790E-048
  -1.1649440276749385E+048  -2.9418646390853134E+059  -5.6462664184932001E+058  -3.3329860230169644E+051  -4.6167620798492308E+040  -1.1374449260017889E+028  -1209122068074439.8       -559.40292643385919       -4.2018298934263822E-009  -2.0680778628718891E-020   4.1698923082637215E-026   2.2780656998613703E-032   6.0780880037806289E-038   4.2943733913160408E-043   4.6005336360349319E-048
  -1.1713372669272527E+048  -2.9852193491959133E+059  -5.7815628038981911E+058  -3.4431938011012725E+051  -4.8105560389924320E+040  -1.1951576907958181E+028  -1281091302730925.8       -597.73892993900779       -4.5291920858876680E-009  -2.2494630504604357E-020   4.5780956207337661E-026   2.5250080349845544E-032   6.8023411233717474E-038   4.8531186038242301E-043   5.2502215747375047E-048
  -1.1777209697864143E+048  -3.0290834363542065E+059  -5.9198153789891336E+058  -3.5568538048331955E+051  -5.0121913036258353E+040  -1.2557221994973574E+028  -1357261275517492.8       -638.66375289824248       -4.8817726166817909E-009  -2.4466163606888556E-020   5.0259738650013555E-026   2.7985610152681341E-032   7.6124660158903991E-038   5.4842535059060628E-043   5.9913200155385785E-048
  -1.1840940571493256E+048  -3.0734590002709346E+059  -6.0610778028873298E+058  -3.6740652217033036E+051  -5.2219690087408193E+040  -1.3192745003445353E+028  -1437871157541191.8       -682.34907207631886       -5.2614878509516514E-009  -2.6608941504111778E-020   5.5173509705207411E-026   3.1015726570112423E-032   8.5185862758965016E-038   6.1971115250588624E-043   6.8366369919664202E-048
  -1.1904554274761714E+048  -3.1183480073030929E+059  -6.2054042628400057E+058  -3.7949296591500865E+051  -5.4402009523648051E+040  -1.3859568200042549E+028  -1523173298007932.2       -728.97768993237401       -5.6703973521514113E-009  -2.8937679733599360E-020   6.0564157757880538E-026   3.4371933612435021E-032   9.5320111726471756E-038   7.0022228641876664E-043   7.8007667342969276E-048
  -1.1968039564859219E+048  -3.1637522843201374E+059  -6.3528494582061361E+058  -3.9195511817545466E+051  -5.6672099213626686E+040  -1.4559178238297578E+028  -1613433917973785.5       -778.74423417927187       -6.1107143575963073E-009  -3.1468342122945630E-020   6.6477564374808010E-026   3.8089077179477111E-032   1.0665373459740158E-037   7.9114669898909163E-043   8.9003374449629214E-048
  -1.2031384968507218E+048  -3.2096735123947273E+059  -6.5034685831034585E+058  -4.0480363477388520E+051  -5.9033300240573868E+040  -1.5293128857212070E+028  -1708933838199696.5       -831.85589953656495       -6.5848169994124043E-009  -3.4218245008939232E-020   7.2963980372524067E-026   4.2205696179398195E-032   1.1932783059234094E-037   8.9382444084066694E-043   1.0154293235314598E-047
  -1.2094578778892961E+048  -3.2561132203145126E+059  -6.6573173076577314E+058  -4.1804942446678183E+051  -6.1489070295988014E+040  -1.6063043678479580E+028  -1809969242600573.8       -888.53323406992513       -7.0952603219605247E-009  -3.7206169985217002E-020   8.0078436779868488E-026   4.6764410117360365E-032   1.3349998429463584E-037   1.0097670148045874E-042   1.1584214900582176E-047
  -1.2157609052595003E+048  -3.3030727779114536E+059  -6.8144517577934037E+058  -4.3170365242458824E+051  -6.4042987139892577E+040  -1.6870619104906570E+028  -1916852478830015.2       -949.01097263240081       -7.6447891501210758E-009  -4.0452485858699166E-020   8.7881193873337476E-026   5.1812346889644473E-032   1.4934617629329642E-037   1.1406791667223998E-042   1.3214684844948031E-047
  -1.2220463606501616E+048  -3.3505533892051493E+059  -6.9749284935028631E+058  -4.4577774360958636E+051  -6.6698752126531902E+040  -1.7717627322600055E+028  -2029912897592590.8       -1013.5389200504377       -8.2363518663356530E-009  -4.3979280547211464E-020   9.6438231746079940E-026   5.7401614894851782E-032   1.6706291317953680E-037   1.2884834244315841E-042   1.5073702189096389E-047
  -1.2283130014723549E+048  -3.3985560853566438E+059  -7.1388044855294703E+058  -4.6028338603991366E+051  -6.9460193794144110E+040  -1.8605919409468552E+028  -2149497732326508.0       -1082.3828868303501       -8.8731151580169143E-009  -4.7810503706884724E-020   1.0582178617836364E-025   6.3589823986931221E-032   1.8686960179682672E-037   1.4553477283951296E-042   1.7193154909827944E-047
  -1.2345595605502736E+048  -3.4470817174291783E+059  -7.3061370903975362E+058  -4.7523253392698952E+051  -7.2331271517197327E+040  -1.9537428552551749E+028  -2275973020950460.5       -1155.8256802989290       -9.5584798008704763E-009  -5.1972120938198249E-020   1.1611093391066835E-025   7.0440660248448379E-032   2.0901119543231590E-037   1.6437165399020327E-042   1.9609356788147292E-047
  -1.2407847458118598E+048  -3.4961309489523524E+059  -7.4769840237203237E+058  -4.9063741067289296E+051  -7.5316079219206211E+040  -2.0514173376652780E+028  -2409724571419322.0       -1234.1681542351914       -1.0296097547831831E-008  -5.6492280484174070E-020   1.2739223178240551E-025   7.8024520060631969E-032   2.3376114273238312E-037   1.8563458604131240E-042   2.2363657993175525E-047
  -1.2469872399793650E+048  -3.5457042482861638E+059  -7.6514033317150504E+058  -5.0651051171347772E+051  -7.8418849143956365E+040  -2.1538261386694023E+028  -2551158972883899.5       -1317.7303201989596       -1.1089889197718250E-008  -6.1401493403525039E-020   1.3976041459193795E-025   8.6419209493518206E-032   2.6142467355992552E-037   2.0963426490791828E-042   2.5503139320728042E-047
  -1.2531657002600291E+048  -3.5958018807814109E+059  -7.8294533608517249E+058  -5.2286460719222191E+051  -8.1643955682654652E+040  -2.2611892526152072E+028  -2700704654299958.0       -1406.8525239160408       -1.1944063922341164E-008  -6.6732828275816354E-020   1.5331915695957855E-025   9.5710715639568820E-032   2.9234245982236409E-037   2.3672091854115647E-042   2.9081401455987206E-047
  -1.2593187580370634E+048  -3.6464239007329477E+059  -8.0111927255604759E+058  -5.3971274444898924E+051  -8.4995919254191630E+040  -2.3737362853848823E+028  -2858812992380938.0       -1501.8966902392579       -1.2863139935729717E-008  -7.2522121575240891E-020   1.6818190493726958E-025   1.0599405717248605E-031   3.2689469352753922E-037   2.6728929913169495E-042   3.3159462160362401E-047
  -1.2654450185611473E+048  -3.6975701431223121E+059  -8.1966802739198039E+058  -5.5706825030702120E+051  -8.8479410235347815E+040  -2.4917068341282158E+028  -3025959470836896.0       -1603.2476403694634       -1.3851966594292359E-008  -7.8808204934773614E-020   1.8447278360957036E-025   1.1737422213506175E-031   3.6550562901423294E-037   3.0178430020857347E-042   3.7806776017058687E-047
  -1.2715430606426460E+048  -3.7492402151462607E+059  -8.3859750512459573E+058  -5.7494473314059253E+051  -9.2099252937396696E+040  -2.6153508792570571E+028  -3202644892888934.5       -1711.3144851908762       -1.4915748022201771E-008  -8.5633150613617786E-020   2.0232758747350608E-025   1.2996720175174189E-031   4.0864864150412502E-037   3.4070727604178355E-042   4.3102393334828344E-047
  -1.2776114363447739E+048  -3.8014334875277944E+059  -8.5791362615013610E+058  -5.9335608470483337E+051  -9.5860429625153334E+040  -2.7449291888959537E+028  -3389396649093361.0       -1826.5320987505593       -1.6060068362040624E-008  -9.3042536578361990E-020   2.2189486097308004E-025   1.4390112992965433E-031   4.5685185988677953E-037   3.8462315022628379E-042   4.9136277035071549E-047
  -1.2836486706779378E+048  -3.8541490856062765E+059  -8.7762232264377259E+058  -6.1231648170826102E+051  -9.9768084574086202E+040  -2.8807137359692379E+028  -3586770042552688.0       -1949.3626760924838       -1.7290918756803106E-008  -1.0108573271252712E-019   2.4333707720138390E-025   1.5931753906320690E-031   5.1070443803853699E-037   4.3416841093518728E-042   5.6010798867989678E-047
  -1.2896532612955065E+048  -3.9073858802033117E+059  -8.9772953423871237E+058  -6.3184038710756225E+051  -1.0382752816065103E+041  -3.0229881280883244E+028  -3795349673630894.5       -2080.2973798422354       -1.8614726175721081E-008  -1.0981620978061100E-019   2.6683192347307227E-025   1.7637274379969943E-031   5.7086353605584822E-037   4.9006010221541627E-042   6.3842439157366708E-047
  -1.2956236781912615E+048  -3.9611424782610919E+059  -9.1824120346120041E+058  -6.5194255110312911E+051  -1.0804424098051679E+041  -3.1720480503842822E+028  -4015750886327712.0       -2219.8580801288240       -2.0038384203085599E-008  -1.1929187289176772E-019   2.9257370321657918E-025   1.9523936556506867E-031   6.3806209062622277E-037   5.5310593401054045E-042   7.2763717504183348E-047
  -1.3015583633988040E+048  -4.0154172132499918E+059  -9.3916327091227279E+058  -6.7263801181277161E+051  -1.1242387798883403E+041  -3.3282017214097116E+028  -4248621278500503.0       -2368.5991926249885       -2.1569285916274957E-008  -1.2957542133534163E-019   3.2077486444321025E-025   2.1610801189897837E-031   7.1311746244552005E-037   6.2421564850039707E-042   8.2925385535628472E-047
  -1.3074557306931966E+048  -4.0702081353422503E+059  -9.6050167018688256E+058  -6.9394209559991419E+051  -1.1697227265614398E+041  -3.4917703622104082E+028  -4494642278152087.5       -2527.1096196865474       -2.3215358986590689E-008  -1.4073473679608450E-019   3.5166766592380619E-025   2.3918912601684094E-031   7.9694105820680457E-037   7.0441379703223904E-042   9.4498916923380413E-047
  -1.3133141652951387E+048  -4.1255130013486704E+059  -9.8226232252077910E+058  -7.1587041703141742E+051  -1.2169544113294032E+041  -3.6630886786410184E+028  -4754530788027983.0       -2696.0147997743406       -2.4985103144252406E-008  -1.5284330210150800E-019   3.8550599314801701E-025   2.6471502351371507E-031   8.9054903533024580E-037   7.9485410059166569E-042   1.0767933457552345E-046
  -1.3191320235779860E+048  -4.1813292644153522E+059  -1.0044511311552816E+059  -7.3843887843897202E+051  -1.2659958641527359E+041  -3.8425053569697070E+028  -5029040900786350.0       -2875.9788705487067       -2.6887630157021304E-008  -1.6598065280797177E-019   4.2256733716165349E-025   2.9294213476296988E-031   9.9507420938207027E-037   8.9683558765521415E-042   1.2268842020026924E-046
  -1.3249076327779375E+048  -4.2376540634775693E+059  -1.0270739754098467E+059  -7.6166366905675848E+051  -1.3169110250312850E+041  -4.0303835727845503E+028  -5318965687017710.0       -3067.7069512356984       -2.8932706480419069E-008  -1.8023286409630772E-019   4.6315495047974229E-025   3.2415347335372388E-031   1.1117792971604396E-036   1.0118207266382047E-041   1.3977835742575799E-046
  -1.3306392907077331E+048  -4.2944842124680144E+059  -1.0501367044520885E+059  -7.8556126370678468E+051  -1.3697657854260656E+041  -4.2271015131786769E+028  -5625139058398526.0       -3271.9475500757676       -3.1130798746391594E-008  -1.9569307562257618E-019   5.0760019546281065E-025   3.5866135286897431E-031   1.2420716428359470E-036   1.1414557962883060E-041   1.5923586642756256E-046
  -1.3363252654742158E+048  -4.3518161892767645E+059  -1.0736451307546700E+059  -8.1014842100197588E+051  -1.4246280294220584E+041  -4.4330529121519254E+028  -5948437708262085.0       -3489.4951028787123       -3.3493122266542290E-008  -2.1246205715550016E-019   5.5626510182794507E-025   3.9681037644577772E-031   1.3875195904654236E-036   1.2875937665966045E-041   1.8138689566422283E-046
  -1.3419637952001313E+048  -4.4096461244604466E+059  -1.0976050232282444E+059  -8.3544218103571496E+051  -1.4815676745270857E+041  -4.6486475991236424E+028  -6289783131860919.0       -3721.1926489224852       -3.6031692735733184E-008  -2.3064881802980455E-019   6.0954515135107986E-025   4.3898072589576482E-031   1.5498706838049377E-036   1.4523199954587029E-041   2.0660194496384224E-046
  -1.3475530877505534E+048  -4.4679697896982305E+059  -1.1220221000193875E+059  -8.6145986252510963E+051  -1.5406567119935953E+041  -4.8743120604040245E+028  -6650143728576305.0       -3967.9346506470652       -3.8759381331927147E-008  -2.5037126365468269E-019   6.6787230930994512E-025   4.8559177971589877E-031   1.7310718938012286E-036   1.6379810828130038E-041   2.3530210396818408E-046
  -1.3530913204643447E+048  -4.5267825859924380E+059  -1.1469020209622283E+059  -8.8821905937379157E+051  -1.6019692465414511E+041  -5.1104900134197241E+028  -7030536988300992.0       -4230.6699638069276       -4.1689973418623455E-008  -2.7175690253952337E-019   7.3171832382572945E-025   5.3710609210431142E-031   1.9332920956267280E-036   1.8472172647500216E-041   2.6796590096725728E-046
  -1.3585766398910742E+048  -4.5860795316117381E+059  -1.1722503796722485E+059  -9.1573763661853833E+051  -1.6655815353506093E+041  -5.3576429934331416E+028  -7432031764180224.0       -4510.4049649555518       -4.4838231067121040E-008  -2.9494360753545748E-019   8.0159831599380339E-025   5.9403376813432920E-031   2.1589470408458874E-036   2.0829987756117333E-041   3.0513706960717890E-046
  -1.3640071615338396E+048  -4.6458552497750851E+059  -1.1980726952704974E+059  -9.4403372572244582E+051  -1.7315720261828306E+041  -5.6162509524334043E+028  -7855750633841961.0       -4808.2068433414688       -4.8219959627126916E-008  -3.2008043524183867E-019   8.7807468555825524E-025   6.5693727355304624E-031   2.4107270964832658E-036   2.3486666569234162E-041   3.4743335500698519E-046
  -1.3693809695984545E+048  -4.7061039560747537E+059  -1.2243744037262418E+059  -9.7312571917577334E+051  -1.8000213944813298E+041  -5.8868128698103728E+028  -8302872351178689.0       -5125.2070644961077       -5.1852078585904785E-008  -3.4732850779205821E-019   9.6176135889040007E-025   7.2643672128227188E-031   2.6916280516511961E-036   2.6479785487207465E-041   3.9555649667799356E-046
  -1.3746961167494897E+048  -4.7668194456370712E+059  -1.2511608488058515E+059  -1.0030322643639241E+052  -1.8710125792864623E+041  -6.1698473743505929E+028  -8774634390658863.0       -5462.6050129874129       -5.5752696968222536E-008  -3.7686196151372458E-019   1.0533284081871737E-024   8.0321568063438806E-031   3.0049853242541329E-036   2.9851600621157051E-041   4.5030354352896330E-046
  -1.3799506238736702E+048  -4.8279950800196720E+059  -1.2784372726155104E+059  -1.0337722566603235E+052  -1.9446308177941814E+041  -6.4658933770156583E+028  -9272335586044282.0       -5821.6718219979830       -5.9941193541794069E-008  -4.0886896725479589E-019   1.1535070731211986E-024   8.8802755954046617E-031   3.3545119354099442E-036   3.3649624025211545E-041   5.1257967641596811E-046
  -1.3851424798511580E+048  -4.8896237738443666E+059  -1.3062088057251343E+059  -1.0653648317002093E+052  -2.0209636783720382E+041  -6.7755107138785562E+028  -9797338865268870.0       -6203.7543975602148       -6.4438302105703129E-008  -4.4355282748032705E-019   1.2630952186605380E-024   9.8170261475172933E-031   3.7443406579341301E-036   3.7927269916396765E-041   5.8341273644274258E-046
  -1.3902696413352722E+048  -4.9516979811649918E+059  -1.3344804568606858E+059  -1.0978293567895530E+052  -2.1001010918349341E+041  -7.0992807985018343E+028  -10351074083092634.       -6610.2796454412464       -6.9266202152423484E-008  -4.8113315557462772E-019   1.3829632654433890E-024   1.0851556500489777E-030   4.1790707878687969E-036   4.2744579240179117E-041   6.6396968285490154E-046
  -1.3953300325412179E+048  -5.0142096815699359E+059  -1.3632571021518831E+059  -1.1311854214014886E+052  -2.1821353807696193E+041  -7.4378072829424328E+028  -10935040952979980.       -7042.7589088147733       -7.4448615207482097E-008  -5.2184714313135276E-019   1.5140606319522998E-024   1.1993944680109659E-030   4.6638200349829110E-036   4.8169031916690217E-041   7.5557523325789785E-046
  -1.4003215450444300E+048  -5.0771503660193246E+059  -1.3925434739221286E+059  -1.1654528267107454E+052  -2.2671612866830819E+041  -7.7917167264613326E+028  -11550812079462154.       -7502.7926249821985       -8.0010907164517377E-008  -5.6595092137983606E-019   1.6574227307953949E-024   1.3255291468872105E-030   5.2042820798362049E-036   5.4276457190733292E-041   8.5973297142473156E-046
  -1.4052420375891499E+048  -5.1405110224172222E+059  -1.4223441490073153E+059  -1.2006515741146468E+052  -2.3552759947354302E+041  -8.1616592709013168E+028  -12200036092026922.       -7992.0752095088083       -8.5980196947421654E-008  -6.1372102328026504E-019   1.8141785646804224E-024   1.4647822206309697E-030   5.8067904018345479E-036   6.1152053719957814E-041   9.7814924459382369E-046
  -1.4100893359078934E+048  -5.2042821209195867E+059  -1.4526635365900236E+059  -1.2368018526872701E+052  -2.4465791558026255E+041  -8.5483093215726581E+028  -12884440881332426.       -8512.4001762183016       -9.2385471845377717E-008  -6.6545595322343177E-019   1.9855589711733630E-024   1.6184998472142560E-030   6.4783890451968448E-036   6.8891532383494038E-041   1.1127602133917676E-045
  -1.4148612325524849E+048  -5.2684535989790859E+059  -1.4835058655354801E+059  -1.2739240255113487E+052  -2.5411729055984734E+041  -8.9523662323539270E+028  -13605836938263964.       -9065.6655015370779       -9.9257709880846176E-008  -7.2147787169307909E-019   2.1729055690793372E-024   1.7881640580113234E-030   7.2269110584313820E-036   7.7602396292646814E-041   1.2657624639105691E-045
  -1.4195554867373708E+048  -5.3330148461283411E+059  -1.5148751712155401E+059  -1.3120386148304471E+052  -2.6391618805685660E+041  -9.3745549935728183E+028  -14366120796039266.       -9653.8792416940178       -1.0663000958486692E-007  -7.8213440269045879E-019   2.3776804632823042E-024   1.9754061893453232E-030   8.0610654183562917E-036   8.7405374152245884E-041   1.4396476436507553E-045
  -1.4241698241959478E+048  -5.3979546885036118E+059  -1.5467752818068484E+059  -1.3511662859618485E+052  -2.7406532302514064E+041  -9.8156269210794480E+028  -15167278575217122.       -10279.165411257360       -1.1453772756832656E-007  -8.4780057218171622E-019   2.6014767691443743E-024   2.1820216062925883E-030   8.9905333325151623E-036   9.8436024973866216E-041   1.6372416417094770E-045
  -1.4287019370506775E+048  -5.4632613731114134E+059  -1.5792098040492608E+059  -1.3913278299084788E+052  -2.8457566257836829E+041  -1.0276360344761308E+029  -16011389631072494.       -10943.770131422529       -1.2301862429202439E-007  -9.1888088630904318E-019   2.8460300221083639E-024   2.4099858385808153E-030   1.0026074904706052E-035   1.1084653420008542E-040   1.8617488995262801E-045
  -1.4331494836977883E+048  -5.5289225518410948E+059  -1.6121821084505497E+059  -1.4325441446060257E+052  -2.9545842642076051E+041  -1.0757561294574530E+029  -16900630302365450.       -11650.068056347938       -1.3211301845234042E-007  -9.9581155860597088E-019   3.1132305429813335E-024   2.6614722589545136E-030   1.1179647247985133E-035   1.2480772358390235E-040   2.1168025125678795E-045
  -1.4375100887074000E+048  -5.5949252652269599E+059  -1.6456953139233882E+059  -1.4748362147392401E+052  -3.0672508682183257E+041  -1.1260064181979555E+029  -17837277760047848.       -12400.569085663536       -1.4186395041295115E-007  -1.0790628959753124E-018   3.4051368345148739E-024   2.9388714457693855E-030   1.2464535238706585E-035   1.4051129970318500E-040   2.4065208665053147E-045
  -1.4417813427399423E+048  -5.6612559259640805E+059  -1.6797522718406041E+059  -1.5182250900591895E+052  -3.1838736809687461E+041  -1.1784732474470313E+029  -18823713953916740.       -13197.925371042747       -1.5231735512622055E-007  -1.1691418537244709E-018   3.7239900903521931E-024   3.2448123838753558E-030   1.3895496224759675E-035   1.5817236880262788E-040   2.7355716447900412E-045
  -1.4459608024797709E+048  -5.7279003021826201E+059  -1.7143555494947193E+059  -1.5627318621310120E+052  -3.3045724555274078E+041  -1.2332459360673639E+029  -19862429654633340.       -14044.938624425062       -1.6352224500046231E-007  -1.2665947705062583E-018   4.0722299031943125E-024   3.5821856711168944E-030   1.5488920132066777E-035   1.7803224877374707E-040   3.1092441492683467E-045
  -1.4500459905869290E+048  -5.7948435004861192E+059  -1.7495074129478512E+059  -1.6083776394394712E+052  -3.4294694385627174E+041  -1.2904168403269622E+029  -20956028587876456.       -14944.567735095939       -1.7553090318105303E-007  -1.3720102945828509E-018   4.4525112651589992E-024   3.9541689120826116E-030   1.7263006556582683E-035   2.0036161253818114E-040   3.5335309929177586E-045
  -1.4540343956680309E+048  -5.8620699487599200E+059  -1.7852098092581467E+059  -1.6551835207773573E+052  -3.5586893478033989E+041  -1.3500814176742844E+029  -22107231656685604.       -15899.936702364468       -1.8839908772418481E-007  -1.4860225134145770E-018   4.8677229597764029E-024   4.3642544961395758E-030   1.9237960585525089E-035   2.2546400092515615E-040   4.0152203554233625E-045
  -1.4579234722672951E+048  -5.9295633787566671E+059  -1.8214643480690502E+059  -1.7031705668395235E+052  -3.6923593428008132E+041  -1.4123382886718614E+029  -23318881247266284.       -16914.342890017804       -2.0218624715165903E-007  -1.6093142991720583E-018   5.3210074518935572E-024   4.8162799733591894E-030   2.1436209262478682E-035   2.5367974736768649E-040   4.5620001397759529E-045
  -1.4617106408787886E+048  -5.9973068084666079E+059  -1.8582722825478825E+059  -1.7523597699430860E+052  -3.8306089884936286E+041  -1.4772892967366407E+029  -24593945612673712.       -17991.265608064954       -2.1695574788330285E-007  -1.7426208833775120E-018   5.8157823889530623E-024   5.3144612597500424E-030   2.3882640797534246E-035   2.8539036142454547E-040   5.1825755331847102E-045
  -1.4653932879809917E+048  -6.0652825242812781E+059  -1.8956344896604266E+059  -1.8027720217920664E+052  -3.9735702110492512E+041  -1.5450395653064300E+029  -25935523327855908.       -19134.375026499802       -2.3277511405006164E-007  -1.8867336744960884E-018   6.3557638346745247E-024   5.8634289223295682E-030   2.6604868827007831E-035   3.2102342331045627E-040   5.8868016603657083E-045
  -1.4689687660948352E+048  -6.1334720629600494E+059  -1.9335514497684811E+059  -1.8544280792025264E+052  -4.1213772454294336E+041  -1.6156975520212215E+029  -27346847808517324.       -20347.541424902782       -2.4971628019528429E-007  -2.0425043329176354E-018   6.9449913641034776E-024   6.4682678150617044E-030   2.9633524248867645E-035   3.6105804733335373E-040   6.6858332239175689E-045
  -1.4724343938664079E+048  -6.2018561934099831E+059  -1.9720232255376669E+059  -1.9073485277020352E+052  -4.2741665740995685E+041  -1.6893750994757855E+029  -28831291885153988.       -21634.844780649353       -2.6785585737383823E-007  -2.2108491183894291E-018   7.5878551573012627E-024   7.1345603586334043E-030   3.3002577401187722E-035   4.0603097844703829E-040   7.5922932574824969E-045
  -1.4757874561755858E+048  -6.2704148982904301E+059  -2.0110494401431439E+059  -1.9615537429151415E+052  -4.4320768562723463E+041  -1.7661874820656228E+029  -30392372422404540.       -23000.584697287741       -2.8727541315809198E-007  -2.3927535255766012E-018   8.2891252376270866E-024   7.8684337805090915E-030   3.6749693613233737E-035   4.5654339308648349E-040   8.6204633754230800E-045
  -1.4790252042718777E+048  -6.3391273554548954E+059  -2.0506292547613375E+059  -2.0170638496443973E+052  -4.5952488470467453E+041  -1.8462534484121221E+029  -32033754972552036.       -24449.290673273521       -3.0806176605607498E-007  -2.5892772240339374E-018   9.0539830096023072E-024   8.6766116567577285E-030   4.0916625443725672E-035   5.1326848312239275E-040   9.7864981908058729E-045
  -1.4821448559388392E+048  -6.4079719192438204E+059  -2.0907613453362714E+059  -2.0738986785544115E+052  -4.7638253057726738E+041  -1.9296952588144688E+029  -33759258450592268.       -25985.732709688400       -3.3030729483980763E-007  -2.8015593194642591E-018   9.8880552607341871E-024   9.5664701238577458E-030   4.5549645230043976E-035   5.7695991021701642E-040   1.1108666894853133E-044
  -1.4851435956884586E+048  -6.4769261016431330E+059  -2.1314438786096875E+059  -2.1320777203644190E+052  -4.9379508929401302E+041  -2.0166387171354616E+029  -35572859816748560.       -27614.932253808121       -3.5411026327038672E-007  -3.0308239537076109E-018   1.0797450801393620E-023   1.0546099157112139E-029   5.0700021907343296E-035   6.4846122715539316E-040   1.2607625349308155E-044
  -1.4880185749869747E+048  -6.5459665533246756E+059  -2.1726744874047708E+059  -2.1916200774529380E+052  -5.1177720548593738E+041  -2.1072131964857995E+029  -37478698750653312.       -29342.173473401166       -3.7957516069035438E-007  -3.2783862614438014E-018   1.1788799926863368E-023   1.1624369342505019E-029   5.6424546419462022E-035   7.2871637294085517E-040   1.4306722442308987E-044
  -1.4907669125136457E+048  -6.6150690445859703E+059  -2.2144502451540375E+059  -2.2525444127762752E+052  -5.3034368953654814E+041  -2.2015516580265657E+029  -39481082299625056.       -31173.014854416338       -4.0681305893256337E-007  -3.5456587020891616E-018   1.2869296895967737E-023   1.2811004600849586E-029   6.2786110435965083E-035   8.1878135966192492E-040   1.6232344902705511E-044
  -1.4933856944540473E+048  -6.6842084462081939E+059  -2.2567676396627652E+059  -2.3148688960009482E+052  -5.4950950337467137E+041  -2.2997906621624689E+029  -41584489481538984.       -33113.301112232315       -4.3594198596750425E-007  -3.8341577858160009E-018   1.4046745631219523E-023   1.4116661356953394E-029   6.9854343513465333E-035   9.1983728144608819E-040   1.8414305262011987E-044
  -1.4958719748295423E+048  -6.7533587102527244E+059  -2.2996225461002469E+059  -2.3786111467485302E+052  -5.6928974480614861E+041  -2.4020703713488501E+029  -43793575820709928.       -35169.175403873145       -4.6708731667714332E-007  -4.1455112130081177E-018   1.5329608856123766E-023   1.5553014682285098E-029   7.7706314296386536E-035   1.0332047893062566E-039   2.0886278202514121E-044
  -1.4982227758646270E+048  -6.8224928508182040E+059  -2.3430101992121731E+059  -2.4437881748500198E+052  -5.8969963029734134E+041  -2.5085345436834520E+029  -46113177792972000.       -37347.091825516800       -5.0038218110193179E-007  -4.4814654467741090E-018   1.6727060896097150E-023   1.7132851977276831E-029   8.6427301844408959E-035   1.1603601904552936E-039   2.3686291140053303E-044
  -1.5004350883939289E+048  -6.8915829247817276E+059  -2.3869251647485667E+059  -2.5104163175056082E+052  -6.1075447611979838E+041  -2.6193305163994399E+029  -48548317153738584.       -39653.828176213377       -5.3596789045789852E-007  -4.8438937383567278E-018   1.8249044380319641E-023   1.8870174798928393E-029   9.6111643702799207E-035   1.3029533468153101E-039   2.6857275566775971E-044
  -1.5025058723106971E+048  -6.9606000125495291E+059  -2.4313613101029220E+059  -2.5785111732446879E+052  -6.3246967776179916E+041  -2.7346091783190856E+029  -51104205120252376.       -42096.498964958359       -5.7399438116167220E-007  -5.2348046253836633E-018   1.9906331092639770E-023   2.0780309480760806E-029   1.0686366789943339E-034   1.4628275650890657E-039   3.0447686429251437E-044
  -1.5044320570587045E+048  -7.0295141988443772E+059  -2.4763117741595705E+059  -2.6480875325801386E+052  -6.5486068750879879E+041  -2.8545249302678467E+029  -53786246376477280.       -44682.568634105570       -6.1462067703184616E-007  -5.6563509228833948E-018   2.1710587230297476E-023   2.2880027235337169E-029   1.1879871666024738E-034   1.6420416900028560E-039   3.4512197647938405E-044
  -1.5062105421695488E+048  -7.0982945535588780E+059  -2.5217689363477803E+059  -2.7191593052503734E+052  -6.7794299009108398E+041  -2.9792356323862655E+029  -56600042866133752.       -47419.864967523587       -6.5801536975415456E-007  -6.1108392268172342E-018   2.3674443339580316E-023   2.5187674474434892E-029   1.3204427028461751E-034   1.8428946332899207E-039   3.9112482802672315E-044
  -1.5078381978474267E+048  -7.1669091127059018E+059  -2.5677243849027292E+059  -2.7917394439423640E+052  -7.0173207629321028E+041  -3.1089025372121243E+029  -59551397336226120.       -50316.592646865902       -7.0435711760423441E-007  -6.6007399495308598E-018   2.5811569207439656E-023   2.7723314128383476E-029   1.4674118031512595E-034   2.0679525937800481E-039   4.4318091023859056E-044
  -1.5093118656035246E+048  -7.2353248594995627E+059  -2.6141688843352697E+059  -2.8658398643888920E+052  -7.2624341441604825E+041  -3.2436902073376410E+029  -62646316590045816.       -53381.346913805020       -7.5383516231396351E-007  -7.1286979059781946E-018   2.8136753997388096E-023   3.0508878793898428E-029   1.6304502187337536E-034   2.3200792487163361E-039   5.0207429249162174E-044
  -1.5106283589422629E+048  -7.3035077056024571E+059  -2.6610923421143482E+059  -2.9414713617336696E+052  -7.5149241947853003E+041  -3.3837664163761586E+029  -65891014405047472.       -56623.127290037934       -8.0664986384402235E-007  -7.6975434687870747E-018   3.0665991926474875E-023   3.3568336588713868E-029   1.8112757581573225E-034   2.6024692232564823E-039   5.6868863239983481E-044
  -1.5117844641017127E+048  -7.3714224725772659E+059  -2.7084837745680580E+059  -3.0186435230587547E+052  -7.7749442004248369E+041  -3.5293020318997771E+029  -69291914067176832.       -60051.351300267037       -8.6301325268486768E-007  -8.3103043091858805E-018   3.3416573787558342E-023   3.6927870641151347E-029   2.0117845219042622E-034   2.9186851741551861E-039   6.4401951110825931E-044
  -1.5127769408505964E+048  -7.4390328735833888E+059  -2.7563312720115882E+059  -3.0973646359698721E+052  -8.0426462254027915E+041  -3.6804708789337497E+029  -72855650469169920.       -63675.868136157362       -9.2314959914901240E-007  -8.9702177394558190E-018   3.6407184627194844E-023   4.0616073193095637E-029   2.2340686735011314E-034   3.2726988549849865E-039   7.2918824618073988E-044
  -1.5136025233443753E+048  -7.5063014953619395E+059  -2.8046219631128314E+059  -3.1776415931369348E+052  -8.3181807298142190E+041  -3.8374495825152689E+029  -76589071716032816.       -67506.972191425593       -9.8729599893756546E-007  -9.6807436708734142E-018   3.9658007893933925E-023   4.4664155345232554E-029   2.4804358799098738E-034   3.6689365640482828E-039   8.2545735093678911E-044
  -1.5142579210430230E+048  -7.5731897805552579E+059  -2.8533419785090972E+059  -3.2594797926892369E+052  -8.6016961591073075E+041  -4.0004173877435507E+029  -80499240176341488.       -71555.416389686739       -1.0557029740614119E-006  -1.0445578199016098E-017   4.3190836374299077E-023   4.9106173523296431E-029   2.7534305634917927E-034   4.1123294124677634E-039   9.3424782704947797E-044
  -1.5147398196931873E+048  -7.6396580104100479E+059  -2.9024764136913036E+059  -3.3428830343675479E+052  -8.8933385048736303E+041  -4.1695559556650182E+029  -84593432913162480.       -75832.425217424374       -1.1286350879701049E-006  -1.1268667825770376E-017   4.7029190233842584E-023   5.3979273792823833E-029   3.0558571178493357E-034   4.6083688889077431E-039   1.0571584968566812E-043
  -1.5150448823775468E+048  -7.7056652879163870E+059  -2.9520092911751602E+059  -3.4278534113387058E+052  -9.1932508355072536E+041  -4.3450491332520202E+029  -88879141423279648.       -80349.707364414018       -1.2063715734872291E-006  -1.2154224324351173E-017   5.1198442477939257E-023   5.9323955196738313E-029   3.3908052502124320E-034   5.1631682390493314E-039   1.1959876032790336E-043
  -1.5151697506342701E+048  -7.7711695214381174E+059  -3.0019235219822589E+059  -3.5143911975823581E+052  -9.5015727953627295E+041  -4.5270826956460270E+029  -93364070608011872.       -85119.467863069120       -1.2892069718672574E-006  -1.3106740250051884E-017   5.5725952140915111E-023   6.5184353334079286E-029   3.7616776237117319E-034   5.7835302223694078E-039   1.3527569285974313E-043
  -1.5151110456496073E+048  -7.8361274088935950E+059  -3.0522008664576506E+059  -3.6024947307643045E+052  -9.8184400710138467E+041  -4.7158440587468614E+029  -98056136893215040.       -90154.419606443975       -1.3774517809731840E-006  -1.4131005095230517E-017   6.0641205502116314E-023   7.1608545438255206E-029   4.1722199838043580E-034   6.4770218559788794E-039   1.5297387087367347E-043
  -1.5148653695267526E+048  -7.9004944225494015E+059  -3.1028218944544332E+059  -3.6921602905164763E+052  -1.0143983823189581E+042  -4.9115219601384774E+029  -1.0296346541007296E+017  -95467.794111969866       -1.4714331102237186E-006  -1.5232122082125159E-017   6.5975965612961536E-023   7.8648878248082315E-029   4.6265539642038046E-034   7.2520568052440093E-039   1.7294856472419353E-043
  -1.5144293066342393E+048  -7.9642247944934325E+059  -3.1537659449201161E+059  -3.7833819720500962E+052  -1.0478330082941270E+042  -5.1143061062493644E+029  -1.0809438614199130E+017  -101073.35138436608       -1.5714953395706635E-006  -1.6415525581402048E-017   7.1764430399158644E-023   8.6362319993093529E-029   5.1292127788077888E-034   8.1179861335833201E-039   1.9548643629221765E-043
  -1.5137994250372507E+048  -8.0272715028578087E+059  -3.2050110849240953E+059  -3.8761515550359868E+052  -1.0821599110576353E+042  -5.3243867835522090E+029  -1.1345742893631381E+017  -106985.38871650619       -1.6780007793381822E-006  -1.7686999137785121E-017   7.8043399576289473E-023   9.4810837834460823E-029   5.6851800171839346E-034   9.0851981790816071E-039   2.2090926372686485E-043
  -1.5129722780153659E+048  -8.0895862588662620E+059  -3.2565340681704713E+059  -3.9704583676944979E+052  -1.1173904715879413E+042  -5.5419544315133388E+029  -1.1906131727267931E+017  -113218.74825127951       -1.7913303272827293E-006  -1.9052694076602492E-017   8.4852450583963021E-023   1.0406180211240053E-028   6.2999317720015872E-034   1.0165228383201310E-038   2.4957808622998309E-043
  -1.5119444056703846E+048  -8.1511194947850701E+059  -3.3083102930456996E+059  -4.0662891460471263E+052  -1.1535353538131524E+042  -5.7671991749082120E+029  -1.2491496067263258E+017  -119788.82311061597       -1.9118841187120486E-006  -2.0519148656510752E-017   9.2234123702694015E-023   1.1418841874785874E-028   6.9794823371927808E-034   1.1370879956624196E-038   2.8189781265045158E-043
  -1.5107123366280259E+048  -8.2118203528613235E+059  -3.3603137602562057E+059  -4.1636278882927719E+052  -1.1906044284434563E+042  -6.0003103130252926E+029  -1.3102744562759538E+017  -126711.56187979081       -2.0400821649302377E-006  -2.2093307723911279E-017   1.0023411646745272E-022   1.2527019112800962E-028   7.7304337253512734E-034   1.2716356328744495E-038   3.1832234160623360E-043
  -1.5092725898374227E+048  -8.2716366753371277E+059  -3.4125170301171466E+059  -4.2624557042837283E+052  -1.2286066924849060E+042  -6.2414757631877231E+029  -1.3740802491450235E+017  -134003.47121584279       -2.1763649746497080E-006  -2.3782542813534813E-017   1.0890148743120278E-022   1.3739341276867847E-028   8.5600292616548495E-034   1.4217406390057630E-038   3.5936024505074806E-043
  -1.5076216764725026E+048  -8.3305149956335526E+059  -3.4648911795599651E+059  -4.3627506600901519E+052  -1.2675501842863045E+042  -6.4908814559309171E+029  -1.4406610516031920E+017  -141681.61632838054       -2.3211941523259949E-006  -2.5594672627212107E-017   1.1828886925931342E-022   1.5065169198884957E-028   9.4762115190905044E-034   1.5891483600000139E-038   4.0558107163994923E-043
  -1.5057561019394839E+048  -8.3884005308035215E+059  -3.5174057589333167E+059  -4.4644876176569203E+052  -1.3074418939726105E+042  -6.7487106790854033E+029  -1.5101123250830227E+017  -149763.61905917319       -2.4750529666238157E-006  -2.7537983808831982E-017   1.2845269104997489E-022   1.6514650974910587E-028   1.0487684865582759E-033   1.7757920095878355E-038   4.5762233092499914E-043
  -1.5036723679948881E+048  -8.4452371753584594E+059  -3.5700287486793637E+059  -4.5676380695736597E+052  -1.3482876691208529E+042  -7.0151433679288076E+029  -1.5825307623024605E+017  -158267.65326368410       -2.6384468814083463E-006  -2.9621251917765183E-017   1.3945340967497925E-022   1.8098781169283728E-028   1.1603982897313184E-033   1.9838117000355629E-038   5.1619722427250448E-043
  -1.5013669749786278E+048  -8.5009674965795657E+059  -3.6227265159753449E+059  -4.6721699689974232E+052  -1.3900921155380900E+042  -7.2903553384897906E+029  -1.6580141012012240E+017  -167212.43717307810       -2.8119040407701761E-006  -3.1853762485445636E-017   1.5135574981760832E-022   1.9829463528145344E-028   1.2835541033538633E-033   2.2155752184293684E-038   5.8210319347062524E-043
  -1.4988364241669065E+048  -8.5555327314307392E+059  -3.6754637714388052E+059  -4.7780475547881461E+052  -1.4328584930056075E+042  -7.5745174610112928E+029  -1.7366609149547027E+017  -176617.22238918548       -2.9959756986315062E-006  -3.4245332020181922E-017   1.6422895224787386E-022   2.1719577272713790E-028   1.4193774545944167E-033   2.4737006797030520E-038   6.5623136317438839E-043
  -1.4960772202498430E+048  -8.6088727851967828E+059  -3.7282035260038954E+059  -4.8852311719397911E+052  -1.4765886058594380E+042  -7.8677947705117282E+029  -1.8185703762368419E+017  -186501.77913742600       -3.1912365824405723E-006  -3.6806328803443603E-017   1.7814702971777389E-022   2.3783047019270278E-028   1.5691162289284445E-033   2.7610811925571846E-038   7.3957695862312718E-043
  -1.4930858739389182E+048  -8.6609262319774250E+059  -3.7809070480858138E+059  -4.9936770874151590E+052  -1.5212826882845338E+042  -8.1703455113224046E+029  -1.9038419938101494E+017  -196886.37737377253       -3.3982851793367141E-006  -3.9547693296641551E-017   1.9318902967815711E-022   2.6034916344092529E-028   1.7341336388944483E-033   3.0809116785451579E-038   8.3325078535674170E-043
  -1.4898589047095387E+048  -8.7116303171748794E+059  -3.8335338211607393E+059  -5.1033373015198803E+052  -1.5669392842086918E+042  -8.4823201124289729E+029  -1.9925753194269002E+017  -207791.76331147624       -3.6177439319557779E-006  -4.2480957950602448E-017   2.0943930281161260E-022   2.8491424976765267E-028   1.9159178124133786E-033   3.4367179876527934E-038   9.3849186287567972E-043
  -1.4863928436842008E+048  -8.7609209621202766E+059  -3.8860415018995985E+059  -5.2141593549812718E+052  -1.6135551216927730E+042  -8.8038600904059814E+029  -2.0848696229314365E+017  -219239.13090150402       -3.8502593297406113E-006  -4.5618266180318906E-017   2.2698777613969618E-022   3.1170089563535160E-028   2.1160920221626450E-033   3.8323884553582061E-038   1.0566813092194171E-042
  -1.4826842366619526E+048  -8.8087327709922408E+059  -3.9383858790056832E+059  -5.3260861319308029E+052  -1.6611249817260474E+042  -9.1350968767086334E+029  -2.1808235333598976E+017  -231250.08776749182       -4.0965018802204663E-006  -4.8972390234925673E-017   2.4593022919471903E-022   3.4089787892712179E-028   2.3364255743029147E-033   4.2722080460570780E-038   1.1893575781398962E-042
  -1.4787296473000664E+048  -8.8549990401892677E+059  -3.9905208329186229E+059  -5.4390556590250210E+052  -1.7096415613498331E+042  -9.4761505660768936E+029  -2.2805346437415875E+017  -243846.61506155983       -4.3571659432227453E-006  -5.2556747656988957E-017   2.6636857144297743E-022   3.7270846415493816E-028   2.5788453707084668E-033   4.7608952254406526E-038   1.3382331547480704E-042
  -1.4745256604540470E+048  -8.8996517703262563E+059  -4.0423982965604678E+059  -5.5530009009791980E+052  -1.7590953310491684E+042  -9.8271285828166546E+029  -2.3840990772164835E+017  -257051.02067164806       -4.6329694093776876E-006  -5.6385415985875862E-017   2.8841111880419523E-022   4.0735130826840417E-028   2.8454481535897865E-033   5.3036416994119156E-038   1.5052128190043460E-042
  -1.4700688856823397E+048  -8.9426216810347933E+059  -4.0939682173137799E+059  -5.6678495528309382E+052  -1.8094743863713196E+042  -1.0188124261753589E+030  -2.4916110119972339E+017  -270885.88517423376       -4.9246532025689435E-006  -6.0473145316966765E-017   3.1217286672733799E-022   4.4506139390880538E-028   3.1385134348393157E-033   5.9061551488292439E-038   1.6924135889547363E-042
  -1.4653559609223335E+048  -8.9838382287563693E+059  -4.1451785204366616E+059  -5.7835238292977540E+052  -1.8607642937516806E+042  -1.0559215340710565E+030  -2.6031621626226717E+017  -285373.99988853052       -5.2329805841688539E-006  -6.4835368281559066E-017   3.3777575685189376E-022   4.8609098602374816E-028   3.4605171043740581E-033   6.5747050770926314E-038   1.9021864568810015E-042
  -1.4603835563445068E+048  -9.0232296277278450E+059  -4.1959750741356407E+059  -5.8999402516434929E+052  -1.9129479305523731E+042  -1.0940462361442672E+030  -2.7188412148748902E+017  -300538.29634973448       -5.5587362349759935E-006  -6.9488206961262037E-017   3.6534893380202366E-022   5.3071060668488548E-028   3.8141457019635148E-033   7.3161718705469748E-038   2.1371400311736912E-042
  -1.4551483783918106E+048  -9.0607228743690359E+059  -4.2463016565343480E+059  -6.0170094325237629E+052  -1.9660053193468547E+042  -1.1331906976078596E+030  -2.8387332116649795E+017  -316401.76647980587       -5.9027250887446857E-006  -7.4448476195284618E-017   3.9502898812431180E-022   5.7921002171858014E-028   4.2023113252627064E-033   8.1380991489638931E-038   2.4001661943235250E-042
  -1.4496471740116603E+048  -9.0962437752934301E+059  -4.2960999247939942E+059  -6.1346358593404707E+052  -2.0199134565154217E+042  -1.1733570156267638E+030  -2.9629188871355475E+017  -332987.37269494421       -6.2657708890636130E-006  -7.9733682679069213E-017   4.2696018078366199E-022   6.3189923134889636E-028   4.6281671327332827E-033   9.0487494539414539E-038   2.6944678824538215E-042
  -1.4438767350881709E+048  -9.1297169791746268E+059  -4.3453093866608736E+059  -6.2527176767006182E+052  -2.0746461352519850E+042  -1.2145450302422569E+030  -3.0914739461833651E+017  -350317.94714967225       -6.6487144391070996E-006  -8.5362019188041027E-017   4.6129464397154541E-022   6.8910945544474763E-028   5.0951233835153486E-033   1.0057163285748104E-037   3.0235890836918520E-042
  -1.4378339030825575E+048  -9.1610660127133679E+059  -4.3938673747365336E+059  -6.3711464686449245E+052  -2.1301737631222307E+042  -1.2567521250684989E+030  -3.2244682865753722E+017  -368416.07927870704       -7.0524115114538355E-006  -9.1352353190670344E-017   4.9819255225157339E-022   7.5119410213771346E-028   5.6068639367599055E-033   1.1173221452591002E-037   3.3914471407075916E-042
  -1.4315155738899255E+048  -9.1902133209627170E+059  -4.4417090237879176E+059  -6.4898070413881022E+052  -2.1864631743577105E+042  -1.2999730175527363E+030  -3.3619651608187014E+017  -387303.99076005269       -7.4777303827519712E-006  -9.7724209040463659E-017   5.3782225726450837E-022   8.1852970651202188E-028   6.1673631100632955E-033   1.2407710638992033E-037   3.8023674261292503E-042
  -1.4249187029209672E+048  -9.2170803122824357E+059  -4.4887672514378283E+059  -6.6085772073950426E+052  -2.2434774371198717E+042  -1.3441995386250665E+030  -3.5040202749535155E+017  -407003.39698657993       -7.9255489555178831E-006  -1.0449774285683794E-016   5.8036037833366845E-022   8.9151682374033609E-028   6.7809027700410106E-033   1.3772392030197797E-037   4.2611204373442621E-042
  -1.4180403104174086E+048  -9.2415874082075813E+059  -4.5349727426004566E+059  -6.7273275717062784E+052  -2.3011756560230831E+042  -1.3894204016045530E+030  -3.6506808214699168E+017  -427535.35409944574       -8.3967514268030088E-006  -1.1169370912007809E-016   6.2599184034774143E-022   9.7058085842405110E-028   7.4520894972818480E-033   1.5280072745416152E-037   4.7729613283383918E-042
  -1.4108774870103741E+048  -9.2636540985310728E+059  -4.5802539380526800E+059  -6.8459213215223041E+052  -2.3595127702667597E+042  -1.4356209602765078E+030  -3.8019844436110221E+017  -448920.09060584346       -8.8922244608678043E-006  -1.1933341791579494E-016   6.7490984924712035E-022   1.0561728089697501E-027   8.1858716324402278E-033   1.6944679732022541E-037   5.3436718594826682E-042
  -1.4034273995311738E+048  -9.2831990019154164E+059  -4.6245370275593071E+059  -6.9642140201601661E+052  -2.4184393477943122E+042  -1.4827829561117694E+030  -3.9579581284180902E+017  -471176.82257668884       -9.4128528203874418E-006  -1.2743868166964641E-016   7.2731579429830841E-022   1.1487699025686607E-027   8.9875559695233674E-033   1.8781335653339279E-037   5.9796047001420170E-042
  -1.3956872970843773E+048  -9.3001399323648875E+059  -4.6677459479996406E+059  -7.0820534066077176E+052  -2.4779013759713955E+042  -1.5308842546636815E+030  -4.1186170260053894E+017  -494323.55139800959       -9.9595144081093713E-006  -1.3603175011383139E-016   7.8341906510569266E-022   1.2488760927176180E-027   9.8628238159441958E-033   2.0806436161537368E-037   6.6877299620533793E-042
  -1.3876545173933955E+048  -9.3143939719064131E+059  -4.7098023869736269E+059  -7.1992792020216198E+052  -2.5378400493584476E+042  -1.5798985712532021E+030  -4.2839631927281171E+017  -518376.84303425672       -1.0533074668323769E-005  -1.4513523212342329E-016   8.4343676997894196E-022   1.3570223872027829E-027   1.0817746086041906E-032   2.3037727781764320E-037   7.4756837717993240E-042
  -1.3793264934291741E+048  -9.3258775498450919E+059  -4.7506257923986844E+059  -7.3157229246451652E+052  -2.5981915552434309E+042  -1.6297951861382364E+030  -4.4539842561324122E+017  -543351.58775391569       -1.1134380295037034E-005  -1.5477200295356101E-016   9.0759334084656943E-022   1.4737669700368220E-027   1.1858797034894174E-032   2.5494385440624593E-037   8.3518186063560788E-042
  -1.3707007603329938E+048  -9.3345065289788653E+059  -4.7901333886430175E+059  -7.4312077147619506E+052  -2.6588868577007710E+042  -1.6805386494610651E+030  -4.6286519998596179E+017  -569260.73926930665       -1.1764252191407471E-005  -1.6496509529863911E-016   9.7612000838248777E-022   1.5996950759739806E-027   1.2992866171713078E-032   2.8197088448236403E-037   9.3252550143545213E-042
  -1.3617749626447767E+048  -9.3401962991762758E+059  -4.8282401997780540E+059  -7.5455481714520002E+052  -2.7198514810524683E+042  -1.7320884763789131E+030  -4.8079208670253139E+017  -596115.03225519205       -1.2423477622872450E-005  -1.7573757248296129E-016   1.0492541293953693E-021   1.7354185709060223E-027   1.4227267816276314E-032   3.1168093484620907E-037   1.0405934224840795E-041
  -1.3525468618487208E+048  -9.3428618787416094E+059  -4.8648590805716511E+059  -7.6585502030788535E+052  -2.7810052937281020E+042  -1.7843988329087208E+030  -4.9917263810162138E+017  -623922.67723690695       -1.3112801504540737E-005  -1.8711238198015199E-016   1.1272383468254930E-021   1.8815751856502606E-027   1.5569747677047197E-032   3.4431302844286538E-037   1.1604671002184504E-041
  -1.3430143442485181E+048  -9.3424180240130276E+059  -4.8999007558850065E+059  -7.7700108936101859E+052  -2.8422622936528390E+042  -1.8374182131595416E+030  -5.1799834831546963E+017  -652689.03188062424       -1.3832916761928292E-005  -1.9911218734761066E-016   1.2103195609088326E-021   2.0388273443697671E-027   1.7028485735255655E-032   3.8012325853511448E-037   1.2933205937323004E-041
  -1.3331754291848648E+048  -9.3387793476615968E+059  -4.9332738691799607E+059  -7.8797183870614986E+052  -2.9035303964375627E+042  -1.8910891087864273E+030  -5.3725847872824858E+017  -682416.24777884688       -1.4584453703081768E-005  -2.1175917655449243E-016   1.2987476882155456E-021   2.2078605221142979E-027   1.8612094614671143E-032   4.1938530988836064E-037   1.4404256168465449E-041
  -1.3230282776084411E+048  -9.3318604461825093E+059  -4.9648850408896700E+059  -7.9874517925531815E+052  -2.9647112278039097E+042  -1.9453476716799837E+030  -5.5693987520240928E+017  -713102.89190643514       -1.5367968339679621E-005  -2.2507484457962918E-016   1.3927741833666112E-021   2.3893810587480762E-027   2.0329612501599745E-032   4.6239085788452673E-037   1.6031563295193874E-041
  -1.3125712010220177E+048  -9.3215760370941971E+059  -4.9946389374546467E+059  -8.0929811126867562E+052  -3.0256999218504353E+042  -2.0001233711080233E+030  -5.7702677723206157E+017  -744743.54203000304       -1.6183929594964215E-005  -2.3907974806253802E-016   1.4926502963006180E-021   2.5841133488604575E-027   2.2190489553404310E-032   5.0944981156393759E-037   1.7829936984878032E-041
  -1.3018026708058523E+048  -9.3078411063867114E+059  -5.0224383518780024E+059  -8.1960671981772818E+052  -3.0863849269555562E+042  -2.0553386467520813E+030  -5.9750061927904512E+017  -777328.35549040558       -1.7032705337500001E-005  -2.5379322970991927E-016   1.5986250360320114E-021   2.7927963191781694E-027   2.4204566596370554E-032   5.6089036108781786E-037   1.9815292465613033E-041
  -1.2907213279410588E+048  -9.2905710667874277E+059  -5.0481842967086069E+059  -8.2964617319268352E+052  -3.1466478213195969E+042  -2.1109085593343936E+030  -6.1833982465920461E+017  -810842.61094885715       -1.7914547181958846E-005  -2.6923311009628434E-016   1.7109428099500593E-021   3.0161790965753819E-027   2.6382044765048397E-032   6.1705878398452841E-037   2.2004679751582565E-041
  -1.2793259931461656E+048  -9.2696819274402534E+059  -5.0717761104188788E+059  -8.3939072459896925E+052  -3.2063631403736125E+042  -2.1667404408128567E+030  -6.3951959247534630E+017  -845266.22289713868       -1.8829574001619038E-005  -2.8541534445592166E-016   1.8298407059018291E-021   3.2550157610995262E-027   2.8733444575620757E-032   6.7831895776251463E-037   2.4416302050993408E-041
  -1.2676156774426424E+048  -9.2450904756237849E+059  -5.0931115782053072E+059  -8.4881371751645878E+052  -3.2653982185281129E+042  -2.2227335464353277E+030  -6.6101167824146893E+017  -880573.22898717260       -1.9777754102277195E-005  -3.0235364205064423E-016   1.9555453826417483E-021   3.5100590696190439E-027   3.1269552756130868E-032   7.4505151902501818E-037   2.7069520359885659E-041
  -1.2555895931657442E+048  -9.2167144711645590E+059  -5.1120870683046136E+059  -8.5788759512543212E+052  -3.3236130480020362E+042  -2.2787787112934499E+030  -6.8278416901237235E+017  -916731.25054152089       -2.0758886014097820E-005  -3.2005904572119266E-016   2.0882695327878590E-021   3.7820530269173971E-027   3.4001354977794349E-032   8.1765260110355919E-037   2.9984840743999403E-041
  -1.2432471654376226E+048  -9.1844728542335781E+059  -5.1285976849870473E+059  -8.6658391423593858E+052  -3.3808601577628945E+042  -2.3347580144033349E+030  -7.0480125402614656E+017  -953700.92697143310       -2.1772577866890438E-005  -3.3853946929864396E-016   2.2282078812901618E-021   4.0717241725188857E-027   3.6939952446056821E-032   8.9653207345685626E-037   3.3183880252993103E-041
  -1.2305880441202688E+048  -9.1482859672478672E+059  -5.1425374394606887E+059  -8.7487336419215568E+052  -3.4369845159248895E+042  -2.3905444537695064E+030  -7.2702299208705549E+017  -991435.32526116923       -2.2818225325784653E-005  -3.5779919067612096E-016   2.3755326816981786E-021   4.3797714435093220E-027   4.0096460120289092E-032   9.8211119670401202E-037   3.6689306795271288E-041
  -1.2176121162664856E+048  -9.1080757916337668E+059  -5.1537994399970860E+059  -8.8272579126068299E+052  -3.4918234592947628E+042  -2.4460016363634307E+030  -7.4940507716597350E+017  -1029879.3261856887       -2.3894988078696569E-005  -3.7783829853268943E-016   2.5303886723445162E-021   4.7068544664543934E-027   4.3481884140836556E-032   1.0748195972556411E-036   4.0524747627663407E-041
  -1.2043195190877460E+048  -9.0637662002453044E+059  -5.1622761026692666E+059  -8.9011022905163185E+052  -3.5452066541273596E+042  -2.5009834874729152E+030  -7.7189860397810035E+017  -1068968.9895237037       -2.5001764884834398E-005  -3.9865209097479744E-016   2.6928874550966344E-021   5.0535801256535638E-027   4.7106975856641871E-032   1.1750914552000420E-036   4.4714660384544437E-041
  -1.1907106534584667E+048  -9.0152832262690949E+059  -5.1678593841782721E+059  -8.9699493556400911E+052  -3.5969560925564256E+042  -2.5553339844582169E+030  -7.9444983561679360E+017  -1108630.9012210607       -2.6137167215331412E-005  -4.2023042473248795E-016   2.8631012607589892E-021   5.4204872509343648E-027   5.0982059672505549E-032   1.2833607885777911E-036   4.9284159790975469E-041
  -1.1767861979769242E+048  -8.9625553494869805E+059  -5.1704410383340986E+059  -9.0334743749241346E+052  -3.6468861296033397E+042  -2.6088869205897092E+030  -8.1699997568196339E+017  -1148781.5062631986       -2.7299491543550269E-005  -4.4255701403707381E-016   3.0410560677567762E-021   5.8080292666512611E-027   5.5116831780834150E-032   1.4000557066952724E-036   5.4258792383227258E-041
  -1.1625471236037468E+048  -8.9055138008090381E+059  -5.1699128978514041E+059  -9.0913458248060475E+052  -3.6948035661396509E+042  -2.6614657053456246E+030  -8.3948494774587802E+017  -1189326.4319442227       -2.8486690374385858E-005  -4.6560867893615316E-016   3.2267240446665537E-021   6.2165546453108897E-027   5.9520126719388700E-032   1.5255914950359691E-036   5.9664250711855650E-041
  -1.1479947088996455E+048  -8.8440928860325238E+059  -5.1661671832197462E+059  -9.1432260005923748E+052  -3.7405077836908895E+042  -2.7128832083222313E+030  -8.6183518545309453E+017  -1230159.8072896067       -2.9696342139807305E-005  -4.8935454359626494E-016   3.4200152927916153E-021   6.6462850152791892E-027   6.4199648617849772E-032   1.6603623850927420E-036   6.5526017648069796E-041
  -1.1331305558847791E+048  -8.7782303298269268E+059  -5.1590968405124772E+059  -9.1887717206009957E+052  -3.7837909375216455E+042  -2.7629416547586210E+030  -8.8397543705959066E+017  -1271163.5856169714       -3.0925620132825089E-005  -5.1375518613239895E-016   3.6207688726790824E-021   7.0972907835142665E-027   6.9161663979109965E-032   1.8047318546708157E-036   7.1868930582512807E-041
  -1.1179566065428943E+048  -8.7078676409912938E+059  -5.1485959101078587E+059  -9.2276351335770582E+052  -3.8244382150377985E+042  -2.8114325816101845E+030  -9.0582458878444006E+017  -1312206.8786237075       -3.2171260705056624E-005  -5.3876174272040792E-016   3.8287431086712666E-021   7.5694641526241544E-027   7.4410652907271593E-032   1.9590212986783170E-036   7.8716654536247797E-041
  -1.1024751599941154E+048  -8.6329505000773306E+059  -5.1345599284103403E+059  -9.2594646385115540E+052  -3.8622281671835046E+042  -2.8581368641250061E+030  -9.2729551198127232E+017  -1353145.3119920823       -3.3429531015216724E-005  -5.6431497023114826E-016   4.0436051787758722E-021   8.0624894384533161E-027   7.9948915869322849E-032   2.1234969081166867E-036   8.6091052549229155E-041
  -1.0866888903609848E+048  -8.5534291705201303E+059  -5.1168863647791376E+059  -9.2839059266484640E+052  -3.8969331212002096E+042  -2.9028248239921461E+030  -9.4829493984234048E+017  -1393820.4143241821       -3.4696196688423369E-005  -5.9034427341693135E-016   4.2649200139063679E-021   8.5758106318485412E-027   8.5776133392954416E-032   2.2983545971467781E-036   9.4011441240460300E-041
  -1.0706008653530436E+048  -8.4692589344674256E+059  -5.0954750959948522E+059  -9.3006031561594120E+052  -3.9283196838545064E+042  -2.9452564313462047E+030  -9.6872338013151283E+017  -1434059.0532845303       -3.5966489830552334E-005  -6.1676670482998732E-016   4.4921385515504894E-021   9.1085961985887873E-027   9.1888876597057878E-032   2.4837028262782552E-036   1.0249371923473417E-040
  -1.0542145655958816E+048  -8.3804005545473272E+059  -5.0702289207223063E+059  -9.3092002706931340E+052  -3.9561493450323046E+042  -2.9851816142343941E+030  -9.8847507131024678E+017  -1473672.9351627310       -3.7235077939486128E-005  -6.4348594821315616E-016   4.7245854149310976E-021   9.6597011774263219E-027   9.8280067169760341E-032   2.6795431858060843E-036   1.1154935633557286E-040
  -1.0375339047311323E+048  -8.2868207628628191E+059  -5.0410541165579632E+059  -9.3093424737686332E+052  -3.9801791924389695E+042  -3.0223406905854296E+030  -1.0074379903787604E+018  -1512458.1866982484       -3.8496034367587008E-005  -6.7039129913469127E-016   4.9614461205908872E-021   1.0227626720959749E-026   1.0493838640564696E-031   2.8857486299110716E-036   1.2118423203368996E-040
  -1.0205632503143004E+048  -8.1884927785475795E+059  -5.0078610423818284E+059  -9.3006778717716242E+052  -4.0001627490379047E+042  -3.0564649392674112E+030  -1.0254939218089536E+018  -1550195.0409609380       -3.9742811118777443E-005  -6.9735666020723067E-016   5.2017539560277842E-021   1.0810477331304006E-026   1.1184763425304296E-031   3.1020392911460517E-036   1.3139731335003033E-040
  -1.0033074455375317E+048  -8.0853968552603367E+059  -4.9705647888643020E+059  -9.2828592991272136E+052  -4.0158509458005743E+042  -3.0872773284856708E+030  -1.0425185981009710E+018  -1586647.6523799689       -4.0968214910990945E-005  -7.2423957240603186E-016   5.4443767156046148E-021   1.1405916176407907E-026   1.1898604107851318E-031   3.3279558606892990E-036   1.4217916433715520E-040
  -9.8577183180435303E+047  -7.9775208600314706E+059  -4.9290858801048673E+059  -9.2555463400473478E+052  -4.0269932433236148E+042  -3.1144934215491714E+030  -1.0583819237549558E+018  -1621564.0696837737       -4.2164387602222641E-005  -7.5088030885770587E-016   5.6880035386280837E-021   1.2011119038088346E-026   1.2632553711527870E-031   3.5628305957204669E-036   1.5351028306342781E-040
  -9.6796227218293064E+047  -7.8648608849025775E+059  -4.8833510294971718E+059  -9.2184075620742210E+052  -4.0333389168837859E+042  -3.1378224819183124E+030  -1.0729482958143094E+018  -1654676.3995735180       -4.3322792267636542E-005  -7.7710106308394349E-016   5.9311321594953387E-021   1.2622727644599822E-026   1.3383098742326684E-031   3.8057561161911040E-036   1.6535926689415200E-040
  -9.4988517576331853E+047  -7.7474218928125901E+059  -4.8332939530174270E+059  -9.1711229774377213E+052  -4.0346385205338293E+042  -3.1569688014234041E+030  -1.0860770356036672E+018  -1685701.1984132731       -4.4434206427633750E-005  -8.0270527012959047E-016   6.1720569574510545E-021   1.3236803384481426E-026   1.4145940376111000E-031   4.0555522844578580E-036   1.7768081373288616E-040
  -9.3154752294226614E+047  -7.6252183991761347E+059  -4.7788562432110231E+059  -9.1133867489840197E+052  -4.0306455468687352E+042  -3.1716332775868167E+030  -1.0976229478451703E+018  -1714340.1340799795       -4.5488724163496233E-005  -8.2747710634862321E-016   6.4088582840929124E-021   1.3848782690477604E-026   1.4915914917542725E-031   4.3107316287650393E-036   1.9041357602583920E-040
  -9.1295689165609328E+047  -7.4982751905621636E+059  -4.7199883071929660E+059  -9.0449101580672620E+052  -4.0211183000783359E+042  -3.1815152680532169E+030  -1.1074370249735960E+018  -1740280.9653544105       -4.6475769118541097E-005  -8.5118122191826146E-016   6.6393936515311548E-021   1.4453435728548949E-026   1.5686915647897089E-031   4.5694639820932016E-036   2.0347789625496549E-040
  -8.9412148457744946E+047  -7.3666280818008801E+059  -4.6566503719634486E+059  -8.9654248522620595E+052  -4.0058220007992317E+042  -3.1863147521710265E+030  -1.1153673161558020E+018  -1763198.8918010017       -4.7384120667892195E-005  -8.7356276942768450E-016   6.8612914840534783E-021   1.5044830433100097E-026   1.6451818824830696E-031   4.8295412686080547E-036   2.1677346789939978E-040
  -8.7505015728481478E+047  -7.2303247127072225E+059  -4.5888135602458662E+059  -8.8746863909601352E+052  -3.9845311420163027E+042  -3.1857348316849339E+030  -1.1212599822072737E+018  -1782758.3328879417       -4.8201955846559470E-005  -8.9434780212781861E-016   7.0719482718602098E-021   1.5616304400359147E-026   1.7202417364927020E-031   5.0883436882055284E-036   2.3017698502007663E-040
  -8.5575244740348411E+047  -7.0894253853858234E+059  -4.5164610398466949E+059  -8.7724781067332051E+052  -3.9570321157419269E+042  -3.1794846041642958E+030  -1.1249605592192626E+018  -1798615.2009874675       -4.8916909948578723E-005  -9.1324412654990527E-016   7.2685301168035731E-021   1.6160447690304766E-026   1.7929366640014283E-031   5.3428089324583772E-036   2.4353986732189314E-040
  -8.3623860470226380E+047  -6.9440039427422795E+059  -4.4395892491678351E+059  -8.6586152996002470E+052  -3.9231261302798544E+042  -3.1672824440203170E+030  -1.1263154551619483E+018  -1810419.7386325120       -4.9516159040943418E-005  -9.2994270601981708E-016   7.4479798258548974E-021   1.6669100193388393E-026   1.8622147857244596E-031   5.5894065184181097E-036   2.5668617633852069E-040
  -8.1651962210950621E+047  -6.7941486883233674E+059  -4.3582092009074391E+059  -8.5329497797878873E+052  -3.8826324373660250E+042  -3.1488597264938188E+030  -1.1251737048643282E+018  -1817819.9956319649       -4.9986527961193121E-005  -9.4411972378080314E-016   7.6070308852837641E-021   1.7133367886043030E-026   1.9269055669755324E-031   5.8241198534507821E-036   2.6941087271680082E-040
  -7.9660726758304051E+047  -6.6399633468821022E+059  -4.2723478650759102E+059  -8.3953747718835075E+052  -3.8353918871009576E+042  -3.1239650294579774E+030  -1.1213890093788470E+018  -1820466.0258371977       -5.0314627665675206E-005  -9.5543942644322803E-016   7.7422298317536510E-021   1.7543663014996309E-026   1.9857217966274745E-031   6.0424392432480101E-036   2.8147860465689487E-040
  -7.7651411672778891E+047  -6.4815680640265556E+059  -4.1820496311078747E+059  -8.2458301889935046E+052  -3.7812708259763492E+042  -3.0923688457656063E+030  -1.1148220855199781E+018  -1818014.8857489068       -5.0487026035194250E-005  -9.6355787945331940E-016   7.8499687164756780E-021   1.7889773988901132E-026   2.0372657182152245E-031   6.2393697174571505E-036   2.9262326316213673E-040
  -7.5625358599789637E+047  -6.3191004418471023E+059  -4.0873778469022347E+059  -8.0843082790077909E+052  -3.7201653489428810E+042  -3.0538688344726510E+030  -1.1053433499043621E+018  -1810136.5166778991       -5.0490456380177267E-005  -9.6812777492987265E-016   7.9265295206147980E-021   1.8160971473032414E-026   2.0800403900116059E-031   6.4094582522442248E-036   3.0254858992160761E-040
  -7.3583996624090510E+047  -6.1527166053656808E+059  -3.9884164298450260E+059  -7.9108596354851420E+052  -3.6520059096726267E+042  -3.0082956316205200E+030  -1.0928359585387630E+018  -1796520.5873131852       -5.0312067853050017E-005  -9.6880443667399348E-016   7.9681425021438436E-021   1.8346157809253832E-026   2.1124674863379265E-031   6.5468456777710663E-036   3.1093017631413549E-040
  -7.1528845623147969E+047  -5.9825922917966046E+059  -3.8852715409585149E+059  -7.7255995518626587E+052  -3.5767622829977366E+042  -2.9555192290424914E+030  -1.0771992171097271E+018  -1776884.3622069184       -4.9939721678891347E-005  -9.6525316470434428E-016   7.9710605036012728E-021   1.8434067313175770E-026   2.1329128642355419E-031   6.6453492057678500E-036   3.1741924340528176E-040
  -6.9461519569005686E+047  -5.8089239506609492E+059  -3.7780733078660570E+059  -7.5287146781172933E+052  -3.4944488586959324E+042  -2.8954559110988873E+030  -1.0583523675519150E+018  -1750981.6409833126       -4.9362336428469162E-005  -9.5715804848943285E-016   7.9316511796669729E-021   1.8413525076968298E-026   2.1397212829202753E-031   6.6985819948347446E-036   3.2164863663125973E-040
  -6.7383729707231498E+047  -5.6319298373696831E+059  -3.6669775747246720E+059  -7.3204699116324286E+052  -3.4051302246720005E+042  -2.8280757119816777E+030  -1.0362387417740296E+018  -1718612.7791370538       -4.8570284305551789E-005  -9.4423234885216156E-016   7.8465088468701599E-021   1.8273771404911328E-026   2.1312616413800775E-031   6.7001163324664642E-036   3.2324149529619682E-040
  -6.5297287512844814E+047  -5.4518510754812354E+059  -3.5521676469535234E+059  -7.1012154162062491E+052  -3.3089269679806656E+042  -2.7534103171806581E+030  -1.0108302517154248E+018  -1679635.7489674941       -4.7555838368926081E-005  -9.2623049614754844E-016   7.7125871239861119E-021   1.8004857615102634E-026   2.1059839395801068E-031   6.6436966249852619E-036   3.2182305134068714E-040
  -6.3204107284116628E+047  -5.2689526528090855E+059  -3.4338559845899373E+059  -6.8713936115503374E+052  -3.2060215813053978E+042  -2.6715612779599923E+030  -9.8213215378243136E+017  -1633978.1218769012       -4.6313667454163271E-005  -9.0296166732306942E-016   7.5273525990431728E-021   1.7598116228228400E-026   2.0624887985644331E-031   6.5235071287101551E-036   3.1703595293546301E-040
  -6.1106208182654136E+047  -5.0835243031325593E+059  -3.3122857793690922E+059  -6.6315459062630034E+052  -3.0966643071402233E+042  -2.5827083325114486E+030  -9.5018798222217907E+017  -1581649.7427607798       -4.4841370919851440E-005  -8.7430477490325021E-016   7.2889582709187937E-021   1.7046703976258132E-026   1.9996096981932509E-031   6.3344967946600781E-036   3.0855936725257468E-040
  -5.9005715458652281E+047  -4.8958812075915367E+059  -3.1877323259728718E+059  -6.3823188557045257E+052  -2.9811786783436291E+042  -2.4871175265103500E+030  -9.1508448678480563E+017  -1522755.7141067199       -4.3140038771728826E-005  -8.4022451256016963E-016   6.9964332808188970E-021   1.6346208914329805E-026   1.9165069877793027E-031   6.0727591816479319E-036   2.9613185545574021E-040
  -5.6904860510170602E+047  -4.7063644271280267E+059  -3.0605040662518536E+059  -6.1244693083974928E+052  -2.8599664185251251E+042  -2.3851486940399559E+030  -8.7695633183064832E+017  -1457509.1022200186       -4.1214813754816985E-005  -8.0078783961087714E-016   6.6498822647962179E-021   1.5495302440281318E-026   1.8127710563319066E-031   5.7359584701031632E-036   2.7957758621164646E-040
  -5.4805979312813656E+047  -4.5153409491881650E+059  -2.9309431460996228E+059  -5.8588679586214566E+052  -2.7335112471443878E+042  -2.2772616944089554E+030  -8.3599021480095565E+017  -1386242.5141409747       -3.9075420299921576E-005  -7.5617993821539922E-016   6.2506833437897209E-021   1.4496402516449720E-026   1.6885296831857919E-031   5.3237825345612343E-036   2.5883481501434619E-040
  -5.2711508623551768E+047  -4.3232031990383223E+059  -2.7994252791077861E+059  -5.5865005525751977E+052  -2.6023809950398760E+042  -2.1640206045273512E+030  -7.9242794316941952E+017  -1309417.3737581030       -3.6736610800356286E-005  -7.0671824075017349E-016   5.8016682701987355E-021   1.3356295547089426E-026   1.5445514552992516E-031   4.8383903999228057E-036   2.3398467233819292E-040
  -5.0623979221257122E+047  -4.1303678315652512E+059  -2.6663586634838000E+059  -5.3084658167050355E+052  -2.4672272887681401E+042  -2.0460948566443435E+030  -7.4656787983870374E+017  -1227629.3719628898       -3.4218463490024806E-005  -6.5286262510736628E-016   5.3072618328230049E-021   1.2086641941754882E-026   1.3823333332010062E-031   4.2848045281645725E-036   2.0527718651348303E-040
  -4.8546005325976751E+047  -3.9372735907519494E+059  -2.5321816592660340E+059  -5.0259690273310818E+052  -2.3287819365857984E+042  -1.9242561279624578E+030  -6.9876405099289754E+017  -1141608.2389285301       -3.1546450785146481E-005  -5.9521938695139985E-016   4.7735511738558786E-021   1.0704267272254585E-026   1.2041564262225560E-031   3.6711801128603903E-036   1.7315023011964799E-040
  -4.6480269296206161E+047  -3.7443780154226932E+059  -2.3973589212386288E+059  -4.7403100925369997E+052  -2.1878491025372368E+042  -1.7993697104663195E+030  -6.4942215393095373E+017  -1052209.8078359645       -2.8751187645029082E-005  -5.3453627692648844E-016   4.2082511229404771E-021   9.2311235961229894E-027   1.0130908606562609E-031   3.0088684501537905E-036   1.3823601338884074E-040
  -4.4429500831698180E+047  -3.5521528041981530E+059  -2.2623757303237376E+059  -4.4528651847364538E+052  -2.0452924793404047E+042  -1.6723792421760372E+030  -5.9899178028617754E+017  -960398.50704866962       -2.5867775121098706E-005  -4.7168600209243315E-016   3.6205323233659691E-021   7.6938053453393317E-027   8.1293019093503693E-032   2.3121878300655115E-036   1.0134940064031202E-040
  -4.2396450329386264E+047  -3.3610777589042976E+059  -2.1277304118144000E+059  -4.1650614887300613E+052  -1.9020170805234467E+042  -1.5442842243087421E+030  -5.4795447795620096E+017  -867219.18831529771       -2.2934686349982129E-005  -4.0763648627766066E-016   3.0206892961487232E-021   6.1225367697434596E-027   6.0804076267250255E-032   1.5978350540330683E-036   6.3453483447853506E-041
  -4.0383856850632673E+047  -3.1716334266148149E+059  -1.9939250025899279E+059  -3.8783456243962108E+052  -1.7589460554443043E+042  -1.4161108061300300E+030  -4.9680788877915328E+017  -773758.78013293038       -1.9992210431990407E-005  -3.4340816496213214E-016   2.4196496060682661E-021   4.5496273969134763E-027   4.0312424608240291E-032   8.8392485946275617E-037   2.5601273501990340E-041
  -3.8394412327205659E+047  -2.9842928458407707E+059  -1.8614547160365264E+059  -3.5941477077934496E+052  -1.6169940426343465E+042  -1.2888778330280834E+030  -4.4604708777731693E+017  -681100.57803639735       -1.7080571395814438E-005  -2.8002159988271450E-016   1.8283624949583944E-021   3.0075175994310763E-027   2.0291224307669933E-032   1.8873395809040512E-037  -1.1141831440044415E-041
  -3.6430724868080253E+047  -2.7995130983019874E+059  -1.7307971510690377E+059  -3.3138444564908486E+052  -1.4770397210622343E+042  -1.1635617201340602E+030  -3.9614517745152736E+017  -590276.43312695890       -1.4237948055869883E-005  -2.1844195256232585E-016   1.2571461217346715E-021   1.5266759828593566E-027   1.1835182289378417E-033  -4.7067142601191147E-037  -4.5783448247950441E-041
  -3.4495284770870495E+047  -2.6177275381179893E+059  -1.6024024157224912E+059  -3.0387255507624204E+052  -1.3399008592094826E+042  -1.0410645982671266E+030  -3.4753572160898970E+017  -502223.52706498152       -1.1498685097901880E-005  -1.5952883022564142E-016   7.1509781351302415E-022   1.3369860893359268E-028  -1.6627725299177644E-032  -1.0796785459006346E-036  -7.7481637255242578E-041
  -3.2590436556870725E+047  -2.4393394893055918E+059  -1.4766852183852334E+059  -2.7699670241295291E+052  -1.2063148147610354E+042  -9.2218971489373095E+029  -3.0059933959359776E+017  -417751.76364989101       -8.8919584854343846E-006  -1.0399926345554380E-016   2.0966307490610351E-022  -1.1500669292221443E-027  -3.2841100791527042E-032  -1.6270118935789865E-036  -1.0559948211165536E-040
  -3.0718359001921261E+047  -2.2647178681054705E+059  -1.3540195227119700E+059  -2.5086137890581270E+052  -1.0769261159157976E+042  -8.0762627406895986E+029  -2.5565572747025136E+017  -337525.05838427693       -6.4410381671889628E-006  -5.2408031528316871E-017  -2.5358460596779598E-022  -2.3091969690339493E-027  -4.7246895518170754E-032  -2.1051329396144379E-036  -1.2972875209266238E-040
  -2.8881053346573906E+047  -2.0941947536166485E+059  -1.2347357781846209E+059  -2.2555712865045569E+052  -9.5228108085582377E+041  -6.9794361794787688E+029  -2.1296103049215117E+017  -262056.28825912473       -4.1631361977259470E-006  -5.1449461023276040E-018  -6.7095839941477184E-022  -3.3341859563673813E-027  -5.9726202652836134E-032  -2.5101718488213550E-036  -1.4968377018794580E-040
  -2.7080338460078929E+047  -1.9280645962980396E+059  -1.1191202937622194E+059  -2.0116046502468125E+052  -8.3282817492905938E+041  -5.9359294509974483E+029  -1.7270948803653715E+017  -191713.03410763878       -2.0697125603816935E-006   3.7554744504819540E-017  -1.0405154164339449E-021  -4.2209246894611734E-027  -7.0241784490314232E-032  -2.8415127833602124E-036  -1.6547349559847387E-040
  -2.5317851123526217E+047  -1.7665846156036586E+059  -1.0074161435788364E+059  -1.7773431508761230E+052  -7.1892232233979255E+041  -4.9491411611293716E+029  -1.3503789884396458E+017  -126730.28152158333       -1.6706891681884590E-007   7.5591906471108074E-017  -1.3618200615547339E-021  -4.9698791420181952E-027  -7.8824288055449302E-032  -3.1011901158427408E-036  -1.7726210757653151E-040
  -2.3595049672369397E+047  -1.6099759629055795E+059  -8.9982503380202565E+058  -1.5532878495323748E+052  -6.1083153350649495E+041  -4.0214531075328935E+029  -1.0003158959522514E+017  -67226.624418909516        1.5429218407696623E-006   1.0898154804063059E-016  -1.6356695955357164E-021  -5.5851601886689843E-027  -8.5556956025381247E-032  -3.2932316848026273E-036  -1.8532691232895411E-040
  -2.1913219644756894E+047  -1.4584253272071054E+059  -7.9650970015231055E+058  -1.3398209138710461E+052  -5.0874463354999385E+041  -3.1543389480625414E+029  -67730928845828208.       -13221.482328988082        3.0620586520192211E-006   1.3783051002823375E-016  -1.8638210093212924E-021  -6.0736151016283534E-027  -9.0560964091825417E-032  -3.4230400093795111E-036  -1.9001936871773949E-040
  -2.0273480529149470E+047  -1.3120867695997526E+059  -6.9759655310562196E+058  -1.1372155905201785E+052  -4.1277931297090022E+041  -2.3484745945502747E+029  -38137791393360408.        35348.185463106864        4.3950926914273522E-006   1.6231667929899379E-016  -2.0487414779152295E-021  -6.4440133554984764E-027  -9.3982531115979789E-032  -3.4968587720449486E-036  -1.9173213967942157E-040
  -1.8676793057210466E+047  -1.1710836566767657E+059  -6.0317840131730953E+058  -9.4564624222086545E+051  -3.2299005248143954E+041  -1.6038445313084127E+029  -11221651279931510.        78612.457929131677        5.5490772881120927E-006   1.8267060253861468E-016  -2.1933922724602585E-021  -6.7063566637174247E-027  -9.5982235358744969E-032  -3.5213406219917827E-036  -1.9087302938822218E-040
  -1.7123966722625069E+047  -1.0355106186034264E+059  -5.1331715801359925E+058  -7.6519812681021163E+051  -2.3937568774929466E+041  -9.1984119341394123E+028   13074844083705570.        116754.65043053206        6.5327990915264739E-006   1.9915976626211068E-016  -2.3010483867815059E-021  -6.8713172968452894E-027  -9.6726543614098064E-032  -3.5032139789038616E-036  -1.8784548620566079E-040
  -1.5615667347472968E+047  -9.0543549059413814E+058  -4.2804647900910318E+058  -5.9587675330955196E+051  -1.6188650450409742E+041  -2.9535623583524626E+028   34830866656840908.        149999.20126717546        7.3562908840983691E-006   2.1207547676108904E-016  -2.3751520850670990E-021  -6.9497953451966057E-027  -9.6381346120470615E-032  -3.4490376245186577E-036  -1.8303480371834268E-040
  -1.4152424597118100E+047  -7.8090121504117806E+058  -3.4737430543284442E+058  -4.3761673754111776E+051  -9.0430822329448859E+040   2.7113656822067128E+028   54142963291702280.        178601.18288247043        8.0304208773470282E-006   2.2172211727488081E-016  -2.4191967675818926E-021  -6.9525799786732619E-027  -9.5107207456823360E-032  -3.3650287742798082E-036  -1.7679898630736631E-040
  -1.2734639387516261E+047  -6.6192769153834188E+058  -2.7128529737118027E+058  -2.9029012591489700E+051  -2.4881060651002285E+040   7.8150660640664007E+028   71121145037179640.        202837.31457901601        8.5665510282519704E-006   2.2840850213540749E-016  -2.4366369892612602E-021  -6.8900984276732948E-027  -9.3056032129364239E-032  -3.2569503115330609E-036  -1.6946327867955831E-040
  -1.1362591151677795E+047  -5.4851356739796003E+058  -1.9974315162552580E+058  -1.5371418010463911E+051   3.4920701986148724E+040   1.2378994779780366E+029   85885470749151936.        222998.33257657729        8.9762563161458814E-006   2.3244104089733056E-016  -2.4308205323654810E-021  -6.7722371823885243E-027  -9.0368865931813559E-032  -3.1300442700512430E-036  -1.6131747865472629E-040
  -1.0036444944233174E+047  -4.4063796418125507E+058  -1.3269280057155848E+058  -2.7658627911576802E+050   8.9157655762227160E+040   1.6426773219489974E+029   98563082356985072.        239382.57121874581        9.2710971458168423E-006   2.3411844241424439E-016  -2.4049387808709561E-021  -6.6082215649333985E-027  -8.7174589706057813E-032  -2.9890005477349047E-036  -1.5261529845571860E-040
  -8.7562583697930062E+046  -3.3826213743722979E+058  -7.0062491260734258E+057   8.8147607649317706E+050   1.3803365103802804E+041   1.9983659013069502E+029   1.0928564946482834E+017   252290.61586646971        9.4624376249609702E-006   2.3372771522247516E-016  -2.3619920893833559E-021  -6.4065417408924366E-027  -8.3589300312407782E-032  -2.8379517665407010E-036  -1.4357518218859490E-040
  -7.5219883247629403E+046  -2.4133106788601680E+058  -1.1765745225491546E+057   1.9401018523232501E+051   1.8176902826291437E+041   2.3076079242747785E+029   1.1818718288221158E+017   262020.89834388733        9.5613031709766795E-006   2.3154124940241280E-016  -2.3047672947246763E-021  -6.1749151050414282E-027  -7.9716209584585387E-032  -2.6804869579794292E-036  -1.3438211369384690E-040
  -6.3334975448327787E+046  -1.4977498299527163E+058   4.2296799664994988E+057   2.9026360996640386E+051   2.2059686067365371E+041   2.5731220997350401E+029   1.2540217924179160E+017   268866.11722513253        9.5782716226644838E-006   2.2781479303977499E-016  -2.2358249445598402E-021  -5.9202766737588208E-027  -7.5645923890142828E-032  -2.5196782784723276E-036  -1.2519005578845454E-040
  -5.1905609521870555E+046  -6.3510808433513506E+057   9.2235663306114676E+057   3.7726596673509938E+051   2.5475958420762775E+041   2.7976674462574749E+029   1.3106406162582112E+017   273110.37661074573        9.5233927174365886E-006   2.2278616214260096E-016  -2.1574941995607977E-021  -5.6487906031311633E-027  -7.1456994181668530E-032  -2.3581162361725948E-036  -1.1612474947387436E-040
  -4.0928717979150799E+046   1.7556450684107326E+057   1.3817091092307046E+058   4.5539410157942995E+051   2.8450598946103635E+041   2.9840123990802198E+029   1.3530388388037395E+017   275026.94783399103        9.4061314247802293E-006   2.1667454593897576E-016  -2.0718737004052453E-021  -5.3658772260855441E-027  -6.7216649301917818E-032  -2.1979499597341912E-036  -1.0728667200349975E-040
  -3.0400475962954351E+046   9.3532398478231471E+057   1.8023065120412183E+058   5.2503923029776386E+051   3.1008855111969875E+041   3.1349082851614360E+029   1.3824926895576653E+017   274876.56856675266        9.2353311966502837E-006   2.0968028986414007E-016  -1.9808369803472753E-021  -5.0762510802359332E-027  -6.2981644251220165E-032  -2.0409298889190775E-036  -9.8754008331705348E-041
  -2.0316358486736785E+046   1.6453200632218158E+058   2.1854964177677236E+058   5.8660295298379243E+051   3.3176107100946344E+041   3.2530667622092799E+029   1.4002355413503725E+017   272906.20301160502        9.0191937062123095E-006   2.0198505640453073E-016  -1.8860412522327359E-021  -4.7839663026610354E-027  -5.8799170664027778E-032  -1.8884509473520192E-036  -9.0585533916222489E-041
  -1.0671195555829759E+046   2.3067843932526603E+058   2.5326799853318039E+058   6.4049365310294232E+051   3.4977661171777505E+041   3.3411408429995850E+029   1.4074511838665021E+017   269348.19528500189        8.7652721015783686E-006   1.9375227952836839E-016  -1.7889386103143056E-021  -4.4924665215164461E-027  -5.4707789385708185E-032  -1.7415947975476655E-036  -8.2823340373218255E-041
  -1.4592251659682058E+045   2.9210195017455353E+058   2.8453000509453613E+058   6.8712325972739211E+051   3.6438569860454176E+041   3.4017091510825675E+029   1.4052686930086365E+017   264419.75575691083        8.4804752054564552E-006   1.8512784193986880E-016  -1.6907888666323111E-021  -4.2046369988080250E-027  -5.0738355255283345E-032  -1.6011702025491630E-036  -7.5495361027218686E-041
   7.3258558183692274E+045   3.4893883901810577E+058   3.1248301853386594E+058   7.2690435170733236E+051   3.7583476893291526E+041   3.4372630780353967E+029   1.3947586914446646E+017   258322.72706478889        8.1710804496944714E-006   1.7624091608030316E-016  -1.5926733933050822E-021  -3.9228572931846247E-027  -4.6914912391221292E-032  -1.4677508485026240E-036  -6.8617672576103215E-041
   1.5690842896430326E+046   4.0133047789166938E+058   3.3727646734799248E+058   7.6024758283265138E+051   3.8436484779629335E+041   3.4501965356555218E+029   1.3769308150096518E+017   251243.58281665421        7.8427536500759525E-006   1.6720491987924710E-016  -1.4955094696195867E-021  -3.6490531332208760E-027  -4.3255544794210273E-032  -1.3417102362035679E-036  -6.2196563238576121E-041
   2.3642977258870359E+046   4.4942239803566350E+058   3.5906093757812075E+058   7.8755940741873333E+051   3.9021043148618256E+041   3.4427980188543256E+029   1.3527322175875638E+017   243353.61768992266        7.5005740056340815E-006   1.5811854692799697E-016  -1.4000647396878110E-021  -3.3847465350382180E-027  -3.9773172218683722E-032  -1.2232534420152215E-036  -5.6230367954280485E-041
   3.1189901189436173E+046   4.9336343831793409E+058   3.7798734292103780E+058   8.0924008621800356E+051   3.9359855992727592E+041   3.4172447164614563E+029   1.3230469637458646E+017   234809.29276780487        7.1490629520562931E-006   1.4906683817828980E-016  -1.3069714755779537E-021  -3.1311034758601331E-027  -3.6476285272530274E-032  -1.1124456918895448E-036  -5.0711078343288287E-041
   3.8339615514412661E+046   5.3330495286831845E+058   3.9420617464578014E+058   8.2568195310198257E+051   3.9474806079303310E+041   3.3755984276580479E+029   1.2886961737997307E+017   225752.70457855822        6.7922157139690511E-006   1.4012226861788198E-016  -1.2167404148048399E-021  -2.8889786579845756E-027  -3.3369616790302699E-032  -1.0092377966256050E-036  -4.5625739907488935E-041
   4.5100439069097154E+046   5.6940007594181965E+058   4.0786682713062998E+058   8.3726792356470164E+051   3.9386894889993874E+041   3.3198030613019463E+029   1.2504388002048154E+017   216312.15045687970        6.4335345892078199E-006   1.3134582777742011E-016  -1.1297740020972895E-021  -2.6589570748516778E-027  -3.0454748863173782E-032  -9.1348857023033774E-037  -4.0957651934767646E-041
   5.1480970146578094E+046   6.0180304195647656E+058   4.1911699485944253E+058   8.4437022675616173E+051   3.9116196545503374E+041   3.2516835139782539E+029   1.2089729272796978E+017   206602.76657043977        6.0760631624750713E-006   1.2278807750179061E-016  -1.0463789153810534E-021  -2.4413922301731724E-027  -2.7730656643413161E-032  -8.2498440301598936E-037  -3.6687387195174309E-041
   5.7490049890577732E+046   6.3066855859825020E+058   4.2810213676176881E+058   8.4734934345378638E+051   3.8681824269361929E+041   3.1729457401993222E+029   1.1649374983018269E+017   196727.21828446756        5.7224207886772207E-006   1.1449017428106580E-016  -9.6677779659379899E-022  -2.2364409690662670E-027  -2.5194191292055991E-032  -7.4345619231126013E-037  -3.2793649149645364E-041
   6.3136727591042862E+046   6.5615123084694908E+058   4.3496500384538356E+058   8.4655313311112238E+051   3.8101908038732387E+041   3.0851778447919068E+029   1.1189143850632088E+017   186776.42550733010        5.3748368100657663E-006   1.0648484667599647E-016  -8.9112014072540253E-022  -2.0440949623715854E-027  -2.2840505304640024E-032  -6.6859385075913665E-037  -2.9253984303125976E-041
   6.8430227838503945E+046   6.7840503375296651E+058   4.3984522615020829E+058   8.4231613387784977E+051   3.7393582162278429E+041   2.9898520431535837E+029   1.0714307250723120E+017   176830.30830171893        5.0351840782160854E-006   9.8797321074257752E-017  -8.1949232259581827E-022  -1.8642089465300294E-027  -2.0663424012833382E-032  -6.0005861863514026E-037  -2.6045366740591953E-041
   7.3379919490942282E+046   6.9758283178306739E+058   4.4287895514695645E+058   8.3495902025574153E+051   3.6572981614446112E+041   2.8883273497491845E+029   1.0229614608032826E+017   166958.54038864546        4.7050114437786172E-006   9.1446191249898663E-017  -7.5192676141416573E-022  -1.6965258654965132E-027  -1.8655767386223292E-032  -5.3749340524438517E-037  -2.3144670952647982E-041
   7.7995286404980732E+046   7.1383594255338487E+058   4.4419855781001060E+058   8.2478820383464672E+051   3.5655246041863472E+041   2.7818528689692508E+029   97393202377773760.        157221.30024211539        4.3855749555615582E-006   8.4444229034375211E-017  -6.8841023902570793E-022  -1.5406990914904402E-027  -1.6809626402985593E-032  -4.8053137746081155E-037  -2.0529047913865384E-041
   8.2285899881620135E+046   7.2731374277798583E+058   4.4393235871012999E+058   8.1209556333466657E+051   3.4654530440700460E+041   2.6715715753087482E+029   92472111387168096.        147670.01129629448        4.0778675774096412E-006   7.7799134899987411E-017  -6.2889139973605481E-022  -1.3963119206901549E-027  -1.5116598264874109E-032  -4.2880300259856419E-037  -1.8176218117302495E-041
   8.6261392775455407E+046   7.3816331428072239E+058   4.4220442659679368E+058   7.9715829095997527E+051   3.3584021583567015E+041   2.5585244817716025E+029   87566353112231328.        138348.06438751079        3.7826472879310393E-006   7.1514228455318426E-017  -5.7328746837806064E-022  -1.2628945505748800E-027  -1.3567984636714474E-032  -3.8194173940913960E-037  -1.6064693963456763E-041
   8.9931435215300963E+046   7.4652912794557016E+058   4.3913440207067585E+058   7.8023884284139009E+051   3.2455959350718309E+041   2.4436551064941035E+029   82705302351674832.        129291.51695213583        3.5004634756523805E-006   6.5589079800997217E-017  -5.2149022943117570E-022  -1.1399387494130162E-027  -1.2154956922052216E-032  -3.3958855612189537E-037  -1.4173942602514286E-041
   9.3305711883410118E+046   7.5255276351529091E+058   4.3483736308243711E+058   7.6158498210461762E+051   3.1281662192884794E+041   2.3278141578394564E+029   77914511982507872.        120529.76471815823        3.2316815817787052E-006   6.0020083430868968E-017  -4.7337131400418657E-022  -1.0269104269667827E-027  -1.0868692367640027E-032  -3.0139543888170565E-037  -1.2484499071302797E-041
   9.6393900799968098E+046   7.5637266318913850E+058   4.2942372513334894E+058   7.4142990384548628E+051   3.0071556021889922E+041   2.2117643676803007E+029   73215992154007584.        112086.18268146922        2.9765059754112794E-006   5.4800976921660538E-017  -4.2878684376455468E-022  -9.2326031012473024E-028  -9.7004845380867715E-033  -2.6702803827654197E-037  -1.0978038375195851E-041
   9.9205653559252760E+046   7.5812391701662169E+058   4.2299917319502422E+058   7.1999243201932127E+051   2.8835205890334262E+041   2.0961854112909663E+029   68628483244926704.        103978.73306440898        2.7350010727344438E-006   4.9923307062339706E-017  -3.8758148179078983E-022  -8.2843291894241669E-028  -8.6418314323070928E-033  -2.3616758631987443E-037  -9.6374140557537415E-042
   1.0175057696377189E+047   7.5793807813525325E+058   4.1566462250861352E+058   6.9747727895634945E+051   2.7581349883014689E+041   1.9816788602527307E+029   64167720833436600.        96220.538729490305        2.5071107331283416E-006   4.5376846357620470E-017  -3.4959194013271185E-022  -7.4187402832407307E-028  -7.6845042362458463E-033  -2.0851220156164601E-037  -8.4466697657241987E-042
   1.0403821600278366E+047   7.5594300595504702E+058   4.0751620556725843E+058   6.7407535889649348E+051   2.6317934700442300E+041   1.8687731220702812E+029   59846691280808912.        88820.421179639801        2.2926759821142402E-006   4.1149963020108858E-017  -3.1464999283443308E-022  -6.6303678900309165E-028  -6.8205994299134143E-033  -1.8377768615150406E-037  -7.3910294477139194E-042
   1.0607803812187030E+047   7.5226273545059630E+058   3.9864528272850359E+058   6.4996414759339983E+051   2.5052152468876108E+041   1.7579283268430798E+029   55675876839725112.        81783.402830781386        2.0914511241296477E-006   3.7229947661071771E-017  -2.8258504151163930E-022  -5.9138666912496116E-028  -6.0425766971330705E-033  -1.6169790579624656E-037  -6.4568708812476247E-042
   1.0787941873064897E+047   7.4701737078227886E+058   3.8913847404498449E+058   6.2530808066771342E+051   2.3790478361774888E+041   1.6495411273686385E+029   51663489469954632.        75111.173705000532        1.9031183179253207E-006   3.3603299916771283E-017  -2.5322627844817843E-022  -5.2640536503431436E-028  -5.3432848279340083E-033  -1.4202483170826316E-037  -5.6316866223109980E-042
   1.0945162789625215E+047   7.4032300153091941E+058   3.7907771004135852E+058   6.0025898399243197E+051   2.2538708664577072E+041   1.5439493845127120E+029   47815692781337920.        68802.523073677439        1.7273006943736361E-006   3.0255978219449719E-017  -2.2640448972682807E-022  -4.6759381715261549E-028  -4.7159775592209845E-033  -1.2452831285675425E-037  -4.9040357053032564E-042
   1.1080381817088062E+047   7.3229163989459615E+058   3.6854029930254367E+058   5.7495652996797040E+051   2.1301998958352735E+041   1.4414367146005174E+029   44136811729722152.        62853.736889678126        1.5635741011164885E-006   2.7173615851057992E-017  -2.0195353824942631E-022  -4.1447445435933402E-028  -4.1543210711312320E-033  -1.0899563709933353E-037  -4.2634889039403646E-042
   1.1194501350250938E+047   7.2303117726173537E+058   3.5759901087236887E+058   5.4952871409089566E+051   2.0084902138248179E+041   1.3422368799989861E+029   40629529868695184.        57258.962094839226        1.4114775611462828E-006   2.4341706313596431E-017  -1.7971156372447425E-022  -3.6659277824629403E-028  -3.6523946454237868E-033  -9.5230931055139988E-038  -3.7005698487314839E-042
   1.1288409917870152E+047   7.1264535864077927E+058   3.4632216959229753E+058   5.2409234673798771E+051   1.8891406019887731E+041   1.2465380080074863E+029   37295074111419888.        52010.539081613126        1.2705225334431406E-006   2.1745760920835016E-017  -1.5952193387951420E-022  -3.2351838713786764E-028  -3.2046857987566531E-033  -8.3054440832187848E-038  -3.2066938675880730E-042
   1.1362981275444234E+047   7.0123377349315342E+058   3.3477376263659573E+058   4.9875355557636906E+051   1.7724970321140946E+041   1.1544866266871452E+029   34133387085167756.        47099.303733099492        1.1402010634794770E-006   1.9371441369201139E-017  -1.4123397834911017E-022  -2.8484552895118233E-028  -2.8060810277197326E-033  -7.2301728880959715E-038  -2.7741060462800934E-042
   1.1419073591593832E+047   6.8889186158266638E+058   3.2301355562289087E+058   4.7360829447114913E+051   1.6588562838043830E+041   1.0661915093693664E+029   31143287268682916.        42514.860570289733        1.0199929100054027E-006   1.7204669886594066E-017  -1.2470353394207158E-022  -2.5019326186824206E-028  -2.4518531435659563E-033  -6.2822816246396671E-038  -2.3958196903551684E-042
   1.1457528723342048E+047   6.7571093252053366E+058   3.1109721679526227E+058   4.4874285519474236E+051   1.5484694662320898E+041   9.8172732232363266E+028   28322617191492920.        38245.828605027331        9.0937173226633329E-007   1.5231719391617948E-017  -1.0979332733770231E-022  -2.1920529243604304E-028  -2.1376460320155052E-033  -5.4481294261629294E-038  -2.0655561036083165E-042
   1.1479171575714111E+047   6.6177819775066114E+058   2.9907644789064167E+058   4.2423437864726414E+051   1.4415454314033432E+041   9.0113807246307998E+028   25668380046766456.        34280.061537152826        8.0781041886836517E-007   1.3439285926153738E-017  -9.6373218725284730E-023  -1.9154955211007128E-028  -1.8594575464125830E-033  -4.7153425198693111E-038  -1.7776863744380305E-042
   1.1484809541194820E+047   6.4717681378441192E+058   2.8699912040823957E+058   4.0015136267583904E+051   1.3382540686521452E+041   8.2444035405212342E+028   23176865127183004.        30604.843949199832        7.1478563606079707E-007   1.1814545454495147E-017  -8.4320327501207592E-023  -1.6691756540310015E-028  -1.6136211298886329E-033  -4.0727247495097604E-038  -1.5271756750874908E-042
   1.1475232014705430E+047   6.3198593555759998E+058   2.7490941610586117E+058   3.7655416393302462E+051   1.2387294722155822E+041   7.5162639518062962E+028   20843762538252476.        27207.065145957506        6.2978166938782969E-007   1.0345196954990037E-017  -7.3519058885481497E-023  -1.4502365567455059E-028  -1.3967866629624290E-033  -3.5101697844159922E-038  -1.3095304249433124E-042
   1.1451209979888015E+047   6.1628077884472274E+058   2.6284797064627769E+058   3.5349549154169019E+051   1.1430729756613557E+041   6.8266690630933648E+028   18664267677183000.        24073.372262857505        5.5229362859079337E-007   9.0194935672412923E-018  -6.3861048220264791E-023  -1.2560402816626003E-028  -1.2059009460924457E-033  -3.0185759608735064E-038  -1.1207485433065375E-042
   1.1413495662613956E+047   6.0013269072630465E+058   2.5085201941125516E+058   3.3102089063650184E+051   1.0513560486572733E+041   6.1751373449552388E+028   16633175989183146.        21190.304229687314        4.8183008141723726E-007   7.8262634009490283E-018  -5.5245037769882262E-023  -1.0841576412231333E-028  -1.0381881510007886E-033  -2.5897644633783418E-038  -9.5727291537341014E-043
   1.1362822247763565E+047   5.8360922716453570E+058   2.3895554459042307E+058   3.0916921413159995E+051   9.6362305310291158E+040   5.5610232799896391E+028   14744968528309444.        18544.408127390085        4.1791517769634213E-007   6.7549214625437222E-018  -4.7576699053953674E-023  -9.3235754683357586E-029  -8.9113050904771399E-034  -2.2164013538987881E-038  -8.1594811401370215E-043
   1.1299903655455429E+047   5.6677423680004444E+058   2.2718942273692868E+058   2.8797308132111587E+051   8.7989385699967439E+040   4.9835401686713566E+028   12993888857817806.        16122.339418139130        3.6009032073939823E-007   5.7954740136632666E-018  -4.0768412109512602E-023  -7.9859598676808325E-029  -7.6244944853102455E-034  -1.8919237918835185E-038  -6.9398035616912136E-043
   1.1225434373036148E+047   5.4968795013854553E+058   2.1558157206182707E+058   2.6745932215487545E+051   8.0016630562965928E+040   4.4417811582534301E+028   11374011826519434.        13910.947464605419        3.0791543887492414E-007   4.9385165417871100E-018  -3.4739011589387374E-023  -6.8100484389706281E-029  -6.5008734454895984E-034  -1.6104706519252726E-038  -5.8890062355183701E-043
   1.1140089339273409E+047   5.3240707335017255E+058   2.0415709881448919E+058   2.4764940624702270E+051   7.2441855065843764E+040   3.9347385637013222E+028   9879304753842054.0        11897.347685211047        2.6096990577484167E-007   4.1752263982527360E-018  -2.9413508256266271E-023  -5.7788071866843802E-029  -5.5219000409322025E-034  -1.3668176356541805E-038  -4.9853084039176700E-043
   1.1044523877327379E+047   5.1498488595649088E+058   1.9293844216706298E+058   2.2855985587141254E+051   6.5261123868382979E+040   3.4613215540032896E+028   8503681548020684.0        10068.981619761291        2.1885315420597156E-007   3.4973510425541490E-018  -2.4722793217445290E-023  -4.8767389180095473E-029  -4.6708997449043548E-034  -1.1563168859727344E-038  -4.2095297416769781E-043
   1.0939373673206613E+047   4.9747134173043215E+058   1.8194551708731686E+058   2.1020264237551709E+051   5.8468956153327773E+040   3.0203722803487584E+028   7241050269860728.0        8413.6661055203404        1.8118502397683076E-007   2.8971927242202394E-018  -2.0603331156290532E-023  -4.0897753424041782E-029  -3.9329073441260920E-034  -9.7484104193228869E-039  -3.5448090675525335E-043
   1.0825254796544935E+047   4.7991317218267895E+058   1.7119585474615221E+058   1.9258556560530363E+051   5.2058517127723626E+040   2.6106805247498225E+028   6085354639517497.0        6919.6326886800543        1.4760588116321012E-007   2.3675903345360535E-018  -1.6996847844605166E-023  -3.4051724868228341E-029  -3.2945180272362744E-034  -8.1873161853953977E-039  -2.9763491168462866E-043
   1.0702763760664602E+047   4.6235399205432924E+058   1.6070474006383347E+058   1.7571261607810206E+051   4.6021796348528209E+040   2.2309969488325763E+028   5030609966329065.0        5575.5583212214733        1.1777654220129002E-007   1.9018990696528052E-018  -1.3850016356890322E-023  -2.8114100700203320E-029  -2.7437478077897546E-034  -6.8475155506594522E-039  -2.4911856690129424E-043
   1.0572477619018254E+047   4.4483440627998184E+058   1.5048534605269390E+058   1.5958431976989417E+051   4.0349773271500970E+040   1.8800450228670376E+028   4070933962460671.5        4370.5883191755711        9.1378033143121516E-008   1.4939684639135961E-018  -1.1114145644467552E-023  -2.2980953090654068E-029  -2.2699032787140627E-034  -5.7004174582361519E-039  -2.0779793044323903E-043
   1.0434954095227405E+047   4.2739211792771097E+058   1.4054886466388620E+058   1.4419806549870978E+051   3.5032570460031632E+040   1.5565317147485286E+028   3200572880439995.5        3294.3524858987935        6.8111211281003158E-008   1.1381192771303382E-018  -8.7448744562826457E-024  -1.8558714869838024E-029  -1.8634605679815637E-034  -4.7208134696348984E-039  -1.7268280784492079E-043
   1.0290731744058405E+047   4.1006203666274545E+058   1.3090463389181576E+058   1.2954841498786499E+051   3.0059594920389595E+040   1.2591570176910365E+028   2413923392994602.5        2336.9752337091581        4.7696273465992916E-008   8.2911965167639466E-019  -6.7018730058872324E-024  -1.4763314892917070E-029  -1.5159532655314831E-034  -3.8865163999837388E-039  -1.4290994406103870E-043
   1.0140330140797528E+047   3.9287638732006334E+058   1.2156026093238248E+058   1.1562739578255114E+051   2.5419668052664397E+040   9.8662239393622261E+027   1705550611302578.2        1489.0804694882145        2.9872172770049941E-008   5.6216089417925377E-019  -4.9485542728814672E-024  -1.1519364163105938E-029  -1.2198690151028464E-034  -3.1780322603749517E-039  -1.1772797861612742E-043
   9.9842500966051302E+046   3.7586481820757579E+058   1.1252174123022594E+058   1.0242477727167592E+051   2.1101144723167459E+040   7.3763820990347529E+027   1070202615141921.2        741.79194495455363        1.4395962667343909E-008   3.3283318186610328E-019  -3.4517963846706266E-024  -8.7593929505254439E-030  -9.6855440799294052E-035  -2.5782632292824370E-039  -9.6484009987526491E-044
   9.8229738975444392E+046   3.5905450879614033E+058   1.0379357328598292E+058   8.9928330134729020E+050   1.7092021974970415E+040   5.1093023598144349E+027   502821845736409.94        86.729710483920911        1.0420856325191800E-009   1.3710144478697853E-019  -2.1816771438373205E-024  -6.4231384684533033E-030  -7.5612777565504562E-035  -2.0722393960324958E-039  -7.8611623477014472E-044
   9.6569655650932873E+046   3.4247027648535425E+058   9.5378869127288437E+057   7.8124069591617972E+050   1.3380037899209604E+040   3.0524528165677460E+027  -1446310432127.2144       -483.99674725422295       -1.0398379034846323E-008  -2.8718368226743398E-020  -1.1112214413012229E-024  -4.4568821266694576E-030  -5.7739945171266037E-035  -1.6468770705494360E-039  -6.3620245662092206E-044
   9.4866711360570346E+046   3.2613468216496743E+058   8.7279460377044371E+057   6.6996482882681859E+050   9.9527611913850039E+039   1.1935603395110805E+027  -447247440756469.19       -977.79815885852702       -2.0118495257763969E-008  -1.6798247034920299E-019  -2.1616201972650442E-025  -2.8128349552892750E-030  -4.2779905897584349E-035  -1.2907615277267944E-039  -5.1085697654832928E-044
   9.3125189599078182E+046   3.1006813432087770E+058   7.9495999879503433E+057   5.6528741447189095E+050   6.7976719146744451E+039  -4.7934835754226551E+026  -839014244173265.00       -1401.6174438916485       -2.8296266934648182E-008  -2.8374172850246048E-019   5.2528618020418979E-025  -1.4485694653265577E-030  -3.0330937130453030E-035  -9.9395214568360581E-040  -4.0641828607982321E-044
   9.1349200116791140E+046   2.9428899146207201E+058   7.2028058869127997E+057   4.6702898302271607E+050   3.9022339867754838E+039  -1.9779123443797246E+027  -1180964624014317.0       -1761.9435762032674       -3.5095441802949405E-008  -3.7876335978786084E-019   1.1326380511010294E-024  -3.2649596951898351E-031  -2.0040630187062384E-035  -7.4780799979615594E-040  -3.1973120018744798E-044
   8.9542682186453230E+046   2.7881366267060944E+058   6.4874219689138148E+057   3.7500071151113067E+050   1.2539598984409214E+039  -3.3134082072574777E+027  -1477101493012021.5       -2064.8269636035816       -4.0666314238120221E-008  -4.5555175204040112E-019   1.6233368471795804E-024   5.8661878434413431E-031  -1.1600457698118132E-035  -5.4483208460035753E-040  -2.4808160256713469E-044
   8.7709407991136822E+046   2.6365670610086130E+058   5.8032164086311971E+057   2.8900611769926808E+050  -1.1595318388874139E+039  -4.4967273289965930E+027  -1731214066952763.2       -2315.8960045800904       -4.5146520087995890E-008  -5.1636835018105227E-019   2.0129394580943602E-024   1.3200929267083457E-030  -4.7408666824360037E-036  -3.7853245006896878E-040  -1.8913897284805920E-044
   8.5852986117501894E+046   2.4883092527678518E+058   5.1498757126088825E+057   2.0884262238427331E+050  -3.3504660317331000E+039  -5.5383581893122680E+027  -1946880442130212.2       -2520.3745235491006       -4.8661817784623348E-008  -5.6325056916434670E-019   2.3152887799038105E-024   1.8997330467650300E-030   7.7314398245642138E-037  -2.4329865467719279E-040  -1.4090585680563931E-044
   8.3976865139524390E+046   2.3434746305707052E+058   4.5270126787496872E+057   1.3430298588676334E+050  -5.3308664593854562E+039  -6.4483731896746227E+027  -2127471269503762.2       -2683.0998218701975       -5.1326850993584701E-008  -5.9802971064122528E-019   2.5426736153265787E-024   2.3482023812252116E-030   5.1460011682892382E-036  -1.3429205294018032E-040  -1.0167351752729244E-044
   8.2084337278702608E+046   2.2021589315761192E+058   3.9341739311015057E+057   6.5176624528950869E+049  -7.1125173905388477E+039  -7.2364195379094375E+027  -2276154355289268.0       -2808.5411146504534       -5.3245888964381590E-008  -6.2234787427664352E-019   2.7059765965761559E-024   2.6853559394037569E-030   8.5551276593582681E-036  -4.7348548073512602E-041  -6.9983077563190236E-045
   8.0178542127599333E+046   2.0644430913900235E+058   3.3708470384319860E+057   1.2508129256730702E+048  -8.7069305243789605E+039  -7.9117137580796779E+027  -2395900033586043.5       -2900.8181533596949       -5.4513541543624578E-008  -6.3767386625213723E-019   2.8148106685562887E-024   2.9285448528643620E-030   1.1154140238530985E-035   2.1107450170702728E-041  -4.4591529251030308E-045
   7.8262470424393287E+046   1.9303941078364781E+058   2.8364672261085010E+057  -5.7688222106335002E+049  -1.0125316936463270E+040  -8.4830394207817614E+027  -2489487171572942.5       -2963.7198616105688       -5.5215446514398184E-008  -6.4531811709815543E-019   2.8776447005495101E-024   3.0928921769609670E-030   1.3075708895167712E-035   7.4139017534718623E-041  -2.4442052617403332E-045
   7.6338967866899135E+046   1.8000658780274963E+058   2.3304236916719435E+057  -1.1185431026449232E+050  -1.1378563628078656E+040  -8.9587477177113745E+027  -2559509681793682.5       -3000.7228362739411       -5.5428927538639600E-008  -6.4644662887125983E-019   2.9019188129415656E-024   3.1915422944448014E-030   1.4434108170117781E-035   1.1436371244333761E-040  -8.6381376019873787E-046
   7.4410738955269226E+046   1.6735000082783680E+058   1.8520655352261230E+057  -1.6146044342132345E+050  -1.2477214296488791E+040  -9.3467605320952495E+027  -2608383429111573.0       -3015.0095885502724       -5.5223621512638422E-008  -6.4209397802895872E-019   2.8941500139445007E-024   3.2358859820250621E-030   1.5327489487191018E-035   1.4401253947021774E-040   3.5789400341172732E-046
   7.2480350853313674E+046   1.5507265965481633E+058   1.4007073163703730E+057  -2.0671797264937480E+050  -1.3431453962428670E+040  -9.6545756832636289E+027  -2638353432067046.0       -3009.4864198503283       -5.4662074606349714E-008  -6.3317540535254654E-019   2.8600287414252566E-024   3.2357631028685223E-030   1.5839901199926181E-035   1.6498175186369385E-040   1.2849691677033408E-045
   7.0550237259068617E+046   1.4317649872070173E+058   9.7563424989191224E+056  -2.4783589114881505E+050  -1.4251097110206320E+040  -9.8892740491897455E+027  -2651501269643697.5       -2986.8008455018771       -5.3800306652166033E-008  -6.2049802810035106E-019   2.8045068983162431E-024   3.1996447844270139E-030   1.6043081027751079E-035   1.7887828350471574E-040   1.9713396500957063E-045
   6.8622702275905957E+046   1.3166244980433457E+058   5.7610705281652868E+056  -2.8502019775320739E+050  -1.4945579014694911E+040  -1.0057528295201982E+028  -2649752614869895.5       -2949.3584955382930       -5.2688343884708386E-008  -6.0477121239774050E-019   2.7318779579883516E-024   3.1347968341245373E-030   1.5998043582196099E-035   1.8705952417572056E-040   2.4622808873664685E-045
   6.6699924276112420E+046   1.2053051195258472E+058   2.0136645570068586E+056  -3.1847333584003416E+050  -1.5523949948223721E+040  -1.0165612960251874E+028  -2634884826286672.0       -2899.3394362818153       -5.1370720316204507E-008  -5.8661614582772609E-019   2.6458496995403014E-024   3.0474260373196203E-030   1.5756483802754931E-035   1.9066808133454715E-040   2.7956875717913046E-045
   6.4783959749471570E+046   1.0977981864275774E+058  -1.4936260875587362E+056  -3.4839370263542597E+050  -1.5994871978801146E+040  -1.0219415674080992E+028  -2608534537134245.0       -2838.7138692456228       -4.9886948267809006E-008  -5.6657465140386253E-019   2.5496101131804362E-024   2.9428108742114621E-030   1.5362015340727998E-035   1.9066210653720560E-040   3.0031714653380885E-045
   6.2876747129960459E+046   9.9408702200300434E+057  -4.7686712658215600E+056  -3.7497522407488591E+050  -1.6366618089141003E+040  -1.0224449299368140E+028  -2572205190186513.0       -2769.2571751765272       -4.8271958771029697E-008  -5.4511728469857207E-019   2.4458869935881168E-024   2.8254180862858948E-030   1.4851261252398825E-035   1.8784170501202100E-040   3.1110074645525390E-045
   6.0980110594223456E+046   8.9414755498433689E+057  -7.8194241965417931E+056  -3.9840699056150847E+050  -1.6647073363541499E+040  -1.0185864812461780E+028  -2527274473533780.0       -2692.5642809698938       -4.6556512710081148E-008  -5.2265075596559043E-019   2.3370017150577753E-024   2.6990064195278714E-030   1.4254812792217911E-035   1.8287189239403725E-040   3.1409474796614244E-045
   5.9095763826010085E+046   7.9794890973099744E+057  -1.0653888458424200E+057  -4.1887294914838183E+050  -1.6843738006724564E+040  -1.0108464754626319E+028  -2475001619317868.5       -2610.0633358300151       -4.4767583699909833E-008  -4.9952471872397254E-019   2.2249176569555708E-024   2.5667187717533212E-030   1.3598070632388994E-035   1.7630251299747818E-040   3.1109193577674468E-045
   5.7225313741262098E+046   7.0545396992639509E+057  -1.3280087690506802E+057  -4.3655164786083473E+050  -1.6963731975232750E+040  -9.9967171028777232E+027  -2416534533499905.0       -2523.0286905359626       -4.2928713789858248E-008  -4.7603796554147314E-019   2.1112837220654618E-024   2.4311638756264819E-030   1.2901981475909370E-035   1.6858548893645386E-040   3.0356259976629991E-045
   5.5370264169008773E+046   6.1661991626958448E+057  -1.5706037861393642E+057  -4.5161602806542043E+050  -1.7013801017863271E+040  -9.8547694254824124E+027  -2352916730228417.0       -2432.5931801116262       -4.1060343153128183E-008  -4.5244407073597532E-019   1.9974733641919141E-024   2.2944885576517787E-030   1.2183681773049166E-035   1.6008972859486613E-040   2.9270579498650643E-045
   5.3532019483678025E+046   5.3139873865641880E+057  -1.7939721979023476E+057  -4.6423326098467311E+050  -1.7000323936864268E+040  -9.6864632020777668E+027  -2285094049312344.5       -2339.7597156894999       -3.9180114970691222E-008  -4.2895651846510756E-019   1.8846195152692133E-024   2.1584415269431463E-030   1.1457059092891983E-035   1.5111398609068009E-040   2.7949311484645089E-045
   5.1711888184857104E+046   4.4973772338584156E+057  -1.9989067114826468E+057  -4.7456462464852209E+050  -1.6929320896206224E+040  -9.4953482021805548E+027  -2213921139727737.2       -2245.4121959943932       -3.7303156748081907E-008  -4.0575335324850405E-019   1.7736457764859571E-024   2.0244295660420602E-030   1.0733240637660664E-035   1.4189793017751240E-040   2.6470599612175777E-045
   4.9911086420938764E+046   3.7157991596242367E+057  -2.1861923618627491E+057  -4.8276541776375662E+050  -1.6806462617157223E+040  -9.2846968286223425E+027  -2140167696034774.8       -2150.3257527429746       -3.5442339317299230E-008  -3.8298138840947410E-019   1.6652942127947221E-024   1.8935669195457537E-030   1.0021017413409410E-035   1.3263165118668399E-040   2.4896744523641442E-045
   4.8130741453469942E+046   2.9686456009651897E+057  -2.3566046403459559E+057  -4.8898490717117448E+050  -1.6637080314627251E+040  -9.0575183442321456E+027  -2064524438088638.5       -2055.1763474387963       -3.3608514776259881E-008  -3.6076000627192757E-019   1.5601500658191488E-024   1.7667186048081026E-030   9.3272116812690769E-036   1.2346380785580571E-040   2.3276896117537622E-045
   4.6371895059379118E+046   2.2552751352886771E+057  -2.5109078182509471E+057  -4.9336630574521857E+050  -1.6426176240301737E+040  -8.8165729109212334E+027  -1987608827527562.8       -1960.5497396151684       -3.1810734607057383E-008  -3.3918458223734975E-019   1.4586636767298625E-024   1.6445383024136037E-030   8.6569945036132410E-036   1.1450859194930698E-040   2.1649332982176479E-045
   4.4635506868597345E+046   1.5750164132746914E+057  -2.6498534543689452E+057  -4.9604677777232717E+050  -1.6178434710461035E+040  -8.5643853802596379E+027  -1909970517246607.5       -1866.9498486089844       -3.0056449193613622E-008  -3.1832956312344383E-019   1.3611698882369177E-024   1.5275014223766188E-030   8.0141594640409894E-036   1.0585166720045838E-040   2.0043387603148866E-045
   4.2922457634907191E+046   9.2717187321415223E+056  -2.7741790750775784E+057  -4.9715746902130239E+050  -1.5898233507587904E+040  -8.3032587837152927E+027  -1832096532447232.5       -1774.8065325007892       -2.8351689930870490E-008  -2.9825122839429277E-019   1.2679051735096539E-024   1.4159338849223345E-030   7.4013579737532546E-036   9.7555220057197314E-041   1.8481068204644820E-045
   4.1233552438153535E+046   3.1102124349447565E+056  -2.8846070163643534E+057  -4.9682355889125227E+050  -1.5589655555409578E+040  -8.0352874790019831E+027  -1754416183919976.5       -1684.4828089881503       -2.6701235082968883E-008  -2.7899016117108781E-019   1.1790227196291478E-024   1.3100371020731496E-030   6.8203009746390145E-036   8.9662242775037758E-041   1.6978421271272904E-045
   3.9569523816232196E+046  -2.7417515989424066E+056  -2.9818434173824866E+057  -4.9516433218968155E+050  -1.5256500776919144E+040  -7.7623699164980579E+027  -1677305715998193.2       -1596.2815437238082       -2.5108760508224013E-008  -2.6057345419868555E-019   1.0946056741266567E-024   1.2099095978845931E-030   6.2719313062460019E-036   8.2200154364916387E-041   1.5546672833388026E-045
   3.7931034825536222E+046  -8.2917333389531347E+056  -3.0665773555397546E+057  -4.9229326825476248E+050  -1.4902298054188585E+040  -7.4862209965003803E+027  -1601092693141011.8       -1510.4516320953819       -2.3576976325289334E-008  -2.4301667426948766E-019   1.0146787452686826E-024   1.1155656608250491E-030   5.7565705150408156E-036   7.5183851582919187E-041   1.4193181387910407E-045
   3.6318682028787063E+046  -1.3547426799923218E+057  -3.1394801135045432E+057  -4.8831814529146031E+050  -1.4530317217442055E+040  -7.2083839942124550E+027  -1526060130387988.0       -1427.1937005934333       -2.2107750548713599E-008  -2.2632560698271387E-019   9.3921833000620274E-025   1.0269513812423025E-030   5.2740434454401546E-036   6.8618270368462164E-041   1.2922230780770945E-045
   3.4732998409408905E+046  -1.8516632799074492E+057  -3.2012045688999590E+057  -4.8334115794081948E+050  -1.4143580998922434E+040  -6.9302420348762485E+027  -1452450373999282.8       -1346.6653538489950       -2.0702220674008177E-008  -2.1049780215206343E-019   8.6816132789119949E-025   9.4395838987271787E-031   4.8237835587331214E-036   6.2500527738181504E-041   1.1735687418061890E-045
   3.3174456211820148E+046  -2.3207233484285920E+057  -3.2523846978446953E+057  -4.7745904624520570E+050  -1.3744876894579261E+040  -6.6530291063867044E+027  -1380468739475002.2       -1268.9859931559190       -1.9360894143103741E-008  -1.9552393867404690E-019   8.0141278474762959E-025   8.6643557969164349E-031   4.4049215741806012E-036   5.6821704978847218E-041   1.0633542730600867E-045
   3.1643469707216792E+046  -2.7627168564409677E+057  -3.2936351838863891E+057  -4.7076323430955970E+050  -1.3336768883553830E+040  -6.3778406011177386E+027  -1310286914855526.0       -1194.2412318596353       -1.8083738571325166E-008  -1.8138902623720424E-019   7.3885249642898133E-025   7.9419906284577273E-031   4.0163597124951159E-036   5.1568324921421733E-041   9.6143588283824554E-046
   3.0140397884609201E+046  -3.1784413172972085E+057  -3.3255511242578216E+057  -4.6333997708970710E+050  -1.2921608961861455E+040  -6.1056433825783443E+027  -1242046137759639.5       -1122.4869324207527       -1.6870262567291475E-008  -1.6807345989183457E-019   6.8034069055779114E-025   7.2704058672482023E-031   3.6568335420541016E-036   4.6723568999555317E-041   8.6756326916172837E-046
   2.8665547067047070E+046  -3.5686957297359029E+057  -3.3487078257669998E+057  -4.5527051386349711E+050  -1.2501548452595146E+040  -5.8372853759454771E+027  -1175860155036164.0       -1053.7528892749167       -1.5719587927906341E-008  -1.5555394221233603E-019   6.2572289267723379E-025   6.6473460820366572E-031   3.3249631793158712E-036   4.2268273590384350E-041   7.8140920042910464E-046
   2.7219173453127640E+046  -3.9342786706503546E+057  -3.3636606830075841E+057  -4.4663122705903287E+050  -1.2078549060423764E+040  -5.5735046845229413E+027  -1111817974203253.1       -988.04618083210528       -1.4630513942219031E-008  -1.4380428657033745E-019   5.7483407270191412E-025   6.0704420250869700E-031   3.0192953739728148E-036   3.8181739705119548E-041   7.0259338005821828E-046
   2.5801485584030471E+046  -4.2759865311151998E+057  -3.3709451319452291E+057  -4.3749380522658853E+050  -1.1654393643154944E+040  -5.3149382367872731E+027  -1049986416042041.0       -925.35421310912272       -1.3601574490711607E-008  -1.3279611389618061E-019   5.2750215788345126E-025   5.5372596283489055E-031   2.7383378136113773E-036   3.4442385353018621E-041   6.3070154252845851E-046
   2.4412646736458536E+046  -4.5946118891967296E+057  -3.3710766722970664E+057  -4.2792540904706882E+050  -1.1230696677703130E+040  -5.0621299709353082E+027  -990412477811125.75       -865.64747658602766       -1.2631088580751625E-008  -1.2249945423795500E-019   4.8355098965492468E-025   5.0453402857515514E-031   2.4805868095022567E-036   3.1028265765382113E-041   5.6530058723599576E-046
   2.3052777241990792E+046  -4.8909420132018255E+057  -3.3645509524750580E+057  -4.1798883937017600E+050  -1.0808914401969613E+040  -4.8155385657748228E+027  -933125516567547.50       -808.88203693603270       -1.1717204914732576E-008  -1.1288326342959813E-019   4.4280279363536576E-025   4.5922336364343398E-031   2.2445493722829639E-036   2.7917483064900143E-041   5.0595043307300948E-046
   2.1721956733466353E+046  -5.1657574891588391E+057  -3.3518439112084661E+057  -4.0774270636994271E+050  -1.0390354617927989E+040  -4.5755447284285467E+027  -878139262029475.75       -755.00177931242206       -1.0857941044953696E-008  -1.0391586425048958E-019   4.0508022471055225E-025   4.1755239171180703E-031   2.0287605515889654E-036   2.5088503836259948E-041   4.5221317068810491E-046
   2.0420226319125247E+046  -5.4198309664701769E+057  -3.3334119702956617E+057  -3.9724159899412111E+050  -9.9761861446379935E+039  -4.3424580506804399E+027  -825453668305767.25       -703.94042489686217       -1.0051217628672618E-008  -9.5565320596077117E-020   3.7020804240983093E-025   3.7928508208415863E-031   1.8317967952014888E-036   2.2520400339509186E-041   4.0365999864943244E-046
   1.9147590685326372E+046  -5.6539260158295892E+057  -3.3096922732604288E+057  -3.8653625396725676E+050  -9.5674479130054786E+039  -4.1165234469071110E+027  -775056613656935.88       -655.62333743106910       -9.2948882580702567E-009  -8.7799752379693559E-020   3.3801446572253884E-025   3.4419256825045367E-031   1.6522859792513459E-036   2.0193028757595654E-041   3.5987635217273210E-046
   1.7904020128749648E+046  -5.8687960936560109E+057  -3.2811029650024172E+057  -3.7567372368529462E+050  -9.1650576968882419E+039  -3.8979271874307682E+027  -726925457249063.25       -609.96913647664064       -8.5867653031397086E-009  -8.0587598146980053E-020   3.0833225099555822E-025   3.1205437077243467E-031   1.4889146698569491E-036   1.8087155838740011E-041   3.2046556690711323E-046
   1.6689452519067624E+046  -6.0651836074592138E+057  -3.2480435078351188E+057  -3.6469754241245657E+050  -8.7698204776373090E+039  -3.6868025418254567E+027  -681028461624102.25       -566.89113318309853       -7.9246421707664478E-009  -7.3897831703224880E-020   2.8099953158140186E-025   2.8265928691991113E-031   1.3404330968432420E-036   1.6184543542898936E-041   2.8505136393129893E-046
   1.5503795193141836E+046  -6.2438190767195311E+057  -3.2108950295975294E+057  -3.5364789025908081E+050  -8.3824364413815319E+039  -3.4832350472264877E+027  -637326089343479.00       -526.29860339781010       -7.3063123505016814E-009  -6.7700138427378517E-020   2.5586045342188217E-025   2.5580600129280883E-031   1.2056582505908806E-036   1.4467999794170761E-041   2.5327939424138840E-046
   1.4346926781861839E+046  -6.4054203840336003E+057  -3.1700206998072848E+057  -3.4256175448233025E+050  -8.0035086103292569E+039  -3.2872674170531722E+027  -595772181972729.00       -488.09791202837175       -6.7295855867223515E-009  -6.1965056371413089E-020   2.3276563671602132E-025   2.3130346442311765E-031   1.0834754524365159E-036   1.2921402146321878E-041   2.2481804042305166E-046
   1.3218698970800376E+046  -6.5506921114495928E+057  -3.1257661300934919E+057  -3.3147308771035346E+050  -7.6335501110930795E+039  -3.0989041057751688E+027  -556315029268345.50       -452.19350167222370       -6.1923014879833027E-009  -5.6664086716962126E-020   2.1157249019483753E-025   2.0897107995694392E-031   9.7283869633987951E-037   1.1529700059088252E-041   1.9935863886655206E-046
   1.2118938195906917E+046  -6.6803249570880754E+057  -3.0784597954066933E+057  -3.2041296274482253E+050  -7.2729910845599215E+039  -2.9181155454493694E+027  -518898336108672.94       -418.48875766288313       -5.6923408573513014E-009  -5.1769777679750213E-020   1.9214540127472590E-025   1.8863873538242677E-031   8.7277001381520948E-037   1.0278900534240376E-041   1.7661525690831491E-046
   1.1047447275504433E+046  -6.7949952273176621E+057  -3.0284134727513854E+057  -3.0940972364698297E+050  -6.9221852431459830E+039  -2.7448420697425383E+027  -483462094382612.31       -386.88676084965044       -5.2276350023088654E-009  -4.7255785513212818E-020   1.7435582245234348E-025   1.7014670631447996E-031   7.8235807455641602E-037   9.1560410512348249E-042   1.5632413489356180E-046
   1.0004006979890936E+046  -6.8953643999275421E+057  -2.9759226944233910E+057  -2.9848913285862929E+050  -6.5814160824102835E+039  -2.5789975410487251E+027  -449943366716680.50       -357.29093862974662       -4.7961732593631454E-009  -4.3096915863011545E-020   1.5808227170645205E-025   1.5334545999955294E-031   7.0075620102067284E-037   8.1491530538667287E-042   1.3824288268098723E-046
   8.9883775398784700E+045  -6.9820787539109772E+057  -2.9212672129602546E+057  -2.8767451415196757E+050  -6.2509027549670286E+039  -2.4204726961225954E+027  -418276988585670.62       -329.60562398981108       -4.3960089467204817E-009  -3.9269148361065692E-020   1.4321026235748217E-025   1.3809537989699867E-031   6.2717994580901244E-037   7.2472186552617930E-042   1.2214950297412732E-046
   8.0003000956282695E+045  -7.0557690616447667E+057  -2.8647114752278499E+057  -2.7698689124134132E+050  -5.9308056154499936E+039  -2.2691382253918635E+027  -388396195017485.88       -303.73653158827187       -4.0252639382161110E-009  -3.5749647018559093E-020   1.2963217577718068E-025   1.2426642986854674E-031   5.6090435540415446E-037   6.4401227344389887E-042   1.0784129956625940E-046
   7.0394980871619881E+045  -7.1170503394186954E+057  -2.8065051032707440E+057  -2.6644512192547013E+050  -5.6212314459552437E+039  -2.1248476007945617E+027  -360233177770948.88       -279.59115922162874       -3.6821320330434143E-009  -3.2516758679571777E-020   1.1724708851412110E-025   1.1173777360993132E-031   5.0126102217101067E-037   5.7186021809930335E-042   9.5133716697145815E-047
   6.1056785879455643E+045  -7.1665216524359707E+057  -2.7468833797477725E+057  -2.5606602766137224E+050  -5.3222383719344293E+039  -1.9874396666195139E+027  -333719578538494.31       -257.07912236614146       -3.3648812786293121E-009  -2.9550001528088357E-020   1.0596056378354519E-025   1.0039736244033399E-031   4.4763500802992144E-037   5.0741936942561437E-042   8.3859145871882612E-047
   5.1985335829548502E+045  -7.2047659705701019E+057  -2.6860677359579966E+057  -2.4586451850069693E+050  -5.0338404789415554E+039  -1.8567410074198167E+027  -308786923405262.69       -236.11242887146929       -3.0718553881726448E-009  -2.6830045398836641E-020   9.5684415841243495E-026   9.0141502382265389E-032   3.9946170746636314E-037   4.4991812500882134E-042   7.3865728368188059E-047
   4.3177411926406389E+045  -7.2323500713253048E+057  -2.6242662406359703E+057  -2.3585371334595715E+050  -4.7560121409627208E+039  -1.7325681066271487E+027  -285367003483609.81       -216.60570030388968       -2.8014743798217441E-009  -2.4338685424530836E-020   8.6336454501967649E-026   8.0874409577572559E-032   3.5622370418158956E-037   3.9865441039503057E-042   6.5016174987806658E-047
   3.4629668442158056E+045  -7.2498244866060782E+057  -2.5616740878593484E+057  -2.2604505550830298E+050  -4.4886920712912763E+039  -1.6147293090263787E+027  -263392206338535.25       -198.47634589305170       -2.5522345511379786E-009  -2.2058810356584346E-020   7.7840215955813995E-026   7.2507761459238955E-032   3.1744766439755469E-037   3.5299059959736678E-042   5.7186619158816796E-047
   2.6338643916888502E+045  -7.2577234900568087E+057  -2.4984740825665800E+057  -2.1644842357017732E+050  -4.2317871070598565E+039  -1.5030265997615002E+027  -242795802525918.44       -181.64469452684361       -2.3227078902976171E-009  -1.9974366721297270E-020   7.0124685065257663E-026   6.4960249702068126E-032   2.8270130032616995E-037   3.1234860561448504E-042   5.0265515071043468E-047
   1.8300771860666968E+045  -7.2565651218839302E+057  -2.4348371223280906E+057  -2.0707223757560800E+050  -3.9851757386148964E+039  -1.3972572120409932E+027  -223512191282425.00       -166.03408976278331       -2.1115410143506152E-009  -1.8070319817120487E-020   6.3124013476594106E-026   5.8157139780104915E-032   2.5159042935145496E-037   2.7620517701306388E-042   4.4152588958364396E-047
   1.0512390971452810E+045  -7.2468512482211419E+057  -2.3709226741512238E+057  -1.9792356058817110E+050  -3.7487113949268547E+039  -1.2972150751982502E+027  -205477109134035.50       -151.57095238018559       -1.9174537147100839E-009  -1.6332612419180685E-020   5.6777237139323570E-026   5.2029840939703540E-032   2.2375614783795098E-037   2.4408742540464412E-042   3.8757848786613664E-047
   2.9697548829951746E+044  -7.2290676522422568E+057  -2.3068792452276561E+057  -1.8900819567195604E+050  -3.5222254961782546E+039  -1.2026921142451198E+027  -188627804929720.34       -138.18481458394265       -1.7392371808210977E-009  -1.4748121933267712E-020   5.1027996183574994E-026   4.6515489532216728E-032   1.9887213298148466E-037   2.1556859956549150E-042   3.4000655342919518E-047
  -4.3309585432510923E+044  -7.2036841543664038E+057  -2.2428448466523013E+057  -1.8033077836431430E+050  -3.3055302845689513E+039  -1.1134794115377340E+027  -172903184558076.28       -125.80832958674897       -1.5757519645858537E-009  -1.3304616631499231E-020   4.5824259548220887E-026   4.1556547919570798E-032   1.7664208159458845E-037   1.9026411466560169E-042   2.9808855949206636E-047
  -1.1393638368286523E+045  -7.1711547590363328E+057  -2.1789474492552112E+057  -1.7189486472091942E+050  -3.0984214442303384E+039  -1.0293682406569799E+027  -158243928367865.34       -114.37725994063547       -1.4259257405407994E-009  -1.1990711504559403E-020   4.1118056271136984E-026   3.7100420551974393E-032   1.5679729102544309E-037   1.6782783929717660E-042   2.6117980652779469E-047
  -1.8222232154033859E+045  -7.1319178256824541E+057  -2.1153054307930005E+057  -1.6370301502382984E+050  -2.9006805209536027E+039  -9.5015098209414427E+026  -144592584088373.50       -103.83044765936681       -1.2887509099300532E-009  -1.0795824179532570E-020   3.6865214939319084E-026   3.3099088304173595E-032   1.3909438442167546E-037   1.4794863847395618E-042   2.2870499707586845E-047
  -2.4820737956493374E+045  -7.0863962616129752E+057  -2.0520280138441644E+057  -1.5575687325195502E+050  -2.7120771522171436E+039  -8.7562192982792042E+026  -131893637832262.48       -94.109768869202966       -1.1632820906413189E-009  -9.7101312767924647E-021   3.3025112442374851E-026   2.9508761731322136E-032   1.2331318016081513E-037   1.3034716729752989E-042   2.0015140389827651E-047
  -3.1193196720139896E+045  -7.0349977346939502E+057  -1.9892156938436597E+057  -1.4805724242069260E+050  -2.5323711177500180E+039  -8.0557799738423547E+026  -120093565561975.92       -85.160075445348056       -1.0486335294117475E-009  -8.7245255131272761E-021   2.9560432871153877E-026   2.6289553555618088E-032   1.0925470338430345E-037   1.1477290737383134E-042   1.7506260639819330E-047
  -3.7343685060300022E+045  -6.9781149038022691E+057  -1.9269606567766015E+057  -1.4060415590364001E+050  -2.3613142205963380E+039  -7.3981933148703826E+026  -109140867210572.47       -76.929125833733011       -9.4397646772121013E-010  -7.8305738003327490E-021   2.6436937147594503E-026   2.3405170409759885E-032   9.6739336111039482E-038   1.0100143615857381E-042   1.5303276645802436E-047
  -4.3276308420446733E+045  -6.9161256651496386E+057  -1.8653471861291628E+057  -1.3339694485429300E+050  -2.1986520083541977E+039  -6.7814984093776453E+026  -98986085468832.844       -69.367507021264004       -8.4853648832166783E-010  -7.0204765380224711E-021   2.3623243756549984E-026   2.0822623633687223E-032   8.5605101300100426E-038   8.8831918084233520E-043   1.3370141249061877E-047
  -4.8995194591559191E+045  -6.8493934126863236E+057  -1.8044520587671160E+057  -1.2643430184962141E+050  -2.0441253439556975E+039  -6.2037764790489043E+026  -89581811082317.938       -62.428549401001753       -7.6159086535928102E-010  -6.2870282555956946E-021   2.1090620770318586E-026   1.8511958738845597E-032   7.5706075420830017E-038   7.8084805463523463E-043   1.1674869923956943E-047
  -5.4504487580916657E+045  -6.7782673109000125E+057  -1.7443449294791603E+057  -1.1971434088045420E+050  -1.8974718350354681E+039  -5.6631546836375820E+026  -80882676344405.297       -56.068236080649662       -6.8246593748901666E-010  -5.6235797204481689E-021   1.8812789207304164E-026   1.6446003012227500E-032   6.6910923520840337E-038   6.8599736682815242E-043   1.0189111046852854E-047
  -5.9808341817925709E+045  -6.7030825784275541E+057  -1.6850887039835805E+057  -1.1323465381579421E+050  -1.7584271306068452E+039  -5.1578092800146958E+026  -72845338323832.719       -50.245108001989728       -6.1053452022108970E-010  -5.0240015969560063E-021   1.6765737643639312E-026   1.4600130624491901E-032   5.9101550414947751E-038   6.0233619016332172E-043   8.8877571945532635E-048
  -6.4910916684818537E+045  -6.6241607809956065E+057  -1.6267399002531241E+057  -1.0699236346960232E+050  -1.6267260934303006E+039  -4.6859681949263142E+026  -65428453227544.016       -44.920166074335860       -5.4521337093862856E-010  -4.4826497129128958E-021   1.4927547897128789E-026   1.2952044527151001E-032   5.2171861413474855E-038   5.2858883443640521E-043   7.7485942893036502E-048
  -6.9816371360305221E+045  -6.5418101323005040E+057  -1.5693489980645728E+057  -1.0098417339931492E+050  -1.5021038561203910E+039  -4.2459130665950097E+026  -58592643171261.359       -40.056771375540350       -4.8596071755311925E-010  -3.9943319664195061E-021   1.3278231523342614E-026   1.1481574368459285E-032   4.6026625935124505E-038   4.6361899085414727E-043   6.7519855204813556E-048
  -7.4528859964514342E+045  -6.4563258015278807E+057  -1.5129607767265599E+057  -9.5206414565458121E+049  -1.3842967686975403E+039  -3.8359808065482440E+026  -52300456510788.695       -35.620544338511131       -4.3227385958758515E-010  -3.5542768862250999E-021   1.1799576801299641E-026   1.0170489622197244E-032   4.0580437381070034E-038   4.0641535241350991E-043   5.8805871119732304E-048
  -7.9052526993811942E+045  -6.3679902262989717E+057  -1.4576146409820355E+057  -8.9655088981265590E+049  -1.2730432449513971E+039  -3.4545647294749597E+026  -46516322776164.367       -31.579263718545999       -3.8368684856859003E-010  -3.1581038417673795E-021   1.0475005838459387E-026   9.0023271045199217E-033   3.5756762760512653E-038   3.5607859483037047E-043   5.1190931603584118E-048
  -8.3391503034349590E+045  -6.2770734299130140E+057  -1.4033449351206256E+057  -8.4325910480251458E+049  -1.1680845146450150E+039  -3.1001152955004953E+026  -41206503148008.508       -27.902766026088710       -3.3976825294074176E-010  -2.8017948852532023E-021   9.2894413895040470E-027   7.9622320484380601E-033   3.1487075734869057E-038   3.1180960793811751E-043   4.4540069355205688E-048
  -8.7549900743454676E+045  -6.1838333418339701E+057  -1.3501812453712381E+057  -7.9214342728297456E+049  -1.0691652882552051E+039  -2.7711405060280799E+026  -36339037320335.508       -24.562846009837518       -3.0011901126725495E-010  -2.4816681967161358E-021   8.2291829587331851E-027   7.0368119107453305E-033   2.7710066972224388E-038   2.7289887333050752E-043   3.8734362068322220E-048
  -9.1531811088242178E+045  -6.0885161204449109E+057  -1.2981486906768462E+057  -7.4315634605032644E+049  -9.7603434061541356E+038  -2.4662059912203598E+026  -31883687506309.383       -21.533158685617021       -2.6437037622514098E-010  -2.1943530937595607E-021   7.2817917401365311E-027   6.2140021001041127E-033   2.4370925962652064E-038   2.3871689014507442E-043   3.3669103304097237E-048
  -9.5341299831093908E+045  -5.9913564771649749E+057  -1.2472682019816726E+057  -6.9624853077166944E+049  -8.8844501950450311E+038  -2.1839348242838070E+026  -27811880262504.770       -18.789123326239132       -2.3218195082340215E-010  -1.9367665603623031E-021   6.4359839408942645E-027   5.4829428356875937E-033   2.1420688727686004E-038   2.0870555711899471E-043   2.9252170029454435E-048
  -9.8982404251919152E+045  -5.8925780010919102E+057  -1.1975567901861965E+057  -6.5136913684029720E+049  -8.0615568490883521E+038  -1.9230070949688573E+026  -24096646732800.508       -16.307829755957687       -2.0323981734865524E-010  -1.7060912434342649E-021   5.6815320319068645E-027   4.8338663716676285E-033   1.8815646154811719E-038   1.8237042527744173E-043   2.5402567529045917E-048
  -1.0245913009737907E+046  -5.7923934833979541E+057  -1.1490278029477380E+057  -6.0846608752903679E+049  -7.2893008437686096E+038  -1.6821592721051681E+026  -20712561844688.578       -14.067947229341520       -1.7725475875793836E-010  -1.4997548615365514E-021   5.0091734718733871E-027   4.2579938526045581E-033   1.6516807993160481E-038   1.5927374174143083E-043   2.2049133987027102E-048
  -1.0577544874752499E+046  -5.6910052407682769E+057  -1.1016911705240114E+057  -5.6748633458871417E+049  -6.5653766958570477E+038  -1.4601833825499558E+026  -17635682928153.477       -12.049636117778377       -1.5396057157763398E-010  -1.3154109671236079E-021   4.4105264584624197E-027   3.7474410973218956E-033   1.4489417853894214E-038   1.3902821109700215E-043   1.9129388546579993E-048
  -1.0893529459056777E+046  -5.5886054372295197E+057  -1.0555536408741900E+057  -5.2837609840840921E+049  -5.8875385894852068E+038  -1.2559260316330999E+026  -14843488170002.424       -10.234462576746667       -1.3311246881643233E-010  -1.1509210016461232E-021   3.8780122704300865E-027   3.2951326432071427E-033   1.2702514863495985E-038   1.2129140649802473E-043   1.6588508082632357E-048
  -1.1194256259676116E+046  -5.4853764037712137E+057  -1.0106190042468512E+057  -4.9108108882220183E+049  -5.2536025081013518E+038  -1.0682872880304869E+026  -12314815264255.908       -8.6053163228677807       -1.1448557094633563E-010  -1.0043375817156542E-021   3.4047837774270882E-027   2.8947234183029291E-033   1.1128537916769738E-038   1.0576076814392842E-043   1.4378419262012715E-048
  -1.1480110608264609E+046  -5.3814909552151501E+057  -9.6688830749684467E+056  -4.5554670761398561E+049  -4.6614479150701004E+038  -8.9621945398151015E+025  -10029800571605.301       -7.1463316110341912       -9.7873482637331715E-011  -8.7388895413641299E-022   2.9846597090969275E-027   2.5405274444115656E-033   9.7429687660780702E-039   9.2169131956650288E-044   1.2456993713531962E-048
  -1.1751473465716423E+046  -5.2771127038372294E+057  -9.2436005838381763E+056  -4.2171823373790759E+049  -4.1090190230609591E+038  -7.3872573988235515E+025  -7969819057688.9980       -5.8428114680924237       -8.3086952638129898E-011  -7.5796455783441451E-022   2.6120642913856448E-027   2.2274530102213603E-033   8.5240104621804357E-039   8.0280736163370275E-044   1.0787335288376041E-048
  -1.2008721234140869E+046  -5.1723963692929726E+057  -8.8303042011397661E+056  -3.8954099223731497E+049  -3.5943256898586553E+038  -5.9485886052802748E+025  -6117425240724.3115       -4.6811552101782281       -6.9952613967855036E-011  -6.5510163145219170E-022   2.2819718753239369E-027   1.9509437887663827E-033   7.4522979285249249E-039   6.9887658066488483E-044   9.3371494604401048E-049
  -1.2252225585403545E+046  -5.0674880844419416E+057  -8.4289339639382205E+056  -3.5896050780998051E+049  -3.1154439758179799E+038  -4.6371956863747474E+025  -4456295343567.8975       -3.6487892454219861       -5.8311801413379856E-011  -5.6397280653499970E-022   1.9898562015391411E-027   1.7069254080309490E-033   6.5106377040183617E-039   6.0806637549296018E-044   8.0781858996710198E-049
  -1.2482353305461272E+046  -4.9625256967078021E+057  -8.0394100727018915E+056  -3.2992264393202556E+049  -2.6705163958786355E+038  -3.4445513977196153E+025  -2971170813286.2397       -2.7341011419676775       -4.8019443206448061E-011  -4.8337462773029653E-022   1.7316439621011397E-027   1.4917570169571758E-033   5.6837741285630771E-039   5.2876247829285096E-044   6.9857461527565470E-049
  -1.2699466153743406E+046  -4.8576390646497856E+057  -7.6616345603510010E+056  -3.0237372841754370E+049  -2.2577518968508776E+038  -2.3625782134152134E+025  -1647803342537.6543       -1.9263769227121128       -3.8943023677094374E-011  -4.1221694318553930E-022   1.5036723397493026E-027   1.3021874213215006E-033   4.9581794707283479E-039   4.5954377639080258E-044   6.0382491888000764E-049
  -1.2903920736856748E+046  -4.7529503494580199E+057  -7.2954928747679194E+056  -2.7626066625560756E+049  -1.8754255885797979E+038  -1.3836325708229423E+025  -472901501250.96576       -1.2157415325362688       -3.0961613639018979E-011  -3.4951311029874218E-022   1.3026502228790880E-027   1.1353153947787529E-033   4.3218657077953862E-039   3.9915992398318631E-044   5.2168483174870132E-049
  -1.3096068395915432E+046  -4.6485743011196305E+057  -6.9408553775996071E+056  -2.5153104053125048E+049  -1.5218782555936290E+038  -5.0048897173448057E+024   565920935999.91833      -0.59310241075879500       -2.3964965253096201E-011  -2.9437096409912775E-022   1.1256228127182799E-027   9.8855379973798494E-034   3.7642158652495246E-039   3.4651145051170275E-044   4.5050936684019613E-049
  -1.3276255106820885E+046  -4.5446185390347907E+057  -6.5975787621884137E+056  -2.2813320220228529E+049  -1.1955156739377997E+038   2.9367596959150606E+024   1480194902101.4526       -5.0096090810747056E-002  -1.7852668132264083E-011  -2.4598449776641449E-022   9.6993935675927917E-028   8.5959718057633522E-034   3.2758330059181808E-039   3.0063210097575392E-044   3.8886350373699919E-049
  -1.3444821392840359E+046  -4.4411838268921344E+057  -6.2655073934635167E+056  -2.0601634946955632E+049  -8.9480775608972066E+037   1.0052994513948768E+025   2280644142432.3193       0.42096225954760724       -1.2533363490368615E-011  -2.0362620709837341E-022   8.3322375962975353E-028   7.4639251798847603E-034   2.8484051288110723E-039   2.6067316956483638E-044   3.3549604637043058E-049
  -1.3602102248855302E+046  -4.3383643416411748E+057  -5.9444745726123805E+056  -1.8513059744451813E+049  -6.1828754513717747E+037   1.6404483117693581E+025   2977231482427.2061       0.82712645100768811       -7.9240131953360036E-012  -1.6664005307470370E-022   7.1334783909849608E-028   6.4711285800633376E-034   2.4745843948383513E-039   2.2588961181591884E-044   2.8931664056671885E-049
  -1.3748427076673360E+046  -4.2362479364257523E+057  -5.6343037293307974E+056  -1.6542703878497331E+049  -3.6455007778330633E+037   2.2048346965385864E+025   3579203241506.4365        1.1748641372880453       -3.9492206599750615E-012  -1.3443499901367393E-022   6.0840701076684223E-028   5.6013355242251667E-034   2.1478792415516539E-039   1.9562774219533880E-044   2.4937558347449288E-049
  -1.3884119630819658E+046  -4.1349163973670890E+057  -5.3348095444220019E+056  -1.4685779593745745E+049  -1.3225113421079555E+037   2.7038315137995628E+025   4095131789671.9775        1.4700990341490658       -5.4060058883205470E-013  -1.0647908115356261E-022   5.1669820014665879E-028   4.8401086904217441E-034   1.8625580825006774E-039   1.6931434372233218E-044   2.1484609767501529E-049
  -1.4009497974244529E+046  -4.0344456941078990E+057  -5.0457990054810007E+056  -1.2937606559318728E+049   7.9894108605590995E+036   3.1424876286141119E+025   4532956253932.3701        1.7182505981065850        2.3638053057422962E-012  -8.2293973794923932E-023   4.3669979524692729E-028   4.1746275041457744E-034   1.6135634093745809E-039   1.4644703413867493E-044   1.8500877933174903E-049
  -1.4124874443405776E+046  -3.9349062240502161E+057  -4.7670723983601353E+056  -1.1293615593374112E+049   2.7311250490875208E+037   3.5255427580245430E+025   4900021391122.9746        1.9242712716453476        4.8200694030458904E-012  -6.1450012396803107E-023   3.6705346646802529E-028   3.5935151850917866E-034   1.3964352274628346E-039   1.2658574932765781E-044   1.5923796248278913E-049
  -1.4230555622204131E+046  -3.8363630502392886E+057  -4.4984242370668616E+056  -9.7493517212759370E+048   4.4857443554061612E+037   3.8574420326688859E+025   5203114651769.5049        2.0926814023448128        6.8788787662036349E-012  -4.3561640217963196E-023   3.0654769353205179E-028   3.0866834025951915E-034   1.2072428577817819E-039   1.0934521933113428E-044   1.3698977087096085E-049
  -1.4326842324270430E+046  -3.7388761328640985E+057  -4.2396441346952961E+056  -8.3004766190969758E+048   6.0739535794545432E+037   4.1423501968138438E+025   5448501466528.1807        2.2276019431411207        8.5859977930189021E-012  -2.8283246223326967E-023   2.5410285136352797E-028   2.6451928506481155E-034   1.0425242331181909E-039   9.4388325534199290E-045   1.1779165486947975E-049
  -1.4414029583122611E+046  -3.6425005543618552E+057  -3.9905176179398529E+056  -6.9427704913782032E+048   7.5063739917165684E+037   4.3841654236481217E+025   5641958792541.6289        2.3327850400765300        9.9826953779100327E-012  -1.5305364028815068E-023   2.0875771828900196E-028   2.2611282027901916E-034   8.9923190086946639E-040   8.1420239504400264E-045   1.0123323439869164E-049
  -1.4492406649729611E+046  -3.5472867381293225E+057  -3.7508268876828685E+056  -5.6721334293580432E+048   8.7931098130304398E+037   4.5865327272214025E+025   5788806961883.6719        2.4116426124355814        1.1106138922771861E-011  -4.3512036291574817E-024   1.6965728066344608E-028   1.9274860449793717E-034   7.7468502351995613E-040   7.0183254699963541E-045   8.6958289520191072E-050
  -1.4562256997037676E+046  -3.4532806608580407E+057  -3.5203515280888744E+056  -4.4845862932680224E+048   9.9437646973679456E+037   4.7528569565094556E+025   5893939878227.7529        2.4672730282289228        1.1989757420048586E-011   4.8265104606860413E-024   1.3604171807711175E-028   1.6380745114376986E-034   6.6652673846623996E-040   6.0452231905497397E-045   7.4657758894085703E-050
  -1.4623858331032626E+046  -3.3605240585235675E+057  -3.2988691665767087E+056  -3.3762711597715424E+048   1.0967458356456297E+038   4.8863153607664047E+025   5961853611054.5605        2.5024859756442299        1.2663575717657690E-011   1.2448419221476137E-023   1.0723646267323225E-028   1.3874234651113273E-034   5.7268630324572539E-040   5.2030587912683735E-045   6.4063622726878448E-050
  -1.4677482607929081E+046  -3.2690546260707673E+057  -3.0861560869772832E+056  -2.3434513731990083E+048   1.1872843248200327E+038   4.9898697186220129E+025   5996673439198.4746        2.5198256284128888        1.3154521963406230E-011   1.8711150164428544E-023   8.2643234841590610E-029   1.1707041714424532E-034   4.9134551055689509E-040   4.4746764728971090E-045   5.4943561434202890E-050
  -1.4723396057094683E+046  -3.1789062108480441E+057  -2.8819877981199929E+056  -1.3825112369053542E+048   1.2668121258850414E+038   5.0662780263242552E+025   6002179397397.0186        2.5215922001065221        1.3486710116802453E-011   2.3789700625544374E-023   6.1731965674133729E-029   9.8365751226555685E-035   4.2090891028030645E-040   3.8451123553558648E-045   4.7096294187866135E-050
  -1.4761859209333768E+046  -3.0901089998532682E+057  -2.6861395600247865E+056  -4.8995537884446919E+047   1.3361060316284502E+038   5.1181057431429389E+025   5981830380823.2432        2.5098619792368466        1.3681699309184450E-011   2.7839603028019914E-023   4.4033524106232130E-029   8.2252987643217246E-035   3.5997742348039594E-040   3.3013213984594541E-045   4.0347512985628323E-050
  -1.4793126930171042E+046  -3.0026897008630644E+057  -2.4983868698101605E+056   3.3759217668179040E+047   1.3959010878660125E+038   5.1477365942648167E+025   5938786863412.4717        2.4865059337366078        1.3758731729260754E-011   3.0998890375800665E-023   2.9133173651134245E-029   6.8401594583335649E-035   3.0732497652227273E-040   2.8319374485671028E-045   3.4546338033409500E-050
  -1.4817448457791287E+046  -2.9166717175251603E+057  -2.3185059093600727E+056   1.1033892011856358E+048   1.4468922249072555E+038   5.1573829335487758E+025   5875932286201.1475        2.4532069699929875        1.3734950610794884E-011   3.3389878880911831E-023   1.6664690096070218E-029   5.6520767039627374E-035   2.6187782237815141E-040   2.4270625108507360E-045   2.9562229206217233E-050
  -1.4835067445306190E+046  -2.8320753185006874E+057  -2.1462739567252904E+056   1.8105766901034075E+048   1.4897358672755442E+038   5.1490956702942667E+025   5795893171930.2129        2.4114759281267926        1.3625599802500440E-011   3.5120783349390940E-023   6.3050774965418058E-030   4.6354879392168177E-035   2.2269625129903738E-040   2.0780817901613710E-045   2.5282296284865654E-050
  -1.4846222007033967E+046  -2.7489178007497407E+057  -1.9814697631671883E+056   2.4621805007517386E+048   1.5250515178807272E+038   5.1247737657286274E+025   5701058021877.4209        2.3626663916946051        1.3444206307412765E-011   3.6287179752763822E-023  -2.2301746896653056E-030   3.7679435481421719E-035   1.8895842463505367E-040   1.7775014385872433E-045   2.1608957666318807E-050
  -1.4851144768491588E+046  -2.6672136470591807E+057  -1.8238738976847762E+056   3.0611131758006613E+048   1.5534233133446409E+038   5.0861733062593455E+025   5593595050316.3789        2.3079883864660258        1.3202747090178159E-011   3.6973328291079479E-023  -9.1913454162563388E-030   3.0297464231947006E-035   1.5994609402203492E-040   1.5188062996572620E-045   1.8457903420161181E-050
  -1.4850062919813019E+046  -2.5869746779166539E+057  -1.6732690607989187E+056   3.6101759296210337E+048   1.5754015476414146E+038   5.0349161616844207E+025   5475468811195.0381        2.2485210394190509        1.2911801365913868E-011   3.7253369206401484E-023  -1.4798294232428451E-029   2.4036314027372106E-035   1.3503199370709463E-040   1.2963352522143097E-045   1.5756324005380038E-050
  -1.4843198272320163E+046  -2.5082101978391508E+057  -1.5294403693014937E+056   4.1120607764662046E+048   1.5915041616383166E+038   4.9724982375252472E+025   5348455770618.8975        2.1852242656247562        1.2580689503562094E-011   3.7192402629065762E-023  -1.9243874973197824E-029   1.8744803701784586E-035   1.1366871673225764E-040   1.1051720353085526E-045   1.3441370753621441E-050
  -1.4830767317985915E+046  -2.4309271362681703E+057  -1.3921756136117987E+056   4.5693527809686929E+048   1.6022181965110956E+038   4.9002973314581346E+025   5214158877546.8604        2.1189495472756179        1.2217599599974024E-011   3.6847462829604324E-023  -2.2696990158497604E-029   1.4290692242199711E-035   9.5378906280951721E-041   9.4104968269753515E-046   1.1458818441746931E-050
  -1.4812981291541102E+046  -2.3551301831467399E+057  -1.2612654893179863E+056   4.9845324128743252E+048   1.6080012093626311E+038   4.8195806044878295E+025   5074021183789.7998        2.0504498657649433        1.1829702708271427E-011   3.6268396403617644E-023  -2.5305321697646108E-029   1.0558433128069070E-035   7.9746611944124402E-041   8.0026691498780936E-046   9.7619039842293426E-051
  -1.4790046234988947E+046  -2.2808219192962056E+057  -1.1365038044178014E+056   5.3599779893011788E+048   1.6092826496973064E+038   4.7315116780432291E+025   4929338562969.5303        1.9803888444602249        1.1423257635274987E-011   3.5498653131675595E-023  -2.7197770194089804E-029   7.4471827011022152E-036   6.6409677188333127E-041   6.7961503208718641E-046   8.3103185338014577E-051
  -1.4762163064302239E+046  -2.2080029417128787E+057  -1.0176876637105386E+056   5.6979681891014554E+048   1.6064651956978914E+038   4.6371573685948934E+025   4781271576572.4297        1.9093491566407177        1.1003706157871655E-011   3.4575997528194394E-023  -2.8486632125358701E-029   4.8690350937007240E-036   5.5053039096423936E-041   5.7631402113519686E-046   7.0693331394102152E-051
  -1.4729527638089458E+046  -2.1366719839063543E+057  -9.0461763173101177E+055   6.0006846251235747E+048   1.5999260495188025E+038   4.5374940717079875E+025   4630856533638.3047        1.8378402499969908        1.0575759447013276E-011   3.3533148418889041E-023  -2.9269541413751932E-029   2.7474590763683138E-036   4.5402834674531186E-041   4.8795674784916619E-046   6.0090406206802890E-051
  -1.4692330828026745E+046  -2.0668260314026185E+057  -7.9709787555651794E+055   6.2702144613220083E+048   1.5900181910512159E+038   4.4334138076640417E+025   4479015788979.5254        1.7663054361236741        1.0143476430478127E-011   3.2398353262632887E-023  -2.9631199384449517E-029   1.0159147406230857E-036   3.7221219833618053E-041   4.1246023442558004E-046   5.1036985192538601E-051
  -1.4650758590863011E+046  -1.9984604325359808E+057  -6.9493628875935318E+055   6.5085530627462233E+048   1.5770715898334169E+038   4.3257299409206312E+025   4326567323144.4487        1.6951283905805248        9.7103347714587055E-012   3.1195903357255905E-023  -2.9644914810785294E-029  -3.8336976087247475E-037   3.0301817701733752E-041   3.4802314670904890E-046   4.3311599163507412E-051
  -1.4604992041815243E+046  -1.9315690046544340E+057  -5.9794459772045494E+055   6.7176066674602609E+048   1.5613943749756221E+038   4.2151825857392067E+025   4174233645636.8857        1.6246391063542984        9.2792950893286910E-012   2.9946595536978129E-023  -2.9373973653760069E-029  -1.5004791181055662E-036   2.4465722333421280E-041   2.9308871901995891E-046   3.6723805952876526E-051
  -1.4555207529180761E+046  -1.8661441358632636E+057  -5.0593845146425181E+055   6.8991950704034380E+048   1.5432739631438809E+038   4.1024437103064825E+025   4022650061192.5615        1.5551193409265796        8.8528590014502251E-012   2.8668145478915479E-023  -2.8872856198113762E-029  -2.3787652424280004E-036   1.9557992271921855E-041   2.4631243836983672E-046   3.1109925063622237E-051
  -1.4501576710002264E+046  -1.8021768824316742E+057  -4.1873749612083323E+055   7.0550543101030899E+048   1.5229781448040650E+038   3.9881219516119963E+025   3872372337204.9160        1.4868075946414585        8.4331215204669840E-012   2.7375557284645941E-023  -2.8188317555103809E-029  -3.0556892687438709E-036   1.5444575893486819E-041   2.0653389217859539E-046   2.6329347849594883E-051
  -1.4444266626630367E+046  -1.7396570619868333E+057  -3.3616543506913972E+055   7.1868393499946671E+048   1.5007561290657631E+038   3.8727671532309447E+025   3723883808695.8667        1.4199036556716118        8.0218183000451424E-012   2.6081453587545313E-023  -2.7360345928307063E-029  -3.5635638173117018E-036   1.2009617116520658E-041   1.7275225627952314E-046   2.2261347045150731E-051
  -1.4383439784036807E+046  -1.6785733426191424E+057  -2.5805007576403813E+055   7.2961267468953160E+048   1.4768395475884845E+038   3.7568746380038506E+025   3577601955550.2578        1.3545727446010798        7.6203681833292260E-012   2.4796370054981498E-023  -2.6423011610035177E-029  -3.9302067927782949E-036   9.1530959774252520E-042   1.4410496406163159E-046   1.8802319339633784E-051
  -1.4319254227739662E+046  -1.6189133280217042E+057  -1.8422336420089744E+055   7.3844172999168623E+048   1.4514434181201615E+038   3.6408892274090666E+025   3433884485082.7153        1.2909492894762731        7.2299114723301004E-012   2.3529017804113618E-023  -2.5405218380051061E-029  -4.1795167786788238E-036   6.7887638373962769E-042   1.1984915404000474E-046   1.5863403320549316E-051
  -1.4251863622209761E+046  -1.5606636387859047E+057  -1.1452140792363463E+055   7.4531386737951643E+048   1.4247670683317295E+038   3.5252090191961184E+025   3293034951388.2881        1.2291403601214244        6.8513443029170652E-012   2.2286516928722628E-023  -2.4331367803827981E-029  -4.3319789919530975E-036   4.8423376598192301E-042   9.9345542840294218E-047   1.3368422639042374E-051
  -1.4181417329634924E+046  -1.5038099899738016E+057  -4.8784488436144235E+054   7.5036479912575138E+048   1.3969950206926666E+038   3.4101889345924373E+025   3155307941348.5225        1.1692287885682697        6.4853494789071550E-012   2.1074604040078117E-023  -2.3221945864092315E-029  -4.4051097817974660E-036   3.2499219490931233E-042   8.2044414313859341E-047   1.1252110819399939E-051
  -1.4108060488925961E+046  -1.4483372650865878E+057   1.3142936167431272E+054   7.5372343896504083E+048   1.3682978392018213E+038   3.2961440461176866E+025   3020913855626.4458        1.1112760006093274        6.1324240897976119E-012   1.9897816455318856E-023  -2.2094040397134469E-029  -4.4138467792574430E-036   1.9566306250806650E-042   6.7473453958895103E-047   9.4585798604967204E-052
  -1.4031934094855177E+046  -1.3942295865468451E+057   7.1412237581008345E+054   7.5551215376088200E+048   1.3388329388466457E+038   3.1833526967427219E+025   2890023311490.6255        1.0553245817465327        5.7929042098416024E-012   1.8759655420311747E-023  -2.0961796935416362E-029  -4.3708910182465435E-036   9.1538437358660565E-043   5.5227191626274394E-047   7.9399997666951854E-052
  -1.3953175077224839E+046  -1.3414703828105908E+057   1.2617063194216789E+055   7.5584701080671236E+048   1.3087453587129903E+038   3.0720594208179979E+025   2762771192862.4985        1.0014005991687682        5.4669869512961894E-012   1.7662730528691346E-023  -1.9836819772115287E-029  -4.2870066459648153E-036   8.5861907726611594E-044   4.4957845183460541E-047   6.6554604911953843E-052
  -1.3871916379969288E+046  -1.2900424522232981E+057   1.7756120207353089E+055   7.5483802043933596E+048   1.2781684997077635E+038   2.9624776768722140E+025   2639260371584.5200       0.94951569984941753        5.1547501216538485E-012   1.6608887293119300E-023  -1.8728524353854070E-029  -4.1712832126550227E-036  -5.6641386152047592E-043   3.6367383880516050E-047   5.5699915574241139E-052
  -1.3788287040100596E+046  -1.2399280237321361E+057   2.2572292665659280E+055   7.5258937368743144E+048   1.2472248278888175E+038   2.8547924020492210E+025   2519565122560.6978       0.89966900340475453        4.8561697133877758E-012   1.5599319637197711E-023  -1.7644446468026188E-029  -4.0313649697283068E-036  -1.0708714784277390E-042   2.9200653038522509E-047   4.6537179150094587E-052
  -1.3702412266413323E+046  -1.1911088145646377E+057   2.7079071572141394E+055   7.4919967471911002E+048   1.2160265444211465E+038   2.7491623976122851E+025   2403734254126.7041       0.85184880699196408        4.5711354350851020E-012   1.4634668905484243E-023  -1.6590513114457380E-029  -3.8736511046839120E-036  -1.4525831452522791E-042   2.3239421743006407E-047   3.8811334486791041E-052
  -1.3614413517869577E+046  -1.1435660849819008E+057   3.1289545187078881E+055   7.4476216789053135E+048   1.1846762231965570E+038   2.6457225546021723E+025   2291793973764.4448       0.80603411824805737        4.2994644747045124E-012   1.3715110833350021E-023  -1.5571279431813402E-029  -3.7034703947632115E-036  -1.7328664264261984E-042   1.8297232809801342E-047   3.2304760457887093E-052
  -1.3524408581590867E+046  -1.0972806902122329E+057   3.5216403669128925E+055   7.3936495923262312E+048   1.1532674171660556E+038   2.5445859283912055E+025   2183750508085.8606       0.76219603107404577        4.0409136689741085E-012   1.2840431776748299E-023  -1.4590135581822947E-029  -3.5252333633373865E-036  -1.9298068386826725E-042   1.4214949695767179E-047   2.6831902890637645E-052
  -1.3432511650388285E+046  -1.0522331296689116E+057   3.8871944183592616E+055   7.3309123224516768E+048   1.1218852344408908E+038   2.4458456705313682E+025   2079592494872.6211       0.72029895794866139        3.7951902375454685E-012   1.2010095373166126E-023  -1.3649487074150912E-029  -3.3425646685947956E-036  -2.0587113277149149E-042   1.0856908514896730E-047   2.2234657174726657E-052
  -1.3338833399767401E+046  -1.0084035935534351E+057   4.2268076429413158E+055   7.2601945789706876E+048   1.0906068852200454E+038   2.3495768259522655E+025   1979293163871.8003       0.68030173140888239        3.5619612263494719E-012   1.1223300688039840E-023  -1.2750911637169619E-029  -3.1584181386268358E-036  -2.1325014108315842E-042   8.1075951237804852E-048   1.8378402266281686E-052
  -1.3243481064348887E+046  -9.6577200694330356E+056   4.5416328539436551E+055   7.1822359875867015E+048   1.0595022005995198E+038   2.2558380032257663E+025   1882812322011.8508       0.64215858635681544        3.3408617915722439E-012   1.0479032794734979E-023  -1.1895295400864881E-029  -2.9751765864177274E-036  -2.1620536881927525E-042   5.8687775640891581E-048   1.5148595928074266E-052
  -1.3146558513650301E+046  -9.2431807146100227E+056   4.8327853311293058E+055   7.0977330721669896E+048   1.0286341243124524E+038   2.1646729252796365E+025   1790098157717.3618       0.60582003394048378        3.1315024437042419E-012   9.7761066399033909E-024  -1.1082950853971516E-029  -2.7947382888397130E-036  -2.1564944761171772E-042   4.0570331743940697E-048   1.2447853296023349E-052
  -1.3048166327178560E+046  -8.8402130461847078E+056   5.1013434728957163E+055   7.0073411774491309E+048   9.9805917843944261E+037   2.0761118676135199E+025   1701088878064.0874       0.57123363690620765        2.9334753601352153E-012   9.1132049587858985E-024  -1.0313718764781872E-029  -2.6185917922261152E-036  -2.1234544799855513E-042   2.6016175685591263E-048   1.0193441478214240E-052
  -1.2948401868786792E+046  -8.4486107692893091E+056   5.3483494737618011E+055   6.9116763322396703E+048   9.6782790411576724E+037   1.9901729907481092E+025   1615714191626.3730       0.53834469552911401        2.7463598647005068E-012   8.4889109260446276E-024  -9.5870560108395320E-030  -2.4478805104609785E-036  -2.0692886883868231E-042   1.4426295634061931E-048   8.3151320890601898E-053
  -1.2847359360252915E+046  -8.0681664687553175E+056   5.5748100236945495E+055   6.8113170532252256E+048   9.3798527824689864E+037   1.9068635733230693E+025   1533896649026.0713       0.50709685249253300        2.5697271633621292E-012   7.9017361562630011E-024  -8.9021110441262488E-030  -2.2834584071092789E-036  -1.9992660227755347E-042   5.2943214788544555E-049   6.7533615841158129E-053
  -1.2745129954040972E+046  -7.6986719382385144E+056   5.7816970260172764E+055   6.7068060896833155E+048   9.0857110722618895E+037   1.8261811519518144E+025   1455552852393.8984       0.47743262440342299        2.4031444167677995E-012   7.3501446036785113E-024  -8.2577885228382171E-030  -2.1259378985137564E-036  -1.9177327077318943E-042  -1.8070517176644013E-049   5.4576561526621550E-053
  -1.2641801805209721E+046  -7.3399184896287416E+056   5.9699483308637820E+055   6.5986521095303456E+048   8.7962039862908586E+037   1.7481145736421834E+025   1380594544199.4788       0.44929386699641261        2.2461782227131661E-012   6.8325728524022983E-024  -7.6528044661272565E-030  -1.9757309778487734E-036  -1.8282528268034572E-042  -7.2377274588323767E-049   4.3852838868868070E-053
  -1.2537460142436167E+046  -6.9916972435665765E+056   6.1404684813538596E+055   6.4873313272786989E+048   8.5116371183709053E+037   1.6726449663017430E+025   1308929585193.5098       0.42262218049059624        2.0983975744813039E-012   6.3474472357682581E-024  -7.0857331321682030E-030  -1.8330844389172871E-036  -1.7337290897495986E-042  -1.1300219865084738E-048   3.5001021013743038E-053
  -1.2432187338124895E+046  -6.6537994018650463E+056   6.2941294698661851E+055   6.3732890745946956E+048   8.2322748852211994E+037   1.5997466325652681E+025   1240462830532.9978       0.39735926101801994        1.9593763545972663E-012   5.8931981760270818E-024  -6.5550466807164863E-030  -1.6981099712746183E-036  -1.6365064516188187E-042  -1.4248240473885424E-048   2.7715721318341732E-053
  -1.2326062977577010E+046  -6.3260165026107703E+056   6.4317715019749044E+055   6.2569413142554294E+048   7.9583436389822878E+037   1.5293878719100884E+025   1175096912526.7756       0.37344720353814004        1.8286954176657230E-012   5.4682720928842428E-024  -6.0591485572300370E-030  -1.5708098035145179E-036  -1.5384608860949004E-042  -1.6294056030095109E-048   2.1739177907188763E-053
  -1.2219163927195189E+046  -6.0081406586953186E+056   6.5542037657966992E+055   6.1386760983961247E+048   7.6900345962301398E+037   1.4615317357626422E+025   1112732937841.9187       0.35082876118583239        1.7059443106114283E-012   5.0711411909420441E-024  -5.5964014251010049E-030  -1.4510984878748365E-036  -1.4410753193111094E-042  -1.7614787240166482E-048   1.6854069806469672E-053
  -1.2111564401704150E+046  -5.6999647805042545E+056   6.6622052046660273E+055   6.0188549720215607E+048   7.4275065920564785E+037   1.3961367200468231E+025   1053271106450.6339       0.32944756556931870        1.5907226737735691E-012   4.7003114015476200E-024  -5.1651503741781662E-030  -1.3388213454748256E-036  -1.3455044708609491E-042  -1.8357795622473120E-048   1.2877388347611485E-053
  -1.2003336030368199E+046  -5.4012827834682815E+056   6.7565252912180055E+055   5.8978143228261746E+048   7.1708886675256562E+037   1.3331573993815980E+025   996611259070.12036       0.30924831213631920        1.4826413618769844E-012   4.3543287235084618E-024  -4.7637420462988566E-030  -1.2337700263789264E-036  -1.2526301216154200E-042  -1.8645285736108269E-048   9.6552122747658630E-054
  -1.1894547922189954E+046  -5.1118897811581859E+056   6.8378848011113981E+055   5.7758666784285119E+048   6.9202824985551059E+037   1.2725450069018837E+025   942653359353.22559       0.29017691435961895        1.3813233198797309E-012   4.0317841792829661E-024  -4.3905402408515198E-030  -1.1356955813067511E-036  -1.1631081292889535E-042  -1.8578232829486901E-048   7.0582563260970353E-054
  -1.1785266730076607E+046  -4.8315822645828570E+056   6.9069765847686934E+055   5.6533019521775159E+048   6.6757646740008223E+037   1.2142479634527492E+025   891297916623.90222       0.27218063015495514        1.2864042450439757E-012   3.7313175782830431E-024  -4.0439384944304395E-030  -1.0443193912964316E-036  -1.0774083390329744E-042  -1.8239730983521007E-048   4.9780814469775399E-054
  -1.1675556713962145E+046  -4.5601582683276291E+056   6.9644663356467125E+055   5.5303886387314266E+048   6.4373888304625339E+037   1.1582123596925619E+025   842446354517.00610       0.25520816363270660        1.1975330632647204E-012   3.4516202565628045E-024  -3.7223700674985117E-030  -9.5934225719476454E-037  -9.9584838463521853E-043  -1.7697843839329152E-048   3.3238706338872321E-054
  -1.1565479802875959E+046  -4.2974175241485488E+056   7.0109933536798426E+055   5.4073749606455314E+048   6.2051876510565262E+037   1.1043823944355851E+025   796001330475.37854       0.23920974499843090        1.1143722446896959E-012   3.1914369421601819E-024  -3.4243157168099001E-030  -8.8045191179451482E-037  -9.1862224348038282E-043  -1.7008028741445393E-048   2.0196880474573616E-054
  -1.1455095655950186E+046  -4.0431616026168696E+056   7.0471713026592481E+055   5.2844899672332901E+048   5.9791747351384152E+037   1.0527007723685949E+025   751867010676.99719       0.22413719115407862        1.0365979809474020E-012   2.9495668774778004E-024  -3.1483095844136371E-030  -8.0732918314546730E-037  -8.4582429291687321E-043  -1.6215195370619029E-048   1.0021507719222207E-054
  -1.1344461722359854E+046  -3.7971940433872727E+056   7.0735889604255234E+055   5.1619445869870760E+048   5.7593463456945510E+037   1.0031090640891517E+025   709949304609.86340       0.20994394931006574        9.6390024384418883E-013   2.7248643141270738E-024  -2.8929434916889271E-030  -7.3965300747866905E-037  -7.7746951498984037E-043  -1.5355451490143021E-048   2.1845269626447761E-055
  -1.1233633300191591E+046  -3.5593204746428480E+056   7.0908109608595644E+055   5.0399326348604421E+048   5.5456830408598939E+037   9.5554803123499884E+024   670156063180.87073       0.19658512569674244        8.9598274317291849E-013   2.5162384814257472E-024  -2.6568698894488862E-030  -6.7710446381150239E-037  -7.1351040880579614E-043  -1.4457581115615900E-048  -3.7531132531978211E-055
  -1.1122663594238214E+046  -3.3293487222499165E+056   7.0993785267572811E+055   4.9186317757240678E+048   5.3381511957629444E+037   9.0995791930447619E+024   632397243935.85962       0.18401750126069583        8.3256279927426386E-013   2.3226531170617901E-024  -2.4388036821494064E-030  -6.1936997920841909E-037  -6.5385109347238298E-043  -1.3544294091261195E-048  -8.1556541455842827E-055
  -1.1011603772717987E+046  -3.1070889091362078E+056   7.0998101927683723E+055   4.7982044453127585E+048   5.1367044206451543E+037   8.6627872060656715E+024   596585046680.16418       0.17219953604539454        7.7337114418793591E-013   2.1431256371593806E-024  -2.2375231151674999E-030  -5.6614383347100133E-037  -5.9835901818649265E-043  -1.2633280586564906E-048  -1.1324546837179292E-054
  -1.0900503022918715E+046  -2.8923535453868312E+056   7.0926025176680925E+055   4.6787987299816058E+048   4.9412848809538399E+037   8.2445040962601169E+024   562634022520.97559       0.16109136378564101        7.1815166360743376E-013   1.9767260129639850E-024  -2.0518698885330716E-030  -5.1713007437791275E-037  -5.4687463837494409E-043  -1.1738099301868417E-048  -1.3508617932692167E-054
  -1.0789408605768115E+046  -2.6849576095338497E+056   7.0782307853140091E+055   4.5605492065860655E+048   4.7518245248642974E+037   7.8441315294355160E+024   530461159103.63788       0.15065477808993685        6.6666109039208689E-013   1.8225754124747933E-024  -1.8807486380193743E-030  -4.7204393918569704E-037  -4.9921936672624663E-043  -1.0868924092068855E-048  -1.4912658007570175E-054
  -1.0678365909333138E+046  -2.4847186214970932E+056   7.0571496937174485E+055   4.4435777437936755E+048   4.5682462234490936E+037   7.4610749571356215E+024   499985944582.43652       0.14085321144307064        6.1866865907929723E-013   1.6798446574777870E-024  -1.7231259047712916E-030  -4.3061286466548816E-037  -4.5520206452543120E-043  -1.0033170197871073E-048  -1.5704669997672534E-054
  -1.0567418501252013E+046  -2.2914567076161494E+056   7.0297940317319005E+055   4.3279942661248283E+048   4.3904648284806037E+037   7.0947452657080797E+024   471130412651.48218       0.13165170813195279        5.7395572966435108E-013   1.5477525394662419E-024  -1.5780286973649431E-030  -3.9257715624970725E-037  -4.1462430107054442E-043  -9.2360182393809075E-049  -1.6021979769364471E-054
  -1.0456608180103846E+046  -2.1049946581962310E+056   6.9965793429284016E+055   4.2138974820067470E+048   4.2183881526270818E+037   6.7445602271455884E+024   443819170761.92163       0.12301689207997392        5.3231538786242472E-013   1.4255640317824833E-024  -1.4445427350680109E-030  -3.5769037668549761E-037  -3.7728457636730693E-043  -8.4808515122306886E-049  -1.5976381413111129E-054
  -1.0345975025721583E+046  -1.9251579779738573E+056   6.9579025762910220E+055   4.1013755771089325E+048   4.0519178765831307E+037   6.4099457680155416E+024   417979413466.94855       0.11491693046804015        4.9355202812598623E-013   1.3125884298893072E-024  -1.3218104478588133E-030  -3.2571950575127389E-037  -3.4298167411750573E-043  -7.7696198753784786E-049  -1.5658464341854349E-054
  -1.0235557448455040E+046  -1.7517749298919727E+056   6.9141427234243295E+055   3.9905068742101738E+048   3.8909503874624702E+037   6.0903370716903479E+024   393540922665.03857       0.10732149392309404        4.5748092485020338E-013   1.2081774469041612E-024  -1.2090287972414093E-030  -2.9644491492442057E-037  -3.1151728766754435E-043  -7.1031415831245525E-049  -1.5141247485950846E-054
  -1.0125392237391568E+046  -1.5846765725582976E+056   6.8656614420192649E+055   3.8813604608269837E+048   3.7353775525745662E+037   5.7851795280500506E+024   370436056353.60480       0.10020171396657497        4.2392779644961079E-013   1.1117232873341052E-024  -1.1054469718660945E-030  -2.6966019424630496E-037  -2.8269804056788449E-043  -6.4813527491052819E-049  -1.4483227240244347E-054
  -1.0015514607542658E+046  -1.4236967917453179E+056   6.8128036653745301E+055   3.7739967858113337E+048   3.5850874325070402E+037   5.4939295438477908E+024   348599727359.04797        9.3530138335176538E-002   3.9272836632239484E-013   1.0226567182717528E-024  -1.0103640032533547E-030  -2.4517186288700492E-037  -2.5633700527600895E-043  -5.9035127000502032E-049  -1.3730929888916350E-054
  -9.9059582460055544E+045  -1.2686723262754088E+056   6.7558981978175003E+055   3.6684682261020439E+048   3.4399649372428406E+037   5.2160552260044478E+024   327969373374.16815        8.7280684713741397E-002   3.6372792412622668E-013   9.4044515409521382E-025  -9.2312633936792703E-031  -2.2279898995336271E-037  -2.3225480793405825E-043  -5.3683722498227994E-049  -1.2921045625263345E-054
  -9.7967553571095711E+045  -1.1194427886201074E+056   6.6952582959120451E+055   3.5648196247893644E+048   3.2998924288549988E+037   4.9510369492288610E+024   308484919509.37018        8.1428593354566869E-002   3.3678089026430832E-013   8.6459076790752649E-025  -8.4312540725873445E-031  -2.0237274781055283E-037  -2.1028039373467525E-043  -4.8743108718807688E-049  -1.2082209665320406E-054
  -9.6879367065574046E+045  -9.7585068052854061E+055   6.6311822353807125E+055   3.4630888016263231E+048   3.1647502741423230E+037   4.6983678185419540E+024   290088734449.33435        7.5950378998193804E-002   3.1175038601554768E-013   7.9462864050744354E-025  -7.6979519034637304E-031  -1.8373591651164988E-037  -1.9025151586438779E-043  -4.4194478466755807E-049  -1.1236486041462675E-054
  -9.5795316645723398E+045  -8.3774140398642700E+055   6.5639538637056153E+055   3.3633070370936021E+048   3.0344173503966327E+037   4.4575540365143122E+024   272725581201.16998        7.0823782457376583E-002   2.8850781133248995E-013   7.3012495556257783E-025  -7.0260984109271966E-031  -1.6674235477465865E-037  -1.7201500112973125E-043  -4.0017316887850798E-049  -1.0400601209907508E-054
  -9.4715682480626906E+045  -7.0496326779393198E+055   6.4938431384062863E+055   3.2654995310970779E+048   2.9087715073259742E+037   4.2281151843049806E+024   256342563322.90039        6.6027722177886078E-002   2.6693243196929806E-013   6.7067524782100657E-025  -6.4108134562975810E-031  -1.5125645024444913E-037  -1.5542683690645350E-043  -3.6190114986680961E-049  -9.5869674040153331E-055
  -9.3640731618153067E+045  -5.7736749003794285E+055   6.4211066510238904E+055   3.1696858373489955E+048   2.7876899879986655E+037   4.0095844249121083E+024   240889067431.85269        6.1542246046616421E-002   2.4691097728468988E-013   6.1590270961542514E-025  -5.8475725337066456E-031  -1.3715255946863962E-037  -1.4035211681424718E-043  -3.2690933202192983E-049  -8.8045295327540682E-055
  -9.2570718387304018E+045  -4.5480819672203662E+055   6.3459881368696538E+055   3.0758802744551232E+048   2.6710498115198486E+037   3.8015086364113441E+024   226316702710.58936        5.7348483678727191E-002   2.2833724978676102E-013   5.6545655955528404E-025  -5.3321848159929720E-031  -1.2431444604962005E-037  -1.2666487634115866E-043  -2.9497841042787239E-049  -8.0594642055456031E-055
  -9.1505884791102950E+045  -3.3714241680553793E+055   6.2687189706213423E+055   2.9840923147012824E+048   2.5587281200053813E+037   3.6034484823633808E+024   212579238052.90228        5.3428599380860857E-002   2.1111174724392464E-013   5.1901047614060808E-025  -4.8607720246705389E-031  -1.1263472376399961E-037  -1.1424784437759564E-043  -2.6589254682463200E-049  -7.3557550278814400E-055
  -9.0446460890150342E+045  -2.2423007389159347E+055   6.1895186478752807E+055   2.8943269515035403E+048   2.4506024922772731E+037   3.4149784260156956E+024   199632537423.60001        4.9765745956470035E-002   1.9514129797505442E-013   4.7626109804276476E-025  -4.4297481765909570E-031  -1.0201431002588513E-037  -1.0299213214324770E-043  -2.3944190928958633E-049  -6.6956645424679245E-055
  -8.9392665176981303E+045  -1.1593397479311840E+055   6.1085952527828372E+055   2.8065850464571271E+048   2.3465512265702812E+037   3.2356866944032615E+024   187434493942.89847        4.6344019491637203E-002   1.8033870974893330E-013   4.3692659196126309E-025  -4.0358002417267331E-031  -9.2361893876658492E-038  -9.2796877191470692E-044  -2.1542453006867601E-049  -6.0801199904411602E-055
  -8.8344704941359120E+045  -1.2119795194789133E+054   6.0261459119196656E+055   2.7208636568899402E+048   2.2464535944106359E+037   3.0651751979669431E+024   175944963148.74246        4.3148415235164501E-002   1.6662243256523786E-013   4.0074528826293590E-025  -3.6758697313250453E-031  -8.3593421680855107E-038  -8.3568856959546240E-044  -1.9364761078466704E-049  -5.5090273526043748E-055
  -8.7302776626642216E+045   8.7343937381042748E+054   5.9423572345534507E+055   2.6371563447974177E+048   2.1501900677049639E+037   2.9030594108544767E+024   165125695837.93542        4.0164784664871313E-002   1.5391623545375516E-013   3.6747438402388216E-025  -3.3471352231114450E-031  -7.5631602868770950E-038  -7.5222083617198088E-044  -1.7392838287907585E-049  -4.9815258299655354E-055
  -8.6267066177364044E+045   1.8258586310656544E+055   5.8574057394915041E+055   2.5554534680066337E+048   2.0576425209601983E+037   2.7489682166456411E+024   154940270839.16135        3.7379793812704523E-002   1.4214889731284514E-013   3.3688871261044784E-025  -3.0469958199031371E-031  -6.8405437368386801E-038  -6.7677389678381894E-044  -1.5609461305004986E-049  -4.4961929747231039E-055
  -8.5237749378166448E+045   2.7373181169046296E+055   5.7714582687035013E+055   2.4757424543888170E+048   1.9686944104434192E+037   2.6025437238487164E+024   145354028027.49112        3.4780882904202837E-002   1.3125391171007443E-013   3.0877957854010960E-025  -2.7730555296083584E-031  -6.1849765791939336E-038  -6.0862011920872959E-044  -1.3998482815289128E-049  -4.0512090347841053E-055
  -8.4214992184229135E+045   3.6090482635042930E+055   5.6846723879269528E+055   2.3980080599111503E+048   1.8832309319840081E+037   2.4634410551479180E+024   136334001850.44675        3.2356227352845345E-002   1.2116920548543109E-013   2.8295365604468494E-025  -2.5231085478668638E-031  -5.5904842968474698E-038  -5.4709179551159551E-044  -1.2544832112234213E-049  -3.6444876820495809E-055
  -8.3198951043338483E+045   4.4422518974591703E+055   5.5971967744738821E+055   2.3222326112907284E+048   1.8011391590190447E+037   2.3313281140396801E+024   127848855599.84122        3.0094700136656227E-002   1.1183687092876062E-013   2.5923194950645814E-025  -2.2951254192861775E-031  -5.0515935027785771E-038  -4.9157711212521739E-044  -1.1234498860354937E-049  -3.2737791187580909E-055
  -8.2189773209740062E+045   5.2381045170931719E+055   5.5091715924666167E+055   2.2483962339860123E+048   1.7223081623863555E+037   2.2058853321778722E+024   119868816631.13428        2.7985835572950150E-002   1.0320291124640356E-013   2.3744881374341186E-025  -2.0872400491388203E-031  -4.5632939930081760E-038  -4.4151624322198940E-044  -1.0054504183915397E-049  -2.9367505644358556E-055
  -8.1187597049919735E+045   5.9977545862195995E+055   5.4207288557387819E+055   2.1764770662340195E+048   1.6466291132778820E+037   2.0868054004528780E+024   112365612702.67435        2.6019794497119820E-002   9.5216998985992217E-014   2.1745103197469722E-025  -1.8977375343239743E-031  -4.1210031088161218E-038  -3.9639759305001825E-044  -8.9928624693722898E-050  -2.6310482905643985E-055
  -8.0192552340458689E+045   6.7223238428919730E+055   5.3319927786445679E+055   2.1064514598149135E+048   1.5739953706788853E+037   1.9737929865555676E+024   105312409580.68745        2.4187330842736426E-002   8.7832247051661411E-014   1.9909694919461687E-025  -1.7250427802033507E-031  -3.7205323534902762E-038  -3.5575420536171815E-044  -8.0385366281484586E-050  -2.3543446671590791E-055
  -7.9204760558107874E+045   7.4129076217639119E+055   5.2430801150251720E+055   2.0382941681996015E+048   1.5043025545357807E+037   1.8665644415232624E+024   98683750031.991913        2.2479759612816293E-002   8.1004991913364284E-014   1.8225565861646275E-025  -1.5677098684567741E-031  -3.3580561940048931E-038  -3.1916035190447963E-044  -7.1813890308805508E-050  -2.1043730947913873E-055
  -7.8224335162227615E+045   8.0705751887488891E+055   5.1541004855861585E+055   1.9719785227104556E+048   1.4374486058169422E+037   1.7648474975295716E+024   92455494304.947708        2.0888926225777135E-002   7.4694588592505098E-014   1.6680623881101821E-025  -1.4244121402479267E-031  -3.0300829669218452E-038  -2.8622830695476086E-044  -6.4121298786406412E-050  -1.8789531999325085E-055
  -7.7251381869737483E+045   8.6963700867403379E+055   5.0651566939433186E+055   1.9074765973003782E+048   1.3733338345564461E+037   1.6683809589623360E+024   86604762179.891418        1.9407177214248825E-002   6.8863216990763554E-014   1.5263703915357471E-025  -1.2939329586407865E-031  -2.7334277998549170E-038  -2.5660531087308710E-044  -5.7222644069035114E-050  -1.6760082561679681E-055
  -7.6285998922721812E+045   9.2913104912194235E+055   4.9763450315976104E+055   1.8447593625311135E+048   1.3118609569002880E+037   1.5769143886326977E+024   81109876653.076111        1.8027332250412944E-002   6.3475699118951120E-014   1.3964501120368993E-025  -1.1751571142727698E-031  -2.4651874544953803E-038  -2.2997072247905188E-044  -5.1040400123654348E-050  -1.4935764463550225E-055
  -7.5328277348835244E+045   9.8563895746418190E+055   4.8877555721018829E+055   1.7837968293080371E+048   1.2529351221079491E+037   1.4902077907725088E+024   75950309302.757309        1.6742657467826397E-002   5.8499326777261884E-014   1.2773508366994092E-025  -1.0670628386941415E-031  -2.2227169940047983E-038  -2.0603335755681488E-044  -4.5503941410142629E-050  -1.3298172905656512E-055
  -7.4378301214652306E+045   1.0392575878556239E+056   4.7994724546835048E+055   1.7245581829055950E+048   1.1964639303991225E+037   1.4080312923058676E+024   71106627372.383240        1.5546840046651621E-002   5.3903699236694533E-014   1.1681957865438626E-025  -9.6871439045858151E-032  -2.0036081761445573E-038  -1.8452900888713550E-044  -4.0549035695044454E-050  -1.1830143226806736E-055
  -7.3436147872104239E+045   1.0900813692466271E+056   4.7115741575877043E+055   1.6670119077951386E+048   1.1423574424758270E+037   1.3301648237226081E+024   66560442593.710335        1.4433964026790497E-002   4.9660570473141174E-014   1.0681766692555821E-025  -8.7925517994009941E-032  -1.8056694734957684E-038  -1.6521814176328582E-044  -3.6117355435926709E-050  -1.0515748971432714E-055
  -7.2501888198145384E+045   1.1382023438503320E+056   4.6241337614065084E+055   1.6111259037651465E+048   1.0905281814938357E+037   1.2563978007361788E+024   62294361761.938644        1.3398487311530632E-002   4.5743705510141370E-014   9.7654860032145748E-026  -7.9790139990842557E-032  -1.6269076232434357E-038  -1.4788375790173530E-044  -3.2156011009317903E-050  -9.3402784017610000E-056
  -7.1575586827790345E+045   1.1837102061032382E+056   4.5372192026576259E+055   1.5568675938026786E+048   1.0408911282042228E+037   1.1865288077746587E+024   58291939065.519012        1.2435219822896764E-002   4.2128745433126880E-014   8.9262537140021771E-026  -7.2393613007747750E-032  -1.4655106110145714E-038  -1.3232941993354330E-044  -2.8617107956385488E-050  -8.2901952123996889E-056
  -7.0657302380662218E+045   1.2266923420363837E+056   4.4508935178765767E+055   1.5042040241844459E+048   9.9336370993571667E+036   1.1203652842309197E+024   54537630165.008713        1.1539302768899227E-002   3.8793080646729803E-014   8.1577504551121834E-026  -6.5670388511477323E-032  -1.3198319959685911E-038  -1.1837742819916121E-044  -2.5457329542877985E-050  -7.3530880603246196E-056
  -6.9747087681190691E+045   1.2672338689793775E+056   4.3652150784838210E+055   1.4531019572060381E+048   9.4786578404131145E+036   1.0577232142853806E+024   51016748008.136803        1.0706188982233199E-002   3.5715731957037660E-014   7.4541585942371842E-026  -5.9560557693456491E-032  -1.1883764875697507E-038  -1.0586714131745347E-044  -2.2637545235750820E-050  -6.5176125797822459E-056
  -6.8844989972597811E+045   1.3054176755242369E+056   4.2802378166866583E+055   1.4035279569586670E+048   9.0431961638809608E+036   9.9842682101170767E+023   47715420361.986389        9.9316242896601153E-003   3.2877239072242720E-014   6.8101241445082040E-026  -5.4009386346956052E-032  -1.0697866880836151E-038  -9.4653431916875447E-045  -2.0122445156519154E-050  -5.7734287764524882E-056
  -6.7951051124807580E+045   1.3413244616804834E+056   4.1960114426732744E+055   1.3554484685442339E+048   8.6264985542737979E+036   9.4230826538154586E+023   44620549037.816238        9.2116298712538458E-003   3.0259556127676714E-014   6.2207213768873611E-026  -4.8966885750514680E-032  -9.6283091871465103E-039  -8.4605268967443575E-045  -1.7880200153962482E-050  -5.1111360604744827E-056
  -6.7065307836414324E+045   1.3750327791572375E+056   4.1125816533535708E+055   1.3088298911016108E+048   8.2278350234279822E+036   8.8920735069828432E+023   41719770779.445831        8.5424855688812015E-003   2.7845953854509477E-014   5.6814199658353518E-026  -4.4387417054932255E-032  -8.6639205134270849E-039  -7.5604418306823652E-045  -1.5882146823836523E-050  -4.5222076601661883E-056
  -6.6187791830842912E+045   1.4066190717121529E+056   4.0299903328983397E+055   1.2636386449997379E+048   7.8464987773705604E+036   8.3897123291138246E+023   39001419782.237961        7.9207141036749477E-003   2.5620928025215338E-014   5.1880545054628524E-026  -4.0229326808750788E-032  -7.7945727194267060E-039  -6.7544253187966776E-045  -1.4102496571848711E-050  -3.9989257377248020E-056
  -6.5318530046832608E+045   1.4361577155109358E+056   3.9482757453249785E+055   1.2198412335364551E+048   7.4818058528317698E+036   7.9145413719136156E+023   36454491806.461563        7.3430661628176306E-003   2.3570113823096471E-014   4.7367962416708506E-026  -3.6454611392304672E-032  -7.0110870591924071E-039  -6.0328666968906825E-045  -1.2518067652525211E-050  -3.5343181882928396E-056
  -6.4457544823374599E+045   1.4637210594449155E+056   3.8674727193743169E+055   1.1774042994659237E+048   7.1330947273348466E+036   7.4651708108068609E+023   34068609846.138863        6.8065063166588271E-003   2.1680205797545822E-014   4.3241268739368165E-026  -3.3028608262287214E-032  -6.3051483970568268E-039  -5.3871080400872259E-045  -1.1108039007553106E-050  -3.1220978305981534E-056
  -6.3604854079231416E+045   1.4893794653576860E+056   3.7876128259192765E+055   1.1362946766620120E+048   6.7997259064891279E+036   7.0402760447692961E+023   31833991312.316551        6.3081997280129577E-003   1.9938883081202742E-014   3.9468142883689412E-026  -2.9919712036669890E-032  -5.6692267702017480E-039  -4.8093536335079924E-045  -9.8537246617448296E-051  -2.7566044792653107E-056
  -6.2760471487164895E+045   1.5132013481352117E+056   3.7087245481420454E+055   1.0964794372101338E+048   6.4810814918254021E+036   6.6385950665139841E+023   29741416687.994976        5.8454996164079790E-003   1.8334739559591368E-014   3.6018900913958399E-026  -2.7099113573211731E-032  -5.0965057211416775E-039  -4.2925875050365169E-045  -8.7383674038364577E-051  -2.4327502160969240E-056
  -6.1924406642997329E+045   1.5352532156170103E+056   3.6308334447121996E+055   1.0579259342057009E+048   6.1765647322435989E+036   6.2589259045833625E+023   27782199610.654179        5.4159354410581468E-003   1.6857218698141642E-014   3.2866288209578645E-026  -2.4540560313335127E-032  -4.5808168615930365E-039  -3.8304983794225113E-045  -7.7469504753671970E-051  -2.1459680419908063E-056
  -6.1096665229628873E+045   1.5555997082890835E+056   3.5539623061938457E+055   1.0206018405235989E+048   5.8855995618913027E+036   5.9001241384656869E+023   25948158337.383663        5.0172017673997659E-003   1.5496552745597368E-014   2.9985287192988583E-026  -2.2220136276564338E-032  -4.1165801658498609E-039  -3.4174114521789396E-045  -6.8660260076926785E-051  -1.8921639859014994E-056
  -6.0277249176132257E+045   1.5743036387221751E+056   3.4781313049053480E+055   9.8447518380987105E+047   5.6076301270562758E+036   5.5611004874658890E+023   24231588547.014347        4.6471477831426496E-003   1.4243706046650334E-014   2.7352939584095714E-026  -2.0116060198864651E-032  -3.6987495268484873E-039  -3.0482264205088955E-045  -6.0835589796747364E-051  -1.6676726667225895E-056
  -5.9466156812043927E+045   1.5914260307216989E+056   3.4033581384505902E+055   9.4951437793411856E+047   5.3421203044362582E+036   5.2408184737129417E+023   22625237433.327366        4.3037674309387951E-003   1.3090322210151166E-014   2.4948182158366746E-026  -1.8208500411005483E-032  -3.3227631414879455E-039  -2.7183612464435784E-045  -5.3887855126167713E-051  -1.4692162434679847E-056
  -5.8663383016969005E+045   1.6070261581583068E+056   3.3296581671360197E+055   9.1568825112895396E+047   5.0885532129440340E+036   4.9382921593753003E+023   21122279043.341431        3.9851901259422440E-003   1.2028674892394214E-014   2.2751695049387957E-026  -1.6479405150488119E-032  -2.9844983234323313E-039  -2.4237011641475709E-045  -4.7720843712120092E-051  -1.2938666447797295E-056
  -5.7868919365615356E+045   1.6211615834505601E+056   3.2570445454829599E+055   8.8296607103118937E+047   4.8464307210141697E+036   4.6525839578798574E+023   19716290814.826942        3.6896720277202226E-003   1.1051621967721504E-014   2.0745761697412213E-026  -1.4912347092672103E-032  -2.6802303715382466E-039  -2.1605524787119238E-045  -4.2248605969316252E-051  -1.1390109373757181E-056
  -5.7082754268370224E+045   1.6338881956735211E+056   3.1855283480398469E+055   8.5131756682826345E+047   4.6152729511992920E+036   4.3828025186852806E+023   18401231267.532906        3.4155878371668791E-003   1.0152562871014761E-014   1.8914139603145051E-026  -1.3492380973590370E-032  -2.4065951502302311E-039  -1.9256007375392779E-045  -3.7394402612348540E-051  -1.0023196719265417E-056
  -5.6304873107530938E+045   1.6452602482693409E+056   3.1151186896941845E+055   8.2071294870271912E+047   4.3946177836774621E+036   4.1281006849450185E+023   17171418803.115955        3.1614230902597793E-003   9.3253989085255020E-015   1.7241941100822510E-026  -1.2205913258684866E-032  -2.1605550646145042E-039  -1.7158728875164531E-045  -3.3089753885198640E-051  -8.8171803184272111E-057
  -5.5535258369299119E+045   1.6553303963380217E+056   3.0458228406791265E+055   7.9112292475730757E+047   4.1840203601374342E+036   3.8876735232062018E+023   16021511569.406586        2.9257669216794166E-003   8.5644963449190653E-015   1.5715523416547121E-026  -1.1040582888471441E-032  -1.9393681379157141E-039  -1.5287030615037780E-045  -2.9273581615117055E-051  -7.7535960378172711E-057
  -5.4773889771645977E+045   1.6641497334885610E+056   2.9776463364647058E+055   7.6251871559350518E+047   3.9830525893647398E+036   3.6607564241258448E+023   14946488345.415020        2.7073052724778976E-003   7.8646520853712444E-015   1.4322387326940248E-026  -9.9851522041255736E-033  -1.7405599219935211E-039  -1.3617016662197102E-045  -2.5891435837693503E-051  -6.8160258689670575E-057
  -5.4020744388154319E+045   1.6717678282325725E+056   2.9105930827188157E+055   7.3487206670687330E+047   3.7913026557178784E+036   3.4466232730431533E+023   13941630404.348940        2.5048145171300811E-003   7.2210617820528160E-015   1.3051083779515713E-026  -9.0294072233553898E-033  -1.5618979933049837E-039  -1.2127274703668086E-045  -2.2894798344070915E-051  -5.9898825976659445E-057
  -5.3275796767940839E+045   1.6782327599042868E+056   2.8446654555181845E+055   7.0815525885375717E+047   3.6083745315599201E+036   3.2445846891243073E+023   13002504312.870977        2.3171554864249264E-003   6.6292902043682929E-015   1.1891127879867921E-026  -8.1640664998915253E-033  -1.4013688067902818E-039  -1.0798624168569500E-045  -2.0240456083917502E-051  -5.2622152861747190E-057
  -5.2539019051760242E+045   1.6835911540925310E+056   2.7798643969846992E+055   6.8234111653528066E+047   3.4338874945958776E+036   3.0539863316920874E+023   12124945625.849855        2.1432678637534862E-003   6.0852437218840203E-015   1.0832919691890850E-026  -7.3806978586784296E-033  -1.2571566988427815E-039  -9.6138890629400185E-046  -1.7889937914885432E-051  -4.6215338710174937E-057
  -5.1810381084391074E+045   1.6878882175718872E+056   2.7161895065176180E+055   6.5740301473645430E+047   3.2674756509597782E+036   2.8742072722654363E+023   11305043436.941971        1.9821649334202697E-003   5.5851447579938011E-015   9.8676713359014905E-027  -6.6716423536051367E-033  -1.1276248478518629E-039  -8.5576932051853103E-046  -1.5809008718119087E-051  -4.0576512593384041E-057
  -5.1089850523400776E+045   1.6911677727217534E+056   2.6536391277874019E+055   6.3331488405044521E+047   3.1087874647969423E+036   2.7046584307619582E+023   10539125746.467745        1.8329286606445288E-003   5.1255080810357052E-015   8.9873399058345984E-027  -6.0299448455731519E-033  -1.0112980168514435E-039  -7.6162757507896124E-046  -1.3967215398274790E-051  -3.5615413960392392E-057
  -5.0377392944385926E+045   1.6934722914234453E+056   2.5922104316521482E+055   6.1005121431065304E+047   2.9574852949960204E+036   2.5447810742579916E+023   9823745609.2083740        1.6947050839258200E-003   4.7031188078019795E-015   8.1845657607095384E-027  -5.4492906460710395E-033  -9.0684691764199579E-040  -6.7773250804099747E-046  -1.2337479754671610E-051  -3.1252118682522717E-057
  -4.9672971942781366E+045   1.6948429284268326E+056   2.5318994951529176E+055   5.8758705684618353E+047   2.8132449396414421E+036   2.3940453766549888E+023   9155668025.9342022        1.5667000014227602E-003   4.3150120021864167E-015   7.4526157774497307E-027  -4.9239477154127323E-033  -8.1307404945155386E-040  -6.0298292966058702E-046  -1.0895733647470742E-051  -2.7415897101993529E-057
  -4.8976549232330222E+045   1.6953195541792595E+056   2.4727013767395949E+055   5.6589802546958903E+047   2.6757551886796141E+036   2.2519490375661770E+023   8531857543.6770296        1.4481749339343795E-003   3.9584537591030647E-015   6.7853311819657916E-027  -4.4487139455979005E-033  -7.2890087783274053E-040  -5.3639417320588637E-046  -9.6205922895525213E-052  -2.4044191678869854E-057
  -4.8288084740304779E+045   1.6949407871106968E+056   2.4146101878743516E+055   5.4496029629935513E+047   2.5447173852210238E+036   2.1180159587128272E+023   7949466530.9680204        1.3384433479793931E-003   3.6309236708002201E-015   6.1770796032989689E-027  -4.0188690955609463E-033  -6.5335623112724401E-040  -4.7708600170212714E-046  -8.4930618717880184E-052  -2.1081702776924442E-057
  -4.7607536699566392E+045   1.6937440253701818E+056   2.3576191611552696E+055   5.2475060651352739E+047   2.4198449958350506E+036   1.9917949761038165E+023   7405824095.4736748        1.2368671233397826E-003   3.3300985792985375E-015   5.6227110216642537E-027  -3.6301309815766125E-033  -5.8556580253308264E-040  -4.2427173867083499E-046  -7.4962780777344066E-052  -1.8479572044651523E-057
  -4.6934861737550597E+045   1.6917654780096587E+056   2.3017207150982506E+055   5.0524625212508739E+047   2.3008631901342708E+036   1.8728586462646062E+023   6898425612.6688356        1.1428532502712919E-003   3.0538375249164387E-015   5.1175173055326876E-027  -3.2786155579640713E-033  -5.2474265564736965E-040  -3.7724850312095336E-046  -6.6152723646714659E-052  -1.6194653724201686E-057
  -4.6270014962261858E+045   1.6890401956123094E+056   2.2469065157109626E+055   4.8642508486419171E+047   2.1875084298900998E+036   1.7608020847813810E+023   6424922835.3830109        1.0558507423849884E-003   2.8001678067247488E-015   4.6571950555472899E-027  -2.9608005531494194E-033  -4.7017864038922884E-040  -3.3538844020122181E-046  -5.8367631827285273E-052  -1.4188865052446978E-057
  -4.5612950045360474E+045   1.6856021003633839E+056   2.1931675349883119E+055   4.6826550824716471E+047   2.0795280678713674E+036   1.6552418554321117E+023   5983114555.2398443        9.7534775197126704E-004   2.5672720763106885E-015   4.2378114941710686E-027  -2.6734923537725833E-033  -4.2123663449209142E-040  -2.9813084911499103E-046  -5.1489695740979798E-052  -1.2428607701092397E-057
  -4.4963619302422344E+045   1.6814840155624102E+056   2.1404941064547089E+055   4.5074647290717939E+047   1.9766799565515589E+036   1.5558149081879514E+023   5570937788.1758280        9.0086887527108140E-004   2.3534763914440430E-015   3.8557731596097651E-027  -2.4137958550145701E-033  -3.7734353334684962E-040  -2.6497511920168017E-046  -4.5414448415048379E-052  -1.0884252934851276E-057
  -4.4321973770450578E+045   1.6767176945764514E+056   2.0888759778742931E+055   4.3384747125685614E+047   1.8787320667886887E+036   1.4621775643849962E+023   5186459457.3699970        8.3197263589940187E-004   2.1572391611404969E-015   3.5077971808239386E-027  -2.1790870188226838E-033  -3.3798391792917452E-040  -2.3547439357097262E-046  -4.0049282007215945E-052  -9.5296838476923637E-058
  -4.3687963282716038E+045   1.6713338492348416E+056   2.0383023612462426E+055   4.1754853154854653E+047   1.7854621165438136E+036   1.3740045473874010E+023   4827868548.0388031        7.6824913529364265E-004   1.9771409182234788E-015   3.1908849274285670E-027  -1.9669879033644763E-033  -3.0269433690459364E-040  -2.0922988740066586E-046  -3.5312125374853776E-052  -8.3418886675787079E-058
  -4.3061536541002215E+045   1.6653621776665246E+056   1.9887619801983572E+055   4.0183021139384196E+047   1.6966572096697745E+036   1.2909880570875814E+023   4493468709.6472998        7.0931785969586950E-004   1.8118748598109620E-015   2.9022978440538592E-027  -1.7753439469778887E-033  -2.7105814481950810E-040  -1.8588579503718736E-046  -3.1130265761553105E-052  -7.3005997012558836E-058
  -4.2442641185328129E+045   1.6588313915817668E+056   1.9402431148882409E+055   3.8667359079983730E+047   1.6121134847706414E+036   1.2128368866172184E+023   4181671282.1574488        6.5482563378288874E-004   1.6602381002116282E-015   2.6395352933848621E-027  -1.6022033082294001E-033  -2.4270084359813172E-040  -1.6512472642581055E-046  -2.7439299372554677E-052  -6.3879730243691663E-058
  -4.1831223861221150E+045   1.6517692430006264E+056   1.8927336445176524E+055   3.7206026477588664E+047   1.5316357741042731E+036   1.1392755796735779E+023   3890988723.9752264        6.0444471163372210E-004   1.5211235845194724E-015   2.4003142456825275E-027  -1.4457980805608083E-033  -2.1728587941441783E-040  -1.4666361919851495E-046  -2.4182197150353031E-052  -5.5883045107404101E-058
  -4.1227230284610074E+045   1.6442025504311094E+056   1.8462210875619082E+055   3.5797233556099507E+047   1.4550372724751860E+036   1.0700436268987867E+023   3620028420.2691789        5.5787099627048410E-004   1.3935126147606970E-015   2.1825506651842579E-027  -1.3045272155080250E-033  -1.9451085143174677E-040  -1.3025007801061975E-046  -2.1308473456289267E-052  -4.8877782405092717E-058
  -4.0630605304407038E+045   1.6361572245004711E+056   1.8006926398126446E+055   3.4439240451859392E+047   1.3821392160423448E+036   1.0048946997848260E+023   3367486851.3132505        5.1482237952726916E-004   1.2764679437845503E-015   1.9843424554530034E-027  -1.1769410027144299E-033  -1.7410409293620401E-040  -1.1565909748868388E-046  -1.8773446625190094E-052  -4.2742437326768478E-058
  -4.0041292962845239E+045   1.6276582930435926E+056   1.7561352103287472E+055   3.3130356374223261E+047   1.3127705709463408E+036   9.4359592061372297E+022   3132144101.4554839        4.7503719449334768E-004   1.1691273952131368E-015   1.8039538365526583E-027  -1.0617269680327705E-033  -1.5582158906392161E-040  -1.0269012947427329E-046  -1.6537581499477235E-052  -3.7370188160796875E-058
  -3.9459236553637840E+045   1.6187299256527992E+056   1.7125354553868509E+055   3.1868938741268606E+047   1.2467677316425325E+036   8.8592716698045441E+022   2912858690.2311668        4.3827277324277983E-004   1.0706979706861903E-015   1.6398010369322111E-027  -9.5769706300271065E-034  -1.3944419866906326E-040  -9.1164459160425485E-047  -1.4565905077286392E-052  -3.2667152866629123E-058
  -3.8884378678021822E+045   1.6093954576939024E+056   1.6698798105195029E+055   3.0653392294410805E+047   1.1839742288109236E+036   8.3168040948510702E+022   2708562708.0240331        4.0430410300351194E-004   9.8045040836688488E-016   1.4904391921569534E-027  -8.6377602998931314E-034  -1.2477515092425366E-040  -8.0922858256339689E-047  -1.2827487335884904E-052  -2.8550848007568143E-058
  -3.8316661298749132E+045   1.5996774137936034E+056   1.6281545207258566E+055   2.9482168195415506E+047   1.1242404466996726E+036   7.8065908122063320E+022   2518257239.5321221        3.7292257433613397E-004   8.9771415922504216E-016   1.3545503511838534E-027  -7.7899083734856717E-034  -1.1163779001513633E-040  -7.1823486514478075E-047  -1.1294980126226565E-052  -2.4948827264509422E-058
  -3.7756025792085644E+045   1.5895975308037441E+056   1.5873456689366251E+055   2.8353763109045111E+047   1.0674233497470260E+036   7.3267747772284552E+022   2341008059.1160765        3.4393481528677424E-004   8.2187274999513596E-016   1.2309324987887384E-027  -7.0246108822170777E-034  -9.9873543808866741E-041  -6.3740015843674328E-047  -9.9442077852989640E-053  -2.1797479205528607E-058
  -3.7202412997877310E+045   1.5791767802481982E+056   1.5474392028119838E+055   2.7266718274335720E+047   1.0133862183159945E+036   6.8756018608991688E+022   2175941582.8972111        3.1716160585107330E-004   7.5235950392839197E-016   1.1184895100609009E-027  -6.3339031501750743E-034  -8.9340094664440162E-041  -5.6559953840287362E-047  -8.7538037878044304E-053  -1.9040966193388363E-058
  -3.6655763267741141E+045   1.5684353902584664E+056   1.5084209599481473E+055   2.6219618567273977E+047   9.6199839336713175E+035   6.4514154201939855E+022   2022241063.2310421        2.9243686743780429E-004   6.8865359253062841E-016   1.0162219596291002E-027  -5.7105807938311342E-034  -7.9909732630820224E-041  -5.0183145922828351E-047  -7.7048883648389187E-053  -1.6630288295377556E-058
  -3.6116016511437316E+045   1.5573928670043040E+056   1.4702766915654757E+055   2.5211091557429599E+047   9.1313502988717947E+035   6.0526511355147672E+022   1879143011.9095731        2.6960672235244981E-004   6.3027639340943220E-016   9.2321871451182592E-028  -5.1481280454695520E-034  -7.1467873165271505E-041  -4.4520437377554998E-047  -6.7807825611648351E-053  -1.4522457837831267E-058
  -3.5583112241477282E+045   1.5460680156259236E+056   1.4329920847481770E+055   2.4239806560898288E+047   8.6667685888502756E+035   5.6778321034771404E+022   1745933839.1430664        2.4852861863384367E-004   5.7678813115448580E-016   8.3864924523172382E-028  -4.6406527339508708E-034  -6.3911723216003416E-041  -3.9492478534955973E-047  -5.9667546904242924E-053  -1.2679771840236469E-058
  -3.5056989616021244E+045   1.5344789606745269E+056   1.3965527833029743E+055   2.3304473691720581E+047   8.2250995776127149E+035   5.3255641737472799E+022   1621946696.0398974        2.2907051587175211E-004   5.2778477985157690E-016   7.6175659513440472E-028  -4.1828273156438314E-034  -5.7149081065712462E-041  -3.5028658019643500E-047  -5.2497955846948874E-053  -1.1069170988616765E-058
  -3.4537587480117297E+045   1.5226431660680942E+056   1.3609444073014784E+055   2.2403842913764389E+047   7.8052552885354289E+035   4.9945315190204631E+022   1506558508.9421093        2.1111012791089352E-004   4.8289520739184509E-016   6.9185095273827701E-028  -3.7698354024786057E-034  -5.1097256740082902E-041  -3.1066150566989252E-047  -4.6184194261495081E-053  -9.6616750811443288E-059
  -3.4024844405332709E+045   1.5105774545695198E+056   1.3261525713684777E+055   2.1536703094891906E+047   7.4061968595664870E+035   4.6834924276263269E+022   1399187194.5851460        1.9453421860823205E-004   4.4177854319049924E-016   6.2830377644516763E-028  -3.3973232835116499E-034  -4.5682101060794988E-041  -2.7549067295327261E-047  -4.0624872987919458E-053  -8.4318860155560637E-059
  -3.3518698727827033E+045   1.4982980267943190E+056   1.2921629017758930E+055   2.0701881065074852E+047   7.0269324861429268E+035   4.3912753086322711E+022   1299289045.6337543        1.7923794705626030E-004   4.0412175228056076E-016   5.7054242508988219E-028  -3.0613559815375327E-034  -4.0837132578017321E-041  -2.4427697577674855E-047  -3.5730509114303288E-053  -7.3575504015994809E-059
  -3.3019088584915000E+045   1.4858204797552520E+056   1.2589610523997667E+055   1.9898240679974874E+047   6.6665154397768460E+035   4.1167748996960453E+022   1206356276.7029817        1.6512425891621117E-004   3.6963740000371623E-016   5.1804525162706292E-028  -2.7583774274936737E-034  -3.6502752663625825E-041  -2.1657832785294531E-047  -3.1422142229651372E-053  -6.4191747848542598E-059
  -3.2525951950166177E+045   1.4731598249513103E+056   1.2265327195953554E+055   1.9124681891368039E+047   6.3240421602560441E+035   3.8589486682907406E+022   1119914721.5043888        1.5210332072247441E-004   3.3806159268830102E-016   4.7033712077049051E-028  -2.4851743730100543E-034  -3.2625539993459236E-041  -1.9200163189393904E-047  -2.7630109510988023E-053  -5.5996872722012394E-059
  -3.2039226667086991E+045   1.4603305060085967E+056   1.1948636560431694E+055   1.8380139825663242E+047   5.9986504194039433E+035   3.6168133972895606E+022   1039521672.2638744        1.4009199422368302E-004   3.0915208078962578E-016   4.2698531463633602E-028  -2.2388436957614173E-034  -2.9157616503887424E-041  -1.7019740218050170E-047  -2.4292961687864868E-053  -4.8841400642314199E-059
  -3.1558850481429570E+045   1.4473464158806957E+056   1.1639396836166419E+055   1.7663583871643420E+047   5.6895175543485382E+035   3.3894419462534784E+022   964763853.03972721        1.2901334801768634E-004   2.8268651197579404E-016   3.8759579341919158E-028  -2.0167627835638287E-034  -2.6056077683135824E-041  -1.5085497083216828E-047  -2.1356503919130341E-053  -4.2594480353247333E-059
  -3.1084761072170576E+045   1.4342209136161887E+056   1.1337467053200447E+055   1.6974016778445397E+047   5.3958587682603767E+035   3.1759601801118412E+022   895255519.02851057        1.1879620391761926E-004   2.5846082257801397E-016   3.5180978086785033E-028  -1.8165627116777368E-034  -2.3282480758747927E-041  -1.3369821526633179E-047  -1.8772947392991728E-053  -3.7141590664091617E-059
  -3.0616896081202224E+045   1.4209668407010048E+056   1.1042707163432414E+055   1.6310473764688593E+047   5.1169254965345887E+035   2.9755440572638515E+022   830636674.38301516        1.0937471565516202E-004   2.3628775669303483E-016   3.1930064684519314E-028  -1.6361039537721054E-034  -2.0802384976177676E-041  -1.1848175091949188E-047  -1.6500159044641473E-053  -3.2382523361395767E-059
  -3.0155193141776320E+045   1.4075965369833289E+056   1.0754978142779412E+055   1.5672021639564083E+047   4.8520038364111746E+035   2.7874168694574640E+022   770571401.48161423        1.0068797768548287E-004   2.1599550303129997E-016   2.8977106157027277E-028  -1.4734543906857462E-034  -1.8584938736069503E-041  -1.0498753920941307E-047  -1.4500998196311543E-053  -2.8229612202627116E-059
  -2.9699589905741203E+045   1.3941218561888000E+056   1.0474142085382364E+055   1.5057757936603563E+047   4.6004130380507475E+035   2.6108466261213699E+022   714746294.98276496        9.2679662006858767E-005   1.9742644035197979E-016   2.6295039826660646E-028  -1.3268694026918060E-034  -1.6602508875026149E-041  -9.3021866011464540E-048  -1.2742730180816619E-053  -2.4606178424210203E-059
  -2.9250024069610338E+045   1.3805541810337381E+056   1.0200062290264021E+055   1.4466810060762008E+047   4.3615040551091617E+035   2.4451435761353619E+022   662868994.37294853        8.5297681047141676E-005   1.8043598301924273E-016   2.3859236289348295E-028  -1.1947738506122121E-034  -1.4830347841787859E-041  -8.2412650667405316E-048  -1.1196508127857000E-053  -2.1445166681266925E-059
  -2.8806433399500237E+045   1.3669044379441328E+056   9.9326033408319014E+054   1.3898334449367920E+047   4.1346581528836239E+035   2.2896578603243731E+022   614666809.07183397        7.8493874799618821E-005   1.6489151885669290E-016   2.1647283143034710E-028  -1.0757457690082864E-034  -1.3246294942483661E-041  -7.3007049795947247E-048  -9.8369150873098429E-054  -1.8687948420698867E-059
  -2.8368755754974317E+045   1.3531831113881079E+056   9.6716311776017252E+054   1.3351515747420887E+047   3.9192855721345814E+035   2.1437772882518745E+022   569885430.49569046        7.2223720512913550E-005   1.5067143207237027E-016   1.9638787683063164E-028  -9.6850161094528891E-035  -1.1830508209266969E-041  -6.4669323981743590E-048  -8.6415595486661022E-054  -1.6283272417566269E-059
  -2.7936929111828379E+045   1.3394002578295529E+056   9.4170131645006325E+054   1.2825565997647158E+047   3.7148242467215249E+035   2.0069252331691175E+022   528287725.79983765        6.6446063353876568E-005   1.3766420457836157E-016   1.7815196927239382E-028  -8.7188289863303376E-035  -1.0565223790120748E-041  -5.7278938828250245E-048  -7.5907182025260488E-054  -1.4186344616776243E-059
  -2.7510891583852321E+045   1.3255655193105746E+056   9.1686181490939153E+054   1.2319723845659933E+047   3.5207385732266032E+035   1.8785586392479713E+022   489652608.32397115        6.1122866569385411E-005   1.2576758953998605E-016   1.6159633471954739E-028  -7.8484414771076164E-035  -9.4345400674590170E-042  -5.0728874910962734E-048  -6.6670204892725890E-054  -1.2358021553423002E-059
  -2.7090581443601707E+045   1.3116881366703873E+056   8.9263165170639133E+054   1.1833253760511757E+047   3.3365182307772547E+035   1.7581661354869196E+022   453773980.05127901        5.6218979773040595E-005   1.1488785146257375E-016   1.4656745807929554E-028  -7.0644194519005708E-035  -8.4242239925806910E-042  -4.4924123897567754E-048  -5.8551701012108871E-054  -1.0764103507437375E-059
  -2.6675937142211998E+045   1.2977769624082040E+056   8.6899802412552535E+054   1.1365445270871499E+047   3.1616770493176900E+035   1.6452662509322667E+022   420459741.66408706        5.1701924076333511E-005   1.0493906756173254E-016   1.3292571840775545E-028  -6.3582507220266665E-035  -7.5215373749688112E-042  -3.9780350543629458E-048  -5.1416991561067919E-054  -9.3747152097814856E-060
  -2.6266897328287166E+045   1.2838404731976397E+056   8.4594829255866685E+054   1.0915612217007668E+047   2.9957519246187785E+035   1.5394057260998716E+022   389530866.03604543        4.7541692871357549E-005   9.5842485568208983E-017   1.2054414468519603E-028  -5.7222557281922314E-035  -6.7150810925207717E-042  -3.5222702456308333E-048  -4.5147512497869613E-054  -8.1637633834609640E-060
  -2.5863400865893640E+045   1.2698867820600759E+056   8.2346998441161988E+054   1.0483092018712947E+047   2.8383017783564421E+035   1.4401579157169598E+022   360820531.24426085        4.3710567153909062E-005   8.7525933493328248E-017   1.0930728166261135E-028  -5.1495067940032773E-035  -5.9946553934429967E-042  -3.1184751471045965E-048  -3.9638900300827648E-054  -7.1084616955468236E-060
  -2.5465386851689546E+045   1.2559236502043667E+056   8.0155079755337011E+054   1.0067244959261712E+047   2.6889065616298765E+035   1.3471212781288991E+022   334173309.41495728        4.0182944352231453E-005   7.9923277227728493E-017   9.9110156179743645E-029  -4.6337551329557123E-035  -5.3511346449207287E-042  -2.7607552231200231E-048  -3.4799303199840403E-054  -6.1889148361456283E-060
  -2.5072794631218436E+045   1.2419584985401975E+056   7.8017860333421431E+054   9.6674534854525912E+046   2.5471663003326068E+035   1.2599179469324760E+022   309444407.93383253        3.6935179698023962E-005   7.2973922166722022E-017   8.9857335177803287E-029  -4.1693648729416708E-035  -4.7763550497492065E-042  -2.4438805119901323E-048  -3.0547891598414692E-054  -5.3877544445528848E-060
  -2.4685563814395820E+045   1.2279984188723267E+056   7.5934144919772401E+054   9.2831215237516527E+046   2.4127001808313638E+035   1.1781923806053411E+022   286498959.75788611        3.3945439242980320E-005   6.6622355352009426E-017   8.1462067384147839E-029  -3.7512534312165987E-035  -4.2630140016688034E-042  -2.1632112086339211E-048  -2.6813544416570580E-054  -4.6898204874073345E-060
  -2.4303634290215973E+045   1.2140501847828646E+056   7.3902756091035176E+054   8.9136738125184531E+046   2.2851456744499007E+035   1.1016100861011351E+022   265211359.75971293        3.1193563686336172E-005   6.0817724893411060E-017   7.3845501336726423E-029  -3.3748376353338691E-035  -3.8045798847969327E-042  -1.9146315152723654E-048  -2.3533690772464949E-054  -4.0818824724968799E-060
  -2.3926946240705714E+045   1.2001202622086532E+056   7.1922534443138704E+054   8.5585552502666054E+046   2.1641576992970450E+035   1.0298564125715511E+022   245464644.21864432        2.8660942236966656E-005   5.5513453687402305E-017   6.6935973048378790E-029  -3.0359850423426631E-035  -3.3952112437527210E-042  -1.6944908498927362E-048  -2.0653288801915242E-054  -3.5523955673316283E-060
  -2.3555440154151142E+045   1.1862148197207263E+056   6.9992338744490726E+054   8.2172302598826858E+046   2.0494078180203076E+035   9.6263541156046753E+021   227149910.74622828        2.6330395787749129E-005   5.0666884683074120E-017   6.0668357189892322E-029  -2.7309699600826727E-035  -3.0296843601462679E-042  -1.4995516013372022E-048  -1.8123925524517754E-054  -3.0912872946675091E-060
  -2.3189056837622413E+045   1.1723397385127381E+056   6.8111046057435605E+054   7.8891821687019706E+046   1.9405834701082264E+035   8.9966876019151077E+021   210165776.09688151        2.4186068730437762E-005   4.6238955162108393E-017   5.4983476200477056E-029  -2.4564337211720671E-035  -2.7033283692457173E-042  -1.3269427083636202E-048  -1.5903023533253676E-054  -2.6897710075509152E-060
  -2.2827737428821026E+045   1.1585006221051505E+056   6.6277551829940209E+054   7.5739126043164752E+046   1.8373872374061364E+035   8.4069474403920558E+021   194417869.46862775        2.2213328786419337E-005   4.2193897698780113E-017   4.9827562219078456E-029  -2.2093488027070996E-035  -2.4119671389203860E-042  -1.1741184189842849E-048  -1.3953141938522461E-054  -2.3401828127595966E-060
  -2.2471423407273301E+045   1.1447028057718780E+056   6.4490769959379706E+054   7.2709409059700037E+046   1.7395361415511913E+035   7.8546729653547922E+021   179818359.04413047        2.0398674272651998E-005   3.8498965650102489E-017   4.5151767173443573E-029  -1.9869864231682506E-035  -2.1518672123608544E-042  -1.0388216568238253E-048  -1.2241360461603696E-054  -2.0358390213432621E-060
  -2.2120056604893091E+045   1.1309513656959828E+056   6.2749632830205172E+054   6.9798035513761791E+046   1.6467609720731016E+035   7.3375509191791005E+021   166285509.65919477        1.8729648263036442E-005   3.5124181196157485E-017   4.0911716769521652E-029  -1.7868872829192495E-035  -1.9196911874768753E-042  -9.1905148405676619E-049  -1.0738736868118261E-054  -1.7709115650426985E-060
  -2.1773579215935986E+045   1.1172511278609236E+056   6.1053091327188700E+054   6.7000535987786048E+046   1.5588056439471689E+035   6.8534068887400649E+021   153743269.61498973        1.7194759143626103E-005   3.2042104107461746E-017   3.7067104494771263E-029  -1.6068351463198063E-035  -1.7124559700654742E-042  -8.1303420650023502E-049  -9.4198290782450185E-055  -1.5403191336292892E-060
  -2.1431933806366694E+045   1.1036066766837462E+056   5.9400114825859010E+054   6.4312601440573096E+046   1.4754265834256909E+035   6.4001972217717310E+021   142120884.77184576        1.5783407095630492E-005   2.9227619560889531E-017   3.3581322088162534E-029  -1.4448329921492611E-035  -1.5274953955415717E-042  -7.1919771637462980E-049  -8.2622743042307940E-055  -1.3396320659039433E-060
  -2.1095063322660611E+045   1.0900223633965103E+056   5.7789691161661566E+054   6.1730077926722653E+046   1.3963921410126526E+035   5.9760013974510334E+021   131352538.17701121        1.4485816073275043E-005   2.6657743459122577E-017   3.0421123239769028E-029  -1.2990814850285401E-035  -1.3624267658788348E-042  -6.3614871275522830E-049  -7.2464184621933647E-055  -1.1649892708562929E-060
  -2.0762911100059914E+045   1.0765023141821382E+056   5.6220826579300888E+054   5.9248961462229776E+046   1.3214820304847692E+035   5.5790148268035020E+021   121377013.58659005        1.3292970874411704E-005   2.4311443831667672E-017   2.7556317566286490E-029  -1.1679595440793193E-035  -1.2151208950028340E-042  -5.6265247940273769E-049  -6.3549898977545552E-055  -1.0130256693970969E-060
  -2.0435420870303946E+045   1.0630504380707659E+056   5.4692545663650384E+054   5.6865393033928349E+046   1.2504867928993458E+035   5.2075420597599422E+021   112137381.34338801        1.2196558930477303E-005   2.2169477008961583E-017   2.4959492167840930E-029  -1.0500068063972511E-035  -1.0836752977383145E-042  -4.9761493500124675E-049  -5.5728121655445567E-055  -8.8080883474190993E-061
  -2.0112536768853052E+045   1.0496704346025717E+056   5.3203891253545112E+054   5.4575653750378668E+046   1.1832072845660466E+035   4.8599903768685639E+021   103580705.16791618        1.1188916469112697E-005   2.0214237365696601E-017   2.2605758308118816E-029  -9.4390780224531874E-036  -9.6639019501208777E-043  -4.4006670231352125E-049  -4.8865512216412893E-055  -7.6578367411802190E-061
  -1.9794203341624443E+045   1.0363658012629484E+056   5.1753924339706285E+054   5.2376160131718656E+046   1.1194541879955081E+035   4.5348637447881868E+021   95657768.509665981        1.0262978727616594E-005   1.8429619525923810E-017   2.0472520976059240E-029  -8.4847767638001528E-036  -8.6174704178048008E-043  -3.8914897080227351E-049  -4.2844929349112637E-055  -6.6572413878763010E-061
  -1.9480365551258044E+045   1.0231398406957837E+056   5.0341723947982434E+054   5.0263459535932173E+046   1.0590475448727361E+035   4.2307571157571202E+021   88322819.190290391        9.4122339185380335E-006   1.6800892011348811E-017   1.8539269284828268E-029  -7.6264930577638752E-036  -7.6838931447101656E-043  -3.4410095223392578E-049  -3.7563473063027718E-055  -5.7869107589264613E-061
  -1.9170968782929815E+045   1.0099956677004968E+056   4.8966387009031126E+054   4.8234225718932757E+046   1.0018163101374041E+035   3.9463510522512487E+021   81533331.149801597        8.6306806702265464E-006   1.5314581396105773E-017   1.6787385844140670E-029  -6.8546167837186104E-036  -6.8510532194939978E-043  -3.0424875101085725E-049  -3.2930762117685067E-055  -5.0299544650019117E-061
  -1.8865958849729459E+045   9.9693621601838312E+055   4.7627028215506500E+054   4.6285254525816396E+046   9.4759792628649503E+034   3.6804066590156632E+021   75249782.181606323        7.9127886851677077E-006   1.3958366106715682E-017   1.5199973406664264E-029  -6.1604941044296037E-036  -6.1081282845777191E-043  -2.6899549076608423E-049  -2.8867418611861821E-055  -4.3716623137217546E-061
  -1.8565281997618869E+045   9.8396424491370283E+055   4.6322779867762206E+054   4.4413459710600627E+046   8.9623791704719322E+034   3.4317608055788489E+021   69435446.612415642        7.2534623775359460E-006   1.2720979075399599E-017   1.3761697239575294E-029  -5.5363329199053098E-036  -5.4454529890049158E-043  -2.3781255636593452E-049  -2.5303734981824535E-055  -3.7992243107724099E-061
  -1.8268884909987203E+045   9.7108234555484661E+055   4.5052791709025702E+054   4.2615868881739999E+046   8.4758949959953054E+034   3.1993216232388391E+021   64056201.949040465        6.6480072686910648E-006   1.1592118518886927E-017   1.2458641809556018E-029  -4.9751176015317941E-036  -4.8543959653292059E-043  -2.1023182613829580E-049  -2.2178501592672156E-055  -3.3014864158608705E-061
  -1.7976714711817990E+045   9.5829294720080497E+055   4.3816230750948849E+054   4.0889619570688381E+046   8.0151321455902118E+034   2.9820642613487196E+021   59080348.576058969        6.0920989354191836E-006   1.0562366173756780E-017   1.1278180494761993E-029  -4.4705321030010180E-036  -4.3272498076535398E-043  -1.8583878308777172E-049  -1.9437975696861885E-055  -2.8687375174051610E-061
  -1.7688718973483141E+045   9.4559832319806184E+055   4.2612281090390940E+054   3.9231955420766076E+046   7.5787657295938175E+034   2.7790268885261872E+021   54478441.646546565        5.5817543206557966E-006   9.6231123735702751E-018   1.0208857151565837E-029  -4.0168906316831602E-036  -3.8571326863377738E-043  -1.6426640626317404E-049  -1.7034974819135202E-055  -2.4925236610381520E-061
  -1.7404845714178292E+045   9.3300059679292618E+055   4.1440143718243600E+054   3.7640222493583908E+046   7.1655371950442605E+034   2.5893069251702838E+021   50223134.362709358        5.1133052303063078E-006   8.7664874029565542E-018   9.2402784681495538E-030  -3.6090751429184413E-036  -3.4379003769650716E-043  -1.4518975447548896E-049  -1.4928079642856448E-055  -2.1654860668806454E-061
  -1.7125043405013471E+045   9.2050174676421211E+055   4.0299036321062516E+054   3.6111865690276705E+046   6.7742511138636079E+034   2.4120574943895874E+021   46289031.894564599        4.6833738526704371E-006   7.9852986097412032E-018   8.3630161321320407E-030  -3.2424789909990309E-036  -3.0640676085732314E-043  -1.2832116437588609E-049  -1.3080933250665195E-055  -1.8812199079332749E-061
  -1.6849260971772621E+045   9.0810361288107564E+055   3.9188193076228423E+054   3.4644425284804359E+046   6.4037721199498411E+034   2.2464840791316984E+021   42652555.232960261        4.2888501489491848E-006   7.2729727984631154E-018   7.5685179261727081E-030  -2.9129561350868371E-036  -2.7307377504105358E-043  -1.1340599362736488E-049  -1.1461625140135852E-055  -1.6341512045767010E-061
  -1.6577447797355065E+045   8.9580790119070914E+055   3.8106864441319172E+054   3.3235533566589419E+046   6.0530219886872381E+034   2.0918413739553406E+021   39291814.318404980        3.9268709744301653E-006   6.6235034675015115E-018   6.8490269446096829E-030  -2.6167753566127125E-036  -2.4335399589126337E-043  -1.0021884765961961E-049  -1.0042149817430362E-055  -1.4194295248429540E-061
  -1.6309553723911601E+045   8.8361618914049844E+055   3.7054316938336034E+054   3.1882911589775630E+046   5.7209768526404809E+034   1.9474303205053681E+021   36186489.829563253        3.5948008002681980E-006   6.0314024877938478E-018   6.1975081963337201E-030  -2.3505789974112124E-036  -2.1685729984268479E-043  -8.8560235391064260E-050  -8.7979309904701925E-056  -1.2328344727832551E-061
  -1.6045529054687504E+045   8.7152993053914110E+055   3.6029832933390353E+054   3.0584366026411328E+046   5.4066645474455463E+034   1.8125953163388298E+021   33317723.055023920        3.2902139153585165E-006   5.4916558540125671E-018   5.6075819248725547E-030  -2.1113457754923346E-036  -1.9323550315204319E-043  -7.8253605429535672E-050  -7.7074034571688061E-056  -1.0706942031338098E-061
  -1.5785324555584314E+045   8.5955046036112781E+055   3.5032710412421667E+054   2.9337786120885018E+046   5.1091620821500477E+034   1.6867215873084529E+021   30668013.309227683        3.0108779966912857E-006   4.9996831693099754E-018   5.0734630366189582E-030  -1.8963572784180770E-036  -1.7217787484768568E-043  -6.9142719708503871E-050  -6.7516457307475042E-056  -9.2981442415296988E-062
  -1.5528891456451919E+045   8.4767899939889025E+055   3.4062262753484556E+054   2.8141140742967182E+046   4.8275932284872974E+034   1.5692327142397913E+021   28221122.388389338        2.7547389448266134E-006   4.5513005525448235E-018   4.5899060827858809E-030  -1.7031677731725202E-036  -1.5340712716871794E-043  -6.1089326353961560E-050  -5.9140572781212770E-056  -8.0741654598822979E-062
  -1.5276181452122039E+045   8.3591665876681947E+055   3.3117818496109807E+054   2.6992475536842090E+046   4.5611262237921942E+034   1.4595883051411576E+021   25961985.595011078        2.5199068887836747E-006   4.1426866824639210E-018   4.1521552904771570E-030  -1.5295770065840568E-036  -1.3667583298707530E-043  -5.3971097875614515E-050  -5.1800749820517892E-056  -7.0108380275125867E-062
  -1.5027146703193858E+045   8.2426444426126420E+055   3.2198721108214710E+054   2.5889910163546057E+046   4.3089715824831175E+034   1.3572818046625791E+021   23876628.890285965        2.3046432717378926E-006   3.7703517168051287E-018   3.7558991836457773E-030  -1.3736057021349007E-036  -1.2176322501194984E-043  -4.7679804594287916E-050  -4.5369240849384953E-056  -6.0871432571958584E-062
  -1.4781739836582266E+045   8.1272326058052278E+055   3.1304328751008569E+054   2.4831635634263386E+046   4.0703800112426324E+034   1.2618384329725798E+021   21952091.762459069        2.1073489355053380E-006   3.4311088458783691E-018   3.3972293760609398E-030  -1.2334734876999405E-036  -1.0847233632890042E-043  -4.2119696608793195E-050  -3.9733994421024208E-056  -5.2848027544840643E-062
  -1.4539913945838712E+045   8.0129391540875070E+055   3.0434014042311658E+054   2.3815911731968462E+046   3.8446404232310333E+034   1.1728132466507691E+021   20176355.426164672        1.9265531279000168E-006   3.1220482600201235E-018   3.0726031560736950E-030  -1.1075790146877729E-036  -9.6627446082919612E-044  -3.7206070617221599E-050  -3.4796734143453801E-056  -4.5879225443346633E-062
  -1.4301622591254449E+045   7.8997712336760916E+055   2.9587163818679762E+054   2.2841064518941441E+046   3.6310780468608488E+034   1.0897893146011119E+021   18538275.993001569        1.7609033627113746E-006   2.8405133285437658E-018   2.7788095172823141E-030  -9.9448205247700358E-037  -8.6071797927020854E-044  -3.2864000581898885E-050  -3.0471271715041039E-056  -3.9826832139003613E-062
  -1.4066819799755561E+045   7.7877350983939554E+055   2.8763178896701247E+054   2.1905483927725506E+046   3.4290526248474595E+034   1.0123760023764339E+021   17027522.277248435        1.6091560672977733E-006   2.5840788045517026E-018   2.5129383204478521E-030  -8.9288736319121477E-037  -7.6665562271581640E-044  -2.9027213601565360E-050  -2.6682025677805541E-056  -3.4570701501931243E-062
  -1.3835460064598888E+045   7.6768361466530105E+055   2.7961473833810030E+054   2.1007621433135959E+046   3.2379566994312350E+034   9.4020735867020234E+020   15634517.922755519        1.4701679576562653E-006   2.3505308853541920E-018   2.2723523004674888E-030  -8.0163018095415965E-037  -6.8284016426063709E-044  -2.5637094462120673E-050  -2.3362720920965773E-056  -3.0006387091153109E-062
  -1.3607498344877621E+045   7.5670789572235721E+055   2.7181476688935054E+054   2.0145987802974438E+046   3.0572139798401580E+034   8.7294059807790308E+020   14350387.557769779        1.3428880853370691E-006   2.1378489723632661E-018   2.0546616581244339E-030  -7.1966313700988301E-037  -6.0815919460908603E-044  -2.2641804208193188E-050  -2.0455246981331892E-056  -2.6043098137554242E-062
  -1.3382890064845077E+045   7.4584673238254369E+055   2.6422628783285485E+054   1.9319150925146064E+046   2.8862777882290175E+034   8.1025467455832982E+020   13166906.703844633        1.2263505047482751E-006   1.9441889872990710E-018   1.8577009999234619E-030  -6.4604448765902321E-037  -5.4162061066650652E-044  -1.9995499738279312E-050  -1.7908655839593156E-056  -2.2601920570453347E-062
  -1.3161591113064890E+045   7.3510042885744694E+055   2.5684384461550407E+054   1.8525733708922310E+046   2.7246295804920646E+034   7.5184894033572738E+020   12076455.183134923        1.1196675132661236E-006   1.7678681134530373E-018   1.6795084107957814E-030  -5.7992751601396328E-037  -4.8233965879446349E-044  -1.7657642899747000E-050  -1.5678282245416808E-056  -1.9614268875155947E-062
  -1.2943557841395519E+045   7.2446921743177356E+055   2.4966210853772448E+054   1.7764412058138342E+046   2.5717775385007305E+034   6.9744188527783471E+020   11071973.785359021        1.0220234201508375E-006   1.6073508416830572E-018   1.5183064640034475E-030  -5.2055099125785891E-037  -4.2952736704060027E-044  -1.5592388867505542E-050  -1.3724971657572742E-056  -1.7020538962762279E-062
  -1.2728747063816758E+045   7.1395326158894159E+055   2.4267587638136375E+054   1.7033912914159791E+046   2.4272552304667684E+034   6.4676995206327763E+020   10146923.971596107        9.3266880358793425E-007   1.4612362108490561E-018   1.3724849903629078E-030  -4.6723058053802367E-037  -3.8248021820881377E-044  -1.3768044750190023E-050  -1.2014402691530167E-056  -1.4768936066336669E-062
  -1.2517116055105652E+045   7.0355265903189158E+055   2.3588006804896259E+054   1.6333012366500786E+046   2.2906203362741987E+034   5.9958642271525274E+020   9295250.4069454540        8.5091521824932025E-007   1.3282461416055095E-018   1.2405854450956796E-030  -4.1935111895223591E-037  -3.4057093134308588E-044  -1.2156590396810640E-050  -1.0516492555674806E-056  -1.2814455020480471E-062
  -1.2308622549368975E+045   6.9326744460218015E+055   2.2926972421648231E+054   1.5660533829021966E+046   2.1614534347608711E+034   5.5566037232777180E+020   8511346.1279702988        7.7613031861500282E-007   1.2072147709173706E-018   1.1212867253439842E-030  -3.7635965240534280E-037  -3.0324023325114340E-044  -1.0733254289655720E-050  -9.2048753544983661E-057  -1.1117993196604711E-062
  -1.2103224738439161E+045   6.8309759310034187E+055   2.2284000400140248E+054   1.5015346279684352E+046   2.0393568500624837E+034   5.1477568604660911E+020   7790020.1638418017        7.0773336593148121E-007   1.0970787024189633E-018   1.0133923047903448E-030  -3.3775917652083745E-037  -2.6998951426524090E-044  -9.4761382188611068E-051  -8.0564443657551336E-057  -9.6455789081443684E-063
  -1.1900881270140374E+045   6.7304302201042718E+055   2.1658618264795370E+054   1.4396362561882128E+046   1.9239535542587070E+034   4.7673013559020519E+020   7126467.4422455048        6.4519108912211150E-007   9.9686809484829660E-019   9.1581856401119203E-031  -3.0310300237624608E-037  -2.4037427368185640E-044  -8.3658851520623990E-051  -7.0509504788739523E-057  -8.3677003161037102E-063
  -1.1701551246431123E+045   6.6310359413155246E+055   2.1050364923111003E+054   1.3802537745424454E+046   1.8148861236827842E+034   4.4133451180677130E+020   6516240.8224667273        5.8801387222225906E-007   9.0569851731396661E-019   8.2758420628348282E-031  -2.7198968667209717E-037  -2.1399827037896279E-044  -7.3853853492320324E-051  -6.1706499316620552E-057  -7.2587217971774415E-063
  -1.1505194221429673E+045   6.5327912011922177E+055   2.0458790438083232E+054   1.3232867545283375E+046   1.7118157463728297E+034   4.0841180996333614E+020   5955225.1086827209        5.3575224300108981E-007   8.2276350613630686E-019   7.4780065864877195E-031  -2.4405847011415740E-037  -1.9050830310333369E-044  -6.5195163373229982E-051  -5.3999953172223277E-057  -6.2963764205103125E-063
  -1.1311770199328212E+045   6.4356936093911037E+055   1.9883455802792803E+054   1.2686386796271559E+046   1.6144212782551614E+034   3.7779646465106883E+020   5439612.9064050494        4.8799363936472776E-007   7.4732776349273498E-019   6.7566336721091464E-031  -2.1898517335279325E-037  -1.6958955296265913E-044  -5.7549128598237802E-051  -4.7253645668387308E-057  -5.4613246466008774E-063
  -1.1121239632201565E+045   6.3397403023592887E+055   1.9323932717277380E+054   1.2162167981859990E+046   1.5223983457575347E+034   3.4933363136946445E+020   4965882.1942798560        4.4435943192363383E-007   6.7872094312991355E-019   6.1044390398353196E-031  -1.9647850484072816E-037  -1.5096142784805698E-044  -5.0797633599955769E-051  -4.1348232595271276E-057  -4.7367706405704262E-063
  -1.0933563417716043E+045   6.2449279661991793E+055   1.8779803367803395E+054   1.1659319815391694E+046   1.4354584926532886E+034   3.2287851202042882E+020   4530775.4921078188        4.0450218276107486E-007   6.1633197301963799E-019   5.5148281018617668E-031  -1.7627673949440819E-037  -1.3437385494141968E-044  -4.4836299498242236E-051  -3.6179161757079031E-057  -4.1081287061433863E-063
  -1.0748702896743791E+045   6.1512528587345737E+055   1.8250660208640273E+054   1.1176985871993185E+046   1.3533283690362816E+034   2.9829572170245695E+020   4131280.5140287215        3.6810312196928660E-007   5.5960386906559656E-019   4.9818310778183200E-031  -1.5814473112280944E-037  -1.1960397320914086E-044  -3.9572891652686753E-051  -3.1654845104583095E-057  -3.5627333172905609E-063
  -1.0566619850887830E+045   6.0587108308020510E+055   1.7736105746429704E+054   1.0714343269530266E+046   1.2757489604212668E+034   2.7545869434545206E+020   3764612.2033641431        3.3486982493455297E-007   5.0802899784581232E-019   4.5000441731493850E-031  -1.4187122526431463E-037  -1.0645318292094536E-044  -3.4925911172795881E-051  -2.7695055993428621E-057  -3.0895870699608121E-063
  -1.0387276499922798E+045   5.9672973467911946E+055   1.7235752327233127E+054   1.0270601396999400E+046   1.2024748550551667E+034   2.5424912486874389E+020   3428196.0526601761        3.0453407466040819E-007   4.6114474992966485E-019   4.0645762580506215E-031  -1.2726644238652823E-037  -9.4744513824117560E-045  -3.0823349217822468E-051  -2.4229523942008216E-057  -2.6791416127176021E-063
  -1.0210635499156193E+045   5.8770075044565346E+055   1.6749221926331784E+054   9.8450006887897210E+045   1.1332735476117047E+034   2.3455644567897463E+020   3119652.6190524451        2.7684989462740215E-007   4.1852958856552353E-019   3.6710005362803139E-031  -1.1415990439107524E-037  -8.4320277706966684E-045  -2.7201585343500298E-051  -2.1196702639159573E-057  -2.3231072564058332E-063
  -1.0036659936714793E+045   5.7878360540234875E+055   1.6276145940845133E+054   9.4368114432940282E+045   1.0679247775251725E+034   2.1627733545114776E+020   2836783.1512182360        2.5159173880565909E-007   3.7979944151967857E-019   3.3153107402074944E-031  -1.0239848005756498E-037  -7.5039974752434299E-045  -2.4004413301721369E-051  -1.8542689917583976E-057  -2.0142875214165477E-063
  -9.8653133307606831E+044   5.6997774166099627E+055   1.5816164985225619E+054   9.0453326843897400E+045   1.0062199002988998E+034   1.9931525825567749E+020   2577556.2499135523        2.2855282646958808E-007   3.4460440658191972E-019   2.9938814312060951E-031  -9.1844627486927186E-038  -6.6778426359480775E-045  -2.1182179602786610E-051  -1.6220281013447060E-057  -1.7464353673468825E-063
  -9.6965596266412560E+044   5.6128257019847137E+055   1.5368928689680234E+054   8.6698910643526614E+045   9.4796129020036977E+033   1.8358003120711365E+020   2340095.4894429292        2.0754361041886183E-007   3.1262574375844650E-019   2.7034320233437211E-031  -8.2374813790352365E-038  -5.9424110037581681E-045  -1.8691021836099895E-051  -1.4188138719849929E-057  -1.5141282731626286E-063
  -9.5303631939772953E+044   5.5269747256829513E+055   1.4934095501562336E+054   8.3098398068076416E+045   8.9296177282803128E+033   1.6898741891670629E+020   2122667.9324017400        1.8839036809199672E-007   2.8357312946777286E-019   2.4409941835989279E-031  -7.3878094239665996E-038  -5.2877674595281233E-045  -1.6492195238748126E-051  -1.2410066050224078E-057  -1.3126597044639625E-063
  -9.3666888236931674E+044   5.4422180254991379E+055   1.4511332489770661E+054   7.9645576883606277E+045   8.4104408610481343E+033   1.5545875313145912E+020   1923673.4746878515        1.7093390587395357E-007   2.5718215015734952E-019   2.2038822938943365E-031  -6.6254834869409494E-038  -4.7050616180359514E-045  -1.4551477324217111E-051  -1.0854368791044313E-057  -1.1379448251966620E-063
  -9.2055017249929478E+044   5.3585488773763804E+055   1.4100315152186129E+054   7.6334480575963222E+045   7.9204036832026681E+033   1.4292057603712383E+020   1741634.9621236436        1.5502836765214611E-007   2.3321201468377278E-019   1.9896666893478182E-031  -5.9415564119391829E-038  -4.1864097816362568E-045  -1.2838641554959513E-051  -9.4932968713224273E-058  -9.8643859030075818E-064
  -9.0467675222862151E+044   5.2759603107112476E+055   1.3700727226171427E+054   7.3159378901645688E+045   7.4579167190727883E+033   1.3130430579201835E+020   1575189.0240811019        1.4054013937073988E-007   2.1144346656238038E-019   1.7961494135872600E-031  -5.3279940546341112E-038  -3.7247896944492800E-045  -1.1326992079885551E-051  -8.3025548353001276E-058  -8.5506459871517616E-064
  -8.8904522520670470E+044   5.1944451230923664E+055   1.3312260502152747E+054   7.0114768787167109E+045   7.0214750170051866E+033   1.2054592294289901E+020   1423077.5732810842        1.2734684197545634E-007   1.9167687880624790E-019   1.6213422559890429E-031  -4.7775824930157819E-038  -3.3139467144841491E-045  -9.9929524763674765E-052  -7.2608728975992686E-058  -7.4115329753992108E-064
  -8.7365223597496829E+044   5.1139958944905877E+055   1.2934614640298106E+054   6.7195365564905008E+045   6.6096537648230231E+033   1.1058567645366238E+020   1284139.9244608958        1.1533640573425240E-007   1.7373051555248177E-019   1.4634468575073768E-031  -4.2838446268256866E-038  -2.9483101697846867E-045  -8.8157022495823413E-052  -6.3496311070256569E-058  -6.4238831207478277E-064
  -8.5849446964641198E+044   5.0346050009180628E+055   1.2567496990301818E+054   6.4396094533786717E+045   6.2211041267751815E+033   1.0136780815265309E+020   1157305.4878888105        1.0440621946692572E-007   1.5743894602662687E-019   1.3208366915622196E-031  -3.8409652203307318E-038  -2.6229187974623940E-045  -7.7768555619753614E-052  -5.5525300640265327E-058  -5.5675983645868379E-064
  -8.4356865158148317E+044   4.9562646275730350E+055   1.2210622414280291E+054   6.1712082833519835E+045   5.8545492911272667E+033   9.2840294475064623E+019   1041586.9967658781        9.4462348722321329E-008   1.4265159763440612E-019   1.1920407444306412E-031  -3.4437235376814341E-038  -2.3333542830377074E-045  -6.8601773029565906E-052  -4.8553024430855882E-058  -4.8252415882255309E-064
  -8.2887154706056621E+044   4.8789667814867192E+055   1.1863713112780165E+054   5.9138651621424730E+045   5.5087807180564971E+033   8.4954604443573109E+019   936074.23040899273        8.5418817408560919E-008   1.2923143610345934E-019   1.0757287359066773E-031  -3.0874328053788831E-038  -2.0756820233621002E-045  -6.0513321730856920E-052  -4.2454602788237358E-058  -4.1816851593790278E-064
  -8.1439996095338157E+044   4.8027033036881413E+055   1.1526498453895928E+054   5.6671308541267363E+045   5.1826545780008172E+033   7.7665472893164519E+019   839928.19776854932        7.7196947812517049E-008   1.1705376163503781E-019   9.7069773580934914E-032  -2.7678858131552702E-038  -1.8463983308945406E-045  -5.3376629563197168E-052  -3.7120735953144040E-058  -3.6238057764225128E-064
  -8.0015073738557638E+044   4.7274658809023799E+055   1.1198714805490562E+054   5.4305740473823082E+045   4.8750883710789157E+033   7.0930688005316444E+019   752375.74831198761        6.9724754342332420E-008   1.0600511097479795E-019   8.7586004536534309E-032  -2.4813060336949391E-038  -1.6423833814670593E-045  -4.7079945958118007E-052  -3.2455765027104592E-058  -3.1402195289715869E-064
  -7.8612075940277745E+044   4.6532460567972004E+055   1.0880105370509435E+054   5.2037806559227486E+045   4.5850577186432028E+033   6.4710892272476127E+019   672704.57961317431        6.2936386693655661E-008   9.5982256180317348E-020   7.9023222469707228E-032  -2.2243037038460527E-038  -1.4608592829781791E-045  -4.1524610798255113E-052  -2.8375973630200839E-058  -2.7210518896663723E-064
  -7.7230694863236637E+044   4.5800352427926450E+055   1.0570420025374516E+054   4.9863531481486227E+045   4.3115933184531097E+033   5.8969396066328969E+019   600258.61313820374        5.6771618478761489E-008   8.6891291657509634E-020   7.1292515872236179E-032  -1.9938363659814734E-038  -1.2993527096672644E-045  -3.6623524903928321E-052  -2.4808100459337539E-058  -2.3577380444450810E-064
  -7.5870626494322479E+044   4.5078247284477220E+055   1.0269415161443155E+054   4.7779099005825019E+045   4.0537780553620990E+033   5.3672003032853807E+019   534433.71172134951        5.1175377670001259E-008   7.8646801764960694E-020   6.4313506382234557E-032  -1.7871734185781675E-038  -1.1556616066122196E-045  -3.2299798735522316E-052  -2.1688036631717869E-058  -2.0428495705966074E-064
  -7.4531570610369144E+044   4.4366056914379217E+055   9.9768535295130002E+053   4.5780845759861262E+045   3.8107442597993885E+033   4.8786846583787176E+019   474673.71409044694        4.6097315497086536E-008   7.1171101950049591E-020   5.8013534675346617E-032  -1.6018642704535414E-038  -1.0278255226302363E-045  -2.8485558609275017E-052  -1.8959684921954455E-058  -1.7699439952405425E-064
  -7.3213230743795843E+044   4.3663692071369015E+055   9.6925040873521485E+053   4.3865255249871891E+045   3.5816711066973249E+033   4.4284236798026555E+019   420466.76353816804        4.1491410703389529E-008   6.4393546988782729E-020   5.2326923555327792E-032  -1.4357097339257703E-038  -9.1409917753708506E-046  -2.5120892120968575E-052  -1.6573960828397356E-058  -1.5334342218328947E-064
  -7.1915314148112846E+044   4.2971062578152818E+055   9.4161418502314079E+053   4.2028952103716904E+045   3.3657821478683610E+033   4.0136517087847309E+019   371341.90945306735        3.7315606311460131E-008   5.8249900457350455E-020   4.7194310969585012E-032  -1.2867363289051458E-038  -8.1292891235184676E-046  -2.2152916592415371E-052  -1.4487917883431354E-058  -1.3284752077459866E-064
  -7.0637531763314198E+044   4.2288077414691171E+055   9.1475477444334273E+053   4.0268696532255528E+045   3.1623429711724158E+033   3.6317930023733858E+019   326865.96193002013        3.3531476273889437E-008   5.2681760071906865E-020   4.2562046356161649E-032  -1.1531732029818143E-038  -7.2293170907233712E-046  -1.9534956231303355E-052  -1.2663981796357145E-058  -1.1508656196751280E-064
  -6.9379598181177916E+044   4.1614644802902478E+055   8.8865084637115994E+053   3.8581379001361678E+045   2.9706589801367294E+033   3.2804491748268450E+019   286640.58108124975        3.0103919593956384E-008   4.7636033998001224E-020   3.8381644346275004E-032  -1.0334314023188184E-038  -6.4287650058435575E-046  -1.7225815354043267E-052  -1.1069279923485071E-058  -9.9696249232998664E-065
  -6.8141231610492833E+044   4.0950672287903690E+055   8.6328163286698477E+053   3.6964015106907733E+045   2.7900732879968115E+033   2.9573874444012016E+019   250299.58397360527        2.7000879692529677E-008   4.3064463656144247E-020   3.4609290406692265E-032  -9.2608525491857190E-039  -5.7166752154529669E-046  -1.5189136488657656E-052  -9.6750542311189508E-059  -8.6360717544601390E-065
  -6.6922153842230750E+044   4.0296066815903031E+055   8.3862691490328759E+053   3.5413740645340683E+045   2.6199647204193861E+033   2.6605296352771121E+019   217506.45333166787        2.4193086974710946E-008   3.8923188938555754E-020   3.1205393514264893E-032  -8.2985565190357242E-039  -5.0832947809264021E-046  -1.3392833472527320E-052  -8.4561473820535486E-059  -7.4806107970868960E-065
  -6.5722090214681627E+044   3.9650734808856320E+055   8.1466700887749830E+053   3.3927806872722187E+045   2.4597459214469642E+033   2.3879418874190774E+019   187952.03327578012        2.1653822712853653E-008   3.5172352107309367E-020   2.8134181415649579E-032  -7.4359503410649048E-039  -4.5199433832142651E-046  -1.1808590807497086E-052  -7.3905528603832428E-059  -6.4794992816437631E-065
  -6.4540769578568785E+044   3.9014582235995027E+055   7.9138275340742816E+053   3.2503575945345081E+045   2.3088615574694241E+033   2.1378250300352549E+019   161352.39841494153        1.9358702512943147E-008   3.1775736968704111E-020   2.5363334443000941E-032  -6.6627391074239684E-039  -4.0188956696553799E-046  -1.0411421549732004E-052  -6.4590211750511143E-059  -5.6121538996153290E-065
  -6.3377924262160441E+044   3.8387514682331041E+055   7.6875549640579519E+053   3.1138516535272039E+045   2.1667866142813104E+033   1.9085055770095813E+019   137446.88359204787        1.7285477769864595E-008   2.8700440215351222E-020   2.2863654235202153E-032  -5.9696875445442328E-039  -3.5732764688543041E-046  -9.1792769091153331E-053  -5.6447151691636727E-059  -4.8607312118701109E-065
  -6.2233290036393031E+044   3.7769437414239934E+055   7.4676708243031577E+053   2.9830199614369277E+045   2.0330247825250347E+033   1.6984273052213264E+019   115996.26248817462        1.5413853644729502E-008   2.5916572098548435E-020   2.0608764057614030E-032  -5.3485113277957759E-039  -3.1769674705989093E-046  -8.0927015264422590E-053  -4.9329083267723370E-059  -4.2097636605811933E-065
  -6.1106606080021222E+044   3.7160255442221516E+055   7.2539984030572829E+053   2.8576294400627886E+045   1.9071069270502922E+033   1.5061433790593907E+019   96781.064138180518        1.3725322215021591E-008   2.3396983841204660E-020   1.8574837724648641E-032  -4.7917795025027091E-039  -2.8245241202466469E-046  -7.1345290981825380E-053  -4.3107207265949967E-059  -3.6458438334490083E-065
  -5.9997614944808775E+044   3.6559873580933458E+055   7.0463657101403554E+053   2.7374564460779094E+045   1.7885896359392969E+033   1.3303089866883344E+019   79600.017196191926        1.2203009556638008E-008   2.1117019427871542E-020   1.6740354411687477E-032  -4.2928268808828566E-039  -2.5111016129569556E-046  -6.2896136387770060E-053  -3.7668879561933228E-059  -3.1573505983973103E-065
  -5.8906062520773817E+044   3.5968196506590867E+055   6.8446053584917941E+053   2.6222863963416637E+045   1.6770538451563783E+033   1.1696744557385665E+019   64268.612520588358        1.0831535616661998E-008   1.9054289615164280E-020   1.5085876898668571E-032  -3.8456753990453326E-039  -2.2323889943718864E-046  -5.5445922186920396E-053  -3.2915588819900171E-059  -2.7342115688540607E-065
  -5.7831698001501378E+044   3.5385128811821908E+055   6.6485544483229798E+053   2.5119134077040144E+045   1.5721035349795345E+033   1.0230788180820738E+019   50617.775327735500        9.5968858275730696E-009   1.7188466194685335E-020   1.3593851019515971E-032  -3.4449635211885729E-039  -1.9845504824355156E-046  -4.8876755010967182E-053  -2.8761186803414845E-059  -2.3676970908979620E-065
  -5.6774273849535564E+044   3.4810575058066786E+055   6.4580544538366446E+053   2.4061399507628001E+045   1.4733644945611332E+033   8.8944379522490071E+018   38492.638795444262        8.4862934981944781E-009   1.5501094713034274E-020   1.2248424301705904E-032  -3.0858828707533344E-039  -1.7641732214128693E-046  -4.3084628284060813E-053  -2.5130339815658271E-059  -2.0502415784790903E-065
  -5.5733545761863094E+044   3.4244439825604823E+055   6.2729511124736071E+053   2.3047765170536638E+045   1.3804831511455405E+033   7.6776817760519537E+018   27751.411584272217        7.4881320945624320E-009   1.3975424010997442E-020   1.1035281970678876E-032  -2.7641213515440949E-039  -1.5682207650862369E-046  -3.7977789885599077E-053  -2.1957173701607067E-059  -1.7752885742389974E-065
  -5.4709272635499321E+044   3.3686627761291678E+055   6.0930943166470155E+053   2.2076412991705850E+045   1.2931254606434255E+033   6.5712257273759201E+018   18264.332290407452        6.5918165956005289E-009   1.2596251087846159E-020   9.9414986663510806E-033  -2.4758120966781237E-039  -1.3939916627003340E-046  -3.3475301255387617E-053  -1.9184088272680817E-059  -1.5371563921401423E-065
  -5.3701216533187428E+044   3.3137043624086299E+055   5.9183380079239799E+053   2.1145598833326552E+045   1.2109758564262383E+033   5.5664449869714801E+018   9912.7043508535826        5.7877131744798459E-009   1.1349779928006478E-020   8.9554043753174233E-033  -2.2174876505001484E-039  -1.2390825895055972E-046  -2.9505765543524550E-053  -1.6760720017487979E-059  -1.3309216137079380E-065
  -5.2709142649220905E+044   3.2595592328444770E+055   5.7485400736142299E+053   2.0253649539298762E+045   1.1337362533602658E+033   4.6553380089483080E+018   2588.0053926472451        5.0670565172861721E-009   1.0223493047272379E-020   8.0664632239837332E-033  -1.9860388490734085E-039  -1.1013555246103906E-046  -2.6006205020775874E-053  -1.4643034592767274E-059  -1.1523180704830892E-065
  -5.1732819275398857E+044   3.2062178985655721E+055   5.5835622457252964E+053   1.9398960095973289E+045   1.0611251042480825E+033   3.8304837146715392E+018  -3808.9345446198608        4.4218741465128591E-009   9.2060346252009245E-021   7.2651639061889850E-033  -1.7786779192100658E-039  -9.7890853310054970E-047  -2.2921070274570442E-053  -1.2792532892588058E-059  -9.9764925848270960E-066
  -5.0772017767123364E+044   3.1536708943189860E+055   5.4232700022436006E+053   1.8579990903831174E+045   9.9287650598649026E+032   3.0850015189016330E+018  -9368.6910773057461        3.8449171683309402E-009   8.2871041902524663E-021   6.5429206351239841E-033  -1.5929053648520191E-039  -8.7004975773457111E-047  -2.0201365756314276E-053  -1.1175556511748038E-059  -8.6371240233695900E-066
  -4.9826512509647450E+044   3.1019087822133712E+055   5.2675324707008144E+053   1.7795265155910111E+045   9.2873935288449334E+032   2.4125140063746708E+018  -14173.944624160820        3.3295969099081778E-009   7.4573599154443387E-021   5.8919836146501329E-033  -1.4264802535118889E-039  -7.7327426861368763E-047  -1.7803878048690599E-053  -9.7626801865136092E-060  -7.4773262274340604E-066
  -4.8896080884481999E+044   3.0509221552775635E+055   5.1162223339848416E+053   1.7043366318937465E+045   8.6847653471281422E+032   1.8071120883799941E+018  -18300.125067154444        2.8699269565793401E-009   6.7083306655256789E-021   5.3053581204948520E-033  -1.2773935549324313E-039  -6.8724345762797567E-047  -1.5690494814554684E-053  -8.5281803434379174E-060  -6.4730586569002008E-066
  -4.7980503235969217E+044   3.0007016408409970E+055   4.9692157383548538E+053   1.6322935713274634E+045   8.1186417717821125E+032   1.2633224795604237E+018  -21816.006037738163        2.4604701387097873E-009   6.0323360126425991E-021   4.7767313681781190E-033  -1.1438442195699694E-039  -6.1076669870094220E-047  -1.3827603796341618E-053  -7.4495702421814095E-060  -5.6034942964514819E-066
  -4.7079562838030146E+044   2.9512379037423177E+055   4.8263922036199085E+053   1.5632670187918161E+045   7.5869092263170363E+032   7.7607734517811712E+017  -24784.252637522906        2.0962900549188552E-009   5.4224135067765042E-021   4.3004064227502572E-033  -1.0242177163575669E-039  -5.4278502534921795E-047  -1.2185562478147817E-053  -6.5071933849029706E-060  -4.8505908116533897E-066
  -4.6193045861093128E+044   2.9025216493723765E+055   4.6876345354408387E+053   1.4971319886938844E+045   7.0875724893001600E+032   3.4068597849489818E+017  -27261.926121955003        1.7729067521926439E-009   4.8722525504798939E-021   3.8712424762587636E-033  -9.1706677781999310E-040  -4.8235660424555534E-047  -1.0738230120893145E-053  -5.6838679037922661E-060  -4.1987188322705341E-066
  -4.5320741339209754E+044   2.8545436265575867E+055   4.5528287397152754E+053   1.4337686103871350E+045   6.6187482447438948E+032  -47191623253885512.       -29300.948815344032        1.4862562145519210E-009   4.3761342851297220E-021   3.4846008830050181E-033  -8.2109412632191510E-040  -4.2864380768304844E-047  -9.4625548510806599E-054  -4.9645755479957927E-060  -3.6343397673655014E-066
  -4.4462441137364531E+044   2.8072946302894506E+055   4.4218639390059063E+053   1.3730619220693938E+045   6.1786589755061817E+032  -3.9156940752402221E+017  -30948.532284106695        1.2326533405660331E-009   3.9288769485498296E-021   3.1362964007285777E-033  -7.3513697832717352E-040  -3.8090170940812065E-047  -8.3382093405515546E-054  -4.3361896876038619E-060  -3.1457265645002756E-066
  -4.3617939918984072E+044   2.7607655043058635E+055   4.2946322909723305E+053   1.3149016728160441E+045   5.7656271818900146E+032  -6.9615825521775206E+017  -32247.571571024328        1.0087581163171897E-009   3.5257862118608828E-021   2.8225531384375729E-033  -6.5815314429485682E-040  -3.3846784750627396E-047  -7.3472693714616992E-054  -3.7872374495798170E-060  -2.7227216997249812E-066
  -4.2787035113651283E+044   2.7149471435296382E+055   4.1710289087671481E+053   1.2591821324365205E+045   5.3780699085308089E+032  -9.6438741768052890E+017  -33237.008085438436        8.1154471460490595E-010   3.1626100472009583E-021   2.5399647592051792E-033  -5.8920856047495862E-040  -3.0075311514373402E-047  -6.4739302491322617E-054  -3.3076917108506745E-060  -2.3565274436074146E-066
  -4.1969526885029705E+044   2.6698304963695067E+055   4.0509517833572556E+053   1.2058019088536250E+045   5.0144935635177861E+032  -1.1994245032385644E+018  -33952.163551483747        6.3827327340708291E-010   2.8354977178897946E-021   2.2854585293428396E-033  -5.2746610560648922E-040  -2.6723365521809373E-047  -5.7042566157472095E-054  -2.8887892080377979E-060  -2.0395241066288563E-066
  -4.1165218099002828E+044   2.6254065668887032E+055   3.9343017077316559E+053   1.1546637727162419E+045   4.6734890145108043E+032  -1.4041941081479247E+018  -34425.047237616920        4.8646412703818995E-010   2.5409625190207830E-021   2.0562628443655600E-033  -4.7217557055628629E-040  -2.3744364855527526E-047  -5.0259617391863507E-054  -2.5228714909464834E-060  -1.7651125381293259E-066
  -4.0373914292032947E+044   2.5816664168460526E+055   3.8209822029574656E+053   1.1056744889667075E+045   4.3537269473890737E+032  -1.5813951807948534E+018  -34684.638524848997        3.5387428221014003E-010   2.2758479296638549E-021   1.8498778974682455E-033  -4.2266466244027764E-040  -2.1096889738994963E-047  -4.4282128116379250E-054  -2.2032458562409140E-060  -1.5275776481603538E-066
  -3.9595423639743633E+044   2.5386011676143446E+055   3.7108994460461807E+053   1.0587446550944077E+045   4.0539534737049659E+032  -1.7335172023294157E+018  -34757.146717308729        2.3847594844020758E-010   2.0372968681299538E-021   1.6640491881836242E-033  -3.7833093689602048E-040  -1.8744111664366237E-047  -3.9014591991387317E-054  -1.9240637559643340E-060  -1.3219701511060738E-066
  -3.8829556925729911E+044   2.4962020019806086E+055   3.6039621995926947E+053   1.0137885458171248E+045   3.7729859739163517E+032  -1.8628552616079741E+018  -34666.249856192946        1.3843694808485783E-010   1.8227237693400045E-021   1.4967435978081535E-033  -3.3863456306568422E-040  -1.6653285511344701E-047  -3.4372809421249000E-054  -1.6802144890812255E-060  -1.1440041024539301E-066
  -3.8076127510599700E+044   2.4544601658327660E+055   3.5000817431499633E+053   9.7072396394126341E+044   3.5097091640364201E+032  -1.9715240973431780E+018  -34433.314166000418        5.2102845821114064E-011   1.6297892284921984E-021   1.3461277843490282E-033  -3.0309183562786586E-040  -1.4795297723214461E-047  -3.0282551239943496E-054  -1.4672322585871372E-060  -9.8996812317732692E-067
  -3.7334951301249962E+044   2.4133669697369803E+055   3.3991718063026781E+053   9.2947209716136135E+044   3.2630713739723964E+032  -2.0614711756931346E+018  -34077.595639454237       -2.2019349248284210E-011   1.4563769781448075E-021   1.2105486734227782E-033  -2.7126935699762514E-040  -1.3144264367451754E-047  -2.6678380044884762E-054  -1.2812149168294055E-060  -8.5664848638100755E-067
  -3.6605846720380613E+044   2.3729137904098925E+055   3.3011485034037555E+053   8.8995738056823470E+044   3.0320810264255261E+032  -2.1344888671454088E+018  -33616.425154002703       -8.5276043427743624E-011   1.3005729867228484E-021   1.0885158429593163E-033  -2.4277882069838362E-040  -1.1677173586262007E-047  -2.3502610617301299E-054  -1.1187529317791534E-060  -7.4126248383778239E-067
  -3.5888634676249184E+044   2.3330920720897953E+055   3.2059302699379279E+053   8.5210736464374377E+044   2.8158033057956958E+032  -2.1922257824488077E+018  -33065.378407607765       -1.3888060350436597E-010   1.1606464854940784E-021   9.7868561894794722E-034  -2.1727233398805776E-040  -1.0373567546074877E-047  -2.0704393048372505E-054  -9.7686729083161295E-061  -6.4140070074352339E-067
  -3.5183138532668810E+044   2.2938933278106541E+055   3.1134378004771975E+053   8.1585258852848995E+044   2.6133570070765396E+032  -2.2361973234998956E+018  -32438.431864085083       -1.8392570003755571E-010   1.0350327484058120E-021   8.7984671699696352E-034  -1.9443822417695983E-040  -9.2152595325718098E-048  -1.8238904115500953E-054  -8.5295521956287159E-061  -5.5497700971525790E-067
  -3.4489184079252019E+044   2.2553091405827707E+055   3.0235939881934166E+053   7.8112645835679242E+044   2.4239115552422068E+032  -2.2677955014862080E+018  -31748.105807994598       -2.2139455235008772E-010   9.2231746497759749E-022   7.9090728034108916E-034  -1.7399727878027198E-040  -8.1860823164448999E-048  -1.6066634152539175E-054  -7.4474273360410154E-061  -4.8018525346793830E-067
  -3.3806599501902488E+044   2.2173311644837500E+055   2.9363238658937540E+053   7.4786513046103496E+044   2.2466841861164799E+032  -2.2882980712094671E+018  -31005.595525478886       -2.5217117000478287E-010   8.2122256084161817E-022   7.1088317927972995E-034  -1.5569937476947679E-040  -7.2716643412306682E-048  -1.4152758157888013E-054  -6.5024316491981470E-061  -4.1546172295093136E-067
  -3.3135215353556818E+044   2.1799511256633122E+055   2.8515545485453136E+053   7.1600739925494997E+044   2.0809372801798588E+032  -2.2988770273458842E+018  -30220.891550027325       -2.7704967756524206E-010   7.3059333363668394E-022   6.3888745000737461E-034  -1.3932045678449254E-040  -6.4592306639652035E-048  -1.2466581208466187E-054  -5.6772091149280135E-061  -3.5945265680094578E-067
  -3.2474864525178083E+044   2.1431608232653782E+055   2.7692151772556941E+053   6.8549458961260649E+044   1.9259758412117827E+032  -2.3006065054338765E+018  -29402.889840461485       -2.9674280211282160E-010   6.4938678390598409E-022   5.7412076253564291E-034  -1.2465982829486463E-040  -5.7374259171801383E-048  -1.0981049416220923E-054  -4.9565975364947076E-061  -3.1098609119929699E-067
  -3.1825382217002806E+044   2.1069521302707371E+055   2.6892368646767942E+053   6.5627045356681406E+044   1.7811451120844724E+032  -2.2944701275999396E+018  -28559.492692075411       -3.1188959627169605E-010   5.7666103152661348E-022   5.1586281802220904E-034  -1.1153772340222554E-040  -5.0961568614568563E-048  -9.6723186953045804E-055  -4.3273516268990854E-061  -2.6904747871217296E-067
  -3.1186605910042731E+044   2.0713169942634999E+055   2.6115526417996929E+053   6.2828107115735294E+044   1.6458283204230436E+032  -2.2813678304295245E+018  -27697.701120438607       -3.2306246333021903E-010   5.1156571810447721E-022   4.6346458542181962E-034  -9.9793130300495844E-041  -4.5264523654371078E-048  -8.5193745183553332E-055  -3.7779009959173355E-061  -2.3275857226817284E-067
  -3.0558375337842715E+044   2.0362474381244339E+055   2.5360974061089641E+053   6.0147475526588752E+044   1.5194445472245826E+032  -2.2621222099507292E+018  -26823.699400520789       -3.3077354539456961E-010   4.5333330478751493E-022   4.1634129605549448E-034  -8.9281840393716449E-041  -4.0203388884671183E-048  -7.5036966436851936E-055  -3.2981386462655165E-061  -2.0135913767116236E-067
  -2.9940532458495742E+044   2.0017355606541671E+055   2.4628078710653121E+053   5.7580196028064324E+044   1.4014467118877940E+032  -2.2374844164142610E+018  -25942.932391193306       -3.3548053032818628E-010   4.0127118316171481E-022   3.7396612254321881E-034  -7.9874699748794750E-041  -3.5707297531498116E-048  -6.6089635041321269E-055  -2.8792361389225828E-061  -1.7419111633179212E-067
  -2.9332921426916023E+044   1.9677735371291543E+055   2.3916225168859550E+053   5.5121519443991911E+044   1.2913196674455502E+032  -2.2081396294138908E+018  -25060.176226493102       -3.3759192847941671E-010   3.5475452436969385E-022   3.3586447564220914E-034  -7.1456041963087332E-041  -3.1713266838647033E-048  -5.8207915739444987E-055  -2.5134820701246715E-061  -1.5068491041905598E-067
  -2.8735388567370948E+044   1.9343536197931969E+055   2.3224815425927032E+053   5.2766893570927928E+044   1.1885784001161117E+032  -2.1747121418885315E+018  -24179.602910014346       -3.3747186584489418E-010   3.1321979839600749E-022   3.0160885894886937E-034  -6.3922283682720957E-041  -2.8165322553429524E-048  -5.1265055821109432E-055  -2.1941409245136184E-061  -1.3034750641715566E-067
  -2.8147782346272438E+044   1.9014681382872182E+055   2.2553268192982229E+053   5.0511955105283325E+044   1.0927663275957626E+032  -2.1377700796716667E+018  -23304.839307153397       -3.3544443632496916E-010   2.7615890165639059E-022   2.7081422722276429E-034  -5.7180665942102488E-041  -2.5013720449319504E-048  -4.5149359276584149E-055  -1.9153297379564356E-061  -1.1275219101867735E-067
  -2.7569953345228280E+044   1.8691095000198945E+055   2.1901018447015008E+053   4.8352521896437120E+044   1.0034536908069761E+032  -2.0978297814982162E+018  -22439.020991427256       -3.3179765207026532E-010   2.4311383666415898E-022   2.4313379933408009E-034  -5.1148126230845559E-041  -2.2214254152770348E-048  -3.9762400822370122E-055  -1.6719103262776776E-061  -9.7529646169700880E-068
  -2.7001754234353647E+044   1.8372701904816685E+055   2.1267516987640665E+053   4.6284585512928342E+044   9.2023603409271976E+031  -2.0553598627355971E+018  -21584.841365483961       -3.2678702756768324E-010   2.1367189267557320E-022   2.1825528157531244E-034  -4.5750287751697954E-041  -1.9727639725929816E-048  -3.5017451445208955E-055  -1.4593951183629238E-061  -8.4360238579756889E-068
  -2.6443039745843127E+044   1.8059427735045683E+055   2.0652230005390425E+053   4.4304304109316411E+044   8.4273276910989994E+031  -2.0107849845677123E+018  -20744.596444512390       -3.2063883004474298E-010   1.8746128088227848E-022   1.9589746136145357E-034  -4.0920553730262557E-041  -1.7518968511027537E-048  -3.0838090455212138E-055  -1.2738648788739945E-061  -7.2967343703807377E-068
  -2.5893666647803242E+044   1.7751198914701888E+055   2.0054638661256327E+053   4.2407995581778729E+044   7.7058581792390619E+031  -1.9644893489213066E+018  -19920.225659340296       -3.1355302595987956E-010   1.6414718196419437E-022   1.7580713521431633E-034  -3.6599295890776784E-041  -1.5557220680176003E-048  -2.7156981990739670E-055  -1.1118968216053784E-061  -6.3111565601265481E-068
  -2.5353493718345497E+044   1.7447942654680965E+055   1.9474238677221827E+053   4.0592131000975416E+044   7.0345833104243812E+031  -1.9168199380774001E+018  -19113.349008399393       -3.0570595077189152E-010   1.4342816767801393E-022   1.5775633842525915E-034  -3.2733127336684558E-041  -1.3814832768960960E-048  -2.3914796521632422E-055  -9.7050180319189893E-062  -5.4585732617753517E-068
  -2.4822381719939736E+044   1.7149586954068525E+055   1.8910539937514548E+053   3.8853328311154835E+044   6.4103347635089752E+031  -1.8680895166505334E+018  -18325.300861764452       -2.9725272682463095E-010   1.2503296166903687E-022   1.4153984695214223E-034  -2.9274251083431952E-041  -1.2267313214855911E-048  -2.1059260194554100E-055  -8.4706945184894402E-062  -4.7210564899662790E-068
  -2.4300193374027582E+044   1.6856060600797646E+055   1.8363066100322924E+053   3.7188346284901113E+044   5.8301329512422094E+031  -1.8185794124399073E+018  -17557.160696481282       -2.8832945202524131E-010   1.0871750788863668E-022   1.2697292496313392E-034  -2.6179876395720250E-041  -1.0892900582288211E-048  -1.8544316890604699E-055  -7.3932023006242556E-062  -4.0830923669794094E-068
  -2.3786793335895588E+044   1.6567293171874087E+055   1.7831354219723519E+053   3.5594078723336223E+044   5.2911762149168964E+031  -1.7685420915540398E+018  -16809.781020239268       -2.7905518001927672E-010   9.4262317904710436E-023   1.1388929402121084E-034  -2.3411695893022210E-041  -9.6722597441130433E-049  -1.6329389652872549E-055  -6.4526355624752385E-062  -3.5312564250655482E-068
  -2.3282048169807644E+044   1.6283215033188889E+055   1.7314954377570893E+053   3.4067548891985179E+044   4.7908306192252863E+031  -1.7182035421795244E+018  -16083.812719981879       -2.6953371075870855E-010   8.1470071033928188E-023   1.0213930223527841E-034  -2.0935417115082909E-041  -8.5882118123312462E-049  -1.4378729718305350E-055  -5.6316122063898313E-062  -3.0539325268498852E-068
  -2.2785826324396030E+044   1.6003757338937384E+055   1.6813429325107003E+053   3.2605904182894255E+044   4.3266203148151276E+031  -1.6677654804003315E+018  -15379.728053156618       -2.5985520870520347E-010   7.0163443626128290E-023   9.1588273810690317E-035  -1.8720342891978747E-041  -7.6254940762529108E-049  -1.2660842779008898E-055  -4.9149542705196704E-062  -2.6410695520973983E-068
  -2.2297998108310518E+044   1.5728852030662889E+055   1.6326354134051991E+053   3.1206410993958817E+044   3.8962184377584301E+031  -1.6174073905726313E+018  -14697.841481867434       -2.5009766439834861E-010   6.0183146014343541E-023   8.2115021335192988E-035  -1.6738995448812162E-041  -6.7705466203134606E-049  -1.1147983324721219E-055  -4.2894087640256851E-062  -2.2839707830801173E-068
  -2.1818435666124787E+044   1.5458431835942838E+055   1.5853315856943269E+053   2.9866449816770545E+044   3.4974385167769768E+031  -1.5672884119173609E+018  -14038.328534098788       -2.4032821373494848E-010   5.1386147628319471E-023   7.3610504855525089E-035  -1.4966779700199001E-041  -6.0113226620475757E-049  -9.8157090000818495E-056  -3.7434038152405468E-062  -1.9751115998704664E-068
  -2.1347012954499293E+044   1.5192430266734358E+055   1.5393913196494592E+053   2.8583510524633542E+044   3.1282263606156053E+031  -1.5175490822050071E+018  -13401.242861330893       -2.3060432804034284E-010   4.3644072572888643E-023   6.5976623352757331E-035  -1.3381681660575722E-041  -5.3371199783528561E-049  -8.6424878644730621E-056  -3.2668356719094556E-062  -1.7079816851062818E-068
  -2.0883605718599737E+044   1.4930781617395759E+055   1.4947756183751663E+053   2.7355187852725708E+044   2.7866523994210028E+031  -1.4683129486708035E+018  -12786.531648166592       -2.2097488685598131E-010   3.6841749611485356E-023   5.9125125626967146E-035  -1.1963998318592547E-041  -4.7384310796105189E-049  -7.6093522837002740E-056  -2.8508826553314452E-062  -1.4769484472700641E-068
  -2.0428091468770143E+044   1.4673420962399808E+055   1.4514465864825638E+053   2.6179177062696238E+044   2.4709044553743676E+031  -1.4196880556105091E+018  -12194.049516955640       -2.1148114431015728E-010   3.0875901984266467E-023   5.2976628868477645E-035  -1.0696095702472229E-041  -4.2068100504633172E-049  -6.6995939248805242E-056  -2.4878426620549574E-062  -1.2771388128169859E-068
  -1.9980349457459520E+044   1.4420284153754062E+055   1.4093673995990451E+053   2.5053269784292767E+044   2.1792809191445549E+031  -1.3717683174640497E+018  -11623.571058751410       -2.0215759897249831E-010   2.5653963843263526E-023   4.7459734336738137E-035  -9.5621922026949841E-042  -3.7347542066312586E-049  -5.8984949803380795E-056  -2.1709912366541394E-062  -1.1043369196893960E-068
  -1.9540260656401005E+044   1.4171307818143029E+055   1.3685022746934670E+053   2.3975350026902650E+044   1.9101843099779941E+031  -1.3246347855936842E+018  -11074.802111194156       -1.9303277620988367E-010   2.1093011316040325E-023   4.2510230600818752E-035  -8.5481645227497612E-042  -3.3155989222333054E-049  -5.1930913234027521E-056  -1.8944576148186067E-062  -9.5489557576977637E-069
  -1.9107707734042305E+044   1.3926429353806341E+055   1.3288164411963080E+053   2.2943390354172921E+044   1.6621151984261532E+031  -1.2783568164023160E+018  -10547.389894014999       -1.8412993125487979E-010   1.7118797325678910E-023   3.8070375728133295E-035  -7.6413739015879786E-042  -2.9434241644901800E-049  -4.5719638078913817E-056  -1.6531164643434135E-062  -8.2565963249469525E-069
  -1.8682575033226222E+044   1.3685586927166643E+055   1.2902761128947685E+053   2.1955448215142720E+044   1.4336664718340265E+031  -1.2329931479135524E+018  -10040.932103732153       -1.7546768046111196E-010   1.3664880308773882E-023   3.4088250650067912E-035  -6.8305104960741295E-042  -2.6129714349123060E-049  -4.0250543717737199E-056  -1.4424933385660826E-062  -7.1389967211073398E-069
  -1.8264748549120001E+044   1.3448719469220412E+055   1.2528484605832313E+053   2.1009662425581004E+044   1.2235179237771127E+031  -1.1885928914457690E+018  -9554.9850607063545       -1.6706056754731081E-010   1.0671837893772506E-023   3.0517176693423435E-035  -6.1054540310609120E-042  -2.3195699603549549E-049  -3.5435040011810503E-056  -1.2586821075737784E-062  -6.1725462203895037E-069
  -1.7854115907392122E+044   1.3215766671704381E+055   1.2165015854499345E+053   2.0104249793471395E+044   1.0304311496426697E+031  -1.1451964445555121E+018  -9089.0709939815679       -1.5891957101766364E-010   8.0865574379175300E-024   2.7315190952882996E-035  -5.4571490213376600E-042  -2.0590711056317874E-049  -3.1195099597730638E-056  -1.0982728516513588E-062  -5.3368209598002645E-069
  -1.7450566342635188E+044   1.2986668983049835E+055   1.1812044931811389E+053   1.9237501882825553E+044   8.5324473150652046E+030  -1.1028363309989970E+018  -8642.6845422089227       -1.5105255838559314E-010   5.8615960799312304E-024   2.4444573799240942E-035  -4.8774930459544051E-042  -1.8277900934817787E-049  -2.7461999960618134E-056  -9.5828889294298044E-063  -4.6141542259566430E-069
  -1.7053990677033446E+044   1.2761367604136551E+055   1.1469270687644968E+053   1.8407781910236801E+044   6.9086969636202745E+030  -1.0615379730622751E+018  -8215.2985423898772       -1.4346469231661913E-010   3.9546036544323726E-024   2.1871423377333978E-035  -4.3592367134129852E-042  -1.6224542191523241E-049  -2.4175215124755277E-056  -8.3613180863829560E-063  -3.9892646218529349E-069
  -1.6664281299273502E+044   1.2539804483857770E+055   1.1136400519737430E+053   1.7613521768807092E+044   5.4228523261564243E+030  -1.0213204012390103E+018  -7806.3691721352916       -1.3615879333935420E-010   2.3278024392812757E-024   1.9565272452339255E-035  -3.8958940978280067E-042  -1.4401568370894504E-049  -2.1281439190298479E-056  -7.2953341521331764E-063  -3.4489343263617330E-069
  -1.6281332143696677E+044   1.2321922314507079E+055   1.0813150135172433E+053   1.6853219174293362E+044   4.0653465057610664E+030  -9.8219690588800806E+017  -7415.3405055802705       -1.2913566334811295E-010   9.4751827440628172E-025   1.7498743418624127E-035  -3.4816625530866506E-042  -1.2783164774569133E-049  -1.8733726052525371E-056  -6.3651384101714189E-063  -2.9817307056776604E-069
  -1.5905038669691453E+044   1.2107664526997742E+055   1.0499243318333315E+053   1.6125434928524009E+044   2.8272157343423579E+030  -9.4417563517907046E+017  -7041.6485379832502       -1.2239437373256316E-010  -2.1624189454082656E-025   1.5647237696416758E-035  -3.1113509257953966E-042  -1.1346405215449213E-049  -1.6490731498256110E-056  -5.5534491612540793E-063  -2.5777654419059408E-069
  -1.5535297841324434E+044   1.1896975285924625E+055   1.0194411705157654E+053   1.5428790295332953E+044   1.7000634595948995E+030  -9.0726014333390221E+017  -6684.7247293374230       -1.1593252161610225E-010  -1.1901705273178792E-024   1.3988656112524842E-035  -2.7803152897554839E-042  -1.0070929285597056E-049  -1.4516045512169957E-056  -4.8451820591345705E-063  -2.2284861283775632E-069
  -1.5172008107208166E+044   1.1689799484478408E+055   9.8983945635302171E+052   1.4761964484447856E+044   6.7602648830286097E+029  -8.7144989288724045E+017  -6343.9991130013659       -1.0974645736225492E-010  -1.9980021109844534E-024   1.2503147196055429E-035  -2.4844014160786368E-042  -8.9386556268207321E-050  -1.2777604069749660E-056  -4.2271710001432901E-063  -1.9264959603408533E-069
  -1.4815069380604174E+044   1.1486082739221478E+055   9.6109385796552789E+052   1.4123692238950957E+044  -2.5225692830749932E+029  -8.3674071443082010E+017  -6018.9030113844392       -1.0383148621465846E-010  -2.6608215642895949E-024   1.1172880622099917E-035  -2.2198932749356923E-042  -7.9335271942477235E-050  -1.1247170966481653E-056  -3.6879244277299645E-063  -1.6653977375558850E-069
  -1.4464383019759507E+044   1.1285771384734500E+055   9.3317976502530409E+052   1.3512761522105594E+044  -1.0916771752578887E+030  -8.0312522705796134E+017  -5708.8713970737190       -9.8182046668659586E-011  -3.1973417478543786E-024   9.9818433088232498E-036  -1.9834669383055815E-042  -7.0412849489733382E-050  -9.8998813549642186E-057  -3.2174125634679543E-063  -1.4396589042329426E-069
  -1.4119851808475100E+044   1.1088812468142325E+055   9.0607326804285854E+052   1.2928011299509517E+044  -1.8486816227749034E+030  -7.7059322249832448E+017  -5413.3449344379933       -9.2791867928925077E-011  -3.6241530875200877E-024   8.9156559192067605E-036  -1.7721493188417683E-042  -6.2492668121897886E-050  -8.7138396505817686E-057  -2.8068816442001796E-063  -1.2444947923010734E-069
  -1.3781379936904160E+044   1.0895153743527564E+055   8.7975113870653728E+052   1.2368329412697427E+044  -2.5293013401818155E+030  -7.3913201571962906E+017  -5131.7717336672640       -8.7654108585696085E-011  -3.9559480318232588E-024   7.9614077404336697E-036  -1.5832812388876274E-042  -5.5462290655303795E-050  -7.6697653381358755E-057  -2.4486917413566735E-063  -1.0757676153407333E-069
  -1.3448872982578866E+044   1.0704743666239815E+055   8.5419081075988270E+052   1.1832650540470256E+044  -3.1391762661321469E+030  -7.0872676457486554E+017  -4863.6088463819415       -8.2761478440494582E-011  -4.2057228049499621E-024   7.1075081139181225E-036  -1.4144843764599275E-042  -4.9221876955745113E-050  -6.7506809801664496E-057  -2.1361751720624153E-063  -9.2989909060969446E-070
  -1.3122237891663541E+044   1.0517531387108241E+055   8.2937036140290529E+052   1.1319954244377769E+044  -3.6835789216107608E+030  -6.7936076088878106E+017  -4608.3235293544431       -7.8106345228483085E-011  -4.3849586812423675E-024   6.3435527693790177E-036  -1.2636316823157168E-042  -4.3682774588876289E-050  -5.9416374048928745E-057  -1.8635128904061328E-063  -8.0379485231325791E-070
  -1.2801382960432515E+044   1.0333466746564873E+055   8.0526849320350904E+052   1.0829263094924217E+044  -4.1674367474123269E+030  -6.5101569520530701E+017  -4365.3943005090759       -7.3680827817696331E-011  -4.5037847941346360E-024   5.6602035790601984E-036  -1.1288209045921617E-042  -3.8766266914710237E-050  -5.2294716485504935E-057  -1.6256265780819433E-063  -6.9477906657569360E-070
  -1.2486217816970821E+044   1.0152500268685726E+055   7.8186451650564597E+052   1.0359640875204409E+044  -4.5953531433426534E+030  -6.2367189725728410E+017  -4134.3118091867645       -6.9476877313551344E-011  -4.5711242992410546E-024   5.0490803949249610E-036  -1.0083508954718610E-042  -3.4402461064983848E-050  -4.6025937529119046E-057  -1.4180844425983945E-063  -6.0053787261838501E-070
  -1.2176653403095925E+044   9.9745831551565342E+054   7.5913833232110306E+052   9.9101908588096674E+043  -4.9716272821623887E+030  -5.9730855407054323E+017  -3914.5795406638499       -6.5486347359070072E-011  -4.5948255363518460E-024   4.5026637639641028E-036  -9.0070040833581128E-043  -3.0529300197686151E-050  -4.0507989823583189E-057  -1.2370189836625949E-063  -5.1907045990817099E-070
  -1.1872601956498559E+044   9.7996672791696409E+054   7.3707041569214163E+052   9.4800541589702182E+043  -5.3002727672925402E+030  -5.7190390747539059E+017  -3705.7143730842959       -6.1701054795900124E-011  -4.5817796766254238E-024   4.0142074360604486E-036  -8.0450912433293720E-043  -2.7091686161196845E-050  -3.5651024334040958E-057  -1.0790552088122397E-063  -4.4864675137457200E-070
  -1.1573976993100849E+044   9.6277051792582978E+054   7.1564179951252515E+052   9.0684081460225033E+043  -5.5850351995153363E+030  -5.4743543266914042E+017  -3507.2470032889182       -5.8112831737380347E-011  -4.5380261977685486E-024   3.5776596864199800E-036  -7.1856067458696452E-043  -2.4040700245379023E-050  -3.1375933696021618E-057  -9.4124797192384568E-064  -3.8777080155573488E-070
  -1.1280693289629798E+044   9.4586500530743980E+054   6.9483405879477675E+052   8.6744649304070984E+043  -5.8294087143209127E+030  -5.2387999935289754E+017  -3318.7222564912995       -5.4713570001553164E-011  -4.4688474000763943E-024   3.1875925715577511E-036  -6.4176744870828143E-043  -2.1332911070057513E-050  -2.7613069320217366E-057  -8.2102727639998434E-064  -3.3514913861944286E-070
  -1.0992666866404266E+044   9.2924557511153970E+054   6.7462929537180868E+052   8.2974699085155164E+043  -6.0366515481595742E+030  -5.0121401685371514E+017  -3139.6992933465585       -5.1495258758243431E-011  -4.3788530585992444E-024   2.8391383252517596E-036  -5.7315700217600571E-043  -1.8929759881664185E-050  -2.4301111550639923E-057  -7.1615053171487475E-064  -2.8966338312766540E-070
  -1.0709814970333480E+044   9.1290767704059466E+054   6.5501012302136074E+052   7.9367003688122635E+043  -6.2098006886507944E+030  -4.7941356453898592E+017  -2969.7517266755963       -4.8450016159255268E-011  -4.2720562002635309E-024   2.5279321796850061E-036  -5.1185989476883715E-043  -1.6797014613403372E-050  -2.1386074637369075E-057  -6.2466088027011983E-064  -2.5034656634411233E-070
  -1.0432056058125238E+044   8.9684682481395398E+054   6.3595965300197004E+052   7.5914641557624025E+043  -6.3516856607641371E+030  -4.5845450873293824E+017  -2808.4676589341220       -4.5570115643606700E-011  -4.1519408984599541E-024   2.2500609680293818E-036  -4.5709880979000370E-043  -1.4904285028163509E-050  -1.8820430455888961E-057  -5.4485082353418286E-064  -2.1636264870554883E-070
  -1.0159309779701807E+044   8.8105859552852374E+054   6.1746147998947922E+052   7.2610983891945980E+043  -6.4649414981148628E+030  -4.3831260725491898E+017  -2655.4496504438084       -4.2848007539817841E-011  -4.0215228904739869E-024   2.0020169287467385E-036  -4.0817881956466524E-043  -1.3224592119983121E-050  -1.6562336817762908E-057  -4.7523047426658581E-064  -1.8698880641796230E-070
  -9.8914969618216212E+043   8.6553862901643285E+054   5.9949966840336273E+052   6.9449682368254159E+043  -6.5520209457994135E+030  -4.1896360261529030E+017  -2510.3146274240321       -4.0276336523943722E-011  -3.8834037443150187E-024   1.7806561895802860E-036  -3.6447867677837583E-043  -1.1733985711092013E-050  -1.4574957902751475E-057  -4.1449984705714577E-064  -1.6160011240800314E-070
  -9.6285395919048452E+043   8.5028262720015804E+054   5.8205873911242257E+052   6.6424657377626459E+043  -6.6152059386251721E+030  -4.0038330482682611E+017  -2372.6937379692813       -3.7847955434706049E-011  -3.7398192302197350E-024   1.5831614612040410E-036  -3.2544302384367229E-043  -1.0411204857991275E-050  -1.2825865827428303E-057  -3.6152467401117387E-064  -1.3965628827895814E-070
  -9.3703608020608493E+043   8.3528635344555195E+054   5.6512365650966645E+052   6.3530086748937410E+043  -6.6566183961570851E+030  -3.8254766471705766E+017  -2242.2321633024162       -3.5555935895189067E-011  -3.5926824876551699E-024   1.4070085173495496E-036  -2.9057542378185827E-043  -9.2373762811319308E-051  -1.1286513673691826E-057  -3.1531529755440025E-064  -1.2069024754534794E-070
  -9.1168848533156685E+043   8.2054563191320041E+054   5.4867981594644102E+052   6.0760394941503177E+043  -6.6782303737035232E+030  -3.6543283855972467E+017  -2118.5888908911393       -3.3393576143630275E-011  -3.4436225203847246E-024   1.2499360804430006E-036  -2.5943212622595169E-043  -8.1957465668798240E-051  -9.9317714532828305E-058  -2.7500824921405241E-064  -1.0429818816554567E-070
  -8.8680371200374916E+043   8.0605634690851475E+054   5.3271303151614274E+052   5.8110242687210923E+043  -6.6818736061882525E+030  -3.4901524478097856E+017  -2001.4364553382857       -3.1354406433406682E-011  -3.2940184995034702E-024   1.1099187698182212E-036  -2.3161649121166767E-043  -7.2714443650615778E-051  -8.7395174999863282E-058  -2.3985017290116791E-064  -9.0131025049132524E-071
  -8.6237440745582460E+043   7.9181444223094945E+054   5.1720952417807629E+052   5.5574517063638653E+043  -6.6692484797979266E+030  -3.3327161343793939E+017  -1890.4606523404377       -2.9432192323981967E-011  -3.1450303067682249E-024   9.8514280383341998E-037  -2.0677400153653065E-043  -6.4512692270946747E-051  -7.6902786759159663E-058  -2.0918379458767918E-064  -7.7886981470136295E-071
  -8.3839332719893165E+043   7.7781592052271442E+054   5.0215591021227077E+052   5.3148321980422290E+043  -6.6419324643488219E+030  -3.1817902911332006E+017  -1785.3602304488429       -2.7620936149963840E-011  -2.9976257075636126E-024   8.7398417808315968E-037  -1.8458780173158141E-043  -5.7235041043996821E-051  -6.7669135665116078E-058  -1.8243567813828933E-064  -6.7305182761799907E-071
  -8.1485333352294878E+043   7.6405684261733879E+054   4.8753918999630006E+052   5.0826969061847840E+043  -6.6013880374767310E+030  -3.0371496781981773E+017  -1685.8465648570193       -2.5914876924183771E-011  -2.8526045040222505E-024   7.7498906969684799E-037  -1.6477470819423770E-043  -5.0777488597068860E-051  -5.9543335332831331E-058  -1.5910554011886598E-064  -5.8160116816292326E-071
  -7.9174739401631320E+043   7.5053332688842265E+054   4.7334673709538099E+052   4.8605968909338728E+043  -6.5489701300143207E+030  -2.8985732846156474E+017  -1591.6433169765296       -2.4308488902540968E-011  -2.7106199837609189E-024   6.8685624275314578E-037  -1.4708164085402568E-043  -4.5047724396539729E-051  -5.2392571050606997E-058  -1.3875692526898627E-064  -5.0256844207950220E-071
  -7.6906858010467257E+043   7.3724154859889962E+054   4.5956628765725103E+052   4.6481022728172644E+043  -6.4859331202755238E+030  -2.7658445935688570E+017  -1502.4860831422045       -2.2796479012965854E-011  -2.5721979480470547E-024   6.0842125238862246E-037  -1.3128243195621311E-043  -3.9963816198601717E-051  -4.6099937273942938E-058  -1.2100906952824570E-064  -4.3426856585601768E-071
  -7.4681006560817606E+043   7.2417773925112009E+054   4.4618593010354251E+052   4.4448014303400358E+043  -6.4134374034116648E+030  -2.6387518028668851E+017  -1418.1220354070442       -2.1373783327996822E-011  -2.4377535746468922E-024   5.3864226548454877E-037  -1.1717497221553861E-043  -3.5453044671301072E-051  -4.0562533644466587E-058  -1.0552979950853761E-064  -3.7524495670915668E-071
  -7.2496512531721066E+043   7.1133818593804438E+054   4.3319409510958855E+052   4.2503002310551126E+043  -6.3325555605340947E+030  -2.5170880049581181E+017  -1338.3095570417406       -2.0035562739892117E-011  -2.3076063448339164E-024   4.7658733409956610E-037  -1.0457865877029735E-043  -3.1450868708536631E-051  -3.5689788658780162E-058  -9.2029336513426623E-065  -3.2423857043399417E-071
  -7.0352713358639065E+043   6.9871923069582936E+054   4.2057954586480164E+052   4.0642212947297146E+043  -6.2442781509087447E+030  -2.4006513304035427E+017  -1262.8178750412114       -1.8777197978702002E-011  -2.1819932407874909E-024   4.2142297427804186E-037  -9.3332113107128077E-044  -2.7900006799293926E-051  -3.1401983795558352E-058  -8.0254889975304648E-065  -2.8016113137742547E-071
  -6.8248956294660889E+043   6.8631726985806981E+054   4.0833136860597216E+052   3.8862032872813747E+043  -6.1495191492147542E+030  -2.2892450584223901E+017  -1191.4266916579124       -1.7594284097109936E-011  -2.0610803986450716E-024   3.7240391768446162E-037  -8.3291140474735568E-044  -2.4749621452285086E-051  -2.7628954153665347E-058  -6.9985939820666156E-065  -2.4207198741218086E-071
  -6.6184598273495674E+043   6.7412875341195066E+054   3.9643896341603227E+052   3.7159002442113432E+043  -6.0491210486181985E+030  -2.1826776978283821E+017  -1123.9258167263815       -1.6482624530937192E-011  -1.9449733835684592E-024   3.2886391685578232E-037  -7.4326905301489594E-044  -2.1954595130272788E-051  -2.4308944511820124E-058  -6.1030120053805020E-065  -2.0915809944340333E-071
  -6.4159005774232369E+043   6.6215018435654692E+054   3.8489203528102641E+052   3.5529809223151735E+043  -5.9438596492389958E+030  -2.0807630414023930E+017  -1060.1148023131284       -1.5438224830832236E-011  -1.8337262361468813E-024   2.9020749687282495E-037  -6.6324299814104243E-044  -1.9474887440056537E-051  -2.1387602237452412E-058  -5.3219627005498728E-065  -1.8071674128321552E-071
  -6.2171554687848506E+043   6.5037811806350208E+054   3.7368058539821794E+052   3.3971281785001612E+043  -5.8344485504807366E+030  -1.9833201964951811E+017  -999.80258101841002       -1.4457286148686595E-011  -1.7273494241077368E-024   2.5590255706064751E-037  -5.9180485455322476E-044  -1.7274964471501725E-051  -1.8817090689413807E-058  -4.6408085431883462E-065  -1.5614054307722198E-071
  -6.0221630185448977E+043   6.3880916164029869E+054   3.6279490272844876E+052   3.2480383745871938E+043  -5.7215433646458529E+030  -1.8901735944205786E+017  -942.80710906963782       -1.3536198551599713E-011  -1.6258168194770200E-024   2.2547373605551944E-037  -5.2803588847183627E-044  -1.5323292198191274E-051  -1.6555308711874111E-058  -4.0467814149682964E-065  -1.3490456106875355E-071
  -5.8308626588215812E+043   6.2743997329632772E+054   3.5222555578604834E+052   3.1054208070205000E+043  -5.6057456682690846E+030  -1.8011529809837702E+017  -888.95501517829723       -1.2671534226634717E-011  -1.5290718088785181E-024   1.9849646232998981E-037  -4.7111535969427597E-044  -1.3591886757578169E-051  -1.4565203536526103E-058  -3.5287440314368156E-065  -1.1655509938727614E-071
  -5.6431947239050365E+043   6.1626726171194988E+054   3.4196338465976509E+052   2.9689971604528915E+043  -5.4876067066673493E+030  -1.7160933902898765E+017  -838.08125598165384       -1.1860040631054728E-011  -1.4370326334505725E-024   1.7459162014437363E-037  -4.2031009943530130E-044  -1.2055915232624206E-051  -1.2814165924882232E-058  -3.0769817924898283E-065  -1.0070004665123315E-071
  -5.4591004375889122E+043   6.0528778541073268E+054   3.3199949325836665E+052   2.8385009842163948E+043  -5.3676308663210631E+030  -1.6348351037937386E+017  -790.02877875561103       -1.1098633635105198E-011  -1.3495970447708843E-024   1.5342076798000455E-037  -3.7496519352935415E-044  -1.0693341271119475E-051  -1.1273497716413283E-058  -2.6830211792230555E-065  -8.7000522265191774E-072
  -5.2785219006674557E+043   5.9449835213503799E+054   3.2232524177472188E+052   2.7136771907287729E+043  -5.2462789288677794E+030  -1.5572235963815955E+017  -744.64819196446615       -1.0384390697620577E-011  -1.2666463541043537E-024   1.3468185288541912E-037  -3.3449565408214770E-044  -9.4846105132235661E-052  -9.9179431230833848E-059  -2.3394713143387707E-065  -7.5163655043512110E-072
  -5.1014020785962640E+043   5.8389581822512158E+054   3.1293223936234230E+052   2.5942815749254032E+043  -5.1239711197011166E+030  -1.4831094711181693E+017  -701.79744410567866       -9.7145441087009358E-012  -1.1880489441274933E-024   1.1810536990209010E-037  -2.9837897499107172E-044  -8.4123713611700107E-052  -8.7252761454463352E-059  -2.0398857339873907E-065  -6.4936340793535404E-072
  -4.9276847893148510E+043   5.7347708800190217E+054   3.0381233701852058E+052   2.4800803538433492E+043  -5.0010899634238785E+030  -1.4123483841476403E+017  -661.34151121193042       -9.0864743283510030E-012  -1.1136633049462140E-024   1.0345092089524057E-037  -2.6614847778891262E-044  -7.4612271254526930E-052  -7.6759373965961474E-059  -1.7786417948370416E-065  -5.6099846247164997E-072
  -4.7573146912292131E+043   5.6323911315354354E+054   2.9495762066835921E+052   2.3708497255203505E+043  -4.8779829577015264E+030  -1.3448009611032173E+017  -623.15209328763240       -8.4977034452323398E-012  -1.0433406496309201E-024   9.0504131755159390E-038  -2.3738736413909092E-044  -6.6175160262066018E-052  -6.7527144226312073E-059  -1.5508354682543936E-065  -4.8465144679000583E-072
  -4.5902372713525760E+043   5.5317889212598787E+054   2.8636040444413459E+052   2.2663754464058488E+043  -4.7549650763986171E+030  -1.2803327062566670E+017  -587.10731988161740       -7.9458887754877101E-012  -9.7692715857079692E-025   7.9073891107117270E-038  -2.1172340014496538E-044  -5.8691159231593705E-052  -5.9404603148649882E-059  -1.3521895598245298E-065  -4.1868884071044110E-072
  -4.4263988336025112E+043   5.4329346951756854E+054   2.7801322415459027E+052   2.1664524265142119E+043  -4.6323211122542903E+030  -1.2188139055255285E+017  -553.09146493114145       -7.4288166178990841E-012  -9.1426589663187449E-025   6.8989877420127780E-038  -1.8882416553985232E-044  -5.2052709980216074E-052  -5.2258460312207228E-059  -1.1789736423429368E-065  -3.6169902106411402E-072
  -4.2657464872526398E+043   5.3357993547782334E+054   2.6990883093889756E+052   2.0708843415819764E+043  -4.5103078687613560E+030  -1.1601195243510650E+017  -520.99467095366492       -6.9443961783866919E-012  -8.5519844233118184E-025   6.0100344778458793E-038  -1.6839280789595013E-044  -4.6164379244396975E-052  -4.5971423921460205E-059  -1.0279342085115642E-065  -3.1246213881169276E-072
  -4.1082281355371345E+043   5.2403542511062133E+054   2.6204018510016201E+052   1.9794832615213372E+043  -4.3891562103550869E+030  -1.1041291013636816E+017  -490.71268261143479       -6.4906536740003661E-012  -7.9956626395810442E-025   5.2270140612848575E-038  -1.5016424831680306E-044  -4.0941493370404974E-052  -4.0440281988403652E-059  -8.9623373990759798E-066  -2.6992408259782736E-072
  -3.9537924644062537E+043   5.1465711788170861E+054   2.5440045011349294E+052   1.8920692944912574E+043  -4.2690729794907056E+030  -1.0507266386639214E+017  -462.14658962894117       -6.0657266240546641E-012  -7.4721187373517671E-025   4.5378931414929853E-038  -1.3390179073757894E-044  -3.6308926565495955E-052  -3.5574213464117745E-059  -7.8139755489870644E-066  -2.3317397477970735E-072
  -3.8023889314311525E+043   5.0544223703077253E+054   2.4698298680378598E+052   1.8084702459355539E+043  -4.1502427886909649E+030  -99980048946568864.       -435.20257900424951       -5.6678583338785644E-012  -6.9797978766993570E-025   3.9319614909133431E-038  -1.1939409202036629E-044  -3.2200025459248839E-052  -3.1293301786461619E-059  -6.8126744313408488E-066  -2.0142472100635544E-072
  -3.6539677548562246E+043   4.9638804898811479E+054   2.3978134768849908E+052   1.7285212919641406E+043  -4.0328296951756392E+030  -95124324377351520.       -409.79169642141613       -5.2953925747549978E-012  -6.5171731566736105E-025   3.3996899358994196E-038  -1.0645245456065875E-044  -2.8555654659900896E-052  -2.7527226604418113E-059  -5.9396122073704938E-066  -1.7399619930753229E-072
  -3.5084799027972464E+043   4.8749186279602015E+054   2.3278927148083074E+052   1.6520646664793498E+043  -3.9169787652415644E+030  -90495161269698128.       -385.82961674216813       -4.9467684619846478E-012  -6.0827520371292690E-025   2.9326032664225951E-038  -9.4908407172354384E-045  -2.5323349709101084E-052  -2.4214112339674570E-059  -5.1783745071072772E-066  -1.5030073075041432E-072
  -3.3658770825836015E+043   4.7875102953489834E+054   2.2600067774883188E+052   1.5789493614739494E+043  -3.8028175351436855E+030  -86082631194237376.       -363.23642343027575       -4.6205155315946817E-012  -5.6750814746697549E-025   2.5231665683594291E-038  -8.4611543642225831E-045  -2.2456565364478866E-052  -2.1299514799450704E-059  -4.5146466939355940E-066  -1.2983052222647817E-072
  -3.2261117302428836E+043   4.7016294175427352E+054   2.1940966172610442E+052   1.5090308399511479E+043  -3.6904573748329638E+030  -81877194496389328.       -341.93639674112666       -4.3152490150015481E-012  -5.2927519440274839E-025   2.1646835816690107E-038  -7.5427591585911303E-045  -1.9914008494365140E-052  -1.8735529302765871E-059  -3.9359454385524686E-066  -1.1214681386767840E-072
  -3.0891370001261886E+043   4.6172503290868676E+054   2.1301048926985696E+052   1.4421707609396065E+043  -3.5799947605347522E+030  -77869688620380224.       -321.85781049153337       -4.0296653099052401E-012  -4.9344004964658486E-025   1.8512058313365978E-038  -6.7236687136312240E-045  -1.7659046072045772E-052  -1.6480005761727174E-059  -3.4313845846839066E-066  -9.6870499848580196E-073
  -2.9549067546724122E+043   4.5343477679857467E+054   2.0679759196220266E+052   1.3782367160982572E+043  -3.4715124618000289E+030  -74051316480248016.       -302.93273721039560       -3.7625376448203175E-012  -4.5987129891572116E-025   1.5774514069204568E-038  -5.9931833587903192E-045  -1.5659179825081833E-052  -1.4495857902121136E-059  -2.9914709288956584E-066  -8.3674022678038018E-073
  -2.8233755543098920E+043   4.4528968701617903E+054   2.0076556235069626E+052   1.3171019774266298E+043  -3.3650806483306099E+030  -70413634911507792.       -285.09686145917408       -3.5127119339182900E-012  -4.2844256037533873E-025   1.3387323823667852E-038  -5.3417524439126074E-045  -1.3885580043597587E-052  -1.2750455341879084E-059  -2.6079260952596685E-066  -7.2274368184843477E-073
  -2.6944986474937447E+043   4.3728731639653967E+054   1.9490914932421590E+052   1.2586452556164330E+043  -3.2607579215670164E+030  -66948543233101704.       -268.28930110190566       -3.2791028182503848E-012  -3.9903257583266540E-025   1.1308899717781207E-038  -4.7608513348621503E-045  -1.2312671893432977E-052  -1.1215088596759864E-059  -2.2735311728849307E-066  -6.2427011831191805E-073
  -2.5682319608772600E+043   4.2942525647361563E+054   1.8922325362040156E+052   1.2027504685993598E+043  -3.1585922757329683E+030  -63648271945568152.       -252.45243629743328       -3.0606898889245107E-012  -3.7152525043459701E-025   9.5023661022630598E-039  -4.2428715375383051E-045  -1.0917768327596510E-052  -9.8644982717814390E-060  -1.9819912094571358E-066  -5.3920687242814678E-073
  -2.4445320896157288E+043   4.2170113694157664E+054   1.8370292346096496E+052   1.1493065198645248E+043  -3.0586219927526116E+030  -60505371588000840.       -237.53174598138574       -2.8565140874122630E-012  -3.4580964892077415E-025   7.9350423256501623E-039  -3.7810225531122642E-045  -9.6807443531192092E-053  -8.6764607438458438E-060  -1.7278170248662051E-066  -4.6572865354955634E-073
  -2.3233562878010967E+043   4.1411262512130203E+054   1.7834335031128655E+052   1.0982070861366169E+043  -2.9608764751945472E+030  -57512701773306608.       -223.47565160200298       -2.6656742778491807E-012  -3.2177995549216795E-025   6.5779809848458192E-039  -3.3692442155898311E-045  -8.5837479995990063E-053  -7.6314235626455191E-060  -1.5062221326389504E-066  -4.0225847710652729E-073
  -2.2046624590258490E+043   4.0665742543211894E+054   1.7313986476081319E+052   1.0493504140228176E+043  -2.8653770211496985E+030  -54663420418485992.       -210.23536787195468       -2.4873239859536366E-012  -2.9933540347326684E-025   5.4055557963198258E-039  -3.0021283953888486E-045  -7.6109438587842261E-053  -6.7121846082879218E-060  -1.3130328392612509E-066  -3.4743390533389305E-073
  -2.0884091470745498E+043   3.9933327886880882E+054   1.6808793252086520E+052   1.0026391252527863E+043  -2.7721375447171449E+030  -51950973184132640.       -197.76476029766314       -2.3206682990171595E-012  -2.7838018016244679E-025   4.3950938527284792E-039  -2.6748490711665266E-045  -6.7482855288871783E-053  -5.9036097583162249E-060  -1.1446098378288925E-066  -3.0007787507949659E-073
  -1.9745555267414635E+043   3.9213796248390612E+054   1.6318315053655509E+052   9.5798003015161523E+042  -2.6811652455525375E+030  -49369083135054784.       -186.02020924814917       -2.1649609213032170E-012  -2.5882331156973590E-025   3.5265475740291373E-039  -2.3830998781242280E-045  -5.9833137095271039E-053  -5.1923844455484121E-060  -9.9777982739775675E-067  -2.5917348981538377E-073
  -1.8630613947727128E+043   3.8506928887531093E+054   1.5842124320960962E+052   9.1528394900060515E+042  -2.5924612307267803E+030  -46911740631846792.       -174.96048032692136       -2.0195013791249062E-012  -2.4057853112467240E-025   2.7822021505580014E-039  -2.1230383357810481E-045  -5.3049770591216507E-053  -4.5667950416298681E-060  -8.6977587691722091E-067  -2.2384223749639222E-073
  -1.7538871609314328E+043   3.7812510567923071E+054   1.5379805872897602E+052   8.7446554095505545E+042  -2.5060210919476674E+030  -44573193461363048.       -164.54660081279212       -1.8836323698478715E-012  -2.2356413589096148E-025   2.1464147137068108E-039  -1.8912360429290843E-045  -4.7034732513688718E-053  -4.0165364883984708E-060  -7.5818541622033747E-067  -1.9332516897329239E-073
  -1.6469938391844005E+043   3.7130329506846642E+054   1.4930956550617833E+052   8.3544314020200950E+042  -2.4218354410134076E+030  -42347937212354320.       -154.74174193860506       -1.7567372490770584E-012  -2.0770283334166065E-025   1.6053818628861189E-039  -1.6846342032238787E-045  -4.1701079557972073E-053  -3.5325430280236609E-060  -6.6090487926038379E-067  -1.6696663482137056E-073
  -1.5423430390086305E+043   3.6460177325605245E+054   1.4495184871247342E+052   7.9813859905408296E+042  -2.3398904061938297E+030  -40230705901003472.       -145.51110678058993       -1.6382376503292586E-012  -1.9292158132193313E-025   1.1469325299960138E-039  -1.5005039125726530E-045  -3.6971697233025051E-053  -3.1068392603817836E-060  -5.7610014928703733E-067  -1.4420023303321839E-073
  -1.4398969568164431E+043   3.5801849000425704E+054   1.4072110691493762E+052   7.6247713768814014E+042  -2.2601680920719436E+030  -38216462849728912.       -136.82182353532559       -1.5275912315630671E-012  -1.7915142344994972E-025   7.6034347877197333E-040  -1.3364107000098987E-045  -3.2778189847735857E-053  -2.7324090884148462E-060  -5.0217206426904509E-067  -1.2453666720749709E-073
  -1.3396183674975272E+043   3.5155142813894799E+054   1.3661364880869415E+052   7.2838720024970919E+042  -2.1826470052248773E+030  -36300391821397984.       -128.64284396599962       -1.4242895430295987E-012  -1.6632732187486462E-025   4.3617501984876701E-040  -1.1901828678544470E-045  -2.9059895725587436E-053  -2.4030804046997038E-060  -4.3772633562024743E-067  -1.0755325564732317E-073
  -1.2414706160765316E+043   3.4519860306932373E+054   1.3262589004256814E+052   6.9580031705564410E+042  -2.1073024479784797E+030  -34477888409996252.       -120.94484680472954       -1.3278560110174218E-012  -1.5438798901906244E-025   1.6612477652801829E-040  -1.0598832253039297E-045  -2.5763013535105631E-053  -2.1134236298936741E-060  -3.8154731594038807E-067  -9.2884867030464475E-074
  -1.1454176094847357E+043   3.3895806231300911E+054   1.2875435013553128E+052   6.6465097263868736E+042  -2.0341068823335733E+030  -32744551687822476.       -113.70014590308227       -1.2378440321903147E-012  -1.4327571967570551E-025  -5.7102435953732263E-041  -9.4378385284939440E-046  -2.2839827212101034E-053  -1.8586624403150691E-060  -3.3257512358418004E-067  -8.0216088778979052E-074
  -1.0514238084443624E+043   3.3282788502651075E+054   1.2499564948137154E+052   6.3487647938826784E+042  -1.9630302660334871E+030  -31096176108411296.       -106.88260292853596       -1.1538351733537641E-012  -1.3293622460807993E-025  -2.3991035068289231E-040  -8.4034357352853296E-046  -2.0248018359730868E-053  -1.6345952213559851E-060  -2.8988569476781862E-067  -6.9274460586863438E-074
  -9.5945421946411521E+042   3.2680618154102556E+054   1.2134650643909324E+052   6.0641685655211157E+042  -1.8940403626216489E+030  -29528743663618672.       -100.46754441041445       -1.0754374716330424E-012  -1.2331846660083662E-025  -3.8791415891337436E-040  -7.4818784156676726E-046  -1.7950056263861041E-053  -1.4375259589610086E-060  -2.5267338878616344E-067  -5.9824628321410503E-074
  -8.6947438694452847E+042   3.2089109290359283E+054   1.1780373450662338E+052   5.7921471437306162E+042  -1.8271030272242370E+030  -28038416292628752.       -94.431682944742207       -1.0022838301999910E-012  -1.1437449974180498E-025  -5.0603197562661230E-040  -6.6609078981626677E-046  -1.5912656771909416E-053  -1.2642034359015381E-060  -2.2023581977102209E-067  -5.1663293182030746E-074
  -7.8145038539174281E+042   3.1508079042357847E+054   1.1436423957546611E+052   5.5321514314491880E+042  -1.7621824696857905E+030  -26621528540048276.       -88.753042373471800       -9.3403050484533574E-013  -1.0605931256380593E-025  -5.9856610008133908E-040  -5.9295920498280336E-046  -1.4106302269111207E-053  -1.1117677355509784E-060  -1.9196063016555527E-067  -4.4614847998292662E-074
  -6.9534881173832453E+042   3.0937347522447819E+054   1.1102501726401359E+052   5.2836560698013622E+042  -1.6992414965848806E+030  -25274580459737740.       -83.410886759590184       -8.7035567685678881E-013  -9.8330675546290715E-026  -6.6927517909333929E-040  -5.2781822427705617E-046  -1.2504815861003407E-053  -9.7770317553943667E-061  -1.6731395750196164E-067  -3.8527607239114467E-074
  -6.1113677776976703E+042   3.0376737780102283E+054   1.0778315032728464E+052   5.0461584209085531E+042  -1.6382417335620737E+030  -23994230760581068.       -78.385652985679997       -8.1095810782884407E-013  -9.1148993364429603E-026  -7.2143826299344231E-040  -4.6979856915161199E-046  -1.1084983647339986E-053  -8.5979689899059186E-061  -1.4583037782995738E-067  -3.3270550000513617E-074
  -5.2878190265532547E+042   2.9826075758156907E+054   1.0463580614092487E+052   4.8191775939306333E+042  -1.5791438293031634E+030  -22777290190010808.       -73.658886809569083       -7.5555587219681113E-013  -8.4477162176459377E-026  -7.5791163874484979E-040  -4.1812515146566909E-046  -9.8262196616867233E-054  -7.5610244373723090E-061  -1.2710413684600182E-067  -2.8730506210760435E-074
  -4.4825230558184872E+042   2.9285190249575544E+054   1.0158023425736219E+052   4.6022535125160132E+042  -1.5219076424366637E+030  -21620715150778444.       -69.213182216720156       -7.0388516345412979E-013  -7.8280432156872653E-026  -7.8117923028573797E-040  -3.7210690500506210E-046  -8.7102686624260765E-054  -6.6490769148888460E-061  -1.1078150393582743E-067  -2.4809725773154610E-074
  -3.6951659848928810E+042   2.8753912854740221E+054   9.8613764032070297E+051   4.3949460219137588E+042  -1.4664924125255617E+030  -20521601546183760.       -65.032123914970725       -6.5569917017745176E-013  -7.2526275411793867E-026  -7.9339727165719020E-040  -3.3112771099811780E-046  -7.7209425035472815E-054  -5.8470667071723849E-061  -9.6554105417616459E-068  -2.1423778560185478E-074
  -2.9254387890657713E+042   2.8232077939263238E+054   9.5733802317949951E+051   4.1968340340742921E+042  -1.4128569162590225E+030  -19477178848748548.       -61.100232823112684       -6.1076701814756283E-013  -6.7184259352204387E-026  -7.9643388285398796E-040  -2.9463830030688891E-046  -6.8438862951453359E-054  -5.1417475020519445E-061  -8.4153111654452055E-068  -1.8499740253357150E-074
  -2.1730372288658918E+042   2.7719522592318899E+054   9.2937831225893074E+051   4.0075147091352840E+042  -1.3609596098798670E+030  -18484804387133732.       -57.402914410585190       -5.6887277501528544E-013  -6.2225925549281083E-026  -7.9190411067573225E-040  -2.6214902751630480E-046  -6.0663709908752388E-054  -4.5214681580588579E-061  -7.3344168736466554E-068  -1.5974625141553927E-074
  -1.4376617803889528E+042   2.7216086585492264E+054   9.0223405949649289E+051   3.8266026717564495E+042  -1.3107587588179383E+030  -17541957845951102.       -53.926409751229976       -5.2981451411949334E-013  -5.7624674052862538E-026  -7.8120093633163677E-040  -2.3322342334970295E-046  -5.3771094188041717E-054  -3.9759807188721456E-061  -6.3922979415519415E-068  -1.3794032278088715E-074
  -7.1901756659057029E+041   2.6721612332142160E+054   8.7588152653166527E+051   3.6537292608312923E+042  -1.2622125554377059E+030  -16646235973007530.       -50.657749159613736       -4.9340343421882459E-013  -5.3355653117946826E-026  -7.6552269742241072E-040  -2.0747244185018325E-046  -4.7660931085880112E-054  -3.4962715199539767E-061  -5.5711450170059898E-068  -1.1910975965396613E-074
  -1.6814289532050919E+040   2.6235944847275567E+054   8.5029766418628927E+051   3.4885418111655252E+042  -1.2152792257503928E+030  -15795347488437140.       -47.584708283848471       -4.5946303204923022E-013  -4.9395654254257192E-026  -7.4589732352135773E-040  -1.8454932771032550E-046  -4.2244475664753259E-054  -3.0744126116156040E-061  -4.8554331913445196E-068  -1.0284875484270238E-074
   6.6923383643334031E+041   2.5758931707930370E+054   8.2546009253464745E+051   3.3307029657709922E+042  -1.1699171258863420E+030  -14987108190122488.       -44.695766534130236       -4.2782832476584977E-013  -4.5723012489490226E-026  -7.2320374130704799E-040  -1.6414503712161131E-046  -3.7443039145774496E-054  -2.7034310561825959E-061  -4.2316291134617441E-068  -8.8806823959058145E-075
   1.3394081505458522E+042   2.5290423014063332E+054   8.0134708154645490E+051   3.1798900174805613E+042  -1.1260848290720635E+030  -14219436249776146.       -41.980067731363256       -3.9834511946962782E-013  -4.2317511717179211E-026  -6.9819076652601312E-040  -1.4598415265093891E-046  -3.3186850459234452E-054  -2.3771939503335498E-061  -3.6879356349477663E-068  -7.6681266927177924E-075
   1.9939856106085532E+042   2.4830271349940027E+054   7.7793753228644543E+051   3.0357942786437742E+042  -1.0837412038082212E+030  -13490347694046642.       -39.427382865235707       -3.7086932715641495E-013  -3.9160294984536164E-026  -6.7149376550542859E-040  -1.2982123902567310E-046  -2.9414046554043683E-054  -2.0903072818693248E-061  -3.2140691796127040E-068  -6.6210656208711543E-075
   2.6332388570524235E+042   2.4378331746023414E+054   7.5521095865469421E+051   2.8981204777150570E+042  -1.0428454838995657E+030  -12797952065025074.       -37.028074855962174       -3.4526631855891032E-013  -3.6233779563626102E-026  -6.4364933806181270E-040  -1.1543759240186902E-046  -2.6069776917849501E-054  -1.8380269573552562E-061  -2.8010656459609174E-068  -5.7169211982106031E-075
   3.2574362761090550E+042   2.3934461641357585E+054   7.3314746965226079E+051   2.7665861815961818E+042  -1.0033573309453134E+030  -12140448254558466.       -34.773065218603257       -3.2141031947962770E-013  -3.3521576640285690E-026  -6.1510824607605122E-040  -1.0263834077516083E-046  -2.3105409401698907E-054  -1.6161805369856352E-061  -2.4411111877227394E-068  -4.9361943527796505E-075
   3.8668420621026383E+042   2.3498520846443115E+054   7.1172775215717421E+051   2.6409212426424649E+042  -9.6523688985855884E+029  -11516120506821134.       -32.653802533414741       -2.9918384333606662E-013  -3.1008415448892859E-026  -5.8624678738115981E-040  -9.1249857735131639E-047  -2.0477825900060899E-054  -1.4210983889208655E-061  -2.1273946854538851E-068  -4.2620452500779285E-075
   4.4617162788727957E+042   2.3070371506600427E+054   6.9093305419619879E+051   2.5208672692880027E+042  -9.2844483794582997E+029  -10923334583654048.       -30.662232630065507       -2.7847715875744254E-013  -2.8680071677043007E-026  -5.5737679262663043E-040  -8.1117455819708468E-047  -1.8148797729665758E-054  -1.2495531301237443E-061  -1.8539791302500924E-068  -3.6799307967382930E-075
   5.0423149203396729E+042   2.2649878065817433E+054   6.7074516869823117E+051   2.4061771192891308E+042  -8.9294242804272581E+029  -10360534087252784.       -28.790770397796365       -2.5918779018569683E-013  -2.6523299962054393E-026  -5.2875440316367965E-040  -7.2103329348025568E-047  -1.6084431697473576E-054  -1.0987063569074233E-061  -1.6156894964510744E-068  -3.1772915347811620E-075
   5.6088899702225732E+042   2.2236907231077673E+054   6.5114641771557760E+051   2.2966144146273849E+042  -8.5869152616855341E+029  -9826236934865374.0       -27.032273137671559       -2.4122004954212431E-013  -2.4525770300715677E-026  -5.0058777048983214E-040  -6.4084719844542720E-047  -1.4254678865574265E-054  -9.6606178823499861E-062  -1.4080149905000481E-068  -2.7432812002624551E-075
   6.1616894609233000E+042   2.1831327937165091E+054   6.3211963709974697E+051   2.1919530771535435E+042  -8.2565464413191312E+029  -9319031980251082.0       -25.380015377002707       -2.2448459712488233E-013  -2.2676008194542182E-026  -4.7304380217558652E-040  -5.6952280055336335E-047  -1.2632898923522787E-054  -8.4942405024292839E-062  -1.2270238337062256E-068  -2.3685331356496144E-075
   6.7009575315852220E+042   2.1433011311941549E+054   6.1364816161877230E+051   2.0919768840929755E+042  -7.9379496749011204E+029  -8837575776748275.0       -23.827665069803182       -2.0889803000197618E-013  -2.0963338354798473E-026  -4.4625406527023364E-040  -5.0608615136351790E-047  -1.1195473879462468E-054  -7.4686242322567400E-062  -1.0692889726068100E-068  -2.0449585362329123E-075
   7.2269344853389593E+042   2.1041830642093037E+054   5.9571581050344028E+051   1.9964790425695425E+042  -7.6307637923803134E+029  -8380589476903109.0       -22.369261110762089       -1.9438249625914455E-013  -1.9377831794473709E-026  -4.2031994576893509E-040  -4.4966981896030829E-047  -9.9214654918654480E-055  -6.5667895393790511E-062  -9.3182331637205420E-069  -1.7655721942398278E-075
   7.7398568457454685E+042   2.0657661339340633E+054   5.7830687341016344E+051   1.9052617823407805E+042  -7.3346347957651213E+029  -7946855863719604.0       -20.999192093713543       -1.8086533355250913E-013  -1.7910256138090917E-026  -3.9531715165833951E-040  -3.9950129030611029E-047  -8.7923114940103070E-055  -5.7738040788162211E-062  -8.1202328010544884E-069  -1.5243419947010105E-075
   8.2399574124471570E+042   2.0280380907112042E+054   5.6140609678857756E+051   1.8181359659710863E+042  -7.0492160208636059E+029  -7535216508704913.0       -19.712176248922184       -1.6827873050202346E-013  -1.6552028984540632E-026  -3.7129963719954482E-040  -3.5489263125894895E-047  -7.7915562224624979E-055  -5.0765359942641694E-062  -7.0761956933076576E-069  -1.3160589271611709E-075
   8.7274653160375421E+042   1.9909868907669642E+054   5.4499867064228222E+051   1.7349207157022096E+042  -6.7741682661160844E+029  -7144569052000234.0       -18.503242496713018       -1.5655940954378559E-013  -1.5295174162923398E-026  -3.4830301732638353E-040  -3.1523126837957647E-047  -6.9046117568457918E-055  -4.4634369319824382E-062  -6.1663427736732458E-069  -1.1362248179627187E-075
   9.2026060721598516E+042   1.9546006929690820E+054   5.2907021567147113E+051   1.6554430563115745E+042  -6.5091598913461938E+029  -6773864600007219.0       -17.367712558046097       -1.4564832993729851E-013  -1.4132280726550947E-026  -3.2634753321860609E-040  -2.7997177128146531E-047  -6.1185461182109943E-055  -3.9243511907757378E-062  -5.3734348623753880E-069  -9.8095536849466255E-076
   9.6656016348448307E+042   1.9188678556296429E+054   5.1360677078651605E+051   1.5795375732788548E+042  -6.2538668890590755E+029  -6422105236041090.0       -16.301184065578088       -1.3549040969790729E-013  -1.3056464535695641E-026  -3.0544062315046129E-040  -2.4862852733621451E-047  -5.4218954636384076E-055  -3.4503478617425049E-062  -4.6824466546181745E-069  -8.4689641365150781E-076
   1.0116670449097897E+043   1.8837769333523056E+054   4.9859478098187891E+051   1.5070460856099002E+042  -6.0079729307306452E+029  -6088341639664423.0       -15.299514621567099       -1.2603426529505233E-013  -1.2061332285308498E-026  -2.8557914652316783E-040  -2.2076921220390825E-047  -4.8044975609579152E-055  -3.0335731900001018E-062  -4.0802825352465986E-069  -7.3115159883499069E-076
   1.0556027502745657E+043   1.8493166739234913E+054   4.8402108556002680E+051   1.4378173326945638E+042  -5.7711693903589480E+029  -5771670810479090.0       -14.358806751667936       -1.1723196802379214E-013  -1.1140947839676147E-026  -2.6675130348231606E-040  -1.9600897006311903E-047  -4.2573441346085045E-055  -2.6671207236195295E-062  -3.5555288564236122E-069  -6.3121991924555385E-076
   1.0983884377551696E+043   1.8154760152470960E+054   4.6987290669531737E+051   1.3717066746012971E+042  -5.5431553473866390E+029  -5471233892277661.0       -13.475393706236465       -1.0903881602040752E-013  -1.0289800741796254E-026  -2.4893828762451834E-040  -1.7400522670253765E-047  -3.7724499461005587E-055  -2.3449171079811328E-062  -3.0982380020974349E-069  -5.4494177721251911E-076
   1.1400449299611420E+043   1.7822440823222993E+054   4.5613783832810675E+051   1.3085758052365891E+042  -5.3236375709521118E+029  -5186214093579273.0       -12.645826063217497       -1.0141312095294140E-013  -9.5027767710676729E-027  -2.3211570494564215E-040  -1.5445306692535631E-047  -3.3427367142047332E-055  -2.0616216415087977E-062  -2.6997401624367691E-069  -4.7045239644838959E-076
   1.1805927189035605E+043   1.7496101842640327E+054   4.4280383537960863E+051   1.2482924778214802E+042  -5.1123304872849817E+029  -4915834700698055.0       -11.866859089034842       -9.4316008474391825E-014  -8.7751304286731006E-027  -2.1625478831670512E-040  -1.3708111511547003E-047  -2.9619301943449064E-055  -1.8125379354877216E-062  -2.3524792640237491E-069  -4.0614159031179724E-076
   1.2200519708932200E+043   1.7175638113656709E+054   4.2985920327830169E+051   1.1907302421605249E+042  -4.9089561319289832E+029  -4659357179614467.0       -11.135440816138699       -8.7711231580098622E-014  -8.1024592357424238E-027  -2.0132343334024036E-040  -1.2164786441680420E-047  -2.6244689268019612E-055  -1.5935362201456722E-062  -2.0498699572477463E-069  -3.5061901781919287E-076
   1.2584425313695811E+043   1.6860946322035088E+054   4.1729258778894403E+051   1.1357681932007492E+042  -4.7132440883513281E+029  -4416079363040855.5       -10.448700797998150       -8.1564996061777532E-014  -7.4806797349948346E-027  -1.8728707839252506E-040  -1.0793840586893512E-047  -2.3254233319748324E-055  -1.4009850146578987E-062  -1.7861729596117944E-069  -3.0268417918970101E-076
   1.2957839296614185E+043   1.6551924907825855E+054   4.0509296513550754E+051   1.0832907303993929E+042  -4.5249314143816083E+029  -4185333719192106.5       -9.8039395043593505       -7.5845797298793115E-014  -6.9060050920431888E-027  -1.7410944895339547E-040  -9.5761514099834804E-048  -2.0604239805218453E-055  -1.2316910331059939E-062  -1.5563864000243171E-069  -2.6130050467401339E-076
   1.3320953836800873E+043   1.6248474037234172E+054   3.9324963240959149E+051   1.0331873274395770E+042  -4.3437625578149811E+029  -3966485698890067.0       -9.1986183215265562       -7.0524267672749826E-014  -6.3749241978857954E-027  -1.6175318392783230E-040  -8.4947050868082144E-048  -1.8255979988715034E-055  -1.0828463342188975E-062  -1.3561511111220232E-069  -2.2557297849547398E-076
   1.3673958045463179E+043   1.5950495574891938E+054   3.8175219825611515E+051   9.8535231185253601E+041  -4.1694892624131467E+029  -3758932157746270.5       -8.6303501242673626       -6.5573033934444852E-014  -5.8841821792937216E-027  -1.5018035953850659E-040  -7.5343651933009423E-048  -1.6175126882575491E-055  -9.5198184218292217E-063  -1.1816680799406419E-069  -1.9472881581054222E-076
   1.4017038011514340E+043   1.5657893056530038E+054   3.7059057382832263E+051   9.3968465412373165E+041  -4.0018704654420878E+029  -3562099850281347.0       -8.0968903876990570       -6.0966583892785953E-014  -5.4307622288144809E-027  -1.3935292448603964E-040  -6.6816666466255628E-048  -1.4331255397926591E-055  -8.3692647089185865E-063  -1.0296264967762627E-069  -1.6810077631022964E-076
   1.4350376846538822E+043   1.5370571662046439E+054   3.5975496400435879E+051   8.9608776587806374E+041  -3.8406721877972883E+029  -3375443992951009.5       -7.5961288091833561       -5.6681141833551927E-014  -5.0118686709469983E-027  -1.2923305840708332E-040  -5.9246321550534061E-048  -1.2697399206517888E-055  -7.3577117644650077E-063  -8.9714104218432103E-070  -1.4511275484520232E-076
   1.4674154729119463E+043   1.5088438188965742E+054   3.4923585885789693E+051   8.5446930675653271E+041  -3.6856674176847942E+029  -3198446893157733.0       -7.1260814118456510       -5.2694552111973872E-014  -4.6249111856925015E-027  -1.1978346418559115E-040  -5.2526087284356803E-048  -1.1249657885234986E-055  -6.4683734402619830E-063  -7.8169722651515450E-070  -1.2526733848426912E-076
   1.4988548948535122E+043   1.4811401026285773E+054   3.3902402537551303E+051   8.1474099961313242E+041  -3.5366359887496356E+029  -3030616641433962.5       -6.6848831028454789       -4.8986170397151483E-014  -4.2674901151477994E-027  -1.1096760336851383E-040  -4.6561220663625871E-048  -9.9668486428863602E-056  -5.6864898678137695E-063  -6.8110374847135766E-070  -1.0813506176223113E-076
   1.5293733947837331E+043   1.4539370128706835E+054   3.2911049941370769E+051   7.7681845367648710E+041  -3.3933644534714876E+029  -2871485864086871.0       -6.2707806609608134       -4.5536762078396501E-014  -3.9373827830797896E-027  -1.0274988278461961E-040  -4.1267468776893159E-048  -8.8301975744998863E-056  -4.9990829731261371E-063  -5.9345097175874342E-070  -9.3345128448469507E-077
   1.5589881366314428E+043   1.4272256991239202E+054   3.1948657788868169E+051   7.4062099533581122E+041  -3.2556459525806698E+029  -2720610533696274.5       -5.8821261294129119       -4.2328407373814725E-014  -3.6325307615029792E-027  -9.5095799447264203E-041  -3.6569913961503707E-048  -7.8230659609499676E-056  -4.3947414764455102E-063  -5.1707473448844780E-070  -8.0577399758256564E-077
   1.5877160081351448E+043   1.4009974624184505E+054   3.1014381119216663E+051   7.0607150622521475E+041  -3.1232800811853582E+029  -2577568834956218.5       -5.5173705911542932       -3.9344412709896661E-014  -3.3510280221767026E-027  -8.7972049923620158E-041  -3.2401945450263587E-048  -6.9307076395217596E-056  -3.8634318228288851E-063  -4.5052480675139497E-070  -6.9555476213624905E-077
   1.6155736249693998E+043   1.3752437528486632E+054   3.0107399582680276E+051   6.7309626829419906E+041  -2.9960727522429390E+029  -2441960083447001.0       -5.1750583050727119       -3.6569227967677481E-014  -3.0911099146480926E-027  -8.1346609560664999E-041  -2.8704343717258202E-048  -6.1400539213318116E-056  -3.3963319176155592E-063  -3.9253739962769915E-070  -6.0040723926309703E-077
   1.6425773348124236E+043   1.3499561671447771E+054   2.9226916725474290E+051   6.4162481556543911E+041  -2.8738360579544849E+029  -2313403695017891.5       -4.8538211827319211       -3.3988369216238878E-014  -2.8511429159941405E-027  -7.5188786260136670E-041  -2.5424465228900115E-048  -5.4395229308630256E-056  -2.9856849175022019E-063  -3.4201120546898838E-070  -5.1827116428505168E-077
   1.6687432213556960E+043   1.3251264462805271E+054   2.8372159295334104E+051   6.1158979229363725E+041  -2.7563881296111678E+029  -2191538203551625.0       -4.5523735863782457       -3.1588346578043195E-014  -2.6296151007655622E-027  -6.9469252880022271E-041  -2.2515516641765693E-048  -4.8188505970008183E-056  -2.6246706591994765E-063  -2.9798651604526460E-070  -4.4736780755657708E-077
   1.6940871082563702E+043   1.3007464731164990E+054   2.7542376567196061E+051   5.8292681725138631E+041  -2.6435529963747281E+029  -2076020324969816.0       -4.2695074299933431       -2.9356596892896009E-014  -2.4251272828114208E-027  -6.4160061799450052E-041  -1.9935908679745076E-048  -4.2689408389900749E-056  -2.3072925990297392E-063  -2.5962702333890856E-070  -3.8616151667359261E-077
   1.7186245630332648E+043   1.2768082700786823E+054   2.6736839688410642E+051   5.5557435387962271E+041  -2.5351604434307569E+029  -1966524065423812.5       -4.0040875661706643       -2.7281420868303810E-014  -2.2363847836718599E-027  -5.9234644708653294E-041  -1.7648680985062764E-048  -3.7817327692044355E-056  -2.0282783931130185E-063  -2.2620395849459913E-070  -3.3332651004207164E-077
   1.7423709009072078E+043   1.2533039968718112E+054   2.5954841042925168E+051   5.2947358605140261E+041  -2.4310458699132531E+029  -1862739871698182.2       -3.7550474425385270       -2.5351924423703504E-014  -2.0621897850724130E-027  -5.4667800268446934E-041  -1.5620990184734592E-048  -3.3500829815537093E-056  -1.7829924732067950E-063  -1.9708226865238288E-070  -2.8771820502381108E-077
   1.7653411885864954E+043   1.2302259482270682E+054   2.5195693633889094E+051   5.0456829920841438E+041  -2.3310501469614999E+029  -1764373821934037.2       -3.5213850123488548       -2.3557963954559558E-014  -1.9014342257430872E-027  -5.0435671917717417E-041  -1.3823654258423642E-048  -2.9676612133201155E-056  -1.5673591715300597E-063  -1.7170856993636387E-070  -2.4834846167340593E-077
   1.7875502479982137E+043   1.2075665516837233E+054   2.4458730484150732E+051   4.8080476663987206E+041  -2.2350194762356106E+029  -1671146854856771.5       -3.3021588846998968       -2.1890095259720589E-014  -1.7530932053247732E-027  -4.6515717786829851E-041  -1.2230747046520413E-048  -2.6288578623745412E-056  -1.3777951222827477E-063  -1.4960064847101948E-070  -2.1436420753957477E-077
   1.8090126599661679E+043   1.1853183654042898E+054   2.3743304054129418E+051   4.5813164068323200E+041  -2.1428052491848975E+029  -1582794035767564.8       -3.0964847006658323       -2.0339525891763328E-014  -1.6162188605206826E-027  -4.2886674394323727E-041  -1.0819237408487439E-048  -2.3287020138873709E-056  -1.2111498209435818E-063  -1.3033831058525196E-070  -1.8502898194380521E-077
   1.8297427678361493E+043   1.1634740760227724E+054   2.3048785676561846E+051   4.3649984863556207E+041  -2.0542639073334071E+029  -1499063857630213.2       -2.9035317223682640       -1.8898070705388668E-014  -1.4899346809075912E-027  -3.9528515559108946E-041  -9.5686681398972394E-049  -2.0627887833043718E-056  -1.0646533573222412E-063  -1.1355540889393442E-070  -1.5970700114021542E-077
   1.8497546810492618E+043   1.1420264965255920E+054   2.2374565007635763E+051   4.1586249317337942E+041  -1.9692568038193534E+029  -1419717575654557.0       -2.7225196227463178       -1.7558110393329540E-014  -1.3734302339468856E-027  -3.6422407746425043E-041  -8.4608702900268281E-049  -1.8272149177149862E-056  -9.3587045698085120E-064  -9.8932893199986976E-071  -1.3784940015897636E-077
   1.8690622786640245E+043   1.1209685641647730E+054   2.1720049494038053E+051   3.9617475708738378E+041  -1.8876500663996298E+029  -1344528573845002.8       -2.5527154644653347       -1.6312552812738144E-014  -1.2659562707348575E-027  -3.3550662879393709E-041  -7.4797089973763772E-049  -1.6185217177566122E-056  -8.2266006998245044E-064  -8.6192754557202874E-071  -1.1898235411316775E-077
   1.8876792128279501E+043   1.1002933384029769E+054   2.1084663855457869E+051   3.7739381214675788E+041  -1.8093144621069681E+029  -1273281762047466.5       -2.3934308570509151       -1.5154796917692009E-014  -1.1668201859113920E-027  -3.0896689485802528E-041  -6.6108573843208013E-049  -1.4336444486111242E-056  -7.2313983769221476E-064  -7.5092747741531327E-071  -1.0269682231745703E-077
   1.9056189121992964E+043   1.0799939988899765E+054   2.0467849582098600E+051   3.5947873191560250E+041  -1.7341252637254930E+029  -1205773002090519.5       -2.2440192819471361       -1.4078699125343601E-014  -1.0753818069120849E-027  -2.8444942908901088E-041  -5.8415954298727357E-049  -1.2698675029994539E-056  -6.3565484906532329E-064  -6.5421792115727260E-071  -8.8639693600471774E-078
   1.9228945853196775E+043   1.0600638434701616E+054   1.9869064446765287E+051   3.4239040835163790E+041  -1.6619621182302902E+029  -1141808561676675.0       -2.1038735757768854       -1.3078541954383086E-014  -9.9104948940665037E-028  -2.6180875188897057E-041  -5.1606310762220403E-049  -1.1247846627327684E-056  -5.5875016883573119E-064  -5.6995963717654269E-071  -7.6506141446040439E-078
   1.9395192239382102E+043   1.0404962862206709E+054   1.9287782031106473E+051   3.2609147202454556E+041  -1.5927089173180409E+029  -1081204594737669.2       -1.9724235626300717       -1.2149004784931982E-014  -9.1327649732185108E-028  -2.4090885116230630E-041  -4.5579411247709191E-049  -9.9626387954628811E-057  -4.9114668244460897E-064  -4.9655002598819588E-071  -6.6033023723557759E-078
   1.9555056062878636E+043   1.0212848555197520E+054   1.8723491265601678E+051   3.1054621579826036E+041  -1.5262536701386718E+029  -1023786647023297.9       -1.8491338267236113       -1.1285136598778485E-014  -8.4155764730555952E-028  -2.2162268866564535E-041  -4.0246297447749538E-049  -8.8241606169857663E-057  -4.3171985744659506E-064  -4.3259269198544677E-071  -5.6993184327667082E-078
   1.9708663003146729E+043   1.0024231921449492E+054   1.8175695982897224E+051   2.9572052182816672E+041  -1.4624883783222501E+029  -969389185746963.38       -1.7335016172670190       -1.0482330568042284E-014  -7.7542619885516208E-028  -2.0383171548970129E-041  -3.5528026559701223E-049  -7.8156741111815616E-057  -3.7948106941295159E-064  -3.7687092045000667E-071  -4.9190533528552799E-078
   1.9856136668604672E+043   9.8390504740072393E+053   1.7643914484104782E+051   2.8158179173051299E+041  -1.4013089133808758E+029  -917855152162605.50       -1.6250548778306528       -9.7363003689546757E-015  -7.1445097261343158E-028  -1.8742539931441592E-041  -3.1354552588730151E-049  -6.9223490756558735E-057  -3.3356118281068291E-064  -3.2832456487975321E-071  -4.2455800656404209E-078
   1.9997598627997531E+043   9.6572428127511730E+053   1.7127679117687887E+051   2.6809887978745147E+041  -1.3426148965520688E+029  -869035535997186.12       -1.5233503929514993       -9.0430581054938169E-015  -6.5823368053307086E-028  -1.7230076550237373E-041  -2.7663731756033610E-049  -6.1310458210207944E-057  -2.9319611467712035E-064  -2.8602990629867651E-071  -3.6642867269780528E-078
   2.0133168441313900E+043   9.4787486062506480E+053   1.6626535870572500E+051   2.5524202905694417E+041  -1.2863095811379675E+029  -822788970710458.50       -1.4279720451252078       -8.3988937351577836E-015  -6.0640645273202546E-028  -1.5836195360401568E-041  -2.4400438326074900E-049  -5.4301226277983444E-057  -2.5771414174735764E-064  -2.4918210253224211E-071  -3.1625601500944513E-078
   2.0262963690256809E+043   9.3035085738997887E+053   1.6140043971128260E+051   2.4298281026236170E+041  -1.2322997373835292E+029  -778981348599408.00       -1.3385291757240967       -7.8003558962210987E-015  -5.5862954690985624E-028  -1.4551979043073758E-041  -2.1515778667995123E-049  -4.8092651148394134E-057  -2.2652474056988405E-064  -2.1707989451657694E-071  -2.7295125102285012E-078
   2.0387100008274970E+043   9.1314644683321624E+053   1.5667775503677016E+051   2.3129406334195295E+041  -1.1804955399267347E+029  -737485454808581.50       -1.2546550437502852       -7.2442340424326568E-015  -5.1458922717519115E-028  -1.3369138049898223E-041  -1.8966392703823855E-049  -4.2593350278330317E-057  -1.9910877554109822E-064  -1.8911227949074858E-071  -2.3557454070364669E-078
   2.0505691110160455E+043   8.9625590581105147E+053   1.5209315034195267E+051   2.2014984154348473E+041  -1.1308104578445176E+029  -698180619349575.00       -1.1760053766820753       -6.7275417973023278E-015  -4.7399580004961675E-028  -1.2279971435150866E-041  -1.6713833087458568E-049  -3.7722362395215891E-057  -1.7500987212188127E-064  -1.6474689820725716E-071  -2.0331461799686916E-078
   2.0618848821218811E+043   8.7967361106878155E+053   1.4764259246886725E+051   2.0952535795425715E+041  -1.0831611473096743E+029  -660952386273289.00       -1.1022570080012895       -6.2475014459159105E-015  -4.3658179626817929E-028  -1.1277329501374112E-041  -1.4724013519517348E-049  -3.3407960041515069E-057  -1.5382683213827628E-064  -1.4351991579219859E-071  -1.7547120691231809E-078
   2.0726683106017549E+043   8.6339403756358954E+053   1.4332216591310374E+051   1.9939693436139758E+041  -1.0374673468663204E+029  -625692199177238.50       -1.0331065963005210       -5.8015294876381508E-015  -4.0210028779462087E-028  -1.0354578263695421E-041  -1.2966718548260929E-049  -2.9586597311190844E-057  -1.3520696533829825E-064  -1.2502720420836231E-071  -1.5143984161647877E-078
   2.0829302096718879E+043   8.4741175681379847E+053   1.3912806939758644E+051   1.8974195234183388E+041  -9.9365177532448696E+028  -592297102267285.62      -0.96826942116311099       -5.3872231781342866E-015  -3.7032333021406327E-028  -9.5055657210321732E-042  -1.1415168048462888E-049  -2.6201977399484544E-057  -1.1884022656358121E-064  -1.0891665895784248E-071  -1.3069876197661255E-078
   2.0926812121002438E+043   8.3172143527415053E+053   1.3505661254589001E+051   1.8053880648565385E+041  -9.5164003226813161E+028  -560669456228690.69      -0.90747825128608739       -5.0023479938838092E-015  -3.4104052136036948E-028  -8.7245899085529429E-042  -1.0045630319644911E-049  -2.3204226335272363E-057  -1.0445406124915006E-064  -9.4881504172806490E-072  -1.1279760088999069E-078
   2.1019317729583733E+043   8.1631783273674998E+053   1.3110421265220787E+051   1.7176685966068282E+041  -9.1136050116514767E+028  -530716668195418.12      -0.85048228057816666       -4.6448259567962774E-015  -3.1405766768300223E-028  -8.0063686946328792E-042  -8.8370784125301473E-050  -2.0549160814654321E-057  -9.1808873707996744E-065  -8.2654458991148911E-072  -9.7347618488332461E-079
   2.1106921723333925E+043   8.0119580075731160E+053   1.2726739154517518E+051   1.6340640023005887E+041  -8.7274425506282223E+028  -502350935139236.94      -0.79704612821204468       -4.3127247606873727E-015  -2.8919555046180041E-028  -7.3460112767244036E-042  -7.7708848868536937E-050  -1.8197639427863799E-057  -8.0694042983636888E-065  -7.2002654452846949E-072  -8.4013271771222804E-079
   2.1189725180006497E+043   7.8635028110636005E+053   1.2354277254282819E+051   1.5543860113836694E+041  -8.3572496484759822E+028  -475489000031364.19      -0.74694889884341542       -4.0042476452519535E-015  -2.6628878454051740E-028  -6.7389913237270853E-042  -6.8305507327855352E-050  -1.6114987789018601E-057  -7.0924420134298241E-065  -6.2723204392339098E-072  -7.2504937115301710E-079
   2.1267827480576287E+043   7.7177630424502983E+053   1.1992707749606080E+051   1.4784548078551187E+041  -8.0023881004388280E+028  -450051920159285.44      -0.69998329942918436       -3.7177239667967909E-015  -2.4518476277384115E-028  -6.1811217072889017E-042  -6.0014646592811809E-050  -1.4270489157370983E-057  -6.2337248797122865E-065  -5.4639346211861235E-072  -6.2572628052392601E-079
   2.1341326335196286E+043   7.5746898782511733E+053   1.1641712391801469E+051   1.4060986561097738E+041  -7.6622439212298840E+028  -425964847009973.81      -0.65595480928492267       -3.4516004183847701E-015  -2.2574267987042994E-028  -5.6685307607488685E-042  -5.2706893720186302E-050  -1.2636933095250505E-057  -5.4789457901913305E-065  -4.7597078235456795E-072  -5.4000572248360248E-079
   2.1410317808777556E+043   7.4342353521304225E+053   1.1300982219691356E+051   1.3371535431443610E+041  -7.3362265029004665E+028  -403156817158089.69      -0.61468090021740562       -3.2044328552097918E-015  -2.0783262976859506E-028  -5.1976400019155268E-042  -4.6267718368581055E-050  -1.1190215555746131E-057  -4.8155281577748746E-065  -4.1462229768208929E-072  -4.6602530210690208E-079
   2.1474896346197477E+043   7.2963523403737769E+053   1.0970217288992374E+051   1.2714628364185288E+041  -7.0237677971388831E+028  -381560553623906.56      -0.57599030375274718       -2.9748786839814044E-015  -1.9133477110384766E-028  -4.7651432543732425E-042  -4.0595748570090371E-050  -9.9089845446810014E-058  -4.2324166724456000E-065  -3.6117908198694282E-072  -4.0217754308380985E-079
   2.1535154797141586E+043   7.1609945475961145E+053   1.0649126409569297E+051   1.2088769566926583E+041  -6.7243215216237470E+028  -361112277190732.31      -0.53972232265478981       -2.7616897778636047E-015  -1.7613855572067201E-028  -4.3679871013508669E-042  -3.5601275877948854E-050  -8.7743261675333248E-058  -3.7198933494334567E-065  -3.1462274640368468E-072  -3.4707500549703153E-079
   2.1591184440584070E+043   7.0281164926780742E+053   1.0337426890328726E+051   1.1492530651934141E+041  -6.4373623900350030E+028  -341751527195516.75      -0.50572618409261461       -2.5637058810957345E-015  -1.6214201554654484E-028  -4.0033526062295278E-042  -3.1204928760697145E-050  -7.7694864623477315E-058  -3.2694158126757595E-065  -2.7406605845213110E-072  -2.9952017531305848E-079
   2.1643075008911985E+043   6.8976734949283578E+053   1.0034844291531105E+051   1.0924547644858899E+041  -6.1623853653071282E+028  -323420991329203.44      -0.47386043197085254       -2.3798484698365710E-015  -1.4925110348621698E-028  -3.6686382343827850E-042  -2.7336495455243092E-050  -6.8796249429609646E-058  -2.8734751268821023E-065  -2.3873605558731546E-072  -2.5847947304738912E-079
   2.1690914711698214E+043   6.7696216604684690E+053   9.7411121843060190E+050   1.0383518124578858E+041  -5.8989049356930683E+028  -306066344005234.88      -0.44399235608241744       -2.2091150380265469E-015  -1.3737908431033034E-028  -3.3614439121248007E-042  -2.3933879574990879E-050  -6.0915962406559694E-058  -2.5254708160228135E-065  -2.0795933222317111E-072  -2.2306081827084719E-079
   2.1734790259128026E+043   6.6439178688366748E+053   9.4559719171619006E+050   9.8681984884742153E+040  -5.6464544131940832E+028  -289636092875499.44      -0.41599745588085046       -2.0505737791677985E-015  -1.2644597180616963E-028  -3.0795561599977240E-042  -2.0942173623247870E-050  -5.3937566434166211E-058  -2.2196009913837922E-065  -1.8114922056940610E-072  -1.9249426363933972E-079
   2.1774786885084146E+043   6.5205197598079872E+053   9.1791723892873367E+050   9.3774013376904679E+040  -5.4045852538996326E+028  -274081433092951.28      -0.38975893679911233       -1.9033586368870311E-015  -1.1637800873125610E-028  -2.8209342393785521E-042  -1.8312837211599609E-050  -4.7757926962718038E-058  -1.9507657632052507E-065  -1.5779462159282134E-072  -1.6611527861934095E-079
   2.1810988369895089E+043   6.3993857204270306E+053   8.9104698304469805E+050   8.9099929771793763E+040  -5.1728663997725540E+028  -259356108939183.16      -0.36516723716384475       -1.7666646989810770E-015  -1.0710718636399448E-028  -2.5836972533603469E-042  -1.6002968250316728E-050  -4.2285693491028302E-058  -1.7144823305045721E-065  -1.3745027376080969E-072  -1.4335032048383753E-079
   2.1843477062751485E+043   6.2804748722506697E+053   8.6496275872807987E+050   8.4648910255318869E+040  -4.9508836414078228E+028  -245416282453418.75      -0.34211958386925007       -1.6397439113579027E-015  -9.8570800681009828E-029  -2.3661121450051136E-042  -1.3974656683121167E-050  -3.7439954244498791E-058  -1.5068103376302656E-065  -1.1972827454047095E-072  -1.2370437971001604E-079
   2.1872333903795080E+043   6.1637470587973279E+053   8.3964159158208892E+050   8.0410621298317332E+040  -4.7382390012880601E+028  -232220408716756.72      -0.32051957508321133       -1.5219010898846987E-015  -9.0711042409398328E-029  -2.1665825383269440E-042  -1.2194411499604546E-050  -3.3149044314644472E-058  -1.3242862566198124E-065  -1.0429069342980460E-072  -1.0675022969263766E-079
   2.1897638445884951E+043   6.0491628331999486E+053   8.1506117800454751E+050   7.6375197809639699E+040  -4.5345501370554036E+028  -219729117462071.66      -0.30027678836046479       -1.4124902096469141E-015  -8.3474618405024596E-029  -1.9836383697029615E-042  -1.0632652791123549E-050  -2.9349489769151582E-058  -1.1638657043661355E-065  -9.0843136039349195E-073  -9.2119147621418039E-080
   2.1919468876045554E+043   5.9366834460595930E+053   7.9119986562948975E+050   7.2533222250093513E+040  -4.3394497643173500E+028  -207905100695795.72      -0.28130641263389955       -1.3109109525146906E-015  -7.6812401996313754E-029  -1.8159262597916716E-042  -9.2632615342242453E-051  -2.5985072233429421E-058  -1.0228727354215029E-065  -7.9129136816947696E-073  -7.9492905255990252E-080
   2.1937902036600998E+043   5.8262708334967065E+053   7.6803663433794809E+050   6.8875704665438050E+040  -4.1525850985034682E+028  -196713006032897.69      -0.26352890264572798       -1.2166054952125969E-015  -7.0679110107721501E-029  -1.6622005784347612E-042  -8.0631806021516713E-051  -2.3006000209854667E-058  -8.9895526716990694E-066  -6.8925273757984799E-073  -6.8596855858168926E-080
   2.1953013446000007E+043   5.7178876053971169E+053   7.4555107782140847E+050   6.5394063598424593E+040  -3.9736173152904170E+028  -186119335460775.22      -0.24686965446566309       -1.1290555213009798E-015  -6.5033005139167277E-029  -1.5213151574054998E-042  -7.0120612309869006E-051  -2.0368174965265355E-058  -7.9004589600161858E-066  -6.0036912167346745E-073  -5.9193967304002352E-080
   2.1964877319335910E+043   5.6114970338498557E+053   7.2372338568188943E+050   6.2080107841602514E+040  -3.8022210291143354E+028  -176092349261511.22      -0.23125870082365485       -1.0477794416083363E-015  -5.9835619728068395E-029  -1.3922156082252588E-042  -6.0919498123976519E-051  -1.8032540203579968E-058  -6.9432745271695203E-066  -5.2294496497960662E-073  -5.1079671911844940E-080
   2.1973566588565934E+043   5.5070630417739548E+053   7.0253432605306898E+050   5.8926018994262956E+040  -3.6380837892923076E+028  -166601974835044.91      -0.21663042506045935       -9.7232980870923325E-016  -5.5051502660041441E-029  -1.2739322045836299E-042  -5.2870104587727470E-051  -1.5964505968940610E-058  -6.1020272415658422E-066  -4.5550319711070078E-073  -4.4077421231488111E-080
   2.1979152922434079E+043   5.4045501917313715E+053   6.8196522872732890E+050   5.5924334788472725E+040  -3.4809055932781002E+028  -157619720178298.50      -0.20292329257060868       -9.0229091202645661E-016  -5.0647984323611335E-029  -1.1655732911547049E-042  -4.5832792965435404E-051  -1.4133438313454101E-058  -5.3626783730996704E-066  -3.9675708683207330E-073  -3.8034849326655346E-080
   2.1981706746101710E+043   5.3039236749232532E+053   6.6199796877402744E+050   5.3067933150664325E+040  -3.3303984165817175E+028  -149118591787210.62      -0.19007959867947199       -8.3727654105393858E-016  -4.6594960224106421E-029  -1.0663191827925266E-042  -3.9684468968167780E-051  -1.2512207228336641E-058  -4.7128886304058835E-066  -3.4558572096518756E-073  -3.2820461279913210E-080
   2.1981297260490008E+043   5.2051493003667833E+053   6.4261495063473406E+050   5.0350016966696486E+040  -3.1862857588873285E+028  -141073016759979.69      -0.17804523195928373       -7.7692790505299347E-016  -4.2864691182988215E-029  -9.7541652020513846E-043  -3.4316656553199398E-051  -1.1076786192155482E-058  -4.1418125009754749E-066  -3.0101264142907365E-073  -2.8320775041056449E-080
   2.1977992461338352E+043   5.1081934842498769E+053   6.2379909268157408E+050   4.7764099519685835E+040  -3.0483022059097956E+028  -133458768890642.22      -0.16676945204849131       -7.2091169837256438E-016  -3.9431618951791661E-029  -8.9217305024360129E-043  -2.9633792916701466E-051  -9.8058974474011952E-059  -3.6399174714557177E-066  -2.6218723379294706E-073  -2.4437854574020606E-080
   2.1971859157982620E+043   5.0130232394610383E+053   6.0553381222523101E+050   4.5303990571237508E+040  -2.9161930065362469E+028  -126252898552422.92      -0.15620468109475569       -6.6891830128839617E-016  -3.6272196065216938E-029  -8.1595280089605968E-043  -2.5551719560856807E-051  -8.6806977878920989E-059  -3.1988251192142775E-066  -2.2836851305247880E-073  -2.1087180746369076E-080
   2.1962962991857403E+043   4.9196061652917194E+053   5.8780301095954365E+050   4.2963783057972441E+040  -2.7897136648058592E+028  -119433666180120.05      -0.14630630799462246       -6.2066010694988961E-016  -3.3364728846257321E-029  -7.4617162294507304E-043  -2.1996347142835736E-051  -7.6845002343254483E-059  -2.8111714300057715E-066  -1.9891099794684317E-073  -1.8195813733290483E-080
   2.1951368454725980E+043   4.8279104373085550E+053   5.7059106083001472E+050   4.0737840376464717E+040  -2.6686295462881489E+028  -112980479170151.91      -0.13703250465246036       -5.7586996567020117E-016  -3.0689232558074519E-029  -6.8229307202779929E-043  -1.8902474323794082E-051  -6.8025275023484709E-059  -2.4704840163784911E-066  -1.7325240486985789E-073  -1.5700807033588003E-080
   2.1937138906641958E+043   4.7379047973928884E+053   5.5388279031391281E+050   3.8620784230865954E+040  -2.5527154984275851E+028  -106873832025808.86      -0.12834405352791792       -5.3429973839807847E-016  -2.8227297773111396E-029  -6.2382460653303758E-043  -1.6212743066252813E-051  -6.0216936345377297E-059  -2.1710741926089193E-066  -1.5090292705116134E-073  -1.3547838655406769E-080
   2.1920336593646339E+043   4.6495585439450229E+053   5.3766347110000781E+050   3.6607483018607178E+040  -2.4417554844301650E+028  -101095249583749.89      -0.12020418578504462       -4.9571895177188739E-016  -2.5961967100098769E-029  -5.7031407837719600E-043  -1.3876714809017150E-051  -5.3304105814821379E-059  -1.9079421091213959E-066  -1.3143589485027641E-073  -1.1690029742753607E-080
   2.1901022665203756E+043   4.5628415222506841E+053   5.2191880515632534E+050   3.4693040730634422E+040  -2.3355422302756887E+028  -95627233165873.531      -0.11257842939752236       -4.5991354768002976E-016  -2.3877621474573876E-029  -5.2134649522421885E-043  -1.1850053707889424E-051  -4.7184168838202580E-059  -1.6766933666451380E-066  -1.1447963929082794E-073  -1.0086924982365701E-080
   2.1879257191381612E+043   4.4777241150071903E+053   5.0663491217464296E+050   3.2872786343654258E+040  -2.2338768844477882E+028  -90453209508396.984      -0.10543446660330533       -4.2668472074004077E-016  -2.1959875278660902E-029  -4.7654103415415901E-043  -1.0093804692462729E-051  -4.1766259319546556E-059  -1.4734657213903481E-066  -9.9710403863625400E-074  -8.7036126423663781E-081
   2.1855099179775708E+043   4.3941772330068843E+053   4.9179831738077741E+050   3.1142263682841747E+040  -2.1365686899822649E+028  -85557482327312.500       -9.8742000138514363E-002  -3.9584783756346771E-016  -2.0195479611519376E-029  -4.3554828814362204E-043  -8.5737554761697664E-052  -3.6969915680125250E-059  -1.2948646604628951E-066  -8.6846169581064976E-074  -7.5099651255356882E-081
   2.1828606592186002E+043   4.3121723059753920E+053   4.7739593970002837E+050   2.9497221734397450E+040  -2.0434346684429393E+028  -80925186386374.047       -9.2472627714810088E-002  -3.6723143209741612E-016  -1.8572233083370538E-029  -3.9804772800125663E-043  -7.2598728879981999E-052  -3.2723890496589004E-059  -1.1379067743733643E-066  -7.5641275650628964E-074  -6.4799835366411285E-081
   2.1799836361046005E+043   4.2316812735623224E+053   4.6341508026745419E+050   2.7933605388234219E+040  -1.9542993154429654E+028  -76542243940414.812       -8.6599724236802497E-002  -3.4067627172848223E-016  -1.7078899553668434E-029  -3.6374536360558933E-043  -6.1258049872092119E-052  -2.8965096213330542E-059  -9.9996998328437205E-067  -6.5881733282664830E-074  -5.5912320218533892E-081
   2.1768844405609341E+043   4.1526765764820315E+053   4.4984341127295319E+050   2.6447546591930246E+040  -1.8689943073384019E+028  -72395323433123.625       -8.1098331286465195E-002  -3.1603448920262631E-016  -1.5705132278072624E-029  -3.3237158942373630E-043  -5.1484413924297145E-052  -2.5637671386815839E-059  -8.7874978773685180E-067  -5.7381143345095399E-074  -4.8243495877897498E-081
   2.1735685647896900E+043   4.0751311478021418E+053   4.3666896513141475E+050   2.5035355897903559E+040  -1.7873582187297089E+028  -68471800334430.375       -7.5945053430119508E-002  -2.9316877575719905E-016  -1.4441403969665156E-029  -3.0367920035093148E-043  -4.3075251173427195E-052  -2.2692153693377146E-059  -7.7222081489792249E-067  -4.9977140076182736E-074  -4.1626287904626210E-081
   2.1700414028407980E+043   3.9990184043774954E+053   4.2388012396848679E+050   2.3693514386546805E+040  -1.7092362504157515E+028  -64759720008380.891       -7.1117960930445964E-002  -2.7195163118051118E-016  -1.3278942317578258E-029  -2.7744156490550992E-043  -3.5853099690668060E-052  -2.0084747503460162E-059  -6.7860301954717987E-067  -4.3528293084597811E-074  -3.5916521368595687E-081
   2.1663082521598792E+043   3.9243122384272907E+053   4.1146560941278093E+050   2.2418665948811065E+040  -1.6344799674537935E+028  -61247762507834.281       -6.6596498471266710E-002  -2.5226466681162418E-016  -1.2209670541086949E-029  -2.5345094374513848E-043  -2.9662582430343965E-052  -1.7776675217596091E-059  -5.9633197653068145E-067  -3.7911408594358348E-074  -3.0989782955498387E-081
   2.1623743151131612E+043   3.8509870092531568E+053   3.9941447268560140E+050   2.1207609912444982E+040  -1.5629470469878578E+028  -57925209197503.188       -6.2361399526617123E-002  -2.3399795776991746E-016  -1.1226152589481563E-029  -2.3151694234084106E-043  -2.4367740493861536E-052  -1.5733602792851196E-059  -5.2403276955123421E-067  -3.3019178496701276E-074  -2.6738712947974780E-081
   2.1582447004897867E+043   3.7790175350959561E+053   3.8771608497954438E+050   2.0057293996782211E+040  -1.4945010355166667E+028  -54781911111792.625       -5.8394606027976692E-002  -2.1704944096183737E-016  -1.0321542627863333E-029  -2.1146508745884549E-043  -1.9849681391614982E-052  -1.3925130981288776E-059  -4.6049704106286763E-067  -2.8758132396303566E-074  -2.3070668206395588E-081
   2.1539244249818334E+043   3.7083790851291507E+053   3.7636012811756290E+050   1.8964807581627272E+040  -1.4290111152811717E+028  -51808258958586.961       -5.4679193004542527E-002  -2.0132435565234953E-016  -9.4895384765819208E-030  -1.9313551785955146E-043  -1.6004505714968514E-052  -1.2324344770096533E-059  -4.0466282069270212E-067  -2.5046853611494233E-074  -1.9905705335253135E-081
   2.1494184146423679E+043   3.6390473715865745E+053   3.6533658548433844E+050   1.7927375276418598E+040  -1.3663518794603948E+028  -48995154684599.375       -5.1199297891181945E-002  -1.8673472361219753E-016  -8.7243386975243235E-030  -1.7638178033098074E-043  -1.2741479824106255E-052  -1.0907414370696372E-059  -3.5559679590052902E-067  -2.1814425117031050E-074  -1.7174840179017588E-081
   2.1447315063218410E+043   3.5709985420224959E+053   3.5463573322203625E+050   1.6942350776449360E+040  -1.3064031158729295E+028  -46333984522144.242       -4.7940054217268192E-002  -1.7319886606024882E-016  -8.0206030440248657E-030  -1.6106972283383650E-043  -9.9814258757057540E-053  -9.6532418639552087E-060  -3.1247872927522903E-067  -1.8999075799334227E-074  -1.4818545796740338E-081
   2.1398684490831362E+043   3.5042091717018930E+053   3.4424813168275071E+050   1.6007210993502173E+040  -1.2490495988899822E+028  -43816593441230.359       -4.4887529407055475E-002  -1.6064095481402600E-016  -7.3734160129399292E-030  -1.4707647714958669E-043  -7.6553038104833441E-053  -8.5431482817113980E-060  -2.7458776263451979E-067  -1.6547001211149513E-074  -1.2785456247989115E-081
   2.1348339055955753E+043   3.4386562561188694E+053   3.3416461713017123E+050   1.5119550448804818E+040  -1.1941808892742522E+028  -41435260934712.438       -4.2028666438652044E-002  -1.4899059524195946E-016  -6.7782532575518750E-030  -1.3428952399450966E-043  -5.7029628421517403E-053  -7.5605965011085075E-060  -2.4129037953550824E-067  -1.4411336338097683E-074  -1.1031247996391342E-081
   2.1296324535081813E+043   3.3743172036411950E+053   3.2437629368321577E+050   1.4277075916741085E+040  -1.1416911416672455E+028  -39182678067888.125       -3.9351229124065322E-002  -1.3818243877886956E-016  -6.2309506385577906E-030  -1.2260583409401014E-043  -4.0720425783997004E-053  -6.6909458564461498E-060  -2.1202982544125417E-067  -1.2551260786749293E-074  -9.5176745982641030E-082
   2.1242685868024929E+043   3.3111698282789593E+053   3.1487452549458923E+050   1.3477601308255198E+040  -1.0914789194557941E+028  -37051925727398.133       -3.6843750787279805E-002  -1.2815582292254130E-016  -5.7276757075749125E-030  -1.1193107920522128E-043  -2.7170061986144988E-053  -5.9212348411783656E-060  -1.8631680908293648E-067  -1.0931219327889900E-074  -8.2117336763526126E-082
   2.1187467171252252E+043   3.2491923425753724E+053   3.0565092915742873E+050   1.2719042783370819E+040  -1.0434470167565798E+028  -35036454007585.645       -3.4495486130941194E-002  -1.1885443677479003E-016  -5.2649014334616936E-030  -1.0217890753433714E-043  -1.5982901454972719E-053  -5.2399886871910407E-060  -1.6372132991255643E-067  -9.5202429275601067E-075  -7.0849480549455266E-082
   2.1130711751010618E+043   3.1883633506177653E+053   2.9669736633339618E+050   1.1999414082707325E+040  -9.9750228726536068E+027  -33130062675606.555       -3.2296366095011686E-002  -1.1022601032586981E-016  -4.8393819964100824E-030  -9.3270278420535696E-044  -6.8155658802189686E-054  -4.6370489756645934E-060  -1.4386549531284880E-067  -8.2913573141300752E-075  -6.1127454150441817E-082
   2.1072462116258648E+043   3.1286618411668741E+053   2.8800593659577159E+050   1.1316822068317735E+040  -9.5355547972534536E+027  -31326882659561.973       -3.0236955522779996E-002  -1.0222202580714054E-016  -4.4481304883014303E-030  -8.5132851552906001E-044   6.2963492396816251E-055  -4.1034227590758259E-060  -1.2641720773166523E-067  -7.2210677985741531E-075  -5.2739229707461467E-082
   2.1012759991405806E+043   3.0700671809025183E+053   2.7956897048128741E+050   1.0669462464595320E+040  -9.1152107977674750E+027  -29621358506756.578       -2.8308413460901374E-002  -9.4797449554227051E-017  -4.0883983703201068E-030  -7.7700426352527016E-044   6.6104732882862524E-054  -3.6311489619970089E-060  -1.1108461641223226E-067  -6.2889105190266738E-075  -4.5501855170958099E-082
   2.0951646328861178E+043   3.0125591077838088E+053   2.7137902274462593E+050   1.0055615790400268E+040  -8.7131715795700240E+027  -28008231761877.398       -2.6502455930751675E-002  -8.7910482932076061E-017  -3.7576565503633284E-030  -7.0912427490685590E-044   1.1349869952156066E-053  -3.2131800835493276E-060  -9.7611241139846442E-068  -5.4770615473125120E-075  -3.9257467955219232E-082
   2.0889161321394717E+043   2.9561177245220548E+053   2.6342886580967924E+050   9.4736434739445803E+039  -8.3286522362839973E+027  -26482525217444.848       -2.4811321018345524E-002  -8.1522330974902697E-017  -3.4535779534452584E-030  -6.4713432827990898E-044   1.5040340121890425E-053  -2.8432774504167850E-060  -8.5771686632029581E-068  -4.7699963985783796E-075  -3.3869855002926345E-082
   2.0825344414313599E+043   2.9007234921645521E+053   2.5571148341184110E+050   8.9219841423435223E+039  -7.9609008461701130E+027  -25039527991317.285       -2.3227736139430442E-002  -7.5596987488539686E-017  -3.1740214681350399E-030  -5.9052740349557448E-044   1.7847893331137456E-053  -2.5159184695525094E-060  -7.5367876049541642E-068  -4.1541934464202360E-075  -2.9221484380962407E-082
   2.0760234317456381E+043   2.8463572237874801E+053   2.4822006442576811E+050   8.3991500780959438E+039  -7.6091971235375056E+027  -23674781388338.742       -2.1744887345162969E-002  -7.0101035450646511E-017  -2.9170171611540391E-030  -5.3883970940105048E-044   1.9915452447569119E-053  -2.2262145070596752E-060  -6.6225740763980738E-068  -3.6178755833193159E-075  -2.5210943787283203E-082
   2.0693869017007542E+043   2.7930000782961402E+053   2.4094799687320808E+050   7.9037238350945718E+039  -7.2728511231519149E+027  -22384065505411.961       -2.0356390542032702E-002  -6.5003461626054741E-017  -2.6807526606445223E-030  -4.9164704091279877E-044   2.1365849505082765E-053  -1.9698381768152380E-060  -5.8192311128199137E-068  -3.1507851957172637E-075  -2.1750730202254953E-082
   2.0626285787134984E+043   2.7406335543308126E+053   2.3388886210565105E+050   7.4343550070913750E+039  -6.9512019956841065E+027  -21163386541361.992       -1.9056264507458412E-002  -6.0275484390642214E-017  -2.4635606163633604E-030  -4.4856143863161315E-044   2.2304449261496830E-053  -1.7429589615399718E-060  -5.1133159685198480E-068  -2.7439881585784870E-075  -1.8765342558736122E-082
   2.0557521201453059E+043   2.6892394842765182E+053   2.2703642915671063E+050   6.9897571418530985E+039  -6.6436167923057586E+027  -20008964774933.824       -1.7838905589766703E-002  -5.5890393827936805E-017  -2.2639071521992087E-030  -4.0922812634120685E-044   2.2821445386812365E-053  -1.5421862122524474E-060  -4.4930154130973425E-068  -2.3897031079140207E-075  -1.6189635899404596E-082
   2.0487611144313576E+043   2.6388000283750094E+053   2.2038464925929134E+050   6.5687047945386242E+039  -6.3494893166031172E+027  -18917223176146.559       -1.6699063988106586E-002  -5.1823403228516399E-017  -2.0803812330053905E-030  -3.7332270369191419E-044   2.2993868886955877E-053  -1.3645186811933861E-060  -3.9479482514910057E-068  -2.0811527320254922E-075  -1.3967401180736139E-082
   2.0416590821927314E+043   2.5892976689373300E+053   2.1392765052274131E+050   6.1700307141134738E+039  -6.0682390220400731E+027  -17884776618011.141       -1.5631821514279505E-002  -4.8051511183537290E-017  -1.9116848738254065E-030  -3.4054857318066092E-044   2.2887343683027774E-053  -1.2072998399788555E-060  -3.4689917703923868E-068  -1.8124342423610770E-075  -1.2050139794336055E-082
   2.0344494773318439E+043   2.5407152046553143E+053   2.0765973276532949E+050   5.7926231568881139E+039  -5.7993099532620912E+027  -16908421657313.209       -1.4632570744498804E-002  -4.4553373520706843E-017  -1.7566241252024718E-030  -3.1063458220847406E-044   2.2557620125966060E-053  -1.0681783203610929E-060  -3.0481292129236680E-068  -1.5784065508647774E-075  -1.0396006114786045E-082
   2.0271356881114219E+043   2.4930357450104178E+053   2.0157536249752162E+050   5.4354233215263476E+039  -5.5421697295905416E+027  -15985126854771.760       -1.3696995474759029E-002  -4.1309184384014694E-017  -1.6141007734446693E-030  -2.8333286253769098E-044   2.2051913568697829E-053  -9.4507289080674630E-061  -2.6783157344081517E-068  -1.3745919995218362E-075  -8.9688950409452587E-083
   2.0197210382172441E+043   2.4462427047782911E+053   1.9566916805166112E+050   5.0974229001183058E+039  -5.2963085691135583E+027  -15112023606412.168       -1.2821052398815950E-002  -3.8300565807825871E-017  -1.4831046994964190E-030  -2.5841685089220875E-044   2.1410071886884481E-053  -8.3614144926235198E-061  -2.3533606005177869E-068  -1.1970907655339143E-075  -7.7376546542739169E-083
   2.0122087878048834E+043   2.4003197986275425E+053   1.8993593485378868E+050   4.7776617401501268E+039  -5.0612383518344775E+027  -14286397459442.719       -1.2000953932773699E-002  -3.5510465181776552E-017  -1.3627068444757328E-030  -2.3567947575446653E-044   2.0665592986157884E-053  -7.3975357195658685E-061  -2.0678236601950987E-068  -1.0425063074923510E-075  -6.6754068418734839E-083
   2.0046021345306798E+043   2.3552510358111487E+053   1.8437060083345840E+050   4.4752256124295324E+039  -4.8364917203923319E+027  -13505679887300.957       -1.1233152114965584E-002  -3.2923060045538491E-017  -1.2520527340035290E-030  -2.1493149662064375E-044   1.9846510814767711E-053  -6.5446621076584139E-061  -1.8169243640371221E-068  -9.0788042866888897E-076  -5.7589610828037600E-083
   1.9969042145671735E+043   2.3110207149489970E+053   1.7896825196752876E+050   4.1892440802438483E+039  -4.6216212169207212E+027  -12767440499843.533       -1.0514323514218367E-002  -3.0523669692154316E-017  -1.1503565172023797E-030  -1.9599998308847441E-044   1.8976166177244765E-053  -5.7900217832131953E-061  -1.5964618082688616E-068  -7.9063671712900716E-076  -4.9683086249752814E-083
   1.9891181036032198E+043   2.2676134189000749E+053   1.7372411795402400E+050   3.9188884652348274E+039  -4.4161984546617232E+027  -12069379665894.209       -9.8413550837235207E-003  -2.8298673095500944E-017  -1.0568954797017046E-030  -1.7872692217727793E-044   1.8073876682859495E-053  -5.1223110135083242E-061  -1.4027444685153294E-068  -6.8853128229410287E-076  -4.2861860306538932E-083
   1.9812468178290064E+043   2.2250140097228296E+053   1.6863356801227426E+050   3.6633699056734487E+039  -4.2198133230003625E+027  -11409321526542.688       -9.2113309016194737E-003  -2.6235432711705925E-017  -9.7100499317704112E-031  -1.6296794322393998E-044   1.7155518432048108E-053  -4.5315255933669271E-061  -1.2325284493737491E-068  -5.9960984688489866E-076  -3.6976985794383333E-083
   1.9732933149061917E+043   2.1832076237222558E+053   1.6369210680565417E+050   3.4219375030079904E+039  -4.0320732246325201E+027  -10785207378704.938       -8.6215197430315055E-003  -2.4322223736201424E-017  -8.9207386689330403E-031  -1.4859115056780888E-044   1.6234030517779947E-053  -4.0088115797294954E-061  -1.0829632179890779E-068  -5.2217037452633944E-076  -3.1899953213499471E-083
   1.9652604949233787E+043   2.1421796665822864E+053   1.5889537048334579E+050   3.1938765527405270E+039  -3.8526023436251080E+027  -10195089409516.807       -8.0693634317351905E-003  -2.2548168427721102E-017  -8.1954006943505892E-031  -1.3547605503754392E-044   1.5319852073307686E-053  -3.5463331559925752E-061  -9.5154391481806838E-069  -4.5473051899837628E-076  -2.7519886977731751E-083
   1.9571512013371344E+043   2.1019158085820782E+053   1.5423912283765634E+050   2.9785068558609214E+039  -3.6810409431718668E+027  -9637124763139.7344       -7.5524659228186231E-003  -2.0903175138081920E-017  -7.5288679130843885E-031  -1.2351259598916863E-044   1.4421300411855481E-053  -3.1371556619886541E-061  -8.3606944461424033E-069  -3.9599927319363357E-076  -2.3741126188876322E-083
   1.9489682218987662E+043   2.0624019798948180E+053   1.4971925157352167E+050   2.7751811072337429E+039  -3.5170446918912630E+027  -9109569922512.9961       -7.0685830707309391E-003  -1.9377881712191921E-017  -6.9163882140577591E-031  -1.1260024632187706E-044   1.3544897758951816E-053  -2.7751420505005958E-061  -7.3460564721059236E-069  -3.4485227604849047E-076  -2.0481137240653361E-083
   1.9407142895670576E+043   2.0236243659676794E+053   1.4533176468692480E+050   2.5832833574925923E+039  -3.3602840175547588E+027  -8610775389493.6826       -6.6156130399317899E-003  -1.7963602946521066E-017  -6.3535921245037272E-031  -1.0264719352107841E-044   1.2695653157834452E-053  -2.4548612304649679E-061  -6.4545293252917415E-069  -3.0031030557868232E-076  -1.7668712747037900E-083
   1.9323920834071680E+043   1.9855694029815967E+053   1.4107278694905413E+050   2.4022275451484937E+039  -3.2104434871741799E+027  -8139180647686.0791       -6.1915873180096942E-003  -1.6652281816391766E-017  -5.8364621249905194E-031  -9.3569590350973635E-045   1.1877305318070886E-053  -2.1715069334681159E-061  -5.6711783882235996E-069  -2.6152054700709586E-076  -1.5242417528630199E-083
   1.9240042294758974E+043   1.9482237733895335E+053   1.3693855649311765E+050   2.2314560957644859E+039  -3.0672212124160569E+027  -7693309393078.4492       -5.7946622936272500E-003  -1.5436444203005625E-017  -5.3613044138704862E-031  -8.5290869345553720E-045   1.1092531464356240E-053  -1.9208258963861473E-061  -4.9828803869406228E-069  -2.2774027798116109E-076  -1.3149247774525230E-083
   1.9155533016935095E+043   1.9115744015319470E+053   1.3292542150082015E+050   2.0704385851876962E+039  -2.9303282793487128E+027  -7271765018379.7549       -5.4231113639878889E-003  -1.4309156870232645E-017  -4.9247229266533441E-031  -7.7741115730910860E-045   1.0343126614966368E-053  -1.6990542913761853E-061  -4.3781037505384987E-069  -1.9832265905166586E-076  -1.1343474142920393E-083
   1.9070418227023131E+043   1.8756084493281661E+053   1.2902983698559695E+050   1.9186704639632504E+039  -2.7994882015645251E+027  -6873226337683.6494       -5.0753175387116319E-003  -1.3263988458949928E-017  -4.5235954311556162E-031  -7.0856493856515427E-045   9.6301571674715758E-054  -1.5028614569382397E-061  -3.8467155978426057E-069  -1.7270435780509979E-076  -9.7856435726208553E-084
   1.8984722647121871E+043   1.8403133120424280E+053   1.2524836166978237E+050   1.7756718401816067E+039  -2.6744363957552300E+027  -6496443538784.1436       -4.7497665090648908E-003  -1.2294973283223611E-017  -4.1550515334260462E-031  -6.4578722621726043E-045   8.9540921841379528E-054  -1.3293000922477766E-061  -3.3798121239642361E-069  -1.5039477007537218E-076  -8.4417180369456767E-084
   1.8898470503332441E+043   1.8056766141233277E+053   1.2157765495297350E+050   1.6409863181325887E+039  -2.5549196788524147E+027  -6140234351128.5518       -4.4450401534200535E-003  -1.1396577727968011E-017  -3.8164524424851681E-031  -5.8854595759131664E-045   8.3149153430757777E-054  -1.1757621730141705E-061  -2.9695695505406126E-069  -1.3096663217661298E-076  -7.2823314566277513E-084
   1.8811685533958142E+043   1.7716862051154647E+053   1.1801447396892944E+050   1.5141798902557497E+039  -2.4406957858784683E+027  -5803480418020.5566       -4.1598104516321205E-003  -1.0563669061971813E-017  -3.5053723539323524E-031  -5.3635543181014847E-045   7.7122201466708922E-054  -1.0399399321717933E-061  -2.6091131471374044E-069  -1.1404784467923374E-076  -6.2821485641391950E-084
   1.8724390997579359E+043   1.7383301556420780E+053   1.1455567072842364E+050   1.3948398799879568E+039  -2.3315329076852636E+027  -5485123862281.1191       -3.8928337827193208E-003  -9.7914864934285856E-018  -3.2195813235452077E-031  -4.8877229911716449E-045   7.1452906499993948E-054  -9.1979132401795379E-062  -2.2924021333359219E-069  -9.9314351403899576E-077  -5.4193117345556322E-084
   1.8636609681005335E+043   1.7055967534574929E+053   1.1119818934554211E+050   1.2825739332154782E+039  -2.2272092477887813E+027  -5184164035139.2031       -3.6429455818293073E-003  -9.0756143074189151E-018  -2.9570295121977268E-031  -4.4539189419225526E-045   6.6131696833405861E-054  -8.1350945709069927E-062  -2.0141285364785309E-069  -8.6483937474538917E-077  -4.6749637160060712E-084
   1.8548363907104594E+043   1.6734744995682083E+053   1.0793906334499353E+050   1.1770090561395849E+039  -2.1275125975377392E+027  -4899654438659.3975       -3.4090553339685792E-003  -8.4119569362297315E-018  -2.7158326928228038E-031  -4.0584488425994277E-045   6.1147162897651966E-054  -7.1949554011743199E-062  -1.7696283133369024E-069  -7.5310827837014804E-077  -4.0328358477138538E-084
   1.8459675542515794E+043   1.6419521044214819E+053   1.0477541304806780E+050   1.0777906974619432E+039  -2.0322399288831372E+027  -4630699812521.0293       -3.1901418833763435E-003  -7.7967158240245417E-018  -2.4942589188044016E-031  -3.6979420523702667E-045   5.6486538768452008E-054  -6.3633493763724604E-062  -1.5548032489938544E-069  -6.5580982949986391E-077  -3.4788927816676651E-084
   1.8370566005240720E+043   1.6110184841602823E+053   1.0170444303494877E+050   9.8458187288908387E+038  -1.9411970040434719E+027  -4376453376444.5908       -2.9852490387406692E-003  -7.2263679572529947E-018  -2.2907162611623906E-031  -3.3693226141240105E-045   5.2136103870649338E-054  -5.6277597818060184E-062  -1.3660523264142492E-069  -5.7108001680952277E-077  -3.0010259561784705E-084
   1.8281056272121150E+043   1.5806627569434953E+053   9.8723439681153420E+049   8.9706233004414891E+038  -1.8541980013872450E+027  -4136114220017.6782       -2.7934814556899528E-003  -6.6976459413627398E-018  -2.1037415292422704E-031  -3.0697836621161151E-045   4.8081516212077043E-054  -4.9771119886554497E-062  -1.2002114185328147E-069  -4.9729553047973015E-077  -2.5887891328235936E-084
   1.8191166886201265E+043   1.5508742393302939E+053   9.5829768765934800E+049   8.1492775195914290E+038  -1.7710651568803227E+027  -3908924832105.3525       -2.6140007791513186E-003  -6.2075195129002201E-018  -1.9319898963917460E-031  -2.7967640348811182E-045   4.4308086999335526E-054  -4.4016074654775488E-062  -1.0545002938514316E-069  -4.3304268557796224E-077  -2.2331702257184710E-084
   1.8100917963977272E+043   1.5216424427275917E+053   9.3020873150549158E+049   7.3788899740219729E+038  -1.6916284204707209E+027  -3694168762440.1528       -2.4460220292543888E-003  -5.7531783840055998E-018  -1.7742253583418132E-031  -2.5479269051589827E-045   4.0801005183820310E-054  -3.8925768778034989E-062  -9.2647604883981481E-070  -3.7709035697148212E-077  -1.9263944436804444E-084
   1.8010329202535894E+043   1.4929570698995234E+053   9.0294270524348450E+049   6.6567137637207164E+038  -1.6157251268075238E+027  -3491168408375.9883       -2.2888102154782482E-003  -5.3320163236633860E-018  -1.6293119577534874E-031  -2.3211402544698903E-045   3.7545519346628273E-054  -3.4423500827507316E-062  -8.1399218791443915E-070  -3.2836640804010331E-077  -1.6617544489074472E-084
   1.7919419886583321E+043   1.4648080115379052E+053   8.7647551216719369E+049   5.9801395916641266E+038  -1.5431996797139167E+027  -3299282920158.9780       -2.1416771646955708E-003  -4.9416163869038797E-018  -1.4962057136810941E-031  -2.1144590345381077E-045   3.4527083335390932E-054  -3.0441410773119455E-062  -7.1516266622655478E-070  -2.8593716226277836E-077  -1.4334638251733749E-084
   1.7828208895366227E+043   1.4371853428926534E+053   8.5078376072947139E+049   5.3466891750132389E+038  -1.4739032498567535E+027  -3117906218417.9570       -2.0039785496646688E-003  -4.5797372094985263E-018  -1.3739471995747946E-031  -1.9261088711175678E-045   3.1731471197034521E-054  -2.6919461818583062E-062  -6.2833029349914874E-070  -2.4898952493923067E-077  -1.2365306570863539E-084
   1.7736714709486438E+043   1.4100793204611455E+053   8.2584474392138809E+049   4.7540089622770237E+038  -1.4076934850767118E+027  -2946465117908.8594       -1.8751111053612931E-003  -4.2443002915887008E-018  -1.2616547179314918E-031  -1.7544711780092534E-045   2.9144866192443034E-054  -2.3804539377029032E-062  -5.5203897010167302E-070  -2.1681541298816902E-077  -1.0666484607503088E-084
   1.7644955417610765E+043   1.3834803787355351E+053   8.0163641925394730E+049   4.1998641425471458E+038  -1.3444342328639401E+027  -2784417551861.4067       -1.7545100213308324E-003  -3.9333781991644394E-018  -1.1585180238347661E-031  -1.5980695602748419E-045   2.6753928018349191E-054  -2.1049653722448010E-062  -4.8500929065913420E-070  -1.8879819490531474E-077  -9.2010208477881379E-085
   1.7552948723077582E+043   1.3573791270070376E+053   7.7813738932469971E+049   3.6821329335284054E+038  -1.2839952744841925E+027  -2631250891574.4121       -1.6416464989813327E-003  -3.6451836173967307E-018  -1.0637925534288794E-031  -1.4555573959264093E-045   2.4545841786480897E-054  -1.8613234398478898E-062  -4.2611710682999788E-070  -1.6440088141094088E-077  -7.9368652728659160E-085
   1.7460711950401597E+043   1.3317663462262266E+053   7.5532688295218486E+049   3.1988011356823787E+038  -1.2262520702798143E+027  -2486480356188.3394       -1.5360254634314914E-003  -3.3780591945518930E-018  -9.7679411687493546E-032  -1.3257064947857124E-045   2.2508351809471201E-054  -1.6458505834994982E-062  -3.7437469039677851E-070  -1.4315584080253110E-077  -6.8463689635001849E-085
   1.7368262051678354E+043   1.3066329859183913E+053   7.3318473686162719E+049   2.7479569403688224E+038  -1.1710855156885817E+027  -2349647507831.3804       -1.4371834201783781E-003  -3.1304681196047973E-018  -8.9689401856266896E-032  -1.2073967418297240E-045   2.0629782807995404E-054  -1.4552934834755064E-062  -3.2891418132160147E-070  -1.2465584219340853E-077  -5.9056798462897650E-085
   1.7275615612889887E+043   1.2819701611530253E+053   7.1169137790579561E+049   2.3277859804114766E+038  -1.1183817075413752E+027  -2220318827588.9585       -1.3446864474596812E-003  -2.9009853807432358E-018  -8.2351457032095073E-032  -1.0996066402370961E-045   1.8899050775850257E-054  -1.2867741665126456E-062  -2.8897304365363559E-070  -1.0854625522014664E-077  -5.0942213868113961E-085
   1.7182788860112991E+043   1.2577691495665267E+053   6.9082780580540540E+049   1.9365666120330280E+038  -1.0680317202169577E+027  -2098084367986.9556       -1.2581283157573611E-003  -2.6882896557406396E-018  -7.5612496610409074E-032  -1.0014046765830914E-045   1.7305665412047620E-054  -1.1377467439495935E-062  -2.5388128577520140E-070  -9.4518256925735442E-078  -4.3942428455195412E-085
   1.7089797665631553E+043   1.2340213884372087E+053   6.7057557639389571E+049   1.5726654175992446E+038  -1.0199313912487948E+027  -1982556477906.8074       -1.1771287264259907E-003  -2.4911557886892859E-018  -6.9423748914796104E-032  -9.1194143725349021E-046   1.5839725745142783E-054  -1.0059591313584491E-062  -2.2305023100022824E-070  -8.2302915794715709E-078  -3.7904312743743168E-085
   1.6996657553954288E+043   1.2107184718117291E+053   6.5091678535185945E+049   1.2345329190856725E+038  -9.7398111599488801E+026  -1873368596066.5012       -1.1013316619320347E-003  -2.3084478108502259E-018  -6.3740402490699554E-032  -8.3044241121169432E-046   1.4491910329409069E-054  -8.8941917659748953E-063  -1.9596265048619038E-070  -7.1666039699133011E-078  -3.2695767799924322E-085
   1.6903383707739321E+043   1.1878521476820705E+053   6.3183405241682955E+049   9.2069949263273289E+037  -9.3008565099703496E+026  -1770174109406.1375       -1.0304038406619149E-003  -2.1391124664072417E-018  -5.8521285521601621E-032  -7.5620141980431741E-046   1.3253463180237304E-054  -7.8636468908176565E-063  -1.7216409322250259E-070  -6.2403689131025307E-078  -2.8202837420215173E-085
   1.6809990973626947E+043   1.1654143152122055E+053   6.1331050605454524E+049   6.2977147498750660E+037  -8.8815392567078547E+026  -1672645272910.5938       -9.6403326969886338E-004  -1.9821732067267062E-018  -5.3728571108414409E-032  -6.8857461937168134E-046   1.2116176433009675E-054  -6.9523692137021009E-063  -1.5125526789585515E-070  -5.4338269827673081E-078  -2.4327216787905427E-085
   1.6716493867981913E+043   1.1433970220136045E+053   5.9532976857822299E+049   3.6042745304379087E+037  -8.4809886198166653E+026  -1580472187585.5640       -9.0192788938312657E-004  -1.8367246193387210E-018  -4.9327506333517912E-032  -6.2697502708011619E-046   1.1072370551927485E-054  -6.1465710577431375E-063  -1.3288534904116470E-070  -4.7315129983402974E-078  -2.0984103179749766E-085
   1.6622906582546579E+043   1.1217924614687515E+053   5.7787594170275361E+049   1.1141472808703789E+037  -8.0983720177700775E+026  -1493361833477.3228       -8.4381430385874114E-004  -1.7019272602815591E-018  -4.5286163197212783E-032  -5.7086752464878563E-046   1.0114872779578552E-054  -5.4340569437235402E-063  -1.1674609536016841E-070  -4.1199596898333417E-078  -1.8100341769196551E-085
   1.6529242990006213E+043   1.1005929701018507E+053   5.6093359252112443E+049  -1.1845405327171347E+037  -7.7328934145593247E+026  -1411037154791.5256       -7.8943659217447972E-004  -1.5770028607045998E-018  -4.1575209667440624E-032  -5.1976429853801272E-046   9.2369944015374202E-055  -4.8040399124487584E-063  -1.0256668168696198E-070  -3.5874396324729873E-078  -1.5612826016800759E-085
   1.6435516649467748E+043   1.0797910249959169E+053   5.4448773989073926E+049  -3.3030410912800991E+037  -7.3837917367282056E+026  -1333236194322.6250       -7.3855519484815856E-004  -1.4612298807169054E-018  -3.8167699224513220E-032  -4.7322067872908761E-046   8.4325073004830762E-055  -4.2469790153384812E-063  -9.0109158028394215E-071  -3.1237405096420427E-078  -1.3467117698337818E-085
   1.6341740811853250E+043   1.0593792412554594E+053   5.2852384121766603E+049  -5.2520158059257416E+037  -7.0503393578179090E+026  -1259711274553.5635       -6.9094587112373163E-004  -1.3539393854108443E-018  -3.5038877412251397E-032  -4.3083134148513390E-046   7.6956201889921965E-055  -3.7544355360282268E-063  -7.9164459607031218E-071  -2.7199694006085461E-078  -1.1616256418092568E-085
   1.6247928425209368E+043   1.0393503695139753E+053   5.1302777962719253E+049  -7.0415644535713926E+037  -6.7318406474153254E+026  -1190228222925.6758       -6.4639872245079132E-004  -1.2545112197933828E-018  -3.2166004026253428E-032  -3.9222684446432806E-046   7.0209548373957088E-055  -3.3189457861052691E-063  -6.9548901061027668E-071  -2.3683823451180728E-078  -1.0019732593477305E-085
   1.6154092139933978E+043   1.0196972934854903E+053   4.9798585150940839E+049  -8.6812529318348974E+037  -6.4276305821114142E+026  -1124565638911.6335       -6.0471727799749899E-004  -1.1623704610317341E-018  -2.9528189679812895E-032  -3.5707046528401150E-046   6.4035225511902791E-055  -2.9339085662351125E-063  -6.1101096063035307E-071  -2.0622359208044201E-078  -8.6426014678515869E-086
   1.6060244313921236E+043   1.0004130275593895E+053   4.8338475442886125E+049  -1.0180139696807962E+038  -6.1370734157850602E+026  -1062514200650.1632       -5.6571763827175509E-004  -1.0769841279741857E-018  -2.7106245589041901E-032  -3.2505531712848330E-046   5.8387011000050956E-055  -2.5934856035469702E-063  -5.3679250744881295E-071  -1.7956579907924870E-078  -7.4547187891017333E-086
   1.5966397017626270E+043   9.8149071443779606E+052   4.6921157538765432E+049  -1.1546800944488244E+038  -5.8595614067325770E+026  -1003876009020.5273       -5.2922767317267413E-004  -9.9785812934966745E-019  -2.4882545511723020E-032  -2.9590171727419346E-046   5.3222122557565993E-055  -2.2925134705143289E-063  -4.7158785575359643E-071  -1.5635351458866519E-078  -6.4300814494272953E-086
   1.5872562039050657E+043   9.6292362281476847E+052   4.5545377943166326E+049  -1.2789354593898786E+038  -5.5945135992636414E+026  -948463967147.73706       -4.9508627102619633E-004  -9.2453443338892998E-019  -2.2840898859953874E-032  -2.6935478649171557E-046   4.8501000602620418E-055  -2.0264256625890133E-063  -4.1430245839849748E-071  -1.3614146853790353E-078  -5.5462586748889130E-086
   1.5778750888649864E+043   9.4470514509659873E+052   4.4209919858984977E+049  -1.3915483127298420E+038  -5.3413746574811470E+026  -896101193436.47437       -4.6314263537589582E-004  -8.5658844285344217E-019  -2.0966434085351469E-032  -2.4518225919080514E-046   4.4187099112537775E-055  -1.7911836640908172E-063  -3.6397465704661370E-071  -1.1854192588895795E-078  -4.7839013316520115E-086
   1.5684974804163815E+043   9.2682879516250377E+052   4.2913602113694393E+049  -1.4932455340378638E+038  -5.0996137490554571E+026  -846620466333.06384       -4.3325562650365940E-004  -7.9362656061215849E-019  -1.9245491507993768E-032  -2.2317248591819787E-046   4.0246685295928554E-055  -1.5832159665917663E-063  -3.1975955096900988E-071  -1.0321725340897897E-078  -4.1263186227014871E-086
   1.5591244755371686E+043   9.0928820616501606E+052   4.1655278117004905E+049  -1.5847147052946061E+038  -4.8687234768928314E+026  -799863699110.84521       -4.0529314484573597E-004  -7.3528393197751731E-019  -1.7665524826893296E-032  -2.0313261141146071E-046   3.6648648487863220E-055  -1.3993641232757669E-063  -2.8091482363349344E-071  -8.9873446630282105E-079  -3.5591129213665511E-086
   1.5497571448772075E+043   8.9207712836938997E+052   4.0433834848999980E+049  -1.6666060828300017E+038  -4.6482188566836401E+026  -755681443065.22742       -3.7913155364851679E-004  -6.8122235100632308E-019  -1.6215010611083908E-032  -1.8488691286890011E-046   3.3364318500278144E-055  -1.2368350282811639E-063  -2.4678828951806840E-071  -7.8254492985432722E-079  -3.0698647584325401E-086
   1.5403965332189620E+043   8.7518942703135189E+052   3.9248191877857133E+049  -1.7395344747327314E+038  -4.4376363383984321E+026  -713932417590.83032       -3.5465513837602738E-004  -6.3112831889404957E-019  -1.4883365126780857E-032  -1.6827528442691295E-046   3.0367293513504950E-055  -1.0931587034216048E-063  -2.1680695240499185E-071  -6.8137463118975124E-079  -2.6478610756666148E-086
   1.5310436599309175E+043   8.5861908031253277E+052   3.8097300406289674E+049  -1.8040810281246392E+038  -4.2365328698791311E+026  -674483065694.68616       -3.3175560053820801E-004  -5.8471124344766745E-019  -1.3660867907937777E-032  -1.5315185505290966E-046   2.7633277476239045E-055  -9.6615095732470397E-064  -1.9046739173684482E-071  -5.9328236323902940E-079  -2.2838608041799574E-086
   1.5216995194138593E+043   8.4236017723293342E+052   3.6980142345870294E+049  -1.8607949304936534E+038  -4.0444850007487216E+026  -637207133576.71753       -3.1033158375628198E-004  -5.4170176941710686E-019  -1.2538591525231519E-032  -1.3938372817382449E-046   2.5139926886254526E-055  -8.5388035516318137E-064  -1.6732731586957524E-071  -5.1657778196801595E-079  -1.9698926418393033E-086
   1.5123650815401174E+043   8.2640691565978192E+052   3.5895729418421923E+049  -1.9101950290880472E+038  -3.8610880249358551E+026  -601985272981.86536       -2.9028823001947957E-004  -5.0185023020330710E-019  -1.1508337052388764E-032  -1.2684983237620748E-046   2.2866706749128927E-055  -7.5463900187250802E-064  -1.4699814061162436E-071  -4.4978899183185565E-079  -1.6990806077410332E-086
   1.5030412920858830E+043   8.1075360033215606E+052   3.4843102283685087E+049  -1.9527713721926657E+038  -3.6859551601809881E+026  -568704665097.51550       -2.7153676421667698E-004  -4.6492521214558360E-019  -1.0562574769132032E-032  -1.1543987344216130E-046   2.0794755454053624E-055  -6.6691669902016841E-064  -1.2913846862037538E-071  -3.9163431896355017E-079  -1.4654935589425127E-086
   1.4937290731566970E+043   7.9539464092075106E+052   3.3821329692494094E+049  -1.9889866759336956E+038  -3.5187167629580464E+026  -537258664835.47424       -2.5399410514766836E-004  -4.3071222322654721E-019  -9.6943896771479881E-033  -1.0505337883345083E-046   1.8906758261794348E-055  -5.8937808617084472E-064  -1.1344836032494548E-071  -3.4099773115429666E-079  -1.2640153784695049E-086
   1.4844293236062131E+043   7.8032455012218455E+052   3.2829507664716722E+049  -2.0192777200922786E+038  -3.3590195773103275E+026  -507546464399.86346       -2.3758250133232352E-004  -3.9901245862258409E-019  -8.8974314396265886E-033  -9.5598826510840589E-047   1.7186829067724842E-055  -5.2084242243716959E-064  -9.9664300310575879E-072  -2.9690743354644165E-079  -1.0902329955269906E-086
   1.4751429194483338E+043   7.6553794178724133E+052   3.1866758691233879E+049  -2.0440566762484728E+038  -3.2065260161614549E+026  -479472775101.12885       -2.2222919004226971E-004  -3.6964165607521071E-019  -8.1658683863235237E-033  -8.6992850683393618E-047   1.5620400080603647E-055  -4.6026570358810552E-064  -8.7554774756701852E-072  -2.5851722980250961E-079  -9.4033978870511952E-087
   1.4658707142628189E+043   7.5102952908246873E+052   3.0932230959256839E+049  -2.0637123714253490E+038  -3.0609134737218570E+026  -452947526432.05206       -2.0786607807942364E-004  -3.4242903456651438E-019  -7.4943452549799500E-033  -7.9159517728848176E-047   1.4194119043700716E-055  -4.0672484520034916E-064  -7.6916385763412505E-072  -2.2509029149950127E-079  -8.1105225930902187E-087
   1.4566135395944609E+043   7.3679412268454557E+052   3.0025097600300115E+049  -2.0786114902581283E+038  -2.9218736676684704E+026  -427885581474.39307       -1.9442944291910659E-004  -3.1721631025319358E-019  -6.8779443664942061E-033  -7.2029666116540144E-047   1.2895753617553282E-055  -3.5940369340800598E-064  -6.7570437400972136E-072  -1.9598502464093166E-079  -6.9953815209868704E-087
   1.4473722053459247E+043   7.2282662900685396E+052   2.9144555960147932E+049  -2.0890997185748704E+038  -2.7891120098303358E+026  -404206467754.72198       -1.8185965292299649E-004  -2.9385678405105406E-019  -6.3121499556658746E-033  -6.5540304703478221E-047   1.1714102541798396E-055  -3.1758065229734499E-064  -5.9359936225105016E-072  -1.7064276236336402E-079  -6.0335445104247528E-087
   1.4381475001643448E+043   7.0912204845769669E+052   2.8289826890171637E+049  -2.0955028311430493E+038  -2.6623470041654714E+026  -381834122715.27612       -1.7010090540917424E-004  -2.7221449566763064E-019  -5.7928154017939848E-033  -5.9634064266510670E-047   1.0638913196136319E-055  -2.8061774131843553E-064  -5.2146955949295930E-072  -1.4857704790890959E-079  -5.2039389363434433E-087
   1.4289401918217716E+043   6.9567547372960874E+052   2.7460154059374132E+049  -2.0981277262101150E+038  -2.5413096708650326E+026  -360696653010.43402       -1.5910098144335347E-004  -2.5216343925715780E-019  -5.3161331240657844E-033  -5.4258697583080292E-047   9.6608051866275827E-056  -2.4795091760828689E-064  -4.5810322070819574E-072  -1.2936430241039540E-079  -4.4883883361917032E-087
   1.4197510275895594E+043   6.8248208811922310E+052   2.6654803286555580E+049  -2.0972634093455853E+038  -2.4257429954693302E+026  -340726106881.77545       -1.4881101628736902E-004  -2.3358683622150385E-019  -4.8786069256648330E-033  -4.9366623783534469E-047   8.7711995924578792E-056  -2.1908151716325048E-064  -4.0243577611857551E-072  -1.1263569857523593E-079  -3.8712144268352151E-087
   1.4105807346067856E+043   6.6953716387715843E+052   2.5873061892012383E+049  -2.0931819289770732E+038  -2.3154014019268753E+026  -321858258904.81250       -1.3918528450844190E-004  -2.1637646100486535E-019  -4.4770265879907015E-033  -4.4914513072713108E-047   7.9622535193789487E-056  -1.9356868564732108E-064  -3.5353195850761501E-072  -9.8070084465718296E-080  -3.3388938031305447E-087
   1.4014300202427904E+043   6.5683606058740641E+052   2.5114238068198511E+049  -2.0861392659027116E+038  -2.2100502485723310E+026  -304032406438.45337       -1.3018099881592448E-004  -2.0043201603080298E-019  -4.1084445324395977E-033  -4.0862908260662799E-047   7.2267996187125491E-056  -1.7102268453018697E-064  -3.1057010060245470E-072  -8.5387821700046058E-080  -2.8797618062236662E-087
   1.3922995724539211E+043   6.4437422357570360E+052   2.4377660268795071E+049  -2.0763761789574435E+038  -2.1094653460421501E+026  -287191177144.21503       -1.2175812175142570E-004  -1.8566055220927121E-019  -3.7701543819587955E-033  -3.7175879854641007E-047   6.5582902446389993E-056  -1.5109897143796513E-064  -2.7282833908430842E-072  -7.4345419925561251E-080  -2.4837570814274092E-087
   1.3831900601345735E+043   6.3214718234638369E+052   2.3662676615650052E+049  -2.0641190089103850E+038  -2.0134324961878210E+026  -271280346976.23257       -1.1387918941367281E-004  -1.7197593170020782E-019  -3.4596712681614770E-033  -3.3820711749658231E-047   5.9507459371078473E-056  -1.3349296526835521E-064  -2.3967249376198801E-072  -6.4730864678781059E-080  -2.1422012356300228E-087
   1.3741021334626078E+043   6.2015054904721263E+052   2.2968654323065909E+049  -2.0495804425747355E+038  -1.9217470510861131E+026  -256248668075.33026       -1.0650914645141910E-004  -1.5929832986046411E-019  -3.1747137422680759E-033  -3.0767614815016314E-047   5.3987079327970190E-056  -1.1793541694552346E-064  -2.1054541853805924E-072  -5.6359549038605397E-080  -1.8476087720429772E-087
   1.3650364242392290E+043   6.0838001696171676E+052   2.2294979138928007E+049  -2.0329602390203018E+038  -1.8342134912835863E+026  -242047706030.91550       -9.9615191606376179E-005  -1.4755377352371080E-019  -2.9131871596133011E-033  -2.7989465911792393E-047   4.8971944218547820E-056  -1.0418831582331938E-064  -1.8495764548268905E-072  -4.9070731053884883E-080  -1.5935231424954937E-087
   1.3559935462234109E+043   5.9683135902852630E+052   2.1641054802181612E+049  -2.0144459196914211E+038  -1.7506450224489184E+026  -228631686003.32166       -9.3166633133741827E-005  -1.3667371296970218E-019  -2.6731684180055279E-033  -2.5461570092960698E-047   4.4416602834799178E-056  -9.2041269825535817E-065  -1.6247916501991935E-072  -4.2724449006218842E-080  -1.3743753289069785E-087
   1.3469740954609445E+043   5.8550042638725895E+052   2.1006302516179577E+049  -1.9942134241497337E+038  -1.6708631896414478E+026  -215957347226.54907       -8.7134753470602733E-005  -1.2659462513108066E-019  -2.4528919399216084E-033  -2.3161443935638421E-047   4.0279600485635783E-056  -8.1308304560175312E-065  -1.4273220428846243E-072  -3.7198835346482867E-080  -1.1853618585092793E-087
   1.3379786506081942E+043   5.7438314695048102E+052   2.0390160437436804E+049  -1.9724277330817097E+038  -1.5946975084377084E+026  -203983805437.21503       -8.1492682562498680E-005  -1.1725764576383269E-019  -2.2507367974337576E-033  -2.1068618135433416E-047   3.6523138524996503E-056  -7.1825032968444546E-065  -1.2538488248355319E-072  -3.2387777787330624E-080  -1.0223395826260615E-087
   1.3290077732506381E+043   5.6347552400128879E+052   1.9792083179341125E+049  -1.9492434601348565E+038  -1.5219851121897660E+026  -192672422799.99921       -7.6215279295909630E-005  -1.0860822847256400E-019  -2.0652148869589866E-033  -1.9164457657563604E-047   3.3112761557660414E-056  -6.3446152663469413E-065  -1.1014563669857538E-072  -2.8198882690227238E-080  -8.8173491564440430E-088
   1.3200620082162691E+043   5.5277363481606240E+052   1.9211541330383356E+049  -1.9248054140740449E+038  -1.4525704147198594E+026  -181986684923.03952       -7.1279020519530133E-005  -1.0059582863487565E-019  -1.8949600684534931E-033  -1.7431997889685308E-047   3.0017070239084525E-056  -5.6043233062574593E-065  -9.6758324711709277E-073  -2.4551701681988729E-080  -7.6046554725510771E-088
   1.3111418838839387E+043   5.4227362931194867E+052   1.8648020986482086E+049  -1.8992491326801494E+038  -1.3863047877852906E+026  -171892084578.65833       -6.6661897170075621E-005  -9.3173610411153974E-020  -1.7387181905977267E-033  -1.5855795378465191E-047   2.7207457720626517E-056  -4.9502758794791242E-065  -8.4997922520412570E-073  -2.1376187483392745E-080  -6.5587291401300231E-088
   1.3022479124867128E+043   5.3197172871864233E+052   1.8101023296991165E+049  -1.8727013897471315E+038  -1.3230462526757341E+026  -162356011765.54971       -6.2343317049162880E-005  -8.6298175157835414E-020  -1.5953379298815623E-033  -1.4421791857005630E-047   2.4657867920896786E-056  -4.3724399737870198E-065  -7.4666744405546417E-073  -1.8611349327913922E-080  -5.6566395174637754E-088
   1.2933805904103177E+043   5.2186422427403602E+052   1.7570064023989850E+049  -1.8452806764706099E+038  -1.2626591853321827E+026  -153347649768.19794       -5.8304013826652974E-005  -7.9929309684414241E-020  -1.4637623773481752E-033  -1.3117190384333507E-047   2.2344573927436571E-056  -3.8619481464727138E-065  -6.5591122074689060E-073  -1.6204082176255654E-080  -4.8786085347541561E-088
   1.2845403984867510E+043   5.1194747594332268E+052   1.7054673114467301E+049  -1.8170976584607551E+038  -1.2050140344026880E+026  -144837876887.88181       -5.4525961872863664E-005  -7.4029752907816221E-020  -1.3430213121312869E-033  -1.1930342522245071E-047   2.0245974950284378E-056  -3.4109632909467147E-065  -5.7618487137641669E-073  -1.4108147265452658E-080  -4.2075773272596419E-088
   1.2757278022831245E+043   5.0221791116113562E+052   1.6554394285024417E+049  -1.7882556095548754E+038  -1.1499870516749074E+026  -136799173537.20845       -5.0992296547362921E-005  -6.8564979562902031E-020  -1.2322241058615790E-033  -1.0850645569738832E-047   1.8342410360211520E-056  -3.0125590743526967E-065  -5.0614807935484695E-073  -1.2283284433785762E-080  -3.6288324327973579E-088
   1.2669432523858164E+043   4.9267202359632371E+052   1.6068784618727038E+049  -1.7588508235502147E+038  -1.0974600343493004E+026  -129205534406.76360       -4.7687239595756666E-005  -6.3502999725385350E-020  -1.1305532065592958E-033  -9.8684489618629799E-048   1.6615989449496739E-056  -2.6606142323380511E-065  -4.4462337691281317E-073  -1.0694439190211066E-080  -3.1296833679141110E-088
   1.2581871846799998E+043   4.8330637193896164E+052   1.5597414173755246E+049  -1.7289730049251241E+038  -1.0473200786396487E+026  -122032385428.21632       -4.4596029328080638E-005  -5.8814172993901783E-020  -1.0372581548036656E-033  -8.9749690187826455E-048   1.5050435652148918E-056  -2.3497191168373544E-065  -3.9057636175363262E-073  -9.3110896979049892E-081  -2.6991845217940001E-088
   1.2494600206246170E+043   4.7411757870920459E+052   1.5139865603503837E+049  -1.6987056395668123E+038  -9.9945934420946134E+025  -115256505273.12016       -4.1704855273195649E-005  -5.4471036261856645E-020  -9.5165008880537946E-034  -8.1622113029016962E-048   1.3630944053604247E-056  -2.0750930782171140E-065  -3.4309831668694207E-073  -8.1066607580513607E-081  -2.3278952772072669E-088
   1.2407621675228686E+043   4.6510232908760231E+052   1.4695733787799127E+049  -1.6681263464761987E+038  -9.5377482897379760E+025  -108855951140.75595       -3.9000797023054915E-005  -5.0448144087487236E-020  -8.7309669853329730E-034  -7.4228999075614311E-048   1.2344051107286218E-056  -1.8325114271960286E-065  -3.0139094041071281E-073  -7.0580135488851711E-081  -2.0076731047427333E-088
   1.2320940187882858E+043   4.5625736976649496E+052   1.4264625474907077E+049  -1.6373072113748878E+038  -9.1016815381613496E+025  -102809988601.70674       -3.6471766998945900E-005  -4.6721920742737158E-020  -8.0101759228585691E-034  -6.7504130607400053E-048   1.1177515557218630E-056  -1.6182408670673069E-065  -2.6475293304540486E-073  -6.1450013282523535E-081  -1.7314950985153922E-088
   1.2234559542064490E+043   4.4757950782211827E+052   1.3846158934017153E+049  -1.6063151030958678E+038  -8.6854535678917027E+025  -97099025276.482346       -3.4106456888884773E-005  -4.3270523088466068E-020  -7.3488004207441485E-034  -6.1387244817984607E-048   1.0120209642339895E-056  -1.4289824150956480E-065  -2.3256821115801063E-073  -5.3500825734059968E-081  -1.4933040442974876E-088
   1.2148483401924217E+043   4.3906560960705295E+052   1.3439963617895589E+049  -1.5752119735980960E+038  -8.2881669638688501E+025  -91704548140.459198       -3.1894287521332978E-005  -4.0073713485585710E-020  -6.7419507692117685E-034  -5.5823499791247369E-048   9.1620197295119242E-057  -1.2618209454764440E-065  -2.0429555436778582E-073  -4.6579841336982083E-081  -1.2878756482122678E-088
   1.2062715300439628E+043   4.3071259966265903E+052   1.3045679835410698E+049  -1.5440551424056117E+038  -7.9089646349288853E+025  -86609064257.705582       -2.9825361955380395E-005  -3.7112742009274335E-020  -6.1851389568795378E-034  -5.0762988219384221E-048   8.2937555886892419E-057  -1.1141805866406303E-065  -1.7945950965841173E-073  -4.0554079313703877E-081  -1.1107040175093064E-088
   1.1977258641905785E+043   4.2251745965114256E+052   1.2662958433641496E+049  -1.5128975662340806E+038  -7.5470280162698593E+025  -81796044756.958527       -2.7890421581563237E-005  -3.4370237286802723E-020  -5.6742457336166188E-034  -4.6160294609219672E-048   7.5070675855588643E-057  -9.8378529447999407E-066  -1.5764240063632268E-073  -3.5307755811912015E-081  -9.5790288464916964E-089
   1.1892116704384816E+043   4.1447722730690676E+052   1.2291460489289418E+049  -1.4817880945317002E+038  -7.2015753512813775E+025  -77249871873.138565       -2.6080805040616846E-005  -3.1830105329008167E-020  -5.2054903684475581E-034  -4.1974092100905831E-048   6.7943711244252796E-057  -8.6862400159455113E-066  -1.3847730752619175E-073  -3.0740060272620535E-081  -8.2612041071061458E-089
   1.1807292642115140E+043   4.0658899540684799E+052   1.1930857009121036E+049  -1.4507717116270495E+038  -6.8718600492752581E+025  -72955788887.362823       -2.4388409779760601E-005  -2.9477435771359706E-020  -4.7754028824879347E-034  -3.8166775367244098E-048   6.1487777274426497E-057  -7.6691981211117626E-066  -1.2164189999332483E-073  -2.6763219288560729E-081  -7.1246570154127717E-089
   1.1722789487880984E+043   3.9884991075925978E+052   1.1580828639177663E+049  -1.4198897661437143E+038  -6.5571691158031843E+025  -68899852807.475327       -2.2805656077627189E-005  -2.7298414983128032E-020  -4.3807985548102552E-034  -3.4704126375559624E-048   5.5640321857292740E-057  -6.7710277303963597E-066  -1.0685301920241893E-073  -2.3300810788274995E-081  -6.1444542661221723E-089
   1.1638610155342743E+043   3.9125717321101675E+052   1.1241065382495453E+049  -1.3891801883102704E+038  -6.2568216523899328E+025  -65068889639.683365       -2.1325453379730819E-005  -2.5280245542649413E-020  -4.0187545156009761E-034  -3.1555010080008815E-048   5.0344552636727374E-057  -5.9778580744615365E-066  -9.3861918103060204E-074  -2.0286296185035157E-081  -5.2990915182283383E-089
   1.1554757441328820E+043   3.8380803467271404E+052   1.0911266325087063E+049  -1.3586776957643948E+038  -5.9701674226472872E+025  -61450452109.996063       -1.9941168796465362E-005  -2.3411071613278718E-020  -3.6865882560941679E-034  -2.8691097372849030E-048   4.5548914800765200E-057  -5.2774344275620774E-066  -8.2450079985567373E-074  -1.7661742312626351E-081  -4.5700218837927910E-089
   1.1471234028089507E+043   3.7649979816144383E+052   1.0591139369943284E+049  -1.3284139884214464E+038  -5.6965854818645627E+025  -58032779701.831429       -1.8646597625077014E-005  -2.1679909788569855E-020  -3.3818378986631427E-034  -2.6086612860774297E-048   4.1206615289303040E-057  -4.6589300997332677E-066  -7.2425545061803051E-074  -1.5376708612352031E-081  -3.9412492451489937E-089
   1.1388042485513456E+043   3.6932981686089704E+052   1.0280400978820026E+049  -1.2984179329507309E+038  -5.4354828672969298E+025  -54804760883.413734       -1.7435935765907885E-005  -2.0076585006696524E-020  -3.1022440832177017E-034  -2.3718105248954887E-048   3.7275189387182617E-057  -4.1127802716128526E-066  -6.3619683357337829E-074  -1.3387278207182510E-081  -3.3989774883970464E-089
   1.1305185273307353E+043   3.6229549319848183E+052   9.9787759215829712E+048  -1.2687157373767991E+038  -5.1862933464926706E+025  -51755897405.447533       -1.6303753911495078E-005  -1.8591671163310299E-020  -2.8457333377831852E-034  -2.1564238312766667E-048   3.3716106025141128E-057  -3.6305351375131348E-066  -5.5884359697040160E-074  -1.1655214260622053E-081  -2.9313079660654785E-089
   1.1222664743139323E+043   3.5539427793915761E+052   9.6859970328888127E+048  -1.2393311162984571E+038  -4.9484762211153851E+025  -48876270556.047287       -1.5244973394869970E-005  -1.7216436079093587E-020  -2.6104028119123089E-034  -1.9605600617050067E-048   3.0494408418410231E-057  -3.2047301160610686E-066  -4.9089443151574859E-074  -1.0147225422580344E-081  -2.5279785584654085E-089
   1.1140483140746611E+043   3.4862366929568721E+052   9.4018049759884966E+048  -1.2102854471946351E+038  -4.7215151838271624E+025  -46156509266.044090       -1.4254843590668216E-005  -1.5942790503355583E-020  -2.3945062614791346E-034  -1.7824532306642605E-048   2.7578386955808839E-057  -2.8287711474295827E-066  -4.3120619097952332E-074  -8.8343262584316446E-082  -2.1801386146874190E-089
   1.1058642608008103E+043   3.4198121205501588E+052   9.1259480134441202E+048  -1.1815979182638267E+038  -4.5049172259040432E+025  -43587759963.601082       -1.3328920769463678E-005  -1.4763240858283261E-020  -2.1964411824975893E-034  -1.6204967441290767E-048   2.4939281512736311E-057  -2.4968333258230558E-066  -3.7877467130286105E-074  -7.6912803806967992E-082  -1.8801548403494633E-089
   1.0977145184982196E+043   3.3546449672048997E+052   8.8581817845572720E+048  -1.1532856682224102E+038  -4.2982115933559561E+025  -41161658082.565063       -1.2463048312108702E-005  -1.3670845450029090E-020  -2.0147369999600214E-034  -1.4732290484151640E-048   2.2551010601158526E-057  -2.2037713189306808E-066  -3.3271772522608203E-074  -6.6961155903668405E-082  -1.6214438773093772E-089
   1.0895992811910560E+043   3.2907115866963378E+052   8.5982690893124547E+048  -1.1253639184667622E+038  -4.1009487894198554E+025  -38870301134.180328       -1.1653338196826087E-005  -1.2659173892815789E-020  -1.8480442253644160E-034  -1.3393205677113223E-048   2.0389924990020725E-057  -1.9450402055984567E-066  -2.9226042868921164E-074  -5.8297017172602403E-082  -1.3983279054571602E-089
   1.0815187331188299E+043   3.2279887732720787E+052   8.3459796786450322E+048  -1.0978460979846181E+038  -3.9126996213872224E+025  -36706223256.708092       -1.0896153677380924E-005  -1.1722269510779928E-020  -1.6951245036472722E-034  -1.2175618149163827E-048   1.8434583631956042E-057  -1.7166255217136464E-066  -2.5672204972491159E-074  -5.0753830524904215E-082  -1.2059101012089014E-089
   1.0734730489301031E+043   3.1664537535327628E+052   8.1010900508486629E+048  -1.0707439613825868E+038  -3.7330542898155935E+025  -34662371162.145920       -1.0188093075887080E-005  -1.0854614499466735E-020  -1.5548414767135138E-034  -1.1068525706999583E-048   1.6665549918034693E-057  -1.5149814446502939E-066  -2.2550460084573839E-074  -4.4186583142109372E-082  -1.0399672224848056E-089
   1.0654623938729378E+043   3.1060841784601555E+052   7.8633832539426255E+048  -1.0440677003790412E+038  -3.5616215182584865E+025  -32732081403.640579       -9.5259746186963178E-006  -1.0051097644825827E-020  -1.4261523967017714E-034  -1.0061920350863833E-048   1.5065206452875686E-057  -1.3369761707184517E-066  -1.9808278253150804E-074  -3.8469020004126683E-082  -8.9685696529870556E-090
   1.0574869239821367E+043   3.0468581155900295E+052   7.6326486938246544E+048  -1.0178260490947447E+038  -3.3980277217291844E+025  -30909058891.348751       -8.9068222483988672E-006  -9.3069844123332673E-021  -1.3081004275857797E-034  -9.1466986440735060E-049   1.3617586698897313E-057  -1.1798436497747702E-066  -1.7399514879505694E-074  -3.3491217771819147E-082  -7.7343806083667359E-090
   1.0495467862633239E+043   2.9887540413272535E+052   7.4086819480400582E+048  -9.9202638345750864E+037  -3.2419162121914797E+025  -29187356588.435303       -8.3278523492528421E-006  -8.6178892325635573E-021  -1.1998075787298615E-034  -8.3145801425445348E-049   1.2308221981911456E-057  -1.0411409381522905E-066  -1.5283634633827699E-074  -2.9157472427386709E-082  -6.6700136114903307E-090
   1.0416421188739131E+043   2.9317508334005511E+052   7.1912845850027758E+048  -9.6667481502184716E+037  -3.0929464394447653E+025  -27561356322.620838       -7.7864613273745096E-006  -7.9797498222343306E-021  -1.1004682186247040E-034  -7.5580331615548538E-049   1.1124002481690518E-057  -9.1871051682442248E-067  -1.3425029684973750E-074  -2.5384460100382386E-082  -5.7521040243994888E-090
   1.0337730513010124E+043   2.8758277634544407E+052   6.9802639885088814E+048  -9.4177627948999822E+037  -2.9507932658419837E+025  -26025750652.210476       -7.2802139907797856E-006  -7.3888033915193239E-021  -1.0093431212621237E-034  -6.8702072215940271E-049   1.0053050951503907E-057  -8.1064699753380512E-067  -1.1792420784340003E-074  -2.2099635752984781E-082  -4.9605014268799499E-090
   1.0259397045363098E+043   2.8209644897758993E+052   6.7754331873876778E+048  -9.1733462020675809E+037  -2.8151462733470089E+025  -24575525728.865047       -6.8068326778855150E-006  -6.8415645993390587E-021  -9.2575400149481045E-035  -6.2448715740032850E-049   9.0846080208144948E-058  -7.1526770664214964E-067  -1.0358331136101425E-074  -1.9239838965766961E-082  -4.2778274952069264E-090
   1.0181421912479887E+043   2.7671410501533489E+052   6.5766106901400709E+048  -8.9335266688731280E+037  -2.6857091015031861E+025  -23205945102.524506       -6.3641870863726148E-006  -6.3348051284559944E-021  -8.4907849929724526E-035  -5.6763592607194496E-049   8.2089280361613327E-058  -6.3108669571019805E-067  -9.0986242092561279E-075  -1.6750080042308883E-082  -3.6890946882160072E-090
   1.0103806159497158E+043   2.7143378548655988E+052   6.3836203244182974E+048  -8.6983230982460727E+037  -2.5621988149470846E+025  -21912534416.871037       -5.9502847573961388E-006  -5.8655347615798670E-021  -7.7874557612286962E-035  -5.1595162112665618E-049   7.4171844874902511E-058  -5.5679178019782831E-067  -7.9920977215009454E-075  -1.4582483113929092E-082  -3.1813773785620210E-090
   1.0026550751667484E+043   2.6625356797984159E+052   6.1962910812053395E+048  -8.4677456981074317E+037  -2.4443452991612008E+025  -20691066946.535389       -5.5632621730132650E-006  -5.4309838483830395E-021  -7.1423128956387548E-035  -4.6896549246143964E-049   6.7013841515290483E-058  -4.9122425397915467E-067  -7.0201269690135523E-075  -1.2695365941029471E-082  -2.7435282168328616E-090
   9.9496565759920424E+042   2.6117156596864450E+052   6.0144569635565320E+048  -8.2417966399541976E+037  -2.3318906832164253E+025  -19537549929.913071       -5.2013764274016741E-006  -5.0285870613850585E-021  -6.5505491528546220E-035  -4.2625123240305194E-049   6.0542891608864455E-058  -4.3336096830017015E-067  -6.1663515055802113E-075  -1.1052438732929479E-082  -2.3659335079107953E-090
   9.8731244428253561E+042   2.5618592814782304E+052   5.8379568397698414E+048  -8.0204706789349147E+037  -2.2245887883097353E+025  -18448211653.975445       -4.8629974349694738E-006  -4.6559683461362786E-021  -6.0077538774608507E-035  -3.8742114099446459E-049   5.4693462779818066E-058  -3.8229849998955252E-067  -5.4163999031168223E-075  -9.6221065940092445E-083  -2.0403022343504872E-090
   9.7969550874525457E+042   2.5129483778221368E+052   5.6666343008552469E+048  -7.8037557374329146E+037  -2.1222046009548475E+025  -17419489249.842289       -4.5466006408248166E-006  -4.3109269780554253E-021  -5.5098803354749192E-035  -3.5212263694424401E-049   4.9406227172378772E-058  -3.3723916571714949E-067  -4.7576479657230545E-075  -8.3768621943652683E-083  -1.7594840993146078E-090
   9.7211491716394732E+042   2.4649651206710000E+052   5.5003375221774121E+048  -7.5916334540744709E+037  -2.0245137697335901E+025  -16448017160.134556       -4.2507602012888983E-006  -3.9914246446949475E-021  -5.0532157340010066E-035  -3.2003508316034467E-049   4.4627479177003401E-058  -2.9747866736609963E-067  -4.1790063317367251E-075  -7.2927569962175538E-083  -1.5173125979416510E-090
   9.6457072851562165E+042   2.4178920150033841E+052   5.3389191291495195E+048  -7.3840796999844546E+037  -1.9313021245636157E+025  -15530616241.255651       -3.9741426042098225E-006  -3.6955734781579587E-021  -4.6343537065604673E-035  -2.9086689857616897E-049   4.0308607218547927E-058  -2.6239517857391319E-067  -3.6707338922646571E-075  -6.3489408762630666E-083  -1.3084696748616090E-090
   9.5706299472742754E+042   2.3717118926593458E+052   5.1822360668597319E+048  -7.1810650640220397E+037  -1.8423652174838745E+025  -14664283465.763313       -3.7155007007759053E-006  -3.4216249679056032E-021  -4.2501690616827491E-035  -2.6435293051409561E-049   3.6405614653256459E-058  -2.3143970458567493E-067  -3.2242738886558733E-075  -5.5272612980170563E-083  -1.1283689989516554E-090
   9.4959176082379151E+042   2.3264079062886609E+052   5.0301494735151797E+048  -6.9825553086431253E+037  -1.7575078840030690E+025  -13846182191.898520       -3.4736681223437908E-006  -3.1679596893055346E-021  -3.8977946089247263E-035  -2.4025206414217235E-049   3.2878685267596375E-058  -2.0412756708530912E-067  -2.8321099326441231E-075  -4.8119143321458389E-083  -9.7305529471084264E-091
   9.4215706507100443E+042   2.2819635234094842E+052   4.8825245575917611E+048  -6.7885117979544094E+037  -1.6765438240982443E+025  -13073632969.138355       -3.2475540574972843E-006  -2.9330777880102801E-021  -3.5745998917148866E-035  -2.1834504768352037E-049   2.9691789278845134E-058  -1.8003088292607329E-067  -2.4876395278248891E-075  -4.1891408188360313E-083  -8.3911752177873853E-091
   9.3475893911930189E+042   2.2383625205754673E+052   4.7392304785813065E+048  -6.5988918994461824E+037  -1.5992952019907523E+025  -12344104850.342396       -3.0361383661443857E-006  -2.7155901646458568E-021  -3.2781716704018935E-035  -1.9843251395362409E-049   2.6812326108266030E-058  -1.5877192093215431E-067  -2.1850629653745255E-075  -3.6469618334907583E-083  -7.2361399784650727E-091
   9.2739740814247574E+042   2.1955889776493802E+052   4.6001402312308183E+048  -6.4136493608167726E+037  -1.5255922638652018E+025  -11655207182.671997       -2.8384670089496965E-006  -2.5142103083613428E-021  -3.0062960117265737E-035  -1.8033318054486571E-049   2.4210800535778201E-058  -1.4001723442199338E-067  -1.9192857254099940E-075  -3.1749483721452484E-083  -6.2400782216769831E-091
   9.2007249097505476E+042   2.1536272721813238E+052   4.4651305331715911E+048  -6.2327346632309374E+037  -1.4552729727336953E+025  -11004681850.984116       -2.6536477717935882E-006  -2.3277467315626708E-021  -2.7569418527254848E-035  -1.6388221256570142E-049   2.1860529153060192E-058  -1.2347247901638048E-067  -1.6858327424701008E-075  -2.7640208304522047E-083  -5.3811118281226799E-091
   9.1278420024709225E+042   2.1124620738896529E+052   4.3340817158389995E+048  -6.0560953522873014E+037  -1.3881826596827623E+025  -10390395948.840462       -2.4808462662544258E-006  -2.1550959616504428E-021  -2.5282459178987478E-035  -1.4892973328769565E-049   1.9737374312622443E-058  -1.0887783582221408E-067  -1.4807730930890344E-075  -2.4062744225263580E-083  -4.6403732567402040E-091
   9.0553254251659685E+042   2.0720783392427606E+052   4.2068776185866395E+048  -5.8836763479058898E+037  -1.3241736907739745E+025  -9810334853.6336250       -2.3192821883314043E-006  -1.9952360488221718E-021  -2.3184988784134553E-035  -1.3533946936992995E-049   1.7819503025922139E-058  -9.6003969386835838E-068  -1.3006538386825979E-075  -2.0948271843507161E-083  -4.0015913131070513E-091
   8.9831751839964368E+042   2.0324613061399088E+052   4.0834054859013308E+048  -5.7154202342858839E+037  -1.2631051489013478E+025  -9262595683.6184368       -2.1682258187685381E-006  -1.8472205520027723E-021  -2.1261326512390883E-035  -1.2298751852864755E-049   1.6087168496255861E-058  -8.4648458040101157E-068  -1.1424419109219076E-075  -1.8236876404057826E-083  -3.4507339065213106E-091
   8.9113912269820110E+042   1.9935964886893200E+052   3.9635558676282232E+048  -5.5512675310257082E+037  -1.2048425299393545E+025  -8745381115.8532734       -2.0269947494100475E-006  -1.7101729677506439E-021  -1.9497087444893754E-035  -1.1176122861091780E-049   1.4522512183949059E-058  -7.4632641507442356E-068  -1.0034730620157695E-075  -1.5876395900217600E-083  -2.9756999563295373E-091
   8.8399734452570843E+042   1.9554696720817795E+052   3.8472225221179002E+048  -5.3911569464423166E+037  -1.1492574525447536E+025  -8256993545.2061443       -1.8949508210184933E-006  -1.5832815695663953E-021  -1.7879075629369868E-035  -1.0155817802421043E-049   1.3109384494096790E-058  -6.5798837098164762E-068  -8.8140702113448320E-076  -1.3821417989290616E-083  -2.5660536863441520E-091
   8.7689216743044018E+042   1.9180669075580258E+052   3.7343023222099515E+048  -5.2350256140739933E+037  -1.0962273810035497E+025  -7795829565.6677237       -1.7714972589239100E-006  -1.4657946274220139E-021  -1.6395185947293956E-035  -9.2285248377796187E-050   1.1833182352471233E-058  -5.8007881447245609E-068  -7.7418810258128566E-076  -1.2032406679128668E-083  -2.2127954761755785E-091
   8.6982356951668957E+042   1.8813745074682376E+052   3.6246951639699929E+048  -5.0828093133009475E+037  -1.0456353605412649E+025  -7360374756.2415676       -1.6560759937489859E-006  -1.3570159795439464E-021  -1.5034314068176707E-035  -8.3857781014807330E-050   1.0680702094730854E-058  -5.1136959802759589E-068  -6.8001060300735536E-076  -1.0474941998644664E-083  -1.9081642403849379E-091
   8.6279152356380702E+042   1.8453790404219542E+052   3.5183038780995311E+048  -4.9344426749703827E+037  -9.9736976454041512E+024  -6949198754.6536036       -1.5481651552758729E-006  -1.2563009305368547E-021  -1.3786273825621628E-035  -7.6198809862851204E-050   9.6400062391439785E-059  -4.5077689281437211E-068  -5.9728840551339376E-076  -9.1190580365594762E-084  -1.6454669981303741E-091
   8.5579599714312490E+042   1.8100673265268006E+052   3.4150341439404351E+048  -4.7898593728673890E+037  -9.5132405313366213E+024  -6560950603.0418606       -1.4472767282880975E-006  -1.1630524518376817E-021  -1.2641721404434461E-035  -6.9238363712882985E-050   8.7003028449569847E-059  -3.9734426429580133E-068  -5.2462827923920679E-076  -7.9386666231622943E-084  -1.4189318926038796E-091
   8.4883695273280356E+042   1.7754264327144107E+052   3.3147944059980695E+048  -4.6489923018299279E+037  -9.0739654266462022E+024  -6194354350.6560240       -1.3529543599396365E-006  -1.0767176622530586E-021  -1.1592085778233848E-035  -6.2912831656627841E-050   7.8518362784643133E-059  -3.5022772885547192E-068  -4.6080642520187689E-076  -6.9110555758709375E-084  -1.2235814341200196E-091
   8.4191434783062819E+042   1.7414436681519741E+052   3.2174957929093508E+048  -4.5117737432651474E+037  -8.6549018553077635E+024  -5848204899.4176283       -1.2647713088756830E-006  -9.9678456796722896E-022  -1.0629504883064211E-035  -5.7164385977680876E-050   7.0857883178430471E-059  -3.0868255996264640E-068  -4.0474787374794987E-076  -6.0164518624967169E-084  -1.0551231845081885E-091
   8.3502813506479122E+042   1.7081065797378583E+052   3.1230520387841628E+048  -4.3781355187852492E+037  -8.2551235994447782E+024  -5521364078.9680033       -1.1823285269589163E-006  -9.2277904292200326E-022  -9.7467670547878918E-036  -5.1940457305498263E-050   6.3941886268748915E-059  -2.7205163940532765E-068  -3.5550838695354883E-076  -5.2376412838792726E-084  -9.0985548320926194E-092
   8.2817826230268983E+042   1.6754029476797883E+052   3.0313794068506484E+048  -4.2480091326440163E+037  -7.8737466916849780E+024  -5212756938.5649967       -1.1052528650439562E-006  -8.5426203187355430E-022  -8.9372572968425266E-036  -4.7193257309371844E-050   5.7698337176841838E-059  -2.3975517297689013E-068  -3.1225856144489479E-076  -4.5596373639317308E-084  -7.8458614558058559E-092
   8.2136467275776977E+042   1.6433207811540872E+052   2.9423966153369322E+048  -4.1213259036198112E+037  -7.5099274980234184E+024  -4921368243.8832521       -1.0331953947937325E-006  -7.9082695973125550E-022  -8.1949079805750251E-036  -4.2879344635293766E-050   5.2062136043850538E-059  -2.1128161108028923E-068  -2.7426986412882153E-076  -3.9693930809969049E-084  -6.7656234861063954E-092
   8.1458730509444591E+042   1.6118483140445125E+052   2.8560247655238037E+048  -3.9980170869572644E+037  -7.1628608871425176E+024  -4646239167.4286661       -9.6582983904714274E-007  -7.3209733198875905E-022  -7.5141536130661149E-036  -3.8959230176138170E-050   4.6974454237958847E-059  -1.8617963333614857E-068  -2.4090236584089363E-076  -3.4555498979336816E-084  -5.8341016478124672E-092
   8.0784609353113026E+042   1.5809740007592472E+052   2.7721872719048015E+048  -3.8780139869479615E+037  -6.8317784823183359E+024  -4386464161.8975973       -9.0285110372988654E-007  -6.7772451217411795E-022  -6.8898893373784724E-036  -3.5397018118247866E-050   4.2382133668212684E-059  -1.6405107273296618E-068  -2.1159396648441824E-076  -3.0082192653517588E-084  -5.0308241657688959E-092
   8.0114096794139632E+042   1.5506865121246280E+052   2.6908097943920037E+048  -3.7612480607000626E+037  -6.5159469922141258E+024  -4141188006.3974390       -8.4397390475186147E-007  -6.2738566328042732E-022  -6.3174328577167507E-036  -3.2160079528442560E-050   3.8237143253375658E-059  -1.4454466939185066E-068  -1.8585093032730977E-076  -2.6187923966690425E-084  -4.3381370677292495E-092
   7.9447185395330866E+042   1.5209747313542228E+052   2.6118201725076277E+048  -3.6476510136179257E+037  -6.2146666170264742E+024  -3909603015.9991360       -7.8893148375699466E-007  -5.8078184109720460E-022  -5.7924895072811097E-036  -2.9218755537508661E-050   3.4496087150101166E-059  -1.2735055685781680E-068  -1.6323957216736434E-076  -2.2797746571740978E-084  -3.7408163714375083E-092
   7.8783867304694673E+042   1.4918277500918900E+052   2.5351483615033041E+048  -3.5371548870853661E+037  -5.9272695266063624E+024  -3690946405.6158743       -7.3747440698669549E-007  -5.3763622825110313E-022  -5.3111201998125756E-036  -2.6546087441982009E-050   3.1119759849304546E-059  -1.1219539517201345E-068  -1.4337895444071470E-076  -1.9846413824798611E-084  -3.2257336407380721E-092
   7.8124134265015209E+042   1.4632348645274759E+052   2.4607263703505827E+048  -3.4296921388200883E+037  -5.6531184073276249E+024  -3484497799.6971359       -6.8936944188802238E-007  -4.9769249858771482E-022  -4.8697120271386925E-036  -2.4117571287854586E-050   2.8072743707572870E-059  -9.8838074998663567E-069  -1.2593447235870132E-076  -1.7277123537474493E-084  -2.7815675670897046E-092
   7.7467977623252469E+042   1.4351855715838369E+052   2.3884882015478813E+048  -3.3251957163420383E+037  -5.3916050746187936E+024  -3289576879.6951919       -6.4439850644376364E-007  -4.6071330228894193E-022  -4.4649512845879097E-036  -2.1910934719873886E-050   2.5323044896005406E-059  -8.7065925931039251E-069  -1.1061221910117472E-076  -1.5040425157574726E-084  -2.3985552432383834E-092
   7.6815388339769820E+042   1.4076695651738864E+052   2.3183697926906988E+048  -3.2235991239748553E+037  -5.1421491482115429E+024  -3105541161.7033305       -6.0235768652548492E-007  -4.2647886282713550E-022  -4.0937987240943199E-036  -1.9905934080315796E-050   2.2841764125905853E-059  -7.6691369918623296E-069  -9.7154036220644807E-077  -1.3093268362040046E-084  -2.0682776671849441E-092
   7.6166356997391919E+042   1.3806767325263996E+052   2.2503089597534565E+048  -3.1248364837772095E+037  -4.9041967872900923E+024  -2931783897.0831375       -5.6305631687360775E-007  -3.9478567751200981E-022  -3.7534668512925196E-036  -1.8084169923280377E-050   2.0602798852770970E-059  -6.7548967663040457E-069  -8.5333165942476106E-077  -1.1398174764850382E-084  -1.7834747660857494E-092
   7.5520873810295862E+042   1.3541971505793214E+052   2.1842453420328561E+048  -3.0288425907795342E+037  -4.6772194828513261E+024  -2767732089.2932386       -5.2631612159210533E-007  -3.6544531399305936E-022  -3.4413990980264399E-036  -1.6428919276306782E-050   1.8582573970246596E-059  -5.9492811929692887E-069  -7.4950432175430148E-077  -9.9225168098836944E-085  -1.5378858778385738E-092
   7.4878928632738015E+042   1.3282210824393563E+052   2.1201203487040990E+048  -2.9355529628814492E+037  -4.4607129047052365E+024  -2612844620.5053554       -4.9197041031066853E-007  -3.3828329564234488E-022  -3.1552507155770685E-036  -1.4924983131905109E-050   1.6759798287069305E-059  -5.2394227109255034E-069  -6.5830885944645184E-077  -8.6378899797308247E-085  -1.3261121870535659E-092
   7.4240510967619306E+042   1.3027389739066312E+052   2.0578771069427406E+048  -2.8449038857459597E+037  -4.2541958006598586E+024  -2466610481.9465003       -4.5986332641539945E-007  -3.1313806926335516E-022  -2.8928712466539915E-036  -1.3558547788803668E-050   1.5115244335134274E-059  -4.6139739121285440E-069  -5.7820858775281161E-077  -7.5195662458542361E-085  -1.1434980941564801E-092
   7.3605609974891292E+042   1.2777414500632477E+052   1.9974604115663360E+048  -2.7568324530082920E+037  -4.0572089455443840E+024  -2328547102.2397380       -4.2984914398130283E-007  -2.8986004905421290E-022  -2.6522884458882957E-036  -1.2317058787533338E-050   1.3631549288142435E-059  -4.0629283954549584E-069  -5.0785374421018417E-077  -6.5460182477273612E-085  -9.8602891209715646E-093
   7.2974214479805744E+042   1.2532193119245615E+052   1.9388166761513692E+048  -2.6712766020998844E+037  -3.8693141378288091E+024  -2198198768.3312578       -4.0179161025711978E-007  -2.6831073120058889E-022  -2.4316935292954805E-036  -1.1189106298530452E-050   1.2293034979977739E-059  -3.5774626850029777E-069  -4.4605875362877528E-077  -5.6985050487312503E-085  -8.5024264366416107E-093
   7.2346312981010064E+042   1.2291635331520475E+052   1.8818938855822675E+048  -2.5881751459716239E+037  -3.6900932416985153E+024  -2075135133.8895094       -3.7556333075632071E-007  -2.4836187388791902E-022  -2.2294276430256236E-036  -1.0164320924249695E-050   1.1085545202044880E-059  -3.1497967410291184E-069  -3.9178225801882853E-077  -4.9607115007605216E-085  -7.3315390160530909E-093
   7.1721893658490996E+042   1.2055652568266271E+052   1.8266415499905611E+048  -2.5074678009847819E+037  -3.5191472725378119E+024  -1958949810.3438132       -3.5104519419826145E-007  -2.2989473790629239E-022  -2.0439694507564920E-036  -9.2332789707617460E-051   9.9962986310735396E-060  -2.7730708813471798E-069  -3.4410957523052168E-077  -4.3184342804640629E-085  -6.3218830040980960E-093
   7.1100944381369129E+042   1.1824157922813573E+052   1.7730106600434793E+048  -2.4290952112232908E+037  -3.3560955238678519E+024  -1849259035.9960489       -3.2812583472143759E-007  -2.1279938337693693E-022  -1.8739237473801935E-036  -8.3874163298069397E-051   9.0137558950160955E-060  -2.4412371866371857E-069  -3.0223729096352730E-077  -3.7593085576358976E-085  -5.4512587857382783E-093
   7.0483452715546344E+042   1.1597066119923987E+052   1.7209536435424644E+048  -2.3529989694669244E+037  -3.2005747338716907E+024  -1745700418.8906202       -3.0670112895724292E-007  -1.9697401845863484E-022  -1.7180110142463134E-036  -7.6189501900503342E-051   8.1274994261304684E-060  -2.1489636888427917E-069  -2.6545972471400313E-077  -3.2725700377331050E-085  -4.7005230849508187E-093
   6.9869405931208800E+042   1.1374293485271973E+052   1.6704243232932393E+048  -2.2791216350515822E+037  -3.0522382897227287E+024  -1647931749.3656454       -2.8667372570837945E-007  -1.8232439619758027E-022  -1.5750578382103827E-036  -6.9208078670314694E-051   7.3281248785094329E-060  -1.8915498411660435E-069  -2.3315704177209867E-077  -2.8488478008537080E-085  -4.0531682217701692E-093
   6.9258791010187560E+042   1.1155757915488401E+052   1.6213778762101912E+048  -2.2074067488302130E+037  -2.9107554680125632E+024  -1555629878.4330444       -2.6795260612177172E-007  -1.6876325596692026E-022  -1.4439881231474257E-036  -6.2865621056567258E-051   6.6071430034289907E-060  -1.6648519441806757E-069  -2.0478481109310548E-077  -2.4799839518376909E-085  -3.4949592842360737E-093
   6.8651594653179129E+042   1.0941378848755551E+052   1.5737707936189209E+048  -2.1377988454358839E+037  -2.7758107096505181E+024  -1468489658.3475499       -2.5045267238215186E-007  -1.5620980620414808E-022  -1.3238150284734785E-036  -5.7103722676201960E-051   5.9568909810642682E-060  -1.4652173580024490E-069  -1.7986483320637614E-077  -2.1588766118467368E-085  -3.0136212440991550E-093
   6.8047803286828257E+042   1.0731077235943510E+052   1.5275608427218666E+048  -2.0702434630370877E+037  -2.6471029276799781E+024  -1386222941.9253635       -2.3409436308000631E-007  -1.4458924539717200E-022  -1.2136335746167255E-036  -5.1869308693847310E-051   5.3704523023815226E-060  -1.2894264676830906E-069  -1.5797708370765811E-077  -1.8793432307475147E-085  -2.5985691421372141E-093
   6.7447403070675048E+042   1.0524775512278049E+052   1.4827070291929344E+048  -2.0046871507645664E+037  -2.5243448465262923E+024  -1308557637.3628488       -2.1880329352687936E-007  -1.3383231849467862E-022  -1.1126138603341010E-036  -4.7114149847857748E-051   4.8415843812850969E-060  -1.1346414901582384E-069  -1.3875263666231790E-077  -1.6360015905016492E-085  -2.2406754149818378E-093
   6.6850379903968621E+042   1.0322397569530290E+052   1.4391695608680731E+048  -1.9410774739786628E+037  -2.4072623712575362E+024  -1235236815.4848812       -2.0450991940263716E-007  -1.2387490612466018E-022  -1.0199948413153545E-036  -4.2794420703711023E-051   4.3646531552188106E-060  -9.9836131805667006E-070  -1.2186744874511932E-077  -1.4241662100683774E-085  -1.9320692512164242E-093
   6.6256719432349478E+042   1.0123868728718599E+052   1.3969098124996873E+048  -1.8793630175364857E+037  -2.2955939855030181E+024  -1166017866.5218678       -1.9114922222370656E-007  -1.1465764419789503E-022  -9.3507862368826874E-037  -3.8870298116549921E-051   3.9345740031551873E-060  -8.7838169012620035E-070  -1.0703689943439510E-077  -1.2397581585966316E-085  -1.6659635680959369E-093
   6.5666407054402551E+042   9.9291157133133270E+051   1.3558902915437351E+048  -1.8194933872089424E+037  -2.1890901767351577E+024  -1100671703.6745090       -1.7866041521897978E-007  -1.0612557165188633E-022  -8.5722522986672260E-037  -3.5305596249053706E-051   3.5467583739450837E-060  -7.7276006141569316E-070  -9.4010995308500547E-078  -1.0792265416187157E-085  -1.4365058070040635E-093
   6.5079427928083114E+042   9.7380666229352225E+051   1.3160746049492552E+048  -1.7614192093889532E+037  -2.0875128876784366E+024  -1038982010.8766444       -1.6698666829144860E-007  -9.8227804256320661E-023  -7.8584779769587236E-037  -3.2067434822244131E-051   3.1970655759728344E-060  -6.7978461996639472E-070  -8.2570157674594065E-078  -9.3948014951772092E-086  -1.2386492690278422E-093
   6.4495766977017539E+042   9.5506509075384396E+051   1.2774274269209656E+048  -1.7050921292238720E+037  -1.9906349926645759E+024  -980744532.30946136       -1.5607485082911077E-007  -9.0917232554472269E-023  -7.2040817707184325E-037  -2.9125937578248388E-051   2.8817592315376352E-060  -5.9794696175200155E-070  -7.2521522582246961E-078  -8.1782795304355104E-086  -1.0680421632831695E-093
   6.3915408896680925E+042   9.3667993420692811E+051   1.2399144676264264E+048  -1.6504648072972853E+037  -1.8982397978061146E+024  -925766401.35542393       -1.4587529120865198E-007  -8.4150242157045779E-023  -6.6041289117078102E-037  -2.6453958208166790E-051   2.5974679468773232E-060  -5.2591799297482099E-070  -6.3695690902457659E-078  -7.1192730085745659E-086  -9.2093192977594371E-094
   6.3338338160453560E+042   9.1864440015919475E+051   1.2035024428201012E+048  -1.5974909149779241E+037  -1.8101205639111980E+024  -873865506.80791831       -1.3634155191020774E-007  -7.7886454736553760E-023  -6.0540943213578110E-037  -2.4026831247492356E-051   2.3411497917347467E-060  -4.6252667946649882E-070  -5.5943873731551327E-078  -6.1973882226548717E-086  -7.9408273417857786E-094
   6.2764539025558093E+042   9.0095182368727302E+051   1.1681590443574542E+048  -1.5461251285463710E+037  -1.7260800511107804E+024  -824869894.27322745       -1.2743021923148121E-007  -7.2088488192231314E-023  -5.5498286356014449E-037  -2.1822145668246458E-051   2.1100602212644926E-060  -4.0674130764337293E-070  -4.9135385036749520E-078  -5.3948716730697789E-086  -6.8470432131010050E-094
   6.2193995538879535E+042   8.8359566504142226E+051   1.1338529115730122E+048  -1.4963231222035784E+037  -1.6459300842156712E+024  -778617200.81541944       -1.1910070665494633E-007  -6.6721734568414328E-023  -5.0875270439003311E-037  -1.9819539103170357E-051   1.9017231082743339E-060  -3.5765296092388403E-070  -4.3155439307950061E-078  -4.6962682867610211E-086  -5.9039066368582149E-094
   6.1626691542669690E+042   8.6656950729313169E+051   1.1005536034970793E+048  -1.4480415600588889E+037  -1.5694911378650341E+024  -734954121.00243199       -1.1131507098309404E-007  -6.1754154413910111E-023  -4.6637007096580253E-037  -1.8000510824804445E-051   1.7139045856406732E-060  -3.1446095034269382E-070  -3.7903217116898804E-078  -4.0881238773270591E-086  -5.0906705673085183E-094
   6.1062610680138122E+042   8.4986705402608268E+051   1.0682315718865375E+048  -1.4012380871892716E+037  -1.4965919405701413E+024  -693735902.61339962       -1.0403784041395222E-007  -5.7156086366781597E-023  -4.2751505584459979E-037  -1.6348251772784578E-051   1.5445894275472710E-060  -2.7645996883550917E-070  -3.3290165996926882E-078  -3.5587261198364543E-086  -4.3894449785765824E-094
   6.0501736400931328E+042   8.3348212706968104E+051   1.0368581350458808E+048  -1.3558713198558252E+037  -1.4270690967975059E+024  -654825870.36342871       -9.7235853782683597E-008  -5.2900070838716767E-023  -3.9189432381146444E-037  -1.4847490077725472E-051   1.3919597242586835E-060  -2.4302876579897804E-070  -2.9238508019723050E-078  -3.0978790552494754E-086  -3.7848034666789787E-094
   5.9944051966502069E+042   8.1740866427437322E+051   1.0064054524153325E+048  -1.3119008349582423E+037  -1.3607667262740348E+024  -618094976.09288383       -9.0878110245179209E-008  -4.8960686756288418E-023  -3.5923890710522547E-037  -1.3484350671043271E-051   1.2543756287142613E-060  -2.1362016247429456E-070  -2.5679928926929865E-078  -2.6967067845373104E-086  -3.2634440156865947E-094
   5.9389540455370441E+042   8.0164071732797972E+051   9.7684649990357075E+047  -1.2692871588028614E+037  -1.2975361197336420E+024  -583421373.95410252       -8.4935628726440232E-008  -4.5314400393413374E-023  -3.2930218337094625E-037  -1.2246227698265069E-051   1.1303579745510105E-060  -1.8775224983474650E-070  -2.2554426732301279E-078  -2.3474825742795759E-086  -2.8138964712478954E-094
   5.8838184768278606E+042   7.8617244961229043E+051   9.4815504594324599E+047  -1.2279917552551441E+037  -1.2372354103599119E+024  -550690019.20957279       -7.9381316500386814E-008  -4.1939425400645798E-023  -3.0185802121353414E-037  -1.1121668569939991E-051   1.0185725844476973E-060  -1.6500062930610176E-070  -1.9809300396219606E-078  -2.0434800845215780E-086  -2.4262702911685796E-094
   5.8289967633240862E+042   7.7099813409917899E+051   9.2030562824811285E+047  -1.1879770133428775E+037  -1.1797292602129909E+024  -519792289.33225739       -7.4189846308745324E-008  -3.8815593203004487E-023  -2.7669907947750760E-037  -1.0100268590257048E-051   9.1781610512177202E-061  -1.4499157310561035E-070  -1.7398261533763594E-078  -1.7788438553893122E-086  -2.0920370279336776E-094
   5.7744871610490679E+042   7.5611215128550968E+051   8.9327353125121787E+047  -1.1492062343721216E+037  -1.1248885609609569E+024  -490625626.17116576       -6.9337541465027108E-008  -3.5924232999226096E-023  -2.5363524752506919E-037  -9.1725751998472010E-052   8.2700322108031271E-061  -1.2739599550757109E-070  -1.5280654189969895E-078  -1.5484765595817515E-086  -1.8038427614058220E-094
   5.7202879097326476E+042   7.4150898716612067E+051   8.6703476420418877E+047  -1.1116436186138711E+037  -1.0725901482665738E+024  -463093198.01370358       -6.4802268425493150E-008  -3.3248060652014369E-023  -2.3249221483707773E-037  -8.3300009568719423E-052   7.4515511348498082E-061  -1.1192413915785869E-070  -1.3420769536331441E-078  -1.3479408505161478E-086  -1.5553463582078145E-094
   5.6663972332857713E+042   7.2718323124418269E+051   8.4156603991825002E+047  -1.0752542516155775E+037  -1.0227165292095998E+024  -437103580.44097847       -6.0563336342561312E-008  -3.0771075811351761E-023  -2.1311015922705233E-037  -7.5647444601708198E-052   6.7138904338275969E-061  -9.8320891866927263E-071  -1.1787243941578837E-078  -1.1733739167999750E-086  -1.3410800019603816E-094
   5.6128133402652955E+042   7.1312957457824018E+051   8.1684475412816420E+047  -1.0400040901880613E+037  -9.7515562215278945E+023  -412570454.93332601       -5.6601403147504042E-008  -2.8478466661562694E-023  -1.9534254384414409E-037  -6.8697184906763179E-052   6.0490895020920309E-061  -8.6361659287530321E-071  -1.0352530274318602E-078  -1.0214130982466607E-086  -1.1563289280686644E-094
   5.5595344243291523E+042   6.9934280786526172E+051   7.9284896546084133E+047  -1.0058599481149316E+037  -9.2980050848643637E+023  -389412324.24103296       -5.2898387738646197E-008  -2.6356521727852152E-023  -1.7905501395364956E-037  -6.2384847131621195E-052   5.4499696700696443E-061  -7.5848727685927509E-071  -9.0924335288053539E-079  -8.8913113154605773E-087  -9.9702771888862127E-095
   5.5065586646820228E+042   6.8581781955903046E+051   7.6955737599089695E+047  -9.7278948162841475E+036  -8.8654919571181858E+023  -367552243.58976090       -4.9437387878734627E-008  -2.4392548219754044E-023  -1.6412438522914936E-037  -5.6651943402661975E-052   4.9100576332626465E-061  -6.6608058781581795E-071  -7.9857029487777418E-079  -7.7397977904057307E-087  -8.5967087913208116E-095
   5.4538842265116836E+042   6.7254959402322422E+051   7.4694931236595924E+047  -9.4076117469244347E+036  -8.4530439134827702E+023  -346917566.84169275       -4.6202603430837495E-008  -2.2574796427555681E-023  -1.5043771597427339E-037  -5.1445342151659743E-052   4.4235163538230872E-061  -5.8486465482023767E-071  -7.0136737761386462E-079  -6.7374075540984762E-087  -7.4123572528515194E-095
   5.4015092614161764E+042   6.5953320971854165E+051   7.2500470748502462E+047  -9.0974432413099937E+036  -8.0597328717193682E+023  -327439706.78209621       -4.3179264586154916E-008  -2.0892389723544428E-023  -1.3789145631950011E-037  -4.6716778187719899E-052   3.9850827082497373E-061  -5.1349123384135390E-071  -6.1599525873377006E-079  -5.8648300753531987E-087  -6.3911589351667156E-095
   5.3494319078219466E+042   6.4676383742324516E+051   7.0370408271365569E+047  -8.7970902463699006E+036  -7.6846735331631224E+023  -309053908.74698317       -4.0353564759592299E-008  -1.9335259753060894E-023  -1.2639066801495662E-037  -4.2422407522980687E-052   3.5900112250753023E-061  -4.5077378245445553E-071  -5.4101409146988134E-079  -5.1052552510359005E-087  -5.5106400398970726E-095
   5.2976502913931049E+042   6.3423673848650149E+051   6.8302853062028436E+047  -8.5062615369439446E+036  -7.3270214178627149E+023  -291699036.85098976       -3.7712597849963187E-008  -1.7894086431034048E-023  -1.1584830896817450E-037  -3.8522402869676730E-052   3.2340233199539313E-061  -3.9566814332869313E-071  -4.7515924949947341E-079  -4.4440496596719937E-087  -4.7514222078937310E-095
   5.2461625254319542E+042   6.2194726311391198E+051   6.6295969821834878E+047  -8.2246735644400474E+036  -6.9859709895711976E+023  -275317372.11564499       -3.5244299581343680E-008  -1.6560242388098312E-023  -1.0618457716010168E-037  -3.4980586097992266E-052   2.9132614929777096E-061  -3.4725552705572760E-071  -4.1732000541685852E-079  -3.8684747296170051E-087  -4.0967962026803543E-095
   5.1949667112709275E+042   6.0989084868463558E+051   6.4347977069943415E+047  -7.9520503052082765E+036  -6.6607538664992932E+023  -259854421.83697534       -3.2937392660483501E-008  -1.5325741536717871E-023  -9.7326309016974617E-038  -3.1764094282150961E-052   2.6242480049327719E-061  -3.0472752148542807E-071  -3.6652080347815016E-079  -3.3674413956210443E-087  -3.5323543029904626E-095
   5.1440609386560822E+042   5.9806301809951917E+051   6.2457145564302768E+047  -7.6881231088907663E+036  -6.3506371139274490E+023  -245258739.56802353       -3.0781335502371747E-008  -1.4183191452123974E-023  -8.9206427723223591E-038  -2.8843076269465859E-052   2.3638475960818128E-061  -2.6737288701565551E-071  -3.2190481099080431E-079  -2.9312965200251485E-087  -3.0456733201216789E-095
   5.0934432861222791E+042   5.8645937815965834E+051   6.0621796768891400E+047  -7.4326305469867520E+036  -6.0549216149496429E+023  -231481755.12647229       -2.8766274292134933E-008  -1.3125749285450540E-023  -8.1763437334449069E-038  -2.6190416986398146E-052   2.1292338534103859E-061  -2.3456592575486840E-071  -2.8271947111698868E-079  -2.5516369663167028E-087  -2.6260412689468789E-095
   5.0431118213601959E+042   5.7507561797482394E+051   5.8840301365864927E+047  -7.1853182618530435E+036  -5.7729405157906361E+023  -218477614.07025674       -2.6882998166483548E-008  -1.2147080947364478E-023  -7.4940958892454593E-038  -2.3781486949585495E-052   1.9178588705341215E-061  -2.0575623758694529E-071  -2.4830381358607471E-079  -2.2211477451093575E-087  -2.2642216812827444E-095
   4.9930646015753072E+042   5.6390750740119894E+051   5.7111077811294800E+047  -6.9459388163424644E+036  -5.5040577422995683E+023  -206203026.11493912       -2.5122897311987751E-008  -1.1241323319853102E-023  -6.8687305058900922E-038  -2.1593914680607758E-052   1.7274258790258684E-061  -1.8045969831305360E-071  -2.1807730943523976E-079  -1.9334611160445932E-087  -1.9522503780253337E-095
   4.9432996738389601E+042   5.5295089550787996E+051   5.5432590933220280E+047  -6.7142515442660857E+036  -5.2476665843766678E+023  -194617121.99579880       -2.3477923790616459E-008  -1.0403049271765860E-023  -6.2955090072704823E-038  -1.9607379933058528E-052   1.5558645611413562E-061  -1.5825051457490748E-071  -1.9153008191730758E-079  -1.6830339325560348E-087  -1.6832602302126472E-095
   4.8938150754316803E+042   5.4220170907160890E+051   5.3803350570773015E+047  -6.4900224018493546E+036  -5.0031883452368292E+023  -183681318.30515644       -2.1940554915275478E-008  -9.6272352703167661E-024  -5.7700872100989737E-038  -1.7803425831194308E-052   1.4013087821208498E-061  -1.3875422748559539E-071  -1.6821430856985098E-079  -1.4650408676580572E-087  -1.4513300546540745E-095
   4.8446088341788374E+042   5.3165595109920743E+051   5.2221910253170009E+047  -6.2730238203374678E+036  -4.7700710525541558E+023  -173359189.86149237       -2.0503759009584835E-008  -8.9092313961354307E-024  -5.2884825296179581E-038  -1.6165288192774215E-052   1.2620765057132150E-061  -1.2164155208033197E-071  -1.4773666951423579E-079  -1.2752814646767190E-087  -1.2513543205049331E-095
   4.7956789687788023E+042   5.2130969937719862E+051   5.0686865917405804E+047  -6.0630345598914693E+036  -4.5477882286656242E+023  -163616349.19151980       -1.9160963396894529E-008  -8.2447335836989955E-024  -4.8470439094519614E-038  -1.4677740466260133E-052   1.1366516795708402E-061  -1.0662295309000983E-071  -1.2975171468587499E-079  -1.1100992230182178E-087  -1.0789308008274536E-095
   4.7470234891237099E+042   5.1115910504810834E+051   4.9196854663509138E+047  -5.8598395649035808E+036  -4.3358377171399867E+023  -154420332.72961181       -1.7906024473599725E-008  -7.6297579221684631E-024  -4.4424242495570392E-038  -1.3326952855755218E-052   1.0236678979367111E-061  -9.3443869347083313E-072  -1.1395603818453643E-079  -9.6631116079093448E-088  -9.3026369782805985E-096
   4.6986403966129646E+042   5.0120039121294802E+051   4.7750553546262377E+047  -5.6632298208480168E+036  -4.1337405631402882E+023  -145740493.36093473       -1.6733199731226115E-008  -7.0606168638687873E-024  -4.0715551249575543E-038  -1.2100364337222103E-052   9.2189366780364920E-062  -8.1880509542968913E-072  -1.0008316153702201E-079  -8.4114649782168709E-088  -8.0208011077019377E-096
   4.6505276844596009E+042   4.9142985155938955E+051   4.6346678402314339E+047  -5.4730022127721777E+036  -3.9410399451250532E+023  -137547898.95537686       -1.5637121600555990E-008  -6.5338971989644763E-024  -3.7316236051449279E-038  -1.0986566387827322E-052   8.3021912166464409E-062  -7.1736151233663620E-072  -8.7899039613095371E-080  -7.3219327821778896E-088  -6.9155800901348378E-096
   4.6026833379896253E+042   4.8184384901515168E+051   4.4983982711648494E+047  -5.2889593855223271E+036  -3.7573001555446707E+023  -129815236.55895236       -1.4612772999294794E-008  -6.0464396653583069E-024  -3.4200509997747172E-038  -9.9751973577841365E-053   7.4764403526806906E-062  -6.2837883081122385E-072  -7.7198113430488334E-080  -6.3735190450407513E-088  -5.9626412567514034E-096
   4.5551053349344547E+042   4.7243881442612661E+051   4.3661256492398658E+047  -5.1109096057878938E+036  -3.5821056282959153E+023  -122516721.92786391       -1.3655464472473874E-008  -5.5953200725416147E-024  -3.1344733707550256E-038  -9.0568465117925053E-053   6.7326702260119620E-062  -5.5033737450425289E-072  -6.7799843302984532E-080  -5.5479468845092155E-088  -5.1410040561127976E-096
   4.5077916457165669E+042   4.6321124525878210E+051   4.2377325228034146E+047  -4.9386666260391249E+036  -3.4150600107991499E+023  -115628014.10788757       -1.2760812821981735E-008  -5.1778318271079341E-024  -2.8727236640787424E-038  -8.2229668559941005E-053   6.0627579279341195E-062  -4.8190166770113177E-072  -5.9545663882278007E-080  -4.8293063956723334E-088  -4.4325782957178534E-096
   4.4607402337284824E+042   4.5415770432638544E+051   4.1131048825964602E+047  -4.7720495504240553E+036  -3.2557852786597980E+023  -109126134.77825579       -1.1924721128346270E-008  -4.7914697559604263E-024  -2.6328153269134177E-038  -7.4657959470826511E-053   5.4593836488662800E-062  -4.2189822605147303E-072  -5.2296309755959541E-080  -4.2037481309163922E-088  -3.8217659862918772E-096
   4.4139490556051872E+042   4.4527481853860076E+051   3.9921320606642815E+047  -4.6108827026825539E+036  -3.1039208909683105E+023  -102989392.09481065       -1.1143360074184012E-008  -4.4339151309466879E-024  -2.4129272866165629E-038  -6.7782839535723699E-053   4.9159514658187720E-062  -3.6929601276850083E-072  -4.5929466510422636E-080  -3.6592162711725058E-088  -3.2951180288724494E-096
   4.3674160614901065E+042   4.3655927767402134E+051   3.8747066322270633E+047  -4.4549954961275841E+036  -2.9591229843813053E+023  -97197308.781932607       -1.0413150484617738E-008  -4.1030218057876761E-024  -2.2113901785741630E-038  -6.1540283058998812E-053   4.4265179224395952E-062  -3.2318924169619754E-072  -4.0337707653959399E-080  -3.1852163492055712E-088  -2.8410381911463318E-096
   4.3211391952947456E+042   4.2800783317520609E+051   3.7607243204239249E+047  -4.3042223057366449E+036  -2.8210636042110274E+023  -91730554.236666188       -9.7307470054673462E-009  -3.7968033827727029E-024  -2.0266737191426059E-038  -5.5872143326269314E-053   3.9857276372603571E-062  -2.8278224658726008E-072  -3.5426682614284087E-080  -2.7726130510480160E-088  -2.4495278597611778E-096
   4.2751163949520985E+042   4.1961729696579587E+051   3.6500839038460687E+047  -4.1584023423897458E+036  -2.6894299708309117E+023  -86570880.421609163       -9.0930228451654062E-009  -3.5134213328088008E-024  -1.8573751285792722E-038  -5.0725613350760387E-053   3.5887552504979758E-062  -2.4737616937542322E-072  -3.1113525257384870E-080  -2.4134542009348035E-088  -2.1119659523523204E-096
   4.2293455926639378E+042   4.1138454028929406E+051   3.5426871267771866E+047  -4.0173795292840540E+036  -2.5639237797820310E+023  -81701061.335548088       -8.4970555111613013E-009  -3.2511739980763540E-024  -1.7022085167389422E-038  -4.6052736027724516E-053   3.2312530872246977E-062  -2.1635724969475841E-072  -2.7325456092288785E-080  -2.1008175393564009E-088  -1.8209191465137554E-096
   4.1838247151420842E+042   4.0330649256910296E+051   3.4384386120616593E+047  -3.8810023805496049E+036  -2.4442605340387171E+023  -77104835.862550959       -7.9401134760781220E-009  -3.0084864117872186E-024  -1.5599951515510658E-038  -4.1809959175410607E-053   2.9093039756005339E-062  -1.8918652386643561E-072  -2.3998554591681926E-080  -1.8286773428219576E-088  -1.5699782499130323E-096
   4.1385516838437649E+042   3.9538014028941474E+051   3.3372457765234084E+047  -3.7491238820851186E+036  -2.3301689069618289E+023  -72766853.811305434       -7.4196437130946556E-009  -2.7839008743975786E-024  -1.4296545369308769E-038  -3.7957731354321226E-053   2.6193787138074710E-062  -1.6539076445487445E-072  -2.1076680926386054E-080  -1.5917883160674469E-088  -1.3536171108695866E-096
   4.0935244152011579E+042   3.8760252589656274E+051   3.2390187488605187E+047  -3.6216013746279949E+036  -2.2213901345351519E+023  -68672624.966954574       -6.9332600439597966E-009  -2.5760682301242736E-024  -1.3101962328650265E-038  -3.4460134732030595E-053   2.3582977289101331E-062  -1.4455451165593760E-072  -1.8510528930789018E-080  -1.3855845201103665E-088  -1.1670709646331122E-096
   4.0487408208452275E+042   3.7997074672044624E+051   3.1436702899429358E+047  -3.4982964390679676E+036  -2.1176774355443759E+023  -64808470.987564534       -6.4787322467262982E-009  -2.3837397917768165E-024  -1.2007123559954017E-038  -3.1284551602089374E-053   2.1231965156139076E-062  -1.2631306554235587E-072  -1.6256794328915502E-080  -1.2060913891489814E-088  -1.0062315382193333E-096
   4.0041988078239456E+042   3.7248195391564815E+051   3.0511157154426724E+047  -3.3790747840096244E+036  -2.0187954584191864E+023  -61161479.986693844       -6.0539758737314558E-009  -2.2057598657724686E-024  -1.1003707041448751E-038  -2.8401361475639376E-053   1.9114944832692530E-062  -1.1034632384030601E-072  -1.4277444194196513E-080  -1.0498491414059081E-088  -8.6755660538978275E-097
   3.9598962788149998E+042   3.6513335142187288E+051   2.9612728207280126E+047  -3.2638061355850772E+036  -1.9245197535172985E+023  -57719463.652350239       -5.6570427335695959E-009  -2.0410588327713374E-024  -1.0084084529242422E-038  -2.5783665946143040E-053   1.7208668759048925E-062  -9.6373363696747839E-073  -1.2539075322905665E-080  -9.1384610847724643E-089  -7.4799200130969958E-097
   3.9158311323330793E+042   3.5792219494333701E+051   2.8740618079552218E+047  -3.1523641295144151E+036  -1.8346362696849346E+023  -54470916.760948844       -5.2861119938095816E-009  -1.8886467426736519E-024  -9.2412637686570864E-039  -2.3407038783680287E-053   1.5492194629466263E-062  -8.4147678040867568E-073  -1.1012350700446488E-080  -7.9546069879521063E-089  -6.4490438057704548E-097
   3.8720012629318416E+042   3.5084579094675305E+051   2.7894052152931936E+047  -3.0446262054082449E+036  -1.7489408739813841E+023  -51404978.952750623       -4.9394818640235380E-009  -1.7476073857816769E-024  -8.4688355147723899E-039  -2.1249298947926351E-053   1.3946657279390953E-062  -7.3452987839696543E-073  -9.6715045564675939E-081  -6.9241087712302555E-089  -5.5602323871608532E-097
   3.8284045614006446E+042   3.4390149567755176E+051   2.7072278482183682E+047  -2.9404735033035127E+036  -1.6672388935060159E+023  -48511398.642688952       -4.6155618213232751E-009  -1.6170928047623300E-024  -7.7609249623346659E-039  -1.9290304420331070E-053   1.2555063093480004E-062  -6.4099560969542239E-073  -8.4939076613468240E-081  -6.0271018677818821E-089  -4.7939092107080058E-097
   3.7850389149561396E+042   3.3708671419399653E+051   2.6274567128190837E+047  -2.8397907624210068E+036  -1.5893446783145387E+023  -45780498.947508357       -4.3128653430602768E-009  -1.4963182146701767E-024  -7.1121472183983211E-039  -1.7511764948112190E-053   1.1302104716626086E-062  -5.5920976722784637E-073  -7.4596855324163858E-081  -5.2462946731197782E-089  -4.1331951880043421E-097
   3.7419022074288176E+042   3.3039889941884717E+051   2.5500209510502931E+047  -2.7424662221303169E+036  -1.5150811844575405E+023  -43203145.516766377       -4.0300031136447798E-009  -1.3845573007196770E-024  -6.5175664815204916E-039  -1.5897071967214375E-053   1.0173994067980561E-062  -4.8771282277417858E-073  -6.5513831105219940E-081  -4.5666353008629045E-089  -3.5635370323805028E-097
   3.6989923194445944E+042   3.2383555120823915E+051   2.4748517778813149E+047  -2.6483915251056803E+036  -1.4442795762184671E+023  -40770716.161508195       -3.7656766745896791E-009  -1.2811378657447307E-024  -5.9726586192573386E-039  -1.4431144129973759E-053   9.1583118544439877E-063  -4.2522493892184552E-073  -5.7536702511599847E-081  -3.9750214969626489E-089  -3.0723868055710742E-097
   3.6563071286015272E+042   3.1739421543744746E+051   2.4018824202809549E+047  -2.5574616226539711E+036  -1.3767788466703259E+023  -38475072.180334933       -3.5186724888954975E-009  -1.1854378013660221E-024  -5.4732768613202075E-039  -1.3100287007320618E-053   8.2438719573257789E-063  -3.7062401257037035E-073  -5.0530830627277458E-081  -3.4600481232801209E-089  -2.6489256137552107E-097
   3.6138445096417416E+042   3.1107248310321286E+051   2.3310480579859629E+047  -2.4695746821941305E+036  -1.3124254557106253E+023  -36308531.288169295       -3.2878563927725011E-009  -1.0968813588147636E-024  -5.0156203492342661E-039  -1.1892065666273368E-053   7.4205992257429391E-063  -3.2292638418430591E-073  -4.4377967289573910E-081  -3.0117873451620591E-089  -2.2838253709049303E-097
   3.5716023346186639E+042   3.0486798944231168E+051   2.2622857660003665E+047  -2.3846319968655603E+036  -1.2510729847724339E+023  -34263842.058294937       -3.0721684094537257E-009  -1.0149356971465926E-024  -4.5962053048774374E-039  -1.0795188942427928E-053   6.6794193545273739E-063  -2.8126989092230792E-073  -3.8974259835719233E-081  -2.6215972877018497E-089  -1.9690433851808303E-097
   3.5295784730596339E+042   2.9877841306605739E+051   2.1955344587747556E+047  -2.3025378972413886E+036  -1.1925818074460986E+023  -32334159.793225698       -2.8706179014960876E-009  -9.3910768823218765E-025  -4.2118386000249644E-039  -9.7994043352204984E-054   6.0121596544729744E-063  -2.4489898044845874E-073  -3.4228498715584189E-081  -2.2819554738295277E-089  -1.6976452465229574E-097
   3.4877707921239879E+042   2.9280147511042757E+051   2.1307348360160797E+047  -2.2231996651210765E+036  -1.1368187752811299E+023  -30513023.744663741       -2.6822790395033416E-009  -8.6894095944141754E-025  -3.8595935271331125E-039  -8.8954025519322997E-054   5.4114596400589097E-063  -2.1315163628192305E-073  -3.0060578410564234E-081  -1.9863138348134340E-089  -1.4636521164872516E-097
   3.4461771567566906E+042   2.8693493840151362E+051   2.0678293300799586E+047  -2.1465274493755396E+036  -1.0836569180711547E+023  -28794335.607247356       -2.5062865666413484E-009  -8.0401315635462207E-025  -3.5367875882001836E-039  -8.0747308156143405E-054   4.8706904655815834E-063  -1.8544789551443952E-073  -2.6400145696172865E-081  -1.7289724993718605E-089  -1.2619090584802038E-097
   3.4047954298375976E+042   2.8117660663599910E+051   2.0067620548989115E+047  -2.0724341838168053E+036  -1.0329751579567006E+023  -27172339.214983810       -2.3418318396593826E-009  -7.4393340914632960E-025  -3.2409621337689524E-039  -7.3297141331593077E-054   4.3838823360400190E-063  -1.6127976610823360E-073  -2.3185412445671919E-081  -1.5049699293904300E-089  -1.0879715096635915E-097
   3.3636234723264235E+042   2.7552432357637424E+051   1.9474787564012663E+047  -2.0008355070632115E+036  -9.8465803671099687E+022  -25641601.373224266       -2.1881591283871431E-009  -6.8833998750113672E-025  -2.9698636980961427E-039  -6.6533837933816207E-054   3.9456591051640038E-063  -1.4020237420809848E-073  -2.0362112947304589E-081  -1.3099872851885988E-089  -9.3800739512731539E-098
   3.3226591434035007E+042   2.6997597226060172E+051   1.8899267643768339E+047  -1.9316496843702522E+036  -9.3859545560300709E+022  -24196993.762778953       -2.0445621568513783E-009  -6.3689813004581994E-025  -2.7214268893165544E-039  -6.0394124318631659E-054   3.5511793505680621E-063  -1.2182619233809983E-073  -1.7882588145196197E-081  -1.1402651774427897E-089  -8.0871272924802808E-098
   3.2819003006064014E+042   2.6452947422595297E+051   1.8340549457467043E+047  -1.8647975313964002E+036  -8.9468242725962584E+022  -22833675.856304038       -1.9103808702539202E-009  -5.8929803532268191E-025  -2.4937587051681238E-039  -5.4820550600968200E-054   3.1960832859845615E-063  -1.0581021733818057E-073  -1.5704981354846198E-081  -9.9253120153511962E-090  -6.9723884604085215E-098
   3.2413447999625003E+042   2.5918278874673887E+051   1.7798136591957758E+047  -1.8002023398725598E+036  -8.5281883897541419E+022  -21547078.790428400       -1.7849984130793782E-009  -5.4525300229284630E-025  -2.2851241556077641E-039  -4.9760955116721989E-054   2.8764449336228674E-063  -9.1855982721860113E-074  -1.3792531884450862E-081  -8.6393685785252359E-090  -6.0112965630401203E-098
   3.2009904961175541E+042   2.5393391208566431E+051   1.7271547111278252E+047  -1.7377898051432375E+036  -8.1290922694350119E+022  -20332890.140239529       -1.6678383045604469E-009  -5.0449770925041971E-025  -2.0939330835172057E-039  -4.5167978084064533E-054   2.5887290365921030E-063  -7.9702304061333939E-074  -1.2112954644774971E-081  -7.5200264241322736E-090  -5.1826755008484547E-098
   3.1608352424603667E+042   2.4878087675853987E+051   1.6760313129040991E+047  -1.6774879555470340E+036  -7.7486256090536678E+022  -19187039.545723714       -1.5583617986260250E-009  -4.6678662085444384E-025  -1.9187280837474537E-039  -4.0998619948894873E-054   2.3297522426208811E-063  -6.9120668257942261E-074  -1.0637895280780260E-081  -6.5457024962964813E-090  -4.4682675331775558E-098
   3.1208768912436194E+042   2.4372175081208944E+051   1.6263980393275481E+047  -1.6192270836036750E+036  -7.3859203874022345E+022  -18105685.142565828       -1.4560654162962252E-009  -4.3189251375026525E-025  -1.7581734290479401E-039  -3.7213840313075395E-054   2.0966481365568944E-063  -5.9911188334448972E-074  -9.3424516321772932E-082  -5.6976096606159603E-090  -3.8523311158854615E-098
   3.0811132937009335E+042   2.3875463711459659E+051   1.5782107883359212E+047  -1.5629396789744826E+036  -7.0401489053665825E+022  -17085200.752367981       -1.3604786392726350E-009  -3.9960511195990290E-025  -1.6110449190343945E-039  -3.3778193720130674E-054   1.8868357408274903E-063  -5.1899054867241108E-074  -8.2047534489789798E-082  -4.9593945331106079E-090  -3.3212941547671553E-098
   3.0415423001602387E+042   2.3387767265913705E+051   1.5314267418680115E+047  -1.5085603631629610E+036  -6.7105219171014588E+022  -16122163.789852405       -1.2711617542054389E-009  -3.6972982387640017E-025  -1.4762205753251367E-039  -3.0659498914691014E-054   1.6979911406359434E-063  -4.4931423516769775E-074  -7.2055932708663112E-082  -4.3168222205805707E-090  -2.8634550393169390E-098
   3.0021617601535168E+042   2.2908902787914897E+051   1.4860043278683817E+047  -1.4560258259219967E+036  -6.3962868475003448E+022  -15213343.846980711       -1.1877038378045343E-009  -3.4208657330390397E-025  -1.3526721123713703E-039  -2.7828538502275993E-054   1.5280219245599296E-063  -3.8874685450115207E-074  -6.3281022423031406E-082  -3.7575018963653891E-090  -2.4687248733582083E-098
   2.9629695225229830E+042   2.2438690597609732E+051   1.4419031833969067E+047  -1.4052747633340789E+036  -6.0967260919868642E+022  -14355691.916156508       -1.1097208736026763E-009  -3.1650871754692775E-025  -1.2394571193713069E-039  -2.5258786217901002E-054   1.3750441617722390E-063  -3.3612073900946581E-074  -5.5574653934125221E-082  -3.2706479224180834E-090  -2.1284052261134036E-098
   2.9239634355237862E+042   2.1976954225899253E+051   1.3990841188104468E+047  -1.3562478175308988E+036  -5.8111553948366336E+022  -13546330.216788931       -1.0368539917778630E-009  -2.9284204607226449E-025  -1.1357118940346844E-039  -2.2926159268052368E-054   1.2373616646469179E-063  -2.9041565785447116E-074  -4.8806715824371795E-082  -2.8468719136216419E-090  -1.8349965093721098E-098
   2.8851413469232823E+042   2.1523520349552777E+051   1.3575090829849157E+047  -1.3088875180187008E+036  -5.5389223024122403E+022  -12782542.591487622       -9.6876782400235389E-010  -2.7094385374841695E-025  -1.0406448738939742E-039  -2.0808793443176971E-054   1.1134473103426044E-063  -2.5074042281394909E-074  -4.2862938803797216E-082  -2.4780017365748085E-090  -1.5820327607546502E-098
   2.8465011040969509E+042   2.1078218727460337E+051   1.3171411295469275E+047  -1.2631382245758266E+036  -5.2794046878598579E+022  -12061765.440041661       -9.0514896580940095E-010  -2.5068208311306715E-025  -9.5353061537840884E-040  -1.8886838909117992E-054   1.0019262173356472E-063  -2.1631676663770459E-074  -3.7642966920168291E-082  -2.1569239541480408E-090  -1.3639391945047896E-098
   2.8080405541210235E+042   2.0640882138001084E+051   1.2779443840851015E+047  -1.2189460716889958E+036  -5.0320093439742829E+022  -11381579.161112161       -8.4570453945837976E-010  -2.3193453053166461E-025  -8.7370427501095922E-040  -1.7142274777849867E-054   9.0156059304932990E-064  -1.8646521546406368E-074  -3.3058663585679591E-082  -1.8774466789597277E-090  -1.1759093825765386E-098
   2.7697575438618848E+042   2.0211346317505280E+051   1.2398840123119710E+047  -1.1762589144950246E+036  -4.7961706410901917E+022  -10739700.073246412       -7.9016085073671668E-010  -2.1458811149213345E-025  -8.0055655088776702E-040  -1.5558740732195869E-054   8.1123608690924816E-064  -1.6059271069041140E-074  -2.9032623834812024E-082  -1.6341801922528531E-090  -1.0137993610417759E-098
   2.7316499200623080E+042   1.9789449899787886E+051   1.2029261891482814E+047  -1.1350262761948763E+036  -4.5713492470015717E+022  -10133972.788406130       -7.3826213356491235E-010  -1.9853818063424965E-025  -7.3352904608291959E-040  -1.4121384137561083E-054   7.2994949954440356E-064  -1.3818176548793785E-074  -2.5496867707590093E-082  -1.4224330270416580E-090  -8.7403632955266403E-099
   2.6937155294245911E+042   1.9375034356732150E+051   1.1670380687022838E+047  -1.0951992969071620E+036  -4.3570309060487885E+022  -9562363.0126987789       -6.8976937667099520E-010  -1.8368790243953136E-025  -6.7211001881511009E-040  -1.2816721217545346E-054   6.5679771362544357E-064  -1.1878096733924095E-074  -2.2391692708535999E-082  -1.2381215124434756E-090  -7.5353993295006949E-099
   2.6559522186906545E+042   1.8967943939901927E+051   1.1321877551174195E+047  -1.0567306839284717E+036  -4.1527252746440194E+022  -9022950.7504139282       -6.4445922697471031E-010  -1.6994766881046066E-025  -6.1583048714070972E-040  -1.1632511000944413E-054   5.9096772514497709E-064  -1.0199666099250002E-074  -1.9664665975706597E-082  -1.0776910355555298E-090  -6.4965439119064803E-099
   2.6183578347191569E+042   1.8568025623161862E+051   1.0983442742625611E+047  -1.0195746633682080E+036  -3.9579648106310297E+022  -8513923.8888008241       -6.0212296467136058E-010  -1.5723456004832356E-025  -5.6426065862218723E-040  -1.0557640866311003E-054   5.3172766594361485E-064  -8.7485666450118249E-075  -1.7269739151579005E-082  -9.3804750307912618E-091  -5.6008998267069043E-099
   2.5809302245596955E+042   1.8175129046284909E+051   1.0654775462397192E+047  -9.8368693312590688E+035  -3.7723037139947567E+022  -8033572.1422832785       -5.6256554533204825E-010  -1.4547184599858418E-025  -5.1700665788187698E-040  -9.5820226180278475E-055   4.7841871909886766E-064  -7.4948904379656510E-075  -1.5166471017985896E-082  -8.1649768148606890E-091  -4.8287259201368148E-099
   2.5436672355241444E+042   1.7789106459526955E+051   1.0335583586848542E+047  -9.4902461717937413E+035  -3.5953169165502506E+022  -7580281.3359975703       -5.2560470464260038E-010  -1.3458852437304584E-025  -4.7370752720738509E-040  -8.6964981257394262E-055   4.3044783853905523E-064  -6.4125816946764678E-075  -1.3319344775717432E-082  -7.1069726565240312E-091  -4.1630021099575332E-099
   2.5065667152551938E+042   1.7409812669148752E+051   1.0025583408381271E+047  -9.1554622115232893E+035  -3.4265991183492891E+022  -7152528.0096623804       -4.9107012168908705E-010  -1.2451889348052890E-025  -4.3403247744346241E-040  -7.8927536479034005E-055   3.8728119302625568E-064  -5.4789485784289103E-075  -1.1697168446477635E-082  -6.1860567485034600E-091  -3.5890543441900485E-099
   2.4696265117921442E+042   1.7037104983865604E+051   9.7244993836060805E+046  -8.8321158913062445E+035  -3.2657638686468686E+022  -6748874.3238504454       -4.5880263696485154E-010  -1.1520215680373855E-025  -3.9767836830156312E-040  -7.1632420409797947E-055   3.4843826256602689E-064  -4.6742360858102582E-075  -1.0272548277549672E-082  -5.3844670466103890E-091  -3.0942312477853226E-099
   2.4328444736340146E+042   1.6670843162205627E+051   9.4320638887512441E+046  -8.5198186169651937E+035  -3.1124426893688140E+022  -6367963.2517331075       -4.2865352152357836E-010  -1.0658205705063189E-025  -3.6436739895686549E-040  -6.5011121291232022E-055   3.1348652243277112E-064  -3.9812524570195585E-075  -9.0214262614498015E-083  -4.6867427624734682E-091  -2.6676253341203257E-099
   2.3962184498000194E+042   1.6310889360757696E+051   9.1480169820956827E+046  -8.2181943515088400E+035  -2.9662842391163105E+022  -6008514.0403145961       -4.0048379393626098E-010  -9.8606537485059797E-026  -3.3384499139638248E-040  -5.9001445758599072E-055   2.8203665642540137E-064  -3.3850424730639374E-075  -7.9226739648150906E-083  -4.0794262268254046E-091  -2.2998326397754847E-099
   2.3597462898874725E+042   1.5957108083290521E+051   8.8721061732160569E+046  -7.9268792189365725E+035  -2.8269535158333447E+022  -5669317.9260657551       -3.7416358192805818E-010  -9.1227428504808015E-026  -3.0587785044296150E-040  -5.3546936597347225E-055   2.5373824675800630E-064  -2.8726018188272050E-075  -6.9577358110293234E-083  -3.5508033756081381E-091  -1.9827454873657347E-099
   2.3234258441271671E+042   1.5609366130724607E+051   8.6040861988433525E+046  -7.6455211193330493E+035  -2.6941310963491218E+022  -5349234.0907099843       -3.4957152577492899E-010  -8.4400157586365463E-026  -2.8025218571950412E-040  -4.8596344108620200E-055   2.2827589320725040E-064  -2.4326274072650963E-075  -6.1103157956753908E-083  -3.0906778556749893E-091  -1.7093738108981003E-099
   2.2872549634362937E+042   1.5267532551939098E+051   8.3437188051302784E+046  -7.3737793549648464E+035  -2.5675124110896270E+022  -5047185.8437101953       -3.2659422073054698E-010  -7.8083480855711380E-026  -2.5677208204574390E-040  -4.4103146152210648E-055   2.0536571883886903E-064  -2.0552991887693666E-075  -5.3661023468915087E-083  -2.6901743949534405E-091  -1.4736911072813051E-099
   2.2512314994689406E+042   1.4931478595395892E+051   8.0907725361364624E+046  -7.1113242670957539E+035  -2.4468070523308549E+022  -4762157.0187571542       -3.0512569593217270E-010  -7.2239234673967603E-026  -2.3525800588567767E-040  -4.0025112388598176E-055   1.8475222387082078E-064  -1.7320895216664964E-075  -4.7125266864690815E-083  -2.3415676460732305E-091  -1.2705016200712071E-099
   2.2153533046642374E+042   1.4601077661563582E+051   7.8450225283439592E+046  -6.8578368832419895E+035  -2.3317381144409725E+022  -4493188.5722692180       -2.8506692740072219E-010  -6.6832105746684611E-026  -2.1554543649575991E-040  -3.6323908653340486E-055   1.6620545304642689E-064  -1.4555966642114941E-075  -4.1385506129232244E-083  -2.0381332035336467E-091  -1.0953258292450980E-099
   2.1796182322921884E+042   1.4276205256124207E+051   7.6062503110209059E+046  -6.6130085745932734E+035  -2.2220415646299977E+022  -4239375.3725834787       -2.6632538290596479E-010  -6.1829418376533010E-026  -1.9748361137004301E-040  -3.2964737770915440E-055   1.4951844532860230E-064  -1.2193993735111782E-075  -3.6344801243321460E-083  -1.7740179219456877E-091  -9.4430172405750293E-100
   2.1440241364972492E+042   1.3956738943945897E+051   7.3742436122563578E+046  -6.3765407233304694E+035  -2.1174656427936105E+022  -3999863.1691509131       -2.4881459661332277E-010  -5.7200937581919603E-026  -1.8093437644572144E-040  -2.9916013454611279E-055   1.3450493782342957E-064  -1.0179299697802943E-075  -3.1918017348569765E-083  -1.5441270349775247E-091  -8.1409968372054348E-100
   2.1085688723396982E+042   1.3642558303804924E+051   7.1487961704943414E+046  -6.1481443995752813E+035  -2.0177702891026240E+022  -3773845.7316454095       -2.3245377156478938E-010  -5.2918686899152803E-026  -1.6577113232757981E-040  -2.7149064247380464E-055   1.2099729863152254E-064  -8.4636355154112858E-076  -2.8030387218775949E-083  -1.3440258985270393E-091  -7.0184909043002687E-100
   2.0732502958348506E+042   1.3333544883840848E+051   6.9297075514000512E+046  -5.9275400477122927E+035  -1.9227265980515540E+022  -3560562.1494604214       -2.1716740817365226E-010  -4.8956779773812463E-026  -1.5187786851865848E-040  -2.4637864738571131E-055   1.0884466583922624E-064  -7.0052133439839153E-076  -2.4616248770753391E-083  -1.1698544635857743E-091  -6.0507505772615920E-100
   2.0380662639901657E+042   1.3029582157728702E+051   6.7167829698958253E+046  -5.7144571818284453E+035  -1.8321162977388154E+022  -3359294.2825993910       -2.0288495703157789E-010  -4.5291263528461010E-026  -1.3914827831255030E-040  -2.2358791545726915E-055   9.7911272126065409E-065  -5.7678633775638040E-076  -2.1617936302362638E-083  -1.0182528296786318E-091  -5.2164388002742495E-100
   2.0030146348402991E+042   1.2730555481552470E+051   6.5098331172091237E+046  -5.5086340900198781E+035  -1.7457312532074055E+022  -3169364.3554687197       -1.8954049443772794E-010  -4.1899974969252592E-026  -1.2748494761518026E-040  -2.0290401781561822E-055   8.8074936504646172E-065  -4.7202986460111030E-076  -1.8984806740240601E-083  -8.8629644339340762E-092  -4.4971600131573621E-100
   1.9680932674801422E+042   1.2436352051364296E+051   6.3086739927791653E+046  -5.3098175473208626E+035  -1.6633729927287023E+022  -2990132.6855565915       -1.7707241916343866E-010  -3.8762406763804868E-026  -1.1679861152533008E-040  -1.8413231935915541E-055   7.9225706546659584E-065  -3.8354741303033962E-076  -1.6672384458582319E-083  -7.7143969247146754E-092  -3.8770546661217296E-100
   1.9333000220959037E+042   1.2146860861414146E+051   6.1131267408731921E+046  -5.1177625370143498E+035  -1.5848522559632729E+022  -2820995.5394289610       -1.6542316906307686E-010  -3.5859583787311231E-026  -1.0700747301779924E-040  -1.6709615292923913E-055   7.1264636103764233E-065  -3.0900282790396959E-076  -1.4641610231761012E-083  -6.7146680779990321E-092  -3.3424496271418320E-100
   1.8986327599942740E+042   1.1861972663034866E+051   5.9230174917674948E+046  -4.9322319800884445E+035  -1.5099885629815046E+022  -2661383.1088969731       -1.5453895623243073E-010  -3.3173948693676459E-026  -9.8036578544837050E-041  -1.5163516176567772E-055   6.4102685022990375E-065  -2.4637964972710943E-076  -1.2858181641340155E-083  -5.8444912654648331E-092  -2.8815567781290784E-100
   1.8640893436297248E+042   1.1581579924167789E+051   5.7381772073523779E+046  -4.7529964726078523E+035  -1.4386098031735196E+022  -2510757.6006093528       -1.4436951950081188E-010  -3.0689256023812517E-026  -8.9817245803908260E-041  -1.3760379474798067E-055   5.7659728699179252E-065  -1.9393874823404380E-076  -1.1291973801799897E-083  -5.0870789232762185E-092  -2.4842131578578971E-100
   1.8296676366299866E+042   1.1305576789514326E+051   5.5584415310241701E+046  -4.5798340307740685E+035  -1.3705518431223299E+022  -2368611.4327002647       -1.3486789312232723E-010  -2.8390474214464989E-026  -8.2286539316240034E-041  -1.2486994035035129E-055   5.1863666516510505E-065  -1.5018144236713733E-076  -9.9165306251211401E-084  -4.4278187506063882E-092  -2.1416569250351371E-100
   1.7953655038197509E+042   1.1033859041299135E+051   5.3836506417311610E+046  -4.4125298434527530E+035  -1.3056581525566369E+022  -2234465.5324789849       -1.2599019060588060E-010  -2.6263694918360437E-026  -7.5386789823942987E-041  -1.1331368653330826E-055   4.6649619320588608E-065  -1.1381740841968605E-076  -8.7086180351241490E-084  -3.8539918608277686E-092  -1.8463342041804419E-100
   1.7611808112426418E+042   1.0766324060630708E+051   5.2136491120440661E+046  -4.2508760319513627E+035  -1.2437794475401422E+022  -2107867.7294836366       -1.1769540269272741E-010  -2.4296049090354645E-026  -6.9065153846554222E-041  -1.0282619497067988E-055   4.1959207043763861E-065  -8.3736765774034155E-077  -7.6478315882399921E-084  -3.3545274501218857E-092  -1.5917325574866151E-100
   1.7271114261815037E+042   1.0502870789445435E+051   5.0482857701251417E+046  -4.0946714168346968E+035  -1.1847733500928546E+022  -1988391.2385383672       -1.0994520855514229E-010  -2.2475629334883295E-026  -6.3273210043138411E-041  -9.3308679078453112E-056   3.7739898490080494E-065  -5.8985806442087165E-077  -6.7162518758513488E-084  -2.9197892523981573E-092  -1.3722374125446171E-100
   1.6931552171770464E+042   1.0243399693021390E+051   4.8874135654735582E+046  -3.9437212915705329E+035  -1.1285040634766733E+022  -1875633.2277526676       -1.0270379935026727E-010  -2.0791418047613597E-026  -5.7966589305917175E-041  -8.4671476281510795E-056   3.3944426082143082E-065  -3.8745901844573136E-077  -5.8981418899747328E-084  -2.5413896623314993E-092  -1.1830082816723178E-100
   1.6593100540448944E+042   9.9878127230482992E+050   4.7308894383279648E+046  -3.7978372028020136E+035  -1.0748420624126459E+022  -1769213.4666841009       -9.5937713319760041E-011  -1.9233220918992253E-026  -5.3104635767897074E-041  -7.6833205834675301E-056   3.0530259088980853E-065  -2.2315179124251234E-077  -5.1796812424826043E-084  -2.2120279418488248E-092  -1.0198720447229228E-100
   1.6255738078910808E+042   9.7360132812403321E+050   4.5785741926104474E+046  -3.6568367370478324E+035  -1.0236637975307608E+022  -1668773.0501524149       -8.9615681678718344E-011  -1.7791605399590383E-026  -4.8650096142075743E-041  -6.9720004313886129E-056   2.7459129499517432E-065  -9.0926108091437233E-078  -4.5487327502374374E-084  -1.9253493897995106E-092  -8.7923094327610266E-101
   1.5919443511260316E+042   9.4879061834785742E+050   4.4303323722991792E+046  -3.5205433136356268E+035  -9.7485141338505777E+021  -1573973.1934447645       -8.3708484586755493E-011  -1.6457843756952139E-026  -4.4568835025307000E-041  -6.3264831619214055E-056   2.4696605287591208E-065   1.4357932691636708E-078  -3.9946374449314949E-084  -1.6758227587878246E-092  -7.5798325831619278E-101
   1.5584195574770820E+042   9.2433976244701974E+050   4.2860321411201387E+046  -3.3887859836782572E+035  -9.2829247939726635E+021  -1484494.0948893810       -7.8188816540271394E-011  -1.5223860381239378E-026  -4.0829573997431433E-041  -5.7406840990510906E-056   2.2211706337990015E-065   9.7089634449725722E-078  -3.5080345463182067E-084  -1.4586335550195149E-092  -6.5345492301977571E-101
   1.5249973019995628E+042   9.0023951429115622E+050   4.1455451654511884E+046  -3.2613992349068618E+035  -8.8387973312119361E+021  -1400033.8619992968       -7.3031160568111835E-011  -1.4082183022494763E-026  -3.7403652527327625E-041  -5.2090807134950643E-056   1.9976558774403186E-065   1.6101154205594901E-077  -3.0807033589835134E-084  -1.2695911633041359E-092  -5.6334056326764996E-101
   1.4916754610865092E+042   8.7648075871426170E+050   4.0087465003346663E+046  -3.1382228021786890E+035  -8.4151083524773516E+021  -1320307.4975993903       -6.8211670653133563E-011  -1.3025897665973059E-026  -3.4264808863482998E-041  -4.7266607109105143E-056   1.7966083854724858E-065   2.0930941640424509E-077  -2.7054244229518917E-084  -1.1050480059643640E-092  -4.8565266627307903E-101
   1.4584519124770186E+042   8.5305450812801884E+050   3.8755144784973873E+046  -3.0191014834818088E+035  -8.0108813579675291E+021  -1245045.9425497737       -6.3708061839877891E-011  -1.2048606773856732E-026  -3.1388979238780907E-041  -4.2888749091580634E-056   1.6157717981423886E-065   2.4469014901038637E-077  -2.3758575734998304E-084  -9.6182917647374648E-093  -4.1867775685712137E-101
   1.4253245352633113E+042   8.2995189918178768E+050   3.7457306022796231E+046  -2.9038849612627444E+035  -7.6251845096717964E+021  -1173995.1718670598       -5.9499507523772788E-011  -1.1144390641907866E-026  -2.8754113858605922E-041  -3.8915944630212806E-056   1.4531160718924283E-065   2.6944919145869166E-077  -2.0864348510462181E-084  -8.3717119064940859E-093  -3.6093861534967436E-101
   1.3922912098965278E+042   8.0716418946804672E+050   3.6192794383772076E+046  -2.7924276289069984E+035  -7.2571285014066359E+021  -1106915.3412229279       -5.5566543450193278E-011  -1.0307771638335559E-026  -2.6340008269139540E-041  -3.5310720354556311E-056   1.3068148019896608E-065   2.8552887274253561E-077  -1.8322664527235500E-084  -7.2866867406098339E-093  -3.1116170425461052E-101
   1.3593498181913054E+042   7.8468275427209354E+050   3.4960485153034024E+046  -2.6845884222062610E+035  -6.9058645255688322E+021  -1043579.9809672680       -5.1890977982462973E-011  -9.5336811094881114E-027  -2.4128148819823544E-041  -3.2039065513697014E-056   1.1752248141450865E-065   2.9456880130785556E-077  -1.6090581374384187E-084  -6.3422795737168121E-093  -2.6824908562306166E-101
   1.3264982433291711E+042   7.6249908336482298E+050   3.3759282234795738E+046  -2.5802306556498370E+035  -6.5705823320040612E+021  -983775.23498156446       -4.8455808226615768E-011  -8.8174287530165511E-027  -2.2101571041296335E-041  -2.9070112034706968E-056   1.0568677983513240E-065   2.9794939464516252E-077  -1.4130386896214827E-084  -5.5202668455305062E-093  -2.3125421006016882E-101
   1.2937343698607951E+042   7.4060477783742451E+050   3.2588117178660562E+046  -2.4792218633814901E+035  -6.2505083745968073E+021  -927299.14181760175       -4.5245141627587047E-011  -8.1546742739964138E-027  -2.0244729858473638E-041  -2.6375844101477868E-056   9.5041378079256799E-066   2.9682944480573534E-077  -1.2408962167105784E-084  -4.8047865488040968E-093  -1.9936104362849696E-101
   1.2610560837071401E+042   7.1899154697684853E+050   3.1445948230468344E+046  -2.3814336446664811E+035  -5.9449040413848293E+021  -873960.95571754966       -4.2244122676591441E-011  -7.5414011532270773E-027  -1.8543380648595559E-041  -2.3930834530048356E-056   8.5466625005182856E-066   2.9217851080424377E-077  -1.0897222045729219E-084  -4.1820322055715465E-093  -1.7186607248625355E-101
   1.2284612721595470E+042   6.9765120518090785E+050   3.0331759406838486E+046  -2.2867415137170797E+035  -5.6530639641893373E+021  -823580.50524445879       -3.9438864392883053E-011  -6.9738923696347602E-027  -1.6984470236681583E-041  -2.1712005467461414E-056   7.6854877218118132E-066   2.8480482637721847E-077  -9.5696238607147527E-085  -3.6399864967956389E-093  -1.4816278853173630E-101
   1.1959478238787949E+042   6.7657566891189760E+050   2.9244559592588251E+046  -2.1950247537282382E+035  -5.3743144039310206E+021  -775987.58737762959       -3.6816384264991524E-011  -6.4487079304625898E-027  -1.5556036996551039E-041  -1.9698411168991614E-056   6.9109294571304675E-066   2.7537932212344901E-077  -8.4037359302795833E-085  -3.1681894073351989E-093  -1.2772831401489535E-101
   1.1635136288931758E+042   6.5575695368762595E+050   2.8183381660225695E+046  -2.1061662749784457E+035  -5.1080117079724754E+021  -731021.39504560619       -3.4364544356983426E-011  -5.9626640738095791E-027  -1.4247119294954010E-041  -1.7871040815393585E-056   6.2142756255628938E-066   2.6445628301957243E-077  -7.3798586287287955E-085  -2.7575364138552190E-093  -1.1011187022771194E-101
   1.1311565785956182E+042   6.3518717110876409E+050   2.7147281610736035E+046  -2.0200524768540308E+035  -4.8535408359897983E+021  -688529.97618110140       -3.2071995304406233E-011  -5.5128140181449844E-027  -1.3047671579943494E-041  -1.6212639519573076E-056   5.5876885410395355E-066   2.5249109424644293E-077  -6.4806916000704767E-085  -2.4001028227614856E-093  -9.4924836036344762E-102
   1.0988745657399015E+042   6.1485852592143653E+050   2.6135337734899323E+046  -1.9365731136583316E+035  -4.6103139510304899E+021  -648369.72248733230       -2.9928123942419463E-011  -5.0964301427358616E-027  -1.1948487472886973E-041  -1.4707545842522946E-056   5.0241171392729893E-066   2.3985546892250990E-077  -5.6910414982734641E-085  -2.0889908696214427E-093  -8.1832177065536706E-102
   1.0666654844359959E+042   5.9476331311398450E+050   2.5146649794395317E+046  -1.8556211640702377E+035  -4.3777690725617149E+021  -610404.88620440254       -2.7923004325285365E-011  -4.7109874915394476E-027  -1.0941129276907158E-041  -1.3341544293089670E-056   4.5172179927631186E-066   2.2685049961906639E-077  -4.9975653180774798E-085  -1.8181966305618094E-093  -7.0545056561999186E-102
   1.0345272301445672E+042   5.7489391504684894E+050   2.4180338221969081E+046  -1.7770927041195911E+035  -4.1553687884527006E+021  -574507.12325782189       -2.6047351911956627E-011  -4.3541485010800036E-027  -1.0017863363463328E-041  -1.2101731426586480E-056   4.0612842336971696E-066   2.1371783046578001E-077  -4.3885449813002300E-085  -1.5824941782770730E-093  -6.0814465014322640E-102
   1.0024576996706808E+042   5.5524279861452913E+050   2.3235543339947722E+046  -1.7008867835498399E+035  -3.9425990229679287E+021  -540555.06125932862       -2.4292480707031289E-011  -4.0237488601997549E-027  -9.1716009436079134E-042  -1.0976394284758683E-056   3.6511815924543417E-066   2.0064920740056384E-077  -3.8536893714213300E-085  -1.3773347479108393E-093  -5.2425728066544375E-102
   9.7045479115674510E+041   5.3580251243858684E+050   2.2311424596414961E+046  -1.6269053054411657E+035  -3.7389678579741156E+021  -508433.89091315621       -2.2650263159912796E-011  -3.7177844163897817E-027  -8.3958437715190010E-042  -9.9549000353262357E-057   3.2822908385246125E-066   1.8779462993817543E-077  -3.3839604727701892E-085  -1.1987589675987165E-093  -4.5193771625838573E-102
   9.3851640407472892E+041   5.1656568409067559E+050   2.1407159818365823E+046  -1.5550529089700286E+035  -3.5440044046840250E+021  -478034.97945905000       -2.1113092637676927E-011  -3.4343990497100581E-027  -7.6846343655299160E-042  -9.0275957743593505E-057   2.9504559818466512E-066   1.7526929808188913E-077  -2.9714206777307922E-085  -1.0433204604704395E-093  -3.8959039758651866E-102
   9.0664043921768877E+041   4.9752501734458545E+050   2.0521944481178861E+046  -1.4852368551837424E+035  -3.3572577233741944E+021  -449255.50485693919       -1.9673848298965944E-011  -3.1718734411361431E-027  -7.0325103663385044E-042  -8.1857175500664033E-057   2.6519376566461740E-066   1.6315952211801855E-077  -2.6090986828737990E-085  -9.0801934426037425E-094  -3.3583975361935157E-102
   8.7482479869064464E+041   4.7867328945630437E+050   1.9654990993757782E+046  -1.4173669156712450E+035  -3.1782957886219695E+021  -421998.10948745924       -1.8325862207257213E-011  -2.9286146675583174E-027  -6.4344626836429193E-042  -7.4213077530807241E-057   2.3833711675222427E-066   1.5152774052069602E-077  -2.2908717088717881E-085  -7.9024434559967622E-094  -2.8949986004141874E-102
   8.4306738590083765E+041   4.6000334847110778E+050   1.8805527998708186E+046  -1.3513552640137246E+035  -3.0067044977100047E+021  -396170.57220772316       -1.7062888532139454E-011  -2.7031465606395154E-027  -5.8858971113578507E-042  -6.7271400968325777E-057   2.1417287294225357E-066   1.4041677162292880E-077  -2.0113620547474923E-085  -6.8772241224234690E-094  -2.4954828027868112E-102
   8.1136610554740752E+041   4.4150811055669655E+050   1.7972799686928548E+046  -1.2871163699011559E+035  -2.8420867199438915E+021  -371685.49766307732       -1.5879074696821594E-011  -2.4941007713412335E-027  -5.3825991180351307E-042  -6.0966514828189589E-057   1.9242854798434685E-066   1.2985340770268307E-077  -1.7658462391027340E-085  -5.9847485111618450E-094  -2.1510351228190724E-102
   7.7971886361052453E+041   4.2318055736141349E+050   1.7156065126007248E+046  -1.2245668958031272E+035  -2.6840613847210179E+021  -348460.02181324922       -1.4768934339041005E-011  -2.3002084861792432E-027  -4.9207015433467954E-042  -5.5238801102026736E-057   1.7285888836039754E-066   1.1985144536030636E-077  -1.5501751935652205E-085  -5.2077914597772526E-094  -1.8540554371195533E-102
   7.4812356734001241E+041   4.0501373339657809E+050   1.6354597601829814E+046  -1.1636255960845661E+035  -2.5322626062763242E+021  -326415.53268549562       -1.3727321960870411E-011  -2.1202927451990251E-027  -4.4966549536714358E-042  -5.0034092477881360E-057   1.5524311883378328E-066   1.1041423323834846E-077  -1.3607041603611488E-085  -4.5313571801568995E-094  -1.5979908671132510E-102
   7.1657812524349565E+041   3.8700074344198617E+050   1.5567683972812155E+046  -1.1042132184591368E+035  -2.3863388431135440E+021  -305477.40541826683       -1.2749409150684115E-011  -1.9532613152879328E-027  -4.1072004301248797E-042  -4.5303161395826226E-057   1.3938246228471056E-066   1.0153680700558147E-077  -1.1942311098257482E-085  -3.9423898810336842E-094  -1.3771912253172566E-102
   6.8508044707410971E+041   3.6913474997363229E+050   1.4794624036186843E+046  -1.0462524076751473E+035  -2.2459520902089364E+021  -285574.75070668862       -1.1830662267770157E-011  -1.7981000757889798E-027  -3.7493445809483578E-042  -4.1001255633558953E-057   1.2509790610352947E-066   9.3207671874451272E-078  -1.0479426375691458E-085  -3.4295218238596103E-094  -1.1867843722120187E-102
   6.5362844381780620E+041   3.5140897061271699E+050   1.4034729905780124E+046  -9.8966761133080204E+034  -2.1107771021486596E+021  -266640.17580598383       -1.0966821486798400E-011  -1.6538668764699609E-027  -3.4203365871527156E-042  -3.7087676053092484E-057   1.1222819016318221E-066   8.5410284553906826E-078  -9.1936642735132322E-086  -2.9828539510473371E-094  -1.0225687347937869E-102
   6.2222002768029009E+041   3.3381667559501280E+050   1.3287325400727582E+046  -9.3438498771754918E+034  -1.9805006454309150E+021  -248609.55729096240       -1.0153881105606208E-011  -1.5196858307499182E-027  -3.1176471058453039E-042  -3.3525392535661366E-057   1.0062799386343977E-066   7.8124279290553395E-078  -8.0632947662081762E-086  -2.5937648539882749E-094  -8.8092061633513391E-103
   5.9085311207362345E+041   3.1635118525966635E+050   1.2551745444586072E+046  -8.8033231559210505E+034  -1.8548207782300062E+021  -231421.82480903674       -9.3880710255720614E-012  -1.3947420097098650E-027  -2.8389488698550671E-042  -3.0280694490713703E-057   9.0166301960660932E-067   7.1326476374698712E-078  -7.0692137900997784E-086  -2.2547443949974230E-094  -7.5871425305573211E-103
   5.5952561160253021E+041   2.9900586755652423E+050   1.1827335474308738E+046  -8.2743890577949031E+034  -1.7334461559816292E+021  -215018.75510100866       -8.6658393192396715E-012  -1.2782765048319744E-027  -2.5820988352291955E-042  -2.7322872649703412E-057   8.0724930892115004E-067   6.4991706057113338E-078  -6.1946204349879120E-086  -1.9592487729746535E-094  -6.5325285450567799E-103
   5.2823544205043724E+041   2.8177413557107458E+050   1.1113450858558693E+046  -7.7563551451109731E+034  -1.6160953612071941E+021  -199344.77559823391       -7.9838358048555102E-012  -1.1695818296356531E-027  -2.3451217400001405E-042  -2.4623929149380288E-057   7.2197199095582475E-067   5.9093476126526608E-078  -5.4247330490203743E-086  -1.7015742362839013E-094  -5.6220910668583362E-103
   4.9698052036528673E+041   2.6464944506610419E+050   1.0409456324845269E+046  -7.2485425840339789E+034  -1.5024962560498897E+021  -184346.77693682924       -7.3388965521143514E-012  -1.0679976324234291E-027  -2.1261949484049300E-042  -2.2158313175150680E-057   6.4486726432875404E-067   5.3604507340611148E-078  -4.7465394606642984E-086  -1.4767470061157927E-094  -4.8357382561412651E-103
   4.6575876464515346E+041   2.4762529203917667E+050   9.7147253949744981E+045  -6.7502853098443208E+034  -1.3923853560466847E+021  -169973.93375943945       -6.7280292476912932E-012  -9.7290669422668668E-028  -1.9236344645616969E-042  -1.9902679675339365E-057   5.7506349267952964E-067   4.8497157400526329E-078  -4.1485770979553487E-086  -1.2804272863552242E-094  -4.1561162879443573E-103
   4.3456809412370311E+041   2.3069521029504242E+050   9.0286398283129115E+045  -6.2609292067665957E+034  -1.2855072237086056E+021  -156177.53320283603       -6.1483993530947747E-012  -8.8373118776226268E-028  -1.7358820085460297E-042  -1.7835668874075111E-057   5.1177139042464819E-067   4.3743751137946478E-078  -3.6207392902390416E-086  -1.1088255077562553E-094  -3.5682264681863528E-103
   4.0340642915552535E+041   2.1385276903209724E+050   8.3505890723707004E+045  -5.7798313014612908E+034  -1.1816138805265616E+021  -142910.81049536174       -5.5973169910211775E-012  -7.9992917478614820E-028  -1.5614930559302348E-042  -1.5937704506080686E-057   4.5427513348191616E-067   3.9316831980375515E-078  -3.1541044799094627E-086  -9.5862919027499173E-095  -3.0590943054504142E-103
   3.7227169120137634E+041   1.9709157044201174E+050   7.6799697202167143E+045  -5.3063589692921508E+034  -1.0804642360618081E+021  -130128.79111205625       -5.0722244997445964E-012  -7.2099132066947108E-028  -1.3991257492138003E-042  -1.4190808872705924E-057   4.0192429529822699E-067   3.5189347520259775E-078  -2.7407854586656265E-086  -8.2693901228033450E-095  -2.6174832388509328E-103
   3.4116180281336542E+041   1.8040524732165746E+050   7.0161849742438932E+045  -4.8398891524939551E+034  -9.8182353281892824E+020  -117788.13895727338       -4.5706845981505989E-012  -6.4643780633325476E-028  -1.2475305962394041E-042  -1.2578432976749881E-057   3.5412651774310641E-067   3.1334780088056322E-078  -2.3737960810811497E-086  -7.1121285300457530E-095  -2.2336467072115308E-103
   3.1007468762012079E+041   1.6378746069646159E+050   6.3586441158093588E+045  -4.3798075893768851E+034  -8.8546280563507108E+020  -105847.01006480590       -4.0903691068343378E-012  -5.7581541887002609E-028  -1.1055408767065283E-042  -1.1085300135459154E-057   3.1034083464933462E-067   2.7727231577472574E-078  -2.0469332035318829E-086  -6.0921672843766820E-095  -1.8991130904354028E-103
   2.7900827031196837E+041   1.4723189745432510E+050   5.7067619802785920E+045  -3.9255080537144381E+034  -7.9115835435218580E+020  -94264.911324035187       -3.6290481732442335E-012  -5.0869480325937217E-028  -9.7206368331004495E-043  -9.6972615978935648E-058   2.7007157308320222E-067   2.4341470356626070E-078  -1.7546718537352428E-086  -5.1898167387838726E-095  -1.6064987789898157E-103
   2.4796047662615847E+041   1.3073226798924417E+050   5.0599584370079393E+045  -3.4763916034718536E+034  -6.9869122856921294E+020  -83002.563757482916       -3.1845799511742226E-012  -4.4466785855750716E-028  -8.4607152888529302E-043  -8.4011628058075017E-058   2.3286276389179761E-067   2.1152946890837609E-078  -1.4920718596683792E-086  -4.3876574109841046E-095  -1.3493452478432043E-103
   2.1692923333217525E+041   1.1428230385377731E+050   4.4176578738040833E+045  -3.0318658380413166E+034  -6.0784672329870043E+020  -72021.769890416690       -2.7549006870010799E-012  -3.8334526281367551E-028  -7.2659445527123544E-043  -7.1847190373647981E-058   1.9829299877511200E-067   1.8137783674420143E-078  -1.2546943602250502E-086  -3.6702037676524628E-095  -1.1219765406667399E-103
   1.8591246821716327E+041   9.7875755419504936E+049   3.7792886854030827E+045  -2.5913441631588051E+034  -5.1841388437717064E+020  -61285.284766901052       -2.3380151669380629E-012  -3.2435411174403770E-028  -6.1271258344229295E-043  -6.0363992613270532E-058   1.6597067613016712E-067   1.5272744197194411E-078  -1.0385267869129329E-086  -3.0236053331077278E-095  -9.1937402031831354E-104
   1.5490811007150620E+041   8.1506389544630541E+049   3.1442827655151663E+045  -2.1542450626853185E+034  -4.3018502250082782E+020  -50756.690178937097       -1.9319874812407690E-012  -2.6733565688125287E-028  -5.0354904783670234E-043  -4.9453171066588860E-058   1.3552958226850409E-067   1.2535184936918220E-078  -8.3991504900372846E-087  -2.4353793545499083E-095  -7.3706562249355864E-104
   1.2391408867459200E+041   6.5167987247875377E+049   2.5120750019846474E+045  -1.7199913764424059E+034  -3.4295523477791225E+020  -40400.271686137981       -1.5349320627633055E-012  -2.1194312951943092E-028  -3.9826326075052888E-043  -3.9011279195044634E-058   1.0662475836574781E-067   9.9029937546803138E-079  -6.5550177624496543E-087  -1.8941698648894651E-095  -5.7102716935517530E-104
   9.2928334780799813E+040   4.8854341387821357E+049   1.8821027746170880E+045  -1.2880095832984029E+034  -2.5652193270622886E+020  -30180.898012780319       -1.1450049585293185E-012  -1.5783963729310642E-028  -2.9604445519423919E-043  -2.8939309368372291E-058   7.8928606704468899E-068   7.3545175625282554E-079  -4.8216957558034951E-087  -1.3895284936151683E-095  -4.1759356599393714E-104
   6.1948780105743293E+040   3.2559254346858776E+049   1.2538054552282295E+045  -8.5772908870756657E+033  -1.7068437549913719E+020  -20063.902417084497       -7.6039529405901020E-013  -1.0469612066851585E-028  -1.9610545674233079E-043  -1.9141756543079201E-058   5.2127192454932163E-068   4.8684817194686835E-079  -3.1698834303334279E-087  -9.1171279584751433E-096  -2.7337792059994383E-104
   3.0973357312805451E+040   1.6276535718897248E+049   6.2662390947118788E+044  -4.2858151590941532E+033  -8.5243207695622029E+019  -10014.965634237305       -3.7931689108491062E-013  -5.2189356988400373E-029  -9.7676636662235700E-044  -9.5257150536812312E-059   2.5916699432502802E-068   2.4239032839141063E-079  -1.5716574041709719E-087  -4.5149820781546209E-096  -1.3519680403973735E-104
   0.0000000000000000        0.0000000000000000        0.0000000000000000        0.0000000000000000        0.0000000000000000        0.0000000000000000        0.0000000000000000        0.0000000000000000        0.0000000000000000        0.0000000000000000        0.0000000000000000        0.0000000000000000        0.0000000000000000        0.0000000000000000        0.0000000000000000     
