   4.2485640844341611E+035   1.4437030769997321E+044   3.2949477095952234E+040   2.6235196504857322E+030   3.3587424285018259E+017   2985.0655966916152        5.5674624113546262E-012   1.9069507164028309E-026   4.8685027744041837E-040   4.3235852289589720E-054  -9.8245963947289345E-063  -4.3857771218540443E-072  -7.8034672283691564E-081  -3.2618929494761113E-089  -1.9356348773393689E-097
   4.2485640844341611E+035   1.4437030769997321E+044   3.2949477095952234E+040   2.6235196504857322E+030   3.3587424285018259E+017   2985.0655966916152        5.5674624113546262E-012   1.9069507164028309E-026   4.8685027744041837E-040   4.3235852289589720E-054  -9.8245963947289345E-063  -4.3857771218540443E-072  -7.8034672283691564E-081  -3.2618929494761113E-089  -1.9356348773393689E-097
   4.2560234391526529E+035   1.4472945195226102E+044   3.3047751173165740E+040   2.6325688764086691E+030   3.3722984540876998E+017   2999.1242970787375        5.5984148353893398E-012   1.9195977362830744E-026   4.9072129956274376E-040   4.3647725753153973E-054  -9.9361489600788374E-063  -4.4446567505140395E-072  -7.9261752199625375E-081  -3.3213925463250939E-089  -1.9762120401731424E-097
   4.2708060010702697E+035   1.4544137691538148E+044   3.3242652215440051E+040   2.6505274382003790E+030   3.3992266110408288E+017   3027.0622934896487        5.6599511239182228E-012   1.9447547532184626E-026   4.9842651015787127E-040   4.4468202343564275E-054  -1.0158572290491797E-062  -4.5621780636054382E-072  -8.1713775049033442E-081  -3.4404378224579868E-089  -2.0575082607945933E-097
   4.2927761158378338E+035   1.4649994188016555E+044   3.3532675688936271E+040   2.6772784310096650E+030   3.4393987527480646E+017   3068.7686326940834        5.7518791736795235E-012   1.9823701030677719E-026   5.0996020487240840E-040   4.5697961260682009E-054  -1.0492455362975066E-062  -4.7388945433534797E-072  -8.5407903129869251E-081  -3.6201602159678828E-089  -2.1805165579905279E-097
   4.3217987606858197E+035   1.4789922873452823E+044   3.3916456563698697E+040   2.7127273255968739E+030   3.4927410110801197E+017   3124.1990949737956        5.8741791877283809E-012   2.0324756468366691E-026   5.2534721957846208E-040   4.7341568727180092E-054  -1.0939642423479996E-062  -4.9761447056754319E-072  -9.0380530806252323E-081  -3.8627782017605645E-089  -2.3470870252382299E-097
   4.3577396724147404E+035   1.4963354139868418E+044   3.4392766350049162E+040   2.7568014128360067E+030   3.5592325650282528E+017   3193.3748204643739        6.0270005557917405E-012   2.0951855230923124E-026   5.4464259441843656E-040   4.9407453594915193E-054  -1.1503232002195359E-062  -5.2760563582158900E-072  -9.6687520887814699E-081  -4.1716187717432694E-089  -2.5599506446482133E-097
   4.4004654650769935E+035   1.5169740493765773E+044   3.4960510241721205E+040   2.8094493002571932E+030   3.6389046381453459E+017   3276.3812669898148        6.2106597296024563E-012   2.1706954678212669E-026   5.6793148387306389E-040   5.1907920173244106E-054  -1.2187590187628237E-062  -5.6415613803130526E-072  -1.0440474301698106E-080  -4.5511587600464993E-089  -2.8227611512058990E-097
   4.4498437375983537E+035   1.5408556436441719E+044   3.5618724363243276E+040   2.8706404588037380E+030   3.7318397169044794E+017   3373.3674886975205        6.4256390640231270E-012   2.2592826873089537E-026   5.9532930784047656E-040   5.4859197751355573E-054  -1.2998378061142067E-062  -6.0764210395385182E-072  -1.1362891725521577E-080  -5.0070864204628867E-089  -3.1401555096478248E-097
   4.5057431732384105E+035   1.5679298323225489E+044   3.6366573138690401E+040   2.9403648192578567E+030   3.8381709832561094E+017   3484.5457265029991        6.6725866006501809E-012   2.3613062735384818E-026   6.2698214071799666E-040   5.8281526645464628E-054  -1.3942593356122019E-062  -6.5852620006517162E-072  -1.2447877080271814E-080  -5.5463840255912589E-089  -3.5178339466662445E-097
   4.5680336302200267E+035   1.5981484198093938E+044   3.7203346768513529E+040   3.0186324161347426E+030   3.9580819553744435E+017   3610.1913029690027        6.9523167762327057E-012   2.4772081553877325E-026   6.6306733742317890E-040   6.2199280952607049E-054  -1.5028626566327653E-062  -7.1736233236341082E-072  -1.3709652057139622E-080  -6.1774326271857611E-089  -3.9626608746124221E-097
   4.6365862230640210E+035   1.6314653601115665E+044   3.8128458803493565E+040   3.1054730770940213E+030   4.0918063315214829E+017   3750.6428158053359        7.2658120436901400E-012   2.6075145825743134E-026   7.0379439719312284E-040   6.6641128539267139E-054  -1.6266331888131587E-062  -7.8480148898159865E-072  -1.5164969923274411E-080  -6.9101405015443180E-089  -4.4827884574832554E-097
   4.7112733975776310E+035   1.6678367363915941E+044   3.9141443845629803E+040   3.2009361584328360E+030   4.2396280331844538E+017   3906.3026256939643        7.6142253988023036E-012   2.7528381428847614E-026   7.4940606787707724E-040   7.1640229138555604E-054  -1.7667113543053687E-062  -8.6159878408637974E-072  -1.6833334745552425E-080  -7.7560972091886356E-089  -5.0878050140507099E-097
   4.7919689994108481E+035   1.7072207392533714E+044   4.0241955369843085E+040   3.3050903252314284E+030   4.4018814441986592E+017   4077.6376355936331        7.9988838107981192E-012   2.9138803167513113E-026   8.0017969530203254E-040   7.7234471777414513E-054  -1.9244028192088824E-062  -9.4862177664555788E-072  -1.8737260040964736E-080  -8.7287556316148921E-089  -5.7889109353227648E-097
   4.8785483348567628E+035   1.7495776430523120E+044   4.1429763645485209E+040   3.4180233739426043E+030   4.5789518432665082E+017   4265.1803600946487        8.4212925601237438E-012   3.0914345767320247E-026   8.5642882415956530E-040   8.3466753108651444E-054  -2.1011904323610090E-062  -1.0468601534771309E-071  -2.0902570232198188E-080  -9.8436448169483354E-089  -6.5991253235518318E-097
   4.9708882251983850E+035   1.7948697808812237E+044   4.2704753768091882E+040   3.5398420971730937E+030   4.7712760283505011E+017   4469.5302847932926        8.8831404916588718E-012   3.2863900429320899E-026   9.1850505874948612E-040   9.0385298584767655E-054  -2.2987479673952694E-062  -1.1574368827464155E-071  -2.3358748901072582E-080  -1.1118616978851421E-088  -7.5335271480098697E-097
   5.0688670563817208E+035   1.8430615191339286E+044   4.4066923817887515E+040   3.6706721908765718E+030   4.9793431322563411E+017   4691.3555170223644        9.3863061965947588E-012   3.4997357088983126E-026   9.8680019383636295E-040   9.8044028784827813E-054  -2.5189557926034161E-062  -1.2816209619643614E-071  -2.6139338498644778E-080  -1.2574132557603219E-088  -8.6095353700422275E-097
   5.1723648228949672E+035   1.8941192310303746E+044   4.5516383126783852E+040   3.8106582022148312E+030   5.2036956291927206E+017   4931.3947306115506        9.9328651411165078E-012   3.7325652560479182E-026   1.0617486278434986E-039   1.0650297359538048E-053  -2.7639186128503313E-062  -1.4208419037796830E-071  -2.9282396898560281E-080  -1.4233587878276093E-088  -9.8472332290630852E-097
   5.2812631656363405E+035   1.9480112689528814E+044   4.7053350646350559E+040   3.9599635170630194E+030   5.4449305329348314E+017   5190.4594086909165        1.0525097764978963E-011   3.9860824782804458E-026   1.1438300726402868E-039   1.1582873735512313E-053  -3.0359854487983435E-062  -1.5767061236845668E-071  -3.2831016979994522E-080  -1.6123690638730645E-088  -1.1269742716229845E-096
   5.3954454045746134E+035   2.0047079359748447E+044   4.8678153421597877E+040   4.1187703869571339E+030   5.7037007880659648E+017   5469.4363898866040        1.1165498578054861E-011   4.2616073420901942E-026   1.2335725762881161E-039   1.2609501850418004E-053  -3.3377720412142758E-062  -1.7510154164205550E-071  -3.6833916309598040E-080  -1.8274889241206428E-088  -1.2903656209362346E-096
   5.5147965691537569E+035   2.0641814581008771E+044   5.0391225202360408E+040   4.2872799970200037E+030   5.9807168567532032E+017   5769.2907246009900        1.1856786287993405E-011   4.5605827112693001E-026   1.3315558773125681E-039   1.3738318773623507E-053  -3.6721858923881641E-062  -1.9457877326496299E-071  -4.1346104970672376E-080  -2.0721862858395212E-088  -1.4779533319152103E-096
   5.6392034236298366E+035   2.1264059557037060E+044   5.2193105153708724E+040   4.4657125722589432E+030   6.2767485036266995E+017   6091.0688493895195        1.2601914997274615E-011   4.8845817691900791E-026   1.4384151113811469E-039   1.4978292913922159E-053  -4.0424541829316142E-062  -2.1632804946414005E-071  -4.6429640676074083E-080  -2.3504080112368403E-088  -1.6932472223137132E-096
   5.7685544870586683E+035   2.1913574139615875E+044   5.4084436657172223E+040   4.6543075215024684E+030   6.5926267823174733E+017   6435.9020888119394        1.3404086513222781E-011   5.2353161757056150E-026   1.5548448937031534E-039   1.6339294933196094E-053  -4.4521548307102090E-062  -2.4060167196436554E-071  -5.2154481514277414E-080  -2.6666435358674087E-088  -1.9402766163392843E-096
   5.9027400501420578E+035   2.2590136534185034E+044   5.6065966225711191E+040   4.8533236202292421E+030   6.9292462282244672E+017   6805.0104955229945        1.4266763819971391E-011   5.6146449999328968E-026   1.6816038030484950E-039   1.7832176016442375E-053  -4.9052509896821310E-062  -2.6768142526042774E-071  -5.8599448032517209E-080  -3.0259972826434706E-088  -2.2236657382722043E-096
   6.0416521898753502E+035   2.3293543011311594E+044   5.8138542540541094E+040   5.0630392327594108E+030   7.2875672626973645E+017   7199.7070407669862        1.5193685766973838E-011   6.0245844746073919E-026   1.8195192960231418E-039   1.9468854115281180E-053  -5.4061293202720115E-062  -2.9788184463867387E-071  -6.5853307875805791E-080  -3.4342710288792441E-088  -2.5487202602352709E-096
   6.1851847805260045E+035   2.4023607615825745E+044   6.0303115587663368E+040   5.2837525724960758E+030   7.6686188142859750E+017   7621.4021688666944        1.6188883034460806E-011   6.4673186223481534E-026   1.9694930831596844E-039   2.1262408847242881E-053  -5.9596423999397881E-062  -3.3155386679979858E-071  -7.4015997896892539E-080  -3.8980575549649455E-088  -2.9215266236088103E-096
   6.3332335008368619E+035   2.4780161872576115E+044   6.2560735888666895E+040   5.5157819999830370E+030   8.0735011636069427E+017   8071.6087307772732        1.7256695442289685E-011   6.9452108090757092E-026   2.1325070015021162E-039   2.3227185803669632E-053  -6.5711556831744622E-062  -3.6908890541007052E-071  -8.3200000553418007E-080  -4.4248470858449195E-088  -3.3490659930750108E-096
   6.4856958393304517E+035   2.5563054498378065E+044   6.4912553845919098E+040   5.7594663602218016E+030   8.5033890193919693E+017   8551.9473133054998        1.8401790674941170E-011   7.4608162850093070E-026   2.3096294217060120E-039   2.5378911095545531E-053  -7.2465994646507352E-062  -4.1092339887358611E-071  -9.3531893540924097E-080  -5.0231482434302967E-088  -3.8393449765524347E-096
   6.6424710952783943E+035   2.6372151106682192E+044   6.7359819167465105E+040   6.0151653573597716E+030   8.9595348335466598E+017   9064.1519821471284        1.9629184502014329E-011   8.0168957791632881E-026   2.5020222312609166E-039   2.7734817049611169E-053  -7.9925263481686513E-062  -4.5754388313169873E-071  -1.0515409400350293E-079  -5.7026254627575711E-088  -4.4015455584876274E-096
   6.8034603795218667E+035   2.7207333926954614E+044   6.9903880421940532E+040   6.2832599702523094E+030   9.4432723646667635E+017   9610.0764585557517        2.0944262580507081E-011   8.6164302190987936E-026   2.7109484392960706E-039   3.0313780057403165E-053  -8.8161747777323867E-062  -5.0949264842198131E-071  -1.1822682135079508E-079  -6.4742550909073817E-088  -5.0461970539955686E-096
   6.9685666136180473E+035   2.8068501530265448E+044   7.2546184701309204E+040   6.5641529079754323E+030   9.9560204995988902E+017   10191.700751125527        2.2352803932447916E-011   9.2626366538953063E-026   2.9377804525785766E-039   3.3136471678115137E-053  -9.7255392462381176E-062  -5.6737404573942203E-071  -1.3293030572787395E-079  -7.3505026897274885E-088  -5.7853733039310686E-096
   7.1376945236842813E+035   2.8955568541019677E+044   7.5288277340560486E+040   6.8582691025547095E+030   1.0499287343175032E+018   10811.138265924048        2.3861006199119694E-011   9.9589854649235690E-026   3.1840090767831638E-039   3.6225524203205075E-053  -1.0729447862310309E-061  -6.3186151631655005E-071  -1.4946727257497905E-079  -8.3455244061436770E-088  -6.6329188038600388E-096
   7.3107506337451888E+035   2.9868465360243013E+044   7.8131801753615530E+040   7.1660562432358889E+030   1.1074674588216172E+018   11470.643420098086        2.5475512781236048E-011   1.0709218956066460E-025   3.4512533019351464E-039   3.9605712007341507E-053  -1.1837648027487030E-061  -7.0370542586521470E-071  -1.6806573752388238E-079  -9.4753956628340752E-088  -7.6047080019437704E-096
   7.4876432580702389E+035   3.0807137897332305E+044   8.1078499376533939E+040   7.4879853524332215E+030   1.1683882178153121E+018   12172.619785980902        2.7203441982997115E-011   1.1517371422580888E-025   3.7412709361341203E-039   4.3304150137527224E-053  -1.3060901054903566E-061  -7.8374179469895760E-071  -1.8898215015946963E-079  -1.0758370863572263E-087  -8.7189426221048093E-096
   7.6682824927590398E+035   3.1771547311314859E+044   8.4130209719158932E+040   7.8245514042018073E+030   1.2328713275651996E+018   12919.628794757737        2.9052418287032483E-011   1.2387790805867418E-025   4.0559701572909926E-039   4.7350511731092805E-053  -1.4411086647631834E-061  -8.7290202529064186E-071  -2.1250492998797624E-079  -1.2215178308749716E-087  -9.9964925811507039E-096
   7.8525802036074710E+035   3.2761669744983104E+044   8.7288870482533746E+040   8.1762739832819438E+030   1.3011079551142848E+018   13714.399030852637        3.1030605896860416E-011   1.3325162050057499E-025   4.3974220586918760E-039   5.1777266004833471E-053  -1.5901318250745213E-061  -9.7222374043684285E-071  -2.3895844336364671E-079  -1.3869355085568032E-087  -1.1461286885135313E-095
   8.0404500134796198E+035   3.3777496069051473E+044   9.0556517782756827E+040   8.5436979882572203E+030   1.3733006807037164E+018   14559.836150469637        3.3146744693720699E-011   1.4334532285591106E-025   4.7678742707804975E-039   5.6619938723096753E-053  -1.7546070396931163E-061  -1.0828628581337869E-070  -2.6870747620803568E-079  -1.5747627343341889E-087  -1.3140761826433635E-095
   8.2318072889412262E+035   3.4819031634643679E+044   9.3935286475965869E+040   8.9273943794892386E+030   1.4496640954012204E+018   15459.033460055944        3.5410188765489847E-011   1.5421337974887204E-025   5.1697657486684956E-039   6.1917397233441615E-053  -1.9361319282093237E-061  -1.2061070436699510E-070  -3.0216226419461870E-079  -1.7880342097711847E-087  -1.5066374876331547E-095
   8.4265691246472457E+035   3.5886296025417076E+044   9.7427410561530861E+040   9.3279609713905469E+030   1.5304254356651786E+018   16415.283192927553        3.7830947676927194E-011   1.6591434165860916E-025   5.6057428225882639E-039   6.7712162356041415E-053  -2.1364697936005248E-061  -1.3433906954755394E-070  -3.3978414976018380E-079  -2.0301957540182441E-087  -1.7274193898492099E-095
   8.6246543284567256E+035   3.6979322825357606E+044   1.0103522370267358E+041   9.7460232728132614E+030   1.6158252567574246E+018   17432.088524942385        4.0419730662792993E-011   1.7851126010476353E-025   6.0786766168469356E-039   7.4050749628885848E-053  -2.3575667494955901E-061  -1.4963116391256589E-070  -3.8209194394967370E-079  -2.3051599774730891E-087  -1.9805572719504959E-095
   8.8259834031918264E+035   3.8098159379218651E+044   1.0476115980533329E+041   1.0182235372828810E+031   1.7061181469297646E+018   18513.176372825474        4.3187993938440857E-011   1.9207202717797276E-025   6.5916819518769327E-039   8.0984042646778025E-053  -2.6015706239827344E-061  -1.6666497237799601E-070  -4.2966908082197233E-079  -2.6173694976546853E-087  -2.2707925710282078E-095
   9.0304785293768670E+035   3.9242866569304026E+044   1.0860775371444971E+041   1.0637280877220363E+031   1.8015734845693466E+018   19662.511021725852        4.6147991336436554E-011   2.0666974124185787E-025   7.1481378537695954E-039   8.8567701490033040E-053  -2.8708518235713143E-061  -1.8563875374884986E-070  -4.8317166307467480E-079  -2.9718687186610809E-087  -2.6035615886629530E-095
   9.2380635476798591E+035   4.0413518601224926E+044   1.1257764200862049E+041   1.1111873895867349E+031   1.9024762405346657E+018   20884.308631639131        4.9312828492588820E-011   2.2238310077463875E-025   7.7517098062865950E-039   9.6862609520722003E-053  -3.1680263599672613E-061  -2.0677334824591646E-070  -5.4333750983686442E-079  -3.3743853339484670E-087  -2.9850973163640732E-095
   9.4486639376678125E+035   4.1610202779166283E+044   1.1667356384202206E+041   1.1606760079000596E+031   2.0091278280131443E+018   22183.052675579376        5.2696520820602534E-011   2.3929682847075647E-025   8.4063738918402820E-039   1.0593536213254611E-052  -3.4959812633393791E-061  -2.3031474788536031E-070  -6.1099633139987105E-079  -3.8314228692731405E-087  -3.4225461836446196E-095
   9.6622067972307414E+035   4.2833019294678608E+044   1.2089836189461735E+041   1.2122717708116501E+031   2.1218470025106483E+018   23563.510365901380        5.6314055531463529E-011   2.5750212788655416E-025   9.1164429803952079E-039   1.1585880137744571E-052  -3.8579026289440788E-061  -2.5653695962758770E-070  -6.8708117119752371E-079  -4.3503657610186959E-087  -3.9241019154987190E-095
   9.8786208252604321E+035   4.4082081043489095E+044   1.2525498346883281E+041   1.2660558846003642E+031   2.2409708147162473E+018   25030.750128831474        6.0181457971673298E-011   2.7709717508999604E-025   9.8865951387497894E-039   1.2671260076055849E-052  -4.2573065695642620E-061  -2.8574519461972299E-070  -7.7264127282386700E-079  -4.9395986676696449E-087  -4.4991590065206234E-095
   1.0097836299931763E+036   4.5357513426722331E+044   1.2974648161873869E+041   1.3221130539747407E+031   2.3668556189609170E+018   26590.160191067640        6.4315862573646969E-011   2.9818764796353607E-025   1.0721904447298187E-038   1.3858390489807731E-052  -4.6980733744526155E-061  -3.1827942065179703E-070  -8.6885654952862039E-079  -5.6086419421621403E-087  -5.1584886863393881E-095
   1.0319785055132771E+036   4.6659454150344957E+044   1.3437601634645194E+041   1.3805316080964505E+031   2.4998781403374423E+018   28247.468346502319        6.8735588732125346E-011   3.2088729601272769E-025   1.1627874427247343E-038   1.5156802917320197E-052  -5.1844852066255712E-061  -3.5451831917456384E-070  -9.7705385573000914E-079  -6.3683054539589130E-087  -5.9144406723225525E-095
   1.0544400459576567E+036   4.7988053048492876E+044   1.3914685593383950E+041   1.4414036330166252E+031   2.6404366037776804E+018   30008.762975509155        7.3460221942362504E-011   3.4531855375197653E-025   1.2610474298474755E-038   1.6576922500723536E-052  -5.7212677047337142E-061  -3.9488369293594012E-070  -1.0987252849356318E-078  -7.2308632461772950E-087  -6.7811744885171428E-095
   1.0771617394714488E+036   4.9343471908272343E+044   1.4406237835048932E+041   1.5048251103220090E+031   2.7889519284127206E+018   31880.515393794420        7.8510700559212027E-011   3.7161320097415629E-025   1.3676178306872717E-038   1.8130151688981399E-052  -6.3136358936714382E-061  -4.3984537553818209E-070  -1.2355487464074461E-078  -8.2102518497365333E-087  -7.7749246835934360E-095
   1.1001372232213402E+036   5.0725884299977414E+044   1.4912607274794455E+041   1.5708960622832612E+031   2.9458689908265610E+018   33869.603612761188        8.3909408561219923E-011   3.9991307346399168E-025   1.4832008380258520E-038   1.9828961788853956E-052  -6.9673448499524688E-061  -4.8992670006017265E-070  -1.3894111043322368E-078  -9.3222954587233033E-087  -8.9143049155103201E-095
   1.1233602812316632E+036   5.2135475420222935E+044   1.5434154106120867E+041   1.6397207039015432E+031   3.1116579610442680E+018   35983.337598556267        8.9680274730509149E-011   4.3037082798747932E-025   1.6085580393870985E-038   2.1686993098850227E-052  -7.6887456140744729E-061  -5.4571059039657297E-070  -1.5624341985973914E-078  -1.0584961605177575E-086  -1.0220656598622936E-094
   1.1468248421176801E+036   5.3572441936639231E+044   1.5971249968711852E+041   1.7114076018820513E+031   3.2868157152479770E+018   38229.486122467271        9.5848878687717724E-011   4.6315076568260893E-025   1.7445154350264502E-038   2.3719164430142318E-052  -8.4848468930748823E-061  -6.0784634621383959E-070  -1.7570041060107745E-078  -1.2018651464287416E-086  -1.1718448643640244E-094
   1.1705249765273376E+036   5.5036991822485320E+044   1.6524278120666773E+041   1.7860698405410099E+031   3.4718673294393380E+018   40616.305301202221        1.0244256425168695E-010   4.9842971829189560E-025   1.8919688804211212E-038   2.5941792893792557E-052  -9.3633831527357080E-061  -6.7705720049657477E-070  -1.9758040454910097E-078  -1.3646529480512726E-086  -1.3435735777845761E-094
   1.1944548950616459E+036   5.6529344226226443E+044   1.7093633627623476E+041   1.8638251958597102E+031   3.6673676587418819E+018   43152.568931921363        1.0949056062614344E-010   5.3639800201650283E-025   2.0518899891201130E-038   2.8372724916085040E-052  -1.0332889760975653E-060  -7.5414873765040821E-070  -2.2218513810069105E-078  -1.5494897640475856E-086  -1.5404684030245981E-094
   1.2186089459457081E+036   5.8049729333244060E+044   1.7679723557086856E+041   1.9447963171088126E+031   3.8739030069602995E+018   45847.600733350722        1.1702411195030622E-010   5.7726044413660409E-025   2.2253325348467644E-038   3.1031479533912118E-052  -1.1402785912474071E-060  -8.4001827014413824E-070  -2.4985392325548727E-078  -1.7593620439824058E-086  -1.7662173224357636E-094
   1.2429816126472950E+036   5.9598388230751469E+044   1.8282967180976725E+041   2.0291109165640597E+031   4.0920928914902497E+018   48711.308611422464        1.2507661578749390E-010   6.2123748793540242E-025   2.4134393950369986E-038   3.3939405120774921E-052  -1.2583466140171047E-060  -9.3566528283093089E-070  -2.8096832690103946E-078  -1.9976607410343250E-086  -2.0250487763753502E-094
   1.2675675115408309E+036   6.1175572781499937E+044   1.8903796188033286E+041   2.1169019677585122E+031   4.3225919089491676E+018   51754.221075341098        1.3368377116546581E-010   6.6856638188680413E-025   2.6174500815645633E-038   3.7119850801802103E-052  -1.3886401302714690E-060  -1.0422030665157497E-069  -3.1595743281507052E-078  -2.2682361003615919E-086  -2.3218108649273471E-094
   1.2923613894380573E+036   6.2781545495301941E+044   1.9542654903028962E+041   2.2083079123691776E+031   4.5660917071356631E+018   54987.525937862309        1.4288373682459644E-010   7.1950245952145219E-025   2.8387089082741547E-038   4.0598353934140083E-052  -1.5324250028990557E-060  -1.1608716761785482E-069  -3.5530375895052108E-078  -2.5754598683496337E-086  -2.6620621562948674E-094
   1.3173581216980797E+036   6.4416579441221985E+044   2.0200000525193778E+041   2.3034728770653318E+031   4.8233230694903050E+018   58423.111442100431        1.5271730037530801E-010   7.7432051687520120E-025   3.0786738491400834E-038   4.4402845158070251E-052  -1.6910981702465406E-060  -1.2930523646812658E-069  -3.9954991160574621E-078  -2.9242959278684831E-086  -3.0521758027700096E-094
   1.3425527096964425E+036   6.6080958126684066E+044   2.0876303364832170E+041   2.4025468990432003E+031   5.0950581180562586E+018   62073.609965864875        1.6322805911449093E-010   8.3331629495054218E-025   3.3389261454188910E-038   4.8563872665292411E-052  -1.8662012180191384E-060  -1.4402836599606281E-069  -4.4930606824424996E-078  -3.3203805008090266E-086  -3.4994589144475798E-094
   1.3679402781641522E+036   6.7774975373542476E+044   2.1572047086613536E+041   2.5056861612765053E+031   5.3821126417473894E+018   65952.444464230153        1.7446261330243157E-010   8.9680807518824844E-025   3.6211807251005152E-038   5.3114847485124003E-052  -2.0594353565042352E-060  -1.6042792728383253E-069  -5.0525839215586621E-078  -3.7701132137477143E-086  -4.0122894266377005E-094
   1.3935160732509235E+036   6.9498935243398133E+044   2.2287728975039863E+041   2.6130532391409995E+031   5.6853485572479672E+018   70073.877821198621        1.8647077275706339E-010   9.6513839655635099E-025   3.9272975033155195E-038   5.8092311758132952E-052  -2.2726779486288202E-060  -1.7869480438878266E-069  -5.6817849500187651E-078  -4.2807604981073924E-086  -4.6002730246018511E-094
   1.4192754601856066E+036   7.1253151943202529E+044   2.3023860202106134E+041   2.7248173572411709E+031   6.0056765096948572E+018   74453.065291732899        1.9930577768131648E-010   1.0386759035195820E-024   4.2592936381608463E-038   6.3536232151296730E-052  -2.5080007494283922E-060  -1.9904161615307500E-069  -6.3893407773739993E-078  -4.8605729954727957E-086  -5.2744230649247043E-094
   1.4452139210834173E+036   7.3037949744518095E+044   2.3780966107013335E+041   2.8411546576727030E+031   6.3440586212018371E+018   79106.110227051337        2.1302453470255272E-010   1.1178173348587494E-024   4.6193568227028372E-038   6.9490320770662109E-052  -2.7676900341322831E-060  -2.2170519099719904E-069  -7.1850089665483282E-078  -5.5189188650037868E-086  -6.0473668635777642E-094
   1.4713270527601098E+036   7.4853662907814346E+044   2.4559586485595558E+041   2.9622484800044711E+031   6.7015113955423242E+018   84050.123288066708        2.2768786917050402E-010   1.2029896640694242E-024   5.0098597007442670E-038   7.6002386148270559E-052  -3.0542688104192337E-060  -2.4694932350290224E-069  -8.0797621956622490E-078  -6.2664351468229687E-086  -6.9335822145976237E-094
   1.4976105642524374E+036   7.6700635592587110E+044   2.5360275883703410E+041   3.0882896529799935E+031   7.0791087877146532E+018   89303.285364649011        2.4336079483221711E-010   1.2946524028871299E-024   5.4333755013472730E-038   8.3124717121599049E-052  -3.3705213306457369E-060  -2.7506784487099338E-069  -9.0859395769224293E-078  -7.1151996269885142E-086  -7.9496685695427301E-094
   1.5240602748776054E+036   7.8579221805359355E+044   2.6183603910476248E+041   3.2194767997820707E+031   7.4779854480051436E+018   94884.914432233505        2.6011280207964818E-010   1.3933000803665152E-024   5.8926949951355992E-038   9.0914502687882081E-052  -3.7195201421951846E-060  -3.0638804299285105E-069  -1.0217416819342688E-077  -8.0789259809118874E-086  -9.1146579571138791E-094
   1.5506721119206926E+036   8.0489785328312784E+044   2.7030155554325154E+041   3.3560166559623720E+031   7.8993401501117962E+018   100815.53659147935        2.7801816604779411E-010   1.4994649108889535E-024   6.3908448841092464E-038   9.9434291204537569E-052  -4.1046559387548144E-060  -3.4127447194382059E-069  -1.1489797581927580E-077  -9.1731853481945811E-086  -1.0450371466684993E-093
   1.5774421083422386E+036   8.2432699652718768E+044   2.7900531508998558E+041   3.4981244012017491E+031   8.3444394138826721E+018   107116.96155229978        2.9715627592936599E-010   1.6137196654925128E-024   6.9311077461510440E-038   1.0875249262285608E-051  -4.5296705025398664E-060  -3.8013319523939296E-069  -1.2920628656177329E-077  -1.0415657918916507E-085  -1.1981827972935563E-093
   1.6043664006222580E+036   8.4408347924521096E+044   2.8795348512221869E+041   3.6460240057061749E+031   8.8146213337403300E+018   113812.36283990032        3.1761198696606475E-010   1.7366807620152065E-024   7.5170436656497324E-038   1.1894392778765017E-051  -4.9986930575145808E-060  -4.2341651224388195E-069  -1.4529641945391750E-077  -1.1826418596309995E-085  -1.3737712757289302E-093
   1.6314412270052949E+036   8.6417122919410657E+044   2.9715239702736496E+041   3.7999485923801300E+031   9.3112996245649428E+018   120926.36301788036        3.3947599667711019E-010   1.8690115907230397E-024   8.1525136927748927E-038   1.3009042921348086E-051  -5.5162803867990758E-060  -4.7162822274500909E-069  -1.6339026577792259E-077  -1.3428261351333183E-085  -1.5750914803773615E-093
   1.6586629254529437E+036   8.8459427002760230E+044   3.0660854981966433E+041   3.9601408142293571E+031   9.8359678970905866E+018   128485.12424170198        3.6284524699305302E-010   2.0114260933647079E-024   8.8417052859887827E-038   1.4228149816140695E-051  -6.0874611040220022E-060  -5.2532949097181933E-069  -1.8373734906041899E-077  -1.5247067509809395E-085  -1.8059142833235174E-093
   1.6860279313583631E+036   9.0535672077160593E+044   3.1632861381092504E+041   4.1268532477086655E+031   1.0390204175835687E+019   136516.44447558431        3.8782335407783451E-010   2.1646926149622272E-024   9.5891599054491226E-038   1.5561502329227476E-051  -6.7177845087364522E-060  -5.8514537731062709E-069  -2.0661826613054064E-077  -1.7312223922627584E-085  -2.0705631614672650E-093
   1.7135327751130344E+036   9.2646279522795756E+044   3.2631943435185818E+041   4.3003488028451289E+031   1.0975675673349751E+019   145049.85972673248        4.1452106774483205E-010   2.3296380491182276E-024   1.0399802939130456E-037   1.7019806666699536E-051  -7.4133745005532273E-060  -6.5177211374541951E-069  -2.3234855669486218E-077  -1.9657097775469911E-085  -2.3739951783402728E-093
   1.7411740803224486E+036   9.4791680183152196E+044   3.3658803581702582E+041   4.4809011524440907E+031   1.1594143835680616E+019   154116.75267313959        4.4305676250393694E-010   2.5071522992044591E-024   1.1278976158863571E-037   1.8614772340503246E-051  -8.1809890757934573E-060  -7.2598520770580087E-069  -2.6128305479262235E-077  -2.2319575709670462E-085  -2.7218938334532800E-093
   1.7689485625444028E+036   9.6972314388971683E+044   3.4714162581859561E+041   4.6687951810805990E+031   1.2247469674432512E+019   163750.46808453547        4.7355696241688906E-010   2.6981930795000951E-024   1.2232472920163477E-037   2.0359206190375607E-051  -9.0280859846994450E-060  -8.0864846864785856E-069  -2.9382078214004159E-077  -2.5342675964897364E-085  -3.1207755183086798E-093
   1.7968530264713318E+036   9.9188631881427029E+044   3.5798759919127757E+041   4.8643274504667576E+031   1.2937619400674308E+019   173986.43546046352        5.0615690208777531E-010   2.9037910821820880E-024   1.3266576337795285E-037   2.2267115216817191E-051  -9.9628951870948470E-060  -9.0072406243352827E-069  -3.3041045084545990E-077  -2.8775243434178784E-085  -3.5781115730755042E-093
   1.8248843638992980E+036   1.0144109178939456E+045   3.6913354225622051E+041   5.0678066866588217E+031   1.3666670378935550E+019   184862.29933720295        5.4100112627628534E-010   3.1250555380446056E-024   1.4388100688638784E-037   2.4353819050805352E-051  -1.0994498810436602E-059  -1.0032837105372438E-068  -3.7155665138058275E-077  -3.2672738861428515E-085  -4.1024682301356730E-093
   1.8530395521944876E+036   1.0373016264299140E+045   3.8058723731444277E+041   5.2795542896116133E+031   1.4436817419369748E+019   196418.05774282929        5.7824413079233972E-010   3.3631802009483589E-024   1.5604436314677793E-037   2.6636072963327200E-051  -1.2132919387089968E-059  -1.1175211644339479E-068  -4.1782681114314965E-077  -3.7098134932706161E-085  -4.7036670657441851E-093
   1.8813156524582314E+036   1.0605632236962683E+045   3.9235666719342146E+041   5.4999048643757946E+031   1.5250379426884868E+019   208696.20930949191        6.1805104751366524E-010   3.6194497882865475E-024   1.6923598322004228E-037   2.9132202402441496E-051  -1.3389217228094415E-059  -1.2447661003650723E-068  -4.6985901957318333E-077  -4.2122933739551875E-085  -5.3929689651774810E-093
   1.9097098077824420E+036   1.0842005829845313E+045   4.0445001993415164E+041   5.7292067757113826E+031   1.6109806427703570E+019   221741.90958417288        6.6059837656365898E-010   3.8952469122147077E-024   1.8354279396741372E-037   3.1862250138140321E-051  -1.4775597879453907E-059  -1.3864995962117672E-068  -5.2837082773520486E-077  -4.7828322053771391E-085  -6.1832850471687324E-093
   1.9382192409329497E+036   1.1082186712727936E+045   4.1687569346208877E+041   5.9678227256185092E+031   1.7017686994409964E+019   235603.13711269628        7.0607476889587877E-010   4.1920595390392787E-024   1.9905907085919230E-037   3.4848137196514875E-051  -1.6305530704941514E-059  -1.5443713706196410E-068  -5.9416914371718801E-077  -5.4306483079694949E-085  -7.0894184983954046E-093
   1.9668412528555381E+036   1.1326225494812511E+045   4.2964230057700691E+041   6.2161303580986764E+031   1.7976756092933863E+019   250330.86990842570        7.5468186275528293E-010   4.5114890170097985E-024   2.1588705920758097E-037   3.8113838875454276E-051  -1.7993879747508452E-059  -1.7202189850312603E-068  -6.6816136030891288E-077  -6.1662085878177358E-085  -8.1283418477521490E-093
   1.9955732211461815E+036   1.1574173727282975E+045   4.4275867406573436E+041   6.4745228904098089E+031   1.8989903374968443E+019   265979.27295455179        8.0663517772493604E-010   4.8552587158256388E-024   2.3413764791724743E-037   4.1685577255201540E-051  -1.9857048140679644E-059  -1.9160892321300010E-068  -7.5136786841614047E-077  -7.0013976527284383E-085  -9.3195148739542376E-093
   2.0244125978157806E+036   1.1826083901104382E+045   4.5623387176971460E+041   6.7434097702977472E+031   2.0060181940695097E+019   282605.89742945408        8.6216507032221920E-010   5.2252233244685007E-024   2.5393110019331665E-037   4.5592031749536999E-051  -2.1913137472962469E-059  -2.1342619596477273E-068  -8.4493612877702604E-077  -7.9497098344114035E-085  -1.0685249101108238E-092
   2.0533569080028323E+036   1.2082009451670435E+045   4.7007718202116299E+041   7.0232173645456300E+031   2.1190817599602418E+019   300271.89238867519        9.2151775538189674E-010   5.6233788575245576E-024   2.7539784602185354E-037   4.9864569388220460E-051  -2.4182123653572273E-059  -2.3772766068355099E-068  -9.5015649603702507E-077  -9.0264672193195219E-085  -1.2251125709512743E-092
   2.0824037485302319E+036   1.2342004762587015E+045   4.8429812918056911E+041   7.3143896775056752E+031   2.2385218657015575E+019   319042.22968182282        9.8495639775464653E-010   6.0518734239814942E-024   2.9867934164491826E-037   5.4537496679753146E-051  -2.6686050988095645E-059  -2.6479617624707824E-068  -1.0684800134044369E-076  -1.0249067210917823E-084  -1.4046474689457225E-092
   2.1115507855647670E+036   1.2606125163159005E+045   4.9890647907644547E+041   7.6173890988768311E+031   2.3646986255661306E+019   338985.94293145643        1.0527622791614467E-009   6.5130188165995082E-024   3.2392900169374356E-037   5.9648335076800313E-051  -2.9449246349630220E-059  -2.9494680884436721E-068  -1.2015384232840431E-076  -1.1637263623298743E-084  -1.6104924212912126E-092
   2.1407957532103237E+036   1.2874426932698604E+045   5.1391224482683544E+041   7.9326971870416628E+031   2.4979925305125052E+019   360176.38145391812        1.1252360453779767E-009   7.0093029843835936E-024   3.5131321012239889E-037   6.5238122256138491E-051  -3.2498555526179616E-059  -3.2853049921393937E-068  -1.3511666698458397E-076  -1.3213485847834545E-084  -1.8465030513235161E-092
   2.1701364521794387E+036   1.3146967305618398E+045   5.2932569283174379E+041   8.2608154873494329E+031   2.6388056032053518E+019   382691.48005591112        1.2026990392788936E-009   7.5434034554478078E-024   3.8101241660354023E-037   7.1351741632265949E-051  -3.5863604040533076E-059  -3.6593814744678650E-068  -1.5194282038509033E-076  -1.5003201249711585E-084  -2.1171000070991354E-092
   2.1995707484989942E+036   1.3423804476970721E+045   5.4515734892709073E+041   8.6022663868002983E+031   2.7875626186360361E+019   406614.04569934314        1.2854947256526620E-009   8.1182017826900755E-024   4.1322232561100821E-037   7.8038282750520143E-051  -3.9577084976622580E-059  -4.0760516289945174E-068  -1.7086434387009913E-076  -1.7035326649666038E-084  -2.4273517632943559E-092
   2.2290965710162824E+036   1.3704997599257985E+045   5.6141800435500357E+041   8.9575940030576087E+031   2.9447123939718943E+019   432032.06208836788        1.3739902141042488E-009   8.7367990902136144E-024   4.4815518602478128E-037   8.5351435453490533E-051  -4.3675076608729328E-059  -4.5401653217630496E-068  -1.9214217501354468E-076  -1.9342695539320278E-084  -2.7830695573601325E-092
   2.2587119094141893E+036   1.3990606782969066E+045   5.7811872201634025E+041   9.3273651143665191E+031   3.1107291517055898E+019   459039.01330000657        1.4685778867985976E-009   9.4025328043714022E-024   4.8604118975623711E-037   9.3349920985705915E-051  -4.8197392919464133E-059  -5.0571246417021900E-068  -2.1606974608678134E-076  -2.1962588579020217E-084  -3.1909162381549365E-092
   2.2884148149149402E+036   1.4280693117420210E+045   5.9527084365839708E+041   9.7121701393923977E+031   3.2861139604743168E+019   487734.22765035374        1.5696771382629525E-009   1.0118994659702037E-023   5.2712998861009381E-037   1.0209796349817709E-050  -5.3187970411978473E-059  -5.6329467786759216E-068  -2.4297703064090030E-076  -2.4937335949543427E-084  -3.6585310658685198E-092
   2.3182033980076667E+036   1.4575318669614411E+045   6.1288599638508548E+041   1.0112624151448467E+032   3.4713962574744203E+019   518223.24305822205        1.6777362349608273E-009   1.0890050076898609E-023   5.7169233937838119E-037   1.1166580573874588E-050  -5.8695294974469032E-059  -6.2743340610508284E-068  -2.7323509401213864E-076  -2.8315001290003686E-084  -4.1946728008281993E-092
   2.3480758262111052E+036   1.4874546483312476E+045   6.3097609932867115E+041   1.0529367937983423E+032   3.6671354573666079E+019   550618.19525197160        1.7932343028837079E-009   1.1719859017359680E-023   6.2002188800693530E-037   1.2213027306900579E-050  -6.4772872944176585E-059  -6.9887519679888665E-068  -3.0726121050421413E-076  -3.2150158272486169E-084  -4.8093837613435111E-092
   2.3780303234825874E+036   1.5178440590718639E+045   6.4955337098034974E+041   1.0963069112983394E+032   3.8739226527517434E+019   585038.23024884576        1.9166834519740056E-009   1.2612898426837563E-023   6.7243710459133133E-037   1.3357539033659740E-050  -7.1479750947498674E-059  -7.7845160244963200E-068  -3.4552461781618459E-076  -3.6504772360699993E-084  -5.5141779235102824E-092
   2.4080651680791269E+036   1.5487066012428481E+045   6.6863033622776007E+041   1.1414423273877635E+032   4.0923824111184790E+019   621609.94262226729        2.0486310467980084E-009   1.3573986389268881E-023   7.2928338195295612E-037   1.4609305655607316E-050  -7.8881089566713125E-059  -8.6708885906506721E-068  -3.8855298807235072E-076  -4.1449201999412858E-084  -6.3222565862178745E-092
   2.4381786915058601E+036   1.5800488765809646E+045   6.8821983390020890E+041   1.1884155214161046E+032   4.3231746740139549E+019   660467.84117125568        2.1896621335378621E-009   1.4608308121103590E-023   7.9093531162397947E-037   1.5978378281571824E-050  -8.7048796406768766E-059  -9.6581866715919600E-068  -4.3693970469306736E-076  -4.7063335411105264E-084  -7.2487556409197779E-092
   2.4683692778851303E+036   1.6118775876886176E+045   7.0833502464073141E+041   1.2373020192203389E+032   4.5669967641965421E+019   701754.84370486613        2.3404020340637486E-009   1.5721443946376039E-023   8.5779915223896136E-037   1.7475749933538347E-050  -9.6062224712697927E-059  -1.0757902003141976E-067  -4.9135204545827616E-076  -5.3437881367315840E-084  -8.3110290777075390E-092
   2.4986353619771583E+036   1.6441995381780264E+045   7.2898939853897398E+041   1.2881805252172946E+032   4.8245855067178721E+019   745622.80276059743        2.5015191185877542E-009   1.6919399403446770E-023   9.3031550659865867E-037   1.9113443815562834E-050  -1.0600894432505665E-058  -1.1982834810797517E-067  -5.5254038461242494E-076  -6.0675834789950061E-084  -9.5289740379594800E-092
   2.5289754281326653E+036   1.6770216335521617E+045   7.5019678325085436E+041   1.3411330608017238E+032   5.0967194706684928E+019   792233.06419267657        2.6737277691942829E-009   1.8208637645848381E-023   1.0089622250467815E-036   2.0904609854577640E-050  -1.1698559246360732E-058  -1.3347242798997059E-067  -6.2134854091258330E-076  -6.8894140862595077E-084  -1.0925403502033586E-091
   2.5593880090903188E+036   1.7103508819763238E+045   7.7197135226924451E+041   1.3962451089413860E+032   5.3842213383370318E+019   841757.06068454066        2.8577915473869873E-009   1.9596114312042754E-023   1.0942575542916543E-036   2.2863630288266677E-050  -1.2909881260502391E-058  -1.4867007104833792E-067  -6.9872541432468867E-076  -7.8225584539249710E-084  -1.2526473592711882E-091
   2.5898716845559548E+036   1.7441943948860182E+045   7.9432763332644148E+041   1.4536057652318746E+032   5.6879604090269155E+019   894376.94236907712        3.0545265796971901E-009   2.1089315052218197E-023   1.1867635524221425E-036   2.5006235147832662E-050  -1.4246629057627484E-058  -1.6559817147846987E-067  -7.8573807184399135E-076  -8.8820935979674979E-084  -1.4362173498096026E-091
   2.6204250807117306E+036   1.7785593883597313E+045   8.1728051732645027E+041   1.5133078961907162E+032   6.0088552453422883E+019   950286.24687785166        3.2648051763662324E-009   2.2696295914591625E-023   1.2870897926213482E-036   2.7349628562931460E-050  -1.5721789792984535E-058  -1.8445376527466999E-067  -8.8358646289995782E-076  -1.0085138657563477E-083  -1.6466887190561320E-091
   2.6510468679658870E+036   1.8134531830651269E+045   8.4084526687800252E+041   1.5754483039814797E+032   6.3478764696983675E+019   1009690.6112819678        3.4895596991457846E-009   2.4425726809103713E-023   1.3958973799838481E-036   2.9912626902943179E-050  -1.7349695370924118E-058  -2.0545632364673343E-067  -9.9361996727865593E-076  -1.1451131492743289E-083  -1.8880037463167241E-091
   2.6817357594402891E+036   1.8488832047974905E+045   8.6503752528657529E+041   1.6401278989284122E+032   6.7060497199343813E+019   1072808.5285462483        3.7297866953672608E-009   2.6286938283004690E-023   1.5139033079056198E-036   3.2715809863792914E-050  -1.9146161686345372E-058  -2.2885030757308606E-067  -1.1173560037670834E-075  -1.3002142746123684E-083  -2.1646824346788712E-091
   2.7124905115898328E+036   1.8848569868022834E+045   8.8987332654912688E+041   1.7074518808663504E+032   7.0844587733085209E+019   1139872.1512816937        3.9865513166118965E-009   2.8289971860695752E-023   1.6418851827534875E-036   3.5781685713481719E-050  -2.1128642283838359E-058  -2.5490801322442163E-067  -1.2565009561423303E-075  -1.4763232443083637E-083  -2.4819071739050993E-091
   2.7433099228533348E+036   1.9213821704932685E+045   9.1536910488778824E+041   1.7775299278865738E+032   7.4842488478774084E+019   1211128.1457491019        4.2609920415718427E-009   3.0445634219413187E-023   1.7806863479473991E-036   3.9134872023171028E-050  -2.3316397927395122E-058  -2.8393274137737666E-067  -1.4129737050857530E-075  -1.6762854892049925E-083  -2.8456198103034440E-091
   2.7741928315351597E+036   1.9584665055205623E+045   9.4154170422326477E+041   1.8504763933304790E+032   7.9066300915134595E+019   1286838.5992569644        4.5543257240441347E-009   3.2765555493044296E-023   1.9312214412210658E-036   4.2802293335010357E-050  -2.5730683728142727E-058  -3.1626232770890109E-067  -1.5889320905394787E-075  -1.9033318426955649E-083  -3.2626329417632094E-091
   2.8051381154939064E+036   1.9961178513672152E+045   9.6840838856620818E+041   1.9264105126743557E+032   8.3528812696522326E+019   1367281.9842953372        4.8678529884422623E-009   3.5262252018638738E-023   2.0944824216810468E-036   4.6813397353893685E-050  -2.8394955648137590E-058  -3.5227307506250303E-067  -1.7868026694349393E-075  -2.1611307420031918E-083  -3.7407575225920210E-091
   2.8361446910379378E+036   2.0343441782877051E+045   9.9598685236425056E+041   2.0054566195137384E+032   8.8243536626808930E+019   1452754.1829500187        5.2029639967476363E-009   3.7949193864140905E-023   2.2715451063798667E-036   5.1200391399064249E-050  -3.1335098386506240E-058  -3.9238413345630110E-067  -2.0093141791679060E-075  -2.4538474999207574E-083  -4.2889491682842083E-091
   2.8672115114105616E+036   2.0731535678947020E+045   1.0242952309387397E+042   2.0877443712470760E+032   9.3224751849594798E+019   1543569.5753665008        5.5611446124721870E-009   4.0840877501667862E-023   2.4635762594763421E-036   5.5998501014167869E-050  -3.4579676861958408E-058  -4.3706237881436764E-067  -2.2595351682987257E-075  -2.7862116046782389E-083  -4.9174759006138891E-091
   2.8983375659965554E+036   2.1125542143720332E+045   1.0533521114657601E+042   2.1734089855150422E+032   9.8487547382974693E+019   1640062.1962701068        5.9439829889641646E-009   4.3952904018421114E-023   2.6718412806977362E-036   6.1246252812277605E-050  -3.8160213734950152E-058  -4.8682784720777921E-067  -2.5409163134247222E-075  -3.1635931353161885E-083  -5.6381104750388197E-091
   2.9295218801405220E+036   2.1525544262424427E+045   1.0831765444888335E+042   2.2625914878834750E+032   1.0404786813237948E+020   1742586.9637976706        6.3531766112702473E-009   4.7302063287195183E-023   2.8977125437673768E-036   6.6985783827008462E-050  -4.2111495665761530E-058  -5.4225978785769309E-067  -2.8573380057964264E-075  -3.5920895272253779E-083  -6.4643508928453813E-091
   2.9607635135654591E+036   2.1931626269196772E+045   1.1137880551424328E+042   2.3554389701864478E+032   1.0992256351885422E+020   1851520.9851590535        6.7905398227762436E-009   5.0906424550593978E-023   3.1426784397442475E-036   7.3263179853668672E-050  -4.6471911283935908E-058  -6.0400340535488515E-067  -3.2131638639217476E-075  -4.0786240897424966E-083  -7.4116732283854806E-091
   2.9920615588581742E+036   2.2343873553112776E+045   1.1452066546729761E+042   2.4521048608291393E+032   1.1612943887441794E+020   1967264.9439345736        7.2580118700011089E-009   5.4785433907676787E-023   3.4083531848663452E-036   8.0128845497177490E-050  -5.1283824152622088E-058  -6.7277736957240653E-067  -3.6133009101247916E-075  -4.6310578675724622E-083  -8.4978215070411571E-091
   3.0234151418551603E+036   2.2762372681336191E+045   1.1774528530694456E+042   2.5527492087338201E+032   1.2268730976606290E+020   2090244.5741161183        7.7576655012172475E-009   5.8960019228998151E-023   3.6964874575274914E-036   8.7637908898069288E-050  -5.6593984351353120E-058  -7.4938218068365669E-067  -4.0632672409254620E-075  -5.2583166534071525E-083  -9.7431400635396621E-091
   3.0548234199666951E+036   2.3187211403897253E+045   1.2105476711158613E+042   2.6575389792195202E+032   1.2961605940703047E+020   2220912.2263089214        8.2917161570202657E-009   6.3452703066068693E-023   4.0089799344803220E-036   9.5850664386347188E-050  -6.2453982675989514E-058  -8.3470948665118997E-067  -4.5692681244494552E-075  -5.9705352039112727E-083  -1.1170954605928786E-090
   3.0862855819971015E+036   2.3618478672078365E+045   1.2445126534080992E+042   2.7666483645459038E+032   1.3693669933883494E+020   2359748.5318629458        8.8625317936032661E-009   6.8287724164412693E-023   4.3478898022844254E-036   1.0483305661750204E-049  -6.8920751868606293E-058  -9.2975246163801398E-067  -5.1382815742917151E-075  -6.7792209892051397E-083  -1.2808009122814875E-090
   3.1178008466107407E+036   2.4056264644519133E+045   1.2793698810864446E+042   2.8802591080413061E+032   1.4467143356409491E+020   2507264.1710518203        9.4726433822897640E-009   7.3491168235803040E-023   4.7154503264444628E-036   1.1465721007808768E-049  -7.6057119747018172E-058  -1.0356173661417727E-066  -5.7781545799413617E-075  -7.6974401215808189E-083  -1.4684966817450063E-090
   3.1493684608059414E+036   2.4500660693304813E+045   1.3151419848819286E+042   2.9985608433167310E+032   1.5284372632981012E+020   2664001.7518077428        1.0124756131882436E-008   7.9091108695217018E-023   5.1140835676531309E-036   1.2540200821254556E-049  -8.3932419607870809E-058  -1.1535364234070207E-066  -6.4977113208358506E-075  -8.7400284675431318E-083  -1.6836984451524376E-090
   3.1809877007247951E+036   2.4951759431969755E+045   1.3518521595966895E+042   3.1217514509024416E+032   1.6147837377505185E+020   2830537.8059304124        1.0821761483591356E-008   8.5117758121825410E-023   5.5464163421131406E-036   1.3715372682141453E-049  -9.2623163833670032E-058  -1.2848821619917582E-066  -7.3068748563728577E-075  -9.9238313541597687E-083  -1.9304370856535668E-090
   3.2126578705907747E+036   2.5409654726286006E+045   1.3895241780748933E+042   3.2500374302902515E+032   1.7060157965290845E+020   3007484.9101064126        1.1566749931723237E-008   9.1603631261162210E-023   6.0152975311093263E-036   1.5000672681681927E-049  -1.0221378724817013E-057  -1.4311833914297291E-066  -8.2168039700482204E-075  -1.1267975742708886E-082  -2.2133341947128431E-090
   3.2443783016593415E+036   2.5874441705207879E+045   1.4281824055316773E+042   3.3836342893939448E+032   1.8024103536349453E+020   3195493.9395471760        1.2363024726981799E-008   9.8583720447909945E-023   6.5238168538938467E-036   1.6406421189775809E-049  -1.1279746744218921E-057  -1.5941429969386479E-066  -9.2400470548722213E-075  -1.2794179267194283E-082  -2.5376886378344858E-090
   3.2761483513981202E+036   2.6346216774006179E+045   1.4678518143526984E+042   3.5227669524186744E+032   1.9042600454429920E+020   3395256.4625384957        1.3214116523141174E-008   1.0609568439574093E-022   7.0753252275897604E-036   1.7943905722898373E-049  -1.2447703003972499E-057  -1.7756577602974179E-066  -1.0390715162224349E-074  -1.4527101130932135E-082  -2.9095758061171735E-090
   3.3079674014506218E+036   2.6825077615558530E+045   1.5085579986383223E+042   3.6676701859199987E+032   2.0118741247341425E+020   3607507.2847087337        1.4123799032034604E-008   1.1418005137276709E-022   7.6734568482759375E-036   1.9625471577739342E-049  -1.3736594769947652E-057  -1.9778404375991816E-066  -1.1684676600580512E-074  -1.6494740530723245E-082  -3.3359614126913356E-090
   3.3398348576582498E+036   2.7311123211568023E+045   1.5503271901685275E+042   3.8185890464763109E+032   2.1255794056972127E+020   3833027.1523863599        1.5096105756279368E-008   1.2288043785878568E-022   8.3221531387586803E-036   2.1464620958341463E-049  -1.5158944255757617E-057  -2.2030443508562470E-066  -1.3139775767731150E-074  -1.8728889046039377E-082  -3.8248319655283850E-090
   3.3717501514128391E+036   2.7804453877353629E+045   1.5931862755092029E+042   3.9757793505820671E+032   2.2457212627913864E+020   4072645.6249933685        1.6135347873932010E-008   1.3224378386401836E-022   9.0256887208359440E-036   2.3476121392685569E-049  -1.6728570282230940E-057  -2.4538907796930619E-066  -1.4776079234301028E-074  -2.1265644302576468E-082  -4.3853443604716184E-090
   3.4037127377656335E+036   2.8305171265002368E+045   1.6371628118507185E+042   4.1395081640820371E+032   2.3726646863933371E+020   4327244.1270306231        1.7246133354367891E-008   1.4232060617891263E-022   9.7886995831991060E-036   2.5676124309256702E-049  -1.8460722534063519E-057  -2.7332994719551735E-066  -1.6616152472190243E-074  -2.4145993209550421E-082  -5.0279973964738143E-090
   3.4357220935860813E+036   2.8813378366715883E+045   1.6822850432512449E+042   4.3100543146964985E+032   2.5067953985658952E+020   4597759.1908939956        1.8433387390151950E-008   1.5316527092135221E-022   1.0616213630587627E-035   2.8082294725709652E-049  -2.0372229718021398E-057  -3.0445226283651886E-066  -1.8685371044166841E-074  -2.7416474194230914E-082  -5.7648284256456669E-090
   3.4677777167966554E+036   2.9329179528767527E+045   1.7285819178709677E+042   4.4877089296698529E+032   2.6485210324126129E+020   4885185.9024572344        1.9702374235499631E-008   1.6483628685173187E-022   1.1513683815502788E-035   3.0713953090976569E-049  -2.2481663062125507E-057  -3.3911827567932719E-066  -2.1012270546078607E-074  -3.1129929133584896E-082  -6.6096388215122567E-090
   3.4998791282024671E+036   2.9852680492145615E+045   1.7760831071377365E+042   4.6727760012577598E+032   2.7982723787061035E+020   5190581.5621068114        2.1058720548166312E-008   1.7739662103840333E-022   1.2487024070805004E-035   3.3592230419746540E-049  -2.4809516744294769E-057  -3.7773148367504102E-066  -2.3628940127570688E-074  -3.5346357132158018E-082  -7.5782524886607704E-090
   3.5320258705898203E+036   3.0383988405973674E+045   1.8248190238911892E+042   4.8655729766314297E+032   2.9565047034343450E+020   5515069.5746824639        2.2508440338254283E-008   1.9091403857653694E-022   1.3542648279974031E-035   3.6740237964975506E-049  -2.7378407003400413E-057  -4.2074132848817039E-066  -2.6571465018164812E-074  -4.0133883940872739E-082  -8.6888122558512199E-090
   3.5642175060117441E+036   3.0923211822050771E+045   1.8748208399175497E+042   5.0664313740362409E+032   3.1236991403316793E+020   5859843.5826388076        2.4057961634563679E-008   2.0546146819325449E-022   1.4687512541829772E-035   4.0183252790821379E-049  -3.0213291867194345E-057  -4.6864842681187591E-066  -2.9880424161366374E-074  -4.5569862679859099E-082  -9.9621197042470370E-090
   3.5964536156491338E+036   3.1470460715821146E+045   1.9261205054380960E+042   5.2756974306805787E+032   3.3003641628428678E+020   6226171.8576534223        2.5714154986739392E-008   2.2111739571157877E-022   1.5929161008221413E-035   4.3948920736074960E-049  -3.3341713631880027E-057  -5.2201039733951058E-066  -3.3601449819435758E-074  -5.1742123649946005E-082  -1.1422024795993718E-089
   3.6287337995649663E+036   3.2025846506462023E+045   1.9787507690529316E+042   5.4937327814002072E+032   3.4870371399486145E+020   6615401.9668324003        2.7484363929589860E-008   2.3796628749600284E-022   1.7275775596735664E-035   4.8067478397792101E-049  -3.6794066449134714E-057  -5.8144835121601490E-066  -3.7785856866066505E-074  -5.8750393426296005E-082  -1.3095872601170012E-089
   3.6610576761069310E+036   3.2589482073451085E+045   2.0327451979990009E+042   5.7209151693494561E+032   3.6842859806246142E+020   7028965.7306829263        2.9376437544659303E-008   2.5609904616425213E-022   1.8736229906009591E-035   5.2571995917556502E-049  -4.0603891620324773E-057  -6.4765412151537002E-066  -4.2491350445246374E-074  -6.6707906162798264E-082  -1.5015015490629834E-089
   3.6934248817469314E+036   3.3161481777974326E+045   2.0881381992226161E+042   5.9576391911153207E+032   3.8927108720243697E+020   7468384.4911007360        3.1398765263437441E-008   2.7561350102390718E-022   2.0320147688927647E-035   5.7498642519839859E-049  -4.4808203466845078E-057  -7.2139831589227289E-066  -4.7782821755288422E-074  -7.5743233141427164E-082  -1.7215400388476894E-089
   3.7258350708156738E+036   3.3741961483479851E+045   2.1449650409554736E+042   6.2043170773884756E+032   4.1129461167084274E+020   7935274.7087556729        3.3560314066527104E-008   2.9661493587988881E-022   2.2037966269016740E-035   6.2886976934615007E-049  -4.9447848942575818E-057  -8.0353928613761313E-066  -5.3733242932311838E-074  -8.6002360127006639E-082  -1.9738242083834980E-089
   3.7582879148347988E+036   3.4331038572057998E+045   2.2032618746070776E+042   6.4613795105895876E+032   4.3456620745543293E+020   8431353.9104712028        3.5870668243713962E-008   3.1921665706043579E-022   2.3901005317926453E-035   6.8780265036186413E-049  -5.4567904482271375E-057  -8.9503311903971157E-066  -6.0424673374085197E-074  -9.7651046091668420E-082  -2.2630795213529893E-089
   3.7907831017485062E+036   3.4928831959783912E+045   2.2630657571676954E+042   6.7292764815794676E+032   4.5915672153316616E+020   8958447.0084847026        3.8340071891240732E-008   3.4354060472619675E-022   2.5921541447209484E-035   7.5225827248737564E-049  -6.0218113941461842E-057  -9.9694476484087291E-066  -6.7949391381966734E-074  -1.1087750141944709E-081  -2.5947239375476472E-089
   3.8233203345845440E+036   3.5535462105678464E+045   2.3244146738043752E+042   7.0084781867872825E+032   4.8514102882283795E+020   9518493.0148397591        4.0979474334721631E-008   3.6971801076057058E-022   2.8112889105930528E-035   8.2275418508107701E-049  -6.6453371882672816E-057  -1.1104604328199441E-065  -7.6411166726878571E-074  -1.2589542886336631E-081  -2.9749693951584439E-089
   3.8558993325363075E+036   3.6151051047829048E+045   2.3873475627374396E+042   7.2994759714466452E+032   5.1259826151666575E+020   10113552.175636237        4.3800578679120604E-008   3.9789010679079386E-022   3.0489488317187159E-035   8.9985643830727564E-049  -7.3334256903333023E-057  -1.2369013982804551E-065  -8.5926691688671323E-074  -1.4294747638845026E-081  -3.4109381648550484E-089
   3.8885198302498788E+036   3.6775722419963227E+045   2.4519043395722781E+042   7.6027833161168366E+032   5.4161205147439949E+020   10745813.551368691        4.6815893701054604E-008   4.2820888615964792E-022   3.3066999831687145E-035   9.8418412826543914E-049  -8.0927620186915662E-057  -1.3777393816520071E-065  -9.6627190303661306E-074  -1.6230915768902039E-081  -3.9107962550496490E-089
   3.9211815766372157E+036   3.7409601462595699E+045   2.5181259219298841E+042   7.9189368701058399E+032   5.7227078643155514E+020   11417603.071253980        5.0038789313523030E-008   4.6083792395879835E-022   3.5862408325405364E-035   1.0764143680547250E-048  -8.9307234995382898E-057  -1.5346136787114047E-065  -1.0866022801271218E-073  -1.8429330372496289E-081  -4.4839063671225042E-089
   3.9538843342344851E+036   3.8052815040219180E+045   2.5860542551062390E+042   8.2484975354099428E+032   6.0466788081581831E+020   12131392.091193855        5.3483555849005937E-008   4.9595325954803528E-022   3.8894134321350777E-035   1.1772877246892755E-048  -9.8554513413079487E-057  -1.7093502413123650E-065  -1.2219174666586064E-073  -2.0925511720144624E-081  -5.1410032655713334E-089
   3.9866278787097040E+036   3.8705491660355877E+045   2.6557323385405613E+042   8.5920516032524193E+032   6.3890206200340978E+020   12889806.486864023        5.7165467423799617E-008   5.3374434632179643E-022   4.2182155572960756E-035   1.2876141655203004E-048  -1.0875929730560355E-056  -1.9039829307157281E-065  -1.3740835294727292E-073  -2.3759791165846374E-081  -5.8943948478943965E-089
   4.0194119996353308E+036   3.9367761507720870E+045   2.7272042539850531E+042   8.9502119474639204E+032   6.7507767290426203E+020   13695636.315400928        6.1100849664562232E-008   5.7441507384718648E-022   4.5748138708990660E-035   1.4082795619121370E-048  -1.2002073117821762E-056  -2.1207771909003399E-065  -1.5451989177911923E-073  -2.6977962789797440E-081  -6.7581926803918268E-089
   4.0522364996166588E+036   4.0039756459491672E+045   2.8005151932009488E+042   9.3236192733699819E+032   7.1330499178822304E+020   14551846.081220306        6.5307152097363803E-008   6.1818486788810345E-022   4.9615582007381105E-035   1.5402528023938915E-048  -1.3244822541405536E-056  -2.3622564174022734E-065  -1.7376234019295884E-073  -3.0632023303602871E-081  -7.7485763179876593E-089
   4.0851011933626183E+036   4.0721610099858027E+045   2.8757114863515253E+042   9.7129434271327411E+032   7.5370057034631230E+020   15461585.643756190        6.9803025520231719E-008   6.6528987425035926E-022   5.3809970238924862E-035   1.6845935724021680E-048  -1.4616251925046945E-056  -2.6312313286050243E-065  -1.9540106157664983E-073  -3.4781012172804731E-081  -8.8840963589743264E-089
   4.1180059089098959E+036   4.1413457760638591E+045   2.9528406329155392E+042   1.0118884772029240E+033   7.9638759104468720E+020   16428201.807280874        7.4608404702287204E-008   7.1598423283495544E-022   5.8358942601091573E-035   1.8424608630828775E-048  -1.6129685382087554E-056  -2.9308326813506399E-065  -2.1973446517457034E-073  -3.9491965530776820E-081  -1.0186021911114850E-088
   4.1509504861749149E+036   4.2115436530175851E+045   3.0319513313108063E+042   1.0542175627543475E+033   8.4149624483629983E+020   17455250.635416940        7.9744596776144198E-008   7.7054144877320682E-022   6.3292474848619831E-035   2.0151222774739478E-048  -1.7799826665877525E-056  -3.2645477116681296E-065  -2.4709812130758271E-073  -4.4840999296588751E-081  -1.1678738977394360E-088
   4.1839347749313658E+036   4.2827685254849416E+045   3.1130935088105710E+042   1.0983581777451935E+033   8.8916413040645531E+020   18546510.535674103        8.5234375715526693E-008   8.2925586804132380E-022   6.8643076821044135E-035   2.2039642087935466E-048  -1.9642902024072099E-056  -3.6362607247745299E-065  -2.7786938906379946E-073  -5.0914538997021584E-081  -1.3390207223475012E-088
   4.2169586357733632E+036   4.3550344577172847E+045   3.1963183547950653E+042   1.1443904056331861E+033   9.3953667621124388E+020   19705996.162197944        9.1102083317058727E-008   8.9244426551581212E-022   7.4446006668785512E-035   2.4105029725611488E-048  -2.1676817844724571E-056  -4.0502983067999227E-065  -3.1247262027845964E-073  -5.7810716163251894E-081  -1.5352483682440458E-088
   4.2500219407450528E+036   4.4283556970435956E+045   3.2816783546881735E+042   1.1923980013041699E+033   9.9276758658359873E+020   20937973.187865257        9.7373737133975421E-008   9.6044755403753494E-022   8.0739503189465188E-035   2.6363969819373900E-048  -2.3921334625786495E-056  -4.5114796844825351E-065  -3.5138501156854539E-073  -6.5640953864102515E-081  -1.7602323206199448E-088
   4.2831245728294391E+036   4.5027466759596260E+045   3.3692273238770114E+042   1.2424685653557112E+033   1.0490193132732717E+021   22246974.000080541        1.0407714584034392E-007   1.0336326237051875E-021   8.7565037805439526E-035   2.8834600640453743E-048  -2.6398258958216355E-056  -5.0251728190003762E-065  -3.9514318512478467E-073  -7.4531766993682808E-081  -2.0181866910439036E-088
   4.3162664243482662E+036   4.5782220128496720E+045   3.4590204416063136E+042   1.2946937267065448E+033   1.1084635538718791E+021   23637814.378033720        1.1124203253733595E-007   1.1123943213215768E-021   9.4967587842985466E-035   3.1536760241976584E-048  -2.9131655387909585E-056  -5.5973568868489714E-065  -4.4435058901364592E-073  -8.4626806401077711E-081  -2.3139431508201030E-088
   4.3494473970015390E+036   4.6547965147800214E+045   3.5511142872907859E+042   1.3491693344441487E+033   1.1712817786831127E+021   25115611.212824162        1.1890016654833586E-007   1.1971575806723560E-021   1.0299593291393785E-034   3.4492145749734095E-048  -3.2148080214796446E-056  -6.2346918750174763E-065  -4.9968581904341056E-073  -9.6089179889557534E-081  -2.6530414316873232E-088
   4.3826674016276756E+036   4.7324851799669156E+045   3.6455668776113728E+042   1.4059956590274326E+033   1.2376657876444213E+021   26685801.335644014        1.2708550428726977E-007   1.2883797151304837E-021   1.1170297635280984E-034   3.7724487580492095E-048  -3.5476839500583704E-056  -6.9445961005229414E-065  -5.6191197695726314E-073  -1.0910408758622495E-080  -3.0418330890033497E-088
   4.4159263589374127E+036   4.8113032015530700E+045   3.7424377056179326E+042   1.4652776035647324E+033   1.3078182990291128E+021   28354161.523328334        1.3583433982480464E-007   1.3865528849555822E-021   1.2114609382753737E-034   4.1259739986732916E-048  -3.9150273791816431E-056  -7.7353325565988927E-065  -6.3188719400784180E-073  -1.2388181426237065E-080  -3.4876004709745469E-088
   4.4492241987723162E+036   4.8912659694961274E+045   3.8417877795432619E+042   1.5271249251763314E+033   1.3819535717169226E+021   30126829.754864559        1.4518546582002647E-007   1.4922067525997400E-021   1.3138751142104651E-034   4.5126289457822415E-048  -4.3204072324487632E-056  -8.6161050905729788E-065  -7.1057646503890883E-073  -1.4066112695214386E-080  -3.9986931223106452E-088
   4.4825608596804396E+036   4.9723890728834525E+045   3.9436796630300835E+042   1.5916524673065663E+033   1.4602980629684953E+021   32010327.797111887        1.5518034553121750E-007   1.6059113403458116E-021   1.4249471567504857E-034   4.9355182650973143E-048  -4.7677619762853385E-056  -9.5971655329055453E-065  -7.9906495627241084E-073  -1.5971313276564419E-080  -4.5846841772444415E-088
   4.5159362880368576E+036   5.0546883016648565E+045   4.0481775160725673E+042   1.6589804033795912E+033   1.5430911237225977E+021   34011585.202841431        1.6586329666844738E-007   1.7282801056957761E-021   1.5454089829808473E-034   5.3980375682189647E-048  -5.2614378841196592E-056  -1.0689933024328033E-064  -8.9857297032236706E-073  -1.8134565922800714E-080  -5.2565496712713561E-088
   4.5493504376919817E+036   5.1381796491014859E+045   4.1553471376687595E+042   1.7292344925774279E+033   1.6305857335697704E+021   36137964.809429139        1.7728168790322687E-007   1.8599732511016565E-021   1.6760543846826542E-034   5.9039006778895170E-048  -5.8062312626098399E-056  -1.1907126930001175E-064  -1.0104727748110808E-072  -2.0590822791863285E-080  -6.0268741302482155E-088
   4.5828032709848807E+036   5.2228793161076990E+045   4.2652560111499559E+042   1.8025463485543706E+033   1.7230492776795249E+021   38397289.832059339        1.8948614890659817E-007   2.0017012858957871E-021   1.8177442590888837E-034   6.4571694483522237E-048  -6.4074350501710571E-056  -1.3262914887760558E-064  -1.1363075266632225E-072  -2.3379770177079449E-080  -6.9100862876847330E-088
   4.6162947579186376E+036   5.3088037131303676E+045   4.3779733489109715E+042   1.8790537209994114E+033   1.8207643680356806E+021   40797872.651098050        2.0253079484696378E-007   2.1542288596377223E-021   1.9714122818378039E-034   7.0622863802511225E-048  -7.0708902405309984E-056  -1.4773077713671350E-064  -1.2778125530538487E-072  -2.6546469727634357E-080  -7.9227293453839562E-088
   4.6498248756968995E+036   5.3959694625297080E+045   4.4935701388188505E+042   1.9589007911986406E+033   1.9240297115377740E+021   43348545.399614692        2.1647346634315052E-007   2.3183788875596651E-021   2.1380710595061647E-034   7.7241102919552675E-048  -7.8030426309196900E-056  -1.6455193084326847E-064  -1.4369392824859280E-072  -3.0142086519898889E-080  -9.0837708396103636E-088
   4.6833936078204794E+036   5.4843934003639467E+045   4.6121191915010195E+042   2.0422384821146653E+033   2.0331610276342839E+021   46058692.463611543        2.3137598593669310E-007   2.4950369903681515E-021   2.3188188022648225E-034   8.4479553337327000E-048  -8.6110054462310775E-056  -1.8328840133879228E-064  -1.6158821560196804E-072  -3.4224715743231250E-080  -1.0414957916804627E-087
   4.7170009455563162E+036   5.5740925815558539E+045   4.7336951917185864E+042   2.1292247844421101E+033   2.1484920183582716E+021   48938285.014626957        2.4730443222063274E-007   2.6851562723559161E-021   2.5148465606270272E-034   9.2396336580412641E-048  -9.5026284475822710E-056  -2.0415827347230242E-064  -1.8171088897739034E-072  -3.8860321357207123E-080  -1.1941224673418055E-087
   4.7506468873930466E+036   5.6650842822891464E+045   4.8583747490303300E+042   2.2200250983232643E+033   2.2703753936937164E+021   51997917.701721363        2.6432943284029940E-007   2.8897624636027129E-021   2.7274460739764361E-034   1.0105502088560001E-047  -1.0486574196694869E-055  -2.2740446401966780E-064  -2.0433945060352571E-072  -4.4123801886379383E-080  -1.3691159189638537E-087
   4.7843314373220802E+036   5.7573860007111212E+045   4.9862364485580215E+042   2.3148125916925835E+033   2.3991839554417003E+021   55248847.637893640        2.8252647766531199E-007   3.1099594540084916E-021   2.9580182825935252E-034   1.1052513162693236E-047  -1.1572402217045732E-055  -2.5329754913659970E-064  -2.2978596022826075E-072  -5.0100200572860460E-080  -1.5697539004889994E-087
   4.8180546055374704E+036   5.8510154611238891E+045   5.1173609061054877E+042   2.4137685770853434E+033   2.5353117429861911E+021   58703035.824491009        3.0197625352152414E-007   3.3469352490166346E-021   3.2080825592713379E-034   1.2088270957397115E-047  -1.2770661869455998E-055  -2.8213891375570550E-064  -2.5840133858767220E-072  -5.6886079439444588E-080  -1.7997945064952299E-087
   4.8518164090903502E+036   5.9459906181874216E+045   5.2518308249320706E+042   2.5170829071884939E+033   2.6791752444568488E+021   62373191.166021995        3.2276500196715010E-007   3.6019683791596240E-021   3.4792867213531674E-034   1.3221092146585688E-047  -1.4092994844451907E-055  -3.1426425958532690E-064  -2.9058020678865855E-072  -6.4591079464326318E-080  -2.0635465640378776E-087
   4.8856168703547331E+036   6.0423296579433770E+045   5.3897310515612033E+042   2.6249543894402351E+033   2.8312146769850574E+021   66272817.237308994        3.4498490169947113E-007   3.8764347980079646E-021   3.7734178891672920E-034   1.4460072780380940E-047  -1.5552248267162642E-055  -3.5004751254185949E-064  -3.2676632834289563E-072  -7.3339692075520248E-080  -2.3659503401116541E-087
   4.9194560165163530E+036   6.1400510003492951E+045   5.5311486345345186E+042   2.7375912215841700E+033   2.9918953400559993E+021   70416261.975177720        3.6873447728785915E-007   4.1718153057387126E-021   4.0924142624116922E-034   1.5815161322415820E-047  -1.7162599513627427E-055  -3.8990517509651704E-064  -3.6745872890067456E-072  -8.3273270587430541E-080  -2.7126700764426819E-087
   4.9533338817323165E+036   6.2391733058835119E+045   5.6761728884141698E+042   2.8552114497900377E+033   3.1617090461668118E+021   74818770.477622658        3.9411903604557136E-007   4.4897035383757776E-021   4.4383778920904976E-034   1.7297238531648755E-047  -1.8939693951166354E-055  -4.3430117419612657E-064  -4.1321857807901855E-072  -9.4552314078821002E-080  -3.1102000848547322E-087
   4.9872505054421189E+036   6.3397154764202392E+045   5.8248954547922838E+042   2.9780434484264554E+033   3.3411756330797650E+021   79496541.104594678        4.2125113497734100E-007   4.8318145658051597E-021   4.8135885321637033E-034   1.8918204830105273E-047  -2.0900796941032033E-055  -4.8375226118579834E-064  -4.6467692828815182E-072  -1.0735906061333055E-079  -3.5659863904533026E-087
   5.0212059322011333E+036   6.4416966584170513E+045   5.9774103671578283E+042   3.1063264242881525E+033   3.5308445624361859E+021   84466785.087030396        4.5025107987343649E-007   5.1999941449540596E-021   5.2205186621873384E-034   2.0691075858073167E-047  -2.3064961580126499E-055  -5.3883402658643798E-064  -5.2254341727887642E-072  -1.2190043170180703E-079  -4.0885662010932537E-087
   5.0552002121396647E+036   6.5451362471096012E+045   6.1338141186220552E+042   3.2403109462481911E+033   3.7312966096482856E+021   89747789.863491893        4.8124745876325857E-007   5.5962286780569230E-021   5.6618497799372042E-034   2.2630086984018123E-047  -2.5453213811479611E-055  -6.0018759973671523E-064  -5.8761605442364338E-072  -1.3841137558082412E-079  -4.6877278154950732E-087
   5.0892333989140132E+036   6.6500538868311487E+045   6.2942057282760517E+042   3.3802595005332303E+033   3.9431456502133335E+021   95358986.377423316        5.1437771209383562E-007   6.0226559297352895E-021   6.1404900713778093E-034   2.4750807608389258E-047  -2.8088756701931551E-055  -6.6852711128064213E-064  -6.6079222568934276E-072  -1.5715866332551168E-079  -5.3746939652055559E-087
   5.1233055516166842E+036   6.7564694775672658E+045   6.4586868151823392E+042   3.5264470752330734E+033   4.1670405481069114E+021   101321020.58292694        5.4978874216170774E-007   6.4815765607135740E-021   6.6595935744151084E-034   2.7070266179126544E-047  -3.0997195871683157E-055  -7.4464800536117800E-064  -7.4308106906630933E-072  -1.7844519913139014E-079  -6.1623320245320542E-087
   5.1574167356271564E+036   6.8644031799846905E+045   6.6273616733042945E+042   3.6791617737685891E+033   4.4036671519749078E+021   107655829.42207827        5.8763756450041509E-007   6.9754665403973527E-021   7.2225809627141505E-034   2.9607086922690138E-047  -3.4206788265876615E-055  -8.2943629827047831E-064  -8.3561739111730556E-072  -2.0261491440743638E-079  -7.0653950258359892E-087
   5.1915670199178147E+036   6.9738754148171498E+045   6.8003373435972011E+042   3.8387054577764495E+033   4.6537504052142874E+021   114386721.55330759        6.2809200411188318E-007   7.5069905052826411E-021   7.8331620865384336E-034   3.2381639388502588E-047  -3.7748716685149274E-055  -9.2387889132377330E-064  -9.3967731656313036E-072  -2.3005832475538983E-079  -8.1007979945782322E-087
   5.2257564778979723E+036   7.0849068679104435E+045   6.9777236935400991E+042   4.0053944236178676E+033   4.9180565766272241E+021   121538463.12823239        6.7133143962919656E-007   8.0790161352691116E-021   8.4953604191467939E-034   3.5416202007583806E-047  -4.1657392742367480E-055  -1.0290750579946814E-063  -1.0566958867210519E-071  -2.6121883962072320E-079  -9.2879347800742564E-087
   5.2599851878688858E+036   7.1975184947392322E+045   7.1596334986872458E+042   4.1795601127557549E+033   5.1973956184422450E+021   129137368.93251124        7.1754759871042325E-007   8.6946296254405138E-021   9.2135395698395652E-034   3.8735140978683993E-047  -4.5970791188919805E-055  -1.1462492390176472E-063  -1.1882868494879459E-071  -2.9659992656179057E-079  -1.0649041316430827E-086
   5.2942532315156610E+036   7.3117315217501760E+045   7.3461825238124022E+042   4.3615498570497036E+033   5.4926236589330310E+021   137211399.22609341        7.6694540819037964E-007   9.3571523367859993E-021   9.9924320383642410E-034   4.2365105918293262E-047  -5.0730818858721087E-055  -1.2767652943873916E-063  -1.3362649137825973E-071  -3.3677324589192799E-079  -1.2209612117807575E-086
   5.3285606955079177E+036   7.4275674528908742E+045   7.5374896115433486E+042   4.5517276628838611E+033   5.8046456374703214E+021   145790262.63951248        8.1974390276031432E-007   1.0070158715698180E-020   1.0837170400161385E-033   4.6335243845516016E-047  -5.5983721814408745E-055  -1.4221423781430708E-063  -1.5026707753479015E-071  -3.8238788712784790E-079  -1.3998877809264912E-086
   5.3629076715552090E+036   7.5450480736767381E+045   7.7336767714679795E+042   4.7504750341478674E+033   6.1344180900125674E+021   154905525.50474396        8.7617719620462415E-007   1.0837495578927160E-020   1.1753321127948777E-033   5.0677433220016233E-047  -6.1780534651365655E-055  -1.5840726207132885E-063  -1.6897992590321634E-071  -4.3418085647978980E-079  -1.6050352637700724E-086
   5.3972942533814629E+036   7.6641954500390273E+045   7.9348692670119021E+042   4.9581918352759416E+033   6.4829520935747322E+021   164590728.02293056        9.3649551950119066E-007   1.1663302868037251E-020   1.2746921272514152E-033   5.5426539912257016E-047  -6.8177576324787433E-055  -1.7644408246374677E-063  -1.9002309656466418E-071  -4.9298898483227350E-079  -1.8402462218156725E-086
   5.4317205400595800E+036   7.7850319380377267E+045   8.1411957157334335E+042   5.1752972007739723E+033   6.8513163790669977E+021   174881507.69702742        1.0009663303890074E-006   1.2552035985344096E-020   1.3824518244430178E-033   6.0620697161372532E-047  -7.5236997317014243E-055  -1.9653464029140791E-063  -2.1368678598265939E-071  -5.5976244861554064E-079  -2.1099263273643803E-086
   5.4661866345814042E+036   7.9075801855411917E+045   8.3527881849392771E+042   5.4022304884357577E+033   7.2406406217622954E+021   185815730.48311505        1.0698754993226267E-006   1.3508489831837677E-020   1.4993212958835577E-033   6.6301611768608917E-047  -8.3027383461134585E-055  -2.1891278153293169E-063  -2.4029732896714270E-071  -6.3558012202756810E-079  -2.4191268849740044E-086
   5.5006926431152825E+036   8.0318631350908237E+045   8.5697822915710759E+042   5.6394522810255617E+033   7.6521189197207034E+021   197433630.14336756        1.1435285770725049E-006   1.4537824676782988E-020   1.6260706627590554E-033   7.2514898984940561E-047  -9.1624422287320388E-055  -2.4383897871955208E-063  -2.7022169900563600E-071  -7.2166700865615145E-079  -2.7736394460836706E-086
   5.5352386758329767E+036   8.1579040295538944E+045   8.7923173081346673E+042   5.8874454393839857E+033   8.0870134709472838E+021   209777956.31364742        1.2222521495921557E-006   1.5645593998571961E-020   1.7635351507148384E-033   7.9310448781867980E-047  -1.0111163836579362E-054  -2.7160336273147149E-063  -3.0387256902354798E-071  -8.1941403414790794E-079  -3.1801042890045570E-086
   5.5698248466475645E+036   8.2857264159499242E+045   9.0205362702491114E+042   6.1467162082697705E+033   8.5466584605460288E+021   222894131.83056313        1.3063952861597938E-006   1.6837774447034113E-020   1.9126205936551413E-033   8.6742826446395145E-047  -1.1158120479065769E-054  -3.0252909980563904E-063  -3.4171400236422126E-071  -9.3040051971903814E-079  -3.6461347961865841E-086
   5.6044512757088552E+036   8.4153541543550474E+045   9.2545860929932924E+042   6.4177953797347245E+033   9.0324641700262969E+021   236830419.89731961        1.3963310872161256E-006   1.8120798088861845E-020   2.0743094028231153E-033   9.4871710716797861E-047  -1.2313483868858267E-054  -3.3697615306200032E-063  -3.8426785247040902E-071  -1.0564196996177116E-078  -4.1804600584386560E-086
   5.6391180848587822E+036   8.5468114141372981E+045   9.4946176779069215E+042   6.7012395115064502E+033   9.5459213210493083E+021   251638101.70295638        1.4924583387611139E-006   1.9501587110118976E-020   2.2496670404948945E-033   1.0376237297721965E-046  -1.3588478945266396E-054  -3.7534547233088434E-063  -4.3212095952220982E-071  -1.1995076948297167E-078  -4.7930883771840157E-086
   5.6738253988031687E+036   8.6801226804946626E+045   9.7407860343015340E+042   6.9976322103052852E+033   1.0088605667541631E+022   267371665.14960733        1.5952032806465996E-006   2.0987591163065962E-020   2.4398490409471401E-033   1.1348620135883543E-046  -1.4995492930266917E-054  -4.1808366104949278E-063  -4.8593324327700306E-071  -1.3619764111625011E-078  -5.4954947272682856E-086
   5.7085733465259928E+036   8.8153127616241571E+045   9.9932504053287834E+042   7.3075854804879323E+033   1.0662182850156254E+022   284089005.38209671        1.7050214966055229E-006   2.2586827558795889E-020   2.6461086249633776E-033   1.2412127395589091E-046  -1.6548195676702445E-054  -4.6568817454832712E-063  -5.4644680371599898E-071  -1.5464508932497410E-078  -6.3008356916363028E-086
   5.7433620622526329E+036   8.9524067952401867E+045   1.0252174397617093E+043   7.6317411409612804E+033   1.1268413528044938E+022   301851637.85791260        1.8223999343985522E-006   2.4307924522530731E-020   2.8698049580557320E-033   1.3575298575929976E-046  -1.8261672477899187E-054  -5.1871311023356162E-063  -6.1449615500022276E-071  -1.7559117380140069E-078  -7.2241958937622046E-086
   5.7781916836303817E+036   9.0914302499104523E+045   1.0517726109626031E+043   7.9707723122994753E+033   1.1909158803666362E+022   320724924.74158257        1.9478590650357355E-006   2.6160167744949866E-020   3.1124121068204474E-033   1.4847473434180870E-046  -2.0152570629017415E-054  -5.7777565706080224E-063  -6.9101973386769981E-071  -1.9937432528718950E-078  -8.2828705436931946E-086
   5.8130623510515811E+036   9.2324089285227750E+045   1.0790078266636553E+043   8.3253849801206736E+033   1.2586385957568205E+022   340778315.45706826        2.0819551906480620E-006   2.8153550480709338E-020   3.3755287524461703E-033   1.6238866980049633E-046  -2.2239261164054818E-054  -6.4356327936958866E-063  -7.7707284117885505E-071  -2.2637881367852930E-078  -9.4966893900024194E-086
   5.8479742091230628E+036   9.3753689759772463E+045   1.1069408365026288E+043   8.6963196394494778E+033   1.3302174510928609E+022   362085602.28372955        2.2252829112428046E-006   3.0298827464447071E-020   3.6608887253833156E-033   1.7760651497833230E-046  -2.4542017339861480E-054  -7.1684171869565891E-063  -8.7384219508103390E-071  -2.5704095676536050E-078  -1.0888388145509299E-085
   5.8829274060791954E+036   9.5203368830372639E+045   1.1355898817190961E+043   9.0843530213950206E+033   1.4058722634367454E+022   384725191.93625224        2.3784777612804368E-006   3.2607572935162792E-020   3.9703724305937532E-033   1.9425046255082499E-046  -2.7083211601230874E-054  -7.9846390669892879E-063  -9.8266229648813070E-071  -2.9185616992077126E-078  -1.2484034343844368E-085
   5.9179220937819641E+036   9.6673394913609616E+045   1.1649737102732698E+043   9.4902999081379064E+033   1.4858353922958772E+022   408780394.12840021        2.5422190277647273E-006   3.5092243082030915E-020   4.3060192386688286E-033   2.1245415618098890E-046  -2.9887532940685189E-054  -8.8937989295017315E-063  -1.1050338325641317E-070  -3.3138697064409066E-078  -1.4313515603465464E-085
   5.9529584266562097E+036   9.8164039965007707E+045   1.1951115922548872E+043   9.9150150396234806E+033   1.5703524558285274E+022   434339728.18257177        2.7172327623419159E-006   3.7766243248556585E-020   4.6700409244683288E-033   2.3236376362089429E-046  -3.2982226764717882E-054  -9.9064790313196620E-063  -1.2426443720045543E-070  -3.7627206728899568E-078  -1.6411099444669884E-085
   5.9880365644284759E+036   9.9675579585880226E+045   1.2260233367093112E+043   1.0359395120343940E+034   1.6596830879961523E+022   461497248.81428665        2.9042950007661586E-006   4.0644000257662932E-020   5.0648362418360931E-033   2.5413915037636062E-046  -3.6397359596919676E-054  -1.1034466563670365E-062  -1.3973916375149461E-070  -4.2723667882539880E-078  -1.8816075145387702E-085
   6.0231566711013464E+036   1.0120829305664216E+046   1.2577293081978716E+043   1.0824380925685251E+034   1.7541017389566796E+022   490352892.28990823        3.1042352040062076E-006   4.3741040247916815E-020   5.4930067304335787E-033   2.7795516335881938E-046  -4.0166111189714819E-054  -1.2290890850428858E-062  -1.5714096764264443E-070  -4.8510425237397680E-078  -2.1573489658187733E-085
   6.0583189132595623E+036   1.0276246335631560E+046   1.2902504437703073E+043   1.1310959515174873E+034   1.8538985211882923E+022   521012844.23204368        3.3179399362525226E-006   4.7074072440842534E-020   5.9573738588524904E-033   3.0400303483153392E-046  -4.4325096882725372E-054  -1.3690376168260789E-062  -1.7670982903553905E-070  -5.5080976783635776E-078  -2.4734991372764017E-085
   6.0935234627226914E+036   1.0433837727186623E+046   1.3236082715953935E+043   1.1820166562316345E+034   1.9593801039936152E+022   553589930.42713463        3.5463567961348528E-006   5.0661079291274098E-020   6.4609976169732303E-033   3.3249191792329223E-046  -4.8914723339644553E-054  -1.5249211967429368E-062  -1.9871561297579602E-070  -6.2541484458709556E-078  -2.8359797528196802E-085
   6.1287704953267132E+036   1.0593632542982748E+046   1.3578249293241863E+043   1.2353088800342800E+034   2.0708706590938339E+022   588204032.07269681        3.7904986185812715E-006   5.4521413507125153E-020   7.0071966800852158E-033   3.6365056603908630E-046  -5.3979581119785572E-054  -1.6985542474569406E-062  -2.2346179097715976E-070  -7.1012489430986439E-078  -3.2515803395332269E-085
   6.1640601897885779E+036   1.0755660232956732E+046   1.3929231831195367E+043   1.2910866593011907E+034   2.1887128602596719E+022   624982526.99313831        4.0514479659513647E-006   5.8675902462026795E-020   7.5995702776430130E-033   3.9772916965275242E-046  -5.9568877898343968E-054  -1.8919577884331118E-062  -2.5128962605698953E-070  -8.0630859712039038E-078  -3.7280854005085431E-085
   6.1993927295824342E+036   1.0919950644067856E+046   1.4289264481397215E+043   1.3494696639563942E+034   2.3132689400920413E+022   664060758.44868016        4.3303619283591149E-006   6.3146960564170655E-020   8.2420219107652733E-033   4.3500136523026001E-046  -6.5736916544335333E-054  -2.1073829598082581E-062  -2.8258287893700407E-070  -9.1552001565654424E-078  -4.2744202243075817E-085
   6.2347683027095867E+036   1.1086534025782839E+046   1.4658588092342608E+043   1.4105834816309649E+034   2.4449218071812844E+022   705582533.26228201        4.6284772544706247E-006   6.7958710187612588E-020   8.9387850747652197E-033   4.7576643241445149E-046  -7.2543622700982798E-054  -2.3473372247757147E-062  -3.1777310031033919E-070  -1.0395237044382687E-077  -4.9008180621784497E-085
   6.2701871008430966E+036   1.1255441034317608E+046   1.5037450422300951E+043   1.4745599163163338E+034   2.5840762271077027E+022   749700651.09831333        4.9471158355283169E-006   7.3137111818495409E-020   9.6944511562145105E-033   5.2035169711371249E-046  -8.0055126994274112E-054  -2.6146135554701562E-062  -3.5734558215815269E-070  -1.1803232201953398E-077  -5.6190118043758580E-085
   6.3056493209511698E+036   1.1426702742331156E+046   1.5426106366642409E+043   1.5415373025570088E+034   2.7311600709598603E+022   796577466.84171760        5.2876905669200371E-006   7.8710104118367737E-020   1.0513999688371601E-032   5.6911515979039114E-046  -8.8344407526148703E-054  -2.9123229420648927E-062  -4.0184605018767065E-070  -1.3401934938112345E-077  -6.4424537458254669E-085
   6.3411551650656301E+036   1.1600350644756484E+046   1.5824818188496790E+043   1.6116608355711920E+034   2.8866256351941200E+022   846385488.14701915        5.6517116132840475E-006   8.4707754660274355E-020   1.1402831164345981E-032   6.2244837005300626E-046  -9.7491998894470567E-054  -3.2439306034748162E-062  -4.5188818968402121E-070  -1.5217175869244078E-077  -7.3865675575052248E-085
   6.3767048390081629E+036   1.1776416662408229E+046   1.6233855754950662E+043   1.6850829181936220E+034   3.0509510369204121E+022   899308010.35679460        6.0407931049313553E-006   9.1162422150880420E-020   1.2366802624224518E-032   6.8077957063403168E-046  -1.0758677462828596E-053  -3.6132963211435624E-062  -5.0816210856144382E-070  -1.7278284270723051E-077  -8.4690371831538563E-085
   6.4122985546081696E+036   1.1954933153499737E+046   1.6653496792089253E+043   1.7619635259927859E+034   3.2246416889714670E+022   955539791.12762749        6.4566602952804696E-006   9.8108931013868506E-020   1.3412266250665944E-032   7.4457713599811024E-046  -1.1872681064013652E-053  -4.0247193653845697E-062  -5.7144385432395967E-070  -1.9618561957029654E-077  -9.7101380725555796E-085
   6.4479365278282411E+036   1.2135932916156010E+046   1.7084027137656935E+043   1.8424705906950022E+034   3.4082318592428904E+022   1015287767.2452867        6.9011572110408117E-006   1.0558475927652349E-019   1.4546111227292996E-032   8.1435333319126313E-046  -1.3102033808431432E-053  -4.4829885372010994E-062  -6.4260611617955126E-070  -2.2275821347137717E-077  -1.1133116955644961E-084
   6.4836189812058946E+036   1.2319449200816552E+046   1.7525741016017720E+043   1.9267804037825672E+034   3.6022863192082652E+022   1078771816.2694435        7.3762548290702541E-006   1.1363024077321689E-019   1.5775809135713874E-032   8.9066843512919082E-046  -1.4458679487858033E-053  -4.9934379080527765E-062  -7.2263025989584673E-070  -2.5292996408827328E-077  -1.2764627270882247E-084
   6.5193461437354539E+036   1.2505515717058593E+046   1.7978941315891093E+043   2.0150780405519912E+034   3.8074020866377243E+022   1146225565.8100848        7.8840598161636065E-006   1.2228878275672412E-019   1.7109463190321542E-032   9.7413521935263949E-046  -1.5955798610542627E-053  -5.5620089063577807E-062  -8.1261986136450193E-070  -2.8718836353098090E-077  -1.4635228403794357E-084
   6.5551182468660209E+036   1.2694166631429034E+046   1.8443939866290390E+043   2.1075578055002608E+034   4.0242102678869298E+022   1217897253.4140608        8.4268238705262700E-006   1.3160710009144252E-019   1.8555861635308824E-032   1.0654238883729486E-045  -1.7607936456678390E-053  -6.1953194733935075E-062  -9.1381592550949358E-070  -3.2608693286871882E-077  -1.6779958086788581E-084
   6.5909355281895355E+036   1.2885436583250752E+046   1.8921057747079613E+043   2.2044237015463870E+034   4.2533780055853025E+022   1294050640.2298760        9.0069537063596721E-006   1.4163546729207178E-019   2.0124535655767373E-032   1.1652674511162089E-045  -1.9431144393345107E-053  -6.9007410935439189E-062  -1.0276140004163982E-069  -3.7025416550283220E-077  -1.9238988681712032E-084
   6.6267982342837308E+036   1.3079360698908060E+046   1.9410625609116053E+043   2.3058899233236878E+034   4.4956105376560715E+022   1374965981.8119996        9.6270217258308693E-006   1.5242798976755773E-019   2.1825822184481533E-032   1.2744676086767420E-045  -2.1443135821871893E-053  -7.6864845954957201E-062  -1.1555834226958099E-069  -4.2040368188581817E-077  -2.2058379637814510E-084
   6.6627066170856911E+036   1.3275974590941850E+046   1.9912983985425542E+043   2.4121813750365774E+034   4.7516533739591628E+022   1460941059.6365509        1.0289777425746779E-005   1.6404289573372534E-019   2.3670932018288800E-032   1.3939011916400357E-045  -2.3663458272729359E-053  -8.5616957230758670E-062  -1.2994889594849054E-069  -4.7734575965873734E-077  -2.5290940219209223E-084
   6.6986609323979062E+036   1.3475314362155453E+046   2.0428483621074079E+043   2.5235342152466265E+034   5.0222945973894400E+022   1552292277.1275804        1.0998159589516661E-005   1.7654285036956517E-019   2.5672023692869252E-032   1.5245272006642176E-045  -2.6113683319944570E-053  -9.5365615881383441E-062  -1.4613151455422079E-069  -5.4200042550226332E-077  -2.8997218661356233E-084
   6.7346614432555176E+036   1.3677416621701766E+046   2.0957485832428985E+043   2.6401964303984805E+034   5.3083672965908389E+022   1649355824.2295172        1.1755309318467290E-005   1.8999529391214568E-019   2.7842283602771948E-032   1.6673945068530947E-045  -2.8817616160157482E-053  -1.0622429244570859E-061  -1.6432936510573830E-069  -6.1541232022962227E-077  -3.3246636284203131E-084
   6.7707084235078078E+036   1.3882318502200083E+046   2.1500362881580080E+043   2.7624284379742612E+034   5.6107521377542922E+022   1752488914.8113935        1.2564583960294215E-005   2.0447280551425663E-019   3.0196012894638061E-032   1.8236502737515313E-045  -3.1801526892489041E-053  -1.1831937763577133E-061  -1.8479340575930886E-069  -6.9876757730035380E-077  -3.8118787804762183E-084
   6.8068021526993328E+036   1.4090057655547018E+046   2.2057498334396878E+043   2.8905037194908069E+034   5.9303800833168105E+022   1862071101.4546211        1.3429571996407856E-005   2.2005349482787268E-019   3.2748721706211826E-032   1.9945491685882123E-045  -3.5094405746225062E-053  -1.3179165347539515E-061  -2.0780584665758434E-069  -7.9341298746514735E-077  -4.3704932204941164E-084
   6.8429429145607559E+036   1.4300672257533828E+046   2.2629287445035938E+043   3.0247094866515543E+034   6.2682352661414418E+022   1978505672.4680459        1.4354108954195001E-005   2.3682142342616943E-019   3.5517231372141822E-032   2.1814634367284155E-045  -3.8728244735988534E-053  -1.4679793194811236E-061  -2.3368404176059974E-069  -9.0087775918964712E-077  -5.0109702079689711E-084
   6.8791310011587396E+036   1.4514201026973355E+046   2.3216137576530051E+043   3.1653473827571762E+034   6.6253580281131055E+022   2102221136.2738860        1.5342294414757266E-005   2.5486705833779589E-019   3.8519785270071288E-032   2.3858939202305348E-045  -4.2738348480829541E-053  -1.6351288022761746E-061  -2.6278486532915951E-069  -1.0228982264457346E-076  -5.7453063482820009E-084
   6.9153667155069057E+036   1.4730683241474271E+046   2.3818468632693507E+043   3.3127342201279434E+034   7.0028481324425838E+022   2233672798.6262894        1.6398510191541129E-005   2.7428776014032802E-019   4.1776169037449720E-032   2.6094821089807754E-045  -4.7163677207002680E-053  -1.8213105373572624E-061  -2.9550963341470672E-069  -1.1614459030801299E-076  -6.5872562979868374E-084
   6.9516503692092380E+036   1.4950158740721398E+046   2.4436713488055260E+043   3.4672027548101317E+034   7.4018681595479787E+022   2373344438.4667110        1.7527439760466998E-005   2.9518830824628896E-019   4.5307840951247979E-032   2.8540233211716056E-045  -5.2047225266883653E-053  -2.0286916069185154E-061  -3.3230963822570957E-069  -1.3187593370416077E-076  -7.5525903996963302E-084
   6.9879822788513618E+036   1.5172667926415856E+046   2.5071318429423277E+043   3.6291025010662860E+034   7.8236470970703774E+022   2521750088.5863371        1.8734089027718544E-005   3.1768146621581347E-019   4.9138073329731095E-032   3.1214811189578369E-045  -5.7436438851536278E-053  -2.2596858451248240E-061  -3.7369237169250300E-069  -1.4973802791434194E-076  -8.6593900722628223E-084
   7.0243627699185250E+036   1.5398251782053307E+046   2.5722743644937967E+043   3.7988005892577634E+034   8.2694841352950641E+022   2679435927.6543608        2.0023808527289155E-005   3.4188859014602041E-019   5.3292105888077008E-032   3.4140030750423035E-045  -6.3383676955230070E-053  -2.5169819342043689E-061  -4.2022852405696853E-069  -1.7001947507485708E-076  -9.9283864891295667E-084
   7.0607921781187930E+036   1.5626951886356096E+046   2.6391463722506853E+043   3.9766826676583018E+034   8.7407526795423796E+022   2846982290.5727115        2.1402317146710857E-005   3.6794028341948243E-019   5.7797312058393944E-032   3.7339380167902275E-045  -6.9946720070420215E-053  -2.8035746996665301E-061  -4.7255985400142512E-069  -1.9304796739186027E-076  -1.1383348888550159E-083
   7.0972708498959623E+036   1.5858810424917538E+046   2.7077968165112426E+043   4.1631538507877942E+034   9.2389045919702984E+022   3025005804.5582571        2.2875727486174227E-005   3.9597710134436222E-019   6.2683379370123485E-032   4.0838548863354220E-045  -7.7189331555429249E-053  -3.1227999689095475E-061  -5.3140803885011680E-069  -2.1919558174407017E-076  -1.3051529789014928E-083
   7.1337991409867336E+036   1.6093870196780185E+046   2.7782761918466577E+043   4.3586397164437447E+034   9.7654746758821290E+022   3214161658.8149366        2.4450572963489287E-005   4.2615030948793819E-019   6.7982505079468431E-032   4.4665633681172910E-045  -8.5181877128814675E-053  -3.4783733989587131E-061  -5.9758462689242886E-069  -2.4888479141951513E-076  -1.4964175449100040E-083
   7.1703774156404480E+036   1.6332174622870729E+046   2.8506365922386338E+043   4.5635873544412279E+034   1.0322085416462064E+023   3415146016.1520195        2.6133836785081170E-005   4.5862269979495824E-019   7.3729608336970796E-032   4.8851364494793324E-045  -9.4002008509137403E-053  -3.8744337252751301E-061  -6.7200222907582481E-069  -2.8259529211942711E-076  -1.7157111133031903E-083
   7.2070060503050903E+036   1.6573767767081622E+046   2.9249317704374551E+043   4.7784664705683898E+034   1.0910451992701101E+023   3628698575.4285221        2.7932982911491568E-005   4.9356946889404294E-019   7.9962560291348592E-032   5.3429350954816729E-045  -1.0373541784205523E-052  -4.3155909350347116E-061  -7.5568710440810541E-069  -3.2087175251872177E-076  -1.9671412144426308E-083
   7.2436854337552260E+036   1.6818694348049957E+046   3.0012171981886277E+043   5.0037705470357195E+034   1.1532387575844436E+023   3855605294.2520723        2.9855989154690981E-005   5.3117916333081195E-019   8.6722433645884721E-032   5.8436352360560799E-045  -1.1447667024439569E-052  -4.8069799255958073E-061  -8.4979331262856848E-069  -3.6433261461078213E-076  -2.2554173197162956E-083
   7.2804159633470465E+036   1.7066999740160678E+046   3.0795501270969145E+043   5.2400180622013133E+034   1.2189808930726328E+023   4096701281.9541659        3.1911382553965055E-005   5.7165469682752397E-019   9.4053773311851728E-032   6.3912572821992909E-045  -1.2633012255381481E-052  -5.3543202727194861E-061  -9.5561862932117384E-069  -4.1368008602588796E-076  -2.5859390534284342E-083
   7.3171980491377144E+036   1.7318729996966277E+046   3.1599896556275985E+043   5.4877537752181963E+034   1.2884742337617139E+023   4352873873.4989862        3.4108277187255204E-005   6.1521444505772850E-019   1.0200488994248500E-031   6.9901984082079885E-045  -1.3941093721018547E-052  -5.9639828042219372E-061  -1.0746224429478915E-068  -4.6971148577167504E-076  -2.9648973317662882E-083
   7.3540321157160078E+036   1.7573931868768253E+046   3.2425967978380383E+043   5.7475500768333214E+034   1.3619329852668086E+023   4625065895.6353254        3.6456414585613010E-005   6.6209342384248808E-019   1.1062817828177867E-031   7.6452678591683812E-045  -1.5384620111910686E-052  -6.6430637539507331E-061  -1.2084458806121418E-068  -5.3333212671155106E-076  -3.3993903232517558E-083
   7.3909185998269875E+036   1.7832652808381106E+046   3.3274345528902942E+043   6.0200084092699772E+034   1.4395835926257209E+023   4914279137.3130379        3.8966206929976802E-005   7.1254455712486797E-019   1.1998046242590233E-031   8.3617255672050281E-045  -1.6977616036788390E-052  -7.3994673592088192E-061  -1.3589344400976391E-068  -6.0556994292646615E-076  -3.8975564027035322E-083
   7.4278579490186610E+036   1.8094940979958033E+046   3.4145679778987621E+043   6.3057607599863775E+034   1.5216654399850136E+023   5221578037.1428547        4.1648783221825413E-005   7.6684004156381273E-019   1.3012337027238756E-031   9.1453243865618268E-045  -1.8735558278990069E-052  -8.2419978630288923E-061  -1.5281634402909178E-068  -6.8759209829795969E-076  -4.4687265890365448E-083
   7.4648506278742767E+036   1.8360845290619964E+046   3.5040642676520511E+043   6.6054712348437939E+034   1.6084315903236765E+023   5548093601.4796295        4.4516038632454757E-005   8.2527281510987123E-019   1.4112373962457139E-031   1.0002356286646111E-044  -2.0675526161542857E-052  -9.1804619921697429E-061  -1.7184666409629137E-068  -7.8072384466150709E-076  -5.1235993221723177E-083
   7.5018971191520547E+036   1.8630415407786799E+046   3.5959928350987734E+043   6.9198377117215461E+034   1.7001495674671068E+023   5895027567.5425825        4.7580687249693740E-005   8.8815813748605174E-019   1.5305405862736548E-031   1.0939702873946679E-044  -2.2816367481762580E-052  -1.0225783103639105E-060  -1.9324684265920684E-068  -8.8646993422601764E-076  -5.8744408527618808E-083
   7.5389979168097806E+036   1.8903701752299243E+046   3.6904253908805090E+043   7.2495935778494660E+034   1.7971021827983785E+023   6263656826.8940363        5.0856318455951316E-005   9.5583529110091318E-019   1.6599294343665412E-031   1.1964890648495895E-044  -2.5178881627514985E-052  -1.1390128328364835E-060  -2.1731199980615540E-068  -1.0065389322252529E-075  -6.7353149981700275E-083
   7.5761535303501596E+036   1.9180755525835907E+046   3.7874360321869010E+043   7.5955095603641315E+034   1.8995884092877658E+023   6655338125.5779247        5.4357457187621489E-005   1.0286694115710360E-018   1.8002565627000707E-031   1.3086151438564071E-044  -2.7786021654212040E-052  -1.2687050191919104E-060  -2.4437400713341843E-068  -1.1428708226267957E-075  -7.7223465682221434E-083
   7.6133644853941978E+036   1.9461628727508131E+046   3.8871013333263200E+043   7.9583956509828350E+034   2.0079243054982491E+023   7071513058.2073364        5.8099628343037554E-005   1.1070534577289114E-018   1.9524466725245533E-031   1.4312488498851295E-044  -3.0663117285827048E-052  -1.4131644360706418E-060  -2.7480606443620596E-068  -1.2976683529308498E-075  -8.8540233948740339E-083
   7.6506313248930550E+036   1.9746374172904424E+046   3.9895004404687486E+043   8.3391031308991294E+034   2.1224439924409076E+023   7513713374.3895903        6.2099425624590059E-005   1.1914103317450928E-018   2.1175026375969089E-031   1.5653748802918803E-044  -3.3838121006502770E-052  -1.5740725349721370E-060  -3.0902784633818774E-068  -1.4734326245046184E-075  -1.0151542623045886E-082
   7.6879546124896987E+036   2.0035045520529466E+046   4.0947151716571235E+043   8.7385267016241603E+034   2.2435006863102436E+023   7983566617.0251245        6.6374585120281408E-005   1.2821951608033062E-018   2.2965121127404214E-031   1.7120702110338863E-044  -3.7341879633663232E-052  -1.7533022237047667E-060  -3.4751128983445286E-068  -1.6730035034941978E-075  -1.1639207748906180E-082
   7.7253349282721593E+036   2.0327697274818872E+046   4.2028301166600486E+043   9.1576067243563236E+034   2.3714677902578133E+023   8482802113.2253561        7.0944063950986993E-005   1.3798977526386993E-018   2.4906547010800703E-031   1.8725127443439831E-044  -4.1208434011105560E-052  -1.9529396663140515E-060  -3.9078710256129506E-068  -1.8996055052431403E-075  -1.3344883842428525E-082
   7.7627728695363691E+036   2.0624384805112673E+046   4.3139327439207027E+043   9.5973315773034690E+034   2.5067400486302780E+023   9013257339.9170895        7.5828124332194259E-005   1.4850452381877638E-018   2.7012097271830800E-031   2.0479907668020425E-044  -4.5475349733750992E-052  -2.1753085652321720E-060  -4.3945208154546530E-068  -2.1568998935837660E-075  -1.5300519480880207E-082
   7.8002690532713965E+036   2.0925164370741054E+046   4.4281135130999483E+043   1.0058740136216007E+035   2.6497347672342488E+023   9576884687.5643272        8.1048423422976315E-005   1.5982049156077797E-018   2.9295646673267789E-031   2.2399132937478198E-044  -5.0184082117222220E-052  -2.4229972082837719E-060  -4.9417734336248566E-068  -2.4490438367825203E-075  -1.7542745169446424E-082
   7.8378241184382414E+036   2.1230093146282300E+046   4.5454659923636644E+043   1.0542924384010850E+035   2.8008931033983746E+023   10175758646.904877        8.6628109360619218E-005   1.7199873110100877E-018   3.1772242924461589E-031   2.4498213830966502E-044  -5.5380378958120641E-052  -2.6988885953649304E-060  -5.5571757920244397E-068  -2.7807575759367974E-075  -2.0113559457855339E-082
   7.8754387250276774E+036   2.1539229236885139E+046   4.6660869786746348E+043   1.1051032155157526E+035   2.9606814298110747E+023   10812083445.153694        9.2591923906748479E-005   1.8510494724207172E-018   3.4458205840097188E-031   2.6794005094033545E-044  -6.1114724998033524E-052  -3.0061939954584202E-060  -6.2492146247573760E-068  -3.1574006910798155E-075  -2.3061115604480860E-082
   7.9131135534033808E+036   2.1852631694899344E+046   4.7900766233817305E+043   1.1584270023021121E+035   3.1295927763700637E+023   11488201159.788490        9.8966312160132149E-005   1.9920985147403081E-018   3.7371234881656478E-031   2.9304940975331114E-044  -6.7442832409476518E-052  -3.3484903245762011E-060  -7.0274335248540229E-068  -3.5850586972441957E-075  -2.6440623522729804E-082
   7.9508493101462892E+036   2.2170360558972295E+046   4.9175385674808840E+043   1.2143906339958876E+035   3.3081483545395875E+023   12206600339.797075        1.0577953982268504E-004   2.1438954348296242E-018   4.0530525790244333E-031   3.2051183246093517E-044  -7.4426182069105903E-052  -3.7297617796943717E-060  -7.9025645556614661E-068  -4.0706413696386392E-075  -3.0315383903844058E-082
   7.9886467287662689E+036   2.2492476876964911E+046   5.0485800793962365E+043   1.2731274433987048E+035   3.4968991688786613E+023   12969925166.107208        1.1306181853864583E-004   2.3072592173039360E-018   4.3956897079343889E-031   3.5054783090921686E-044  -8.2132620876956305E-052  -4.1544462132836909E-060  -8.8866762518946384E-068  -4.6219943866021761E-075  -3.4757973886010089E-082
   8.0265065659175235E+036   2.2819042713943212E+046   5.1833121956024337E+043   1.3347775970237752E+035   3.6964277207269393E+023   13780985184.920448        1.2084543986272559E-004   2.4830712531882650E-018   4.7672927221042032E-031   3.8339858169790599E-044  -9.0637020924978526E-052  -4.6274867882176779E-060  -9.9933400513644190E-068  -5.2480260941793010E-075  -3.9851606478245158E-082
   8.0644296007855770E+036   2.3150121171224864E+046   5.3218498694171850E+043   1.3994884488744816E+035   3.9073498093618932E+023   14642765649.793926        1.2916491845131329E-004   2.6722800952736472E-018   5.1703103429734489E-031   4.1932786273017565E-044  -1.0002200691905370E-051  -5.1543895143019646E-060  -1.1237817452568526E-067  -5.9588514404831813E-075  -4.5691689202086777E-082
   8.1024166397664821E+036   2.3485776424610047E+046   5.4643121300151984E+043   1.4674149128827884E+035   4.1303164362203213E+023   15558438510.548433        1.3805714511171176E-004   2.8759065758310831E-018   5.6073983023741486E-031   4.5862417124163814E-044  -1.1037875892177972E-051  -5.7412873361285308E-060  -1.2637270479152197E-067  -6.7659554054307866E-075  -5.2387611145611183E-082
   8.1404685174745807E+036   2.3826073750832690E+046   5.6108222457910380E+043   1.5387198546215520E+035   4.3660158180293231E+023   16531374089.441135        1.4756155038805557E-004   3.0950493142945784E-018   6.0814368428146718E-031   5.0160304031560301E-044  -1.2180789821510148E-051  -6.3950115182129852E-060  -1.4210998353659681E-067  -7.6823785664252781E-075  -6.0064791902639406E-082
   8.1785860976141767E+036   2.4171079554315571E+046   5.7615078947518683E+043   1.6135745034406039E+035   4.6151755150982869E+023   17565153487.593025        1.5772027940932104E-004   3.3308906446289854E-018   6.5955496972065126E-031   5.4860957248526748E-044  -1.3442046488941573E-051  -7.1231711583112330E-060  -1.5980703644438948E-067  -8.7229277982171907E-075  -6.8867030775296130E-082
   8.2167702754592467E+036   2.4520861400627357E+046   5.9165013436082015E+043   1.6921588861774759E+035   4.8785646813734863E+023   18663581767.347763        1.6857837877477929E-004   3.5847029943626597E-018   7.1531246731035498E-031   6.0002121076666039E-044  -1.4833899665695334E-051  -7.9342417544203630E-060  -1.7970791556012788E-067  -9.9044155112753427E-075  -7.8959200242244823E-082
   8.2550219763734823E+036   2.4875488036484272E+046   6.0759396316889008E+043   1.7746622833168347E+035   5.1569964431841268E+023   19830701959.078751        1.8018399630559019E-004   3.8578557497015769E-018   7.7578359770962947E-031   6.5625076937260508E-044  -1.6369871937068394E-051  -8.8376638563503865E-060  -2.0208706490296380E-067  -1.1245931294102170E-074  -9.0530334143276074E-082
   8.2933421594915661E+036   2.5235029429155241E+046   6.2399647668471399E+043   1.8612837091882001E+035   5.4513304141050611E+023   21070809944.028728        1.9258859454834870E-004   4.1518226437646132E-018   8.4136684264710989E-031   7.1774974844314485E-044  -1.8064886081527867E-051  -9.8439529501340245E-060  -2.2725310520027300E-067  -1.2769150348487263E-074  -1.0379716842426063E-081
   8.3317318182117888E+036   2.5599556795298796E+046   6.4087239275199325E+043   1.9522324170811313E+035   5.7624753536683241E+023   22388470267.953209        2.0584717897730796E-004   4.4681897078015043E-018   9.1249437076801406E-031   7.8501195940837541E-044  -1.9935410053430891E-051  -1.0964821854287663E-059  -2.5555308993766402E-067  -1.4498683701165272E-074  -1.1900820076327329E-081
   8.3701919799156695E+036   2.5969142627942406E+046   6.5823696731330926E+043   2.0477284306978403E+035   6.0913919781716875E+023   23788532943.789711        2.2001854190722300E-004   4.8086638282928225E-018   9.8963488546560843E-031   8.5857749009389725E-044  -2.1999616977953013E-051  -1.2213317052569868E-059  -2.8737729141798565E-067  -1.6462475850336869E-074  -1.3644834511772713E-081
   8.4087237089664101E+036   2.6343860736653370E+046   6.7610601664731754E+043   2.1480031035218839E+035   6.4390959323178835E+023   25276151305.220226        2.3516552319844067E-004   5.1750819561003658E-018   1.0732967134633470E-030   9.3903704140712440E-044  -2.4277561712662038E-051  -1.3603970550099820E-059  -3.2316458283174741E-067  -1.8692256271928344E-074  -1.5644426837567757E-081
   8.4473281044799685E+036   2.6723786268800419E+046   6.9449594014562869E+043   2.2532997071208105E+035   6.8066609308179619E+023   26856800976.829697        2.5135528891025735E-004   5.5694210173537146E-018   1.1640311545002738E-030   1.0270366704262648E-043  -2.6791375691126951E-051  -1.5152969020383355E-059  -3.6340849056068679E-067  -2.1224052080690707E-074  -1.7937050907077350E-081
   8.4860063059582294E+036   2.7108995761870886E+046   7.1342374477254357E+043   2.3638740506052403E+035   7.1952220797958027E+023   28536300030.735561        2.6865962913827411E-004   5.9938085795459489E-018   1.2624361141929960E-030   1.1232829779771527E-043  -2.9565481941573357E-051  -1.6878342212055125E-059  -4.0866400017911936E-067  -2.4098770129334411E-074  -2.0565649276898203E-081
   8.5247594943617863E+036   2.7499567179811177E+046   7.3290707022705027E+043   2.4799951322135018E+035   7.6059793881784434E+023   30320830403.858795        2.8715527635641153E-004   6.4505343303848241E-018   1.3691600440134011E-030   1.2285487823520491E-043  -3.2626832369606292E-051  -1.8800172808320236E-059  -4.5955521001160698E-067  -2.7362857950822689E-074  -2.3579457553053776E-081
   8.5635888907330230E+036   2.7895579940709775E+046   7.5296421499941990E+043   2.6019458247969706E+035   8.0402014799566643E+023   32216960654.685970        3.0692424567524190E-004   6.9420624313314008E-018   1.4849062143451748E-030   1.3436793247281219E-043  -3.6005169610329121E-051  -2.0940830181780460E-059  -5.1678393779375447E-067  -3.1069054222836156E-074  -2.7034926610719767E-081
   8.6024957638372341E+036   2.8297114981203562E+046   7.7361416440783118E+043   2.7300235976659569E+035   8.4992295189214450E+023   34231670143.339104        3.2805419852555433E-004   7.4710448124780016E-018   1.6104373487770953E-030   1.4695990561127012E-043  -3.9733315993894463E-051  -2.3325230765464365E-059  -5.8113939912678869E-067  -3.5277240879854688E-074  -3.0996779961348133E-081
   8.6414814283813559E+036   2.8704254785276120E+046   7.9487661903172250E+043   2.8645412756147031E+035   8.9844813578589672E+023   36372374723.910103        3.5063883137975330E-004   8.0403354804944718E-018   1.7465806501713226E-030   1.6073190603116899E-043  -4.3847492431940323E-051  -2.5981128070681413E-059  -6.5350909119717271E-067  -4.0055410640647218E-074  -3.5539226072469231E-081
   8.6805472423955097E+036   2.9117083410336271E+046   8.1677202432229847E+043   3.0058278375591644E+035   9.4974559251250871E+023   38646954043.669510        3.7477829123488130E-004   8.6530059168389446E-018   1.8942332516267014E-030   1.7579451725246550E-043  -4.8387670323065961E-051  -2.8939435727400009E-059  -7.3489103185380424E-067  -4.5480765583757763E-074  -4.0747348347832212E-081
   8.7196946125015356E+036   2.9535686546403839E+046   8.3932160229564075E+043   3.1542292574415670E+035   1.0039737862280719E+024   41063780549.686127        4.0057961969974933E-004   9.3123616493119569E-018   2.0543681282570850E-030   1.9226868587557473E-043  -5.3397959896299238E-051  -3.2234587307218889E-059  -8.2640752282651405E-067  -5.1640964520953218E-074  -4.6718698803256921E-081
   8.7589249956120283E+036   2.9960151562604235E+046   8.6254738431327205E+043   3.3101093888950106E+035   1.0613002427035575E+024   43631750309.602760        4.2815722765536209E-004   1.0021960086361915E-017   2.2280405087410699E-030   2.1028669273385246E-043  -5.8927038765520384E-051  -3.5904937117136100E-059  -9.2932062688827976E-067  -5.8635539322762192E-074  -5.3565125288942588E-081
   8.7982399042540084E+036   3.0390567570227030E+046   8.8647224569984576E+043   3.4738508964340459E+035   1.1219020676761865E+024   46360315760.061981        4.5763340259351998E-004   1.0785629710364104E-017   2.4163948288930368E-030   2.2999321505544307E-043  -6.5028624858480009E-051  -3.9993206629205887E-059  -1.0450495723998682E-066  -6.6577503080039741E-074  -6.1414866483480547E-081
   8.8376409054932003E+036   3.0827025460839608E+046   9.1111994127274173E+043   3.6458562349191632E+035   1.1859664948515427E+024   49259520503.301651        4.8913885088325791E-004   1.1607490733426122E-017   2.6206722730769503E-030   2.5154648816322260E-043  -7.1761998315170072E-051  -4.4546981742356872E-059  -1.1751903252552390E-066  -7.5595176085033276E-074  -7.0414953900383248E-081
   8.8771296204556491E+036   3.1269617948084991E+046   9.3651514252830641E+043   3.8265486803042989E+035   1.2536914652612953E+024   52340036280.050461        5.2281327736980140E-004   1.2491977327164915E-017   2.8422189531581992E-030   2.7511957604083229E-043  -7.9192577426072133E-051  -4.9619266664313903E-059  -1.3215375981357725E-066  -8.5834259134793501E-074  -8.0733965898517486E-081
   8.9167077314147075E+036   3.1718439643411618E+046   9.6268347731430168E+043   4.0163734148964868E+035   1.3252862397805194E+024   55613202254.877098        5.5880600487630283E-004   1.3443861546392812E-017   3.0824947788899681E-030   3.0090176096695294E-043  -8.7392554205836309E-051  -5.5269100860603480E-059  -1.4861096005932241E-066  -9.7460187655825340E-074  -9.2565185281130355E-081
   8.9563769812605215E+036   3.2173587101298353E+046   9.8965157048725688E+043   4.2157986688514259E+035   1.4009720466823397E+024   59091066758.546959        5.9727663635531110E-004   1.4468279075786932E-017   3.3430830781866316E-030   3.2910006337601769E-043  -9.6441595777328017E-051  -6.1562246251697407E-059  -1.6711758712788036E-066  -1.1066080468617078E-073  -1.0613021962767036E-080
   8.9961391729453149E+036   3.2635158865598828E+046   1.0174470863933989E+044   4.4253169214032294E+035   1.4809827662444298E+024   62786431641.094666        6.3839576262630893E-004   1.5570756938453939E-017   3.6257010306784273E-030   3.5994090414925158E-043  -1.0642761838036843E-050  -6.8571952657013379E-059  -1.8792885761403814E-066  -1.2564939590298066E-073  -1.2168315216994288E-080
   9.0359961766100405E+036   3.3103255551443906E+046   1.0460987741438165E+044   4.6454461656158675E+035   1.5655656545397135E+024   66712899398.945496        6.8234571883779994E-004   1.6757243315887860E-017   3.9322109833009888E-030   3.9367192268358602E-043  -1.1744764152508410E-050  -7.6379810395257744E-059  -2.1133177042074390E-066  -1.4266813573329629E-073  -1.3951530096163654E-080
   9.0759499316850007E+036   3.3577979907675965E+046   1.0756365143973963E+044   4.8767312389738992E+035   1.6549821086356099E+024   70884923249.516998        7.2932139300828163E-004   1.8034139640207506E-017   4.2646327224852380E-030   4.3056396533681283E-043  -1.2960873058842345E-050  -8.5076699965058248E-059  -2.3764906463332702E-066  -1.6199200022773408E-073  -1.5996067548404577E-080
   9.1160024440609847E+036   3.4059436858810269E+046   1.1060913676810683E+044   5.1197452232131859E+035   1.7495084755701094E+024   75317860337.642181        7.7953109023146561E-004   1.9408335131821065E-017   4.6251567838169851E-030   4.7091326021539922E-043  -1.4302903701167359E-050  -9.4763849859815681E-059  -2.6724367027073462E-066  -1.8393320991837607E-073  -1.8340223289432073E-080
   9.1561557971256925E+036   3.4547733611455585E+046   1.1374956265575413E+044   5.3750909186981573E+035   1.8494369076410941E+024   80028028269.818222        8.3319745637827430E-004   2.0887243968862521E-017   5.0161588868725850E-030   5.1504379576768744E-043  -1.5783894620506580E-050  -1.0555401482934970E-058  -3.0052371329214341E-066  -2.0884627444526933E-073  -2.1027905110049325E-080
   9.1964121516631741E+036   3.5042979713308900E+046   1.1698828688524770E+044   5.6434023950590823E+035   1.9550762666188037E+024   85032765184.256332        8.9055846539133642E-004   2.2478845288937192E-017   5.4402155903506047E-030   5.6330992228160197E-043  -1.7418234431197404E-050  -1.1757278830286112E-058  -3.3794814388076987E-066  -2.3713372045885353E-073  -2.4109455302036805E-080
   9.2367737428381807E+036   3.5545287100549134E+046   1.2032880129459880E+044   5.9253466227844660E+035   2.0667530796937782E+024   90350493577.925934        9.5186847455015181E-004   2.4191726238999521E-017   5.9001212706613808E-030   6.1609919717588021E-043  -1.9221801614000956E-050  -1.3096006424932806E-058  -3.8003306562206404E-066  -2.6925259534551006E-073  -2.7642593607084534E-080
   9.2772428851798772E+036   3.6054770184123765E+046   1.2377473765866269E+044   6.2216251910604021E+035   2.1848125501409046E+024   96000788125.656845        1.0173993523865882E-003   2.6035128305633027E-017   6.3989065358577148E-030   6.7383549693141054E-043  -2.1212118784067118E-050  -1.4587166549084910E-058  -4.2735885285919703E-066  -3.0572185185860537E-073  -3.1693498350912282E-080
   9.3178219800348577E+036   3.6571545950538437E+046   1.2732987387242683E+044   6.5329761158950749E+035   2.3096196258221088E+024   102004447740.94452        1.0874416842522902E-003   2.8018997175698283E-017   6.9398581962478049E-030   7.3698242065025939E-043  -2.3408522932552011E-050  -1.6248115742189711E-058  -4.8057815437815798E-066  -3.4713073297041500E-073  -3.6338046013034115E-080
   9.3585135189966770E+036   3.7095734046902939E+046   1.3099814036704654E+044   6.8601757426271917E+035   2.4415601288255348E+024   108383572143.70616        1.1623060608838814E-003   3.0154036396361938E-017   7.5265409232896921E-030   8.0604701257161290E-043  -2.5832353295876918E-050  -1.8098186824550070E-058  -5.4042489379774817E-066  -3.9414829242113250E-073  -4.1663232450243559E-080
   9.3993200814773014E+036   3.7627456840512734E+046   1.3478362674197526E+044   7.2040407475391583E+035   2.5810419497351797E+024   115161643216.84975        1.2423244556799256E-003   3.2451765124019459E-017   8.1628207394914127E-030   8.8158383343496160E-043  -2.8507158677880004E-050  -2.0158913924114907E-058  -6.0772439078488295E-066  -4.4753420479093405E-073  -4.7768802394406015E-080
   9.4402443427045697E+036   3.8166839531419190E+046   1.3869058884467314E+044   7.5654302455441365E+035   2.7284963102648558E+024   122363611451.32352        1.3278516967974259E-003   3.4924580273688928E-017   8.8528904941077421E-030   9.6419941338202298E-043  -3.1458926239109363E-050  -2.2454283125671563E-058  -6.8340474267244836E-066  -5.0815103975622674E-073  -5.4769117746283080E-080
   9.4812890760087139E+036   3.8714010240603761E+046   1.4272345609767662E+044   7.9452480077600402E+035   2.8843790981344050E+024   130015987797.75481        1.4192670405954266E-003   3.7585823404188744E-017   9.6012974925087741E-030   1.0545571221524124E-042  -3.4716333976067660E-050  -2.5011011659902675E-058  -7.6850962343857732E-066  -5.7697819884840132E-073  -6.2795299659939679E-080
   9.5224571511279347E+036   3.9269100081015131E+046   1.4688683910472077E+044   8.3444447948794737E+035   3.0491722783249995E+024   138146941262.84259        1.5169758534030267E-003   4.0449852699966168E-017   1.0412973461288231E-029   1.1533824956788227E-042  -3.8311029343381785E-050  -2.7858858881964929E-058  -8.6421267655243648E-066  -6.5512773989489798E-073  -7.1997684540590968E-080
   9.5637515465771318E+036   3.9832243301874482E+046   1.5118553781262891E+044   8.7640208146008830E+035   3.2233853851298256E+024   146786402610.00760        1.6214114090699621E-003   4.3532120437947159E-017   1.1293267046571753E-029   1.2614690618522438E-042  -4.2277936725864349E-050  -3.1030972659266462E-058  -9.7183370017196708E-066  -7.4386234482219180E-073  -8.2548639958584991E-080
   9.6051753498270506E+036   4.0403577376146392E+046   1.5562454987290178E+044   9.2050283065016117E+035   3.4075570995603826E+024   155966174545.81003        1.7330368102701982E-003   4.6849256357359369E-017   1.2247979059676649E-029   1.3796847122357531E-042  -4.6655596747722861E-050  -3.4564275200266667E-058  -1.0928568478964866E-065  -8.4461572113111514E-073  -9.4645793223712023E-080
   9.6467317601033822E+036   4.0983243104216594E+046   1.6020907942773487E+044   9.6685742628089215E+035   3.6022569170293646E+024   165720048797.94614        1.8523470420787772E-003   5.0419157382339041E-017   1.3283400702380116E-029   1.5089786708892847E-042  -5.1486540715490656E-050  -3.8499892815204045E-058  -1.2289510960727595E-065  -9.5901576667643745E-073  -1.0851573309347695E-079
   9.6884240920148829E+036   4.1571384725332501E+046   1.6494454631518865E+044   1.0155823292011082E+036   3.8080869104731309E+024   176083930515.84036        1.9798711669283108E-003   5.4261084181404482E-017   1.4406355023687058E-029   1.6503891162623128E-042  -5.6817703832596537E-050  -4.2883634611007694E-058  -1.3819932599101544E-065  -1.0889108720300607E-072  -1.2441825395112534E-079
   9.7302557822021446E+036   4.2168150048631715E+046   1.6983659574873597E+044   1.0668000633128413E+036   4.0256835943831388E+024   187095970451.86093        2.1161746706786001E-003   5.8395765084766539E-017   1.5624241881283320E-029   1.8050515173552702E-042  -6.2700881200176694E-050  -4.7766525692225135E-058  -1.5540938758100548E-065  -1.2363997854019272E-072  -1.4265122195008446E-079
   9.7722303938351556E+036   4.2773690577422910E+046   1.7489110841318558E+044   1.1206395327883350E+036   4.2557198955075831E+024   198796705409.73401        2.2618619702026829E-003   6.2845507920142495E-017   1.6945086703954181E-029   1.9742077510858119E-042  -6.9193231034424834E-050  -5.3205401074227200E-058  -1.7476263068413479E-065  -1.4038655226538978E-072  -1.6355615427137990E-079
   9.8143516162128733E+036   4.3388161611435390E+046   1.8011421094834552E+044   1.1772363558626763E+036   4.4989072363185650E+024   211229207477.18509        2.4175790936089301E-003   6.7634320370462011E-017   1.8377593376295234E-029   2.1592160740687738E-042  -7.6357829989509268E-050  -5.9263567221620804E-058  -1.9652594727428237E-065  -1.5940138702995026E-072  -1.8752461599773304E-079
   9.8566232787976173E+036   4.4011722430242566E+046   1.8551228715972154E+044   1.2367332163563991E+036   4.7559977377609974E+024   224439242592.50928        2.5840165449851522E-003   7.2788039502843591E-017   1.9931201594208874E-029   2.3615620288794538E-042  -8.4264285981325209E-050  -6.6011538911934416E-058  -2.2099946558176806E-065  -1.8099171035925595E-072  -2.1500555442263345E-079
   9.8990493498656120E+036   4.4644536399665640E+046   1.9109198949403548E+044   1.2992802334238165E+036   5.0277865480152888E+024   238475439028.42111        2.7619123663671671E-003   7.8334471167679447E-017   2.1616149069136926E-029   2.5828703723730796E-042  -9.2989414465992888E-050  -7.3527860001394448E-058  -2.4852068902939696E-065  -2.0550636260691123E-072  -2.4651370817152896E-079
   9.9416339396128851E+036   4.5286771105901161E+046   1.9686025112210038E+044   1.3650353507737224E+036   5.3151143045490470E+024   253389466413.75476        2.9520554105106050E-003   8.4303540019940814E-017   2.3443538990935041E-029   2.8249181218403089E-042  -1.0261798474351839E-049  -8.1900017646206055E-058  -2.7946915059336102E-065  -2.3334143325817245E-072  -2.8263924864433694E-079
   9.9843813094378553E+036   4.5938598528272991E+046   2.0282429869244744E+044   1.4341647464210671E+036   5.6188697370953218E+024   269236225952.15695        3.1552888389789835E-003   9.0727450972119937E-017   2.5425413193945864E-029   3.0896488237543539E-042  -1.1324354353736412E-049  -9.1225460620537447E-058  -3.1427164677524885E-065  -2.6494666064983358E-072  -3.2405883437078983E-079
   1.0027295879179110E+037   4.6600195207017377E+046   2.0899166564811325E+044   1.5068432639265220E+036   5.9399924195969669E+024   286074052537.96570        3.3725138610598282E-003   9.7640862949896138E-017   2.7574831508409619E-029   3.3791881596821468E-042  -1.2496932385145326E-049  -1.0161273358405352E-057  -3.5340812336458159E-065  -3.0083269850850751E-072  -3.7154828533504713E-079
   1.0070382227274264E+037   4.7271742376931247E+046   2.1537020603616761E+044   1.5832548661611498E+036   6.2794756796216620E+024   303964929513.28558        3.6046937300884849E-003   1.0508107588799258E-016   2.9905957820109437E-029   3.6958610146688830E-042  -1.3790924793464452E-049  -1.1318274050145373E-057  -3.9741829415984188E-065  -3.4157936671465128E-072  -4.2599711466926067E-079
   1.0113645096752628E+037   4.7953426138323464E+046   2.2196810906624457E+044   1.6635931129935288E+036   6.6383696743090940E+024   322974716857.14111        3.8528580149017177E-003   1.1308823197513394E-016   3.2434153405355816E-029   4.0422101451485274E-042  -1.5218903409702884E-049  -1.2607015191975510E-057  -4.4690908392389397E-065  -3.8784501960208404E-072  -4.8842518990571567E-079
   1.0157089406892234E+037   4.8645437666462013E+046   2.2879391445836549E+044   1.7480616641675148E+036   7.0177846423859338E+024   343173393646.85309        4.1181071653626561E-003   1.2170553223389000E-016   3.5176078156355938E-029   4.4210165962763919E-042  -1.6794741813137286E-049  -1.4042497248351154E-057  -5.0256299821633467E-065  -4.4037718315905903E-072  -5.6000183586541173E-079
   1.0200720255089940E+037   4.9347973371534333E+046   2.3585652832172369E+044   1.8368748084164625E+036   7.4188943422612023E+024   364635315683.97638        4.4016173922018093E-003   1.3097946960391450E-016   3.8149800364005535E-029   4.8353220326268148E-042  -1.8533750120647773E-049  -1.5641428693326604E-057  -5.6514753552747086E-065  -5.0002463299891267E-072  -6.4206773699463783E-079
   1.0244542924110506E+037   5.0061235095890244E+046   2.4316523988356345E+044   1.9302580204719755E+036   7.8429396869182869E+024   387439489233.60773        4.7046458828143662E-003   1.4096007978615059E-016   4.1374915781536365E-029   5.2884531615629902E-042  -2.0452823732797955E-049  -1.7422420491002025E-057  -6.3552577151255091E-065  -5.6775110824722581E-072  -7.3616004939689905E-079
   1.0288562887855904E+037   5.0785430309394060E+046   2.5072973897295686E+044   2.0284485473056010E+036   8.2912325868377324E+024   411669861884.72870        5.0285363761425400E-003   1.5170121120138618E-016   4.4872676753606046E-029   5.7840484453889967E-042  -2.2570607481808126E-049  -1.9406202720252960E-057  -7.1466826128880763E-065  -6.4465088292435029E-072  -8.4404119292756661E-079
   1.0332785819777863E+037   5.1520772327099380E+046   2.5856013437716703E+044   2.1316960252200818E+036   8.7651600128772336E+024   437415631602.53583        5.3747251213647354E-003   1.6326081551967878E-016   4.8666132261747250E-029   6.3260873167723275E-042  -2.4907676776208981E-049  -2.1615865865174912E-057  -8.0366642393468812E-065  -7.3196644641420078E-072  -9.6773186264899498E-079
   1.0377217602506733E+037   5.2267480541699104E+046   2.6666697308512041E+044   2.2402631293887729E+036   9.2661882916936964E+024   464771575110.56348        5.7447472468149501E-003   1.7570126032815082E-016   5.2780279809027161E-029   6.9189221320254077E-042  -2.7486737502095117E-049  -2.4077129579775083E-057  -9.0374759377106315E-065  -8.3110857868727002E-072  -1.1095488779756716E-078
   1.0421864333236312E+037   5.3025780638227375E+046   2.7506126034520876E+044   2.3544262574364160E+036   9.7958676469902274E+024   493838396811.44934        6.1402435673746716E-003   1.8908966562409939E-016   5.7242230144783622E-029   7.5673131188184895E-042  -3.0332846623127868E-049  -2.6818642055233621E-057  -1.0162919459900607E-064  -9.4367914463849642E-072  -1.2721485784525598E-078
   1.0466732331551794E+037   5.3795904831441378E+046   2.8375448071957918E+044   2.4744762489951399E+036   1.0355837000694308E+025   524723099531.14233        6.5629678605247767E-003   2.0349826594891698E-016   6.2081385914918639E-029   8.2764665989406109E-042  -3.3473655622537325E-049  -2.9872313474259886E-057  -1.1428515300454874E-064  -1.0714969758340689E-071  -1.4585765790024575E-078
   1.0511828143816915E+037   5.4578092089834343E+046   2.9275862005023744E+044   2.6007191429937911E+036   1.0947829048911816E+025   557539378451.33301        7.0147946433222015E-003   2.1900480011665158E-016   6.7329635414991417E-029   9.0520767930224563E-042  -3.6939679152295544E-049  -3.3273687433829645E-057  -1.2851716732860313E-064  -1.2166272578453344E-071  -1.6723248165958702E-078
   1.0557158553940896E+037   5.5372588407443561E+046   3.0208618860185784E+044   2.7334769748932026E+036   1.1573675628443014E+025   592408039680.75623        7.4977274847889087E-003   2.3569293063993442E-016   7.3021562722879433E-029   9.9003715428971267E-042  -4.0764591499534900E-049  -3.7062354659528882E-057  -1.4452150499994263E-064  -1.3814148979886714E-071  -1.9173969568707868E-078
   1.0602730599021677E+037   5.6179647116620990E+046   3.1175024541306582E+044   2.8730886159523723E+036   1.2235313390490195E+025   629457445006.41797        8.0139078905740249E-003   2.5365269511621602E-016   7.9194675595709715E-029   1.0828162318731660E-041  -4.4985553750545497E-049  -4.1282413826987346E-057  -1.6251887477932972E-064  -1.5685224126026711E-071  -2.1983833858179618E-078
   1.0648551577085548E+037   5.6999529161038040E+046   3.2176442361128542E+044   3.0199106564204989E+036   1.2934789799059097E+025   668823984461.75537        8.5656247992865545E-003   2.7298099200967968E-016   8.5889652632819587E-029   1.1842898912466973E-041  -4.9643574830927395E-049  -4.5982984854194225E-057  -1.8275747045733137E-064  -1.7809729460172669E-071  -2.5205471911828075E-078
   1.0694629047313304E+037   5.7832503328899543E+046   3.3214295673354863E+044   3.1743183349526005E+036   1.3674269472633836E+025   710652578451.51843        9.1553247326094031E-003   2.9378210344977835E-016   9.3150611333464872E-029   1.2952729256733260E-041  -5.4783909929600617E-049  -5.1218780639230201E-057  -2.0551639358617500E-064  -2.0221991162835863E-071  -2.8899227440807629E-078
   1.0740970836739666E+037   5.8678846536429428E+046   3.4290070644217138E+044   3.3367065170432590E+036   1.4456040888869980E+025   755097211282.56213        9.7856226442065309E-003   3.1616825786709537E-016   1.0102539881568778E-028   1.4166564849564057E-041  -6.0456500177581000E-049  -5.7050743898235142E-057  -2.3110950244705684E-064  -2.2960984768778572E-071  -3.3134287273346589E-078
   1.0787585055072772E+037   5.9538844175085792E+046   3.5405319175284869E+044   3.5074907251221491E+036   1.5282523473104969E+025   802321498064.98804        1.0459313515532578E-002   3.4026023550214180E-016   1.0956590711208321E-028   1.5494152310244400E-041  -6.6716457853243032E-049  -6.3546756516173604E-057  -2.5988974033233355E-064  -2.6070964904887000E-071  -3.7989977276405945E-078
   1.0834480111041138E+037   6.0412790481442581E+046   3.6561661968756905E+044   3.6871082228642797E+036   1.6156275092613941E+025   852499287070.59924        1.1179384749965493E-002   3.6618802005400645E-016   1.1882841512015375E-028   1.6946151640858604E-041  -7.3624601828103936E-049  -7.0782429666980642E-057  -2.9225400283205746E-064  -2.9602180323718516E-071  -4.3557248189219991E-078
   1.0881664728635325E+037   6.1300988919582072E+046   3.7760791737873200E+044   3.8760191565243453E+036   1.7079999979825281E+025   905815299766.31848        1.1949029420223250E-002   3.9409149998472300E-016   1.2887395946058699E-028   1.8534221821947780E-041  -8.1248048455278168E-049  -7.8841983899798831E-057  -3.2864861124748343E-064  -3.3611685785708308E-071  -4.9940379199508709E-078
   1.0929147943575812E+037   6.2203752441775378E+046   3.9004476516118057E+044   4.0747077556957002E+036   1.8056557108883388E+025   962465810878.01245        1.2771660427806773E-002   4.2412122326308266E-016   1.3976873668727734E-028   2.0271114429576399E-041  -8.9660863641404345E-049  -8.7819229435185596E-057  -3.6957546761300697E-064  -3.8164263907829005E-071  -5.7258931171636401E-078
   1.0976939110032598E+037   6.3121403828134087E+046   4.0294563149505973E+044   4.2836835975005708E+036   1.9088969051749184E+025   1022659370989.8666        1.3650925637262444E-002   4.5643920962004803E-016   1.5158453949952923E-028   2.2170776025517846E-041  -9.8944782437284972E-049  -9.7818658081584672E-057  -4.1559897620777247E-064  -4.3333471873256222E-071  -6.5649986112165091E-078
   1.1025047924175307E+037   6.4054276155473975E+046   4.1632981001015732E+044   4.5034829378000680E+036   2.0180431341364040E+025   1086617574340.2184        1.4590724052378237E-002   4.9121982469818710E-016   1.6439922983093544E-028   2.4248460142713458E-041  -1.0919000313845886E-048  -1.0895665948157324E-056  -4.6735382700853172E-064  -4.9202829914004415E-071  -7.5270714819694844E-078
   1.1073484438053793E+037   6.5002713215196102E+046   4.3021745803973126E+044   4.7346701121249860E+036   2.1334322370672504E+025   1154575874639.3777        1.5595223106042113E-002   5.2865072081139767E-016   1.7829725193241434E-028   2.6520849765203854E-041  -1.2049606361082491E-048  -1.2136287584454413E-056  -5.2555374842194063E-064  -5.5867170769159581E-071  -8.6301320813021265E-078
   1.1122259074016092E+037   6.5967069949322266E+046   4.4462963699330806E+044   4.9778390103082334E+036   2.2554213858264093E+025   1226784451913.5173        1.6668877140435311E-002   5.6893384939066693E-016   1.9337018883045055E-028   2.9006191285999866E-041  -1.3297280835530291E-048  -1.3518171093441866E-056  -5.9100135000144738E-064  -6.3434171922261544E-071  -9.8948415679622001E-078
   1.1171382627204129E+037   6.6947712816401321E+046   4.5958835428985503E+044   5.2336146282680968E+036   2.3843881912944800E+025   1303509133565.3860        1.7816447159507830E-002   6.1228655057831537E-016   2.0971736582740378E-028   3.1724441018522238E-041  -1.4674145570709225E-048  -1.5057401087645559E-056  -6.6459919088538406E-064  -7.2026095374598858E-071  -1.1344888906731316E-077
   1.1220866279765349E+037   6.7945020254648442E+046   4.7511660762228196E+044   5.5026547018173521E+036   2.5207318731757576E+025   1385032373044.3293        1.9043021941332280E-002   6.5894272584952403E-016   2.2744650502075893E-028   3.4697425438042391E-041  -1.6193577553796237E-048  -1.6771893634713931E-056  -7.4736222659631913E-064  -8.1781763064394711E-071  -1.3007434580696396E-077
   1.1270721623104320E+037   6.8959383220193966E+046   4.9123843156989477E+044   5.7856514267211720E+036   2.6648744967690404E+025   1471654289728.7573        2.0354040603957568E-002   7.0915409998783305E-016   2.4667443515437599E-028   3.7949016439801277E-041  -1.7870338890359709E-048  -1.8681604793875776E-056  -8.4043180585008070E-064  -9.2858799849254066E-071  -1.4913619327695186E-077
   1.1320960670959603E+037   6.9991205676591015E+046   5.0797894613958358E+044   6.0833332689099664E+036   2.8172622805220538E+025   1563693773848.5474        2.1755316724826810E-002   7.6319157922334642E-016   2.6752786147940802E-028   4.1505323021060485E-041  -1.9720720226277912E-048  -2.0808762897154984E-056  -9.4509141039835526E-064  -1.0543618029233084E-070  -1.7099147429955965E-077
   1.1371595869733317E+037   7.1040905080790507E+046   5.2536440751898755E+044   6.3964668698142061E+036   2.9783669784277432E+025   1661489660515.7385        2.3253064120716729E-002   8.2134671286128215E-016   2.9014420069801018E-028   4.5394900926219421E-041  -2.1762699020264190E-048  -2.3178127279011244E-056  -1.0627843549662232E-063  -1.1971712040131273E-070  -1.9604955482390178E-077
   1.1422640114249963E+037   7.2108912927192080E+046   5.4342226141419493E+044   6.7258590521586981E+036   3.1486873415567515E+025   1765401977186.6907        2.4853924402521346E-002   8.8393326628687772E-016   3.1467248649184416E-028   4.9648981938369122E-041  -2.4016114204703843E-048  -2.5817276465925970E-056  -1.1951336913767991E-063  -1.3593236104281755E-070  -2.2477979166076842E-077
   1.1474106777714268E+037   7.3195675418665900E+046   5.6218119939349242E+044   7.0723589318874886E+036   3.3287506632682908E+025   1875813269149.3523        2.6564996427073335E-002   9.5128891383360320E-016   3.4127435160250917E-028   5.4301724658407024E-041  -2.6502858931729334E-048  -2.8756929180356097E-056  -1.3439645913521743E-063  -1.5434389608319994E-070  -2.5772032389190030E-077
   1.1526009712883598E+037   7.4301653940449683E+046   5.8167121694076764E+044   7.4368601400100307E+036   3.5191144128342272E+025   1993130007912.2852        2.8393867776594511E-002   1.0237770606480950E-015   3.7012509293544259E-028   5.9390488785368749E-041  -2.9247093277166030E-048  -3.2031301895423302E-056  -1.5113295166620928E-063  -1.7524920549231739E-070  -2.9548815262346485E-077
   1.1578363262827367E+037   7.5427325623846884E+046   6.0192367457769870E+044   7.8203031617341743E+036   3.7203679625856816E+025   2117784087683.7395        3.0348648405379947E-002   1.1017888033815563E-015   4.0141482670598943E-028   6.4956135100345904E-041  -3.2275478968885962E-048  -3.5678507102146752E-056  -1.6995365237310550E-063  -1.9898606180564274E-070  -3.3879069788519794E-077
   1.1631182294906028E+037   7.6573184111644978E+046   6.2297136270893168E+044   8.2236777997401286E+036   3.9331344139581621E+025   2250234415452.0581        3.2438006602926499E-002   1.1857450402863071E-015   4.3534974123968659E-028   7.1043353562749016E-041  -3.5617438420085763E-048  -3.9740996924906749E-056  -1.9111810930404691E-063  -2.2593798760401174E-070  -3.8843904914473822E-077
   1.1684482225431340E+037   7.7739740277830388E+046   6.4484856923669695E+044   8.6480257667050384E+036   4.1580725280523331E+025   2390968600518.9365        3.4671207432973736E-002   1.2760987421020376E-015   4.7215345568225708E-028   7.7701022153399324E-041  -3.9305440584138088E-048  -4.4266057248660618E-056  -2.1491819222713278E-063  -2.5654045218894637E-070  -4.4536315762936406E-077
   1.1738279025401136E+037   7.8927522821105419E+046   6.6759114969612154E+044   9.0944434133590213E+036   4.3958787666757901E+025   2540504749704.7798        3.7058153818909520E-002   1.3733373959839109E-015   5.1206849357273736E-028   8.4982599345819567E-041  -4.3375316408253305E-048  -4.9306358109371793E-056  -2.4168211767950983E-063  -2.9128790757487772E-070  -5.1062925501888060E-077
   1.1792589232043004E+037   8.0137078925176833E+046   6.9123660092553205E+044   9.5640846003593176E+036   4.6472894502268362E+025   2699393374837.9795        3.9609430457740472E-002   1.4779856356584582E-015   5.5535788099011283E-028   9.2946553357121937E-041  -4.7866606950758366E-048  -5.4920566753998210E-056  -2.7177897525900224E-063  -3.3074177748067012E-070  -5.8545982477504730E-077
   1.1847429984371699E+037   8.1368975137898147E+046   7.1582413915597473E+044   1.0058163722533235E+037   4.9130830391418462E+025   2868219419553.4355        4.2336350757370855E-002   1.5906080719980097E-015   6.0230687980474131E-028   1.0165683162521786E-040  -5.2822947544146266E-048  -6.1174030505838346E-056  -3.0562381757842115E-063  -3.7553952840071578E-070  -6.7125650018577615E-077
   1.1902819045145361E+037   8.2623798170269976E+046   7.4139478130742073E+044   1.0577958891637049E+037   5.1940825459188324E+025   3047604412858.6021        4.5251007005318228E-002   1.7118123392853730E-015   6.5322486745605028E-028   1.1118337428206573E-040  -5.8292491736249272E-048  -6.8139537383537121E-056  -3.4368338407590450E-063  -4.2640496931929143E-070  -7.6962631802189377E-077
   1.1958774822812038E+037   8.3902155722550394E+046   7.6799143014761418E+044   1.1124815286630178E+037   5.4911580852130039E+025   3238208757397.2949        4.8366323991342372E-002   1.8422523736044655E-015   7.0844737564363348E-028   1.2160267574595330E-040  -6.4328379128358583E-048  -7.5898163327082790E-056  -3.8648253761588575E-063  -4.8415994648340903E-070  -8.8241181955746401E-077
   1.2015316386623297E+037   8.5204677282094907E+046   7.9565896322905237E+044   1.1700148679920386E+037   5.8052295698961889E+025   3440734160835.3823        5.1696116321772470E-002   1.9826319410449055E-015   7.6833830136601151E-028   1.3299839894218429E-040  -7.0989251655595642E-048  -8.4540215892197912E-056  -4.3461150264507380E-063  -5.4973762218971197E-070  -1.0117255627687152E-076
   1.2072463488446133E+037   8.6532015005778788E+046   8.2444432633134459E+044   1.2305449149595061E+037   6.1372695614612842E+025   3655926219321.9023        5.5255149679698044E-002   2.1337084347565642E-015   8.3329230487708691E-028   1.4546204708413099E-040  -7.8339823325484790E-048  -9.4166285397387005E-056  -4.8873400472173648E-063  -6.2419755213431977E-070  -1.1599896921513821E-076
   1.2130236600806956E+037   8.7884844772258181E+046   8.5439663204012707E+044   1.2942284988037032E+037   6.4883062836289258E+025   3884577162539.0967        5.9059206302686851E-002   2.2962969613405859E-015   9.0373741036204310E-028   1.5909369840880090E-040  -8.6451508950053630E-048  -1.0488841575861424E-055  -5.4959642366702988E-063  -7.0874280493438953E-070  -1.3299813073293144E-076
   1.2188656932002701E+037   8.9263867073924369E+046   8.8556726205724307E+044   1.3612306814961385E+037   6.8594268084199679E+025   4127528770442.4829        6.3125154968368624E-002   2.4712747386240526E-015   9.8013782647018503E-028   1.7400280976655526E-040  -9.5403117979935489E-048  -1.1683140863969906E-055  -6.1803808656551390E-063  -8.0473940042603857E-070  -1.5248844802429427E-076
   1.2247746457834068E+037   9.0669808084059836E+046   9.1800997509753869E+044   1.4317251907985048E+037   7.2517804246476536E+025   4385675472435.5229        6.7471025798255355E-002   2.6595858285461580E-015   1.0629970052911645E-027   1.9030909551750737E-040  -1.0528162018146105E-047  -1.3013427609827323E-055  -6.9500284256121197E-063  -9.1373838080842069E-070  -1.7483498952392539E-076
   1.2307527953443395E+037   9.2103420762553531E+046   9.5178101994205751E+044   1.5058948761223247E+037   7.6665821992397914E+025   4659967640387.2539        7.2116090211506195E-002   2.8622462306913169E-015   1.1528609599321882E-027   2.0814348879180298E-040  -1.1618299059571224E-047  -1.4495185863557266E-055  -7.8155207907222085E-063  -1.0375008712433060E-069  -2.0045632291676320E-076
   1.2368025009271342E+037   9.3565485858999788E+046   9.8693925316012431E+044   1.5839321882846249E+037   8.1051167423911651E+025   4951415087614.2539        7.7080946383178861E-002   3.0803493639504168E-015   1.2503218625578804E-027   2.2764919283232802E-040  -1.2821314198878029E-047  -1.6145662748357575E-055  -8.7887935892487337E-063  -1.1780265348209430E-069  -2.2983235522928893E-076
   1.2429262064111306E+037   9.5056813104163404E+046   1.0235462632265446E+045   1.6660396846365042E+037   8.5687421882928654E+025   5261090786715.2236        8.2387610585952842E-002   3.3150719658860380E-015   1.3560219466027531E-027   2.4898283086174001E-040  -1.4148895385250236E-047  -1.7984069210746610E-055  -9.8832688026188020E-063  -1.3375858816467186E-069  -2.6351332185344632E-076
   1.2491264442415534E+037   9.6578242482288799E+046   1.0616665007712721E+045   1.7524305608213279E+037   9.0588944037524050E+025   5590134819944.7451        8.8059614820370835E-002   3.5676804416306713E-015   1.4706577388705553E-027   2.7231570370681323E-040  -1.5613940795298701E-047  -2.0031803629002252E-055  -1.1114039862159641E-062  -1.5187569540751564E-069  -3.0213009287445401E-076
   1.2554058372557159E+037   9.8130645373789967E+046   1.1013674141312516E+045   1.8433292103967585E+037   9.5770914376888079E+025   5939758576666.1582        9.4122111166519695E-002   3.8395376965721537E-015   1.5949846494085061E-027   2.9783516527833446E-040  -1.7230684145940480E-047  -2.2312700882514712E-055  -1.2498079796078793E-062  -1.7244669808243386E-069  -3.4640598974789002E-076
   1.2617671031311404E+037   9.9714925979367417E+046   1.1427195926406749E+045   1.9389718141146614E+037   1.0124938225412231E+026   6311249213346.7344       0.10060198331993125        4.1321104896916216E-015   1.7298219494023165E-027   3.2574612695114854E-040  -1.9014832982789257E-047  -2.4853309781131487E-055  -1.4054475297154317E-062  -1.9580396729874954E-069  -3.9717033366144035E-076
   1.2682130585773606E+037   1.0133202277102102E+047   1.1857969166550304E+045   2.0396069602188164E+037   1.0704131562200944E+026   6705974392510.9688       0.10752796580628909        4.4469773472274916E-015   1.8760581698945761E-027   3.5627270292394615E-040  -2.0983721287604941E-047  -2.7683202083671859E-055  -1.5804689939061332E-062  -2.2232489261160347E-069  -4.5537397935246793E-076
   1.2747466214871440E+037   1.0298290980181000E+047   1.2306767137026886E+045   2.1454962972491052E+037   1.1316465361536666E+026   7125387318095.5107       0.11493077140357695        4.7858370793621667E-015   2.0346569569021633E-027   3.8966000977039450E-040  -2.3156477887467592E-047  -3.0835316702474133E-055  -1.7772860171237725E-062  -2.5243797960528896E-069  -5.2210712534165360E-076
   1.2813708144070292E+037   1.0466859818592259E+047   1.2774399227552005E+045   2.2569152213234866E+037   1.1963836214391624E+026   7571032085752.3760       0.12284322733675160        5.1505179458824035E-015   2.2066634215160686E-027   4.2617613463134236E-040  -2.5554212301864924E-047  -3.4346343100393656E-055  -1.9986128174227573E-062  -2.8662977337191094E-069  -5.9861973418199784E-076
   1.2880887682091972E+037   1.0639013765056134E+047   1.3261712664553579E+045   2.3741535996325257E+037   1.2648249266772393E+026   8044549367797.3838       0.13130042084888388        5.5429875202652310E-015   2.3932110268286515E-027   4.6611428785193379E-040  -2.8200219833300465E-047  -3.8257148342854556E-055  -2.2475016165766753E-062  -3.2545271974986927E-069  -6.8634494521004359E-076
   1.2949037264849512E+037   1.0814861821170272E+047   1.3769594319579015E+045   2.4975165320978527E+037   1.3371824433757449E+026   8547682453736.1963       0.14033985479430897        5.9653633054097460E-015   2.5955290570708912E-027   5.0979515734849116E-040  -3.1120207893991470E-047  -4.2613252775687340E-055  -2.5273847319505758E-062  -3.6953409133830373E-069  -7.8692591833803625E-076
   1.3018190491768113E+037   1.0994517183366601E+047   1.4298972599905953E+045   2.6273251530777699E+037   1.4136802969242901E+026   9082283668604.4766       0.15000161394374520        6.4199241582899993E-015   2.8149507181786890E-027   5.5756948360983724E-040  -3.4342545767545393E-047  -4.7465359865471106E-055  -2.8421219101077889E-062  -4.1958612250750218E-069  -9.0224661169174906E-076
   1.3088382180024072E+037   1.1178097432407542E+047   1.4850819439567370E+045   2.7639174754602131E+037   1.4945554411851616E+026   9650321192760.8105       0.16032854273889108        6.9091225851697101E-015   3.0529219231683923E-027   6.0982087600935638E-040  -3.7898540232188681E-047  -5.2869946369532332E-055  -3.1960535549088680E-062  -4.7641751715936959E-069  -1.0344670695826704E-075
   1.3159648409435468E+037   1.1365724720304974E+047   1.5426152380439864E+045   2.9076492791343464E+037   1.5800583928446149E+026   10253886308234.475       0.17136643528472012        7.4355979737151467E-015   3.3110108202141099E-027   6.6696889304169953E-040  -4.1822739723380047E-047  -5.8889919704965895E-055  -3.5940605841483948E-062  -5.4094651517191569E-069  -1.1860638817852153E-075
   1.3232026551735857E+037   1.1557525948035537E+047   1.6026036743652348E+045   3.0588950461072112E+037   1.6704540077977237E+026   10895201098305.287       0.18316423842198196        8.0021908333979022E-015   3.5909181262135751E-027   7.2947241121725693E-040  -4.6153269990915028E-047  -6.5595350168216424E-055  -4.0416317401867940E-062  -6.1421572864581097E-069  -1.3598765719521402E-075
   1.3305555316483776E+037   1.1753632966211406E+047   1.6651587914311988E+045   3.2180489450281903E+037   1.7660223019854086E+026   11576626628673.938       0.19577426878047316        8.6119581210203032E-015   3.8944883339375450E-027   7.9783330966537219E-040  -5.0932204511619221E-047  -7.3064286527995319E-055  -4.5449392828293106E-062  -6.9740898766624514E-069  -1.5591607840586734E-075
   1.3380274800621499E+037   1.1954182786536291E+047   1.7303973737688325E+045   3.3855258676091560E+037   1.8670593192240720E+026   12300671640341.562       0.20925244477558511        9.2681897340498798E-015   4.2237218666140609E-027   8.7260050003227053E-040  -5.6205973256393984E-047  -8.1383664484741138E-055  -5.1109241083001027E-062  -7.9187046776158230E-069  -1.7876492630981163E-075
   1.3456226550773762E+037   1.2159317813977231E+047   1.7984417038023936E+045   3.5617625197766280E+037   1.9738780487225152E+026   13070001786208.457       0.22365853457693682        9.9744262607506001E-015   4.5807882600423283E-027   9.5437433403226423E-040  -6.2025813783014031E-047  -9.0650318570766791E-055  -5.7473914681508183E-062  -8.9912640810631791E-069  -2.0496217722439960E-075
   1.3533453618293781E+037   1.2369186079463355E+047   1.8694198253374287E+045   3.7472185702289942E+037   2.0868093951219873E+026   13887449445392.557       0.23905642114867184        1.0734478082878429E-014   4.9680404591017999E-027   1.0438114240431893E-039  -6.8448269037293078E-047  -1.0097210926924627E-054  -6.4631186081219588E-062  -1.0209097713751668E-068  -2.3499852560806563E-075
   1.3612000600583259E+037   1.2583941466180368E+047   1.9434658187609333E+045   3.9423778593430090E+037   2.2062032040627852E+026   14756024151399.400       0.25551438553672934        1.1552445934006879E-014   5.3880303228656158E-027   1.1416299154536142E-039  -7.5535736699030335E-047  -1.1246917847130059E-054  -7.2679758113583306E-062  -1.1591882436841682E-068  -2.6943657514208969E-075
   1.3691913697548338E+037   1.2803743959887390E+047   2.0207200903769689E+045   4.1477496719297761E+037   2.3324293464698050E+026   15678923672550.158       0.27310540965937308        1.2432743024402815E-014   5.8435254404922543E-027   1.2486152530968251E-039  -8.3357075409941781E-047  -1.2527534788425602E-054  -8.1730625152338818E-062  -1.3161960270214179E-068  -3.0892137672706405E-075
   1.3773240761205231E+037   1.3028759900612563E+047   2.1013296751259848E+045   4.3638700769579882E+037   2.4658788649083301E+026   16659545785455.682       0.29190749994366211        1.3380118851823444E-014   6.3375273687062759E-027   1.3656264880738478E-039  -9.1988273773415347E-047  -1.3953967666804340E-054  -9.1908603789146129E-062  -1.4944699378462705E-068  -3.5419251077879399E-075
   1.3856031354102022E+037   1.3259162252671158E+047   2.1854485543689243E+045   4.5913033379552737E+037   2.6069651855713889E+026   17701500784891.730       0.31200403324306208        1.4399684826702715E-014   6.8732914110473531E-027   1.4936031756069366E-039  -1.0151318862579498E-046  -1.5542819643007003E-054  -1.0335405412548789E-061  -1.6968903951118234E-068  -4.0609794013428646E-075
   1.3940336833318149E+037   1.3495130912158015E+047   2.2732379906485822E+045   4.8306433980312024E+037   2.7561253996660278E+026   18808624776144.633       0.33348412657020821        1.5496941849985065E-014   7.4543480692264966E-027   1.6335729193107442E-039  -1.1202435975191302E-046  -1.7312584377328595E-054  -1.1622481541844726E-061  -1.9267279599652394E-068  -4.6560989304336340E-075
   1.4026210413289997E+037   1.3736853001867003E+047   2.3648668770203494E+045   5.0825154428806541E+037   2.9138216181466051E+026   19984993798746.238       0.35644303228430213        1.6677809992396748E-014   8.0845263079462532E-027   1.7866596224587302E-039  -1.2362390896027886E-046  -1.9283861289160504E-054  -1.3069838277401821E-061  -2.1876961790803192E-068  -5.3384307374647689E-075
   1.4113707212998948E+037   1.3984523159061728E+047   2.4605121019736461E+045   5.3475775459247920E+037   3.0805424039959816E+026   21234938833601.027       0.38098256048560297        1.7948660435284931E-014   8.7679787864923334E-027   1.9540925124993761E-039  -1.3642453225293898E-046  -2.1479595326812167E-054  -1.4697435490579479E-061  -2.4840115854263091E-068  -6.1207554173678838E-075
   1.4202884320511171E+037   1.4238343852697906E+047   2.5603589330403596E+045   5.6265224003434339E+037   3.2568042865131523E+026   22563061748776.227       0.40721153049019576        1.9316349845358430E-014   9.5092092233649909E-027   2.1372160112857402E-039  -1.5055059472949445E-046  -2.3925344038447641E-054  -1.6527718671503421E-061  -2.8204618259215976E-068  -7.0177265079108883E-075
   1.4293800869404547E+037   1.4498525725127557E+047   2.6646014196295418E+045   5.9200791425197890E+037   3.4431533622999857E+026   23974252242664.289       0.43524625338709999        2.0788257368793887E-014   1.0313102074273974E-026   2.3375005302725761E-039  -1.6613933886287774E-046  -2.6649575052747262E-054  -1.8585928465174903E-061  -3.2024830167291842E-068  -8.0461449616593941E-075
   1.4386518128338349E+037   1.4765287960979984E+047   2.7734428161735232E+045   6.2290152717548156E+037   3.6401669879129644E+026   25473705846903.598       0.46521104781762990        2.2372324444304137E-014   1.1184954719065379E-026   2.5565542773624282E-039  -1.8334221788596048E-046  -2.9683997431863258E-054  -2.0900448754363036E-061  -3.6362475760443609E-068  -9.2252738406604844E-075
   1.4481099560512582E+037   1.5038858634102742E+047   2.8870960232318170E+045   6.5541386706960077E+037   3.8484555693987889E+026   27066943055314.789       0.49723879126410619        2.4077097649972030E-014   1.2130512369680775E-026   2.7961361702050750E-039  -2.0232636724357756E-046  -3.3063930753497850E-054  -2.3503198089541644E-061  -4.1287639535125583E-068  -1.0577199128320932E-074
   1.4577610907064358E+037   1.5319475094557039E+047   3.0057840515674404E+045   6.8962997325689696E+037   4.0686644542965361E+026   28759829649316.688       0.53147150929276343        2.5911774815026572E-014   1.3156005929181552E-026   3.0581699596394471E-039  -2.2327622840595166E-046  -3.6828716218088828E-054  -2.6430069863914807E-061  -4.6879898676326174E-068  -1.2127243416763278E-074
   1.4676120277531313E+037   1.5607384377404782E+047   3.1297405090104236E+045   7.2563936006034512E+037   4.3014759319620231E+026   30558598294648.559       0.56806100536381487        2.7886254645350431E-014   1.4268193051316768E-026   3.3447596766838988E-039  -2.4639534081976806E-046  -4.1022174566243051E-054  -2.9721427303796123E-061  -5.3229608807528484E-068  -1.3904440218340571E-074
   1.4776698215098670E+037   1.5902843595593852E+047   3.2592101085639547E+045   7.6353625250520933E+037   4.5476113483914944E+026   32469871488891.941       0.60716953400144491        3.0011190130463397E-014   1.5474402671202506E-026   3.6582065271082373E-039  -2.7190831940669317E-046  -4.5693116136412104E-054  -3.3422660100542052E-061  -6.0439363890806915E-068  -1.5942077785527816E-074
   1.4879417798560914E+037   1.6206120390795631E+047   3.3944492038834732E+045   8.0341983449975556E+037   4.8078333421475535E+026   34500685944328.375       0.64897052030914415        3.2298046020136700E-014   1.6782583300557169E-026   4.0010273692448325E-039  -3.0006303682185181E-046  -5.0895908999701337E-054  -3.7584810360313936E-061  -6.8625653865063179E-068  -1.8278322625353972E-074
   1.4984354723690175E+037   1.6517493374824226E+047   3.5357263486509516E+045   8.4539451005867243E+037   5.0829482082757699E+026   36658518495865.477       0.69364932902085441        3.4759160680740653E-014   1.8201355405740563E-026   4.3759749234084597E-039  -3.3113303167410507E-046  -5.6691111784696931E-054  -4.2265276503872970E-061  -7.7920746805309239E-068  -2.0956934387277129E-074
   1.5091587405015609E+037   1.6837252611593836E+047   3.6833228845070268E+045   8.8957017832647844E+037   5.3738083975736200E+026   38951313629454.977       0.74140408649846234        3.7407812665065719E-014   1.9740068213752287E-026   4.7860598751991442E-039  -3.6542016610534316E-046  -6.3146178558167504E-054  -4.7528604823591397E-061  -8.8474826013555765E-068  -2.4028085514901423E-074
   1.5201197068720802E+037   1.7165700104839864E+047   3.8375335563619765E+045   9.3606252307736986E+037   5.6813151589361285E+026   41387512732335.680       0.79244655932066888        4.0258292354783921E-014   2.1408861320521197E-026   5.2345750501690340E-039  -4.0325755854864726E-046  -7.0336243966199379E-054  -5.3447379613703047E-061  -1.0045841657086180E-067  -2.7549301014240187E-074
   1.5313267851796774E+037   1.7503150310612833E+047   3.9986671577245153E+045   9.8499331748104049E+037   6.0064213329826837E+026   43976085172811.109       0.84700309335941260        4.3325979062087135E-014   2.3218731507464957E-026   5.7251218539670078E-039  -4.4501282015870365E-046  -7.8344997774528505E-054  -6.0103224149201083E-061  -1.1406514055700420E-067  -3.1586535941105837E-074
   1.5427886916532314E+037   1.7849930686993898E+047   4.1670472083461911E+045   1.0364907449572685E+038   6.3501343056355950E+026   46726561324004.523       0.90531561750823153        4.6627424006495944E-014   2.5181605206619148E-026   6.2616391902654375E-039  -4.9109162635820555E-046  -8.7265658987407784E-054  -6.7587926317455757E-061  -1.2951484545460041E-067  -3.6215410789791892E-074
   1.5545144544286902E+037   1.8206382236379127E+047   4.3430126623735080E+045   1.0906897368975611E+038   6.7135191307726957E+026   49649067653146.352       0.96764271651343547        5.0180439614523905E-014   2.7310417091856029E-026   6.8484350886690178E-039  -5.4194165819978465E-046  -9.7202060883403896E-054  -7.6004704425656008E-061  -1.4705715628415385E-067  -4.1522627922823809E-074
   1.5665134265352159E+037   1.8572860113274388E+047   4.5269186538668399E+045   1.1477323282559423E+038   7.0977018316917572E+026   52754364005649.383        1.0342607776658652        5.4004195624008457E-014   2.9619195314085646E-026   7.4902212965663866E-039  -5.9805695183603579E-046  -1.0826985959755774E-053  -8.5469630640288972E-061  -1.6697550886283758E-067  -4.7607595572595787E-074
   1.5787952952364402E+037   1.8949734205542191E+047   4.7191372744612549E+045   1.2077680318025181E+038   7.5038728915476713E+026   56053883221169.656        1.1054652164378447        5.8119322511616553E-014   3.2123153942108081E-026   8.1921511126835081E-039  -6.5998269835511835E-046  -1.2059788031736834E-053  -9.6113231688700107E-061  -1.8959172935346469E-067  -5.4584289833688299E-074
   1.5913700938633898E+037   1.9337389768585052E+047   4.9200583907078055E+045   1.2709542321503747E+038   7.9332909436472178E+026   59559773227583.469        1.1815717865007853        6.2548022801561514E-014   3.4838793218274534E-026   8.9598607661286782E-039  -7.2832054061505361E-046  -1.3432961676184780E-053  -1.0808228889732991E-060  -2.1527123409666899E-067  -6.2583389522412460E-074
   1.6042482177333767E+037   1.9736228136152046E+047   5.1300905047680414E+045   1.3374566006391113E+038   8.3872866730668058E+026   63284941767894.648        1.2629179799328740        6.7314190856086264E-014   3.7784008289610451E-026   9.7995146731875601E-039  -8.0373441853843050E-046  -1.4962490139705250E-053  -1.2154186239019082E-060  -2.4442893374139967E-067  -7.1754723891140202E-074
   1.6174404347410327E+037   2.0146667384108685E+047   5.3496616508351642E+045   1.4074495319625902E+038   8.8672669415794227E+026   67243103924634.406        1.3498645238254448        7.2443541794010228E-014   4.0978207130898261E-026   1.0717854935262559E-038  -8.8695701965776442E-046  -1.6666176582879367E-053  -1.3667756736243463E-060  -2.7753593706835669E-067  -8.2270079044984460E-074
   1.6309578970039316E+037   2.0569143031202386E+047   5.5792203355040182E+045   1.4811166038269295E+038   9.3747191487491675E+026   71448832616809.016        1.4427969799251525        7.7963750232911533E-014   4.4442438436797038E-026   1.1722255475406928E-038  -9.7879689758218122E-046  -1.8563851302684380E-053  -1.5369813382013412E-060  -3.1512716282187100E-067  -9.4326415627169812E-074
   1.6448121563435432E+037   2.1004108816809084E+047   5.8192365273169381E+045   1.5586510609243347E+038   9.9112158427547674E+026   75917612255367.594        1.5421274544058332        8.3904599603515157E-014   4.8199530325768693E-026   1.2820781248150245E-038  -1.0801463275453549E-045  -2.0677602550059616E-053  -1.7283828508656424E-060  -3.5780998253667520E-067  -1.0814955804281211E-073
   1.6590151790589870E+037   2.1452037495962880E+047   6.0702026929773869E+045   1.6402563243970264E+038   1.0478419595181965E+027   80665895754685.312        1.6482964253517296        9.0298142841884321E-014   5.2274240769821565E-026   1.4022252998047582E-038  -1.1919899753556841E-045  -2.3032033629251623E-053  -1.9436197477123399E-060  -4.0627403400405884E-067  -1.2399842432310026E-073
   1.6735793611878042E+037   2.1913421668675136E+047   6.3326348837422637E+045   1.7261465281628555E+038   1.1078088154912898E+027   85711165109990.156        1.7617746960561700        9.7178875326410236E-014   5.6693420741355060E-026   1.5336318086939378E-038  -1.3154144639724176E-045  -2.5654549271483580E-053  -2.1856602684133100E-060  -4.6130236393625306E-067  -1.4216987585848394E-073
   1.6885175424423910E+037   2.2388774619226735E+047   6.6070738723239399E+045   1.8165470834704724E+038   1.1712079897064473E+027   91071995763744.828        1.8830654827974631        1.0458392099265309E-013   6.1486191152188114E-026   1.6773527958638239E-038  -1.4516189306523381E-045  -2.8575674616236496E-053  -2.4578422899425365E-060  -5.2378407986410059E-067  -1.6300427784009189E-073
   1.7038430214548086E+037   2.2878631202905057E+047   6.8940863456998880E+045   1.9116952732396503E+038   1.2382359583905723E+027   96768124998017.266        2.0127066463504923        1.1255323263019769E-013   6.6684134750743792E-026   1.8345422863055543E-038  -1.6019266772356107E-045  -3.1829410512971202E-053  -2.7639193578119203E-060  -5.9472871568816747E-067  -1.8689187456072179E-073
   1.7195695742606013E+037   2.3383548810207789E+047   7.1942661589337061E+045   2.0118408778158514E+038   1.3091004455650914E+027   102820524604698.39        2.1512730771299520        1.2112980744220374E-013   7.2321504241932425E-026   2.0064624520071536E-038  -1.7677980267598680E-045  -3.5453629278877967E-053  -3.1081124496148465E-060  -6.7528254299143920E-067  -2.1428009898968952E-073
   1.7357114692492517E+037   2.3904108313173586E+047   7.5082356448103044E+045   2.1172468336038606E+038   1.3840210669905421E+027   109251478101011.33        2.2993792445414623        1.3035991903065633E-013   7.8435448001169027E-026   2.1944937467203883E-038  -1.9508445113116410E-045  -3.9490515519131531E-053  -3.4951681847263515E-060  -7.6674709165988673E-067  -2.4568195353548244E-073
   1.7522834843693842E+037   2.4440915076915196E+047   7.8366469888397848E+045   2.2281899264737443E+038   1.4632300109816879E+027   116084662774714.73        2.4576819218462669        1.4029336705897426E-013   8.5066254869911694E-026   2.4001459904859674E-038  -2.1528445289580988E-045  -4.3987057140644196E-053  -3.9304242829052711E-060  -8.7060017905364191E-067  -2.8168561897434473E-073
   1.7693009284001173E+037   2.4994600066423564E+047   8.1801836752639578E+045   2.3449615218361640E+038   1.5469727582080713E+027   123345236861138.11        2.6268830986232992        1.5098374593900585E-013   9.2257619645847065E-026   2.6250704929217759E-038  -2.3757606218750246E-045  -4.8995592274544013E-053  -4.4198831745101970E-060  -9.8851978750284994E-067  -3.2296547152741761E-073
   1.7867796599121159E+037   2.5565820957421193E+047   8.5395619994735155E+045   2.4678683331283242E+038   1.6355088427009217E+027   131059932172902.17        2.8077330937432325        1.6248873399205831E-013   1.0005693101721032E-025   2.8710733126194844E-038  -2.6217585435375880E-045  -5.4574418473359425E-053  -4.9702947774562522E-060  -1.1224111759233806E-066  -3.7029471444474598E-073
   1.8047361042915501E+037   2.6155263256075471E+047   8.9155326502638447E+045   2.5972332307367626E+038   1.7291126564254268E+027   139257152523374.89        3.0010338826589948        1.7487040464408725E-013   1.0851558383863147E-025   3.1401297591175088E-038  -2.8932283002223059E-045  -6.0788471273749658E-053  -5.5892495824545638E-060  -1.2744376636021603E-066  -4.2455986069542589E-073
   1.8231872751880381E+037   2.6763641524593272E+047   9.3088823736903556E+045   2.7333960936963034E+038   1.8280742999251515E+027   147967078306400.81        3.2076426537685720        1.8819556133408114E-013   1.1768931780631338E-025   3.4344002538960017E-038  -3.1928073712503318E-045  -6.7710080023012659E-053  -6.2852833302335986E-060  -1.4470555835341877E-066  -4.8677733803582354E-073
   1.8421507944280378E+037   2.7391700625465675E+047   9.7204357145337542E+045   2.8767147062254147E+038   1.9327004816647224E+027   157221777617226.00        3.4284756096200364        2.0253609794257271E-013   1.2763858476429317E-025   3.7562476777515277E-038  -3.5234063335695748E-045  -7.5419809766921229E-053  -7.0679947243012910E-060  -1.6430539700618060E-066  -5.5811252748154900E-073
   1.8616449136911448E+037   2.8040217035877951E+047   1.0151056843559319E+046   3.0275657015724323E+038   2.0433154688656713E+027   167055324323838.56        3.6645120298158109        2.1796938668493359E-013   1.3842894706222010E-025   4.1082563438445417E-038  -3.8882371396329238E-045  -8.4007398998164444E-053  -7.9481778025748188E-060  -1.8655996220602760E-066  -6.3990159178840982E-073
   1.8816885389664605E+037   2.8710000250986469E+047   1.0601651476212447E+046   3.1863455557077485E+038   2.1602620927862783E+027   177503923523496.38        3.9167986136334147        2.3457869556228482E-013   1.5013150958970165E-025   4.4932527487662452E-038  -4.2908443233079813E-045  -9.3572804180455641E-053  -8.9379707933590393E-060  -2.1182882697678692E-066  -7.3367650280658309E-073
   1.9023012533642387E+037   2.9401894209457423E+047   1.1073168880857573E+046   3.3534716333292088E+038   2.2839028115526063E+027   188606044846245.78        4.1864541216194366        2.5245363762230391E-013   1.6282338833417502E-025   4.9143282682479660E-038  -4.7351394370011585E-045  -1.0422736320619477E-052  -1.0051023508483024E-059  -2.4052026719768984E-066  -8.4119373648957590E-073
   1.9235033430069429E+037   3.0116778817470933E+047   1.1566603987729274E+046   3.5293832891162721E+038   2.4146208338469570E+027   200402564096386.47        4.4746743367407689        2.7169065445387873E-013   1.7658821854995915E-025   5.3748639797514135E-038  -5.2254390545721295E-045  -1.1609509132992314E-052  -1.1302685582042707E-059  -2.7309785822779156E-066  -9.6446717303759609E-073
   1.9453158195837933E+037   3.0855571471327173E+047   1.2082999593897444E+046   3.7145430268958970E+038   2.5528213069221778E+027   212936913753205.00        4.7827373670922908        2.9239353652420370E-013   1.9151670588714201E-025   5.8785578112556777E-038  -5.7665067092581379E-045  -1.2931412466177367E-052  -1.2710218150669812E-059  -3.1008796501916696E-066  -1.1058058184202743E-072
   1.9677604441850816E+037   3.1619228652719146E+047   1.2623448675580262E+046   3.9094377199456233E+038   2.6989325726355351E+027   226255242885238.75        5.1120093136766505        3.1467398316575029E-013   2.0770722411207165E-025   6.4294542342358138E-038  -6.3635991740585847E-045  -1.4403832802267125E-052  -1.4293031894520137E-059  -3.5208824673868982E-066  -1.2678570538319104E-072
   1.9908597558170082E+037   3.2408747655599641E+047   1.3189096818357436E+046   4.1145798958041626E+038   2.8534074954062764E+027   240406587067002.44        5.4639503283909905        3.3865220523447019E-013   2.2526646335824621E-025   7.0319767392568595E-038  -7.0225175342200986E-045  -1.6043908587615291E-052  -1.6072954721703923E-059  -3.9977731330990905E-066  -1.4536562231748244E-072
   2.0146371007879833E+037   3.3225168387258769E+047   1.3781144765243853E+046   4.3305090888425010E+038   3.0167248662055599E+027   255443048923692.22        5.8401210890841622        3.6445757369077636E-013   2.4431013317935905E-025   7.6909633549500662E-038  -7.7496635480196587E-045  -1.7870729718261885E-052  -1.8074532787680490E-059  -4.5392568989840350E-066  -1.6666834873825353E-072
   2.0391166629689900E+037   3.4069575246192596E+047   1.4400851088268551E+046   4.5577932641675122E+038   3.1893908869319138E+027   271419989968629.53        6.2421897203982342        3.9222931760263193E-013   2.6496372503739079E-025   8.4117054955755794E-038  -8.5521018434225089E-045  -1.9905559739541273E-052  -2.0325369000848221E-059  -5.1540826649681128E-066  -1.9109290105079796E-072
   2.0643234920807486E+037   3.4943099030737243E+047   1.5049534984669985E+046   4.7970303164832369E+038   3.3719407397654594E+027   288396234439658.88        6.6719391910841859        4.2211727533671119E-013   2.8736333925028701E-025   9.1999904491028506E-038  -9.4376285548899532E-045  -2.2172083346197496E-052  -2.2856503682516442E-059  -5.8521843376087386E-066  -2.1909676985623437E-072
   2.0902835308701906E+037   3.5846918893594793E+047   1.5728579204890992E+046   5.0488496478893379E+038   3.5649402463677867E+027   306434285885028.44        7.1312752205952901        4.5428270299058134E-013   3.1165658184854265E-025   1.0062147846972247E-037  -1.0414847067182187E-044  -2.4696682063820939E-052  -2.5702842630779636E-059  -6.6448413349307729E-066  -2.5120448910204727E-072
   2.1170236498353316E+037   3.6782264493661257E+047   1.6439433133566957E+046   5.3139138291973302E+038   3.7689876221002595E+027   325600557296603.38        7.6222347300228517        4.8889914442777180E-013   3.3800353725071568E-025   1.1005100488673654E-037  -1.1493251602050263E-044  -2.7508741320441878E-052  -2.8903638491542856E-059  -7.5448608310596852E-066  -2.8801746100608306E-072
   2.1445716825170475E+037   3.7750418231903311E+047   1.7183616019150600E+046   5.5929203488460884E+038   3.9847153306795248E+027   345965615637486.69        8.1469948748483851        5.2615336760983923E-013   3.6657782316746912E-025   1.2036419929244108E-037  -1.2683319459908524E-044  -3.0640992482485405E-052  -3.2503032075081692E-059  -8.5667846852279779E-066  -3.3022522078238657E-072
   2.1729564574087766E+037   3.8752717504300425E+047   1.7962720352136917E+046   5.8866034538257836E+038   4.2127920450059847E+027   367604441664185.19        8.7078826995668219        5.6624637227724642E-013   3.9756773468560125E-025   1.3164387276030964E-037  -1.3996612812666538E-044  -3.4129893836264304E-052  -3.6550661083203000E-059  -9.7271243985632007E-066  -3.7861835216585619E-072
   2.2022078358589371E+037   3.9790557138340419E+047   1.8778415415777440E+046   6.1957360879410785E+038   4.4539247202775185E+027   390596706000428.81        9.3073854569974888        6.0939447441595036E-013   4.3117748507124294E-025   1.4398059682897135E-037  -1.5445891036696073E-044  -3.8016054949501925E-052  -4.1102344641707272E-059  -1.1044627894919336E-065  -4.3410329565345700E-072
   2.2323567471475927E+037   4.0865391861776077E+047   1.9632451001463510E+046   6.5211319320796976E+038   4.7088607857846332E+027   415027062478702.00        9.9481616380410856        6.5583047336070959E-013   4.6762855146868309E-025   1.5747343075791199E-037  -1.7045234677309875E-044  -4.2344709352301450E-052  -4.6220853078247881E-059  -1.2540582436202210E-065  -4.9771932683173770E-072
   2.2634352253154182E+037   4.1978738887398938E+047   2.0526661305111934E+046   6.8636475521072029E+038   4.9783904621991629E+027   440985459829787.69        10.633052760796017        7.0580490783211256E-013   5.0716113436255408E-025   1.7223071693642412E-037  -1.8810182249137427E-044  -4.7166241039402212E-052  -5.1976773561269131E-059  -1.4239158566475104E-065  -5.7065802280780777E-072
   2.2954764509783811E+037   4.3132180677695773E+047   2.1462969019630869E+046   7.2241846602566462E+038   5.2633492115559459E+027   468567472868170.62        11.365095971314673        7.5958740768415237E-013   5.5003574042079253E-025   1.8837095083264931E-037  -2.0757881201490361E-044  -5.2536770922024876E-052  -5.8449483537684344E-059  -1.6167800642044193E-065  -6.5428558136503581E-072
   2.3285147919792592E+037   4.4327367782516545E+047   2.2443389621001568E+046   7.6036924956439488E+038   5.5646203274994384E+027   497874654392369.81        12.147537511875738        8.1746814865545698E-013   5.9653489914876148E-025   2.0602373246807493E-037  -2.2907254515430423E-044  -5.8518810055396195E-052  -6.5728245393559848E-059  -1.8357670257425445E-065  -7.5016841089842996E-072
   2.3625858444654173E+037   4.5566021781063053E+047   2.3470035860148158E+046   8.0031703302700751E+038   5.8831376738315540E+027   529014909095954.56        12.983847116498323        8.7975941797310246E-013   6.4696502466674083E-025   2.2533080705747472E-037  -2.5279184551123840E-044  -6.5181987245292038E-052  -7.3913437433807541E-059  -2.0844149731747807E-065  -8.6010247044890980E-072
   2.3977264767275705E+037   4.6849938375792894E+047   2.4545122475184568E+046   8.4236701072693796E+038   6.2198885798623806E+027   562102890866136.12        13.877733397536385        9.4679729925606254E-013   7.0165843487931021E-025   2.4644720317025014E-037  -2.7896715931663146E-044  -7.2603859502682575E-052  -8.3117938156807052E-059  -2.3667413790561440E-065  -9.8614690939791997E-072
   2.4339748765946231E+037   4.8180990660051941E+047   2.5670971136617070E+046   8.8662992184450914E+038   6.5759169015471297E+027   597260424932872.12        14.833160291586486        1.0189434858089901E-012   7.6097554134232068E-025   2.6954247755219214E-037  -3.0785279434486732E-044  -8.0870814779887518E-052  -9.3468682913905083E-059  -2.6873078679870877E-065  -1.1306626369198087E-071
   2.4713705980763263E+037   4.9561132482930654E+047   2.6850015627629666E+046   9.3322234281545602E+038   6.9523262578803257E+027   634616956422536.00        15.854364637636579        1.0965872320896591E-012   8.2530722425793608E-025   2.9480207660311310E-037  -3.3972939065626739E-044  -9.0079077495770096E-052  -1.0510841442102286E-058  -3.0512939200307054E-065  -1.2963565436275039E-071
   2.5099546103812811E+037   5.0992401974560928E+047   2.8084807277213341E+046   9.8226699514586790E+038   7.3502834525964680E+027   674310026967918.75        16.945874965408194        1.1801474538790018E-012   8.9507740824822204E-025   3.2242882544251798E-037  -3.7490664717250659E-044  -1.0033582855393018E-051  -1.1819765126293853E-058  -3.4645805569901907E-065  -1.4863322037170196E-071
   2.5497693450794608E+037   5.2476925154572930E+047   2.9378020648917587E+046   1.0338930694368561E+039   7.7710220917635457E+027   716485781129099.38        18.112531577206884        1.2700749884848558E-012   9.7074585588076228E-025   3.5264455651994975E-037  -4.1372633057517114E-044  -1.1176045289051113E-051  -1.3291690153705386E-058  -3.9338453636886941E-065  -1.7041480073010042E-071
   2.5908587503137893E+037   5.4016919802354854E+047   3.0732459517310520E+046   1.0882365665369417E+039   8.2158464085343839E+027   761299504490544.12        19.359508012339933        1.3668550271742287E-012   1.0528111973548195E-024   3.8569189084717302E-037  -4.5656559576062005E-044  -1.2448592907264326E-051  -1.4946915216407515E-058  -4.4666703795367174E-065  -1.9538838117948117E-071
   2.6332683450711177E+037   5.5614699460369686E+047   3.2151063130493951E+046   1.1454406566761692E+039   8.6861353068791434E+027   808916195415159.75        20.692333989282169        1.4710097329578409E-012   1.1418142163126495E-024   4.2183618615481791E-037  -5.0384065011122159E-044  -1.3866037712195690E-051  -1.6808266819463860E-058  -5.0716646036206508E-065  -2.2402173607869105E-071
   2.6770452769639655E+037   5.7272677645012892E+047   3.3636912780448306E+046   1.2056560575563065E+039   9.1833466368576501E+027   859511172560828.62        22.116919927329828        1.5831010578509327E-012   1.2383414134284325E-024   4.6136766761646961E-037  -5.5601079718343265E-044  -1.5444878257928783E-051  -1.8901414071593765E-058  -5.7586030926609972E-065  -2.5685119017780020E-071
   2.7222383820601815E+037   5.8993372242000957E+047   3.5193238692433672E+046   1.2690414323848573E+039   9.7090217146791127E+027   913270720396151.50        23.639583156483813        1.7037337748104848E-012   1.3430288712577298E-024   5.0460375824913497E-037  -6.1358289909941832E-044  -1.7203491687808297E-051  -2.1255222676980246E-058  -6.5385848992843228E-065  -2.9449166439366997E-071
   2.7688982406513850E+037   6.0779409966733681E+047   3.6823427233739423E+046   1.3357638088534989E+039   1.0264790101523111E+028   970392775091518.88        25.267075931785627        1.8335587407070941E-012   1.4565664458154902E-024   5.5189162770231185E-037  -6.7711630099683730E-044  -1.9162347637896832E-051  -2.3902153009974096E-058  -7.4242124024607659E-065  -3.3764819375228673E-071
   2.8170772408072503E+037   6.2633531137619138E+047   3.8531028486161595E+046   1.4059990202625033E+039   1.0852374656015988E+028   1031087653312188.2        27.006615376345962        1.9732764079367897E-012   1.5797023125039161E-024   6.0361097990154411E-037  -7.4722826538063210E-044  -2.1344246496310231E-051  -2.6878707762375690E-058  -8.4297949275988847E-065  -3.8712913323782252E-071
   2.8668296427403491E+037   6.4558594628179620E+047   4.0319764182519437E+046   1.4799321699015179E+039   1.1473596875984881E+028   1095578826596081.2        28.865915485843946        2.1236406036190307E-012   1.7132478963463092E-024   6.6017710193019071E-037  -8.2459996917458684E-044  -2.3774584791685633E-051  -3.0225935336608380E-058  -9.5715799462435446E-065  -4.4386129890415321E-071
   2.9182116444266773E+037   6.6557583013434318E+047   4.2193536025683563E+046   1.5577581199158321E+039   1.2130382546054127E+028   1164103744167582.5        30.853221336422312        2.2854625967711107E-012   1.8580832190155695E-024   7.2204419863080072E-037  -9.0998312173739240E-044  -2.6481650799810770E-051  -3.3989995926866605E-058  -1.0868015590934186E-064  -5.0890732785353085E-071
   2.9712814556598207E+037   6.8633608071351366E+047   4.4156434427447519E+046   1.6396820060155079E+039   1.2824767708651537E+028   1236914707217872.0        32.977345647682142        2.4596154754031255E-012   2.0151626978926680E-024   7.8970903970175913E-037  -1.0042072681409978E-043  -2.9496953809172920E-051  -3.8222798094826127E-058  -1.2340048726748694E-064  -5.8348558224822249E-071
   3.0260993688714773E+037   7.0789916400977889E+047   4.6212747656601019E+046   1.7259197792829163E+039   1.3558904976851597E+028   1314279797869461.2        35.247707862905472        2.6470388571491610E-012   2.1855214353688500E-024   8.6371494857398983E-037  -1.1081878486666572E-043  -3.2855590877961124E-051  -4.2982714618661975E-058  -1.4011463395556570E-064  -6.6899297017258501E-071
   3.0827278278861808E+037   7.3029895184993829E+047   4.8366971418231872E+046   1.8166987765134896E+039   1.4335070208631190E+028   1396483866245363.8        37.674375919808305        2.8487439588503447E-012   2.3702820398360368E-024   9.4465616509691519E-037  -1.2229350928212188E-043  -3.6596655351444335E-051  -4.8335387487345582E-058  -1.5909265101318515E-064  -7.6703111079792768E-071
   3.1412315079444443E+037   7.5357078394630527E+047   5.0623818921755290E+046   1.9122583207252073E+039   1.5155669563343390E+028   1483829579279171.2        40.268110897073086        3.0658190524425349E-012   2.5706620233138399E-024   1.0331826170645267E-036  -1.3495638342840945E-043  -4.0763691894726451E-051  -5.4354633141560848E-058  -1.8064117145436788E-064  -8.7943633394392909E-071
   3.2016773981841922E+037   7.7775153259042014E+047   5.2988231437114799E+046   2.0128503533433706E+039   1.6023246962222475E+028   1576638535126659.0        43.040414734638439        3.2994353365849230E-012   2.7879818244610644E-024   1.1300051388951145E-036  -1.4893043421426375E-043  -4.5405203337298730E-051  -6.1123460445034028E-058  -2.0510836062146694E-064  -1.0083140759515303E-070
   3.2641348811084424E+037   8.0287966885571427E+047   5.5465389346625499E+046   2.1187400996718161E+039   1.6940491976001051E+028   1675252447281266.2        46.003581239356443        3.5508532557089197E-012   3.0236735098405985E-024   1.2359011793686909E-036  -1.6435142736473937E-043  -5.0575215228880812E-051  -6.8735215424689050E-058  -2.3288954158835208E-064  -1.1560783161285218E-070
   3.3286758184814077E+037   8.2899533248993037E+047   5.8060723743502800E+046   2.2302067695043618E+039   1.7910248164180109E+028   1780034402754828.2        49.170750602214717        3.8214293005813422E-012   3.2792902107764725E-024   1.3517210442532120E-036  -1.8136918646150954E-043  -5.6333904677784210E-051  -7.7294868566259839E-058  -2.6443358250406643E-064  -1.3254967924429333E-070
   3.3953746410893581E+037   8.5614040505155856E+047   6.0779928596056287E+046   2.3475442947035013E+039   1.8935521891790097E+028   1891370198955846.5        52.555967668880783        4.1126233270734346E-012   3.5565163579889585E-024   1.4783947239455746E-036  -2.0014904856315448E-043  -6.2748300791255838E-051  -8.6920462417911202E-058  -3.0025014907902769E-064  -1.5197428433890565E-070
   3.4643084395864653E+037   8.8435858576333795E+047   6.3628973496187713E+046   2.4710621056634343E+039   2.0019491650952919E+028   2009669764187213.5        56.174244221966411        4.4260064326230376E-012   3.8571787814505416E-024   1.6169393609508049E-036  -2.2087347054760978E-043  -6.9893064870680697E-051  -9.7744739465158571E-058  -3.4091793939419760E-064  -1.7424548470642648E-070
   3.5355570588621482E+037   9.1369547073974137E+047   6.6614117027518961E+046   2.6010859487342690E+039   2.1165517916171381E+028   2135368666994056.5        60.041625551208575        4.7632694328865131E-012   4.1832587486074039E-024   1.7684674171605896E-036  -2.4374380178329911E-043  -7.7851359442842946E-051  -1.0991697272642460E-057  -3.8709403408530755E-064  -1.9978043707964382E-070
   3.6092031985406740E+037   9.4419863632736578E+047   6.9741920791359947E+046   2.7379587467999184E+039   2.2377153563936103E+028   2268929719919721.5        64.175261606780523        5.1262319843152997E-012   4.5369050202944895E-024   1.9341956065114100E-036  -2.6898224035145302E-043  -8.6715816242465258E-051  -1.2360502431420759E-057  -4.3952451297565426E-064  -2.2905743078171724E-070
   3.6853325133754108E+037   9.7591772522212926E+047   7.3019264101959664E+046   2.8820415052075148E+039   2.3658154888888040E+028   2410844683573682.5        68.593483051253486        5.5168524018764346E-012   4.9204480103783248E-024   2.1154546647481859E-036  -2.9683399182541129E-043  -9.6589614413002067E-051  -1.3899766035060868E-057  -4.9905650969333515E-064  -2.6262484645409330E-070
   3.7640337181950984E+037   1.0089045365721462E+048   7.6453359398143186E+046   3.0337142654965002E+039   2.5012493250746130E+028   2561636077286679.0        73.315882547472867        5.9372382248876137E-012   5.3364151424352152E-024   2.3137000347410826E-036  -3.2756965158067059E-043  -1.0758768147556751E-050  -1.5630715416124475E-057  -5.6665189904270696E-064  -3.0111142764891456E-070
   3.8453986979213929E+037   1.0432131203386339E+048   8.0051768407665681E+046   3.1933771094558682E+039   2.6444367388122647E+028   2721859103020115.5        78.363401642824641        6.3896575879734873E-012   5.7875475046605262E-024   2.5305235531546867E-036  -3.6148783378116670E-043  -1.1983803104485561E-050  -1.7577221364710138E-057  -6.4340283828072328E-064  -3.4523805768077988E-070
   3.9295226195241592E+037   1.0788998753030321E+048   8.3822419089773075E+046   3.3614512161210343E+039   2.7958216437370237E+028   2892103689612888.5        83.758423635177238        6.8765514584935489E-012   6.2768179127594315E-024   2.7676662323091464E-036  -3.9891807258386996E-043  -1.3348325286259656E-050  -1.9766127320447471E-057  -7.3054941340284222E-064  -3.9583126232738327E-070
   4.0165040508893372E+037   1.1160236520797007E+048   8.7773623410687593E+046   3.5383799745710492E+039   2.9558733696894636E+028   3072996664893821.0        89.524872832328654        7.4005468064675448E-012   6.8074504998480776E-024   3.0270322398670299E-036  -4.4022402374854394E-043  -1.4868217249201893E-050  -2.2227619559049209E-057  -8.2949967555445375E-064  -4.5383869129505551E-070
   4.1064450831228590E+037   1.1546458604433540E+048   9.1914095979688196E+046   3.7246301554189709E+039   3.1250881179568011E+028   3265204063656633.5        95.688320645120527        7.9644707780548482E-012   7.3829419624562554E-024   3.3107041885976114E-036  -4.8580699775810608E-043  -1.6561169999157902E-050  -2.4995643478507726E-057  -9.4185239130164976E-064  -5.2034686842901029E-070
   4.1994514578258879E+037   1.1948305815059254E+048   9.6252973592471018E+046   3.9206931441114407E+039   3.3039904998387346E+028   3469433579995839.0        102.27609898469738        8.5713659490591799E-012   8.0070846026359571E-024   3.6209598589897922E-036  -5.3610985877585440E-043  -1.8446888908587283E-050  -2.8108371725764032E-057  -1.0694228743437851E-063  -5.9660154314345295E-070
   4.2956326971855653E+037   1.2366446843684964E+048   1.0079983571736156E+047   4.1270862392633848E+039   3.4931351633053435E+028   3686437173032514.5        109.31742146677060        9.2245067407567983E-012   8.6839913180160411E-024   3.9602904889900939E-036  -5.9162132732011917E-043  -2.0547323080175720E-050  -3.1608730619587310E-057  -1.2142723160379445E-063  -6.8403102426955708E-070
   4.3951022343080952E+037   1.2801579467355838E+048   1.0556472595934683E+047   4.3443540194118942E+039   3.6931085127861465E+028   3917013835623294.0        116.84351296036303        9.9274170866174666E-012   9.4181227044790577E-024   4.3314207777255027E-036  -6.5288072845925160E-043  -2.2886920826679970E-050  -3.5544992129340661E-057  -1.3787410886367135E-063  -7.8427293338230527E-070
   4.4979775501804678E+037   1.3254431812802657E+048   1.1055817457295785E+047   4.5730697818962545E+039   3.9045305274325451E+028   4162012536248887.0        124.88774805554047        1.0683889445237312E-011   1.0214316450058833E-023   4.7373307638338899E-036  -7.2048323165835180E-043  -2.5492914240702104E-050  -3.9971439573364573E-057  -1.5654865593289209E-063  -8.9920487871669374E-070
   4.6043803255035024E+037   1.3725763701456694E+048   1.1579122210775184E+047   4.8138370578122736E+039   4.1280566835070574E+028   4422335344917358.5        133.48579906420122        1.1498005262066941E-011   1.1077819213755968E-023   5.1812797540772416E-036  -7.9508563318584651E-043  -2.8395636166686910E-050  -4.4949116217346100E-057  -1.7775260260553444E-063  -1.0309796242194912E-069
   4.7144365894789266E+037   1.4216368031429449E+048   1.2127544416962360E+047   5.0672912067494091E+039   4.3643799868302893E+028   4698940754585858.0        142.67579421018416        1.2374156990331085E-011   1.2014321199341107E-023   5.6668324943752353E-036  -8.7741273725920126E-043  -3.1628873264583485E-050  -5.0546667096276402E-057  -2.0182854688251745E-063  -1.1820654124800236E-069
   4.8282768734049977E+037   1.4727072218388399E+048   1.2702297738191773E+047   5.3341010956435424E+039   4.6142331215997866E+028   4992847210332666.0        152.49848671021633        1.3317071789951998E-011   1.3029993651976969E-023   6.1978877934031361E-036  -9.6826439792622284E-043  -3.5230259274709473E-050  -5.6841285669211002E-057  -2.2916549042218025E-063  -1.3552921968196689E-069
   4.9460363724637612E+037   1.5258739706632464E+048   1.3304654661828170E+047   5.6149708662437651E+039   4.8783907222504146E+028   5305136859275410.0        162.99743549551158        1.4331837032341572E-011   1.4131529524750186E-023   6.7787098285911572E-036  -1.0685232900978202E-042  -3.9241713061283931E-050  -6.3919778361751194E-057  -2.6020512374760640E-063  -1.5539046485028451E-069
   5.0678551106807933E+037   1.5812271539306684E+048   1.3935949354738381E+047   5.9106417957740836E+039   5.1576717753917102E+028   5636959535040963.0        174.21919837541978        1.5423927748669597E-011   1.5326187583092188E-023   7.4139623859008677E-036  -1.1791634852321843E-042  -4.3709926533301687E-050  -7.1879761676903882E-057  -2.9544896276252896E-063  -1.7816229319355333E-069
   5.1938781133650035E+037   1.6388608001527796E+048   1.4597580657039769E+047   6.2218942557816699E+039   5.4529421592779578E+028   5989536991459461.0        186.21353849973426        1.6599236169702447E-011   1.6621840237723579E-023   8.1087463083116043E-036  -1.3012599149880149E-042  -4.8686908121978295E-050  -8.0831008383174295E-057  -3.3546645188248809E-063  -2.0427123862177973E-069
   5.3242555913274670E+037   1.6988730351021350E+048   1.5291015223754170E+047   6.5495497744381462E+039   5.7651173286955817E+028   6364167401073244.0        199.03364503524705        1.7864103516591890E-011   1.8027025421326608E-023   8.8686404537148132E-036  -1.4359988147915699E-042  -5.4230588140654243E-050  -9.0896961344607430E-057  -3.8090416470578755E-063  -2.3420634182397044E-069
   5.4591431263886962E+037   1.7613662610108647E+048   1.6017790816806334E+047   6.8944732075387116E+039   6.0951651535711863E+028   6762230135019821.0        212.73636903510649        1.9225354214135138E-011   1.9551002850795349E-023   9.6997464910928221E-036  -1.5846892487826366E-042  -6.0405493073334170E-050  -1.0221643586937014E-056  -4.3249625088203309E-063  -2.6852831037800622E-069
   5.5987018551513806E+037   1.8264473412361409E+048   1.6779519753027394E+047   7.2575750238526531E+039   6.4441089200926402E+028   7185190841886204.0        227.38247554692617        2.0690332711098957E-011   2.1203815045813250E-023   1.0608737894678616E-035  -1.7487758281107486E-042  -6.7283496640343146E-050  -1.1494553405324668E-056  -4.9107629797120146E-063  -3.0788002123673380E-069
   5.7430986667446192E+037   1.8942277950541566E+048   1.7577892522883636E+047   7.6398137111854292E+039   6.8130305036843357E+028   7634606844242808.0        243.03691307770762        2.2266943106270337E-011   2.2996353505853308E-023   1.1602913529502667E-035  -1.9298527461471907E-042  -7.4944656383245051E-050  -1.2925979751795991E-056  -5.5759079994861165E-063  -3.5299856230997447E-069
   5.8925064115149552E+037   1.9648240020925670E+048   1.8414681586814763E+047   8.0421983094609183E+039   7.2030737236707152E+028   8112132872726091.0        259.76910161052245        2.3963691794031096E-011   2.4940430481686163E-023   1.2690256258599082E-035  -2.1296792669728110E-042  -8.3478145506579283E-050  -1.4535662823182987E-056  -6.3311444997017672E-063  -4.0472903869059617E-069
   6.0471041142014337E+037   2.0383574148612022E+048   1.9291745354576245E+047   8.4657910773738895E+039   7.6154478900143376E+028   8619527158779558.0        277.65324045014000        2.5789733359543847E-011   2.7048856814346581E-023   1.3879497042465148E-035  -2.3501968176210048E-042  -9.2983290822727469E-050  -1.6345801079728893E-056  -7.1886750448738190E-063  -4.6404040212593912E-069
   6.2070771974804958E+037   2.1149547813984498E+048   2.0211032359259419E+047   8.9117102997921820E+039   8.0514315531414787E+028   9158657908490232.0        296.76863726279521        2.7754919971172773E-011   2.9335526354493560E-023   1.5180185045469912E-035  -2.5935478501367248E-042  -1.0357072888122619E-049  -1.8381357374718014E-056  -8.1623549926883700E-063  -5.3204360023284261E-069
   6.3726177074336254E+037   2.1947483758905279E+048   2.1174585631079653E+047   9.3811332431248711E+039   8.5123764684598120E+028   9731510181352320.0        317.20005976918128        2.9869854536627699E-011   3.1815507518459318E-023   1.6602764312140093E-035  -2.8620966567070263E-042  -1.1536369373946699E-049  -2.0670403206688940E-056  -9.2679163588561778E-063  -6.1001238540510663E-069
   6.5439245520898230E+037   2.2778762408625815E+048   2.2184547286126700E+047   9.8752992667262506E+039   8.9997117878913854E+028   10340193199292516.        339.03811165033926        3.2145947909632147E-011   3.4505142584314748E-023   1.8158657629006576E-035  -3.1584523400939977E-042  -1.2849945136398664E-049  -2.3244505841669466E-056  -1.0523222003651014E-062  -6.9940717318033827E-069
   6.7212037471136352E+037   2.3644824395564606E+048   2.3243163337301609E+047   1.0395513098412501E+040   9.5149484914015300E+028   10986948112865456.        362.37963433337592        3.4595480455764992E-011   3.7422155382279709E-023   1.9860358245391153E-035  -3.4854941625407890E-042  -1.4313089735827853E-049  -2.6139163644073554E-056  -1.1948554247095348E-062  -8.0190239695184799E-069
   6.9046686606841625E+037   2.4547173164090797E+048   2.4352788733729093E+047   1.0943148282522067E+040   1.0059684072238186E+029   11674156253208278.        387.32813643867973        3.7231668309644125E-011   4.0585768089121736E-023   2.1721530189617096E-035  -3.8463995194295826E-042  -1.5942833661411282E-049  -2.9394295619724953E-056  -1.3566942576028843E-062  -9.1941787140049209E-069
   7.0945402828907235E+037   2.5487377737276726E+048   2.5515892653362949E+047   1.1519650810302534E+040   1.0635607490489913E+029   12404347900156972.        413.99425279324083        4.0068734680943316E-011   4.4016827896187921E-023   2.3757117986148495E-035  -4.2446748094717299E-042  -1.7758146560090069E-049  -3.3054791922092736E-056  -1.5404535737914951E-062  -1.0541547521078835E-068
   7.2910475022374082E+037   2.6467075597535964E+048   2.6735064051511842E+047   1.2126542941772518E+040   1.1244504410270807E+029   13180211598797012.        442.49623504546173        4.3121986593960262E-011   4.7737944385768038E-023   2.5983466654645625E-035  -4.6841895013513083E-042  -1.9780158036625256E-049  -3.7171132913538158E-056  -1.7491024233408289E-062  -1.2086367649023105E-068
   7.4944273827249355E+037   2.7487975664358836E+048   2.8013017473694084E+047   1.2765427228950020E+040   1.1888262736746067E+029   14004604058746134.        472.96047605704865        4.6407897474771039E-011   5.1773638521053803E-023   2.8418452954483781E-035  -5.1692137277985832E-042  -2.2032403594807936E-049  -4.1800085318785887E-056  -1.9860120034012318E-062  -1.3857574771949075E-068
   7.7049254573565007E+037   2.8551861422610436E+048   2.9352599154474126E+047   1.3437990751518576E+040   1.2568878470221324E+029   14880560672631248.        505.52207039756030        4.9944196031566676E-011   5.6150504231495231E-023   3.1081628928583436E-035  -5.7044597723413994E-042  -2.4541098582494867E-049  -4.7005485070982376E-056  -2.2550101275759890E-062  -1.5888344967348436E-068
   7.9227960282252642E+037   2.9660594175232643E+048   3.0756793410254328E+047   1.4146009575835925E+040   1.3288461895412968E+029   15811306692480628.        540.32541342706213        5.3749961907710915E-011   6.0897383658347659E-023   3.3994378899154473E-035  -6.2951278518015791E-042  -2.7335443329093590E-049  -5.2859117646241759E-056  -2.5604430729683618E-062  -1.8216716129681330E-068
   8.1483024813758739E+037   3.0816116451212247E+048   3.2228729344978411E+047   1.4891353449312489E+040   1.4049244125122246E+029   16800269105190682.        577.52484162363226        5.7845728623607129E-011   6.6045557215225564E-023   3.7180091175974813E-035  -6.9469566393393956E-042  -3.0447963027191676E-049  -5.9441708027006246E-056  -2.9072458041876184E-062  -2.0886300449558633E-068
   8.3817176117783187E+037   3.2020455559067557E+048   3.3771687880916041E+047   1.5675990742419973E+040   1.4853584018586219E+029   17851089250788918.        617.28531699523080        6.2253594362783334E-011   7.1628949716099638E-023   4.0664345855957396E-035  -7.6662790189059935E-042  -3.3914886314433515E-049  -6.6844033946389096E-056  -3.3010217089428695E-062  -2.3947101303804912E-068
   8.6233239547626156E+037   3.3275727278806673E+048   3.5389109127734766E+047   1.6501993651253851E+040   1.5703975495940815E+029   18967636229949784.        659.78315861094757        6.6997341199925274E-011   7.7684353929054950E-023   4.4475120221966927E-035  -8.4600836127897208E-042  -3.7776566962205366E-049  -7.5168177765787147E-056  -3.7481331335348674E-062  -2.7456449857385365E-068
   8.8734141391454590E+037   3.4584139748000327E+048   3.7084600115737849E+047   1.7371543674906510E+040   1.6603055271542731E+029   20154021150146632.        705.20682449582137        7.2102563414147621E-011   8.4251673028965062E-023   4.8643013390166800E-035  -9.3360826800318011E-042  -4.2077953579440008E-049  -8.4528934249885190E-056  -4.2558041810531024E-062  -3.1480078920476813E-068
   9.1322912504927788E+037   3.5947997509993104E+048   3.8861942903320800E+047   1.8286937381741239E+040   1.7553611030081522E+029   21414612262882792.        753.75774735644995        7.7596805579795933E-011   9.1374183546764242E-023   5.3201492009730695E-035  -1.0302787045382588E-041  -4.6869112798728257E-049  -9.5055393653085802E-056  -4.8322374332172183E-062  -3.6093354174856894E-068
   9.4002691945766435E+037   3.7369705695809131E+048   4.0725103069760367E+047   1.9250592479411623E+040   1.8558590070782034E+029   22754051047724216.        805.65122784329117        8.3509711179822473E-011   9.9098820548064405E-023   5.8187158987795254E-035  -1.1369588786775225E-041  -5.2205812034440101E-049  -1.0689272194904394E-055  -5.4867464817698997E-062  -4.1382685831433959E-068
   9.6776730897016119E+037   3.8851774442748078E+048   4.2678238631012983E+047   2.0265054205700404E+040   1.9621108446638237E+029   24177269302390176.        861.11738931128991        8.9873182543583999E-011   1.0747648692036938E-022   6.3640047397423740E-035  -1.2546852484673452E-041  -5.8150168595961051E-049  -1.2020416275371383E-055  -6.2299064107683299E-062  -4.7447147160359269E-068
   9.9648396707515316E+037   4.0396823498938496E+048   4.4725709387271165E+047   2.1333002056458238E+040   2.0744460626938929E+029   25689507301809096.        920.40219831251943        9.6721552971973235E-011   1.1656238880698345E-022   6.9603941928551890E-035  -1.3846015919832104E-041  -6.4771372711494058E-049  -1.3517328854958766E-055  -7.0737246611583290E-062  -5.4400330210042958E-068
   1.0262117696247745E+038   4.2007586989535012E+048   4.6872086716604060E+047   2.2457256868041868E+040   2.1932129712995266E+029   27296333092987524.        983.76855534611184        1.0409177197855745E-010   1.2641639939801073E-022   7.6126730463045428E-035  -1.5279701197805546E-041  -7.2146492878170064E-049  -1.5200653225681275E-055  -8.0318350383376058E-062  -6.2372473474126525E-068
   1.0569868382807250E+038   4.3686918436253137E+048   4.9122163853336310E+047   2.3640788273921292E+040   2.3187798238877135E+029   29003662996771280.        1051.4974607028564        1.1202360464619089E-010   1.3710345347573076E-022   8.3260788596897922E-035  -1.6861837379842921E-041  -8.0361372912467064E-049  -1.7093603406303461E-055  -9.1197179973428739E-062  -7.1512901359266200E-068
   1.0888465848805625E+038   4.5437795974492365E+048   5.1480966661310427E+047   2.4886722554435178E+040   2.4515359590552077E+029   30817783391960888.        1123.8892605741662        1.2055984617469072E-010   1.4869397531426695E-022   9.1063400197135626E-035  -1.8607795811597888E-041  -8.9511631142289324E-049  -1.9222284277139893E-055  -1.0354950764869756E-061  -8.1992821146846204E-068
   1.1218297575057887E+038   4.7263327802792684E+048   5.3953764931310801E+047   2.6198350900734848E+040   2.5918930078876359E+029   32745373862002832.        1201.2649789514660        1.2974655277714869E-010   1.6126434275327753E-022   9.9597217370351008E-035  -2.0534539464448384E-041  -9.9703773370956043E-049  -2.1616051581516537E-055  -1.1757491339416943E-061  -9.4008529837882524E-068
   1.1559764882268489E+038   4.9166757871834249E+048   5.6546084227529224E+047   2.7579138114736690E+040   2.7402861703873033E+029   34793531789482308.        1283.9677412223837        1.3963329017065332E-010   1.7489739050376917E-022   1.0893076353624512E-034  -2.2660787740362077E-041  -1.1105643256761393E-048  -2.4307916758523071E-055  -1.3350000958224151E-061  -1.0778509094780734E-067
   1.1913283422554900E+038   5.1151471811307927E+048   5.9263718307162782E+047   2.9032731767931669E+040   2.8971755649856888E+029   36969798488970960.        1372.3642957766767        1.5027340100211948E-010   1.8968295600265640E-022   1.1913898364567443E-034  -2.5007198341479812E-041  -1.2370174971363759E-048  -2.7335002189934866E-055  -1.5158210241192206E-061  -1.2358055012034872E-067
   1.2279283692293740E+038   5.3221003129779487E+048   6.2112742146201396E+047   3.0562971843572546E+040   3.0630476553298672E+029   39282186974463704.        1466.8466403696962        1.6172429265209926E-010   2.0571847141308412E-022   1.3030384596125688E-034  -2.7596567971383920E-041  -1.3778691187759227E-048  -3.0739053139425271E-055  -1.7211334927675015E-061  -1.4169076852222159E-067
   1.2658211562437619E+038   5.5379039682822596E+048   6.5099525597394100E+047   3.2173900887538968E+040   3.2384167587646446E+029   41739211463639216.        1567.8337604554936        1.7404774696938137E-010   2.2310960567160568E-022   1.4251500023261432E-034  -3.0454053817977706E-041  -1.5347586542141531E-048  -3.4567013444007497E-055  -1.9542547923318824E-061  -1.6245496455185843E-067
   1.3050528834847176E+038   5.7629430451053860E+048   6.8230747717615084E+047   3.3869774695120003E+040   3.4238266411941426E+029   44349918727597632.        1675.7734871985344        1.8731025360752674E-010   2.4197096081311574E-022   1.5587049755116469E-034  -3.3607417969808736E-041  -1.7095122427894700E-048  -3.8871672896826990E-055  -2.2189515283941951E-061  -1.8626206766268208E-067
   1.3456713803014725E+038   5.9976192556108205E+048   7.1513411778471855E+047   3.5655073560833751E+040   3.6198522032518377E+029   47123921401459976.        1791.1444834028564        2.0158336876178606E-010   2.6242682716207525E-022   1.7047757766462330E-034  -3.7087297140476894E-041  -1.9041639551849628E-048  -4.3712395249087500E-055  -2.5195004796494957E-061  -2.1355800331294633E-067
   1.3877261840867204E+038   6.2423518613692290E+048   7.4954861012598917E+047   3.7534514122173041E+040   3.8271012630246091E+029   50071433378528184.        1914.4583661660056        2.1694410124195623E-010   2.8461200236652438E-022   1.8645353007307516E-034  -4.0927500321655171E-041  -2.1209794693026399E-048  -4.9155936870683431E-055  -2.8607576990115218E-061  -2.4485404549490977E-067
   1.4312686020117969E+038   6.4975784437824181E+048   7.8562795131568438E+047   3.9513061828645954E+040   4.0462164408602153E+029   53203307418333616.        2046.2619756708254        2.3347532796418850E-010   3.0867267967207060E-022   2.0392663582091036E-034  -4.5165337256591610E-041  -2.3624824419652020E-048  -5.5277367359345600E-055  -3.2482369742134978E-061  -2.8073639329269365E-067
   1.4763517731579905E+038   6.7637557011656423E+048   8.2345287630427555E+047   4.1595944067670561E+040   4.2778771520817278E+029   56531075106987768.        2187.1398001753910        2.5126624110344224E-010   3.3476741128925628E-022   2.2303719754684897E-034  -4.9841980925395401E-041  -2.6314838834026489E-048  -6.2161104794032897E-055  -3.6881989156139420E-061  -3.2187715084515855E-067
   1.5230307343129754E+038   7.0413602863163206E+048   8.6310803945429939E+047   4.3788663983777977E+040   4.5228017138147315E+029   60066989317048080.        2337.7165679558339        2.7041282931919938E-010   3.6306815320264323E-022   2.4393866606300908E-034  -5.5002867563861702E-041  -2.9311148764327337E-048  -6.9902079909321337E-055  -4.1877521106243460E-061  -3.6904691637703662E-067
   1.5713624883007264E+038   7.3308896815103658E+048   9.0468220495805223E+047   4.6097015027044385E+040   4.7817495724515778E+029   63824069323213816.        2498.6600176958591        2.9101839565081808E-010   3.9376139830656619E-022   2.6679887250902989E-034  -6.0698138102243914E-041  -3.2648630211751442E-048  -7.8607045245432049E-055  -4.7549679791389926E-061  -4.2312921610063161E-067
   1.6214060736430482E+038   7.6328631073583247E+048   9.4826844640439201E+047   4.8527096268433570E+040   5.0555236586479264E+029   67816148739934304.        2670.6838596079192        3.1319411487674312E-010   4.2704940533453736E-022   2.9180137597498938E-034  -6.6983125312799460E-041  -3.6366130295030705E-048  -8.8396047327836653E-055  -5.3990111857181256E-061  -4.8513705334624030E-067
   1.6732226371960004E+038   7.9478224733523151E+048   9.9396435608450300E+047   5.1085328523455102E+040   5.3449728771685036E+029   72057926457481616.        2854.5509404178542        3.3705963334477039E-010   4.6315153168059358E-022   3.1914693741405328E-034  -7.3918891399026377E-041  -4.0506919417376656E-048  -9.9404082178657516E-055  -6.1302877156307451E-061  -5.5623188289935782E-067
   1.7268755098071553E+038   8.2763333717513881E+048   1.0418722645073984E+048   5.3778471326781553E+040   5.6509947393035781E+029   76565020764038544.        3051.0766262483576        3.6274371450968221E-010   5.0230567889545836E-022   3.4905513167984007E-034  -8.1572821249576179E-041  -4.5119194918920150E-048  -1.1178295699032906E-054  -6.9606130072630745E-061  -6.3774536594871741E-067
   1.7824302835636070E+038   8.6189861103495424E+048   1.0920994704700605E+048   5.6613640801704518E+040   5.9745381460033737E+029   81354026853035712.        3261.1324184021532        3.9038493366113922E-010   5.4476986038285769E-022   3.8176611063255970E-034  -9.0019277120637268E-041  -5.0256642076984186E-048  -1.2570338363508034E-054  -7.9034028574549650E-061  -7.3120431313219251E-067
   1.8399548933983019E+038   8.9763967970844075E+048   1.1447584824642016E+048   5.9598328473464128E+040   6.3166063303897701E+029   86442577927571104.        3485.6498180805715        4.2013242559022519E-010   5.9082390162667800E-022   4.1754253147106411E-034  -9.9340321107407907E-041  -5.5979058984041834E-048  -1.4135733288096305E-054  -8.9738901842755089E-061  -8.3835928288319586E-067
   1.8995197007775649E+038   9.3492084686494592E+048   1.1999672717289266E+048   6.2740421074619011E+040   6.6782599687448994E+029   91849410126827360.        3725.6244571747193        4.5214668922852765E-010   6.4077128415287736E-022   4.5667166577458614E-034  -1.0962651242387274E-040  -6.2353052576718973E-048  -1.5896068178042715E-054  -1.0189371149534416E-060  -9.6121737074675174E-067
   1.9611975799788304E+038   9.7380922667693184E+048   1.2578495375546525E+048   6.6048221395052080E+040   7.0606204696273801E+029   97594431513558928.        3982.1205134476550        4.8660045360110163E-010   6.9494114537728865E-022   4.9946770618901002E-034  -1.2097778723691002E-040  -6.9452813917378423E-048  -1.7875619074047649E-054  -1.1569484617699542E-060  -1.1020798038345677E-066
   2.0250640077673083E+038   1.0143748667276387E+049   1.3185349855083827E+048   6.9530470232247897E+040   7.4648734513242828E+029   1.0369879537669418E+017   4256.2754296873209        5.2367960976548831E-010   7.5369044751770653E-022   5.4627428927954153E-034  -1.3350442960281917E-040  -7.7360981752295643E-048  -2.0101685132994039E-054  -1.3136529466516680E-060  -1.2635850445924232E-066
   2.0911971562209716E+038   1.0566908762706618E+049   1.3821596191689426E+048   7.3196369499621422E+040   7.8922724184183324E+029   1.1018497811894382E+017   4549.3049577573956        5.6358421376494768E-010   8.1740632986270269E-022   5.9746725480736587E-034  -1.4732814293946867E-040  -8.6169604397942802E-048  -2.2604965099207040E-054  -1.4915824876208136E-060  -1.4487582112468758E-066
   2.1596779890624221E+038   1.1008335601828593E+049   1.4488660460554481E+048   7.7055606554188527E+040   8.3441426488747459E+029   1.1707686201621493E+017   4862.5085499144134        6.0652956600722743E-010   8.8650865989789436E-022   6.5345766358628663E-034  -1.6258323244402519E-040  -9.5981211151405055E-048  -2.5419980658004617E-054  -1.6936119418543691E-060  -1.6610677406145858E-066
   2.2305903618964528E+038   1.1468825589885136E+049   1.5188037984734784E+048   8.1118379808179531E+040   8.8218853037068254E+029   1.2439982315357355E+017   5197.2751212994572        6.5274737289256283E-010   9.6145280010080583E-022   7.1469509815165404E-034  -1.7941790994412643E-040  -1.0691000569577620E-047  -2.8585552509831583E-054  -1.9230055555550942E-060  -1.9044903546126763E-066
   2.3040211254833822E+038   1.1949209947728515E+049   1.5921296698896007E+048   8.5395425691515301E+040   9.3269817719509516E+029   1.3218082486149986E+017   5555.0892091580035        7.0248699695828307E-010   1.0427326086366065E-021   7.8167127274473894E-034  -1.9799573385986482E-040  -1.1908319539135650E-047  -3.2145335730316163E-054  -2.1834697052900433E-060  -2.1835855473432371E-066
   2.3800602315704593E+038   1.2450356229599100E+049   1.6690080675102928E+048   8.9898047035807309E+040   9.8609982644134056E+029   1.4044851699643450E+017   5937.5375561006304        7.5601680228500388E-010   1.1308836937283240E-021   8.5492398159939362E-034  -2.1849719826662433E-040  -1.3264247192513871E-047  -3.6148421799175702E-054  -2.4792127829531163E-060  -2.5035809879527930E-066
   2.4588008439976616E+038   1.2973169914016490E+049   1.7496113821632086E+048   9.4638142957175993E+040   1.0425590670473777E+030   1.4923334143130579E+017   6346.3161466004758        8.1362560242351290E-010   1.2264869431469416E-021   9.3504141723438132E-034  -2.4112148649743609E-040  -1.4774566055283747E-047  -4.0650015600303015E-054  -2.8150131919298729E-060  -2.8704704389287219E-066
   2.5403394537296085E+038   1.3518596064164751E+049   1.8341203761477517E+048   9.9628240315718321E+040   1.1022509692986035E+030   1.5856764414439683E+017   6783.2377279302873        8.7562421865441868E-010   1.3301723520795677E-021   1.0226668934256688E-033  -2.6608840632208713E-040  -1.6456855713006487E-047  -4.5712196729258498E-054  -3.1962965530977000E-060  -3.2911260239182190E-066
   2.6247759979492808E+038   1.4087621060757874E+049   1.9227245899257799E+048   1.0488152683478791E+041   1.1653606277200575E+030   1.6848579431927213E+017   7250.2398488910358        9.4234715698796317E-010   1.4426231746001253E-021   1.1185040107824443E-033  -2.9364052550435090E-040  -1.8330697431505861E-047  -5.1404775607042219E-054  -3.6292233681003021E-060  -3.7734269479332236E-066
   2.7122139832576949E+038   1.4681274410051963E+049   2.0156227685533242E+048   1.1041188596754684E+041   1.2320837350540626E+030   1.7902431089429258E+017   7749.3934519803142        1.0141544129520627E-009   1.5645804260994576E-021   1.2233223064045518E-033  -3.2404552848548920E-040  -2.0417902076005301E-047  -5.7806256206454004E-054  -4.1207885562966278E-060  -4.3264070809705922E-066
   2.8027606131758039E+038   1.5300630630505139E+049   2.1130233088177095E+048   1.1623393360301528E+041   1.3026271891032973E+030   1.9022199702768358E+017   8282.9120571029998        1.0914334139061006E-009   1.6968477663444624E-021   1.3379634329860622E-033  -3.5759881709054581E-040  -2.2742763982029309E-047  -6.5004918667599266E-054  -4.6789344736306690E-060  -4.9604241694033249E-066
   2.8965269198130235E+038   1.5946811220105983E+049   2.2151447280458036E+048   1.2236305670835069E+041   1.3772097343205554E+030   2.0212008297325098E+017   8853.1615775495411        1.1746011093599821E-009   1.8402967953440590E-021   1.4633479169809260E-033  -3.9462638052477230E-040  -2.5332343733038247E-047  -7.3100036732439659E-054  -5.3126792394996345E-060  -5.6873538446034602E-066
   2.9936278995316899E+038   1.6620986706264708E+049   2.3222161555880746E+048   1.2881545400911506E+041   1.4560626401339842E+030   2.1476237789279005E+017   9462.6708117710641        1.2641062205765017E-009   1.9958727969200846E-021   1.6004825500963063E-033  -4.3548796254382285E-040  -2.8216783136230038E-047  -8.2203246787519961E-054  -6.0322624450337083E-060  -6.5208120627287326E-066
   3.0941826548718103E+038   1.7324378792195213E+049   2.4344778483688850E+048   1.3560817881734195E+041   1.5394304181155433E+030   2.2819543116432477E+017   10114.142657479921        1.3604316615946433E-009   2.1646009678315877E-021   1.7504684734647217E-033  -4.8058055656860690E-040  -3.1429656062719236E-047  -9.2440087394772253E-054  -6.8493105970372067E-060  -7.4764101421430209E-066
   3.1983145419826747E+038   1.8058262599430963E+049   2.5521817315493950E+048   1.4275918411979460E+041   1.6275715802151604E+030   2.4246870378007645E+017   10810.466097804729        1.4640971447361353E-009   2.3475931735004922E-021   1.9145100194079475E-033  -5.3034226270181709E-040  -3.5008359235751965E-047  -1.0395173054142464E-053  -7.7770249707152155E-060  -8.5720471755195620E-066
   3.3061513228111597E+038   1.8823969006038087E+049   2.6755919653922884E+048   1.5028737004462569E+041   1.7207594404100320E+030   2.5763475046519549E+017   11554.729012652100        1.5756619846528991E-009   2.5460552748566876E-021   2.0939243817887977E-033  -5.8525654411923713E-040  -3.8994547515595031E-047  -1.1689692848395966E-053  -8.8303949063749455E-060  -9.8282452937323725E-066
   3.4178253215988682E+038   1.9622887081486581E+049   2.8049855395043524E+048   1.5821263383110397E+041   1.8192829622533759E+030   2.7374941318777370E+017   12350.231872086832        1.6957281160442318E-009   2.7612950745840688E-021   2.2901521926001674E-033  -6.4585692418907778E-040  -4.3434618747664628E-047  -1.3145420303423366E-053  -1.0026439996396305E-059  -1.1268534061288884E-065
   3.5334735884190278E+038   2.0456466635312540E+049   2.9406528961590269E+048   1.6655592243750655E+041   1.9234476549566408E+030   2.9087202677286022E+017   13200.502372458086        1.8249433413257146E-009   2.9947309351310850E-021   2.5047690897176775E-033  -7.1273216995456625E-040  -4.8380253817361014E-047  -1.4782430747929574E-053  -1.1384485075554994E-059  -1.2919891203328954E-065
   3.6532380675411295E+038   2.1326220872112702E+049   3.0828985837504384E+048   1.7533928792340324E+041   2.0335765207784479E+030   3.0906563737736915E+017   14109.311080173120        1.9640048257720446E-009   3.2479011252755460E-021   2.7394983687006544E-033  -7.8653201234023164E-040  -5.3889018197658479E-047  -1.6623299508621286E-053  -1.2926472457793625E-059  -1.4813247919348894E-065
   3.7772657709128667E+038   2.2233729157967813E+049   3.2320419418508610E+048   1.8458594575273800E+041   2.1500110566580044E+030   3.2839723463031302E+017   15080.688152491617        2.1136628589914160E-009   3.5224739568346289E-021   2.9962248202307850E-033  -8.6797345865694539E-040  -6.0025031991256219E-047  -1.8693413237119476E-053  -1.4677316464337999E-059  -1.6984068248568717E-065
   3.9057089615845581E+038   2.3180639927453052E+049   3.3884178201386608E+048   1.9432033617804246E+041   2.2731123132115615E+030   3.4893799829358886E+017   16118.941209498014        2.2747249030266370E-009   3.8202587783184669E-021   3.2770098642985426E-033  -9.5784775873539364E-040  -6.6859716266355513E-047  -2.1021320006683574E-053  -1.6665305971370168E-059  -1.9473013338907354E-065
   4.0387253411256981E+038   2.4168673704630558E+049   3.5523773318635810E+048   2.0456818886008858E+041   2.4032620143600107E+030   3.7076356035095072E+017   17228.674436496294        2.4480599489233520E-009   4.1432178979713270E-021   3.5841081026588848E-033  -1.0570280923678146E-039  -7.4472624373145618E-047  -2.3639123006783474E-053  -1.8922561481332790E-059  -2.2326703061837914E-065
   4.1764782422026345E+038   2.5199626247950461E+049   3.7242886436620761E+048   2.1535659089470905E+041   2.5408637410611811E+030   3.9395428349024787E+017   18414.809001538597        2.6346032052707533E-009   4.4934795147695092E-021   3.9199854224665151E-033  -1.1664780527458719E-039  -8.2952367917235782E-047  -2.6582923264797071E-053  -2.1485554102893992E-059  -2.5598589238760720E-065
   4.3191368296983863E+038   2.6275371841474735E+049   3.9045378040084258E+048   2.2671405843104756E+041   2.6863441828265934E+030   4.1859555700466906E+017   19682.604878636466        2.8353611440117231E-009   4.8733517425877130E-021   4.2873387964566564E-033  -1.2872610083161663E-039  -9.2397648168047873E-047  -2.9893317500225417E-053  -2.4395694824879167E-059  -2.9349956835103329E-065
   4.4668763091026607E+038   2.7397866730573515E+049   4.0935296119308571E+048   2.3867061206862449E+041   2.8401544608997927E+030   4.4477811120237331E+017   21037.684173428574        3.0514169307463253E-009   5.2853378199485939E-021   4.6891179386595098E-033  -1.4205504340091231E-039  -1.0291840490740589E-046  -3.3615957977125376E-053  -2.7700003605233842E-059  -3.3651071875290392E-065
   4.6198781432901963E+038   2.8569152713190953E+049   4.2916885281021354E+048   2.5125785623398161E+041   3.0027715272025202E+030   4.7259835148231866E+017   22486.056054746372        3.2839362688274014E-009   5.7321526055831960E-021   5.1285489895361459E-033  -1.5676413122150472E-039  -1.1463709609052479E-046  -3.7802182075452105E-053  -3.1451869085676580E-059  -3.8582497579922977E-065
   4.7783302759445538E+038   2.9791360882302652E+049   4.4994596300111003E+048   2.6450906274374901E+041   3.1746996433806254E+030   5.0215871330612762E+017   24034.143402633861        3.5341736887790981E-009   6.2167404685025135E-021   5.6091604207185944E-033  -1.7299627142742638E-039  -1.2769012321420629E-046  -4.2509720263466753E-053  -3.5711911206964390E-059  -4.4236603377438047E-065
   4.9424273616988744E+038   3.1066715524988537E+049   4.7173096133096631E+048   2.7845925877450511E+041   3.3564719445349598E+030   5.3356803937297478E+017   25688.811290992722        3.8034793169720951E-009   6.7422946904701085E-021   6.1348113673598499E-033  -1.9090916847176617E-039  -1.4222941898303365E-046  -4.7803492234561563E-053  -4.0548960662287528E-059  -5.0719295055208036E-065
   5.1123710057722056E+038   3.2397538199112746E+049   4.9457278420317651E+048   2.9314531947604292E+041   3.5486520924950211E+030   5.6694198038661837E+017   27457.397431166868        4.0933061600755982E-009   7.3122785087325388E-021   6.7097226155926291E-033  -2.1067685631510373E-039  -1.5842421575345701E-046  -5.3756502187695681E-053  -4.6041171014099172E-059  -5.8151998457156793E-065
   5.2883700131074851E+038   3.3786251993763747E+049   5.1852274500153354E+048   3.0860606547272286E+041   3.7518360237620589E+030   6.0240342089023859E+017   29347.744711470841        4.4052179445885782E-009   7.9304479376727162E-021   7.3385104939150756E-033  -2.3249138926440712E-039  -1.7646301533984968E-046  -6.0450845597882853E-053  -5.2277281443164760E-059  -6.6673933884089203E-065
   5.4706406452006729E+038   3.5235385969264822E+049   5.4363464956146903E+048   3.2488236550711900E+041   3.9666537975343089E+030   6.4008293173672474E+017   31368.235976954682        4.7408975537471130E-009   8.6008765197732790E-021   8.0262239406386126E-033  -2.5656470788984911E-039  -1.9655578311038969E-046  -6.7978841360680776E-053  -5.9358050532421100E-059  -7.6444723798018494E-065
   5.6594068866006083E+038   3.6747579794327425E+049   5.6996491726111003E+048   3.4201724450022763E+041   4.1937715495515206E+030   6.8011925086070259E+017   33527.831203643153        5.1021561073285846E-009   9.3279821689915587E-021   8.7783850450365310E-033  -2.8313069814799307E-039  -2.1893639191129172E-046  -7.6444304923618340E-053  -6.7397884251695905E-059  -8.7647382674820574E-065
   5.8549007209649159E+038   3.8325588586352826E+049   5.9757270799663893E+048   3.6005599731323934E+041   4.4338935578162396E+030   7.2265979412248640E+017   35836.107232099996        5.4909427333417109E-009   1.0116556283435582E-020   9.6010333877240235E-033  -3.1244746371690238E-039  -2.4386534426582118E-046  -8.5963979961786321E-053  -7.6526684447094399E-059  -1.0049174500747861E-064
   6.0573624158167962E+038   3.9972287956600184E+049   6.2652005530310204E+048   3.7904630850929463E+041   4.6877644265923577E+030   7.6786119810469210E+017   38303.300236513562        5.9093550843241160E-009   1.0971795319184170E-020   1.0500774536306567E-032  -3.4479983362019433E-039  -2.7163280453354262E-046  -9.6669148341231705E-053  -8.6891947701615373E-059  -1.1521839566908059E-064
   6.2670408186443535E+038   4.1690679282960743E+049   6.5687200596609726E+048   3.9903837843628650E+041   4.9561713954636381E+030   8.1588989686056141E+017   40940.351117644073        6.3596506549876003E-009   1.1899335033313546E-020   1.1484833085699890E-032  -3.8050212950305137E-039  -3.0256197632309993E-046  -1.0870744057249549E-052  -9.8661148478880468E-059  -1.3210317625432630E-064
   6.4841936633587038E+038   4.3483895212169128E+049   6.8869676641237978E+048   4.2008505596163406E+041   5.2399467806073456E+030   8.6692273473740710E+017   43758.954020925907        6.8442589622738058E-009   1.2905287621781039E-020   1.2561110669015802E-032  -4.1990121944584257E-039  -3.3701286447043980E-046  -1.2224487172150288E-052  -1.1202444505510058E-058  -1.5146235180682028E-064
   6.7090878873920660E+038   4.5355205400883184E+049   7.2206585620638077E+048   4.4224197820974511E+041   5.5399705558529190E+030   9.2114761753162163E+017   46771.608194881541        7.3657946535364613E-009   1.3996281996892917E-020   1.3738249404820380E-032  -4.6337988798489588E-039  -3.7538646537060862E-046  -1.3746813085420819E-052  -1.2719775195978244E-058  -1.7365853470896871E-064
   6.9419999610243850E+038   4.7308022513506035E+049   7.5705426902415249E+048   4.6556771767426503E+041   5.8571730815359524E+030   9.7876420437312666E+017   49991.673419821484        7.9270716135742805E-009   1.5179507469772949E-020   1.5025701290223529E-032  -5.1136055508210575E-039  -4.1812943443714563E-046  -1.5458715558777429E-052  -1.4442622856746919E-058  -1.9910747669354462E-064
   7.1832162269177649E+038   4.9345908472820689E+049   7.9374064141420033E+048   4.9012393708883356E+041   6.1925379895975134E+030   1.0399846428863142E+018   53433.429252622220        8.5311181466265979E-009   1.6462761125684481E-020   1.6433804097000648E-032  -5.6430938017525871E-039  -4.6573928501667520E-046  -1.7383802725284765E-052  -1.6398824020666751E-058  -2.2828585619657133E-064
   7.4330332523379467E+038   5.1472580987458291E+049   8.3220742976918100E+048   5.1597555247023598E+041   6.5471052338859445E+030   1.1050343503348381E+018   57112.138350315829        9.1811933152452878E-009   1.7854499204395743E-020   1.7973864380165527E-032  -6.2274079118228787E-039  -5.1877017927227757E-046  -1.9548622659291242E-052  -1.8619985578672025E-058  -2.6174020691469975E-064
   7.6917581963542970E+038   5.3691920380194579E+049   8.7254109595167344E+048   5.4319090476979984E+041   6.9219743151321470E+030   1.1741528436270518E+018   61044.114153314324        9.8808045241982918E-009   1.9363892824170076E-020   1.9658248265524383E-032  -6.8722248246133800E-039  -5.7783937843955302E-046  -2.1983029489872743E-052  -2.1141995461205324E-058  -3.0009715480591258E-064
   7.9597091865157897E+038   5.6007976691940412E+049   9.1483230185469450E+048   5.7184194057282950E+041   7.3183076905651826E+030   1.2475946212367135E+018   65246.793228384551        1.0633726444274407E-008   2.1000888416581802E-020   2.1500480745199839E-032  -7.5838093028460246E-039  -6.4363442753407272E-046  -2.4720595106701039E-052  -2.4005602489601773E-058  -3.4407515528050819E-064
   8.2372157102960716E+038   5.8424977104787148E+049   9.5917611344473123E+048   6.0200440233511797E+041   7.7373343787688743E+030   1.3256301002874775E+018   69738.812592207134        1.1444021378092401E-008   2.2776273270406883E-020   2.3515354278434194E-032  -8.3690747941195871E-039  -7.1692115813777970E-046  -2.7799072136003037E-052  -2.7257074766256344E-058  -3.9449795042909757E-064
   8.5246190215713854E+038   6.0947333696653904E+049   1.0056722147439116E+049   6.3375802865942603E+041   8.1803537709582413E+030   1.4085466122516198E+018   74540.092358416325        1.2316061177796170E-008   2.4701746616502632E-020   2.5719047569697317E-032  -9.2356505989894124E-039  -7.9855260241401481E-046  -3.1260914571319877E-052  -3.0948947241369708E-058  -4.5230999835195520E-064
   8.8222725595178757E+038   6.3579651521439089E+049   1.0544251321566448E+049   6.6718676513342549E+041   8.6487396604748658E+030   1.4966494609283359E+018   79671.924074606286        1.3254550832888694E-008   2.6789996722101384E-020   2.8129255477843028E-032  -1.0191955993966152E-038  -8.8947892210719411E-046  -3.5153863238867127E-052  -3.5140870534918152E-058  -5.1859416359304303E-064
   9.1305423843356170E+038   6.6326737054958500E+049   1.1055444697417472E+049   7.0237898629684148E+041   9.1439445030226823E+030   1.5902630465983429E+018   85157.065141063955        1.4264553855472453E-008   2.9054784502548692E-020   3.0765331099439806E-032  -1.1247282029581489E-038  -9.9075846809731075E-046  -3.9531604171407494E-052  -3.9900574728504999E-058  -5.9459200003431158E-064
   9.4498076287224695E+038   6.9193607011812448E+049   1.1591451559215329E+049   7.3942772932078790E+041   9.6675039208459495E+030   1.6897320604936364E+018   91019.839729926360        1.5351519599858843E-008   3.1511034201460538E-020   3.3648441167153353E-032  -1.2411881798235363E-038  -1.1035700992386753E-045  -4.4454508969995901E-052  -4.5304963699349851E-058  -6.8172700616465771E-064
   9.7804609646393881E+038   7.2185497542463698E+049   1.2153477021563591E+049   7.7843094001425858E+041   1.0221041464809814E+031   1.7954227539801556E+018   97286.246652287940        1.6521312663945938E-008   3.4174931736852697E-020   3.6801736010973167E-032  -1.3697070048828148E-038  -1.2292269038698725E-045  -4.9990467363617832E-052  -5.1441357677877689E-058  -7.8163128831279254E-064
   1.0122909086730364E+039   7.5307873832565174E+049   1.2742784741865168E+049   8.1949173181038547E+041   1.0806273649156482E+031   1.9077242871268900E+018   103984.07465160679        1.7780244530996758E-008   3.7064031361313739E-020   4.0250535447011053E-032  -1.5115333115990963E-038  -1.3691914837086304E-045  -5.6215823448205283E-052  -5.8408904105262028E-058  -8.9617613126711855E-064
   1.0477573213193550E+039   7.8566440123541419E+049   1.3360699764577069E+049   8.6271865841795072E+041   1.1425015274552000E+031   2.0270501616270482E+018   111143.02563468808        1.9135107622538048E-008   4.0197371339079097E-020   4.4022532086492271E-032  -1.6680450231939181E-038  -1.5250929780308576E-045  -6.3216428516314234E-052  -6.6320179586544841E-058  -1.0275070488940921E-063
   1.0844889603025472E+039   8.1967150160934058E+049   1.4008611503225417E+049   9.0822600085369150E+041   1.2079185055916755E+031   2.1538397433467599E+018   118794.84638670608        2.0593211946106817E-008   4.3595599402280673E-020   4.8148013697435322E-032  -1.8407627399562633E-038  -1.6987460262893831E-045  -7.1088824996598559E-052  -7.5303008822540720E-058  -1.1780839712803955E-063
   1.1225310092390681E+039   8.5516218104172222E+049   1.4687976867466343E+049   9.5613406962077713E+041   1.2770811572508618E+031   2.2885598801082570E+018   126973.46935438101        2.2162424535575071E-008   4.7281108813091752E-020   5.2660106404506768E-032  -2.0313645127406411E-038  -1.8921718898908046E-045  -7.9941577830300031E-052  -8.5502529909522503E-058  -1.3507273211353554E-063
   1.1619302652108605E+039   8.9220129927536766E+049   1.5400323542643505E+049   1.0065695228373923E+042   1.3502039558724414E+031   2.4317066206650957E+018   135715.16312163864        2.3851211896850066E-008   5.1278185928377160E-020   5.7595040679860193E-032  -2.2417021461872542E-038  -2.1076219789806840E-045  -8.9896771645216251E-052  -9.7083539376320006E-058  -1.5486708425005077E-063
   1.2027351965450225E+039   9.3085655323092571E+049   1.6147253428830620E+049   1.0596657011523464E+042   1.4275136555116938E+031   2.5838070411983027E+018   145058.69324503755        2.5668685687960347E-008   5.5613170239252787E-020   6.2992442260768977E-032  -2.4738191900593112E-038  -2.3476040580807606E-045  -1.0109169437405108E-051  -1.1023315484825807E-057  -1.7756221712890977E-063
   1.2449960023454489E+039   9.7119860102004223E+049   1.6930446246039391E+049   1.1155629803208539E+042   1.5092499940219032E+031   2.7454211860570644E+018   155045.49416215948        2.7624651879985701E-008   6.0314627940159984E-020   6.8895650330012758E-032  -2.7299707934934220E-038  -2.6149114356026397E-045  -1.1368073053522439E-051  -1.2516383835934004E-057  -2.0358322821887771E-063
   1.2887646743357345E+039   1.0133011915174858E+050   1.7751663315142105E+049   1.1744091423894637E+042   1.5956664365026431E+031   2.9171441298922399E+018   165719.85293535498        2.9729663664078212E-008   6.5413540171228935E-020   7.5352065513896862E-032  -3.0126456150586762E-038  -2.9126554769939976E-045  -1.2783749028559550E-051  -1.4211682916119252E-057  -2.3341751127220682E-063
   1.3340950608080668E+039   1.0572412995262722E+050   1.8612751522172418E+049   1.2363597664617308E+042   1.6870309613167310E+031   3.0996081687742792E+018   177129.10564563583        3.1995078390025421E-008   7.0943507174385062E-020   8.2413530492200393E-032  -3.3245900014929642E-038  -3.2443018199590328E-045  -1.4375720360598076E-051  -1.6136604149363001E-057  -2.6762388558851405E-063
   1.3810429327974064E+039   1.1030992668107604E+050   1.9515647475031712E+049   1.3015786400790228E+042   1.7836268911136583E+031   3.2934851483635835E+018   189323.84730764077        3.4433118843561719E-008   7.6940969708525144E-020   9.0136746276214438E-032  -3.6688346700268072E-038  -3.6137107132858621E-045  -1.6165941263668268E-051  -1.8322249029421838E-057  -3.0684306313470379E-063
   1.4296660530374600E+039   1.1509589496143279E+050   2.0462381863512673E+049   1.3702381923233085E+042   1.8857537714420249E+031   3.4994889377087524E+018   202358.15623662283        3.7056939193049307E-008   8.3445449182830193E-020   9.8583727497442132E-032  -4.0487241535289806E-038  -4.0251819488111883E-045  -1.8179099929192455E-051  -2.0803931635428829E-057  -3.5180964957825155E-063
   1.4800242469038985E+039   1.2009078722732529E+050   2.1455084029611805E+049   1.4425199497526304E+042   1.9937282996658530E+031   3.7183780577763052E+018   216289.83386231045        3.9880695961325548E-008   9.0499808090601763E-020   1.0782230036274947E-031  -4.4679492945497990E-038  -4.4835049095143670E-045  -2.0442958990574451E-051  -2.3621749211424289E-057  -4.0336590402250684E-063
   1.5321794761071078E+039   1.2530373877148064E+050   2.2495986760608177E+049   1.5186150164015566E+042   2.1078853070730473E+031   3.9509584743944084E+018   231180.66105320666        4.2919624405646020E-008   9.8150532459815026E-020   1.1792664727437999E-031  -4.9305831039606705E-038  -4.9940143162838566E-045  -2.2988738386142417E-051  -2.6821230028832136E-057  -4.6247751517458726E-063
   1.5861959150623265E+039   1.3074428450138479E+050   2.3587431315189724E+049   1.5987245791098567E+042   2.2285787972199646E+031   4.1980865658936387E+018   247096.67208799446        4.6190120717821768E-008   1.0644803818164645E-019   1.2897790248793477E-031  -5.4411203325769810E-038  -5.5626523222291289E-045  -2.5851545900348900E-051  -3.0454068999578772E-057  -5.3025168944575986E-063
   1.6421400297395113E+039   1.3642237640862277E+050   2.4731872692907698E+049   1.6830604395024967E+042   2.3561830437282170E+031   4.4606722763697971E+018   264108.44748894376        4.9709830488046804E-008   1.1544700323557995E-019   1.4106480359122933E-031  -6.0045211402249599E-038  -6.1960376772942246E-045  -2.9070861320641979E-051  -3.4578962925361970E-057  -6.0795788978848187E-063
   1.7000806595040819E+039   1.4234840181599384E+050   2.5931885160251459E+049   1.7718455740456529E+042   2.4910937509434145E+031   4.7396824661822853E+018   282291.42701597826        5.3497743909719991E-008   1.2520672800036176E-019   1.5428440403517801E-031  -6.6262592865227648E-038  -6.9015427682255754E-045  -3.2691080886815544E-051  -3.9262558878429933E-057  -6.9705161372467812E-063
   1.7600891018694017E+039   1.4853320242204269E+050   2.7190168045172375E+049   1.8653147236521177E+042   2.6337292810529220E+031   5.0361444720236780E+018   301726.24420936563        5.7574298238925448E-008   1.3579152602513897E-019   1.6874285243806997E-031  -7.3123753115766560E-038  -7.6873794306126873E-045  -3.6762129541113140E-051  -4.4580531037125839E-057  -7.9920165594622199E-063
   1.8222392004425707E+039   1.5498809419232120E+050   2.8509551813775143E+049   1.9637150144040945E+042   2.7845319514708741E+031   5.3511498896706632E+018   322499.08396462741        6.1961488061384919E-008   1.4727114783584822E-019   1.8455624492077580E-031  -8.0695352232732497E-038  -8.5626945318245296E-045  -4.1340149422373908E-051  -5.0618803374935453E-057  -9.1632136613735190E-063
   1.8866074358183505E+039   1.6172488810557932E+050   2.9893004441554275E+049   2.0673066110179048E+042   2.9439694065086658E+031   5.6858585933418772E+018   344702.06472528848        6.6682983961807705E-008   1.5972124056959804E-019   2.0185155731682050E-031  -8.9050952613480402E-038  -9.5376764373937596E-045  -4.6488274098955775E-051  -5.7474937958368234E-057  -1.0506044875023378E-062
   1.9532730195446049E+039   1.6875591179309757E+050   3.1343638093491478E+049   2.1763634047778251E+042   3.1125360675842926E+031   6.0415030064621834E+018   368433.64698831673        7.1764260235904787E-008   1.7322384646589104E-019   2.2076766474263237E-031  -9.8271733674500874E-038  -1.0623673600080797E-044  -5.2277499217561245E-051  -6.5259711284792787E-057  -1.2045662472818955E-062
   2.0223179916983238E+039   1.7609403214545179E+050   3.2864716129681835E+049   2.2911737377797596E+042   3.2907546664744783E+031   6.4193926395624387E+018   393799.06993389799        7.7232732334134230E-008   1.8786794349960576E-019   2.4145645671476618E-031  -1.0844728055575808E-037  -1.1833326651954195E-044  -5.8787661574724420E-051  -7.4098904129565327E-057  -1.3810904689157464E-062
   2.0938273220033980E+039   1.8375267891325325E+050   3.4459660451583281E+049   2.4120411653913045E+042   3.4791778663618615E+031   6.8209189120225014E+018   420910.81811577582        8.3117904778735714E-008   2.0375003171833732E-019   2.6408405676808838E-031  -1.1967645449143112E-037  -1.3180715536993544E-044  -6.6108540112928252E-051  -8.4135333821516526E-057  -1.5834835882987844E-062
   2.1678890143332559E+039   1.9174586932148652E+050   3.6132059204283207E+049   2.5392852589288329E+042   3.6783899756993911E+031   7.2475602754086543E+018   449889.12028165633        8.9451530352118268E-008   2.2097476914786780E-019   2.8883215636800717E-031  -1.3206835330320297E-037  -1.4681523396787435E-044  -7.4341094024730371E-051  -9.5531161782843725E-057  -1.8155365858973230E-062
   2.2445942151519353E+039   2.0008823377816801E+050   3.7885674853838276E+049   2.6732424506975111E+042   3.8890087602142191E+031   7.7008876572744653E+018   480862.48253584170        9.6267781415495189E-008   2.3965566145620459E-019   3.1589947382760150E-031  -1.4574337134784419E-037  -1.6353219116900146E-044  -8.3598855039081356E-051  -1.0847051361698713E-056  -2.0815959947622243E-062
   2.3240373257385795E+039   2.0879504270018567E+050   3.9724452656694935E+049   2.8142669236127717E+042   4.1116873586652719E+031   8.1825702454667704E+018   513968.25820836541        1.0360343428209039E-007   2.5991580992084936E-019   3.4550334994422087E-031  -1.6083436921708399E-037  -1.8215260658683775E-044  -9.4009493090277138E-051  -1.2316245407798754E-056  -2.3866453144742204E-062
   2.4063161181794498E+039   2.1788223449167322E+050   4.1652529539543224E+049   2.9627315477454211E+042   4.3471163082920471E+031   8.6943816342330337E+018   549353.25695769803        1.1149806763967437E-007   2.8188872262815859E-019   3.7788149316792862E-031  -1.7748796455406510E-037  -2.0289321543247497E-044  -1.0571657696103432E-050  -1.3984436498874382E-056  -2.7363983559679341E-062
   2.4915318559761649E+039   2.2736644478773450E+050   4.3674243412680289E+049   3.1190288663104526E+042   4.5960256862501128E+031   9.2382063547692749E+018   587174.39580835693        1.1999427609302262E-007   3.0571919425039361E-019   4.1329388831491510E-031  -1.9586595652742024E-037  -2.2599543123781368E-044  -1.1888155417999543E-050  -1.5878578068616218E-056  -3.1374062656560120E-062
   2.5797894186883599E+039   2.3726503695389314E+050   4.5794142934696671E+049   3.2835721336627103E+042   4.8591873736597902E+031   9.8160468142461870E+018   627599.39501027577        1.2913789997841705E-007   3.3156426019787721E-019   4.5202488415211697E-031  -2.1614689780253222E-037  -2.5172815582596147E-044  -1.3368597747760272E-050  -1.8029274296355821E-056  -3.5971802334983215E-062
   2.6711974310365306E+039   2.4759613392061973E+050   4.8016997751628653E+049   3.4567964080603935E+042   5.1374174492943365E+031   1.0430030668866736E+019   670807.52180584089        1.3897827269013851E-007   3.5959423143384280E-019   4.9438547661561453E-031  -2.3852782928258241E-037  -2.8039090923588621E-044  -1.5033400850447288E-050  -2.0471274587435170E-056  -4.1243321834339570E-062
   2.7658683966973826E+039   2.5837865141799091E+050   5.0347809233977258E+049   3.6391597020912564E+042   5.4315787203326384E+031   1.1082418658104730E+019   716990.38540293043        1.4956848685337608E-007   3.8999381677108995E-019   5.4071580599624423E-031  -2.6322619447339240E-037  -3.1231731603257464E-044  -1.6905523334001682E-050  -2.3244035029165028E-056  -4.7287360814173863E-062
   2.8639188367274560E+039   2.6963233265072091E+050   5.2791821734688120E+049   3.8311441937878849E+042   5.7425833980191636E+031   1.1775612928967547E+019   766352.78667921526        1.6096568077965290E-007   4.2296334004602271E-019   5.9138788814390425E-031  -2.9048195207119625E-037  -3.4787898858214076E-044  -1.9010782861881335E-050  -2.6392355893974029E-056  -5.4217128824837595E-062
   2.9654694330363208E+039   2.8137778449981404E+050   5.5354534394615747E+049   4.0332575016519196E+042   6.0713959265347177E+031   1.2512165880937507E+019   819113.62638590962        1.7323134675031553E-007   4.5872006019088939E-019   6.4680860162117104E-031  -3.2055990729835438E-037  -3.8748985249188117E-044  -2.1378212193747790E-050  -2.9967105490068351E-056  -6.2162425810459492E-062
   3.0706451769418917E+039   2.9363651530414042E+050   5.8041713521365275E+049   4.2460340269488952E+042   6.4190359738472508E+031   1.3294789564157710E+019   875506.87587840192        1.8643166279139342E-007   4.9749960290308366E-019   7.0742295479198655E-031  -3.5375228463725676E-037  -4.3161096456190805E-044  -2.4040459564211992E-050  -3.4026042055061167E-056  -7.1272073362905127E-062
   3.1795755230030491E+039   3.0643097429216816E+050   6.0859405569420720E+049   4.4700363668235879E+042   6.7865815938178797E+031   1.4126365665467597E+019   935782.61467854260        2.0063784972988258E-007   5.3955751334576694E-019   7.7371765907896534E-031  -3.9038156695800110E-037  -4.8075587932766111E-044  -2.7034238921096292E-050  -3.8634746972140026E-056  -8.1716702266004106E-062
   3.2923945484295940E+039   3.1978459274662104E+050   6.3813950751350076E+049   4.7058568019815015E+042   7.1751725693713265E+031   1.5009956119059722E+019   1000208.1394697982        2.1592655545791850E-007   5.8517094011164412E-019   8.4622503708131102E-031  -4.3080362862359621E-037  -5.3549662665801439E-044  -3.0400836232262224E-050  -4.3867684387010358E-056  -9.3691948542920469E-062
   3.4092411183250772E+039   3.3372182698371910E+050   6.6911997311097550E+049   4.9541188628765039E+042   7.5860139471008086E+031   1.5948814380829223E+019   1069069.1494432297        2.3238026847810186E-007   6.3464046154670838E-019   9.2552729693414586E-031  -4.7541119301260791E-037  -5.9647036998617944E-044  -3.4186678843272517E-050  -4.9809404346146480E-056  -1.0742211787112199E-061
   3.5302590564594895E+039   3.4826820317715153E+050   7.0160516488804617E+049   5.2154789785044696E+042   8.0203797742535514E+031   1.6946397407919137E+019   1142671.0132505246        2.5008776296118103E-007   6.8829206646880491E-019   1.0122612072307507E-030  -5.2463764805102061E-037  -6.6438682267288430E-044  -3.8443975737660861E-050  -5.6555908895793076E-056  -1.2316438700229146E-061
   3.6555973222786845E+039   3.6345036415605889E+050   7.3566818213418707E+049   5.4906282122023453E+042   8.4796170496999510E+031   1.8006378387580871E+019   1221340.1231827384        2.6914457771738277E-007   7.4647930233339169E-019   1.1071232100457341E-030  -5.7896125682342157E-037  -7.4003650882578588E-044  -4.3231437529375519E-050  -6.4216203214167436E-056  -1.4121362088304757E-061
   3.7854101945437980E+039   3.7929611828080977E+050   7.7138567559475414E+049   5.7802940890602002E+042   8.9651499011454386E+031   1.9132660262223413E+019   1305425.3425800761        2.8965353166564809E-007   8.0958560500229035E-019   1.2108750131149092E-030  -6.3890980417201636E-037  -8.2429996472823053E-044  -4.8615086116515087E-050  -7.2914056838946785E-056  -1.6190789570490328E-061
   3.9198574612439125E+039   3.9583449042924812E+050   8.0883802001899687E+049   6.0852425197280330E+042   9.4784840015207519E+031   2.0329390100439507E+019   1395299.5528910204        3.1172527858188667E-007   8.7802682546780244E-019   1.3243497060749966E-030  -7.0506572442779926E-037  -9.1815798797879404E-044  -5.4669165161953905E-050  -8.2790003446687661E-056  -1.8563483133448061E-061
   4.0591046161042902E+039   4.1309577519457932E+050   8.4810949508047204E+049   6.4062798257096966E+042   1.0021211238247924E+032   2.1600974366925484E+019   1491361.3072413551        3.3547890411933872E-007   9.5225397018252192E-019   1.4484584498743472E-030  -7.7807176009272116E-037  -1.0227030536380588E-043  -6.1477163956917443E-050  -9.4003611495180071E-056  -2.1283885173533084E-061
   4.2033230623970682E+039   4.3111159243905344E+050   8.8928847510404627E+049   6.7442548715431439E+042   1.0595014649878480E+032   2.2952095147531293E+019   1594036.5978462952        3.6104256832224072E-007   1.0327561730528674E-018   1.5841977930683737E-030  -8.5863720645022916E-037  -1.1391520302627104E-043  -6.9132968787189701E-050  -1.0673606241615194E-055  -2.4402950937472159E-061
   4.3526903241341533E+039   4.4991494528893406E+050   9.3246762801761719E+049   7.1000613094915140E+042   1.1201673645408019E+032   2.4387727389179937E+019   1703780.7451033634        3.8855419709940212E-007   1.1200639186808290E-018   1.7326576737468924E-030  -9.4754480277413056E-037  -1.2688603438372160E-043  -7.7742157679966461E-050  -1.2119307801491317E-055  -2.7979102953801496E-061
   4.5073902645514411E+039   4.6954028064108453E+050   9.7774412395517644E+049   7.4746399426455558E+042   1.1843069522439626E+032   2.5913157218126135E+019   1821080.4167430343        4.1816222638842576E-007   1.2147525380940399E-018   1.8950301713458950E-030  -1.0456583370877745E-036  -1.4133377544663388E-043  -8.7423456386669510E-050  -1.3760824437575982E-055  -3.2079325332306691E-061
   4.6676133124350292E+039   4.9002355232056563E+050   1.0252198539973623E+050   7.8689812127134217E+042   1.2521191301318885E+032   2.7534001404011315E+019   1946455.7859914433        4.5002640302565794E-007   1.3174460000000039E-018   2.0726190786177348E-030  -1.1539310383581726E-036  -1.5742659294638084E-043  -9.8310375680580017E-050  -1.5624678597842397E-055  -3.6780418428546501E-061
   4.8335566964777130E+039   5.1140228699569777E+050   1.0750016595363643E+050   8.2841278190670580E+042   1.3238141893329363E+032   2.9256228041380708E+019   2080462.8383156094        4.8431864664286672E-007   1.4288210225476640E-018   2.2668503706191960E-030  -1.2734148376599975E-036  -1.7535180173818492E-043  -1.1055305254858423E-049  -1.7740985100503565E-055  -4.2170437374303589E-061
   5.0054246881070341E+039   5.3371565298757218E+050   1.1272015727913241E+050   8.7211774759877778E+042   1.3996144622083540E+032   3.1086178524819304E+019   2223695.8369807480        5.2122397724093442E-007   1.5496115326916040E-018   2.4792836547797207E-030  -1.4052705882870033E-036  -1.9531804508165957E-043  -1.2432032066814581E-049  -2.0143937707651851E-055  -4.8350341418758935E-061
   5.1834288530955019E+039   5.5700453210190181E+050   1.1819370690170369E+050   9.1812858154049144E+042   1.4797550118334430E+032   3.3030590898622206E+019   2376789.9583534249        5.6094151344520245E-007   1.6806135025447248E-018   2.7116246939897565E-030  -1.5507793441050947E-036  -2.1755772317665561E-043  -1.3980203872259693E-049  -2.2872361603550239E-055  -5.5435884973834932E-061
   5.3677883120248846E+039   5.8131159458949256E+050   1.2393313309580999E+050   9.6656694427766629E+042   1.5644843609578756E+032   3.5096624666968142E+019   2540424.1086367294        6.0368554682840756E-007   1.8226901945894182E-018   2.9657391032650667E-030  -1.7113548057226540E-036  -2.4232969822173434E-043  -1.5721170866357812E-049  -2.5970340704123160E-055  -6.3559785784458528E-061
   5.5587300100670196E+039   6.0668137738777623E+050   1.2995135261529709E+050   1.0175609154209525E+043   1.6540652627064105E+032   3.7291887155953730E+019   2715323.9345286507        6.4968669809762947E-007   1.9767778503116026E-018   3.2436673299663420E-030  -1.8885570553998236E-036  -2.6992230748122015E-043  -1.7678942002800101E-049  -2.9487929933264373E-055  -7.2874210835263276E-061
   5.7564889962969058E+039   6.3316036577400990E+050   1.3626190977040518E+050   1.0712453323309170E+043   1.7487755154094545E+032   3.9624461524552475E+019   2902265.0411545052        6.9919316138330685E-007   2.1438918597439344E-018   3.5476410378599027E-030  -2.0841077141392158E-036  -3.0065671943189767E-043  -1.9880516091338973E-049  -3.3481963974411806E-055  -8.3553626556697814E-061
   5.9613087129958908E+039   6.6079707859207165E+050   1.4287900691758975E+050   1.1277621466731761E+043   1.8489088240908949E+032   4.2102936527641551E+019   3102076.4315436622        7.5247204334377278E-007   2.3251334525736299E-018   3.8801010265776414E-030  -2.2999066682178580E-036  -3.3489067205375093E-043  -2.2356254127189280E-049  -3.8016975564618049E-055  -9.5798066717123026E-061
   6.1734412955916236E+039   6.8964215724222139E+050   1.4981753643296408E+050   1.1872607997904390E+043   1.9547757112864923E+032   4.4736438140699607E+019   3315644.1829036521        8.0981080431035666E-007   2.5216969549073523E-018   4.2437168303632332E-030  -2.5380505276683161E-036  -3.7302263677717943E-043  -2.5140297986937862E-049  -4.3166238168255124E-055  -1.0983687921106463E-060
   6.3931478830209868E+039   7.1974845853205082E+050   1.5709311423718002E+050   1.2498986178765891E+043   2.0667044800143029E+032   4.7534663162598597E+019   3543915.3759935964        8.7151880924850198E-007   2.7348776595128394E-018   4.6414081534752596E-030  -2.8008529960435378E-036  -4.1549645655358818E-043  -2.8271041265022638E-049  -4.9012949877126662E-055  -1.2593302192388069E-060
   6.6206989389532443E+039   7.5117115156347028E+050   1.6472211494741357E+050   1.3158412279979891E+043   2.1850422318834463E+032   5.0507914920217600E+019   3787902.2950220047        9.3792899690292917E-007   2.9660803613996783E-018   5.0763683143658337E-030  -3.0908673493693137E-036  -4.6280651203489904E-043  -3.1791658743891735E-049  -5.5651577665596743E-055  -1.4438798813773427E-060
   6.8563745851110508E+039   7.8396781893031949E+050   1.7272170874200953E+050   1.3852629960740187E+043   2.3101559435036174E+032   5.3667141206386958E+019   4048686.9166950635        1.0093996761327321E-006   3.2168286149865469E-018   5.5520898868836239E-030  -3.4109112426805461E-036  -5.1550347599458362E-043  -3.5750701799549139E-049  -6.3189383720250484E-055  -1.6554745373557280E-060
   7.1004649460183387E+039   8.1819856228848666E+050   1.8110990001263632E+050   1.4583474879600414E+043   2.4424336045270474E+032   5.7023974590804820E+019   4327425.7083207658        1.0863164591281088E-006   3.4887747738562638E-018   6.0723927443903117E-030  -3.7640940851506414E-036  -5.7420072296965195E-043  -4.0202767953475685E-049  -7.1748158505423187E-055  -1.8980775197963287E-060
   7.3532705061306973E+039   8.5392611255270336E+050   1.8990556789494470E+050   1.5352879548593913E+043   2.5822854208552762E+032   6.0590775252379492E+019   4625354.7562472448        1.1690943419393039E-006   3.7837108792578421E-018   6.6414547319750253E-030  -4.1538472497792706E-036  -6.3958146872965994E-043  -4.5209253804439982E-049  -8.1466188566231275E-055  -2.1762329714212246E-060
   7.6151024799321585E+039   8.9121594493965753E+050   1.9912850877020705E+050   1.6162878443504144E+043   2.7301450867431270E+032   6.4380676490719912E+019   4943795.2473780662        1.2581799435430784E-006   4.1035804691075172E-018   7.2638452130538185E-030  -4.5839574111429717E-036  -7.1240672267371679E-043  -5.0839201723571444E-049  -9.2500490863458395E-055  -2.4951509603847049E-060
   7.8862831948834678E+039   9.3013639900045224E+050   2.0879948082896585E+050   1.7015613383709990E+043   2.8864711297409282E+032   6.8407633084320858E+019   5284159.3280715896        1.3540539155271974E-006   4.4504913853060977E-018   7.9445617597209091E-030  -5.0586033351036508E-036  -7.9352414571862781E-043  -5.7170251989114459E-049  -1.0502934974107466E-054  -2.8608050689078482E-060
   8.1671464884046182E+039   9.7075880394759432E+050   2.1894025080287344E+050   1.7913339195945387E+043   3.0517483326508743E+032   7.2686472673543758E+019   5647956.3664075211        1.4572335353943375E-006   4.8267296637693968E-018   8.6890702814626496E-030  -5.5823964779083849E-036  -8.8387791678100728E-043  -6.4289713491363742E-049  -1.1925519751689922E-054  -3.2800442831264765E-060
   8.4580381189259436E+039   1.0131576094519764E+051   2.2957364296618991E+050   1.8858429676878390E+043   3.2264892369040150E+032   7.7232950357565194E+019   6036799.6455902783        1.5682754974771769E-006   5.2347745987025008E-018   9.5033489144532055E-030  -6.1604257891238720E-036  -9.8451972269579524E-043  -7.2295767773427146E-049  -1.3540788523892237E-054  -3.7607212799364560E-060
   8.7593161913602730E+039   1.0574105221299094E+051   2.4072359051579280E+050   1.9853383870246928E+043   3.4112357320186533E+032   8.2063806706312888E+019   6452413.5181711139        1.6877789165226796E-006   5.6773150803866598E-018   1.0393936023846898E-029  -6.7983071536914466E-036  -1.0966209994900473E-042  -8.1298823012243701E-049  -1.5374839645382350E-054  -4.3118395137488604E-060
   9.0713515979363386E+039   1.1035986480216583E+051   2.5241518944898496E+050   2.0900832675222157E+043   3.6065607360725603E+032   8.7196829401022874E+019   6896641.0528158853        1.8163885601512514E-006   6.1572673141401360E-018   1.1367982704509027E-029  -7.5022379534608578E-036  -1.2214865674962644E-042  -9.1423036612050655E-049  -1.7457306399210048E-054  -4.9437218582046446E-060
   9.3945284751660533E+039   1.1518066413528984E+051   2.6467475506266675E+050   2.2003545803522355E+043   3.8130699724026822E+032   9.2650918730404250E+019   7371452.2075294303        1.9547983276312601E-006   6.6777940372158335E-018   1.2433310201747636E-029  -8.2790572782995607E-036  -1.3605698190133412E-042  -1.0280802740775995E-048  -1.9821835790160941E-054  -5.6682039616397159E-060
   9.7292446766925921E+039   1.2021228597494449E+051   2.7752988119366942E+050   2.3164439103525084E+043   4.0314038480352487E+032   9.8446157183519605E+019   7878952.5655791583        2.1037549937379700E-006   7.2423253602684187E-018   1.3598472713113174E-029  -9.1363123717622833E-036  -1.5154896352942222E-042  -1.1561080109052622E-048  -2.2506632188950517E-054  -6.4988559379986555E-060
   1.0075912262831503E+040   1.2546395262171645E+051   2.9100950233546790E+050   2.4386582270780598E+043   4.2622394396730590E+032   1.0460388339563856E+020   8421392.6728584357        2.2640622378965282E-006   7.8545813707299108E-018   1.4872826075542087E-029  -1.0082331956878693E-035  -1.6880492297681987E-042  -1.3000791540825464E-048  -2.5555074611071782E-054  -7.4512365456407092E-060
   1.0434958007866609E+040   1.3094528982428822E+051   3.0514395877544848E+050   2.5673206965405757E+043   4.5062925934030279E+032   1.1114677071938118E+020   9001178.0180983115        2.4365849803480325E-006   8.5185966470436061E-018   1.6266602889378402E-029  -1.1126307154461589E-035  -1.8802571368265814E-042  -1.4619791500043834E-048  -2.9016417603846925E-054  -8.5431846150053703E-060
   1.0806823925724075E+040   1.3666634443278140E+051   3.1996506489959636E+050   2.7027715357830718E+043   4.7643201446359935E+032   1.1809891071046102E+020   9620879.7001858111        2.6222540487340396E-006   9.2387468452977222E-018   1.7790994682492521E-029  -1.2278380780103393E-035  -2.0943505904740158E-042  -1.6440406944512760E-048  -3.2946587066114426E-054  -9.7951531838049875E-060
   1.1191967814206854E+040   1.4263760282169413E+051   3.3550618081388280E+050   2.8453689125403641E+043   5.0371222651586124E+032   1.2548590183539429E+020   10283245.829892432        2.8220712002773544E-006   1.0019777533455949E-017   1.9458241774244835E-029  -1.3549745887431962E-035  -2.3328215649648799E-042  -1.8487745227729913E-048  -3.7409083858835106E-054  -1.1230592598356761E-059
   1.1590863818300680E+040   1.4887001011395097E+051   3.5180228744174812E+050   2.9954898923601777E+043   5.3255449445737864E+032   1.3333494372778703E+020   10991213.716573810        3.0371145266556027E-006   1.0866835463193411E-017   2.1281731560869276E-029  -1.4952754515029510E-035  -2.5984457805288008E-042  -2.0790040344009131E-048  -4.2476009806509624E-054  -1.2876389756840360E-059
   1.2004003014203263E+040   1.5537499025410430E+051   3.6889006527656056E+050   3.1535314357105994E+043   5.6304826138353374E+032   1.4167493734035449E+020   11747922.893886996        3.2685442707296041E-006   1.1785502485411224E-017   2.3276106011475364E-029  -1.6501037693554535E-035  -2.8943150118021836E-042  -2.3379042291815394E-048  -4.8229232666806314E-054  -1.4763371721850714E-059
   1.2431894013910186E+040   1.6216446695572305E+051   3.8680797695734694E+050   3.3199114476913246E+043   5.9528809190034372E+032   1.5053659136136076E+020   12556729.042285731        3.5176090865095396E-006   1.2781832332921215E-017   2.5457379237821556E-029  -1.8209637879003497E-035  -3.2238730750246593E-042  -2.6290454924858799E-048  -5.4761708891142134E-054  -1.6926883135300777E-059
   1.2875063591021313E+040   1.6925088556007731E+051   4.0559635385251425E+050   3.4950698831216954E+043   6.2937396538210307E+032   1.5995253528730006E+020   13421218.870033350        3.7856527761338226E-006   1.3862390512687209E-017   2.7843066081902280E-029  -2.0095155098776949E-035  -3.5909559128790425E-042  -2.9564428329170472E-048  -6.2178985548434067E-054  -1.9407448251105358E-059
   1.3334057329664941E+040   1.7664723586172306E+051   4.2529748685878861E+050   3.6794699099550258E+043   6.6541158602194623E+032   1.6995743956828992E+020   14345226.018729264        4.0741215402101204E-006   1.5034297570502604E-017   3.0452322753864731E-029  -2.2175908230444734E-035  -3.9998362435489245E-042  -3.3246112516331644E-048  -7.0600905679034313E-054  -2.2251529986035618E-059
   1.3809440296198025E+040   1.8436707592723070E+051   4.4595572160749010E+050   3.8735991340687480E+043   7.0351271063547696E+032   1.8058814326844791E+020   15332848.063878531        4.3845717806361912E-006   1.6305276013203173E-017   3.3306100649524263E-029  -2.4472112980124087E-035  -4.4552732936933321E-042  -3.7386280068608252E-048  -8.0163544632732825E-054  -2.5512400206357151E-059
   1.4301797734513243E+040   1.9242455695053364E+051   4.6761755829211937E+050   4.0779708886679112E+043   7.4379549523394574E+032   1.9188378971129309E+020   16388464.685894391        4.7186784979997484E-006   1.7683701197617886E-017   3.6427314582577916E-029  -2.7006078289632011E-035  -4.9625681942132063E-042  -4.2042026322632042E-048  -9.1021408676789005E-054  -2.9251137551398444E-059
   1.4811735786857555E+040   2.0083444920531454E+051   4.9033175635408057E+050   4.2931255917392823E+043   7.8638486144319151E+032   2.0388597060977551E+020   17516757.092119742        5.0782443288655430E-006   1.9178656521602822E-017   3.9841026782364081E-029  -2.9802423080622422E-035  -5.5276256835978124E-042  -4.7277556747575256E-048  -1.0334993139753361E-053  -3.3537771484065085E-059
   1.5339882239972639E+040   2.0961216912683572E+051   5.1414944424990180E+050   4.5196321751177693E+043   8.3141288390321604E+032   2.1663887921149916E+020   18722728.775990717        5.4652092717084872E-006   2.0799993280847655E-017   4.3574648134601331E-029  -3.2888315441499001E-035  -6.1570228370565566E-042  -5.3165072376222923E-048  -1.1734830823060434E-053  -3.8452593997255719E-059
   1.5886887297804992E+040   2.1877380757741329E+051   5.3912423455066879E+050   4.7580895889521785E+043   8.7901919985017471E+032   2.3018947302307172E+020   20011727.705401897        5.8816611539682797E-006   2.2558395585893631E-017   4.7658158280998180E-029  -3.6293736580942411E-035  -6.8580856214198463E-042  -5.9785765499557429E-048  -1.3324271491812669E-053  -4.4087663545464107E-059
   1.6453424382323408E+040   2.2833615935597030E+051   5.6531234464005500E+050   5.0091283855658326E+043   9.2935144215189782E+032   2.4458764671284285E+020   21389470.038672779        6.3298468967001081E-006   2.4465450767147783E-017   5.2124346345058283E-029  -4.0051772112513235E-035  -7.6389741668821399E-042  -6.7230939356070453E-048  -1.5128996189437307E-053  -5.0548529371380399E-059
   1.7040190962477047E+040   2.3831675399188441E+051   5.9277272327101661E+050   5.2734123868731148E+043   9.8256569713837207E+032   2.5988641582853564E+020   22862065.473280057        6.8121846375976138E-006   2.6533725731838438E-017   5.7009074217018757E-029  -4.4198933500324612E-035  -8.5087777481206064E-042  -7.5603267256971573E-048  -1.7178164364483831E-053  -5.7956208525470503E-059
   1.7647909412877970E+040   2.4873388788781521E+051   6.2156718327296168E+050   5.5516404397774286E+043   1.0388269886478614E+033   2.7614211200632590E+020   24436044.339770135        7.3312767777972278E-006   2.8776849776082426E-017   6.2351564512008267E-029  -4.8775512788815031E-035  -9.4776205803373812E-042  -8.5018208511370338E-048  -1.9504885008111129E-053  -6.6449452609653573E-059
   1.8277327903343960E+040   2.5960665787177571E+051   6.5176054070942223E+050   5.8445482641958834E+043   1.0983097897899692E+033   2.9341459039017048E+020   26118386.561002709        7.8899240228567431E-006   3.1209604397770960E-017   6.8194715513627510E-029  -5.3825974063025203E-035  -1.0556779661655259E-041  -9.5605600677873591E-048  -2.2146751605456707E-053  -7.6187346702954742E-059
   1.8929221319709588E+040   2.7095499620950331E+051   6.8342076079034772E+050   6.1529103985753067E+043   1.1611985640114428E+033   3.1176745002500378E+020   27916552.605142165        8.4911404936637275E-006   3.3848020702110633E-017   7.4585445631831112E-029  -5.9399385442636497E-035  -1.1758816033511466E-041  -1.0751145010067625E-047  -2.5146449544248279E-053  -8.7352289149033648E-059
   1.9604392217930051E+040   2.8279970715478126E+051   7.1661911087918327E+050   6.4775422480725289E+043   1.2276883371442226E+033   3.3126826803546967E+020   29838516.569666952        9.1381699888043450E-006   3.6709485041695955E-017   8.1575070140991668E-029  -6.5549895806844214E-035  -1.3097720986876176E-041  -1.2089994542269535E-047  -2.8552445794732490E-053  -1.0015340801933724E-058
   2.0303671812160382E+040   2.9516250509732734E+051   7.5143032093278676E+050   6.8193022407997963E+043   1.2979853022088944E+033   3.5198884845237784E+020   31892801.543106768        9.8345034861337996E-006   3.9812853587247269E-017   8.9219713223214190E-029  -7.2337260881719433E-035  -1.4589078916085782E-041  -1.3595572184327215E-047  -3.2419772004274790E-053  -1.1483047824489192E-058
   2.1027920998054966E+040   3.0806605437858578E+051   7.8793275173567100E+050   7.1790940978377931E+043   1.3723074588491441E+033   3.7400548660309511E+020   34088517.401322126        1.0583897977976293E-005   4.3178576584000019E-017   9.7580758625461971E-029  -7.9827423801298987E-035  -1.6250248715853811E-041  -1.5288640734588500E-047  -3.6810913659312505E-053  -1.3165841278767036E-058
   2.1778031412672552E+040   3.2153401085038389E+051   8.2620857130906715E+050   7.5578692230236104E+043   1.4508852893804780E+033   3.9739925003941000E+020   36435401.205937974        1.1390396741578082E-005   4.6828833112558075E-017   1.0672534254911137E-028  -8.8093155782888288E-035  -1.8100565832858800E-041  -1.7192548600984921E-047  -4.1796819681103738E-053  -1.5095241197467419E-058
   2.2554926532097720E+040   3.3559106524958182E+051   8.6634393988913728E+050   7.9566292188259605E+043   1.5339624735493039E+033   4.2225627703724199E+020   38943860.384079188        1.2258351154180337E-005   5.0787677242242479E-017   1.1672689272966016E-028  -9.7214763141103315E-035  -2.0161567323720107E-041  -1.9333551789274965E-047  -4.7458048767597157E-053  -1.7307386744577349E-058
   2.3359562808653541E+040   3.5026298847669799E+051   9.0842920389862536E+050   8.3764285349810490E+043   1.6217966442201559E+033   4.4866809376742559E+020   41625018.880898044        1.3192444170413859E-005   5.5081196540045019E-017   1.2766571803521331E-028  -1.0728086750970257E-034  -2.2457242538960355E-041  -2.1741175988768429E-047  -5.3886071003195824E-053  -1.9843713130085758E-058
   2.4192930848184560E+040   3.6557667884668966E+051   9.5255909933486399E+050   8.8183772568575261E+043   1.7146601863324751E+033   4.7673195130521262E+020   44490766.489549987        1.4197715588683530E-005   5.9737683979706418E-017   1.3962965331800179E-028  -1.1838926685150316E-034  -2.5014312350828773E-041  -2.4448623748905103E-047  -6.1184745766891344E-053  -2.2751727723769015E-058
   2.5056056629566268E+040   3.8156021140982355E+051   9.9883296504238822E+050   9.2836440409507385E+043   1.8128410816061880E+033   5.0655118371956176E+020   47553811.577383347        1.5279589242866079E-005   6.4787824383751732E-017   1.5271476469686971E-028  -1.3064788562159297E-034  -2.7862540175102619E-041  -2.7493232361892866E-047  -6.9471999817752032E-053  -2.6085899905264265E-058
   2.5950002767934191E+040   3.9824288943306497E+051   1.0473549663504074E+051   9.7734592052694501E+043   1.9166438016156893E+033   5.3823558856074704E+020   50827737.442161143        1.6443902266031072E-005   7.0264896627079346E-017   1.6702612093389573E-028  -1.4417582331521664E-034  -3.1035078407054008E-041  -3.0916988765875558E-047  -7.8881732671070134E-053  -2.9908681318016371E-058
   2.6875869822822733E+040   4.1565529813036842E+051   1.0982343295728937E+051   1.0289117982772216E+044   2.0263902520008903E+033   5.7190183114718721E+020   54327062.548226945        1.7696936584073722E-005   7.6204992934560151E-017   1.8267863709902500E-028  -1.5910451158757777E-034  -3.4568854303978168E-041  -3.4767108569447096E-047  -8.9565980050870395E-053  -3.4291675637250046E-058
   2.7834797653349335E+040   4.3382936074921256E+051   1.1515855879077319E+051   1.0831983946479759E+044   2.1424207707448925E+033   6.0767387414028445E+020   58067304.909743771        1.9045452809181516E-005   8.2647256717756748E-017   1.9979799729704412E-028  -1.7557899118764474E-034  -3.8504999805824198E-041  -3.9096687182600990E-047  -1.0169737037430045E-052  -3.9316979762634802E-058
   2.8827966821657339E+040   4.5279839710864273E+051   1.2075288392812653E+051   1.1403492615301474E+044   2.2650951836129089E+033   6.4568343398888414E+020   62065050.906512663        2.0496726716002006E-005   8.9634140518029434E-017   2.1852166386606317E-028  -1.9375932111209917E-034  -4.2889330296893060E-041  -4.3965432033592273E-047  -1.1547191395801823E-052  -4.5078721557226439E-058
   2.9856600045879733E+040   4.7259718468796509E+051   1.2661900167104381E+051   1.2005155250087922E+044   2.3947939200240449E+033   6.8607046592387272E+020   66338028.837532029        2.2058588497313721E-005   9.7211685755790634E-017   2.3899998115099670E-028  -2.1382213367015712E-034  -4.7772877881223585E-041  -4.9440485969411077E-047  -1.3111217001257300E-052  -5.1684822935733563E-058
   3.0921963705548203E+040   4.9326202239755582E+051   1.3277011718103230E+051   1.2638562850000284E+044   2.5319191928197025E+033   7.2898367928908120E+020   70905187.538494006        2.3739465011003235E-005   1.0542982612938042E-016   2.6139738271497292E-028  -2.3596235056762512E-034  -5.3212485378812278E-041  -5.5597353195046488E-047  -1.4887084259481605E-052  -5.9259021326130087E-058
   3.2025369401014840E+040   5.1483079714409215E+051   1.3922007720810201E+051   1.3305390359753716E+044   2.6768962455866148E+033   7.7458108510594007E+020   75786780.411849976        2.5548425246287178E-005   1.1434271666286803E-016   2.8589371168214489E-028  -2.6039507668293041E-034  -5.9271467956580284E-041  -6.2520940520787101E-047  -1.6903486361916806E-052  -6.7943187368166370E-058
   3.3168175568104583E+040   5.3734305329993045E+051   1.4598340126307384E+051   1.4007401098825283E+044   2.8301746714004157E+033   8.2303057788782418E+020   81004455.242071658        2.7495229254484852E-005   1.2400909057109549E-016   3.1268566481377152E-028  -2.8735768993423013E-034  -6.6020350095242169E-041  -7.0306728276966627E-047  -1.9193002889810942E-052  -7.7899982261077606E-058
   3.4351789150180273E+040   5.6084006520713719E+051   1.5307531430396971E+051   1.4746451424346370E+044   2.9922298070797979E+033   8.7451055384643804E+020   86581350.194401413        2.9590380808342653E-005   1.3449264629359562E-016   3.4198837191298400E-028  -3.1711214754186064E-034  -7.3537686470120028E-041  -7.9062087043757784E-047  -2.1792626211772163E-052  -8.9315904534684899E-058
   3.5577667330721564E+040   5.8536491286793233E+051   1.6051178101202064E+051   1.5524495640066422E+044   3.1635642072787175E+033   9.2921056776697728E+020   92542196.422827631        3.1845184074032551E-005   1.4586246724783617E-016   3.7403712324032519E-028  -3.4994753109281004E-034  -8.1910976300678915E-041  -8.8907758354495094E-047  -2.4744359179983904E-052  -1.0240478331229298E-057
   3.6847319327349501E+040   6.1096256093888738E+051   1.6830954173225782E+051   1.6343591164306481E+044   3.3447092029840164E+033   9.8733203097029365E+020   98913427.742284790        3.4271804601587787E-005   1.5819347706781706E-016   4.0908925881056137E-028  -3.8618285513394961E-034  -9.1237681811495085E-041  -9.9979519792291146E-047  -2.8095893782227954E-052  -1.1741178349691867E-057
   3.8162308249501805E+040   6.3767994117331359E+051   1.7648615015951815E+051   1.7205903970565342E+044   3.5362265492512487E+033   1.0490889529319891E+021   105723297.85142645        3.6883334962842530E-005   1.7156693332790590E-016   4.4742623474114290E-028  -4.2617016658111477E-034  -1.0162636265919314E-040  -1.1243005744260458E-046  -3.1901381714888768E-052  -1.3461799790111184E-057
   3.9524253023167959E+040   6.6556603848370043E+051   1.8506001285689855E+051   1.8113714315230194E+044   3.7387101672929954E+033   1.1147087292896918E+021   113002005.62582959        3.9693865391024121E-005   1.8607096300541668E-016   4.8935588324439186E-028  -4.7029796505660006E-034  -1.1319793952970037E-040  -1.2643107152398749E-046  -3.6222309327308236E-052  -1.5434571233454879E-057
   4.0934830383544601E+040   6.9467198075406389E+051   1.9405043069265097E+051   1.9069422767450023E+044   3.9527879863161681E+033   1.1844329791393308E+021   120781829.03721806        4.2718559803118174E-005   2.0180114321044210E-016   5.3521488441029694E-028  -5.1899497738556838E-034  -1.2608710161364953E-040  -1.4217564423488736E-046  -4.1128491074213207E-052  -1.7696444226858633E-057
   4.2395776939326129E+040   7.2505113259034325E+051   2.0347764229130940E+051   2.0075556557191576E+044   4.1791238908252176E+033   1.2585184347040456E+021   129097268.29261072        4.5973737615184015E-005   2.1886113100979490E-016   5.8537146962749134E-028  -5.7273432292280494E-034  -1.4044387434247000E-040  -1.5988090247050933E-046  -4.6699197527711483E-052  -2.0289785414922165E-057
   4.3908891311523631E+040   7.5675919318795306E+051   2.1336286959770964E+051   2.1134776258292336E+044   4.4184197794320690E+033   1.3372378866518388E+021   137985198.82816926        4.9476961792050264E-005   2.3736334649541513E-016   6.4022837834995777E-028  -6.3203811017837719E-034  -1.5643536563308468E-040  -1.7979101213017504E-046  -5.3024436174468950E-052  -2.3263170100005686E-057
   4.5476036347981035E+040   7.8985429846809399E+051   2.2372836565343849E+051   2.2249882824090477E+044   4.6714177415511697E+033   1.4208811885419687E+021   147485034.83616993        5.3247133606443543E-005   2.5742971359842878E-016   7.0022609195116368E-028  -6.9748250940100230E-034  -1.7424771096689305E-040  -2.0218054530842153E-046  -6.0206405692269210E-052  -2.6672292095528793E-057
   4.7099141415965450E+040   8.2439712766259171E+051   2.3459746469235276E+051   2.3423824994206130E+044   4.9389023587275356E+033   1.5097563240982713E+021   157638904.05025399        5.7304594618810257E-005   2.7919246353057672E-016   7.6584637063230447E-028  -7.6970335040214663E-034  -1.9408823994308666E-040  -2.2735826680537643E-046  -6.8361147203112889E-052  -3.0581006914532923E-057
   4.8780204777358970E+040   8.6045101457570543E+051   2.4599463467161388E+051   2.4659707092174009E+044   5.2217031377425831E+033   1.6041905412402106E+021   168491834.56410941        6.1671236428063975E-005   3.0279500614749578E-016   8.3761612178484429E-028  -8.4940230000700201E-034  -2.1618788952425471E-040  -2.5567139217462892E-046  -7.7620419182629033E-052  -3.5062527833245276E-057
   5.0521296049165868E+040   8.9808206372340900E+051   2.5794553235617331E+051   2.5960797234539400E+044   5.5206970830427033E+033   1.7045315570472588E+021   180091954.51204145        6.6370618785407127E-005   3.2839287497586251E-016   9.1611163086893263E-028  -9.3735367914982290E-034  -2.4080389206363402E-040  -2.8751037602957795E-046  -8.8133826319243213E-052  -4.0200797232847788E-057
   5.2324558751454430E+040   9.3735927154513885E+051   2.7047706107868034E+051   2.7330535973061381E+044   5.8368114164635405E+033   1.8111488380928454E+021   192490705.49690512        7.1428096708490928E-005   3.5615475213181900E-016   1.0019631887800930E-027  -1.0344119858455650E-033  -2.6822276940171202E-040  -3.2331429664180630E-046  -1.0007123671968362E-051  -4.6092058905751479E-057
   5.4192212946309528E+040   9.7835465291882818E+051   2.8361743130580621E+051   2.8772545392906683E+044   6.1710264526863543E+033   1.9244349608624755E+021   205743070.71187213        7.6870957281747687E-005   3.8626357988459659E-016   1.0958601528603083E-027  -1.1415201971278284E-033  -2.9876366788244784E-040  -3.6357691108825793E-046  -1.1362552651630297E-051  -5.2846660776899708E-057
   5.6126557971028900E+040   1.0211433732108959E+052   2.9739622414729864E+051   3.0290638690892557E+044   6.5243786393436329E+033   2.0448070572652440E+021   219907818.76765779        8.2728566880987354E-005   4.1891776619019144E-016   1.1985564821916148E-027  -1.2597189306112015E-033  -3.3278207310756074E-040  -4.0885346445125395E-046  -1.2901569622161925E-051  -6.0591121806476987E-057
   5.8129975268933256E+040   1.0658038861034495E+052   3.1184445795075943E+051   3.1888830259107856E+044   6.8979637712018718E+033   2.1727083505612594E+021   235047764.30647945        8.9032529616593783E-005   4.5433249213920300E-016   1.3108767916186575E-027  -1.3901565546878268E-033  -3.7067394766735736E-040  -4.5976834697421973E-046  -1.4649040918190234E-051  -6.9470501788724069E-057
   6.0204931321252407E+040   1.1124180774509646E+052   3.2699465813201422E+051   3.3571346300576029E+044   7.2929403883890567E+033   2.3086097873604604E+021   251230046.55845851        9.5816857850183134E-005   4.9274112993451063E-016   1.4337229731118267E-027  -1.5341003455845517E-033  -4.1288034000986939E-040  -5.1702370476979495E-046  -1.6633200930160866E-051  -7.9651118435039524E-057
   6.2353980683714810E+040   1.1610714154305891E+052   3.4288093039832522E+051   3.5342636005033487E+044   7.7105333692054189E+033   2.4530117717020372E+021   268526427.07574648        1.0311815570473109E-004   5.3439678074283023E-016   1.5680814376381903E-027  -1.6929487996778784E-033  -4.5989251809396461E-040  -5.8140912282705254E-046  -1.8886108295418234E-051  -9.1323662634455741E-057
   6.4579769131524742E+040   1.2118531072602464E+052   3.5953903752915169E+051   3.7207383314371963E+044   8.1520377286589782E+033   2.6064460075994846E+021   287013607.96469861        1.1097581655827689E-004   5.7957394255412754E-016   1.7150310356898392E-027  -1.8682452206879059E-033  -5.1225768758039846E-040  -6.5381251385218382E-046  -2.1444163878731361E-051  -1.0470677024274706E-056
   6.6885036916626991E+040   1.2648562627724730E+052   3.7700647988737908E+051   3.9170519308859854E+044   8.6188226345058603E+033   2.7694774568357929E+021   306773572.02732170        1.1943223558676107E-004   6.2857031903956502E-016   1.8757517200686816E-027  -2.0616927137586360E-033  -5.7058536111859867E-040  -7.3523236310615888E-046  -2.4348698911424369E-051  -1.2005111730256846E-056
   6.9272622141342301E+040   1.3201780651454920E+052   3.9532257984246154E+051   4.1237235246903013E+044   9.1123356532503210E+033   2.9427064192176551E+021   327893946.32038409        1.2853303850275164E-004   6.8170878132781522E-016   2.0515340204867717E-027  -2.2751707321007711E-033  -6.3555445286549960E-040  -8.2679149810287228E-046  -2.7646642791843192E-051  -1.3764411540129355E-056
   7.1745464252939812E+040   1.3779199491137401E+052   4.1452857029670323E+051   4.3412996292869000E+044   9.6341072392752336E+033   3.1267707429489093E+021   350468390.74444741        1.3832732772420044E-004   7.3933949562727398E-016   2.2437894060598974E-027  -2.5107533369571713E-033  -7.0792118081423197E-040  -9.2975257306002046E-046  -3.1391281337001397E-051  -1.5781529511427185E-056
   7.4306607662037685E+040   1.4381877869537417E+052   4.3466768751009435E+051   4.5703555969141400E+044   1.0185755481013955E+034   3.3223481732605789E+021   374597013.38596147        1.4886794730138627E-004   8.0184223071447351E-016   2.4540616189013697E-027  -2.7707293482968080E-033  -7.8852786891301002E-040  -1.0455354816423303E-045  -3.5643117736691099E-051  -1.8094247836958815E-056
   7.6959205490190417E+040   1.5010920826056744E+052   4.5578526843504284E+051   4.8114971370701632E+044   1.0768991118888270E+034   3.5301588479462930E+021   400386814.45433646        1.6021176803144354E-004   8.6962886049437982E-016   2.6840390698208292E-027  -3.0576245820128935E-033  -8.7831275142790727E-040  -1.1757369381291161E-045  -4.0470850120740576E-051  -2.0745885534753788E-056
   7.9706523452800887E+040   1.5667481743210846E+052   4.7792885278461348E+051   5.0653619182633782E+044   1.1385622850587113E+034   3.7509679489938075E+021   427952160.78278303        1.7241999429880899E-004   9.4314607812380524E-016   2.9355683956614149E-027  -3.3742263896725746E-033  -9.7832089366902894E-040  -1.3221524970420869E-045  -4.5952481534254417E-051  -2.3786109847068294E-056
   8.2551943879677860E+040   1.6352764461536428E+052   5.0114829005707032E+051   5.3326212542661588E+044   1.2037562940118644E+034   3.9855885200734552E+021   457415292.99696261        1.8555849429707189E-004   1.0228783395830173E-015   3.2106692871354786E-027  -3.7236107392355711E-033  -1.0897163561934927E-039  -1.4868013148968595E-045  -5.2176580255018308E-051  -2.7271866546583537E-056
   8.5498969878439007E+040   1.7068025486854422E+052   5.2549585175816017E+051   5.6139818793322743E+044   1.2726833148031169E+034   4.2348844602579411E+021   488906867.60053229        1.9969815541390483E-004   1.1093510560927768E-015   3.5115507062210595E-027  -4.1091720998464136E-033  -1.2137957440723921E-039  -1.6719539955572878E-045  -5.9243710816375200E-051  -3.1268446575157495E-056
   8.8551229647504165E+040   1.7814576294305537E+052   5.5102634907862224E+051   5.9101878170900792E+044   1.3455571001207751E+034   4.4997737049987634E+021   522566536.38162887        2.1491526669655003E-004   1.2031340564139986E-015   3.8406286233394067E-027  -4.5346564210485704E-033  -1.3520032989306595E-039  -1.8801639031965132E-045  -6.7268058857020980E-051  -3.5850708994108435E-056
   9.1712480943028055E+040   1.8593785733167090E+052   5.7779725628905870E+051   6.2220223480435378E+044   1.4226036421670161E+034   4.7812316060708493E+021   558543565.70964992        2.3129193046139704E-004   1.3048453418454615E-015   4.2005454167365460E-027  -5.0041975268322347E-033  -1.5059477094259799E-039  -2.1143023746888071E-045  -7.6379276050879247E-051  -4.1104483152842409E-056
   9.4986615704996602E+040   1.9407082536794383E+052   6.0586884012904687E+051   6.5503100808805860E+044   1.5040618734946161E+034   5.0802945229303254E+021   596997498.46862340        2.4891650526843973E-004   1.4151551586638284E-015   4.5941910898389762E-027  -5.5223572781047421E-033  -1.6774208358349601E-039  -2.3775983170317696E-045  -8.6724574926111007E-051  -4.7128176339536940E-056
   9.8377664849289999E+040   2.0255957942551184E+052   6.3530429548534333E+051   6.8959191330794842E+044   1.5901844079745497E+034   5.3980636387109136E+021   638098861.56266654        2.6788408265066488E-004   1.5347904148422319E-015   5.0247264769516205E-027  -6.0941698937854220E-033  -1.8684185666944376E-039  -2.6736827358706934E-045  -9.8471107419851684E-051  -5.4034617026435079E-056
   1.0188980322976319E+041   2.1141968426094082E+052   6.6616988765864637E+051   7.2597634265571068E+044   1.6812383241903943E+034   5.7357090149069908E+021   682029922.13084543        2.8829700017046777E-004   1.6645394701520570E-015   5.4956086236309592E-027  -6.7251908611291283E-033  -2.0811640502619611E-039  -3.0066388091994596E-045  -1.1180866559965501E-050  -6.1953168235168814E-056
   1.0552735477804548E+041   2.2066738555401638E+052   6.9853510154431572E+051   7.6428051044490091E+044   1.7775059936906179E+034   6.0944738996756352E+021   728985495.82507956        3.1026539357127659E-004   1.8052573312134027E-015   6.0106185455291885E-027  -7.4215509104708523E-033  -2.3181335712018154E-039  -3.3810581967838318E-045  -1.2695274818797556E-050  -7.1032150607097529E-056
   1.0929479782743727E+041   2.3031963969799382E+052   7.3247279806322154E+051   8.0460570754138385E+044   1.8792859566674414E+034   6.4756793056215695E+021   779173810.73548770        3.3390779100347099E-004   1.9578712857280466E-015   6.5738915886031147E-027  -8.1900155787870705E-033  -2.5820853736924481E-039  -3.8021043618472997E-045  -1.4414804243640090E-050  -8.1441620564660475E-056
   1.1319677062569777E+041   2.4039414489011434E+052   7.6805937818882381E+051   8.4705856921665177E+044   1.9868938477758150E+034   6.8807288739177546E+021   832817430.79411101        3.5935175253062082E-004   2.1233870130225625E-015   7.1899506344687873E-027  -9.0380509407672696E-033  -2.8760917664461880E-039  -4.2755837782624010E-045  -1.6367237760725909E-050  -9.3376555600868554E-056
   1.1723807704574521E+041   2.5090937358488493E+052   8.0537495494747759E+051   8.9175135713536650E+044   2.1006633749662905E+034   7.3111140426759851E+021   890154242.75218689        3.8673455836650745E-004   2.3028952111684979E-015   7.8637424175299377E-027  -9.9738961460117370E-033  -3.2035748833330107E-039  -4.8080260052369549E-045  -1.8584121394014226E-050  -1.0706050635990123E-055
   1.2142369250015583E+041   2.6188460636683930E+052   8.4450353377528235E+051   9.3880225622129495E+044   2.2209473543659722E+034   7.7684195385960584E+021   951438511.10767245        4.1620394955620344E-004   2.4975787843501905E-015   8.6006772454933850E-027  -1.1006643467095610E-032  -3.5683465158496680E-039  -5.4067737337719874E-045  -2.1101273963285327E-050  -1.2274978391512517E-055
   1.2575877006639253E+041   2.7333996730396329E+052   8.8553320163611677E+051   9.8833568718609892E+044   2.3481188044163510E+034   8.2543292121135050E+021   1016942005.6611216        4.4791892509746440E-004   2.7087206378427118E-015   9.4066724422128586E-027  -1.2146326636211841E-032  -3.9746524810704635E-039  -6.0800840466848511E-045  -2.3959365819014428E-050  -1.4073826067551859E-055
   1.3024864683052040E+041   2.8529646084713288E+052   9.2855632532732164E+051   1.0404826355476957E+045   2.4825721026613233E+034   8.7706322375319266E+021   1086955206.7001655        4.8205059980321993E-004   2.9377121319664624E-015   1.0288199861691781E-026  -1.3404018328634257E-032  -4.4272220415074733E-039  -6.8372422886327712E-045  -2.7204575964809157E-050  -1.6136287484522573E-055
   1.3489885045801682E+041   2.9777601034528261E+052   9.7366975942251572E+051   1.0953809980095035E+045   2.6247242087739709E+034   9.3192297009714026E+021   1161788593.1572180        5.1878312753370992E-004   3.1860622507276011E-015   1.1252337854766103E-026  -1.4791937740109170E-032  -4.9313229521106628E-039  -7.6886901164716217E-045  -3.0889338184726078E-050  -1.8500994153907056E-055
   1.3971510599942427E+041   3.1080149824608754E+052   1.0209750643185076E+052   1.1531759471160860E+045   2.7750159576144272E+034   9.9021416003899836E+021   1241774019.4527924        5.5831469477945865E-004   3.4554075455628001E-015   1.2306828105740985E-026  -1.6323569303351238E-032  -5.4928227751362010E-039  -8.6461694958395784E-045  -3.5073188230857730E-050  -2.1212238876614913E-055
   1.4470334293826004E+041   3.2439680805333342E+052   1.0705787348733395E+052   1.2140203151478806E+045   2.9339134263274087E+034   1.0521514283450688E+022   1327266187.1299946        6.0085858995581316E-004   3.7475229197143409E-015   1.3460137795358673E-026  -1.8013793697042081E-032  -6.1182571765668168E-039  -9.7228846297628780E-045  -3.9823725759440510E-050  -2.4320805381711445E-055
   1.4986970249147915E+041   3.3858686812216627E+052   1.1225924401566175E+052   1.2780749982728769E+045   3.1019093797214149E+034   1.1179628350625244E+022   1418644217.8065450        6.4664435417839141E-004   4.0643333243017071E-015   1.4721527589245134E-026  -1.9879032420160177E-032  -6.8149059990316623E-039  -1.0933684052374882E-044  -4.5217706557761224E-050  -2.7884919545297654E-055
   1.5522054517012202E+041   3.5339769736896347E+052   1.1771332748464870E+052   1.3455093820217409E+045   3.2795247984098981E+034   1.1878907052631249E+022   1516313334.4194853        6.9591901972826679E-004   4.4079264431628775E-015   1.6101125997757688E-026  -2.1937407336263774E-032  -7.5908779966881596E-039  -1.2295265398927414E-044  -5.1342282709282337E-050  -3.1971340006612859E-055
   1.6076245860936782E+041   3.6885645297933584E+052   1.2343240228386584E+052   1.4165017892112276E+045   3.4673104944530985E+034   1.2621925213122675E+022   1620706658.2181253        7.4894844288888186E-004   4.7805664500545183E-015   1.7610010704316324E-026  -2.4208916737790765E-032  -8.4552052183508254E-039  -1.3826405675993088E-044  -5.8296410734686435E-050  -3.6656608609450577E-055
   1.6650226567942765E+041   3.8499148020662376E+052   1.2942934336685406E+052   1.4912399515036781E+045   3.6658488195140866E+034   1.3411418709493279E+022   1732287129.4745314        8.0601873834598974E-004   5.1847089288673574E-015   1.9260297515258217E-026  -2.6715629640943161E-032  -9.4179481374551391E-039  -1.5548220207420879E-044  -6.6192450460580613E-050  -4.2028484090633733E-055
   1.7244703288546668E+041   4.0183236434735481E+052   1.3571765123612906E+052   1.5699215058463612E+045   3.8757554708231663E+034   1.4250294546697262E+022   1851549560.4287302        8.6743782288967110E-004   5.6230170551759374E-015   2.1065237645449227E-026  -2.9481900198840692E-032  -1.0490312752532707E-038  -1.7484453827061296E-044  -7.5157980449234231E-050  -4.8187585869651662E-055
   1.7860407906683147E+041   4.1940998498869946E+052   1.4231148233617612E+052   1.6527545171031875E+045   4.0976814005509307E+034   1.5141641561179708E+022   1979022829.5725298        9.3353707674729528E-004   6.0983791457541136E-015   2.3039324120821256E-026  -3.2534604316090047E-032  -1.1684781021207267E-038  -1.9661808333979499E-044  -8.5337859321765413E-050  -5.5249278728921295E-055
   1.8498098440811469E+041   4.3775657263249425E+052   1.4922568092367447E+052   1.7399580282644350E+045   4.3323148345148039E+034   1.6088741794335829E+022   2115272227.0031261        1.0046731315111130E-003   6.6139276917029592E-015   2.5198408152211878E-026  -3.5903400763618443E-032  -1.3015256145919487E-038  -2.2110310725957813E-044  -9.6896566280168478E-050  -6.3345833686208479E-055
   1.9158559977132341E+041   4.5690576779457577E+052   1.5647581248588787E+052   1.8317626396859207E+045   4.5803834064758805E+034   1.7095082577371618E+022   2260901961.2467203        1.0812297943069208E-003   7.1730600006129345E-015   2.7559826414944945E-026  -3.9621019330650015E-032  -1.4497224402456006E-038  -2.4863727289442769E-044  -1.1002085864465820E-049  -7.2628905534034127E-055
   1.9842605636138646E+041   4.7689268268986733E+052   1.6407819878278773E+052   1.9284111188908115E+045   4.8426564146462933E+034   1.8164369372066177E+022   2416557838.6690426        1.1636201185855131E-003   7.7794605837861840E-015   3.0142540256162460E-026  -4.3723578813387324E-032  -1.6147935394912023E-038  -2.7960029256480940E-044  -1.2492278934492341E-049  -8.3272373452313293E-055
   2.0551077573675987E+041   4.9775396561593480E+052   1.7204995459173411E+052   2.0301590425463595E+045   5.1199472074046195E+034   1.9300539414716464E+022   2582930127.3547893        1.2522886327096458E-003   8.4371254360438530E-015   3.2967287947693550E-026  -4.8250937929840811E-032  -1.7986602835193463E-038  -3.1441916450326719E-044  -1.4184313311975405E-049  -9.5475597901119771E-055
   2.1284848017702384E+041   5.1952786815178469E+052   1.8040902623721794E+052   2.1372754723121919E+045   5.4131157056167642E+034   2.0507776213501121E+022   2760756618.1559448        1.3477137383605790E-003   9.1503883681147742E-015   3.6056751206995111E-026  -5.3247082570143985E-032  -2.0034628184063426E-038  -3.5357406141101808E-044  -1.6105527678312668E-049  -1.0946715479771901E-054
   2.2044820342163508E+041   5.4225431529922756E+052   1.8917423199309472E+052   2.2500436663505707E+045   5.7230710693877107E+034   2.1790524952650338E+022   2950825896.4839020        1.4504102917046887E-003   9.9239495651286237E-015   3.9435737323271582E-026  -5.8760553144716491E-032  -2.2315849756839328E-038  -3.9760495232174302E-044  -1.8286963641289097E-049  -1.2550911692192474E-054
   2.2831930179218433E+041   5.6597497869292627E+052   1.9836530444785844E+052   2.3687618283783006E+045   6.0507745175123382E+034   2.3153508860138512E+022   3153980839.3541431        1.5609323812465037E-003   1.0762906559405037E-014   4.3131378351179794E-026  -6.4844916182206384E-032  -2.4856820193245605E-038  -4.4711904909195881E-044  -2.0763867283183560E-049  -1.4390196274384317E-054
   2.3647146571088269E+041   5.9073335301044564E+052   2.0800293492782303E+052   2.4937438962386723E+045   6.3972423083662449E+034   2.4601746599162702E+022   3371122353.1910582        1.6798763173556527E-003   1.1672787821639257E-014   4.7173348971571928E-026  -7.1559284759053461E-032  -2.7687115521075479E-038  -5.0279918020943661E-044  -2.3576258641768141E-049  -1.6499020462017596E-054
   2.4491473163011589E+041   6.1657483572429907E+052   2.1810882007853190E+052   2.6253203720801416E+045   6.7635488914822862E+034   2.6140570747446814E+022   3603213368.9686704        1.8078838495974687E-003   1.2659589191840286E-014   5.1594104768621380E-026  -7.8968892816947310E-032  -3.0839679411057711E-038  -5.6541320739941406E-044  -2.6769578325467511E-049  -1.8916884177959428E-054
   2.5365949438939593E+041   6.4354681034726921E+052   2.2870571071014673E+052   2.7638391963413955E+045   7.1508302395909480E+034   2.7775647432423233E+022   3851283112.4047184        1.9456456292262527E-003   1.3729813390091606E-014   5.6429142836616557E-026  -8.7145728948008107E-032  -3.4351206629939353E-038  -6.3582461488917158E-044  -3.0395421710225462E-049  -2.1689075896664920E-054
   2.6271652001280641E+041   6.7169873331723970E+052   2.3981746301566988E+052   2.9096666678486365E+045   7.5602873714521114E+034   2.9512997194580546E+022   4116431668.1438203        2.0939049355224509E-003   1.4890512867496926E-014   6.1717286808997601E-026  -9.6169235805272261E-032  -3.8262570155045658E-038  -7.1500441736311960E-044  -3.4512372580705092E-049  -2.4867520932658440E-054
   2.7209695896308290E+041   7.0108222468196612E+052   2.5146909227749067E+052   3.0631884124590547E+045   7.9931900764038930E+034   3.1359017155799951E+022   4399834858.1700172        2.2534616860788470E-003   1.6149336279685751E-014   6.7500998598318284E-026  -1.0612708193365667E-031  -4.2619296921784812E-038  -8.0404455082610374E-044  -3.9186949685201504E-049  -2.8511754042210731E-054
   2.8181235986965646E+041   7.3175116275323519E+052   2.6368682918372719E+052   3.2248104028147793E+045   8.4508808521820780E+034   3.3320504574312765E+022   4702749456.0829191        2.4251767526730101E-003   1.7514578889126132E-014   7.3826719350297444E-026  -1.1711601352018790E-031  -4.7472097741637909E-038  -9.0417293104283461E-044  -4.4494681498026080E-049  -3.2690034555801591E-054
   2.9187468374676341E+041   7.6376178290150840E+052   2.7649817888071644E+052   3.3949600319018278E+045   8.9347790682196707E+034   3.5404681873007112E+022   5026518760.3602238        2.6099766060117412E-003   1.8995237228379543E-014   8.0745242349697165E-026  -1.2924279433873438E-031  -5.2877457558697651E-038  -1.0167703872181555E-043  -5.0521326554603873E-049  -3.7480624928669579E-054
   3.0229631871951410E+041   7.9717278067345382E+052   2.8993198289482021E+052   3.5740872432541571E+045   9.4463853673388952E+034   3.7619223233243126E+022   5372578551.3219156        2.8088583144078197E-003   2.0601068384512892E-014   8.8312120872331457E-026  -1.4262524302134825E-031  -5.8898292915141482E-038  -1.1433897044435766E-043  -5.7364259076587385E-049  -4.2973256657698909E-054
   3.1309009527479337E+041   8.3204541941735466E+052   3.0401848406219272E+052   3.7626657207876583E+045   9.9872863194816162E+034   3.9972282852089816E+022   5742463458.2120028        3.0228949233586330E-003   2.2342654295332302E-014   9.6588114258106877E-026  -1.5739337773389540E-031  -6.5604684278310116E-038  -1.2857770375165621E-043  -6.5134042274924616E-049  -4.9270811022410229E-054
   3.2426930205728579E+041   8.6844364261862277E+052   3.1878939461357893E+052   3.9611941414150063E+045   1.0559159341915173E+035   4.2472524967039906E+022   6137813764.6340075        3.2532412450519636E-003   2.4231471481132910E-014   1.0563967578690789E-025  -1.7369067937716201E-031  -7.3074691753431973E-038  -1.4458959914417812E-043  -7.3956214751190608E-049  -5.6491246131648198E-054
   3.3584770222959438E+041   9.0643419114986037E+052   3.3427796756713827E+052   4.1701974937524190E+045   1.1163777901170525E+035   4.5129155758754238E+022   6560382682.5191784        3.5011400890354941E-003   2.6279966671475183E-014   1.1553948627479639E-025  -1.9167548558616023E-031  -8.1395263676610710E-038  -1.6259547006985794E-043  -8.3973318860577463E-049  -6.4769806371054515E-054
   3.4783955041654188E+041   9.4608672565031306E+052   3.5051907158999604E+052   4.3902284664053889E+045   1.1803017012844458E+035   4.7951957249305271E+022   7012044126.8844185        3.7679289676669763E-003   2.8501638825345369E-014   1.2636703767511216E-025  -2.1152252907113658E-031  -9.0663248663787865E-038  -1.8284362807137021E-043  -9.5347203809382979E-049  -7.4261555636002782E-054
   3.6025961025494233E+041   9.8747395426056110E+052   3.6754926949733112E+052   4.6218689095060636E+045   1.2478859056323511E+035   5.0951323320740521E+022   7494801025.8579788        4.0550473125237577E-003   3.0911128085188461E-014   1.3820927137058645E-025  -2.3342463524615228E-031  -1.0098652289558722E-037  -2.0561330714830147E-043  -1.0826164069880232E-048  -8.5144281799427547E-054
   3.7312317256915879E+041   1.0306717659423095E+053   3.8540690056488279E+052   4.8657313733627342E+045   1.3193399922456731E+035   5.4138297986579457E+022   8010794202.8235435        4.3640442407066700E-003   3.3524312250991803E-014   1.5116127628172072E-025  -2.5759459563866157E-031  -1.1248524575924763E-037  -2.3121851455818069E-043  -1.2292529176702810E-048  -9.7621826817494906E-054
   3.8644607419602654E+041   1.0757593696317573E+053   4.0413216684095705E+052   5.1224607282942995E+045   1.3948855513246757E+035   5.7524616057174782E+022   8562311870.0720520        4.6965869129409425E-003   3.6358411410156103E-014   1.6532705239699793E-025  -2.8426723528134775E-031  -1.2529325846289226E-037  -2.6001236116118779E-043  -1.3957508180455339E-048  -1.1192790484859715E-053
   4.0024471748267720E+041   1.1228194394830259E+053   4.2376722365250772E+052   5.3927358699347342E+045   1.4747568613718011E+035   6.1122746348675424E+022   9151799776.0620098        5.0544695285694875E-003   3.9432101412633591E-014   1.8082034585580729E-025  -3.1370169417211939E-031  -1.3955964190152860E-037  -2.9239193102654440E-043  -1.5848002621560000E-048  -1.2833047990202364E-053
   4.1453609048033437E+041   1.1719382664647708E+053   4.4435627450843443E+052   5.6772715145138140E+045   1.5592016157268581E+035   6.4945937594684994E+022   9781872051.2864342        5.4396230059698941E-003   4.2765636939098493E-014   1.9776556228949475E-025  -3.4618394496795481E-031  -1.5545045190780617E-037  -3.2880375745531754E-043  -1.7994557757675000E-048  -1.4713678501308329E-053
   4.2933778785838900E+041   1.2232059165859670E+053   4.6594567061333170E+052   5.9768200888591433E+045   1.6484816907034029E+035   6.9008267229660671E+022   10455322800.842716        5.8541254006246064E-003   4.6380984973130526E-014   2.1629876575433865E-025  -3.8202957137342551E-031  -1.7315065208525492E-037  -3.6974998093720171E-043  -2.0431856092136410E-048  -1.6869907695774642E-053
   4.4466803256609930E+041   1.2767163960465785E+053   4.8858401521684608E+052   6.2921737201237300E+045   1.7428739577091762E+035   7.3324693223695318E+022   11175138495.115017        6.3002131170544189E-003   5.0301969556955549E-014   2.3656877127754065E-025  -4.2158683421756077E-031  -1.9286626672153218E-037  -4.1579527396314542E-043  -2.3199277749059650E-048  -1.9342123429711181E-053
   4.6054569826802253E+041   1.3325678236140723E+053   5.1232227303319465E+052   6.6241663304987272E+045   1.8426711418688918E+035   7.7911109159539991E+022   11944511213.516300        6.7802929751080120E-003   5.4554428784638975E-014   2.5873833978898339E-025  -4.6524005500774279E-031  -2.1482677884085266E-037  -4.6757462819105510E-043  -2.6341536749240719E-048  -2.2176632233822222E-053
   4.7699033258008009E+041   1.3908626105392087E+053   5.3721388497663535E+052   6.9736758424476180E+045   1.9481827298117151E+035   8.2784402754658399E+022   12766852800.019617        7.2969551957096507E-003   5.9166385067267573E-014   2.8298548503362536E-025  -5.1341334983379616E-031  -2.3928780130810998E-037  -5.2580211135416446E-043  -2.9909403467348197E-048  -2.5426526670885036E-053
   4.9402218113457048E+041   1.4517076483399005E+053   5.6331488847093795E+052   7.3416265002918289E+045   2.0597359294384157E+035   8.7962518043793906E+022   13645809993.252098        7.8529873761280736E-003   6.4168229792114435E-014   3.0950490295857264E-025  -5.6657474989927945E-031  -2.6653405207542612E-037  -5.9128071467497677E-043  -3.3960524943352548E-048  -2.9152679800908138E-053
   5.1166221250515491E+041   1.5152145048025223E+053   5.9068404360475809E+052   7.7289913142929889E+045   2.1776766846453419E+035   9.3464521451029022E+022   14585280598.248741        8.4513895301693669E-003   6.9592923592638287E-014   3.3850953505230818E-025  -6.2524074871333405E-031  -2.9688266820199529E-037  -6.6491342658643181E-043  -3.8560356302199733E-048  -3.3424885381078831E-053
   5.2993214402214914E+041   1.5814996285588447E+053   6.1938296541667395E+052   8.1367946336936780E+045   2.3023707481519050E+035   9.9310671994619781E+022   15589430771.580637        9.0953902744414488E-003   7.5476213549034900E-014   3.7023227818913855E-025  -6.8998132012166515E-031  -3.3068689722128188E-037  -7.4771568547342490E-043  -4.3783218330942979E-048  -3.8323165157335969E-053
   5.4885446850964551E+041   1.6506845626127958E+053   6.4947626260751618E+052   8.5661148555198302E+045   2.4342048157584078E+035   1.0552249588310387E+023   16662713496.509764        9.7884642480214959E-003   8.1856868750626105E-014   4.0492785470829702E-025  -7.6142545592970955E-031  -3.6834020882182508E-037  -8.4082938316530271E-043  -4.9713498300907424E-048  -4.3939267734159554E-053
   5.6845248197788245E+041   1.7228961672105006E+053   6.8103168299268168E+052   9.0180872763104241E+045   2.5735877255521139E+035   1.1212286577736334E+023   17809888330.100517        1.0534350859512469E-002   8.8776935772372846E-014   4.4287485774378295E-025  -8.4026727691918525E-031  -4.1028087470022256E-037  -9.4553861229575251E-043  -5.6447013436915823E-048  -5.0378387097579816E-053
   5.8875031230384033E+041   1.7982668524580311E+053   7.1412026602097286E+052   9.4939070943102453E+045   2.7209517257797512E+035   1.1913608501047592E+023   19036042509.856682        1.1337074462636116E-002   9.6282015749020165E-014   4.8437798822819360E-025  -9.2727277663003667E-031  -4.5699706989420699E-037  -1.0632873746954121E-042  -6.4092559063534822E-048  -5.7761132980683147E-053
   6.0977294893519791E+041   1.8769348211126316E+053   7.4881650270312862E+052   9.9948325700634170E+045   2.8767538153181251E+035   1.2658797707546047E+023   20346613513.482452        1.2200966069217466E-002   1.0442156487270813E-013   5.2977050153288431E-025  -1.0232872634274798E-030  -5.0903255497358341E-037  -1.1956994950263424E-042  -7.2773666442182632E-048  -6.6225789978098151E-053
   6.3154627365571628E+041   1.9590443219983659E+053   7.8519850331135095E+052   1.0522188353773212E+046   3.0414771609009012E+035   1.3450598071044180E+023   21747413171.812675        1.3130686716711883E-002   1.1324922029424226E-013   5.7941688339013977E-025  -1.1292435731581432E-030  -5.6699300522782304E-037  -1.3446010142791332E-042  -8.2630598700975492E-048  -7.5930907724443572E-053
   6.5409709245005095E+041   2.0447459145114823E+053   8.2334817322753696E+052   1.1077368988228340E+046   3.2156325954967673E+035   1.4291925093135674E+023   23244653441.843849        1.4131252616352142E-002   1.2282315357561497E-013   6.3371577658406412E-025  -1.2461711321859895E-030  -6.3155306051989547E-037  -1.5120453719521643E-042  -9.3822617106123863E-048  -8.7058270652804109E-053
   6.7745316850549365E+041   2.1341967446937326E+053   8.6335139733457635E+052   1.1661842596549496E+046   3.3997602024844427E+035   1.5185876638418480E+023   24844973954.155205        1.5208062217598354E-002   1.3320645402291593E-013   6.9310318191044214E-025  -1.3752059588605644E-030  -7.0346417786421501E-037  -1.7003417241900271E-042  -1.0653055429166747E-047  -9.9816302959126666E-053
   7.0164325639152630E+041   2.2275608333807207E+053   9.0529823336599582E+052   1.2277154764508977E+046   3.5944309905373691E+035   1.6135744341198939E+023   26555471456.881588        1.6366925334914455E-002   1.4446754442567788E-013   7.5805595910814775E-025  -1.5176017005875677E-030  -7.8356337813002633E-037  -1.9120867884048788E-042  -1.2095973602395764E-047  -1.1444397255018011E-052
   7.2669713746074660E+041   2.3250093769595969E+053   9.4928311465058954E+052   1.2924932627698227E+046   3.8002486644134006E+035   1.7145025725680673E+023   28383731286.812309        1.7614094494022733E-002   1.5668063194226190E-013   8.2909565587336421E-025  -1.6747418137333099E-030  -8.7278298867890751E-037  -2.1502006535368834E-042  -1.3734329870867357E-047  -1.3121526709907555E-052
   7.5264565651453571E+041   2.4267210612867872E+053   9.9540506270832574E+052   1.3606889174350975E+046   4.0178514971408953E+035   1.8217437084265952E+023   30337861007.177288        1.8956298666762090E-002   1.6992619710248145E-013   9.0679269570224909E-025  -1.8481530046978055E-030  -9.7216149533737287E-037  -2.4179670497982736E-042  -1.5594595624228109E-047  -1.5044432604836479E-052
   7.7952075977648550E+041   2.5328823893327956E+053   1.0437679101741158E+053   1.4324827775187211E+046   4.2479143094052968E+035   1.9356927161384726E+023   32426526361.285244        2.0400779576560918E-002   1.8429152414982773E-013   9.9177095818885981E-025  -2.0395200627441373E-030  -1.0828556300177819E-036  -2.7190786332444049E-042  -1.7706827707002144E-047  -1.7249132468713696E-052
   8.0735553422316512E+041   2.6436880231663014E+053   1.0944805345540052E+053   1.5080646952274116E+046   4.4911505622771087E+035   2.0567691693242525E+023   34658989701.459328        2.1955330770409637E-002   1.9987127621811172E-013   1.0847127885566019E-024  -2.2507022286937336E-030  -1.2061538346834179E-036  -3.0576879096728310E-042  -2.0105154055608780E-047  -1.9776922051548108E-052
   8.3618424831907443E+041   2.7593411408983818E+053   1.1476571033385674E+053   1.5876345399505628E+046   4.7483145697698044E+035   2.1854188857021400E+023   37045151063.683311        2.3628339668140510E-002   2.1676811913275149E-013   1.1863644766479115E-024  -2.4837512585187143E-030  -1.3434912583736670E-036  -3.4384645001208444E-042  -2.2828325113174539E-047  -2.2675148826098923E-052
   8.6604239420457550E+041   2.8800538092353623E+053   1.2034173310238524E+053   1.6714027267966723E+046   5.0202038380876876E+035   2.3221155686415793E+023   39595592070.103134        2.5428832815885281E-002   2.3509339794735217E-013   1.2975422493664396E-024  -2.7409313573294088E-030  -1.4964664618494946E-036  -3.8666595376862595E-042  -2.5920339931505071E-047  -2.5998098843019056E-052
   8.9696673139190360E+041   3.0060473723368775E+053   1.2618867486217378E+053   1.7595907730180596E+046   5.3076615388212423E+035   2.4673625513955186E+023   42321622854.081131        2.7366524587874773E-002   2.5496787067377634E-013   1.4191388246890616E-024  -3.0247411774273625E-030  -1.6668600242957161E-036  -4.3481780837417221E-042  -2.9431157076327128E-047  -2.9808013550982806E-052
   9.2899533202111336E+041   3.1375528576839357E+053   1.3231969862644594E+053   1.8524318837939838E+046   5.6115791237578040E+035   2.6216946504333358E+023   45235332215.890938        2.9451869599343729E-002   2.7652250404074684E-013   1.5521305798740146E-024  -3.3379380941474653E-030  -1.8566552686556666E-036  -4.8896605622046395E-042  -3.3417501822098663E-047  -3.4176255627632184E-052
   9.6216762773274790E+041   3.2748113997059186E+053   1.3874860695407071E+053   1.9501715689220196E+046   5.9328990894177718E+035   2.7856801346989634E+023   48349641231.475899        3.1696119113331020E-002   2.9989933652480125E-013   1.6975853914233861E-024  -3.6835649953430493E-030  -2.0680613468341666E-036  -5.4985743348892998E-042  -3.7943782678464940E-047  -3.9184645658267134E-052
   9.9652445821325346E+041   3.4180746819359560E+053   1.4548987302285895E+053   2.0530682920472289E+046   6.2726178998876887E+035   2.9599228180447278E+023   51678360551.998230        3.4111381745709830E-002   3.2525241434069253E-013   1.8566712097519783E-024  -4.0649798447889859E-030  -2.3035389534725678E-036  -6.1833166808189981E-042  -4.3083132056939312E-047  -4.4926994699314314E-052
   1.0321081214734528E+042   3.5676053985076561E+053   1.5255867321255422E+053   2.1613941541462849E+046   6.6317890770148896E+035   3.1450642825456446E+023   55236251648.279488        3.6710688795975895E-002   3.5274880655913119E-013   2.0306654374141249E-024  -4.4858883067283361E-030  -2.5658289675955166E-036  -6.9533305996435224E-042  -4.8918587892157286E-047  -5.1510861432685438E-052
   1.0689624259248148E+042   3.7236777358522019E+053   1.5997092127119712E+053   2.2754356130762759E+046   7.0115264675504531E+035   3.3417862408816004E+023   59039092271.735977        3.9508064556284576E-002   3.8256970604122377E-013   2.2209651861924583E-024  -4.9503797485290496E-030  -2.8579843555085854E-036  -7.8192350361596866E-042  -5.5544435309499536E-047  -5.9059566823902363E-052
   1.1071327443129724E+042   3.8865778754582432E+053   1.6774330414125266E+053   2.3954942410872638E+046   7.4130076973666730E+035   3.5508130464845090E+023   63103746422.084892        4.2518601978074180E-002   4.1491162344437455E-013   2.4290984954091315E-024  -5.4629669712367021E-030  -3.1834057062853698E-036  -8.7929713218070032E-042  -6.3067730016786194E-047  -6.7714504020104451E-052
   1.1466660695770641E+042   4.0566045186260885E+053   1.7589331952639425E+053   2.5218875223034366E+046   7.8374778234637259E+035   3.7729143606937509E+023   67448239132.105415        4.5758544104529807E-002   4.4998768216780976E-013   2.6567366015386592E-024  -6.0286300540286136E-030  -3.5458808134651300E-036  -9.8879678526531412E-042  -7.1610028033918281E-047  -7.7637786754134289E-052
   1.1876110727052009E+042   4.2340694341854664E+053   1.8443931528370460E+053   2.6549496922830754E+046   8.2862531950930599E+035   4.0089079867412534E+023   72091836401.100281        4.9245371708252210E-002   4.8802902277104606E-013   2.9057073576431454E-024  -6.6528647385436854E-030  -3.9496287636785534E-036  -1.1119325274875862E-041  -8.1309349708205898E-047  -8.9015285861381484E-052
   1.2300181626551300E+042   4.4192980301713491E+053   1.9340053072972261E+053   2.7950326218756565E+046   8.7607255359686508E+035   4.2596628810005633E+023   77055130631.520981        5.2997897606967229E-002   5.2928632611996939E-013   3.1780099103830528E-024  -7.3417358231691763E-030  -4.3993490453781183E-036  -1.2504024731557749E-041  -9.2322409748536263E-047  -1.0206011078571492E-051
   1.2739395484135338E+042   4.6126299505044571E+053   2.0279713995327548E+053   2.9425067477129947E+046   9.2623662602251464E+035   4.5261023525874304E+023   82360131947.630219        5.7036368166144928E-002   5.7403146529757417E-013   3.4758307524546130E-024  -8.1019360860405512E-030  -4.9002762492818076E-036  -1.4061162042639454E-041  -1.0482714930967946E-046  -1.1701660128582725E-051
   1.3194293032733421E+042   4.8144196977844511E+053   2.1265029723298276E+053   3.0977620517977912E+046   9.7927310355116640E+035   4.8092074630945169E+023   88030365801.174500        6.1382572536183261E-002   6.2255929716501962E-013   3.8015612793495682E-024  -8.9408513092256573E-030  -5.4582409972250904E-036  -1.5812211047511614E-041  -1.1902561103834841E-046  -1.3416490410977660E-051
   1.3665434314053398E+042   5.0250372833244920E+053   2.2298218466132103E+053   3.2612090927773984E+046   1.0353464607368120E+036   5.1100206389772492E+023   94090977296.895950        6.6059960213527003E-002   6.7518960537878570E-013   4.1578169914115228E-024  -9.8666320358401656E-030  -6.0797378086119195E-036  -1.7781319741893956E-041  -1.3514720353394669E-046  -1.5382622036240970E-051
   1.4153399368069373E+042   5.2448689056233667E+053   2.3381606208257821E+053   3.4332800916307660E+046   1.0946305899846474E+036   5.4296495098924606E+023   100568842700.52484        7.1093767560013524E-002   7.3226920766784898E-013   4.5474584953746613E-024  -1.0888272757255898E-029  -6.7720006944072350E-036  -1.9995643292903861E-041  -1.5345240796883296E-046  -1.7636882185295865E-051
   1.4658788947129965E+042   5.4743176585192332E+053   2.4517631945712234E+053   3.6144300746395461E+046   1.1573093408194745E+036   5.7692709871230122E+023   107492688623.74664        7.6511153963066972E-002   7.9417424125718284E-013   4.9736144740197517E-024  -1.2015699299751407E-029  -7.5430873585592376E-036  -2.2485718524787772E-041  -1.7423698675702284E-046  -2.0221494911370351E-051
   1.5182225255561139E+042   5.7138042703209583E+053   2.5708853176979512E+053   3.8051380766653132E+046   1.2235770900326498E+036   6.1301355971053868E+023   114893219414.67387        8.2341348371378104E-002   8.6131264149782600E-013   5.4397068083855535E-024  -1.3259865259616041E-029  -8.4019729869272864E-036  -2.5285885039694216E-041  -1.9783676227199022E-046  -2.3184872029497565E-051
   1.5724352715691467E+042   5.9637678752809294E+053   2.6957951660629141E+053   4.0059084079167008E+046   1.2936393444760072E+036   6.5135720860176826E+023   122803253318.75758        8.8615806996692997E-002   9.3412683003697797E-013   5.9494780542582732E-024  -1.4632858423630584E-029  -9.3586547153868463E-036  -2.8434758780992304E-041  -2.2463304282468352E-046  -2.6582519907629291E-051
   1.6285838761221442E+042   6.2246668188133403E+053   2.8267739452683989E+053   4.2172719875540222E+046   1.3677133783717250E+036   6.9209923123816555E+023   131257868013.94186        9.5368383032568213E-002   1.0130966302422966E-012   6.5070214935652781E-024  -1.6148018208859856E-029  -1.0424267993084288E-035  -3.1975764569851616E-041  -2.5505878357082525E-046  -3.0478079144267589E-051
   1.6867374658927129E+042   6.4969794979411674E+053   2.9641165237329839E+053   4.4397877476594702E+046   1.4460289071148012E+036   7.3538964456945220E+023   140294556165.45700       0.10263550930579643        1.0987424290921883E-012   7.1168140019752397E-024  -1.7820065262752821E-029  -1.1611216195270396E-035  -3.5957734959077019E-041  -2.8960558189104157E-046  -3.4944516606589637E-051
   1.7469676359702429E+042   6.7812052385092252E+053   3.1081320965207611E+053   4.6740441112847131E+046   1.5288287996575537E+036   7.8138784902321993E+023   149953391690.06757       0.11045639484597769        1.1916286063679741E-012   7.7837519966197937E-024  -1.9665244482689432E-029  -1.2933314994361785E-035  -4.0435583662744897E-041  -3.2883162027017374E-046  -4.0065492156870943E-051
   1.8093485379997170E+042   7.0778652107766812E+053   3.2591448814247286E+053   4.9206605484856227E+046   1.6163698316855718E+036   8.3026321543638644E+023   160277207467.09366       0.11887323643381027        1.2923672537453004E-012   8.5131907525842970E-024  -2.1701482844491589E-029  -1.4405953169660276E-035  -4.5471062848632221E-041  -3.7337068501114790E-046  -4.5936925667060844E-051
   1.8739569714721352E+042   7.3875033850602355E+053   3.4174948488691593E+053   5.1802892144571080E+046   1.7089234819205099E+036   8.8219570869883827E+023   171311785284.26886       0.12793144626948258        1.4016222082924163E-012   9.3109874038649025E-024  -2.3948563573292338E-029  -1.6046271727500378E-035  -5.1133614736946062E-041  -4.2394240650133081E-046  -5.2668793672917005E-051
   1.9408724782748720E+042   7.7106875291849101E+053   3.5835384872755280E+053   5.4536166741010271E+046   1.8067767740193895E+036   9.3737655040564455E+023   183106058860.77060       0.13767989698953120        1.5201134269548819E-012   1.0183547974074512E-023  -2.6428318348933707E-029  -1.7873363416722393E-035  -5.7501329249401257E-041  -4.8136388648628855E-046  -6.0387189320434894E-051
   2.0101774406191996E+042   8.0480102495760832E+053   3.7576496056164066E+053   5.7413657175888396E+046   1.9102331666814671E+036   9.9600892295787682E+023   195712330847.75363       0.14817118535413196        1.6486217308532814E-012   1.1137878814537682E-023  -2.9164839413279557E-029  -1.9908494961763831E-035  -6.4662020915192059E-041  -5.4656290021613943E-046  -6.9236684188979480E-051
   2.0819571824638585E+042   8.4000900778926286E+053   3.9402201749614204E+053   6.0442972717178248E+046   2.0196134947226608E+036   1.0583087177044931E+024   209186504768.67953       0.15946191602751530        1.7879939506573428E-012   1.2181642862803774E-023  -3.2184713640187071E-029  -2.2175354600085949E-035  -7.2714439885023266E-041  -6.2059288677534040E-046  -7.9383036229909640E-051
   2.1563000745603504E+042   8.7675726051981982E+053   4.1316612109111104E+053   6.3632124121164247E+046   2.1352569640361196E+036   1.1245053298800909E+024   223588332928.00467       0.17161300698261583        1.9391485069429488E-012   1.3323221173314394E-023  -3.5517280842261468E-029  -2.4700327805186909E-035  -8.1769633753797350E-041  -7.0464996979895356E-046  -9.1016294542503089E-051
   2.2332976432496904E+042   9.1511316657522724E+053   4.3324036989059535E+053   6.6989544816202892E+046   2.2575222035245978E+036   1.1948425032656244E+024   238981681387.60355       0.18469001817773967        2.1030814623049360E-012   1.4571780214294699E-023  -3.9194918823992941E-029  -2.7512804404524053E-035  -9.1952478972295185E-041  -8.0009228358398124E-046  -1.0435435914206067E-050
   2.3130446831436150E+042   9.5514705725868228E+053   4.5428995644921411E+053   7.0524113204196872E+046   2.3867883772666046E+036   1.2695792276821468E+024   255434813185.97955       0.19876350527858513        2.2808730851072003E-012   1.5937345471238350E-023  -4.3253357950730044E-029  -3.0645520667092450E-035  -1.0340340296691711E-040  -9.0846191685325685E-046  -1.1964706239742694E-050
   2.3956393738296331E+042   9.9693234071374753E+053   4.7636226907294889E+053   7.4245176138765233E+046   2.5234563603654790E+036   1.3489906926223150E+024   273020691056.22281       0.21390940033408992        2.4736949681232859E-012   1.7430881947996395E-023  -4.7732028289708502E-029  -3.4134940342443345E-035  -1.1628032071653024E-040  -1.0315098287235710E-045  -1.3718084858644185E-050
   2.4811834007436335E+042   1.0405456365294414E+054   4.9950699850321045E+053   7.8162573642197361E+046   2.6679499821279466E+036   1.4333693005310349E+024   291817300985.14978       0.23020942146000531        2.6828177489771322E-012   1.9064382211864967E-023  -5.2674442695810188E-029  -3.8021679086306646E-035  -1.3076081249295639E-040  -1.1712241394524463E-045  -1.5728413922105366E-050
   2.5697820803595765E+042   1.0860669162345038E+054   5.2377624978447717E+053   8.2286664926563645E+046   2.8207173404276571E+036   1.5230257434663754E+024   311907998048.47980       0.24775151374060811        2.9096194832593899E-012   2.0850962689643270E-023  -5.8128619563951179E-029  -4.2350977212987987E-035  -1.4704457279742697E-040  -1.3298622530652704E-045  -1.8033348463882730E-050
   2.6615444898473497E+042   1.1335796499367630E+054   5.4922465956681359E+053   8.6628355787745824E+046   2.9822321913288266E+036   1.6182901471047999E+024   333381876055.64307       0.26663032372736545        3.1555947254954151E-012   2.2804968987883459E-023  -6.4147549355378264E-029  -4.7173226277214980E-035  -1.6535616426527104E-040  -1.5099873308771850E-045  -2.0676061708495503E-050
   2.7565836013606511E+042   1.1831709593777011E+054   5.7590951910772161E+053   9.1199127444860820E+046   3.1529954182800881E+036   1.7195132863033158E+024   356334162643.46729       0.28694771009467801        3.4223643778058504E-012   2.4942091083017520E-023  -7.0789709430446858E-029  -5.2544555614667133E-035  -1.8594811451680810E-040  -1.7145097052228858E-045  -2.3706053739451157E-050
   2.8550164211222760E+042   1.2349317776840847E+054   6.0389090325064664E+053   9.6011066901378043E+046   3.3335365854354276E+036   1.8270678766946105E+024   380866641570.85016       0.30881329320791195        3.7116863711597262E-012   2.7279489306298285E-023  -7.8119632189779377E-029  -5.8527485668323842E-035  -2.0910439866184938E-040  -1.9467339025278755E-045  -2.7180078674483841E-050
   2.9569641334752817E+042   1.2889570161080093E+054   6.3323180566999186E+053   1.0107689890817299E+047   3.5244155799185022E+036   1.9413499470707067E+024   407088104087.07941       0.33234504656883557        4.0254672496060474E-012   2.9835932135167552E-023  -8.6208532043619738E-029  -6.5191655705124520E-035  -2.3514435548358782E-040  -2.2104120354862995E-045  -3.1163207714521855E-050
   3.0625522500779983E+042   1.3453457380614627E+054   6.6399828068722722E+053   1.0641001961305006E+047   3.7262243481234064E+036   2.0627802976084748E+024   435114831375.44128       0.35766993332954738        4.3657747338205231E-012   3.2631946897467502E-023  -9.5134997300751554E-029  -7.2614634393315297E-035  -2.6442709130835886E-040  -2.5098044270180858E-045  -3.5730047978121933E-050
   3.1719107644255882E+042   1.4042013407639358E+054   6.9625959197716555E+053   1.1202453198570020E+047   3.9395887314361040E+036   2.1918060493062471E+024   465071110211.53033       0.38492459130913398        4.7348513467572550E-012   3.5689984598595827E-023  -1.0498575369907639E-028  -8.0882822675325423E-035  -2.9735643229322416E-040  -2.8497484455239165E-045  -4.0966139951091376E-050
   3.2851743118890621E+042   1.4656317448365309E+054   7.3008836849929909E+053   1.1793528311178115E+047   4.1651704070695573E+036   2.3289022903367901E+024   497089784122.99896       0.41425607020899363        5.1351291911943535E-012   3.9034600195108792E-023  -1.1585650699599215E-028  -9.0092459445306566E-035  -3.3438649342633945E-040  -3.2357366636289760E-045  -4.6969559726621124E-050
   3.4024823354699278E+042   1.5297495921909241E+054   7.6556076800548233E+053   1.2415790345476525E+047   4.4036689400318994E+036   2.4745738253788912E+024   531312842494.93469       0.44582262500441561        5.5692459765531827E-012   4.2692649762305722E-023  -1.2785287280482329E-028  -1.0035074173708096E-034  -3.7602794103990759E-040  -3.6740056032486753E-045  -5.3852756047141268E-050
   3.5239792574737488E+042   1.5966724525755754E+054   8.0275664849191069E+053   1.3070884818936369E+047   4.6558239525908192E+036   2.6293570343686920E+024   567892050233.28503       0.47979456979306773        6.0400624006030322E-012   4.6693506138980602E-023  -1.4109140271119597E-028  -1.1177707246110402E-034  -4.2285503519945344E-040  -4.1716365008557229E-045  -6.1744656557126177E-050
   3.6498146573135217E+042   1.6665230391576393E+054   8.4175974798127858E+053   1.3760544071582159E+047   4.9224174179618624E+036   2.7938218475148463E+024   606989620778.61426       0.51635519670723684        6.5506810005912676E-012   5.1069294780891009E-023  -1.5570071663867069E-028  -1.2450445021367280E-034  -4.7551354908810860E-040  -4.7366697210417775E-045  -7.0793082718612301E-050
   3.7801434556624513E+042   1.7394294335362940E+054   8.8265787304000181E+053   1.4486591847016793E+047   5.2042760853339833E+036   2.9685738438498701E+024   648778935454.74268       0.55570176484773159        7.1044665980223606E-012   5.5855151716764631E-023  -1.7182275246521241E-028  -1.3868101733529014E-034  -5.3472967459888629E-040  -5.3782346669862977E-045  -8.1167518622681887E-050
   3.9151261051824900E+042   1.8155253205998741E+054   9.2554309645483134E+053   1.5250948115155246E+047   5.5022740437526415E+036   3.1542564810447120E+024   693445312342.26331       0.59804656457512984        7.7050684718105765E-012   6.1089505678138222E-023  -1.8961414503124248E-028  -1.5447178423705278E-034  -6.0132003694829794E-040  -6.1066972868332059E-045  -9.3062285558915513E-050
   4.0549287880634223E+042   1.8949502336574348E+054   9.7051196451388025E+053   1.6055634149420442E+047   5.8173354328114354E+036   3.3515534646970238E+024   741186828086.58313       0.64361806290064938        8.3564444059207116E-012   6.6814386668431797E-023  -2.0924774793712888E-028  -1.7206055006563810E-034  -6.7620295641873607E-040  -6.9338275592780490E-045  -1.0670018180498127E-049
   4.1997236206169479E+042   1.9778498102950283E+054   1.0176657143589993E+054   1.6902777871830289E+047   6.1504373085591802E+036   3.5611912658173185E+024   792215196284.87695       0.69266213615650141        9.0628867699637259E-012   7.3075763448959417E-023  -2.3091431291525407E-028  -1.9165204206277809E-034  -7.6041111253568460E-040  -7.8729896644782941E-045  -1.2233665581246320E-049
   4.3496888651754339E+042   2.0643760594244511E+054   1.0671105018983143E+054   1.7794619480105563E+047   6.5026126735090027E+036   3.7839417957823769E+024   846756706347.19482       0.74544339659643577        9.8290508046101923E-012   7.9923912651767370E-023  -2.5482434309272006E-028  -2.1347429852063248E-034  -8.5510578532620472E-040  -8.9393579129323241E-045  -1.4026459095596146E-049
   4.5050091495561310E+042   2.1546876400140609E+054   1.1189576407919845E+054   1.8733517371678486E+047   6.8749536801459388E+036   4.0206252486052862E+024   905053226995.15234       0.80224662008400949        1.0659985298213676E-011   8.7413822483143475E-023  -2.8121013815020090E-028  -2.3778132306984603E-034  -9.6159287005401934E-040  -1.0150161921151879E-044  -1.6081979146754949E-049
   4.6658756943633366E+042   2.2489501520141881E+054   1.1733238530497286E+054   1.9721954380273032E+047   7.2686150178686966E+036   4.2721131209881622E+024   967363278848.37805       0.86337828257156679        1.1561165856794157E-011   9.5605634259397579E-023  -3.1032805124684465E-028  -2.6485604119530888E-034  -1.0813408862838514E-039  -1.1524964995501296E-044  -1.8438727231243358E-049
   4.8324865484070521E+042   2.3473364400098704E+054   1.2303315318040157E+054   2.0762544341546136E+047   7.6848174938685098E+036   4.5393314212775176E+024   1033963180855.1514       0.92916821365982505        1.2538530986620458E-011   1.0456512532028665E-022  -3.4246097963854335E-028  -2.9501359339245219E-034  -1.2160012296306018E-039  -1.3085980222131027E-044  -2.1140847082009654E-049
   5.0050468325281408E+042   2.4500269101577064E+054   1.2901090168504977E+054   2.1858039005152332E+047   8.1248518190499802E+036   4.8232640791380416E+024   1105148275651.1714       0.99997137615967946        1.3598521227164903E-011   1.1436423719770833E-022  -3.7792111318736118E-028  -3.2860500329529811E-034  -1.3674309454769120E-039  -1.4858429370160822E-044  -2.4238951515041848E-049
   5.1837689921311449E+042   2.5572098609887252E+054   1.3527908835762923E+054   2.3011335311513027E+047   8.5900826107353461E+036   5.1249565684998991E+024   1181234239280.4573        1.0761697812576989        1.4748121592304809E-011   1.2508165328067265E-022  -4.1705296746547465E-028  -3.6602126347203075E-034  -1.5377183387221002E-039  -1.6870950407014029E-044  -2.7791070446960396E-049
   5.3688730587336190E+042   2.6690818286824376E+054   1.4185182459260234E+054   2.4225483052527824E+047   9.0819526245639479E+036   5.4455197571191704E+024   1262558481086.3611        1.1581745496183407        1.5994907599444969E-011   1.3680343061499245E-022  -4.6023673092196306E-028  -4.0769788644534911E-034  -1.7292117727359760E-039  -1.9156060210244705E-044  -3.1863737840701624E-049
   5.5605869208538251E+042   2.7858479474450694E+054   1.4874390740876347E+054   2.5503692936485073E+047   9.6019872287105089E+036   5.7861339969259382E+024   1349481639980.6113        1.2464281295433361        1.7347095189878867E-011   1.4962369091081831E-022  -5.0789195863209121E-028  -4.5411997390992522E-034  -1.9445520546719826E-039  -2.1750679952024391E-044  -3.6533237938633799E-049
   5.7591466045726055E+042   2.9077223256543229E+054   1.5597085276137659E+054   2.6849345078505063E+047   1.0151799134298961E+037   6.1480534702216680E+024   1442389183725.8103        1.3414066841561669        1.8813594869349402E-011   1.6364537630656923E-022  -5.6048164851600406E-028  -5.0582786315094679E-034  -2.1867088537523383E-039  -2.4696731645076732E-044  -4.1887034126026592E-049
   5.9647965641137739E+042   3.0349284384597206E+054   1.6354893047283822E+054   2.8265997938965325E+047   1.0733093396680966E+037   6.5326108077289399E+024   1541693118323.4788        1.4436226604914137        2.0404070425578737E-011   1.7898107595777322E-022  -6.1851673962962727E-028  -5.6342341638612756E-034  -2.4590216547546762E-039  -2.8041815488622641E-044  -4.8025407188603344E-049
   6.1777899828007233E+042   3.1676995375583437E+054   1.7149520086050163E+054   2.9757397733544785E+047   1.1347672703088872E+037   6.9412219954976599E+024   1647833815088.0911        1.5536275543502309        2.2129002609697893E-011   1.9575393008803181E-022  -6.8256107623126215E-028  -6.2757702623698682E-034  -2.7652458114729051E-039  -3.1839978958408751E-044  -5.5063333650020028E-049
   6.3983890847606546E+042   3.3062790788980163E+054   1.7982755314414832E+054   3.1327488339773740E+047   1.1997442963061738E+037   7.3753915887359248E+024   1761281963509.4302        1.6720148858394812        2.3999758201217979E-011   2.1409861876132199E-022  -7.5323688585264168E-028  -6.9903541887070446E-034  -3.1096043352566763E-039  -3.6152590067226531E-044  -6.3132639372000583E-049
   6.6268654577586319E+042   3.4509211690911176E+054   1.8856474571952909E+054   3.2980421726281922E+047   1.2684419218979955E+037   7.8367182517629979E+024   1882540658563.3450        1.7994234016487003        2.6028664911659542E-011   2.3416244331512005E-022  -8.3123082459704545E-028  -7.7863034563846811E-034  -3.4968461328238403E-039  -4.1049328905441733E-044  -7.2384468755742313E-049
   6.8635003875582987E+042   3.6018910313570698E+054   1.9772644838862047E+054   3.4720568932321503E+047   1.3410731895037609E+037   8.3269006444829174E+024   2012147631727.1816        1.9365405213423950        2.8229092620431728E-011   2.5610650913786977E-022  -9.1730064839800584E-028  -8.6728826437798683E-034  -3.9323114964795645E-039  -4.6609313482137651E-044  -8.2992115794660425E-049
   7.1085852042227673E+042   3.7594654918492558E+054   2.0733328664172287E+054   3.6552531626605495E+047   1.4178633404032940E+037   8.8477436770540385E+024   2150677635593.6272        2.0841060462618928        3.0615541478282161E-011   2.8010701928808232E-022  -1.0122825750537404E-027  -9.6604112306728838E-034  -4.4220057498908848E-039  -5.2922378057410190E-044  -9.5154270006305396E-049
   7.3624216407827169E+042   3.9239334872586528E+054   2.1740688809111475E+054   3.8481154276030572E+047   1.4990505132466354E+037   9.4011651557852433E+024   2298744992657.7837        2.2429161510477575        3.3203737458892789E-011   3.0635668934237958E-022  -1.1170994085637205E-027  -1.0760383713478420E-033  -4.9726820650353364E-039  -6.0090524620196169E-044  -1.0909873804229465E-048
   7.6253222047112788E+042   4.0955965946234624E+054   2.2796993116073820E+054   4.0511536956456923E+047   1.5848864825606365E+037   9.9892028447291564E+024   2457006319580.1499        2.4138276793185502        3.6010735988277111E-011   3.3506629483319476E-022  -1.2327695046999555E-027  -1.1985603397270390E-033  -5.5919345924179852E-039  -6.8229570963575786E-044  -1.2508671068492080E-048
   7.8976105626626210E+042   4.2747695843159440E+054   2.3904619614151416E+054   4.2649048839419824E+047   1.6756374395425117E+037   1.0614021968973727E+025   2626163439006.4409        2.5977627666828051        3.9055034334864220E-011   3.6646636370150718E-022  -1.3604166649186595E-027  -1.3350331421893930E-033  -6.2883031888774804E-039  -7.7471021985972780E-044  -1.4341765515461403E-048
   8.1796219389495078E+042   4.4617809972215530E+054   2.5066061872727424E+054   4.4899342390443582E+047   1.7715848175618651E+037   1.1277923187260820E+025   2806966491857.0518        2.7957138160272601        4.2356693500887491E-011   4.0080902735441034E-022  -1.5012810547373558E-027  -1.4870452756777825E-033  -7.0713911872391597E-039  -8.7964194453402686E-044  -1.6443492436500555E-048
   8.4717035282501218E+042   4.6569737471685977E+054   2.6283934615183061E+054   4.7268368316502990E+047   1.8730261649311804E+037   1.1983351063287910E+025   3000217263887.8472        3.0087488519250227        4.5937470418304763E-011   4.3837004519085232E-022  -1.6567312526557289E-027  -1.6563661096570606E-033  -7.9519978319281371E-039  -9.9878629553159334E-044  -1.8853218819131874E-048
   8.7742149230534739E+042   4.8607057497139575E+054   2.7560979605359851E+054   4.9762391302164152E+047   1.9802760676515174E+037   1.2732903066885693E+025   3206772741274.2881        3.2380172830528942        4.9820961320382801E-011   4.7945101885177712E-022  -1.8282775466824574E-027  -1.8449664809722691E-033  -8.9422672069076432E-039  -1.1340683221926222E-043  -2.1616080721478047E-048
   9.0875285563668608E+042   5.0733505784357337E+054   2.8900071820020722E+054   5.2388006576007846E+047   2.0936671249947182E+037   1.3529339138214013E+025   3427548910986.2139        3.4847561037082282        5.4032757233718481E-011   5.2438181397429454E-022  -2.0175866076513735E-027  -2.0550416337185883E-033  -1.0055855709746134E-038  -1.2876738148972607E-043  -2.4783828705903732E-048
   9.4120301602307085E+042   5.2952981499364376E+054   3.0304225921205792E+054   5.5152157351143091E+047   2.2135509809475560E+037   1.4375591850192430E+025   3663524822806.3359        3.7502965678849627        5.8600612615342037E-011   5.7352320889570004E-022  -2.2264976818866155E-027  -2.2890367711352232E-033  -1.1308120381379386E-038  -1.4620846215058364E-043  -2.8415797167490375E-048
   9.7481192406082917E+042   5.5269554388151388E+054   3.1776603043064924E+054   5.8062153185944771E+047   2.3402994147168685E+037   1.5274777206586360E+025   3915746931006.0835        4.0360713719183492        6.3554628246173202E-011   6.2726979157553967E-022  -2.4570404605379554E-027  -2.5496755169387152E-033  -1.2716330688746108E-038  -1.6601187472845020E-043  -3.2580015713625315E-048
   1.0096209569232328E+043   5.7687472239174873E+054   3.3320517908436751E+054   6.1125689313556712E+047   2.4743054936771900E+037   1.6230206115507352E+025   4185333734932.0737        4.3436223844514190        6.8927449586039210E-011   6.8605312799692935E-022  -2.7114547991970721E-027  -2.8399916173758182E-033  -1.4299906680903791E-038  -1.8849758862222194E-043  -3.7354483411712341E-048
   1.0456729693013608E+043   6.0211168672316627E+054   3.4939446291193619E+054   6.4350866991274302E+047   2.6159847923363073E+037   1.7245396580573906E+025   4473480739082.2129        4.6746089654293534        7.4754481897354398E-011   7.5034522748827892E-022  -2.9922124793821437E-027  -3.1633642529970430E-033  -1.6080686802938410E-038  -2.1402891194015703E-043  -4.2828629772658870E-048
   1.0830123461641845E+043   6.2845271268609111E+054   3.6637032841164027E+054   6.7746214923631728E+047   2.7657766810993481E+037   1.8324086654624010E+025   4781465754667.5967        5.0308169190063481        8.1074123555064111E-011   8.2066233279076136E-022  -3.3020412233162342E-027  -3.5235573711679671E-033  -1.8083229060979029E-038  -2.4301836157288396E-043  -4.9104989835503488E-048
   1.1216850574025310E+043   6.5594610055609985E+054   3.8417099289236985E+054   7.1320711815832831E+047   2.9241456888276616E+037   1.9470248203674789E+025   5110654566170.1387        5.4141681286692025        8.7928019080292484E-011   8.9756906530437470E-022  -3.6439511953167184E-027  -3.9247634971352990E-033  -2.0335149691560570E-038  -2.7593432834677683E-043  -5.6301124728826235E-048
   1.1617387144241772E+043   6.8464226363983284E+054   4.0283653051119838E+054   7.5083810117163788E+047   3.0915829434180078E+037   2.0688101531809555E+025   5462506988024.6553        5.8267309265628837        9.5361333565106512E-011   9.8168295879746383E-022  -4.0212642472719981E-027  -4.3716525335935059E-033  -2.2867504005784008E-038  -3.1330864494848821E-043  -6.4551823682557461E-048
   1.2032226287701342E+043   7.1459382071556930E+054   4.2240896249133065E+054   7.9045461017194186E+047   3.2686076948699980E+037   2.1982130920845338E+025   5838583338284.7344        6.2707312529651125        1.0342305029677915E-010   1.0736794179838260E-021  -4.4376461923422124E-027  -4.8694261167626073E-033  -2.5715214660340184E-038  -3.5574517889776669E-043  -7.4011628735588836E-048
   1.2461878728237865E+043   7.4585569251768816E+054   4.4293235172333718E+054   8.3216140760842497E+047   3.4557689255644229E+037   2.3357101141996657E+025   6240551357979.7705        6.7485646661192362        1.1216629354279869E-010   1.1742971417829398E-021  -4.8971424204414215E-027  -5.4238781616630833E-033  -2.8917553261505633E-038  -4.0392958940766757E-043  -8.4857729428929235E-048
   1.2906873426879699E+043   7.7848520244218265E+054   4.6445290196277733E+054   8.7606878351909909E+047   3.6536470527466369E+037   2.4818075000335465E+025   6670193606848.0508        7.2628092672236795        1.2164867862368202E-010   1.2843440548102404E-021  -5.4042172015261488E-027  -6.0414623013144312E-033  -3.2518681943713895E-038  -4.5864040577654148E-043  -9.7293281704271749E-048
   1.3367758233074059E+043   8.1254218165792630E+054   4.8701906184754551E+054   9.2229284718344557E+047   3.8628557284947558E+037   2.6370431976648514E+025   7129415368242.9014        7.8162396103133114        1.3193269158046935E-010   1.4047037947251904E-021  -5.9637970585444562E-027  -6.7293670048268340E-033  -3.6568262391389676E-038  -5.2076160630855189E-043  -1.1155121317353439E-047
   1.3845100559164937E+043   8.4808907881625767E+054   5.1068163396903078E+054   9.7095583416350363E+047   4.0840437427543449E+037   2.8019888035332464E+025   7620253098266.5889        8.4118416720819269        1.4308610093878919E-010   1.5363428075282363E-021  -6.5813186314385500E-027  -7.4955992487347179E-033  -4.1122140702815094E-038  -5.9129690100392787E-043  -1.2789858603504272E-047
   1.4339488078955241E+043   8.8519107456009564E+054   5.3549388924265811E+054   1.0221864295453794E+048   4.3178970353413076E+037   2.9772516671261573E+025   8144883456600.4873        9.0528289624141323        1.5518240428289419E-010   1.6803181077793559E-021  -7.2627814972272271E-027  -8.3490777154781181E-033  -4.6243117540703739E-038  -6.7138594878845611E-043  -1.4664159935718155E-047
   1.4851529451212258E+043   9.2391620104245582E+054   5.6151168683524697E+054   1.0761201082358873E+048   4.5651408231523168E+037   3.1634771273124787E+025   8705632959079.0654        9.7426598625489174        1.6830131258245490E-010   1.8377857660499911E-021  -8.0148064593455528E-027  -9.2997366038302932E-033  -5.2001814190311554E-038  -7.6232277130861182E-043  -1.6813132442618946E-047
   1.5381855069010912E+043   9.6433546667385666E+054   5.8879359991933155E+054   1.1328994932144314E+048   4.8265418491802425E+037   3.3613508885579148E+025   9304988294813.6250        10.485056284422123        1.8252927546368482E-010   2.0100101917596707E-021  -8.8446998725564499E-027  -1.0358641259590084E-032  -5.8477646468537680E-038  -8.6557666080929930E-043  -1.9277028058564222E-047
   1.5931117835833583E+043   1.0065229863270350E+055   6.1740104753740003E+054   1.1926747326872877E+048   5.1029107603085310E+037   3.5716015457712554E+025   9945607353617.3145        11.284023751861605        1.9796005088616422E-010   2.1983742859351436E-021  -9.7605246283876053E-027  -1.1538116972440364E-032  -6.5759919914792826E-038  -9.8281591990871532E-043  -2.2101997473822046E-047
   1.6499993969382871E+043   1.0505561172377868E+055   6.4739843287293850E+054   1.2556038971416564E+048   5.3951046212585691E+037   3.7950032670783125E+025   10630331012633.336        12.143873011981182        2.1469532297936625E-010   2.4043905454150262E-021  -1.0771178490757711E-026  -1.2851892438124359E-032  -7.3949061366961277E-038  -1.1159348168406551E-042  -2.5340954573050880E-047
   1.7089183834098892E+043   1.0965156008513129E+055   6.7885328823966970E+054   1.3218533973496384E+048   5.7040295724866562E+037   4.0323786444020922E+025   11362195734435.820        13.069243293376044        2.3284537211024443E-010   2.6297132076629641E-021  -1.1886480542868249E-026  -1.4315259555790863E-032  -8.3158003906616051E-038  -1.2670841916877954E-042  -2.9054567553689035E-047
   1.7699412803403323E+043   1.1444857108739300E+055   7.1183642711525536E+054   1.3915984244272765E+048   6.0306436402724784E+037   4.2846017223450981E+025   12144447032469.928        14.065127336606048        2.5252980159741216E-010   2.8761515337076319E-021  -1.3117266585241510E-026  -1.5945251420494691E-032  -9.3513744272692277E-038  -1.4387062081195541E-042  -3.3312395288672272E-047
   1.8331432152733701E+043   1.1945544078017894E+055   7.4642210356185878E+054   1.4650234131125419E+048   6.3759597077141530E+037   4.5526012165267161E+025   12980553863545.119        15.136898332017026        2.7387832586075729E-010   3.1456843358670451E-021  -1.4475494411752014E-026  -1.7760840582624583E-032  -1.0515909422127141E-037  -1.6335738121282316E-042  -3.8194190218437140E-047
   1.8986019984466180E+043   1.2468135002098167E+055   7.8268817939234815E+054   1.5423225294872382E+048   6.7410486558430396E+037   4.8373639332257036E+025   13874224011206.248        16.290338910239690        2.9703162520013801E-010   3.4404758669095484E-021  -1.5974359986468107E-026  -1.9783159881930677E-032  -1.1825464998375506E-037  -1.8548355353094134E-042  -4.3791392176389027E-047
   1.9663982185864631E+043   1.3013588130966110E+055   8.2071629945848907E+054   1.6237001844325315E+048   7.1270426845993166E+037   5.1399384029193957E+025   14829420528200.725        17.531672341781633        3.2214227283590546E-010   3.7628931982357657E-021  -1.7628425650028426E-026  -2.2035748426583650E-032  -1.3298100698341067E-037  -2.1060663665858687E-042  -5.0208841128344257E-047
   2.0366153421238078E+043   1.3582903635941574E+055   8.6059207545586175E+054   1.7093715741760728E+048   7.5351388239677015E+037   5.4614387410989956E+025   15850379310958.199        18.867596114046876        3.4937574032016681E-010   4.1155252266222740E-021  -1.9453761601152215E-026  -2.4544825580378637E-032  -1.4954125035253270E-037  -2.3913255143237975E-042  -5.7566740906882688E-047
   2.1093398159527822E+043   1.4177125443645984E+055   9.0240527865928629E+054   1.7995632493601392E+048   7.9666026461619135E+037   5.8030487505768692E+025   16941627884018.023        20.305318066944707        3.7891148794415002E-010   4.5012034621443727E-021  -2.1468102027857649E-026  -2.7339596147201108E-032  -1.6816375559591059E-037  -2.7152219921201398E-042  -6.6002910722872429E-047
   2.1846611738587928E+043   1.4797343150201746E+055   9.4625004202259205E+054   1.8945137141355426E+048   8.4227721903698064E+037   6.1660262803909668E+025   18108005477705.340        21.852595282053038        4.1094414732711925E-010   4.9230247641975880E-021  -2.3691017405292093E-026  -3.0452590304997164E-032  -1.8910533802338872E-037  -3.0829890879488643E-042  -7.5675366626711629E-047
   2.2626721467467451E+043   1.5444694019171485E+055   9.9222507209760738E+054   1.9944740568654142E+048   8.9050621122296530E+037   6.5517078573560879E+025   19354684488091.035        23.517775935158568        4.4568480397972897E-010   5.3843762081798485E-021  -2.6144104634146287E-026  -3.3920042245962309E-032  -2.1265479438403077E-037  -3.5005689198848451E-042  -8.6765281272036210E-047
   2.3434687768053768E+043   1.6120365066903131E+055   1.0404338712495764E+055   2.0997086141068467E+048   9.4149680709066851E+037   6.9615136073161121E+025   20687193414402.484        25.309844337985119        4.8336238829353236E-010   5.8889622825052146E-021  -2.8851196866956196E-026  -3.7782311930190963E-032  -2.3913688554308868E-037  -3.9747084445955695E-042  -9.9480377420531688E-047
   2.4271505357482652E+043   1.6825595239104535E+055   1.0909849706692850E+055   2.2104956696263101E+048   9.9540713673746222E+037   7.3969524842180186E+025   22111441375602.664        27.238469412128470        5.2422518412283598E-010   6.4408346343312771E-021  -3.1838595060875355E-026  -4.2084354861853547E-032  -2.6891681512520980E-037  -4.5130684698361339E-042  -1.1405881875077498E-046
   2.5138204472771937E+043   1.7561677682639932E+055   1.1439921747065265E+055   2.3271281902973764E+048   1.0524043848286846E+038   7.8596278262617918E+025   23633744314858.758        29.314056856733927        5.6854246490001806E-010   7.0444246028480985E-021  -3.5135323506585383E-026  -4.6876245355933960E-032  -3.0240526588696720E-037  -5.1243474322919320E-042  -1.3077367084889567E-046
   2.6035852139185672E+043   1.8329962116713170E+055   1.1995748170749370E+055   2.4499146008267248E+048   1.1126653090644496E+038   8.3512432595847174E+025   25260853008106.207        31.547805291382300        6.1660626806578789E-010   7.7045788013591978E-021  -3.8773411815953717E-026  -5.2213759386169863E-032  -3.4006406327319566E-037  -5.8184219406806527E-042  -1.4993801593875532E-046
   2.6965553483886663E+043   1.9131857307781848E+055   1.2578580295047656E+055   2.5791795993568224E+048   1.1763767883339313E+038   8.8736089712173487E+025   26999983000912.598        33.951766677095002        6.6873331950733219E-010   8.4265980338656586E-021  -4.2788206108107789E-026  -5.8159023798340420E-032  -3.8241254426081566E-037  -6.6065063549050959E-042  -1.7191081715432958E-046
   2.7928453096497671E+043   1.9968833652743832E+055   1.3189730234485656E+055   2.7152650161022917E+048   1.2437364022570502E+038   9.4286483744093838E+025   28858846606400.344        36.538911341455560        7.2526712068580584E-010   9.2162798586398007E-021  -4.7218712417275381E-026  -6.4781239445516178E-032  -4.3003471932013475E-037  -7.5013339796181593E-042  -1.9710364219641649E-046
   2.8925736438249123E+043   2.0842425875134952E+055   1.3830573854741724E+055   2.8585307172908161E+048   1.3149530439109824E+038   1.0018405190868628E+026   30845687106125.891        39.323197958684098        7.8658021220673268E-010   1.0079965140558617E-020  -5.2107975658793817E-026  -7.2157486662310018E-032  -4.8358732626112980E-037  -8.5173627997894904E-042  -2.2598837231260810E-046
   2.9958631301443415E+043   2.1754235839277682E+055   1.4502553870096726E+055   3.0093555567985808E+048   1.3902475676414430E+038   1.0645050975989722E+026   32969315305580.711        42.319648862233230        8.5307662874949864E-010   1.1024588965995039E-020  -5.7503497835153293E-026  -8.0373622453556550E-032  -5.4380888703173690E-037  -9.6710090823924871E-042  -2.5910604099517028E-046
   3.1028409321033177E+043   2.2705935487541574E+055   1.5207183091377810E+055   3.1681383779967905E+048   1.4698534739677724E+038   1.1310893114781474E+026   35239148606422.227        45.544431096246392        9.2519456153316193E-010   1.2057736329094898E-020  -6.3457699545180272E-026  -8.9525279840368939E-032  -6.1152989236638521E-037  -1.0980912618567102E-041  -2.9707696795173296E-046
   3.2136387540178496E+043   2.3699269906104603E+055   1.5946047831709836E+055   3.3352990684589065E+048   1.5540176337059127E+038   1.2018383317935475E+026   37665252768704.305        49.014943643184566        1.0034092458634295E-009   1.3187703036580126E-020  -7.0028429280178754E-026  -9.9718980995591176E-032  -6.8768425473660603E-037  -1.2468237891833107E-041  -3.4061237816484161E-046
   3.3283930031706999E+043   2.4736060524834257E+055   1.6720811477740268E+055   3.5112796703174061E+048   1.6430010535548171E+038   1.2770126649319026E+026   40258386548305.328        52.749911298246538        1.0882360927887885E-009   1.4423562320120711E-020  -7.7279525455119198E-026  -1.1107337712511742E-031  -7.7332218754595296E-037  -1.4157016038387217E-041  -3.9052772367280584E-046
   3.4472449577470413E+043   2.5818208457152493E+055   1.7533218234375185E+055   3.6965455492059516E+048   1.7370796855203500E+038   1.3568891118131457E+026   43030049407497.602        56.769485697069250        1.1802340855023491E-009   1.5775237691146911E-020  -8.5281436635308964E-026  -1.2372062952680694E-031  -8.6962468817992159E-037  -1.6074533124595499E-041  -4.4775795759690661E-046
   3.5703409407669456E+043   2.6947697986013894E+055   1.8385097051459944E+055   3.8915866248786400E+048   1.8365452826870195E+038   1.4417617871044751E+026   45992532510237.820        61.095354041793520        1.2800094628706415E-009   1.7253582623098155E-020  -9.4111905984375777E-026  -1.3780794790196595E-031  -9.7791982463930993E-037  -1.8251771015137520E-041  -5.1337504650619077E-046
   3.6978325002289345E+043   2.8126600202389165E+055   1.9278365741244700E+055   4.0969186667606158E+048   1.9417063039914203E+038   1.5319432021856638E+026   49158973228320.016        65.750856112113098        1.3882197143625722E-009   1.8870467700925401E-020  -1.0385672658333105E-025  -1.5349930382468705E-031  -1.0997010503573418E-036  -2.0723907954957932E-041  -5.8860804913554790E-046
   3.8298765956858891E+043   2.9357076802921202E+055   2.0215035295901346E+055   4.3130846578555054E+048   2.0528888708030354E+038   1.6277654158531108E+026   52543413400098.266        70.761110192620592        1.5055779127036767E-009   2.0638875937620982E-020  -1.1461057495900979E-025  -1.7097733931306535E-031  -1.2366477997698896E-036  -2.3530886952961846E-041  -6.7486613754064325E-046
   3.9666357914830893E+043   3.0641384053717923E+055   2.1197214414812015E+055   4.5406562306164329E+048   2.1704377782789081E+038   1.7295812569996261E+026   56160861600130.648        76.153148595873034        1.6328574128063071E-009   2.2573007023126630E-020  -1.2647793092001405E-025  -1.9044549271714955E-031  -1.3906486486599481E-036  -2.6718061150837522E-041  -7.7376499188476064E-046
   4.1082784568966621E+043   3.1981876927553966E+055   2.2227114251823821E+055   4.7802351785780040E+048   2.2947175646286423E+038   1.8377656237720297E+026   60027359695882.305        81.956063512371671        1.7708969479399652E-009   2.4688391342692178E-020  -1.3957409263677982E-025  -2.1213036666788373E-031  -1.5638273586656820E-036  -3.0336926604198133E-041  -8.8715706323958091E-046
   4.2549789734186402E+043   3.3381013422065203E+055   2.3307053393155656E+055   5.0324550477463897E+048   2.4261136416055849E+038   1.9527168639900884E+026   64160053986633.820        88.201163974361080        1.9206061567234647E-009   2.7002014680197248E-020  -1.5402629682768996E-025  -2.3628436564864211E-031  -1.7585721651133540E-036  -3.4445954315488527E-041  -1.0171662712274759E-045
   4.4069179494428801E+043   3.4841359066844023E+055   2.4439463077156793E+055   5.2979828119544816E+048   2.5650334897294695E+038   2.0748582419092838E+026   68577271240050.586        94.922144780304407        2.0829715773592419E-009   2.9532454607737006E-020  -1.6997495493424006E-025  -2.6318863388904902E-031  -1.9775687120605154E-036  -3.9111534961613473E-041  -1.1662277863933064E-045
   4.5642824426164351E+043   3.6365591627701881E+055   2.5626892667669609E+055   5.5775206366125695E+048   2.7119079219470759E+038   2.2046394967280192E+026   73298599963595.625        102.15526829142445        2.2590631486089672E-009   3.2300029656603609E-020  -1.8757501729507763E-025  -2.9315632777613818E-031  -2.2238370887275107E-036  -4.4409051579906348E-041  -1.3371336424240009E-045
   4.7272661901305918E+043   3.7956506016731070E+055   2.6872015393321529E+055   5.8718077355190369E+048   2.8671924196497417E+038   2.3425384985778320E+026   78344977271179.469        109.93956008114547        2.4500412603485493E-009   3.5326962467413156E-020  -2.0699747857218745E-025  -3.2653626087115140E-031  -2.5007734780496119E-036  -5.0424097543262941E-041  -1.5330850325166957E-045
   4.8960698472340869E+043   3.9617019417156936E+055   2.8177634365658606E+055   6.1816223256394985E+048   3.0313685451901490E+038   2.4890630080934194E+026   83738781730234.594        118.31701949297931        2.6571644001612313E-009   3.8637558229355541E-020  -2.2843103905462513E-025  -3.6371696395664970E-031  -2.8121969916765406E-036  -5.7253859502380105E-041  -1.7577522693740094E-045
   5.0709012342614699E+043   4.1350176632369482E+055   2.9546688889662869E+055   6.5077836850222693E+048   3.2049454352780502E+038   2.6447525460406649E+026   89503932600916.266        127.33284624281939        2.8817974463543459E-009   4.2258399841285924E-020  -2.5208393797936275E-025  -4.0513120736855936E-031  -3.1624023372575338E-036  -6.5008687637950910E-041  -2.0153435318204957E-045
   5.2519755924803895E+043   4.3159155668938345E+055   3.0982261080855724E+055   6.8511543192908812E+048   3.3884613798854192E+038   2.8101803798859500E+026   95665995907467.641        137.03568428814245        3.1254206620438564E-009   4.6218561361614035E-020  -2.7818597667966990E-025  -4.5126103824741336E-031  -3.5562190442625093E-036  -7.3813878591369981E-041  -2.3106836855718274E-045
   5.4395158490723986E+043   4.5047273563842560E+055   3.2487582803878741E+055   7.2126422424410853E+048   3.5824854915563797E+038   2.9859556346202948E+026   102252297812065.67        147.47788427973683        3.3896394495687946E-009   5.0549841460750139E-020  -3.0699075121517740E-025  -5.0264339133481679E-031  -3.9990780650102685E-036  -8.3811699877793287E-041  -2.6493046543246112E-045
   5.6337528915720572E+043   4.7017992466583481E+055   3.4066042948158696E+055   7.5932033779704382E+048   3.7876194702967811E+038   3.1727255356085634E+026   109292045793813.97        158.71578601175875        3.6761949295052754E-009   5.5287018750407975E-020  -3.3877811617220440E-025  -5.5987633861457508E-031  -4.4970866692465140E-036  -9.5163688485656117E-041  -3.0375490335956128E-045
   5.8349258520999398E+043   4.9074925987303787E+055   3.5721195057012717E+055   7.9938440866843880E+048   4.0044994695135468E+038   3.3711777917190274E+026   116816458170110.03        170.81002239371739        3.9869754139797089E-009   6.0468131039624699E-020  -3.7385690356773494E-025  -6.2362605053039860E-031  -5.0571126649356403E-036  -1.0805326079482508E-040  -3.4826888876653694E-045
   6.0432824017374813E+043   5.1221845822528149E+055   3.7456765327346479E+055   8.4156238278577028E+048   4.2337980687868391E+038   3.5820431275042761E+026   124858902534563.48        183.82584658398039        4.3240288498689122E-009   6.6134780759342584E-020  -4.1256792326733992E-025  -6.9463454978974981E-031  -5.6868791064715826E-036  -1.2268867597275393E-040  -3.9930619542018284E-045
   6.2590790554025195E+043   5.3462688670629089E+055   3.9276660997917088E+055   8.8596579607788438E+048   4.4762263595872999E+038   3.8060979737513591E+026   133455043725087.67        197.83348404915589        4.6895763138582679E-009   7.2332469007316345E-020  -4.5528727406013406E-025  -7.7372834798190250E-031  -6.3950707960373896E-036  -1.3930640071519504E-040  -4.5782278069576991E-045
   6.4825814875955970E+043   5.5801563449630983E+055   4.1184979144987389E+055   9.3271206940716217E+048   4.7325361503983436E+038   4.0441673262992719E+026   142643001977918.44        212.90851144790545        5.0860266482495413E-009   7.9110960894630347E-020  -5.0242999754884599E-025  -8.6182806550416020E-031  -7.1914540463316559E-036  -1.5817492967690761E-040  -5.2491469004239917E-045
   6.7140648593999824E+043   5.8242758830512790E+055   4.3186015905107357E+055   9.8192481905760574E+048   5.0035222980714012E+038   4.2971277836387744E+026   152463521968331.94        229.13226438209696        5.5159923339122441E-009   8.6524685126052472E-020  -5.5445411033924179E-025  -9.5995914672177228E-031  -8.0870113555565710E-036  -1.7959912329241813E-040  -6.0183858484375522E-045
   6.9538141571281515E+043   6.0790751099694682E+055   4.5284276145676094E+055   1.0337341835971431E+049   5.2900251726278186E+038   4.5659107744618857E+026   162960153486836.72        246.59227621336603        5.9823067049024873E-009   9.4633171020748447E-020  -6.1186505368206694E-025  -1.0692637950156487E-030  -9.0940928509191775E-036  -2.0392513303502253E-040  -6.9003527794407447E-045
   7.2021245430181543E+043   6.3450212364951043E+055   4.7484483604904240E+055   1.0882771679746666E+049   5.5929332631282390E+038   4.8515059870205716E+026   174179444550860.91        265.38275030996533        6.4880426180833753E-009   1.0350152647969807E-019  -6.7522060376738031E-025  -1.1910142665433907E-030  -1.0226586587733485E-035  -2.3154599363742571E-040  -7.9115671734876351E-045
   7.4593017183941071E+043   6.6226019119565827E+055   4.9791591523801702E+055   1.1456980057564800E+049   5.9131859326591340E+038   5.1549650128875154E+026   186171147806607.84        285.60506826802782        7.0365327006255267E-009   1.1320096073378479E-019  -7.4513629033383296E-025  -1.3266276773151013E-030  -1.1500110050659473E-035  -2.6290797255080954E-040  -9.0709692306004955E-045
   7.7256622997109782E+043   6.9123261180081330E+055   5.2210793793819608E+055   1.2061485404522155E+049   6.2517763309335273E+038   5.4774052184853976E+026   198988441133938.88        307.36833684380247        7.6313913086005025E-009   1.2380935606444749E-019  -8.2229137617574082E-025  -1.4776824957445187E-030  -1.2932225495181536E-035  -2.9851777912165667E-040  -1.0400274558609413E-044
   8.0015342079111378E+043   7.2147251013558248E+055   5.4747536644827316E+055   1.2697886269278473E+049   6.6097544734735647E+038   5.8200138585696472E+026   212688163429122.41        330.78997654000682        8.2765383410677228E-009   1.3541189307969578E-019  -9.0743545555455491E-025  -1.6459369123763488E-030  -1.4542682095038445E-035  -3.3895074981065790E-040  -1.1924380814760130E-044
   8.2872570715220023E+043   7.5303533470787271E+055   5.7407530899150603E+055   1.3367865539520356E+049   6.9882304968319605E+038   6.1840524467106914E+026   227331066606134.38        355.99635501090540        8.9762250661566458E-009   1.4810173455502197E-019  -1.0013957354979350E-024  -1.8333493002299523E-030  -1.6353688229344912E-035  -3.8486014148362164E-040  -1.3671833904669950E-044
   8.5831826439204278E+043   7.8597895942356616E+055   6.0196764818421585E+055   1.4073194889714119E+049   7.3883780998160214E+038   6.5708613987253313E+026   242982084927038.25        383.12346868788296        9.7350621287262248E-009   1.6198077331432500E-019  -1.1050850705527403E-024  -2.0421010033775126E-030  -1.8390217656468587E-035  -4.3698768261647256E-040  -1.5675362452341433E-044
   8.8896752351789924E+043   8.2036378954879071E+055   6.3121517570985177E+055   1.4815739462602148E+049   7.8114381811998859E+038   6.9818649659518378E+026   259710622845877.12        412.31767628085453        1.0558049923306835E-008   1.7716045013357306E-019  -1.2195108288056918E-024  -2.2746217182541773E-030  -2.0680353785767552E-035  -4.9617555245198658E-040  -1.7972490526048485E-044
   9.2071121588888674E+043   8.5625287224966772E+055   6.6188373348531321E+055   1.5597462796389277E+049   8.2587226849431059E+038   7.4185764762460395E+026   277590862628458.75        443.73648808143497        1.1450611531259716E-008   1.9376264820285146E-019  -1.3457846749588348E-024  -2.5336177620647580E-030  -2.3255676779057793E-035  -5.6337998103566148E-040  -2.0606240059875013E-044
   9.5358841943181461E+043   8.9371201188641488E+055   6.9404236161409349E+055   1.6420432010036589E+049   8.7316186644676544E+038   7.8826039015882970E+026   296702093092209.88        477.54941528164028        1.2418628437480666E-008   2.1192067128396520E-019  -1.4851333650112621E-024  -2.8221035558165647E-030  -2.6151698797790666E-035  -6.3968668898997631E-040  -2.3625936075458785E-044
   9.8763960642069500E+043   9.3280989023694929E+055   7.2776345342658192E+055   1.7286823259508894E+049   9.2315925780693740E+038   8.3756557722231706E+026   317129060895565.06        513.93888382697139        1.3468479259575176E-008   2.3178031335413344E-019  -1.6389106567214725E-024  -3.1434366863037294E-030  -2.9408353366649024E-035  -7.2632841524830062E-040  -2.7088129712414444E-044
   1.0229066928414632E+044   9.7361819181975488E+055   7.6312291791058063E+055   1.8198927478184857E+049   9.7601948280386493E+038   8.8995474582889018E+026   338962345894540.69        553.10121764446160        1.4607081741272533E-008   2.5350102823452239E-019  -1.8086104505751650E-024  -3.5013569521492444E-030  -3.3070545557538601E-035  -8.2470481419272192E-040  -3.1057656252040946E-044
   1.0594330893506730E+044   1.0162117344748420E+056   8.0020034983309555E+055   1.9159156414889979E+049   1.0319064556512392E+039   9.4562078409065079E+026   362298762174145.62        595.24769642312071        1.5841938281927072E-008   2.7725720846793920E-019  -1.9958812875288795E-024  -3.9000298441461508E-030  -3.7188770518309902E-035  -9.3640504119927377E-040  -3.5608847804350923E-044
   1.0972637538184396E+044   1.0606686053431209E+056   8.3907920784577359E+055   2.0170048983099067E+049   1.0909934711441880E+039   1.0047686395652515E+027   387241786452542.06        640.60569347361161        1.7181185295238343E-008   3.0323958353463895E-019  -2.2025423424039796E-024  -4.3440949600063576E-030  -4.1819808787106574E-035  -1.0632333880095540E-039  -4.0826923164567502E-044
   1.1364452454193366E+044   1.1070703023549019E+056   8.7984700084779252E+055   2.1234277934690384E+049   1.1534637396286830E+039   1.0676160712179591E+027   413902015643903.62        689.41989955135557        1.8633646712705691E-008   3.3165674837918378E-019  -2.4306010655213382E-024  -4.8387199085963944E-030  -4.7027507855538584E-035  -1.2072383771824039E-039  -4.6809580577830620E-044
   1.1770257801971318E+044   1.1555018812933659E+056   9.2259548284747481E+055   2.2354656871107995E+049   1.2195109517065210E+039   1.1343944474400576E+027   442397655448191.94        741.95363888570341        2.0208891970624657E-008   3.6273683416294489E-019  -2.6822726400312321E-024  -5.3896603191601854E-030  -5.2883660581644878E-035  -1.3707457787334712E-039  -5.3668822830179452E-044
   1.2190552879758208E+044   1.2060521084323250E+056   9.6742085651157954E+055   2.3534147603737722E+049   1.2893398740100064E+039   1.2053495926001605E+027   472855041907356.81        798.49028400675411        2.1917298843309833E-008   3.9672933415123748E-019  -2.9600014384129038E-024  -6.0033266371897431E-030  -5.9468992316383279E-035  -1.5563960725710872E-039  -6.1533048264304305E-044
   1.2625854704142723E+044   1.2588136186510167E+056   1.0144239855109204E+056   2.4775867873505323E+049   1.3631669773068861E+039   1.2807426845944620E+027   505409197920286.38        859.33477628511787        2.3770121509177289E-008   4.3390709868178207E-019  -3.2664846787582338E-024  -6.6868584606946194E-030  -6.6874270003904969E-035  -1.7671869481186435E-039  -7.0549446057886520E-044
   1.3076698598964727E+044   1.3138830787900879E+056   1.0637106156514352E+056   2.6083099436846000E+049   1.4412210980578312E+039   1.3608512057837448E+027   540204426732483.38        924.81525937564470        2.5779564259558033E-008   4.7456851422600232E-019  -3.6046984996105058E-024  -7.4482072486616489E-030  -7.5201548053209366E-035  -2.0065215081892231E-039  -8.0886739460434715E-044
   1.3543638788018649E+044   1.3713613558154256E+056   1.1153916046049727E+056   2.7459296520830758E+049   1.5237441343179793E+039   1.4459699495277749E+027   577394944395637.75        995.28483295071544        2.7958861281473483E-008   5.1903988262069022E-019  -3.9779266911002209E-024  -8.2962283172472222E-030  -8.4565567460962022E-035  -2.2782629282902758E-039  -9.2738326720989073E-044
   1.4027248984946158E+044   1.4313536890776348E+056   1.1695831598023638E+056   2.8908094643762333E+049   1.6109917765120729E+039   1.5364120842081665E+027   617145553105611.38        1071.1234341750705        3.0322362963381811E-008   5.6767801757522116E-019  -4.3897923395585018E-024  -9.2407831280672618E-030  -9.5095326491382843E-035  -2.5867964154872743E-039  -1.0632587620957709E-043
   1.4528122970838235E+044   1.4939698655625203E+056   1.2264070836919332E+056   3.0433319788115511E+049   1.7032342730652010E+039   1.6325102761074866E+027   659632357144421.62        1152.7398542450626        3.2885629184628537E-008   6.2087307648934494E-019  -4.8442926621386173E-024  -1.0292852965613201E-029  -1.0693584318043796E-034  -2.9370994129009343E-039  -1.2190343978581758E-043
   1.5046875146073889E+044   1.5593243964777934E+056   1.2859910250573556E+056   3.2038997899109674E+049   1.8007572300624122E+039   1.7346178716996820E+027   705043522830120.12        1240.5738968957369        3.5665530051468315E-008   6.7905164636158442E-019  -5.3458373263813082E-024  -1.1464665195226345E-029  -1.2025013200751918E-034  -3.3348211066067080E-039  -1.3976215682617028E-043
   1.5584141037370376E+044   1.6275366927527490E+056   1.3484687343712260E+056   3.3729364662830851E+049   1.9038624429355897E+039   1.8431101386856872E+027   753580083358403.75        1335.0986849354897        3.8680354530033375E-008   7.4268010300212233E-019  -5.8992905658374181E-024  -1.2769833385851396E-029  -1.3522141923013120E-034  -3.7863724102748314E-039  -1.6023563048334083E-043
   1.6140577733303166E+044   1.6987312359561119E+056   1.4139803201536865E+056   3.5508875490382417E+049   2.0128687564888161E+039   1.9583855633118964E+027   805456788618093.62        1436.8231194123841        4.1949927392375541E-008   8.1226826270539335E-019  -6.5100174149231452E-024  -1.4223512667799177E-029  -1.5205562354167098E-034  -4.2990277275103396E-039  -1.8370606766346052E-043
   1.6716864210836336E+044   1.7730377396462348E+056   1.4826725018969630E+056   3.7382215595890162E+049   2.1281129471710933E+039   2.0808671989068120E+027   860902998863116.88        1546.2944936852630        4.5495734825653525E-008   8.8837334472798770E-019  -7.1839343913869548E-024  -1.5842571767237529E-029  -1.7098413078745555E-034  -4.8810399192863334E-039  -2.1061128473750922E-043
   1.7313701500527563E+044   1.8505912940962126E+056   1.5546988531518127E+056   3.9354310001956665E+049   2.2499506181071641E+039   2.2110040568416377E+027   920163619364690.75        1664.1012610993398        4.9341058942557568E-008   9.7160426099048114E-019  -7.9275649491686796E-024  -1.7645783204698780E-029  -1.9226689330392556E-034  -5.5417700287979527E-039  -2.4145269190469053E-043
   1.7931812617429742E+044   1.9315324844619993E+056   1.6302200256370376E+056   4.1430333230325921E+049   2.3787570926143525E+039   2.3492725258187446E+027   983500070624380.75        1790.8759496373834        5.3511121253388971E-008   1.0626262458606389E-018  -8.7481000024012080E-024  -1.9654033147971623E-029  -2.1619588579740603E-034  -6.2918334301756947E-039  -2.7680437997525510E-043
   1.8571942156082019E+044   2.0160074684776747E+056   1.7094039414336291E+056   4.3615718329768287E+049   2.5149282852287153E+039   2.4961777979014643E+027   1051191285089919.1        1927.2982091213921        5.8033234889221252E-008   1.1621658329535754E-018  -9.6534637748552225E-024  -2.1890552346479238E-029  -2.4309895020912118E-034  -7.1432641581312838E-039  -3.1732344346278516E-043
   1.9234855408284784E+044   2.1041679942456332E+056   1.7924259350547520E+056   4.5916164746059790E+049   2.6588815198958035E+039   2.6522552691677337E+027   1123534716149380.9        2074.0979652857668        6.2936964962765499E-008   1.2710161765837824E-018  -1.0652385146975370E-023  -2.4381169410551231E-029  -2.7334406122414736E-034  -8.1096992239191559E-039  -3.6376168222719252E-043
   1.9921336807325505E+044   2.1961713310581825E+056   1.8794688198826796E+056   4.8337644334625108E+049   2.8110562519275604E+039   2.8180718681221780E+027   1200847337888268.2        2232.0586389588034        6.8254295865391323E-008   1.3900427014018407E-018  -1.1754474538929941E-023  -2.7154587386458938E-029  -3.0734404125637225E-034  -9.2065847013242237E-039  -4.1697882891596042E-043
   2.0632187426056161E+044   2.2921800756379247E+056   1.9707228433649123E+056   5.0886404533208452E+049   2.9719146321796194E+039   2.9942272444142907E+027   1283466603853262.2        2402.0203657744714        7.4019803450841860E-008   1.5201890428610619E-018  -1.2970306160533588E-023  -3.0242684048256665E-029  -3.4556174785397571E-034  -1.0451405234595462E-038  -4.7795744878140501E-043
   2.1368221150543710E+044   2.3923617816124034E+056   2.0663854814072242E+056   5.3568967319984872E+049   3.1419418267261325E+039   3.1813547217505967E+027   1371751318737808.2        2584.8831196638339        8.0270828845434930E-008   1.6624832107258163E-018  -1.4311505146370880E-023  -3.3680835483966012E-029  -3.8851574606312415E-034  -1.1863938320584602E-038  -5.4781964869722980E-043
   2.2130259004598478E+044   2.4968883399229956E+056   2.1666610031398535E+056   5.6392122040836615E+049   3.3216459704427476E+039   3.3801218790841909E+027   1466082356920793.8        2781.6095982185798        8.7047648908254642E-008   1.8180438640193919E-018  -1.5790838633504921E-023  -3.7508261261157717E-029  -4.3678646129982531E-034  -1.3466534167288611E-038  -6.2784570842285060E-043
   2.2919120897648641E+044   2.6059350101167171E+056   2.2717597106726041E+056   5.9362909441882915E+049   3.5115575847032141E+039   3.5912305689963223E+027   1566863133993641.2        2993.2276648788825        9.4393635945786273E-008   1.9880865232982456E-018  -1.7422309169313133E-023  -4.1768387526130926E-029  -4.9102278180573046E-034  -1.5284421013223484E-038  -7.1949470227760650E-043
   2.3735613787461257E+044   2.7196789642062532E+056   2.3818967218643128E+056   6.2488593212766859E+049   3.7122282228507092E+039   3.8154161058641783E+027   1674519698840866.0        3220.8320548930178        1.0235539589147123E-007   2.1739294575715945E-018  -1.9221247874196312E-023  -4.6509221557222282E-029  -5.5194903972207017E-034  -1.7346034340587404E-038  -8.2442710326390558E-043
   2.4580514860048146E+044   2.8382971520557057E+056   2.4972901137710254E+056   6.5776613927290066E+049   3.9242280153785934E+039   4.0534452510099844E+027   1789500260430686.8        3465.5849296688643        1.1098286941674831E-007   2.3769988583888902E-018  -2.1204403411566970E-023  -5.1783727187874760E-029  -6.2037224049120951E-034  -1.9683366196040229E-038  -9.4452923993638916E-043
   2.5454547790132573E+044   2.9619632246293011E+056   2.6181581751856426E+056   6.9234518316746059E+049   4.1481416604952013E+039   4.3061124767071700E+027   1912273889660040.2        3728.7146945084241        1.2032937383041678E-007   2.5988327385589471E-018  -2.3390020874220356E-023  -5.7650184626823450E-029  -6.9718932370393636E-034  -2.2332327517482272E-038  -1.0819392886146684E-042
   2.6358349399234084E+044   3.0908431514819153E+056   2.7447154215429533E+056   7.2869854131222044E+049   4.3845622321959750E+039   4.5742337908792566E+027   2043328034773125.2        4011.5122600063414        1.3045155443919217E-007   2.8410827483163476E-018  -2.5797901958884322E-023  -6.4172509820731645E-029  -7.8339411353017414E-034  -2.5333111493269868E-038  -1.2390742012325758E-042
   2.7292422995215506E+044   3.2250890313708925E+056   2.8771668948901549E+056   7.6690017167572278E+049   4.6340819397534222E+039   4.8586371294011466E+027   2183164348653239.8        4315.3236032974673        1.4140920131334108E-007   3.1055127609525449E-018  -2.8449433961911626E-023  -7.1420496645847035E-029  -8.8008343804754361E-034  -2.8730538909493488E-038  -1.4186565520087031E-042
   2.8257073247267436E+044   3.3648304058760988E+056   3.0157000926155992E+056   8.0702032006048129E+049   4.8972786460725126E+039   5.1601479457012570E+027   2332292133548857.5        4641.5370387199600        1.5326486980041982E-007   3.3939926065729466E-018  -3.1367569765842449E-023  -7.9469928523239944E-029  -9.8846164270794033E-034  -3.2574356277610583E-038  -1.6237396780194656E-042
   2.9252315472696489E+044   3.5101621264023326E+056   3.1604736235451593E+056   8.4912241108264360E+049   5.1746965057238492E+039   5.4795681107663640E+027   2491218444383301.0        4991.5629932946149        1.6608321884994901E-007   3.7084846769884466E-018  -3.4576733519349322E-023  -8.8402482661363075E-029  -1.1098423643058055E-033  -3.6919443040330624E-038  -1.8577286114379266E-042
   3.0277749479327178E+044   3.6611274690667556E+056   3.3116013550219925E+056   8.9325867523657040E+049   5.4668184736714938E+039   5.8176455306824767E+027   2660433529868764.0        5366.8032398225041        1.7992994780161299E-007   4.0510202191547081E-018  -3.8102616351078883E-023  -9.8305317485754481E-029  -1.2456459275252894E-033  -4.1825863619718292E-038  -2.1243930463256330E-042
   3.1332384337292570E+044   3.8176947048792252E+056   3.4691303576997101E+056   9.3946403641814515E+049   5.7740276052801658E+039   6.1750309266302688E+027   2840389796568306.5        5768.6053875924526        1.9487016644813728E-007   4.4236608876238139E-018  -4.1971812128820504E-023  -1.0927018844285132E-028  -1.3973900209858669E-033  -4.7358671155755730E-038  -2.4278668013031802E-042
   3.2414395264625155E+044   3.9797246677179255E+056   3.6330103335285992E+056   9.8774761038295000E+049   6.0965529410847368E+039   6.5522169152662216E+027   3031471808894797.0        6198.1968589209164        2.1096597050750957E-007   4.8284394157903345E-018  -4.6211223538320833E-023  -1.2139187457450897E-028  -1.5666703285778264E-033  -5.3587329302106018E-038  -2.7726257276486915E-042
   3.3520786693281892E+044   4.1469259585686561E+056   3.8030513712904647E+056   1.0380809296041837E+050   6.4343942470945546E+039   6.9494527603565188E+027   3233953927845394.0        6656.5904466002712        2.2827290933822095E-007   5.2672709297443675E-018  -5.0847141700584683E-023  -1.3476561180925761E-028  -1.7551264343620421E-033  -6.0584562123139824E-038  -3.1634324959275298E-042
   3.4646925871823704E+044   4.3187932025500274E+056   3.9788657423224225E+056   1.0903816944408765E+050   6.7872178376718502E+039   7.3666257930283179E+027   3447940966704035.0        7144.4506707196724        2.4683491736769053E-007   5.7418232586493317E-018  -5.5903865692410790E-023  -1.4948311065802099E-028  -1.9643864536762300E-033  -6.8424364336397743E-038  -3.6052318095962009E-042
   3.5785898221371367E+044   4.4945221381473765E+056   4.1597879404589640E+056   1.1444914308430558E+050   7.1542129911639361E+039   7.8030973401497154E+027   3673285609784218.5        7661.9063095577294        2.6667712607758404E-007   6.2533303317880732E-018  -6.1401678569420457E-023  -1.6562657563838068E-028  -2.1959813017360475E-033  -7.7178797650657251E-038  -4.1029728727967407E-042
   3.6927618102599054E+044   4.6728931542131660E+056   4.3447651873768087E+056   1.2001448846204417E+050   7.5338949084878547E+039   8.2574768584524947E+027   3909474195067663.0        8208.2894126707833        2.8779576886516848E-007   6.8023270907448273E-018  -6.7353930131517374E-023  -1.8325992896728345E-028  -2.4512160914590990E-033  -8.6913054960722740E-038  -4.6613268055963223E-042
   3.8057605639358913E+044   4.8521120899052346E+056   4.5322080751630127E+056   1.2569282769888979E+050   7.9238356034875315E+039   8.7273126581610250E+027   4155469702251026.0        8781.7745643284288        3.1014412599827759E-007   7.3882769729342115E-018  -7.3762889843432902E-023  -2.0241615862870814E-028  -2.7309816328466947E-033  -9.7678082879053268E-038  -5.2842545019997756E-042
   3.9155311014774218E+044   5.0295936106603818E+056   4.7197878557054884E+056   1.3142226743874833E+050   8.3202984786310026E+039   9.2086710225125183E+027   4409497360050919.0        9378.8840030548909        3.3361312419922997E-007   8.0090537162587126E-018  -8.0613923045142955E-023  -2.2307935000468090E-028  -3.0354831958443788E-033  -1.0949980568333896E-037  -5.9743645551226109E-042
   4.0191832457195709E+044   5.2016683463613141E+056   4.9041632026205975E+056   1.3711277150100912E+050   8.7177458082816094E+039   9.6955678817544510E+027   4668754278628518.0        9993.8145893652836        3.5800481033167204E-007   8.6602280870123699E-018  -8.7867410329482845E-023  -2.4515952037426138E-028  -3.3638565581036185E-033  -1.2236368730090383E-037  -6.7319810633201382E-042
   4.1126835833843819E+044   5.3631906502155956E+056   5.0806154855014097E+056   1.4263599046326029E+050   9.1081816932662240E+039   1.0179209350951926E+028   4929020353673556.0        10617.532499028004        3.8299649667247626E-007   9.3340980389987653E-018  -9.5447683170272224E-023  -2.6845788393017727E-028  -3.7136332690404314E-033  -1.3619301632512875E-037  -7.5538181310572861E-042
   4.1904451115479386E+044   5.5070204897301083E+056   5.2425688338875421E+056   1.4781189611128714E+050   9.4802882959057425E+039   1.0646991706532708E+028   5184144541443838.0        11236.573544754900        4.0809302808860734E-007   1.0018390443826267E-017  -1.0322811814236258E-022  -2.9261972171788451E-028  -4.0800093713291961E-033  -1.5081895558791778E-037  -8.4311348597658544E-042
   4.2447914868806890E+044   5.6233533299985426E+056   5.3809720719604605E+056   1.5239159589791255E+050   9.8183148660178802E+039   1.1081212969422947E+028   5425381107672191.0        11831.487252539951        4.3256458568908662E-007   1.0694560204843361E-017  -1.1101148857179255E-022  -3.1707183740155733E-028  -4.4548679142952272E-033  -1.6594019935524809E-037  -9.3472299314557632E-042
   4.2652792832829348E+044   5.6988815547535084E+056   5.4835291962670131E+056   1.5603597511506107E+050   1.0100696524642593E+040   1.1457467857900975E+028   5640560038128552.0        12374.883789308011        4.5536821133746921E-007   1.1335631592434312E-017  -1.1850486780322755E-022  -3.4094212251319115E-028  -4.8255128375913682E-033  -1.8107032919317093E-037  -1.0274147120111736E-041
   4.2378839630308814E+044   5.7158008454411198E+056   5.5337934069412437E+056   1.5829060758452267E+050   1.0298430641584524E+040   1.1742755779816754E+028   5813104833704501.0        12829.108638318194        4.7505376678279859E-007   1.1903592889858237E-017  -1.2528910926709033E-022  -3.6296097356584714E-028  -5.1731048354715011E-033  -1.9547225735242828E-037  -1.1168539732659743E-041
   4.1441091194383872E+044   5.6507443078325468E+056   5.5102043577582374E+056   1.5855917301696345E+050   1.0373353947496062E+040   1.1893463490652791E+028   5920977706000860.0        13143.723261379424        4.8966103125575899E-007   1.2346515327376345E-017  -1.3078473084824691E-022  -3.8134990479143413E-028  -5.4708753792101544E-033  -2.0808260331690982E-037  -1.1966852436608017E-041
   3.9601895973582038E+044   5.4738668787773087E+056   5.3852771036977173E+056   1.5608118405721115E+050   1.0276692182593943E+040   1.1853646520788987E+028   5935765778868668.0        13253.278970960666        4.9662682077699552E-007   1.2595895737800270E-017  -1.3421977537512890E-022  -3.9371447674630590E-028  -5.6823772216417482E-033  -2.1743630250554498E-037  -1.2580438735137077E-041
   3.6567622922533249E+044   5.1485536071897909E+056   5.1253805718233990E+056   1.4992614900370261E+050   9.9486595317870506E+039   1.1554499926999809E+028   5822360296652475.0        13076.425740722680        4.9274301708762073E-007   1.2565320257200330E-017  -1.3461208952790186E-022  -3.9698044840680445E-028  -5.7603695020204907E-033  -2.2161576608211847E-037  -1.2892104434623682E-041
   3.1997036765140608E+044   4.6326199250662533E+056   4.6919004153865979E+056   1.3902609941422103E+050   9.3205134337363013E+039   1.0916633404548592E+028   5540052658846089.0        12518.267389188153        4.7424113548174451E-007   1.2152497200087496E-017  -1.3078947188963914E-022  -3.8744723464795459E-028  -5.6474882241645034E-033  -2.1827187773408346E-037  -1.2757006011792044E-041
   2.5532546888407361E+044   3.8823701019610156E+056   4.0450256603973075E+056   1.2228054362964998E+050   8.3212474307296638E+039   9.8576647731688868E+027   5046335358942423.0        11478.969495619909        4.3712321871839804E-007   1.1247928213948062E-017  -1.2148542567306162E-022  -3.6107886299839415E-028  -5.2805844892545524E-033  -2.0479479749838691E-037  -1.2012771368573035E-041
   1.6868714723286712E+044   2.8612254264710587E+056   3.1516924183183027E+056   9.8775754218998906E+049   6.8916063761622376E+039   8.3082336423986176E+027   4305006489704798.0        9872.3806056654958        3.7789026363821900E-007   9.7543850050220047E-018  -1.0555910641468623E-022  -3.1418874451349198E-028  -4.6012021083774768E-033  -1.7873788486999812E-037  -1.0505348272272468E-041
   5.8689684301015489E+043   1.5541387028898682E+056   1.9987339866458180E+056   6.8146590572307378E+049   5.0072283176747839E+039   6.2385421785028702E+027   3299684144840701.0        7657.3320718993364        2.9477825983872676E-007   7.6203110308789034E-018  -8.2376846597294405E-023  -2.4464167828439064E-028  -3.5741934449987496E-033  -1.3858013995750686E-037  -8.1360659742805108E-042
  -7.2783219692249418E+043  -1.3489115094168993E+054   6.0997854592644298E+055   3.1045192311104478E+049   2.7086257108290333E+039   3.6928425483650522E+027   2051457820933912.5        4878.7969735651996        1.8939653366927457E-007   4.8844828754184593E-018  -5.2326976747753577E-023  -1.5349086571943916E-028  -2.2133044962014846E-033  -8.4783414289435550E-038  -4.9274542975522305E-042
  -2.1916805089138654E+044  -1.7589920108520943E+056  -9.3878961969579650E+055  -1.0451643334449192E+049   1.2723734018615116E+038   8.1953951791129734E+026   634419124396405.88        1704.4846068810982        6.8202083291101998E-008   1.7167239476956137E-018  -1.7295356341530822E-023  -4.6509566489344550E-029  -6.0540805208920352E-034  -2.0805305190214295E-038  -1.0869811316140461E-042
  -3.6896557916364491E+044  -3.5404466081862507E+056  -2.5185379994330773E+056  -5.2812876162110506E+049  -2.5126917535571345E+039  -2.1263562043403241E+027  -822817854986342.38       -1570.8015207209228       -5.7289287305858515E-008  -1.5752289542848132E-018   1.9242330158607611E-023   6.5474248865189586E-029   1.0836503166736371E-033   4.6635359452158344E-038   2.9750292364083434E-042
  -5.0771976421332359E+044  -5.1819482137727970E+056  -3.9704146545371130E+056  -9.1701845104968687E+049  -4.9355809323793510E+039  -4.8305465152545399E+027  -2161001100437632.0       -4579.8481169630804       -1.7263339072727820E-007  -4.6024438759857474E-018   5.2858406852507785E-023   1.6855630193044537E-028   2.6392330406901762E-033   1.0877707681965848E-037   6.7196141293003451E-042
  -6.2212933913413355E+044  -6.5240554862480225E+056  -5.1515894402200995E+056  -1.2323454564769201E+050  -6.8948779588416715E+039  -7.0115500904247247E+027  -3237135205964683.0       -6991.6847998093463       -2.6475187626736401E-007  -7.0109725182484985E-018   7.9502165021253844E-023   2.4994996484443649E-028   3.8629850439477879E-033   1.5748632525333703E-037   9.6443826710864903E-042
  -7.0429696018561678E+044  -7.4745878535849364E+056  -5.9807806623696992E+056  -1.4522090966541037E+050  -8.2521970191809218E+039  -8.5115720095540982E+027  -3970961324216181.0       -8619.9925909242447       -3.2625134655212017E-007  -8.5997422943948164E-018   9.6860793981339360E-023   3.0231965326481635E-028   4.6406385697208556E-033   1.8806174619207441E-037   1.1458194407931136E-041
  -7.5349405700694176E+044  -8.0283795860934367E+056  -6.4552870486149148E+056  -1.5761963619781137E+050  -9.0061011836153370E+039  -9.3296401374441012E+027  -4362078518661048.5       -9463.6542816108504       -3.5706929567356620E-007  -9.3663974177410963E-018   1.0489931421982579E-022   3.2553271967701148E-028   4.9698889094131150E-033   2.0040375977535791E-037   1.2154908109806051E-041
  -7.7463609388626871E+044  -8.2473890468617848E+056  -6.6323223240463387E+056  -1.6201713138834759E+050  -9.2585846357121526E+039  -9.5831810395074020E+027  -4470475080870859.0       -9662.0368562099866       -3.6272690409241088E-007  -9.4606465919227503E-018   1.0533418464243881E-022   3.2501990589027248E-028   4.9352502547861787E-033   1.9799265602054670E-037   1.1950646262960203E-041
  -7.7507818630914733E+044  -8.2214696565118295E+056  -6.5933910105762844E+056  -1.6064941708794360E+050  -9.1525404297665307E+039  -9.4362350709911530E+027  -4379900169134683.5       -9409.9034517047858       -3.5095616052719919E-007  -9.0927136764862371E-018   1.0058243535457521E-022   3.0844689233706359E-028   4.6562156051416846E-033   1.8575283993451129E-037   1.1151153419077577E-041
  -7.6187539997396758E+044  -8.0356376333545909E+056  -6.4149690826476837E+056  -1.5560318022916067E+050  -8.8208476949747791E+039  -9.0410167258118306E+027  -4167977191153569.0       -8887.7058428648797       -3.2892211359432188E-007  -8.4574937234045232E-018   9.2885797902221145E-023   2.8292434199642734E-028   4.2435880725504397E-033   1.6824642907390886E-037   1.0039258876565198E-041
  -7.4045622858473058E+044  -7.7547116010966387E+056  -6.1550024964850325E+056  -1.4845199099523530E+050  -8.3633256264821600E+039  -8.5115083372602672E+027  -3892680937479102.5       -8229.9274937997998       -3.0195477782828418E-007  -7.6997210331572719E-018   8.3906057889990750E-023   2.5371222788920004E-028   3.7791196300147246E-033   1.4882881536274574E-037   8.8222089627561682E-042
  -7.1445907983824805E+044  -7.4218515664224138E+056  -5.8518629305370355E+056  -1.4023227461398425E+050  -7.8453630017280424E+039  -7.9219682387617177E+027  -3591576260625121.5       -7523.2427213012543       -2.7347134618886922E-007  -6.9117004606504853E-018   7.4697231292349809E-023   2.2412710822808146E-028   3.3140225483648550E-033   1.2958685455301093E-037   7.6278839135396648E-042
  -6.8611087794708628E+044  -7.0633759526721489E+056  -5.5288253281627499E+056  -1.3156824036330461E+050  -7.3060005678188242E+039  -7.3162936511556916E+027  -3286629651341424.5       -6817.7586565330330       -2.4542404151502243E-007  -6.1455224790738621E-018   6.5846551579393350E-023   1.9599176256055619E-028   2.8760337792256821E-033   1.1163304912044548E-037   6.5233001250814281E-042
  -6.5669885991716236E+044  -6.6945053372134116E+056  -5.1992774307007994E+056  -1.2281519062270599E+050  -6.7671340470474114E+039  -6.7186541351494620E+027  -2989679151308647.5       -6139.8415837478587       -2.1881383188885918E-007  -5.4271616866556261E-018   5.7638182320692589E-023   1.7015992480548020E-028   2.4776868341220635E-033   9.5450497304995671E-038   5.5362933490448483E-042
  -6.2694571950600091E+044  -6.3238448455012499E+056  -4.8707419653080196E+056  -1.1416949265960393E+050  -6.2405555073170357E+039  -6.1416226004011545E+027  -2706621958130870.0       -5501.9608356606359       -1.9408600601295770E-007  -4.7673729678284240E-018   5.0180189208537499E-023   1.4692444090530187E-028   2.1227588757237310E-033   8.1162004756346676E-038   4.6724334283666842E-042
  -5.9725633204588003E+044  -5.9562924792542767E+056  -4.5474661428293870E+056  -1.0573906957861130E+050  -5.7324579240957429E+039  -5.5913761068772786E+027  -2440096159531981.0       -4909.0065615307858       -1.7138475277719341E-007  -4.1687243652353128E-018   4.3486709816456720E-023   1.2628193301330474E-028   1.8104558261926161E-033   6.8704794961823956E-038   3.9259957639962496E-042
  -5.6786348106139371E+044  -5.5947369634726469E+056  -4.2319233012862124E+056  -9.7584125427460994E+049  -5.2460333346214435E+039  -5.0706953314480877E+027  -2191029013115032.2       -4361.9438994166048       -1.5070073159359942E-007  -3.6296824330202920E-018   3.7525762878844611E-023   1.0808690608298161E-028   1.5378483829161200E-033   5.7932045715308347E-038   3.2863202775418409E-042
  -5.3890832032788700E+044  -5.2409854501008712E+056  -3.9256285803682566E+056  -8.9739193536096496E+049  -4.7828772927986742E+039  -4.5805854883116841E+027  -1959474108235837.8       -3859.7907987157314       -1.3195102791808060E-007  -3.1468270773359650E-018   3.2245160179975925E-023   9.2135139978429252E-029   1.3011861502337450E-033   4.8667406397026149E-038   2.7412041854479010E-042
  -5.1048290523845305E+044  -4.8962496508886732E+056  -3.6295643643600820E+056  -8.2224605819032057E+049  -4.3437183229190314E+039  -4.1211174390033411E+027  -1745045474066330.8       -3400.6427200463768       -1.1502051632691649E-007  -2.7159943895858701E-018   2.7585820818274346E-023   7.8206272235688821E-029   1.0965629484999500E-033   4.0732294768953416E-038   2.2785777624480811E-042
  -4.8265207123479916E+044  -4.5613946467378284E+056  -3.3443975770646058E+056  -7.5052342468977637E+049  -3.9287893512867384E+039  -3.6918549583043772E+027  -1547137328028345.8       -2982.1887749554662       -9.9782552375308603E-008  -2.3328430531940358E-018   2.3488288973967638E-023   6.6084312448249039E-029   9.2023089891985127E-034   3.3958464536260917E-038   1.8872527220410226E-042
  -4.5546453653034239E+044  -4.2370654657665042E+056  -3.0705905757669827E+056  -6.8229020546576453E+049  -3.5380171011722125E+039  -3.2920714176854726E+027  -1365034494382139.0       -2601.9676293372349       -8.6109048363729986E-008  -1.9931237447441424E-018   1.9895741800982335E-023   5.5566751636856220E-029   7.6873319996030626E-034   2.8192993240300636E-038   1.5571958211897858E-042
  -4.2895854173307996E+044  -3.9237524802845670E+056  -2.8084591753658465E+056  -6.1757466197035252E+049  -3.1711214609760118E+039  -2.9208622141276287E+027  -1197968565860235.8       -2257.4938741464589       -7.3875250395984248E-008  -1.6928000436652990E-018   1.6755242793974206E-023   4.6467985384268234E-029   6.3894700283866151E-034   2.3299543846753616E-038   1.2795717809826377E-042
  -4.0316477252437878E+044  -3.6218267368447430E+056  -2.5582048544483431E+056  -5.5637597137631569E+049  -2.8276710217125515E+039  -2.5772063672228684E+027  -1045147554264857.9       -1946.3209903293666       -6.2961920740255265E-008  -1.4280967769431750E-018   1.4018142405891243E-023   3.8619999821268022E-029   5.2808363477549800E-034   1.9157893308407051E-038   1.0466816716370649E-042
  -3.7810794701260578E+044  -3.3315606425111634E+056  -2.3199344318060549E+056  -4.9866970549341187E+049  -2.5071173204390536E+039  -2.2600033720945806E+027  -905772622495565.12       -1666.0734583626950       -5.3256263967409734E-008  -1.1955135893978120E-018   1.1640076801582760E-023   3.1871799291809089E-029   4.3366988215986616E-034   1.5662726944057661E-038   8.5185973081086605E-043
  -3.5380774976986829E+044  -3.0531415012851814E+056  -2.0936736068585190E+056  -4.4441166294011314E+049  -2.2088185535148791E+039  -1.9680977858953789E+027  -779048424979582.12       -1414.4637290566698       -4.4652247007206104E-008  -9.9182219256603300E-019   9.5807856780213229E-024   2.6088300891126423E-029   3.5352193354337913E-034   1.2722184364952628E-038   6.8935894250873626E-043
  -3.3027944464385253E+044  -2.7866814886489696E+056  -1.8793773923660249E+056  -3.9354085468653935E+049  -1.9320578206892210E+039  -1.7002974285331610E+027  -664190148262556.62       -1189.3015478286620       -3.7050624910396793E-008  -8.1405617748626166E-019   7.8038556013330109E-024   2.1149043961607667E-029   2.8571749982588678E-034   1.0256384535092961E-038   5.5423928207581860E-043
  -3.0753432646833712E+044  -2.5322257636538794E+056  -1.6769388574578642E+056  -3.4598201543487615E+049  -1.6760582552257637E+039  -1.4553879459086068E+027  -560428706697367.50       -988.49918355963723       -3.0358820833424631E-008  -6.5949762615897528E-019   6.2764393039387593E-024   1.6946877243572113E-029   2.2856863094562820E-034   8.1960303004637082E-039   4.4226445826651897E-043
  -2.8558008836280090E+044  -2.2897595179251578E+056  -1.4861968404719356E+056  -3.0164781331573074E+049  -1.4399961337780455E+039  -1.2321450222878056E+027  -467014781087681.06       -810.07425351546703       -2.4490731091246599E-008  -5.2566252627556193E-019   4.9689743514660804E-024   1.3386696549089051E-029   1.8059629502428734E-034   6.4811312416804376E-039   3.4980911119538599E-043
  -2.6442114122835440E+044  -2.0592143370526302E+056  -1.3069429387707694E+056  -2.6044083831391209E+049  -1.2230124812295336E+039  -1.0293448573077250E+027  -383222033935687.81       -652.15096963388703       -1.9366489591360992E-008  -4.1028593565410200E-019   3.8549116882147136E-024   1.0384262902283203E-029   1.4050709430030941E-034   5.0598547493495943E-039   2.7377663272033329E-043
  -2.4405890294066862E+044  -1.8404740523075495E+056  -1.1389279213124165E+056  -2.2225540815564192E+049  -1.0242234250883735E+039  -8.4577322007239119E+026  -308349673670844.88       -512.96023242342903       -1.4912208928108712E-008  -3.1130734497104316E-019   2.9104584800608194E-024   7.8651109162058083E-030   1.0717217161942130E-034   3.8875021348572233E-039   2.1152699706716600E-043
  -2.2449206569291370E+044  -1.6333801695643899E+056  -9.8186763701033512E+055  -1.8697921190077192E+049  -8.4272943912414807E+038  -6.8023325851067686E+026  -241724467776253.94       -390.83881628211969       -1.1059707509974292E-008  -2.2685645444886867E-019   2.1143368327723626E-024   5.7635479253780187E-030   7.9608219355908523E-035   2.9256011365937891E-039   1.6081369577664071E-043
  -2.0571684568260238E+044  -1.4377369208408799E+056  -8.3544845982205873E+055  -1.5449480351451591E+049  -6.7762356672564090E+038  -5.3155218391102602E+026  -182702272475444.41       -284.22780657583309       -7.7462284059441930E-009  -1.5523947116883025E-019   1.4475586575589278E-024   4.0217403306148339E-030   5.6960445634616560E-035   2.1411043340708584E-039   1.1972880336195974E-043
  -1.8772721734260182E+044  -1.2533159652885665E+056  -6.9933229779647537E+055  -1.2468095440786431E+049  -5.2799869422240707E+038  -3.9858692576434803E+026  -130669132200252.95       -191.67040975291263       -4.9141538335660186E-009  -9.4925982019647428E-020   8.9321636690501508E-025   2.5888819833373951E-030   3.8487335298823184E-035   1.5056827877303265E-039   8.6655232912111462E-044
  -1.7051513338866516E+044  -1.0798607583301314E+056  -5.7316118775999347E+055  -9.7413872679274351E+048  -3.9295393652279916E+038  -2.8022884147335283E+026  -85041995257442.625       -111.80923813939864       -2.5107183094363007E-009  -4.4536431825444296E-020   4.3628882611629595E-025   1.4204389275069177E-030   2.3547043524791182E-035   9.9510474455724494E-040   6.0225314294817836E-044
  -1.5407073152633807E+044  -9.1709060420192214E+055  -4.5656149528815760E+055  -7.2568296370821616E+048  -2.7160019446983943E+038  -1.7540756056232242E+026  -45269088409377.641       -43.383159619324928       -4.8772295867083005E-010  -2.8302225353497677E-021   6.3461878955350925E-026   4.7746480932880228E-031   1.1585268046252766E-035   5.8869004676900069E-040   3.9284913540173265E-044
  -1.3838252846213239E+044  -7.6470440578749729E+055  -3.4914773900775138E+055  -5.0018467944421402E+048  -1.6306494207883433E+038  -8.3094040038541967E+025  -10829990512033.262        14.776205775939925        1.1987468823744494E-009   3.1305559030719399E-020  -2.3703727402657551E-025  -2.7401853021095140E-031   2.1244568362395777E-036   2.6883174890965337E-040   2.2862397763925159E-044
  -1.2343760177247319E+044  -6.2238412512558573E+055  -2.5052605818656971E+055  -2.9638997162728615E+048  -6.6496300946093395E+037  -2.3029049828619600E+024   18764556903854.883        63.748267341950815        2.5885989294162110E-009   5.8866783395771305E-020  -4.7559257599955561E-025  -8.6358047858214303E-031  -5.2457803702663315E-036   2.0577297466351540E-041   1.0141830308622288E-044
  -1.0922176014092952E+044  -4.8979796780857290E+055  -1.6029734260031003E+055  -1.1305619533196376E+048   1.8933541916952305E+037   6.7905854292930198E+025   43973066471697.969        104.52745482859419        3.7180045015788975E-009   8.0742293980004365E-020  -6.6133922179057500E-025  -1.3168859796919951E-030  -1.0877177079284715E-035  -1.6873757987655892E-040   4.3985377541237366E-046
  -9.5719702452655655E+043  -3.6660330442048121E+055  -7.8060043658682890E+054   5.1041425907532497E+047   9.4025517931730076E+037   1.2842576025492213E+026   65223915939463.945        138.02735730236930        4.6196610282543925E-009   9.7723303587840552E-020  -8.0229209270327961E-025  -1.6561493470072261E-030  -1.5070341336312130E-035  -3.0980840280732981E-040  -6.8142160142012994E-045
  -8.2915166222444089E+043  -2.5244934209721819E+055  -3.4126856688336530E+053   1.9710409268737466E+048   1.5955140929605570E+038   1.8010323645396543E+026   82916122329787.344        165.08495422336838        5.3230454108518705E-009   1.1051218314887812E-019  -9.0546322508280436E-025  -1.9005418439244712E-030  -1.8081413258594992E-035  -4.1164035521000738E-040  -1.2095503984456619E-044
  -7.0791065823679130E+043  -1.4697955918789532E+055   6.4043904099558394E+054   3.2630455765979496E+048   2.1625207864687902E+038   2.2373744492561430E+026   97420250860895.016        186.46488947051333        5.8546573567482529E-009   1.1973065732598955E-019  -9.7696900435676313E-025  -2.0665570282745811E-030  -2.0127939674526479E-035  -4.8179046833253353E-040  -1.5798265104470158E-044
  -5.9329620977297877E+043  -4.9833915842213062E+054   1.2470462820159377E+055   4.3978302248113600E+048   2.6483614712220253E+038   2.6008051532498197E+026   109079432638794.59        202.86374508795592        6.2382520054259353E-009   1.2592742446217167E-019  -1.0221277589073558E-024  -2.1683375859398112E-030  -2.1394048404970964E-035  -5.2657791550099971E-040  -1.8248470950737259E-044
  -4.8512475951546006E+043   3.9349146855409508E+054   1.7895839672234850E+055   5.3864373974738302E+048   3.0597907434432346E+038   2.8983811239072426E+026   118210467559417.08        214.91427728537650        6.4950613528714468E-009   1.2958522075867888E-019  -1.0455484086121837E-024  -2.2179671194179312E-030  -2.2034997056582363E-035  -5.5126628464443747E-040  -1.9714575315978806E-044
  -3.8320809914446158E+043   1.2093090683514290E+055   2.2718663245603823E+055   6.2395225841990365E+048   3.4032259641881943E+038   3.1367029232058020E+026   125104991224759.44        223.18958265349079        6.6440041489088589E-009   1.3112735056281355E-019  -1.0512108013417366E-024  -2.2257301101229900E-030  -2.2181164153471610E-035  -5.6022126469656073E-040  -2.0416705230345792E-044
  -2.8735438871361964E+043   1.9527074799647565E+055   2.6976198667147523E+055   6.9673325398018146E+048   3.6847448069666107E+038   3.3219260260603922E+026   130030686954143.44        228.20716761667438        6.7018840928648224E-009   1.3092370620639517E-019  -1.0425383472891401E-024  -2.2003430377391867E-030  -2.1941543962351969E-035  -5.5704679572284188E-040  -2.0534492538289071E-044
  -1.9736909609845646E+043   2.6272472241710643E+055   3.0704724918526762E+055   7.5796888743226245E+048   3.9100855873790491E+038   3.4597738376725091E+026   133232526141202.03        230.43289881451537        6.6835762858825278E-009   1.2929630199625467E-019  -1.0224635359666114E-024  -2.1491594156884057E-030  -2.1406800424148071E-035  -5.4470238610463927E-040  -2.0213733669291723E-044
  -1.1305586063173264E+043   3.2364427642064653E+055   3.3939443711460987E+055   8.0859764024748231E+048   4.0846500160847201E+038   3.5555523521231448E+026   134934022255232.48        230.28481637251178        6.6022020137813295E-009   1.2652434774401205E-019  -9.9348689431588307E-025  -2.0783512885252715E-030  -2.0651930153348714E-035  -5.2560398946410636E-040  -1.9572041030667641E-044
  -3.4217284926709175E+042   3.7837512948740713E+055   3.6714404736279011E+055   8.4951357537607006E+048   4.2135080430643563E+038   3.6141661108714395E+026   135338485702853.88        228.13679588811254        6.4692920333527680E-009   1.2284888766667933E-019  -9.5772991695765942E-025  -1.9930695347233361E-030  -1.9738579470413861E-035  -5.0171055579586078E-040  -1.8703628161376540E-044
   3.9344341227866170E+042   4.2725629539088617E+055   3.9062445859345235E+055   8.8156597749848452E+048   4.3014044872606052E+038   3.6401351546011487E+026   134630268547074.12        224.32204842864513        6.2949386183632249E-009   1.1847703062790939E-019  -9.1698247146881396E-025  -1.8975851267958908E-030  -1.8717055860757703E-035  -4.7459812238776370E-040  -1.7683352085160251E-044
   1.0782638113786982E+043   4.7061923535517440E+055   4.1015146916598145E+055   9.0555932872507042E+048   4.3527671710649768E+038   3.6376126948287075E+026   132975989723691.11        219.13645092521551        6.0879366904117650E-009   1.1358579755880255E-019  -8.7274515304057251E-025  -1.7954133199453758E-030  -1.7628070077130013E-035  -4.4552308776420935E-040  -1.6570119894176525E-044
   1.7142525199907461E+043   5.0878713345118618E+055   4.2602795822702293E+055   9.2225357894985904E+048   4.3717163036141184E+038   3.6104032627364703E+026   130525732899791.75        212.84170206865002        5.8559144153680038E-009   1.0832561153373212E-019  -8.2626703423449577E-025  -1.6894225703760034E-030  -1.6504241293462457E-035  -4.1547611353047485E-040  -1.5409752218136450E-044
   2.3033588270275558E+043   5.4207428487884268E+055   4.3854365787580650E+055   9.3236467300135449E+048   4.3620748803358513E+038   3.5619811217539894E+026   127414210488408.05        205.66830119042828        5.6054536896272009E-009   1.0282345541620985E-019  -7.7857922708900940E-025  -1.5819298249154394E-030  -1.5371394251872738E-035  -3.8522792232330603E-040  -1.4237383654879877E-044
   2.8475122526311146E+043   5.7078558821476734E+055   4.4797502503823274E+055   9.3656529959198147E+048   4.3273798885534027E+038   3.4955087574487639E+026   123761888571160.70        197.81834966589167        5.3422009731084174E-009   9.7185721266046583E-020  -7.3052464678138785E-025  -1.4747836745039758E-030  -1.4249674196295196E-035  -3.5536810297148975E-040  -1.3079469247906683E-044
   3.3486181660487164E+043   5.9521613313783226E+055   4.5458520239198902E+055   9.3548582983411303E+048   4.2708941301504664E+038   3.4138552833064416E+026   119676068592273.86        189.46817613262400        5.0709689490010210E-009   9.1500774843333417E-020  -6.8278433862993519E-025  -1.3694367252024322E-030  -1.3154502533077525E-035  -3.2633789451414148E-040  -1.1955456508783449E-044
   3.8085538757637361E+043   6.1565087557551987E+055   4.5862405837833357E+055   9.2971541575255650E+048   4.1956184922768301E+038   3.3196146240062335E+026   115251922678830.44        180.77078829814167        4.7958295049039980E-009   8.5841257585795287E-020  -6.3590070360764188E-025  -1.2670084113690558E-030  -1.2097393578879143E-035  -2.9845779715344818E-040  -1.0879174131904739E-044
   4.2291651617984501E+043   6.3236439264018135E+055   4.6032829701235244E+055   9.1980322177246934E+048   4.1043045158141719E+038   3.2151233588777725E+026   110573480320390.06        171.85815534227348        4.5201985373079182E-009   8.0266147399779989E-020  -5.9029793187839246E-025  -1.1683393562403209E-030  -1.1086650428394293E-035  -2.7195074892461751E-040  -9.8599812882005367E-045
   4.6122632213612599E+043   6.4562071014415071E+055   4.5992162885968901E+055   9.0625976459113158E+048   3.9994671288171754E+038   3.1024781274239684E+026   105714564913338.34        162.84332592479620        4.2469130823777975E-009   7.4822598514658851E-020  -5.4629992927601175E-025  -1.0740382749573557E-030  -1.0127955878886932E-035  -2.4696151038087509E-040  -8.9037150816308288E-045
   4.9596220002528382E+043   6.5567319589441426E+055   4.5761499518187197E+055   8.8955833914765301E+048   3.8833974284076895E+038   2.9835525161885439E+026   100739679349003.14        153.82238761113280        3.9783012716641260E-009   6.9547579526049227E-020  -5.0414599821262978E-025  -9.8452231371158857E-031  -9.2248724663606666E-036  -2.2357281457725864E-040  -8.0134682908121302E-045
   5.2729758836706779E+043   6.6276451236992722E+055   4.5360683786252443E+055   8.7013651058362988E+048   3.7581754096485566E+038   2.8600133619212418E+026   95704840407207.875        144.87627415040683        3.7162456025773452E-009   6.4469327612670037E-020  -4.6400451228799127E-025  -9.0005162571529221E-031  -8.3792639815044680E-036  -2.0181876487529338E-040  -7.1902247940493689E-045
   5.5540177212568198E+043   6.6712662277635748E+055   4.4808340831175534E+055   8.4839765413905147E+048   3.6256825537904770E+038   2.7333364200417582E+026   90658362215955.000        136.07242750176792        3.4622400010044543E-009   5.9608635769907446E-020  -4.2598480291402948E-025  -8.2075889969101866E-031  -7.5916493254809981E-036  -1.8169589747428683E-040  -6.4333759972929225E-045
   5.8043971624161750E+043   6.6898084485315423E+055   4.4121910910484981E+055   8.2471252685150148E+048   3.4876142010076479E+038   2.6048213599217750E+026   85641589460670.156        127.46632182631939        3.2174411380413055E-009   5.4979988773053566E-020  -3.9014745658793211E-025  -7.4667447906190249E-031  -6.8614982202968989E-036  -1.6317226809987385E-040  -5.7411380695247309E-045
   6.0257192790903097E+043   6.6853794717548376E+055   4.3317686264338097E+055   7.9942085672419899E+048   3.3454916443605157E+038   2.4756060595919996E+026   80689581379940.703        119.10285686140857        2.9827144450993148E-009   5.0592562475251616E-020  -3.5651320304300830E-025  -6.7774763954998761E-031  -6.1874770910663814E-036  -1.4619487203776733E-040  -5.1108867666549197E-045
   6.2195434543021458E+043   6.6599828304818928E+055   4.2410850163172875E+055   7.7283293670199427E+048   3.2006738922951569E+038   2.3466801822379841E+026   75831747875735.047        111.01762818832211        2.7586752521850273E-009   4.6451099968047888E-020  -3.2507055736630535E-025  -6.1386452899023563E-031  -5.5676523740928902E-036  -1.3069566286987880E-040  -4.5394240294966794E-045
   6.3873825158887908E+043   6.6155195742998279E+055   4.1415517663957482E+055   7.4523121234705903E+048   3.0543690565613170E+038   2.2188980253735878E+026   71092439301121.547        103.23808190895865        2.5457254534399169E-009   4.2556677092944800E-020  -2.9578236326900951E-025  -5.5486321538624492E-031  -4.9996575624764015E-036  -1.1659639711164582E-040  -4.0231883176621334E-045
   6.5307020959111966E+043   6.5537902265324504E+055   4.0344777647137031E+055   7.1687185354134201E+048   2.9076453310586783E+038   2.0929906409715891E+026   66491491673596.836        95.784561175846321        2.3440860824953299E-009   3.8907368795741210E-020  -2.6859136999428454E-025  -5.0054623712292326E-031  -4.4808294679776536E-036  -1.0381249879893440E-040  -3.5584187399197154E-045
   6.6509201972696940E+043   6.4764969901786298E+055   3.9210735748736157E+055   6.8798630186511501E+048   2.7614415348596915E+038   1.9695772311818670E+026   62044729202974.445        88.671251885599133        2.1538261582127721E-009   3.5498826865612296E-020  -2.4342496180340830E-025  -4.5069100237697090E-031  -4.0083184431357937E-036  -9.2256109334239580E-041  -3.1412814193370156E-045
   6.7494069500622445E+043   6.3852461663635227E+055   3.8024557841791855E+055   6.5878278651463006E+048   2.6165771995629022E+038   1.8491758296699329E+026   57764426124662.688        81.907034659921862        1.9748881392569759E-009   3.2324778700503009E-020  -2.2019914654493080E-025  -4.0505834270999731E-031  -3.5791766610217801E-036  -8.1838463041771603E-041  -2.7679651504219602E-045
   6.8274845411973355E+043   6.2815507519208987E+055   3.6796513758428568E+055   6.2944780273192338E+048   2.4737621872595221E+038   1.7322132831496429E+026   53659729896990.539        75.496250010726868        1.8071103039524729E-009   2.9377455891130683E-020  -1.9882189842875465E-025  -3.6339948819158069E-031  -3.1904279822453783E-036  -7.2471707423386180E-041  -2.4347522322539405E-045
   6.8864273017149758E+043   6.1668331854287067E+055   3.5536020978510787E+055   6.0014754773118209E+048   2.3336058308027747E+038   1.6190345514469296E+026   49737047859516.664        69.439383325793742        1.6502463502225943E-009   2.6647960618470541E-020  -1.7919593974023102E-025  -3.2546169780074010E-031  -2.8391224414479923E-036  -6.4070268628239513E-041  -2.1380693672694411E-045
   6.9274619371768318E+043   6.0424282135835118E+055   3.4251688043000953E+055   5.7102931002407595E+048   2.1966255928085917E+038   1.5099113474945419E+026   46000399462117.617        63.733676026596569        1.5039824892817929E-009   2.4126577114054269E-020  -1.6122103677950635E-025  -2.9099274893529950E-031  -2.5223779507941765E-036  -5.6551846771856915E-041  -1.8745226746722155E-045
   6.9517678873606664E+043   5.9095858522244315E+055   3.2951357479996048E+055   5.4222280887622210E+048   2.0632552439397800E+038   1.4050501410950518E+026   42451736165845.039        58.373668947346978        1.3679522862906555E-009   2.1803034738148770E-020  -1.4479587673873489E-025  -2.5974446328244068E-031  -2.2374114389203306E-036  -4.9838112131109927E-041  -1.6409201584113200E-045
   6.9604778023338481E+043   5.7694744186066741E+055   3.1642148059006974E+055   5.1384148137386807E+048   1.9338525645844370E+038   1.3045995521695983E+026   39091231089473.594        53.351683669949352        1.2417494814992530E-009   1.9666728586800139E-020  -1.2981958447481096E-025  -2.3147542275520974E-031  -1.9815613140729319E-036  -4.3855161605063413E-041  -1.4342843732504797E-045
   6.9546781227871194E+043   5.6231836136811098E+055   3.0330496214477316E+055   4.8598371524908985E+048   1.8087065770815882E+038   1.2086571605971602E+026   35917540433393.789        48.658247228587364        1.1249390065824022E-009   1.7706902943330801E-020  -1.1619293113932364E-025  -2.0595300838568583E-031  -1.7523028540519887E-036  -3.8533784907194515E-041  -1.2518575321313900E-045
   6.9354097532823060E+043   5.4717276351637130E+055   2.9022196502911249E+055   4.5873402620850950E+048   1.6880443182189608E+038   1.1172757607029763E+026   32928038657781.910        44.282465274447048        1.0170663929694871E-009   1.5912802341350589E-020  -1.0381928033329974E-025  -1.8295487671424321E-031  -1.5472578779219815E-036  -3.3809581512634163E-041  -1.0911008795438841E-045
   6.9036688178071811E+043   5.3160483040805147E+055   2.7722440979393311E+055   4.3216417903975265E+048   1.5720371638732915E+038   1.0304690890297489E+026   30119029327251.246        40.212348469335538        9.1766575203111334E-010   1.4273794502642701E-020  -9.2605311806723504E-026  -1.6226997207517634E-031  -1.3641998406435713E-036  -2.9622962223273549E-041  -9.4968980665023936E-046
   6.8604074877375842E+043   5.1570181892539792E+055   2.6435857398840257E+055   4.0633425223649740E+048   1.4608067194240164E+038   9.4821705427176743E+025   27485933461618.805        36.435096559753404        8.2626649102641333E-010   1.2779468952195249E-020  -8.2461557668825731E-026  -1.4369915902146481E-031  -1.2010553076807947E-036  -2.5919063157116464E-041  -8.2550589387564528E-046
   6.8065348729815381E+043   4.9954437158599916E+055   2.5166546165123961E+055   3.8129364629173678E+048   1.3544302909854044E+038   8.7047049821587916E+025   25023457153926.656        32.937344272860564        7.4239891374511962E-010   1.1419714691845847E-020  -7.3302781564262058E-026  -1.2705554674457319E-031  -1.0559026085596403E-036  -2.2647594861615860E-041  -7.1662682647151493E-046
   6.7429179677232877E+043   4.8320682457349121E+055   2.3918115967350635E+055   3.5708203616434712E+048   1.2529459536067023E+038   7.9715551625608618E+025   22725740134101.777        29.705372874773754        6.6559884079191693E-010   1.0184779931100839E-020  -6.5048227254817523E-026  -1.1216456653625147E-031  -9.2696833300847304E-037  -1.9762644959048365E-041  -6.2131493038231152E-046
   6.6703826427974713E+043   4.6675751185546464E+055   2.2693718057169245E+055   3.3373026873056814E+048   1.1563572334184144E+038   7.2817736556822719E+025   20586486871082.398        26.725290941364111        5.9541137144130102E-010   9.0653165262736113E-021  -5.7621759481239565E-026  -9.8863853933052107E-032  -8.1262221777972195E-037  -1.7222449137837522E-041  -5.3800491292717635E-046
   6.5897146773060054E+043   4.5025906443459923E+055   2.1496079134112268E+055   3.1126120629373429E+048   1.0646374212871588E+038   6.6342398838181597E+025   18599081719134.348        23.983187613408944        5.3139389691513347E-010   8.0524114647601117E-021  -5.0951916823147865E-026  -8.7002979021745479E-032  -7.1137087394927690E-037  -1.4989142305114832E-041  -4.6529125964983577E-046
   6.5016608226429793E+043   4.3376870390303894E+055   2.0327532817737642E+055   2.8969051744646465E+048   9.7773353591056584E+037   6.0276917699813758E+025   16756689526502.494        21.465261342497978        4.7311846377180678E-010   7.1376074476759261E-021  -4.4971893487485524E-026  -7.6443061321261669E-032  -6.2185072112921671E-037  -1.3028499224283714E-041  -4.0191563034402931E-046
   6.4069298926173462E+043   4.1733852958454403E+055   1.9190049695834501E+055   2.6902741676328269E+048   8.9556995446445426E+037   5.4607540630458696E+025   15052343037400.115        19.157926882111983        4.2017357580974609E-010   6.3129143689211280E-021  -3.9619464501275687E-026  -6.7056299564634761E-032  -5.4282042459535296E-037  -1.1309671900442735E-041  -3.4675450960619414E-046
   6.3061938738598441E+043   4.0101579865453771E+055   1.8085265947266356E+055   2.4927535495178389E+048   8.1805172893157674E+037   4.9319635854908943E+025   13479018332396.176        17.047903040151571        3.7216551343963229E-010   5.5708132597979380E-021  -3.4836866628910475E-026  -5.8725441466175855E-032  -4.7315307205072674E-037  -9.8049292802408452E-042  -2.9880729680938748E-046
   6.2000890511705036E+043   3.8484319872521380E+055   1.7014510546239211E+055   2.3043266121032880E+048   7.4506760611716608E+037   4.4397916408683589E+025   12029699468148.316        15.122283485057718        3.2871924082723304E-010   4.9042540634553316E-021  -3.0570645446861380E-026  -5.1343214070317829E-032  -4.1182827706417353E-037  -8.4894034442697359E-042  -2.5718496417866047E-046
   6.0892171429069974E+043   3.6885911247189275E+055   1.5978831061981299E+055   2.1249313963287791E+048   6.7649276911197720E+037   3.9826638071325684E+025   10697433395661.352        13.368592687519328        2.8947896320845088E-010   4.3066484206479102E-021  -2.6771477361165318E-026  -4.4811731445878855E-032  -3.5792435477756042E-037  -7.3408453406583337E-042  -2.2109936718710648E-046
   5.9741464419330999E+043   3.5309787395820129E+055   1.4979018074084042E+055   1.9544662156990347E+048   6.1219131761700875E+037   3.5589773306867843E+025   9475376157237.6562        11.774828883447695        2.5410838958566376E-010   3.7718584856556948E-021  -2.3393973919342474E-026  -3.9041893229610287E-032  -3.1061068107732802E-037  -6.3393921963265410E-042  -1.8985325668775483E-046
   5.8554129580412535E+043   3.3759001639187280E+055   1.4015628229155238E+055   1.7927947590099021E+048   5.5201850411267035E+037   3.1671163245568953E+025   8356831286345.1611        10.329495761133382        2.2229074948492360E-010   3.2941826469096464E-021  -2.0396474524879693E-026  -3.3952784761773426E-032  -2.6914031803968697E-037  -5.4673480116614853E-042  -1.6283101529127189E-046
   5.7335215581348162E+043   3.2236251111043715E+055   1.3089005969047862E+055   1.6397507920225084E+048   4.9582274235388384E+037   2.8054649626220225E+025   7335281261997.9707        9.0216244059126307        1.9372860654275231E-010   2.8683388992111243E-021  -1.7740832587570966E-026  -2.9471087228424760E-032  -2.3284296518414179E-037  -4.7089779647586580E-042  -1.3949012002238625E-046
   5.6089471008048786E+043   3.0743899765717763E+055   1.2199303964816933E+055   1.4951424780235135E+048   4.4344740411522922E+037   2.4724188504201902E+025   6404412800092.4971        7.8407868788059396        1.6814350635561143E-010   2.4894465018415241E-021  -1.5392199217377430E-026  -2.5530504271950629E-032  -2.0111827712685215E-037  -4.0503170969447619E-042  -1.1935331801271456E-046
   5.4821355622643082E+043   2.9284000486292792E+055   1.1346502293787558E+055   1.3587563371685389E+048   3.9473241950882316E+037   2.1663947417926036E+025   5558136698575.3496        6.7771026609401224        1.4527549122225402E-010   2.1530064578621688E-021  -1.3318807775472201E-026  -2.2071209901870562E-032  -1.7342957293917148E-037  -3.4789933001356876E-042  -1.0200149089491052E-046
   5.3535051509089934E+043   2.7858316289887653E+055   1.0530426399749797E+055   1.2303608643372143E+048   3.4951569556308510E+037   1.8858387596067602E+025   4790602891393.5859        5.8212390625735457        1.2488251009819676E-010   1.8548812631440999E-021  -1.1491761917938085E-026  -1.9039321186860947E-032  -1.4929795030599429E-037  -2.9840643601449451E-042  -8.7067175808548868E-047
   5.2234474080639504E+043   2.6468340630997782E+055   9.7507638783859103E+054   1.1097098249493752E+048   3.0763436709236534E+037   1.6292332680672365E+025   4096211307904.5273        4.9644065736292839        1.0673974822326377E-010   1.5912742978889517E-021  -9.8848291909736094E-027  -1.6386398096677310E-032  -1.2829680794317245E-037  -2.5558686127279466E-042  -7.4228705815294986E-047
   5.0923282927407597E+043   2.5115316807814624E+055   9.0070801316364725E+054   9.9654524781922121E+047   2.6892589321404917E+037   1.3951025337327642E+025   3469619079774.9839        4.1983500211999871        9.0638897440147327E-011   1.3587091674522896E-021  -8.4742417487018727E-027  -1.4068971954445328E-032  -1.1004677224440942E-037  -2.1858886278124755E-042  -6.3204929477316885E-047
   4.9604892484838281E+043   2.3800256479948991E+055   8.2988329358731463E+054   8.9060013367240284E+047   2.3322901218852218E+037   1.1820173023477674E+025   2905744586321.6157        3.5153362979112348        7.6387385158766077E-011   1.1540092421040441E-021  -7.2385053543979800E-027  -1.2048103225314258E-032  -9.4211018419048732E-038  -1.8666272410528945E-042  -5.3750467910364425E-047
   4.8282482506167867E+043   2.2523957309074306E+055   7.6253859695135899E+054   7.9160089743347416E+047   2.0038456657467601E+037   9.8859840899556454E+024   2399768781652.4102        2.9081393327053040        6.3807577204433786E-011   9.7427759599201174E-022  -6.1582174830250909E-027  -1.0288968780297704E-032  -8.0490972140536842E-038  -1.5914951914089739E-042  -4.5651467400407429E-047
   4.6959008324177971E+043   2.1287019736710334E+055   6.9860213461307627E+054   6.9926956181994572E+047   1.7023621001491550E+037   8.1351952991022594E+024   1947134202761.0442        2.3700228919289921        5.2735967386069919E-011   8.1687750313613627E-022  -5.2158950583997720E-027  -8.7604783113138054E-033  -6.8622374685557301E-038  -1.3547095912976438E-042  -3.8721806361788487E-047
   4.5637210889549369E+043   2.0089862915713674E+055   6.3799511992152444E+054   6.1332571916532020E+047   1.4263100629359524E+037   6.5550917555933825E+024   1543542016781.5715        1.8947217229836411        4.3022364504523219E-011   6.7941361197606527E-022  -4.3958121241222013E-027  -7.4349192150991313E-033  -5.8371692481102050E-038  -1.1512024457235852E-042  -3.2799716767488345E-047
   4.4319626574998197E+043   1.8932739814059408E+055   5.8063283645811231E+054   5.3348827774658742E+047   1.1741993065540322E+037   5.1335201633882479E+024   1184947427798.9727        1.4764214846444770        3.4529085663174780E-011   5.5971388910099378E-022  -3.6838475565633780E-027  -6.2876289926401548E-033  -4.9532850701454852E-038  -9.7653844350375171E-043  -2.7744782000318207E-047
   4.3008596736114238E+043   1.7815751511212373E+055   5.2642562059979874E+054   4.5947700822049027E+047   9.4458282728721397E+036   3.8588962440676342E+024   867553728790.21545        1.1097378469213637        2.7130163117951410E-011   4.5581239665777925E-022  -3.0673427744929275E-027  -5.2966940122617923E-033  -4.1924269909883881E-038  -8.2684126304374170E-043  -2.3435275200895541E-047
   4.1706277021421004E+043   1.6738860708823711E+055   4.7527976290148984E+054   3.9101390508513769E+047   7.3606019776125431E+036   2.7202070782439447E+024   587805252293.84973       0.78969508847742276        2.0710570488226520E-011   3.6593294597476173E-022  -2.5349692779039614E-027  -4.4426733458516437E-033  -3.5386184587491684E-038  -6.9872766367303301E-043  -1.9765804501290173E-047
   4.0414646425655470E+043   1.5701904478670302E+055   4.2709833271455834E+054   3.2782437738601737E+047   5.4728018392112398E+036   1.7070090626413632E+024   342379444122.39526       0.51170447063342572        1.5165472922166917E-011   2.8847365162848667E-022  -2.0766057534677970E-027  -3.7083462980351081E-033  -2.9778222623174424E-038  -5.8924866853659739E-043  -1.6645233937128483E-047
   3.9135516081623878E+043   1.4704606271705860E+055   3.8178193036334316E+054   2.6963828218420202E+047   3.7694272188568515E+036   8.0942211078077493E+023   128178257688.33966       0.27154262337742879        1.0399504750013322E-011   2.2199239504781346E-022  -1.6832244116559091E-027  -3.0784821982093037E-033  -2.4977225362069965E-038  -4.9583718426033966E-043  -1.3994851253179056E-047
   3.7870537787237663E+043   1.3746587212831439E+055   3.3922937109349666E+054   2.1619081360470582E+047   2.2380032452693254E+036   1.8120664851890164E+022  -57680957841.285599        6.5330140110350113E-002   6.3260772483364336E-012   1.6519319437433072E-022  -1.3467861672637754E-027  -2.5396310073511236E-033  -2.0875288549532210E-038  -4.1626144430481390E-043  -1.1746756203731840E-047
   3.6621212265475323E+043   1.2827376706541564E+055   2.9933830488723823E+054   1.6722325958908588E+047   8.6658982309980150E+035  -6.7567796981624138E+023  -217874924466.10632      -0.11048945634466496        2.8667183608513220E-012   1.1691346730543669E-022  -1.0601442377041698E-027  -2.0799332988086968E-033  -1.7378005401630446E-038  -3.4858370572390841E-043  -9.8424452598462097E-048
   3.5388897156059177E+043   1.1946422378976880E+055   2.6200577611298528E+054   1.2248363779238189E+047  -3.5621382128110384E+035  -1.2802275084126034E+024  -354884126284.85883      -0.25917024406509198       -4.9554438254014673E-014   7.6112165704740959E-023  -8.1695570927415949E-028  -1.6889481992926821E-033  -1.4402894031165002E-038  -2.9112367189426906E-043  -8.2315708429229708E-048
   3.4174814738585094E+043   1.1103099382133652E+055   2.2712872684222484E+054   8.1727221393638615E+046  -1.4412685098461326E+036  -1.8032683774193463E+024  -471002611461.95197      -0.38368382270520524       -2.4868275080749097E-012   4.1858754579602350E-023  -6.1160060828489094E-028  -1.3574979183388903E-033  -1.1877992519756080E-038  -2.4242615587556037E-043  -6.8708552894885528E-048
   3.2980059387706125E+043   1.0296719086059269E+055   1.9460444752650358E+054   4.4716964934340442E+046  -2.3988978975184503E+036  -2.2520448460537506E+024  -568347808534.55115      -0.48673854162727070       -4.5028504653732904E-012   1.3323003338150466E-023  -4.3910800945231378E-028  -1.0775275477359718E-033  -9.7406060194865518E-039  -2.0123253980893011E-043  -5.7231417042808811E-048
   3.1805604761749826E+043   9.5265371848176246E+054   1.6433097858347880E+054   1.1223839662408415E+046  -3.2388942129168237E+036  -2.6333232729569337E+024  -648870274980.98767      -0.57079797265424570       -6.1495618867140635E-012  -1.0234446180269072E-023  -2.9508871654862209E-028  -8.4197887359245393E-034  -7.9361913665318088E-039  -1.6645562473819959E-043  -4.7565656720526641E-048
   3.0652310726852362E+043   8.7917612418512281E+054   1.3620746629439885E+054  -1.8972912757163792E+046  -3.9705265372127311E+036  -2.9534111803916882E+024  -714363309045.47803      -0.63809858196375990       -7.4735818188375303E-012  -2.9470772756935620E-023  -1.7567405853289938E-028  -6.4467701022315002E-034  -6.4173657745865600E-039  -1.3715750215819261E-043  -3.9438334716202970E-048
   2.9520930019323136E+043   8.0915577001119738E+054   1.1013447626731854E+054  -4.6085599898939632E+046  -4.6025512409795167E+036  -3.2181769027277758E+024  -766472367471.08459      -0.69066657056552749       -8.5166718799803646E-012  -4.4968969239598177E-023  -7.7460356964109980E-029  -4.8022873472338688E-034  -5.1430272328374183E-039  -1.1253011327824075E-043  -3.2615939704705280E-048
   2.8412114649516536E+043   7.4250583819913248E+054   8.6014267571826153E+053  -7.0317963907086829E+046  -5.1432242344057926E+036  -3.4330695875239608E+024  -806704242149.17273      -0.73033386555398316       -9.3161639341079771E-012  -5.7245176409020922E-023   2.5413636052197335E-030  -3.4393147224454735E-034  -4.0775752507618163E-039  -9.1878194342313116E-044  -2.6898927789327867E-048
   2.7326422050988823E+043   6.7913665036639839E+054   6.3751030502958618E+053  -9.1865125353668420E+046  -5.6003147193931809E+036  -3.6031393562422848E+024  -836435957859.72620      -0.75875325514152048       -9.9053584735693213E-012  -6.6755397399373951E-023   6.6950832235821732E-029  -2.3169195321270953E-034  -3.1902215623745644E-039  -7.4604336342573314E-044  -2.2116985154338440E-048
   2.6264320979158527E+043   6.1895622279775411E+054   4.3251090785105729E+053  -1.1091357900454259E+047  -5.9811201629400115E+036  -3.7330574577281146E+024  -856923361356.55774      -0.77741266957178934       -1.0313893960009780E-011  -7.3901632418141786E-023   1.1805954518203966E-028  -1.3995363396668584E-034  -2.4543813204890505E-039  -6.0195915123068311E-044  -1.8124921856848836E-048
   2.5226197164077655E+043   5.6187077794830279E+054   2.4423082881732587E+053  -1.2764123537231224E+047  -6.2924822399124784E+036  -3.8271362712326190E+024  -869309379142.27771      -0.78764861758450921       -1.0568088454230934E-011  -7.9037472728548077E-023   1.5786770533299688E-028  -6.5632040704321749E-035  -1.8471361739789248E-039  -4.8213673255060295E-044  -1.4799117165018519E-048
   2.4212358722256670E+043   5.0778521446166039E+054   7.1780949342690341E+052  -1.4221750241125735E+047  -6.5408035199120566E+036  -3.8893490371099893E+024  -874631927471.05566      -0.79065879433273534       -1.0691254918158231E-011  -8.2473191764285892E-023   1.8811743473874691E-028  -6.0572625952307922E-036  -1.3487614264343972E-039  -3.8281758262951786E-044  -1.2034446173662362E-048
   2.3223041332776605E+043   4.5660353794182832E+054  -8.5702122859629985E+052  -1.5480340216016478E+047  -6.7320646975557878E+036  -3.9233492125522320E+024  -873831463497.74133      -0.78751388170338132       -1.0703991600660465E-011  -8.4480369914842845E-023   2.1032258561111483E-028   4.1077117005474209E-035  -9.4231022281308814E-040  -3.0079042896637310E-044  -9.7416257792509161E-049
   2.2258413183167346E+043   4.0822925465173595E+054  -2.2905510164974353E+053  -1.6555171756564955E+047  -6.8718421881888429E+036  -3.9324893669852872E+024  -867758171138.95801      -0.77916856600937090       -1.0624448927607199E-011  -8.5296088011250033E-023   2.2579545350862372E-028   7.7759302433188994E-035  -6.1324840249419269E-040  -2.3331572301666773E-044  -7.8449255543598230E-049
   2.1318579690738224E+043   3.6256573024317819E+054  -3.5908728656957540E+053  -1.7460716512131293E+047  -6.9653259319433855E+036  -3.9198395471910847E+024  -857178779198.55762      -0.76647180113995228       -1.0468574308713435E-011  -8.5126722908402237E-023   2.3567067514575024E-028   1.0569937539098493E-034  -3.4913429411530086E-040  -1.7806000259225085E-044  -6.2801957047486990E-049
   2.0403588005215187E+043   3.1951651555268454E+054  -4.7658002331453358E+053  -1.8210658933735793E+047  -7.0173372682398123E+036  -3.8882050559825454E+024  -842783012704.15930      -0.75017634759402163       -1.0250336252424619E-011  -8.4151376844559393E-023   2.4092657260778873E-028   1.2636473415623827E-034  -1.3933831181612073E-040  -1.3303892283074409E-044  -4.9931701949494099E-049
   1.9513431298674320E+043   2.7898564142619513E+054  -5.8228634193456576E+053  -1.8817917541166376E+047  -7.0323467603922281E+036  -3.8401436004779791E+024  -825189681265.80273      -0.73094761948697951       -9.9819291479680207E-012  -8.2524970497294193E-023   2.4240418585399133E-028   1.4101137458469518E-034   2.5202253465252994E-041  -9.6567873996371275E-045  -3.9380083609949472E-049
   1.8648052848865114E+043   2.4087788446280226E+054  -6.7693075532541411E+053  -1.9294667680744716E+047  -7.0144918660240513E+036  -3.7779817768252672E+024  -804952410659.45630      -0.70937187271059510       -9.6739600330118207E-012  -8.0381027877712052E-023   2.4082421636273099E-028   1.5071145921053319E-034   1.5219736743930365E-040  -6.7219230272071543E-045  -3.0760429577473620E-049
   1.7807349922091690E+043   2.0509900549466285E+054  -7.6120920171947563E+053  -1.9652365475521440E+047  -6.9675943636144349E+036  -3.7038308677352995E+024  -782565025809.90625      -0.68596376802311165       -9.3356186180920404E-012  -7.7834179435444052E-023   2.3680208668845266E-028   1.5637757818534553E-034   2.4819098844278325E-040  -4.3785386335214266E-045  -2.3747066745482032E-049
   1.6991177461868895E+043   1.7155596254689652E+054  -8.3578911598741351E+053  -1.9901772698850517E+047  -6.8951774587726633E+036  -3.6196019375116819E+024  -758466594947.51074      -0.66117334302936726       -8.9748317867699746E-012  -7.4982408005189080E-023   2.3086130360840817E-028   1.5878406654577935E-034   3.1872368329574516E-040  -2.5246839047856206E-045  -1.8066127532577805E-049
   1.6199351589595200E+043   1.4015709994818785E+054  -9.0130961561603896E+053  -2.0052982329473814E+047  -6.8004825058633168E+036  -3.5270202165160316E+024  -733046145985.38831      -0.63539242684543451       -8.5984037348021710E-012  -7.1909060526865328E-023   2.2344529646184421E-028   1.5858570621232338E-034   3.6847403853374326E-040  -1.0744661145965847E-045  -1.3487685091426609E-049
   1.5431652923486777E+043   1.1081231519022319E+054  -9.5838178823483178E+053  -2.0115444571511319E+047  -6.6864852914652132E+036  -3.4276387732844877E+024  -706647067147.72437      -0.60896053078864687       -8.2121428536548824E-012  -6.8684646827675822E-023   2.1492788723114244E-028   1.5633410804645557E-034   4.0138145630901234E-040   4.4320657920428816E-047  -9.8190333495501042E-050
   1.4687829722001109E+043   8.3433205062295959E+053  -1.0075890685228873E+054  -2.0097993146186578E+047  -6.5559118359231254E+036  -3.3228514779042157E+024  -679571204612.29993      -0.58217024774420956       -7.8209764044965716E-012  -6.5368445174588708E-023   2.0562253487420048E-028   1.5249203906457413E-034   4.2075263085396417E-040   8.9223474808770669E-046  -6.8989520502622294E-050
   1.3967600857943398E+043   5.7933192516617013E+053  -1.0494876932404876E+054  -2.0008871683803948E+047  -6.4112536780219778E+036  -3.2139052648545813E+024  -652082670443.79468      -0.55527219197976574       -7.4290539692058531E-012  -6.2009932796379992E-023   1.9579048336925557E-028   1.4744593235295662E-034   4.2935373806592335E-040   1.5199385954617754E-045  -4.5928182827199812E-050
   1.3270658629398868E+043   3.4227635650306284E+053  -1.0846072239954472E+054  -1.9855760064521973E+047  -6.2547826156532405E+036  -3.1019117073963693E+024  -624411374418.55969      -0.52847951014933492       -7.0398406056425665E-012  -5.8650058139899314E-023   1.8564793084750039E-028   1.4151679217409193E-034   4.2949013490145510E-040   1.9697014044930527E-045  -2.7884446183292937E-050
   1.2596671413568876E+043   1.2233920121872256E+053  -1.1134511281747146E+054  -1.9645800574920538E+047  -6.0885648823239197E+036  -2.9878579188277827E+024  -596756293502.90112      -0.50197199308272478       -6.6562005760183088E-012  -5.5322370268256126E-023   1.7537232602861953E-028   1.3496968402748326E-034   4.2307515440560674E-040   2.2766863956239870E-045  -1.3925402223684757E-050
   1.1945286169511243E+043  -8.1284637466274111E+052  -1.1364974092473084E+054  -1.9385623764322750E+047  -5.9144747455478825E+036  -2.8726167985861691E+024  -569288492769.43237      -0.47589981672594156       -6.2804724601325639E-012  -5.2054019530414412E-023   1.6510788789827408E-028   1.2802197885695577E-034   4.1168939404267523E-040   2.4700519647740119E-045  -3.2770546750634476E-051
   1.1316130795696124E+043  -2.6937857995485623E+053  -1.1541992783766851E+054  -1.9081373900388993E+047  -5.7342075186210650E+036  -2.7569566433222679E+024  -542153911441.04211      -0.45038693930812285       -5.9145364098742952E-012  -4.8866642432270085E-023   1.5497043512976703E-028   1.2085050201621150E-034   3.9663172739382589E-040   2.5738922844270034E-045   4.7011710753009314E-051
   1.0708816348189682E+043  -4.4270387058197391E+053  -1.1669858599702332E+054  -1.8738733937733898E+047  -5.5492919820771318E+036  -2.6415501447669142E+024  -515475927558.53082      -0.42553418048319835       -5.5598742480076449E-012  -4.5777142517760967E-023   1.4505160310780375E-028   1.1359772085583291E-034   3.7896312025184951E-040   2.6080395545920921E-045   1.0538019506051128E-050
   1.0122939125170146E+043  -6.0199919735431887E+053  -1.1752629244420608E+054  -1.8362949926303423E+047  -5.3611022153054536E+036  -2.5269827975013648E+024  -489357714492.91516      -0.40142200684861518       -5.2176230630726124E-012  -4.2798378023262850E-023   1.3542251851257480E-028   1.0637708972656302E-034   3.5954419983649577E-040   2.5887471951649140E-045   1.4668669327953961E-050
   9.5580826233652877E+042  -7.4798042109632330E+053  -1.1794136420739743E+054  -1.7958854798069115E+047  -5.1708688424421356E+036  -2.4137607406799281E+024  -463884402181.76562      -0.37811304689481262       -4.8886229033849970E-012  -3.9939766097194114E-023   1.2613699421939733E-028   9.9277657661944118E-035   3.3906740858527343E-040   2.5292707162031015E-045   1.7450161971732388E-050
   9.0138193718787403E+042  -8.8134040455097193E+053  -1.1797993524299450E+054  -1.7530891481323693E+047  -4.9796896997676180E+036  -2.3023180583814182E+024  -439125055573.92767      -0.35565435710089005       -4.5734591267107792E-012  -3.7207812476686419E-023   1.1723430071542449E-028   9.2368031873201518E-035   3.1808447019657677E-040   2.4403607675982222E-045   1.9174415861817038E-050
   8.4897126487450438E+042  -1.0027489325371463E+054  -1.1767603443128832E+054  -1.7083135301568017E+047  -4.7885399345079863E+036  -2.1930235636240316E+024  -415134482330.20715      -0.33407945957492435       -4.2724999182710915E-012  -3.4606574681336018E-023   1.0874156428412259E-028   8.5699779334178563E-035   2.9702980390162947E-040   2.3306809171654513E-045   2.0079187967214678E-050
   7.9853180854214702E+042  -1.1128527147978774E+054  -1.1706166417507265E+054  -1.6619315636734604E+047  -4.5982815471851067E+036  -2.0861870912027291E+024  -391954881359.20093      -0.31341017035050756       -3.9859294483215510E-012  -3.2138066017164765E-023   1.0067583681545073E-028   7.9310339036355322E-035   2.7624044203343276E-040   2.2071610028372082E-045   2.0357292174247465E-050
   7.5001851642889529E+042  -1.2122754636859058E+054  -1.1616687919631175E+054  -1.6142836802362841E+047  -4.4096723915337443E+036  -1.9820653244319890E+024  -369617343276.29596      -0.29365823620134934       -3.7137771016312247E-012  -2.9802606978576236E-023   9.3045877221850470E-029   7.3225508844243192E-035   2.5597293467819420E-040   2.0752954206053903E-045   2.0164339235331060E-050
   7.0338586140957310E+042  -1.3016180393243166E+054  -1.1501986516919175E+054  -1.5656798149390290E+047  -4.2233746475398098E+036  -1.8808671806292861E+024  -348143213367.55823      -0.27482679662875703       -3.4559431747241770E-012  -2.7599129988798472E-023   8.5853680036144483E-029   6.7461563178746817E-035   2.3641766248209670E-040   1.9393944185545004E-045   1.9625224473370935E-050
   6.5858797081365539E+042  -1.3814586553508110E+054  -1.1364701686799117E+054  -1.5164013363512414E+047  -4.0399627843874975E+036  -1.7827587797824374E+024  -327545327125.39520      -0.25691168651663698       -3.2122214026835510E-012  -2.5525442826550750E-023   7.9095782798284483E-029   6.2027050907432196E-035   2.1771092359102370E-040   1.8027953451757422E-045   1.8839556239218721E-050
   6.1557874698176827E+042  -1.4523531388045776E+054  -1.1207301554538114E+054  -1.4667028960648288E+047  -3.8599310310668308E+036  -1.6878680203308142E+024  -307829127905.12006      -0.23990259383843079       -2.9823186455826441E-012  -2.3578455544969384E-023   7.2764380266799405E-029   5.6924316740666082E-035   1.9994511236510544E-040   1.6680398262344811E-045   1.7886189609474215E-050
   5.7431197901144032E+042  -1.5148352381449497E+054  -1.1032090529115890E+054  -1.4168141977986440E+047  -3.6837003731165640E+036  -1.5962887853776575E+024  -288993675735.64453      -0.22378408574211642       -2.7658720351149149E-012  -2.1754375194757371E-023   6.6848270283280368E-029   5.2150784043184786E-035   1.8317726516285967E-040   1.5370220002687594E-045   1.6827005344425286E-050
   5.3474144612839286E+042  -1.5694169738014169E+054  -1.0841216815316719E+054  -1.3669416864424363E+047  -3.5116250944879946E+036  -1.5080848019571602E+024  -271032555807.48700      -0.20853651533432369       -2.5624638546531056E-012  -2.0048872213752803E-023   6.1333653242034957E-029   4.7700032200507990E-035   1.6743621144019370E-040   1.4111122119695224E-045   1.5710053152204697E-050
   4.9682101310524616E+042  -1.6165890260454161E+054  -1.0636679783140083E+054  -1.3172701578006885E+047  -3.3439988838381879E+036  -1.4232931752224774E+024  -253934694660.43787      -0.19413682053320902       -2.3716344006773100E-012  -1.8457221936426592E-023   5.6204804542126244E-029   4.3562697463842954E-035   1.5272853603917803E-040   1.2912599308071654E-045   1.4572160347271756E-050
   4.6050471813518768E+042  -1.6568211553461101E+054  -1.0420337178319725E+054  -1.2679642901257683E+047  -3.1810605247190399E+036  -1.3419276186141786E+024  -237685091604.31793      -0.18055922546193612       -2.1928930501703751E-012  -1.6974424306135666E-023   5.1444637097511984E-029   3.9727222476789861E-035   1.3904353029802599E-040   1.1780791166193015E-045   1.3441091633342340E-050
   4.2574685355387016E+042  -1.6905626507254741E+054  -1.0193912160207141E+054  -1.2191700988128152E+047  -3.0229991891429570E+036  -1.2639814002258627E+024  -222265472431.47824      -0.16777585400981804       -2.0257277370810669E-012  -1.5595304537332717E-023   4.7035168927155342E-029   3.6180476408874863E-035   1.2635728500472829E-040   1.0719187832899656E-045   1.2337332621792936E-050
   3.9250203978869869E+042  -1.7182428019630012E+054  -9.9590001555329931E+053  -1.1710163158699618E+047  -2.8699593538955774E+036  -1.1894300247161799E+024  -207654872020.78333      -0.15575726439541748       -1.8696130211955361E-012  -1.4314597171575417E-023   4.2957909017025712E-029   3.2908264736431704E-035   1.1463605680415721E-040   9.7292110632270938E-046   1.1275558503140629E-050
   3.6072529290065706E+042  -1.7402713918175908E+054  -9.7170755186204359E+053  -1.1236156959805221E+047  -2.7220453587480853E+036  -1.1182336692343156E+024  -193830151991.11911      -0.14447291282385027       -1.7240169146305949E-012  -1.3127015697451229E-023   3.9194173018008710E-029   2.9895745177085748E-035   1.0383902106288003E-040   8.8106907144038960E-046   1.0265839750122702E-050
   3.3037208607005014E+042  -1.7570392047343869E+054  -9.4694979905006197E+053  -1.0770662511423587E+047  -2.5793256254125076E+036  -1.0503393909375491E+024  -180766459138.94199      -0.13389155363762206       -1.5884066145646565E-012  -1.2027309657958135E-023   3.5725338897853971E-029   2.7127764060856877E-035   9.3920508052145251E-041   7.9622536180489024E-046   9.3146286114210992E-051
   3.0139840536394219E+042  -1.7689185487879413E+054  -9.2175189510837813E+053  -1.0314524160069312E+047  -2.4418365556967156E+036  -9.8568312279239818E+023  -168437629989.72934      -0.12398158271478367       -1.4622532756530454E-012  -1.1010310947133755E-023   3.2533051383093829E-029   2.4589125473457526E-035   8.4831805321754817E-041   7.1816392445923885E-046   8.4255632523502908E-051
   2.7376080010972020E+042  -1.7762637878806159E+054  -8.9622874600812628E+053  -9.8684614614968796E+046  -2.3095861268646870E+036  -9.2419147347123348E+023  -156816546407.78564      -0.11471133026807501       -1.3450359417357166E-012  -1.0070970798635173E-023   2.9599382891625143E-029   2.2264803804110527E-035   7.6522597035446316E-041   6.4659543640639550E-046   7.6001205377853288E-051
   2.4741642818610832E+042  -1.7794118814672998E+054  -8.7048560837651032E+053  -9.4330795158733202E+046  -2.1825572017034489E+036  -8.6578334628956210E+023  -145875446842.91138      -0.10604930864203983       -1.2362447438429541E-012  -9.2043887905197248E-024   2.6906957653134993E-029   2.0140108842844790E-035   6.8942100583285511E-041   5.8118770234352850E-046   6.8381434823370264E-051
   2.2232309653012794E+042  -1.7786829293147956E+054  -8.4461865059023451E+053  -9.0088786791864549E+046  -2.0607105702513061E+036  -8.1037139127980223E+023  -135586197445.92220       -9.7964420189708884E-002  -1.1353834600479676E-012  -8.4058350307882739E-024   2.4439044828919491E-029   1.8200811275442628E-035   6.2039951767961477E-041   5.2158185510505041E-046   6.1382651833477687E-051
   1.9843929714594063E+042  -1.7743807190271651E+054  -8.1871549223217251E+053  -8.5962636750655182E+046  -1.9439877395616251E+036  -7.5786330366906007E+023  -125920526957.75798       -9.0426129834259183E-002  -1.0419715223182479E-012  -7.6707665455918528E-024   2.2179625662338628E-029   1.6433235295426291E-035   5.5766882094535309E-041   4.6740509253813771E-046   5.4982474919412339E-051
   1.7572423888925686E+042  -1.7667932742776184E+054  -7.9285572195692055E+053  -8.1955521314212652E+046  -1.8323134872708621E+036  -7.0816298122411696E+023  -116850228968.62607       -8.3404606481900859E-002  -9.5554554609831462E-013  -6.9948387647685759E-024   2.0113439004799830E-029   1.4824324071559908E-035   5.0075225014249959E-041   4.1828056754562174E-046   4.9152496701257318E-051
   1.5413787528904362E+042  -1.7561934018836610E+054  -7.6711139389958011E+053  -7.8069825663835435E+046  -1.7255981941158300E+036  -6.6117155214893204E+023  -108347334853.87607       -7.6870837048002835E-002  -8.7566044983760884E-013  -6.3739128860942774E-024   1.8226008959499084E-029   1.3361682958403240E-035   4.4919282239498268E-041   3.7383494852454390E-046   4.3860397454685618E-051
   1.3364092865661673E+042  -1.7428392360457718E+054  -7.4154750284037125E+053  -7.4307218479466075E+046  -1.6237399699099519E+036  -6.1678828447031051E+023  -100384260421.58769       -7.0796716487036296E-002  -8.0189022398593237E-013  -5.8040597989432072E-024   1.6503657856905751E-029   1.2033604600579905E-035   4.0255576333625688E-041   3.3370408292783250E-046   3.9071591385478078E-051
   1.1419491072088846E+042  -1.7269747782414133E+054  -7.1622243840640105E+053  -7.0668721515416098E+046  -1.5266265868468037E+036  -5.7491138712730888E+023  -92933929052.595749       -6.5155116876240385E-002  -7.3382840204646200E-013  -5.2815611587200420E-024   1.4933507313814118E-029   1.0829079444509620E-035   3.6043011576189078E-041   2.9753712503867944E-046   3.4750493418322058E-051
   9.5762140017540427E+041  -1.7088304314263378E+054  -6.9118841865176187E+053  -6.7154774394594933E+046  -1.4341372333567285E+036  -5.3543871229041962E+023  -85969873876.243988       -5.9919938290998231E-002  -6.7108828003886787E-013  -4.8029081243058961E-024   1.3503469724204264E-029   9.7377946219064076E-036   3.2242961515661735E-041   2.6499942842044579E-046   3.0861479201803425E-051
   7.8305756249222748E+041  -1.6886235273443099E+054  -6.6649190340886465E+053  -6.3765294856595431E+046  -1.3461441011028286E+036  -4.9826836777815351E+023  -79466321303.876617       -5.5066143924823265E-002  -6.1330292512259559E-013  -4.3647982008196230E-024   1.2202232178426851E-029   8.7501236963136408E-036   2.8819298563611742E-041   2.3577445229098812E-046   2.7369598386699316E-051
   6.1789731823537893E+041  -1.6665588458851831E+054  -6.4217398784820663E+053  -6.0499734690329860E+046  -1.2625138170698126E+036  -4.6329924781158439E+023  -73398258036.240219       -5.0569781646739843E-002  -5.6012500910716585E-013  -3.9641305682860493E-024   1.1019234501324090E-029   7.8571093575753228E-036   2.5738378384048426E-041   2.0956488789139993E-046   2.4241090653319999E-051
   4.6178880765555772E+041  -1.6428291255602814E+054  -6.1827077672122385E+053  -5.7357131576592105E+046  -1.1831087320762343E+036  -4.3043148975174388E+023  -67741483469.858398       -4.6407993951919115E-002  -5.1122649808064566E-013  -3.5980002224640277E-024   9.9446428344285703E-030   7.0504408008263511E-036   2.2968989625338323E-041   1.8609317458911502E-046   2.1443745125079053E-051
   3.1438865191925214E+041  -1.6176155642835668E+054  -5.9481373979209240E+053  -5.4336157060054560E+046  -1.1077880764300808E+036  -3.9956686390021857E+023  -62472649250.327095       -4.2559018046005342E-002  -4.6629822537125185E-013  -3.2636912063378774E-024   8.9693199575279313E-030   6.3224272287478186E-036   2.0482277674538431E-041   1.6510154495421133E-046   1.8947136436807764E-051
   1.7536199524291318E+041  -1.5910883097578920E+054  -5.7183004898990318E+053  -5.1435160863891702E+046  -1.0364089928517745E+036  -3.7060910290944686E+023  -57569287556.625259       -3.9002177608029050E-002  -4.2504937147605775E-013  -2.9586691689079104E-024   8.0847933463508717E-030   5.6659686618144678E-036   1.8251649537163749E-041   1.4635171249978971E-046   1.6722764595624393E-051
   4.4382526107001148E+040  -1.5634069388679287E+054  -5.4934289783299247E+053  -4.8652211753545818E+046  -9.6882745620913371E+035  -3.4346417684549233E+023  -53009829549.218712       -3.5717867599626564E-002  -3.8720687140401887E-013  -2.6805734512881096E-024   7.2832217920961035E-030   5.0745250252129696E-036   1.6252665617655333E-041   1.2962429443137600E-046   1.4744120682508960E-051
  -7.8867520850343033E+040  -1.5347209255758289E+054  -5.2737180369293145E+053  -4.5985135149192607E+046  -9.0489908904724352E+035  -3.1804051947171430E+023  -48773615275.234467       -3.2687533328028109E-002  -3.5251476705038790E-013  -2.4272088681531307E-024   6.5573612615905621E-030   4.5420842979045252E-036   1.4462923061090970E-041   1.1471804396317267E-046   1.2986696227161753E-051
  -1.9469738074411794E+041  -1.5051700969025750E+054  -5.0593289347713479E+053  -4.3431547679302727E+046  -8.4447988135356319E+035  -2.9424921087595162E+023  -44840896195.599335       -2.9893644825587717E-002  -3.2073351971140495E-013  -2.1965373247504244E-024   5.9005305510097326E-030   4.0631303544552877E-036   1.2861934383801388E-041   1.0144895198050310E-046   1.1427950605858998E-051
  -3.0340779072261539E+041  -1.4748850766578781E+054  -4.8503917331672734E+053  -4.0988888860386290E+046  -7.8742682247589947E+035  -2.7200412114564987E+023  -41192831381.080971       -2.7319667478229372E-002  -2.9163929563022783E-013  -1.9866693855364140E-024   5.3065771786477840E-030   3.6326109998409761E-036   1.1431004342602457E-041   8.9649265588088550E-047   1.0047247942299013E-051
  -4.0529103725937413E+041  -1.4439877166546964E+054  -4.6470078285055224E+053  -3.8654450080615530E+046  -7.3359845260863733E+035  -2.5122201940380195E+023  -37811478315.982552       -2.4950029717891765E-002  -2.6502323550833373E-013  -1.7958558895860199E-024   4.7698438708215494E-030   3.2459065880239677E-036   1.0153107346119348E-041   7.9166460982145370E-047   8.8257726338789662E-052
  -5.0063101717398691E+041  -1.4125915152114179E+054  -4.4492523469740891E+053  -3.6425401057590806E+046  -6.8285534078132932E+035  -2.3182265215260094E+023  -34679779149.182541       -2.2770088488748091E-002  -2.4069071719452656E-013  -1.6224796898831421E-024   4.2851359175406464E-030   2.8987995237193473E-036   9.0127671771828832E-042   6.9862199779456605E-047   7.7464306952967890E-052
  -5.8970331117041288E+041  -1.3808020228058685E+054  -4.2571763970707677E+053  -3.4298813933095439E+046  -6.3506049582352915E+035  -2.1372879453024302E+023  -31781543141.660927       -2.0766093102627704E-002  -2.1846061925204432E-013  -1.4650475780863552E-024   3.8476896092318134E-030   2.5874448708156443E-036   7.9959403553533127E-042   6.1611291138404198E-047   6.7937425361135249E-052
  -6.7277526875012753E+041  -1.3487172348008857E+054  -4.0708091857676155E+053  -3.2271685160311770E+046  -5.9007971634078232E+035  -1.9686627776826490E+023  -29101425977.029411       -1.8925148014704237E-002  -1.9816459178100057E-013  -1.3221824430752063E-024   3.4531419109453297E-030   2.3083422281422365E-036   7.0899041085385216E-042   5.4300676469138674E-047   5.9537315086309837E-052
  -7.5010610342326003E+041  -1.3164279712116322E+054  -3.8901600041355639E+053  -3.0340955331679278E+046  -5.4778188531871484E+035  -1.8116399584105635E+023  -26624906526.317913       -1.7235174975248412E-002  -1.7964633971849931E-013  -1.1926157002467554E-024   3.0975014846672474E-030   2.0583089817244422E-036   6.2831496298050086E-042   4.7828449043864917E-047   5.2138115265012498E-052
  -8.2194699720390671E+041  -1.2840182435304298E+054  -3.7152200881558482E+053  -2.8503527088394165E+046  -5.0803921457513751E+035  -1.6655389402463066E+023  -24338261589.833752       -1.5684874946243418E-002  -1.6276092283403767E-013  -1.0751800189073208E-024   2.7771211323602311E-030   1.8344550006474875E-036   5.5652810590397813E-042   4.2102917207025109E-047   4.5626762204446070E-052
  -8.8854121343611928E+041  -1.2515656086659735E+054  -3.5459643603499973E+053  -2.6756281245503971E+046  -4.7072744390357202E+035  -1.5297094182727879E+023  -22228539076.793148       -1.4263690112161330E-002  -1.4737407576679291E-013  -9.6880236697553191E-025   2.4886717010597416E-030   1.6341588097002393E-036   4.9269204399023414E-042   3.7041716999817758E-047   3.9901914297917650E-052
  -9.5012421705473223E+041  -1.2191415100906569E+054  -3.3823530577507764E+053  -2.5096091259660859E+046  -4.3572599939525941E+035  -1.4035309251927153E+023  -20283530027.149883       -1.2961766261493772E-002  -1.3336155069917533E-013  -8.7249738538817432E-025   2.2291174658009575E-030   1.4550452448288550E-036   4.3596187526641327E-042   3.2570977728289250E-047   3.4872922976163332E-052
  -1.0069238014402964E+042  -1.1868116063227147E+054  -3.2243332516156603E+053  -2.3519836159880970E+046  -4.0291811509003532E+035  -1.2864123127126083E+023  -18491739829.161129       -1.1769915769069314E-002  -1.2060848461416302E-013  -7.8536109891023454E-025   1.9956929855065461E-030   1.2949645760142808E-036   3.8557730064011382E-042   2.8624542213425214E-047   3.0458858182474745E-052
  -1.0591602210799512E+042  -1.1546360868991409E+054  -3.0718402641533416E+053  -2.2024412055130080E+046  -3.7219092178892943E+035  -1.1777911371040680E+023  -16842358940.308010       -1.0679581368174904E-002  -1.0900879253030080E-013  -7.0656496534449319E-025   1.7858814104956327E-030   1.1519730655647415E-036   3.4085492839290437E-042   2.5143242076489374E-047   2.6587593583684538E-052
  -1.1070463292962784E+042  -1.1226699760212919E+054  -2.9247989873945190E+053  -2.0606742326227487E+046  -3.4343550656233954E+035  -1.0771329651852840E+023  -15325233377.832787       -9.6828008654808520E-003  -9.8464587636916038E-014  -6.3535026128112585E-025   1.5973942073446501E-030   1.0243149171865742E-036   3.0118115650645064E-042   2.2074227358974924E-047   2.3194954196243396E-052
  -1.1507877203539526E+042  -1.0909634240778117E+054  -2.7831251091921535E+053  -1.9263786603441480E+046  -3.1654694620658116E+035  -9.8393061526745140E+022  -13930835207.987255       -8.7721729202463877E-003  -8.8885628853285388E-014  -5.7102279940659005E-025   1.4281522568898448E-030   9.1040556188169410E-037   2.6600561042214291E-042   1.9370348991848488E-047   2.0223927175246261E-052
  -1.1905828752995687E+042  -1.0595619872693581E+054  -2.6467262511849658E+053  -1.7992548625246671E+046  -2.9142431763780997E+035  -8.9770334605217475E+022  -12650233229.761360       -7.9408239817944162E-003  -8.0188796000374311E-014  -5.1294796990033772E-025   1.2762682737315583E-030   8.0881622013576773E-037   2.3483511036078070E-042   1.6989592061541608E-047   1.7623935067346858E-052
  -1.2266233109333620E+042  -1.0285068955767711E+054  -2.5155030234024466E+053  -1.6790083068031201E+046  -2.6797068796511369E+035  -8.1799600503784733E+022  -11475064019.049129       -7.1823764553719579E-003  -7.2297592494494906E-014  -4.6054609649669972E-025   1.1400304902696308E-030   7.1825967551293838E-037   2.0722814005227240E-042   1.4894557427395594E-047   1.5350169769615596E-052
  -1.2590937313527468E+042  -9.9783530932894632E+053  -2.3893500000312140E+053  -1.5653501431082704E+046  -2.4609308675328051E+035  -7.4437814668680403E+022  -10397503472.606516       -6.4909181458727679E-003  -6.5141675241743530E-014  -4.1328809629795974E-025   1.0178875447120085E-030   6.3757719224109266E-037   1.8278978740763473E-042   1.3051988991395267E-047   1.3362984686306524E-052
  -1.2881721815467645E+042  -9.6758056463907290E+053  -2.2681566207021673E+053  -1.4579977055948619E+046  -2.2570246276966456E+035  -6.7644312941240953E+022  -9410238967.4811993       -5.8609730111435368E-003  -5.8656411224111416E-014  -3.7069143132340726E-025   9.0843451034933601E-031   5.6572650830151483E-037   1.6116712710772211E-042   1.1432343776654529E-047   1.1627342069287361E-052
  -1.3140302025577065E+042  -9.3777240798811008E+053  -2.1518080214965177E+053  -1.3566749354257387E+046  -2.0671362730800301E+035  -6.1380719935824475E+022  -8506442230.5841255       -5.2874732414081999E-003  -5.2782460117105772E-014  -3.3231633900710213E-025   8.1040000241543453E-031   5.0177083562956093E-037   1.4204501511968307E-042   1.0009401912087000E-047   1.0112312212557753E-052
  -1.3368329877614667E+042  -9.0843722024272564E+053  -2.0401857997072723E+053  -1.2611127313302352E+046  -1.8904518599428871E+035  -5.5610856795271439E+022  -7679742994.4841528       -4.7657326684395693E-003  -4.7465382159613846E-014  -2.9776232836111016E-025   7.2263429883336268E-031   4.4486880003800503E-037   1.2514226564632658E-042   8.7599136272311538E-048   8.7906210037355536E-053
  -1.3567395398516023E+042  -8.7959823040144171E+053  -1.9331687162316935E+053  -1.1710492344126927E+046  -1.7261946080518825E+035  -5.0300648932452929E+022  -6924203499.1163549       -4.2914214972238282E-003  -4.2655270405166481E-014  -2.6666492825495904E-025   6.4409841188896444E-031   3.9426525518250252E-037   1.1020818185278055E-042   7.6632804171888817E-048   7.6382422807306986E-053
  -1.3739028281437703E+042  -8.5127571936764461E+053  -1.8306333393105042E+053  -1.0862300532505033E+046  -1.5736240386732811E+035  -4.5418034285091997E+022  -6234293884.6925325       -3.8605423437667232E-003  -3.8306406415808810E-014  -2.3869267418602576E-025   5.7385404921695404E-031   3.4928290712496813E-037   9.7019412806849618E-043   6.7012676300200610E-048   6.6340314719278753E-053
  -1.3884699458471724E+042  -8.2348721405160233E+053  -1.7324546331715443E+053  -1.0064084349079947E+046  -1.4320350445540513E+035  -4.0932872537472657E+022  -5604868508.4996910       -3.4694075551683708E-003  -3.4376938412012127E-014  -2.1354431999496236E-025   5.1105440429228224E-031   3.0931468867151809E-037   8.5377110339318328E-043   5.8577458471985822E-048   5.7593970905264080E-053
  -1.4005822669780019E+042  -7.9624767210569603E+053  -1.6385064949798296E+053  -9.3134538710049609E+045  -1.3007569046784481E+035  -3.6816855696267039E+022  -5031143207.2912960       -3.1146177819560655E-003  -3.0828580861419148E-014  -1.9094626118533672E-025   4.5493571877710121E-031   2.7381682554853439E-037   7.5104360917517324E-043   5.1184585634691944E-048   4.9980067902920446E-053
  -1.4103756026166590E+042  -7.6956965759797049E+053  -1.5486622433428269E+053  -8.6080975637129436E+045  -1.1791522553001579E+035  -3.3043420347952966E+022  -4508673517.4561834       -2.7930417677391344E-003  -2.7626334473030523E-014  -1.7065015681187107E-025   4.0480956148518197E-031   2.4230253953670868E-037   6.6043869081250442E-043   4.4708138189851069E-048   4.3355248566768102E-053
  -1.4179803562357956E+042  -7.4346350792891480E+053  -1.4627950614697416E+053  -7.9457826679255125E+045  -1.0666160275619475E+035  -2.9587661871630994E+022  -4033333856.9425135       -2.5017973173829845E-003  -2.4738225559365104E-014  -1.5243073728515893E-025   3.6005577131136675E-031   2.1433633683041412E-037   5.8055870476209386E-043   3.9036975887254840E-048   3.7593781929466238E-053
  -1.4235216778501174E+042  -7.1793749229516958E+053  -1.3807783979369188E+053  -7.3243552336889087E+045  -9.6257436091968987E+034  -2.6426250832983796E+022  -3601297665.8832912       -2.2382334019529757E-003  -2.2135063735107850E-014  -1.3608378588394767E-025   3.2011601416770683E-031   1.8952883306573299E-037   5.1016254006173583E-043   3.4073068878386154E-048   3.2585480570084415E-053
  -1.4271196167612989E+042  -6.9299796200176005E+053  -1.3024863278683926E+053  -6.7417398400867310E+045  -8.6648350058005124E+034  -2.3537351742190762E+022  -3209018496.8917413       -1.9999133565290184E-003  -1.9790216935006115E-014  -1.2142428225321495E-025   2.8448790671635647E-031   1.6753206961537831E-037   4.4814874088403906E-043   2.9730007036436182E-048   2.8233850044583579E-053
  -1.4288892726925957E+042  -6.6864949292160543E+053  -1.2277938772014127E+053  -6.1959390363234027E+045  -7.7782868623541904E+034  -2.0900544320381464E+022  -2853212040.9557662       -1.7845991255289093E-003  -1.7679402754728292E-014  -1.0828469668408023E-025   2.5271966244827929E-031   1.4803527884392082E-037   3.9354035419185038E-043   2.5931670132442043E-048   2.4454446920214513E-053
  -1.4289409451275930E+042  -6.4489502039743839E+053  -1.1565773125715784E+053  -5.6850325370891706E+045  -6.9612303853073058E+034  -1.8496747385280220E+022  -2530839070.6576223       -1.5902365093042130E-003  -1.5780495144709836E-014  -9.6513424508937307E-026   2.2440521839122812E-031   1.3076105902268106E-037   3.4547134025593169E-043   2.2611042883892102E-048   2.1173423893718781E-053
  -1.4273802806862602E+042  -6.2173596687708672E+053  -1.0887143992211387E+053  -5.2071762025015628E+045  -6.2090644891957869E+034  -1.6308145436683370E+022  -2239089278.9838195       -1.4149413653997849E-003  -1.4073345517514171E-014  -8.5973350492817847E-026   1.9917980341250610E-031   1.1546192249842411E-037   3.0317439686199128E-043   1.9709160251888375E-048   1.8326242337000040E-053
  -1.4243084183890319E+042  -5.9917236256830665E+053  -1.0240846292072739E+053  -4.7606008304623076E+045  -5.5174447785666750E+034  -1.4318117995974018E+022  -1975365989.1858892       -1.2569867179197888E-003  -1.2539617362926376E-014  -7.6540533652270578E-026   1.7671591169011567E-031   1.0191718347791530E-037   2.6597006041557211E-043   1.7174169648008391E-048   1.5856534385477868E-053
  -1.4198221326761118E+042  -5.7720295939413611E+053  -9.6256942206467065E+052  -4.3436107869660682E+045  -4.8822726562570906E+034  -1.2511171730689388E+022  -1737271708.9274793       -1.1147907288507875E-003  -1.1162633501019231E-014  -6.8103003479717145E-026   1.5671964744369155E-031   8.9930154420895748E-038   2.3325695881419728E-043   1.4960497917926883E-048   1.3715098352266511E-053
  -1.4140139740646307E+042  -5.5582533852409130E+053  -9.0405229995865970E+052  -3.9545824977410835E+045  -4.2996845951195614E+034  -1.0872875374915170E+022  -1522594500.2374194       -9.8690548589611344E-004  -9.9272351410514167E-015  -6.0559659089300173E-026   1.3892740943213775E-031   7.9325622520710623E-038   2.0450310188048467E-043   1.3028112093693569E-048   1.1859012809277683E-053
  -1.4069724073406842E+042  -5.3503601175055275E+053  -8.4841903925146290E+052  -3.5919628225855309E+045  -3.7660416049256846E+034  -9.3897974387109769E+021  -1329295135.5185239       -8.7200656232226757E-004  -8.8196519526585323E-015  -5.3819263325660530E-026   1.2310288602976426E-031   6.9947580091620642E-038   1.7923810533676058E-043   1.1341863950274358E-048   1.0250856121811003E-053
  -1.3987819471968351E+042  -5.1483051697338511E+053  -7.9555780029484351E+052  -3.2542673318799700E+045  -3.2779189213209839E+034  -8.0494466846153098E+021  -1155495008.9810147       -7.6888330546120640E-004  -7.8273823948578017E-015  -4.7799524386756023E-026   1.0903433388164737E-031   6.1657184874376278E-038   1.5704625376188733E-043   9.8709093659597044E-049   8.8580195565485087E-054
  -1.3895232912382062E+042  -4.9520350804931937E+053  -7.4535923715751231E+052  -2.9400785029996910E+045  -2.8320959393083861E+034  -6.8402153363005170E+021  -999464772.32611203       -6.7642981181140866E-004  -6.9390835874724266E-015  -4.2426258003382220E-026   9.6532115209025963E-032   5.4330928318665676E-038   1.3756031672427941E-043   8.5881943729982086E-049   7.6521033066291046E-054
  -1.3792734502920423E+042  -4.7614883925588962E+053  -6.9771658889508294E+052  -2.6480438527142564E+045  -2.4255464097714439E+034  -5.7513249734307118E+021  -859613663.25357413       -5.9363654810041968E-004  -6.1444700483319870E-015  -3.7632623689750037E-026   8.5426470785946854E-032   4.7858991805912696E-038   1.2045604035764309E-043   7.4700005975645184E-049   6.6083858956960366E-054
  -1.3681058759665852E+042  -4.5765964461281791E+053  -6.5252575387406698E+052  -2.3768740201391867E+045  -2.0554289139787873E+034  -4.7727750575188020E+021  -734479495.36522663       -5.1958257918146254E-004  -5.4342206577273312E-015  -3.3358429030099887E-026   7.5565507439830280E-032   4.2143772543192879E-038   1.0544724406867986E-043   6.4955435306717968E-049   5.7053584405924683E-054
  -1.3560905854152191E+042  -4.3972841229676155E+053  -6.0968534856935029E+052  -2.1253408133902359E+045  -1.7190776278073281E+034  -3.8952940258981304E+021  -622719278.24805748       -4.5342836521033021E-004  -4.7998932488545749E-015  -2.9549496395141770E-026   6.6813380643179993E-032   3.7098562494233801E-038   9.2281458872737692E-044   5.6466177479718587E-049   4.9243161755124824E-054
  -1.3432942832713262E+042  -4.2234705437821568E+053  -5.6909675216665416E+052  -1.8922752317784956E+045  -1.4139933845548851E+034  -3.1102928846527078E+021  -523100436.91210872       -3.9440909216345707E-004  -4.2338462591853140E-015  -2.6157086888710654E-026   5.9048654364330670E-032   3.2646365222695137E-038   8.0736050079896265E-044   4.9072838108021164E-049   4.2490004750701764E-054
  -1.3297804807280044E+042  -4.0550697210224675E+053  -5.3066413821762287E+052  -1.6765654741685411E+045  -1.1378350426559310E+034  -2.4098212263325724E+021  -434492600.30091202       -3.4182850139444893E-004  -3.7291669127032910E-015  -2.3137376709342594E-026   5.2162821835703976E-032   2.8718836912706196E-038   7.0614772736810936E-044   4.2635921376460276E-049   3.6652853662643345E-054
  -1.3156096117449071E+042  -3.8919911692756059E+053  -4.9429449451530089E+052  -1.4771549429969626E+045  -8.8841116234187981E+033  -1.7865255943776913E+021  -355859929.25950444       -2.9505318556803542E-004  -3.2796054366421245E-015  -2.0450981473673991E-026   4.6058972282878328E-032   2.5255339108740831E-038   6.1744713405450188E-044   3.7033396386455806E-049   3.1609031960214819E-054
  -1.3008391463719471E+042  -3.7341404753124912E+053  -4.5989763228169949E+052  -1.2930402524092755E+045  -6.6367199327598786E+033  -1.2336101132561089E+021  -286253955.11404079       -2.5350731994355395E-004  -2.8795148486658513E-015  -1.8062524389016237E-026   4.0650589941612351E-032   2.2202091888175823E-038   5.3973576564782890E-044   3.2158553601109723E-049   2.7252047280954553E-054
  -1.2855237011864614E+042  -3.5814198297943199E+053  -4.2738618568691354E+052  -1.1232692480145261E+045  -4.6170177342047800E+033  -7.4479930127355308E+020  -224806900.86739466       -2.1666779959319014E-004  -2.5237958813023818E-015  -1.5940244481687725E-026   3.5860472877795451E-032   1.9511417252135620E-038   4.7167278190662732E-044   2.7918117951332492E-049   2.3489494865668825E-054
  -1.2697151468468211E+042  -3.4337285225691760E+053  -3.9667560265059593E+052  -9.6693904487381483E+044  -2.8071133783930835E+033  -3.1430298172594599E+020  -170725457.92894557       -1.8405975472373610E-004  -2.2078466398390830E-015  -1.4055641386348041E-026   3.1619760222287024E-032   1.7141063500183749E-038   4.1207812936497891E-044   2.4230588842546343E-049   2.0241226487171724E-054
  -1.2534627127712281E+042  -3.2909634034200500E+053  -3.6768412781152765E+052  -8.2319408952705248E+044  -1.1903103478487840E+033   6.3216792552799298E+019  -123284992.25837846       -1.5525241781689315E-004  -1.9275166178091668E-015  -1.2383153480419742E-026   2.7867057443939510E-032   1.5053602248607540E-038   3.5991364835130668E-044   2.1024780603139136E-049   1.7437752230222088E-054
  -1.2368130889558314E+042  -3.1530193100559791E+053  -3.4033277848933917E+052  -6.9122425111677368E+044   2.4896054756928936E+032   3.9267688623495551E+020  -81824154.799026713       -1.2985531780589828E-004  -1.6790647206411653E-015  -1.0899866407516204E-026   2.4547650214971310E-032   1.3215890566753626E-038   3.1426634601348515E-044   1.8238539874652039E-049   1.5018846334471534E-054
  -1.2198105249510824E+042  -3.0197894650698294E+053  -3.1454531440406855E+052  -5.7026294598477610E+044   1.5252059889816349E+033   6.7860238466121925E+020  -45739872.094239742       -1.0751477796067619E-004  -1.4591209730290018E-015  -9.5852492754789783E-027   2.1612798278360178E-032   1.1598591447135864E-038   2.7433359463501573E-044   1.5817619091445428E-049   1.2932331737949915E-054
  -1.2024969260197431E+042  -2.8911658435188965E+053  -2.9024820186405450E+052  -4.5958529949246959E+044   2.6519320375137611E+033   9.2515413675628023E+020  -14482694.010142067       -8.7910695556116180E-005  -1.2646516091342270E-015  -8.4209160390549415E-027   1.9019101512047973E-032   1.0175746498585667E-038   2.3941004018881211E-044   1.3714687563784258E-049   1.1133020998793059E-054
  -1.1849119465039273E+042  -2.7670395127185613E+053  -2.6737057308052694E+052  -3.5850634824536247E+044   3.6417031582282032E+033   1.1361546200763073E+021   12447523.478829715       -7.0753582745772893E-005  -1.0929272668909072E-015  -7.3904097853148793E-027   1.6727931104303927E-032   8.9243953629726332E-039   2.0887602916073224E-044   1.1888463790161022E-049   9.5817939671671731E-055
  -1.1670930804322091E+042  -2.6473009457745144E+053  -2.4584418121807606E+052  -2.6637928538237577E+044   4.5061984491861513E+033   1.3151122088018358E+021   35505621.456620544       -5.5781849354491829E-005  -9.4149402848946282E-016  -6.4790078325362196E-027   1.4704919413218334E-032   7.8242369100957295E-039   1.8218738241888362E-044   1.0302954507291837E-049   8.2447949638854105E-055
  -1.1490757494010979E+042  -2.5318403103157640E+053  -2.2560335174380950E+052  -1.8259375111815791E+044   5.2562651507921555E+033   1.4652439236673494E+021   55104847.181670889       -4.2759309537097765E-005  -8.0814706861597920E-016  -5.6735457313401707E-027   1.2919502685423285E-032   6.8573277670200856E-039   1.5886636352392090E-044   8.9267876625549372E-050   7.0927343300264749E-055
  -1.1308933877680922E+042  -2.4205477338288868E+053  -2.0658493059435274E+052  -1.0657417029802862E+044   5.9019695145196881E+033   1.5894967407854973E+021   71620288.147968888       -3.1472895425923505E-005  -6.9090669026899380E-016  -4.9622584212687043E-027   1.1344511358976299E-032   6.0078141918820218E-039   1.3849370557019715E-044   7.7326279846810548E-050   6.1002810728894504E-055
  -1.1125775251961585E+042  -2.3133135469336383E+053  -1.8872822963878129E+052  -3.7778138337434245E+043   6.4526451131761715E+033   1.6905675341202179E+021   85392049.105475649       -2.1730562007700225E-005  -5.8799654502008817E-016  -4.3346369475674196E-027   9.9558031768859932E-033   5.2616937121673901E-039   1.2070157560171804E-044   6.6966651533725848E-050   5.2455349749279782E-055
  -1.0941578665917739E+042  -2.2100285058813687E+053  -1.7197496987697365E+052   2.4305143432055367E+043   6.9169386771387579E+033   1.7709217240254138E+021   96728189.097505048       -1.3359368530719681E-005  -4.9782385048297020E-016  -3.7812992825387418E-027   8.7319347947718743E-033   4.6066033175474191E-039   1.0516736902914696E-044   5.7981657445941616E-050   4.5095679783243020E-055
  -1.0756623694807196E+042  -2.1105839955006046E+053  -1.5626922277665158E+052   8.0156382302942083E+043   7.3028535425634883E+033   1.8328107018262738E+021   105907434.64294662       -6.2037227471277250E-006  -4.1896143256410076E-016  -3.2938739242454397E-027   7.6538679821701306E-033   4.0316313311059746E-039   9.1608238438931786E-045   5.0190811712829988E-050   3.8760259305571492E-055
  -1.0571173188675710E+042  -2.0148722137586865E+053  -1.4155735011839910E+052   1.3022765819320479E+044   7.6177907985194908E+033   1.8782880979073143E+021   113181684.29098234       -1.2377524393152670E-007  -3.5013143384249110E-016  -2.8648950633449642E-027   6.7047068953390019E-033   3.5271503835112621E-039   7.9776271873848885E-045   4.3437047634067524E-050   3.3307828954025962E-055
  -1.0385473996263840E+042  -1.9227863390545989E+053  -1.2778794268612423E+052   1.7494383693620961E+044   7.8685882204010188E+033   1.9092249582094944E+021   118778318.90693626        5.0060479887434053E-006  -2.9019054222288435E-016  -2.4877082171518385E-027   5.8694632431789425E-033   3.0846691854117646E-039   6.9454245204135939E-045   3.7583719494928562E-050   2.8616412169363037E-055
  -1.0199757664713563E+042  -1.8342206813059763E+053  -1.1491175811065013E+052   2.1470393291100578E+044   8.0615570768880152E+033   1.9273238914502120E+021   122902331.21137118        9.2983857607755059E-006  -2.3811660588008693E-016  -2.1563853293537638E-027   5.1348464799487312E-033   2.6967010368621964E-039   6.0451881716510055E-045   3.2511982255323428E-050   2.4580713870533971E-055
  -1.0014241115573572E+042  -1.7490708178428824E+053  -1.0288165814627909E+052   2.4988242126395956E+044   8.2025168972231562E+033   1.9341322467834567E+021   125738287.29138106        1.2854164872667030E-005  -1.9299651151654194E-016  -1.8656484248057851E-027   4.4890764415124282E-033   2.3566472314710560E-039   5.2602559630503321E-045   2.8118502369203459E-050   2.1109865238577877E-055
  -9.8291272976111433E+041  -1.6672337150721420E+053  -9.1652545634183562E+051   2.8083050014827910E+044   8.2968282847037965E+033   1.9310543790293202E+021   127452132.03372151        1.5763715765685869E-005  -1.5401521314264683E-016  -1.6108009921173851E-027   3.9217160983809502E-033   2.0586937095507410E-039   4.5760415003498285E-045   2.4313458641662140E-050   1.8125469315223434E-055
  -9.6446058169455751E+041  -1.5886078368289817E+053  -8.1181301382232855E+051   3.0787730356202080E+044   8.3494238611021123E+033   1.9193630560365209E+021   128192849.69416477        1.8107789405895935E-005  -1.2044580801041138E-016  -1.3876663429150526E-027   3.4235223311190088E-033   1.7977194909864209E-039   3.9797793494241212E-045   2.1018797018500058E-050   1.5559907930198560E-055
  -9.4608535450237971E+041  -1.5130932402872416E+053  -7.1426721168280123E+051   3.3133106549944583E+044   8.3648374252709098E+033   1.9002100602105383E+021   128093990.11619201        1.9958483523191064E-005  -9.1640565034600455E-017  -1.1925322662571624E-027   2.9863128439002192E-033   1.5692155767750422E-039   3.4603009797675402E-045   1.8166707602005665E-050   1.3354875553546112E-055
  -9.2780352049626529E+041  -1.4405916602556875E+053  -6.2349453052919405E+051   3.5148023624675593E+044   8.3472314075077350E+033   1.8746360337536419E+021   127275070.44454594        2.1380085715548803E-005  -6.7022819068247826E-017  -1.0221013602136431E-027   2.6028475220723613E-033   1.3692131500018162E-039   3.0078378312207370E-045   1.5698296064089541E-050   1.1460110113446328E-055
  -9.0963039367848174E+041  -1.3710065826457474E+053  -5.3911935168192581E+051   3.6859455175287810E+044   8.3004226993729604E+033   1.8435796147298710E+021   125842861.54478402        2.2429840358118580E-005  -4.6079651806054687E-017  -8.7344648058090140E-028   2.2667227113466143E-033   1.1942200340378909E-039   2.6138482817517162E-045   1.3562425043352732E-050   9.8322947036761098E-056
  -8.9158018420766761E+041  -1.3042433078554406E+053  -4.6078334130597342E+051   3.8292605709051816E+044   8.2279069366220078E+033   1.8078859086950365E+021   123892567.73814805        2.3158645724410266E-005  -2.8355286912282883E-017  -7.4397079953152702E-028   1.9722770513095072E-033   1.0411644794314565E-039   2.2708656683880302E-045   1.1714704119347811E-050   8.4341074964246846E-056
  -8.7366605085962180E+041  -1.2402090047752932E+053  -3.8814484209945040E+051   3.9471008509351932E+044   8.1328813107480510E+033   1.7683143383246014E+021   121508907.89103873        2.3611687230739091E-005  -1.3445133249730642E-017  -6.3137201511619430E-028   1.7145076358978101E-033   9.0734545266063135E-040   1.9723648454012183E-045   1.0116609602545230E-050   7.2334001362433417E-056
  -8.5590015153581180E+041  -1.1788127560845571E+053  -3.2087827370061140E+051   4.0416619131491937E+044   8.0182659823662621E+033   1.7255459112355205E+021   118767105.35927652        2.3829012253236347E-005  -9.9041586154638527E-019  -5.3361029632991684E-028   1.4889953996712748E-033   7.9038869083036075E-040   1.7126450581732323E-045   8.7347177044511638E-051   6.2024874728013857E-056
  -8.3829369187208337E+041  -1.1199655954701369E+053  -2.5867354282941667E+051   4.1149904649714940E+044   7.8867241673278768E+033   1.6801899440350214E+021   115733793.77819003        2.3846051537224329E-005   9.3266603358248660E-018  -4.4887958828670287E-028   1.2918387424444839E-033   6.8820786762290674E-040   1.4867271719568892E-045   7.5400366963402000E-051   5.3175337408689104E-056
  -8.2085697199975280E+041  -1.0635805373661466E+053  -2.0123546404706197E+051   4.1689928778265593E+044   7.7406809640539879E+033   1.6327902785427381E+021   112467845.20938140        2.3694091819709920E-005   1.7787264318249274E-017  -3.7558193824917229E-028   1.1195945072658729E-033   5.9897028834314245E-040   1.2902635256757239E-045   6.5074254603665321E-051   4.5580222569312820E-056
  -8.0359943151086549E+041  -1.0095725997790343E+053  -1.4828319189455663E+051   4.2054432992086274E+044   7.5823409881433878E+033   1.5838310241239517E+021   109021126.70270665        2.3400703915364846E-005   2.4639855878167968E-017  -3.1230453614142885E-028   9.6922551892661664E-034   5.2106659663079206E-040   1.1194588853013661E-045   5.6150874128378480E-051   3.9062974094477697E-056
  -7.8652969267894141E+041  -9.5785882073160318E+052  -9.9549665058874927E+050   4.2259913774674087E+044   7.4137048778534806E+033   1.5337418581423211E+021   105439190.90648900        2.2990130172890992E-005   3.0103707310343334E-017  -2.5779919301945323E-028   8.3805397311812898E-034   4.5308403314988772E-040   9.7100115215603430E-046   4.8441301622568161E-051   3.3471692059635137E-056
  -7.6965560198596831E+041  -9.0835826882900881E+052  -5.4781063111828035E+050   4.2321696121819417E+044   7.2365847315924417E+033   1.4829029146905480E+021   101761905.95912533        2.2483634890445157E-005   3.4372067708720395E-017  -2.1096400804636670E-028   7.2372004092162141E-034   3.9378283803934077E-040   8.4200064135483622E-046   4.1781824774410753E-051   2.8675719331273144E-056
  -7.5298427000582906E+041  -8.6099204842095030E+052  -1.3736276272010262E+050   4.2254003430477658E+044   7.0526185361079247E+033   1.4316492899870098E+021   98024029.519937575        2.1899820984217466E-005   3.7615004288516946E-017  -1.7082699906236518E-028   6.2414512031398938E-034   3.4207543477384036E-040   7.2993688688419415E-046   3.6030612040417489E-051   2.4562696097647654E-056
  -7.3652210969365257E+041  -8.1568329980665640E+052   2.3813611446564432E+050   4.2070023901968818E+044   6.8632836416236656E+033   1.3802751911347964E+021   94255731.445225447        2.1254915931797204E-005   3.9981952005145999E-017  -1.3653149407381092E-028   5.3749922654571644E-034   2.9700807393190738E-040   6.3261205461024203E-046   3.1064816991369408E-051   2.1036018900699759E-056
  -7.2027487312990253E+041  -7.7235719490292516E+052   5.8085825414730544E+050   4.1781973588118867E+044   6.6699093377699885E+033   1.3290377533259454E+021   90483069.285883814        2.0563029760161200E-005   4.1603999869075080E-017  -1.0732310111780245E-028   4.6217206725570181E-034   2.5774465172896300E-040   5.4811015469673861E-046   2.6778061692158907E-051   1.8012649225913760E-056
  -7.0424768676724142E+041  -7.3094092877036151E+052   8.9286389685113483E+050   4.1401156207918119E+044   6.4736885817863755E+033   1.2781605490366313E+021   86728420.474551275        1.9836387615606697E-005   4.2595939731816661E-017  -8.2538092175635405E-029   3.9674739664060123E-034   2.2355245052503961E-040   4.7476134215282520E-046   2.3078250108534198E-051   1.5421224075196236E-056
  -6.8844508522741784E+041  -6.9136370736901459E+052   1.1761060225912069E+051   4.0938019860827907E+044   6.2756889281503293E+033   1.2278368112971156E+021   83010874.781974077        1.9085539238409182E-005   4.3058100923008829E-017  -6.1593053283484644E-029   3.3998028644178344E-034   1.9378957728787979E-040   4.1111068000972138E-046   1.9885668781040404E-051   1.3200427342851387E-056
  -6.7287104369459682E+041  -6.5355673189180362E+052   1.4324349623683420E+051   4.0402210761072975E+044   6.0768627065133718E+033   1.1782323917315366E+021   79346590.353042647        1.8319547467182237E-005   4.3077991933480003E-017  -4.3975667879510528E-029   2.9077699044910609E-034   1.6789390156718354E-040   3.5589081526077071E-046   1.7131337470491624E-051   1.1297586362628110E-056
  -6.5752900895070314E+041  -6.1745318000242788E+052   1.6636028681643263E+051   3.9802624115159068E+044   5.8780564926068466E+033   1.1294884727452672E+021   75749116.381756961        1.7546157715678382E-005   4.2731768347141261E-017  -2.9236513878179767E-029   2.4817711409818881E-034   1.4537331725950807E-040   3.0799808436239452E-046   1.4755577256341157E-051   9.6674628048567063E-057
  -6.4242192909744775E+041  -5.8298818428381225E+052   1.8712680415823085E+051   3.9147452262495876E+044   5.6800199146213677E+033   1.0817240519892738E+021   72229685.250202671        1.6771950196998022E-005   4.2085544409611363E-017  -1.6981767107305378E-029   2.1133783196454740E-034   1.2579717262479637E-040   2.6647162382470014E-046   1.2706767744055954E-051   8.2712112730808312E-057
  -6.2755228200881306E+041  -5.5009880818351923E+052   2.0569991217195512E+051   3.8444230196426663E+044   5.4834138354676237E+033   1.0350382160496101E+021   68797476.738508165        1.6002476515829704E-005   4.1196563968939210E-017  -6.8667147021505563E-030   1.7951992390258587E-034   1.0878873093135569E-040   2.3047511314257334E-046   1.0940268684563902E-051   7.0754825632309765E-057
  -6.1292210255684845E+041  -5.1872401972393665E+052   2.2222791332482129E+051   3.7699878580201507E+044   5.2888179492951804E+033   9.8951221919343339E+020   65459856.709769584        1.5242382107455048E-005   4.0114245020041609E-017   1.4100080656039126E-030   1.5207542557316905E-034   9.4018540003929322E-041   1.9928082284960045E-046   9.4174844935413637E-052   6.0516516784195348E-057
  -5.9853300865269011E+041  -4.8880466322735710E+052   2.3685093960268045E+051   3.6920744369513697E+044   5.0967378286820914E+033   9.4521138194838651E+020   62222592.485187255        1.4495515871903161E-005   3.8881110716956345E-017   8.1115351373654627E-030   1.2843671145111124E-034   8.1198603050714468E-041   1.7225568054353085E-046   8.1050529383007721E-052   5.1751534025838004E-057
  -5.8438622614376839E+041  -4.6028342928930544E+052   2.4970132978726392E+051   3.6112639150179784E+044   4.9076114570123883E+033   9.0218682329741328E+020   59090046.949290559        1.3765028231974527E-005   3.7533618474129947E-017   1.3467310782778623E-029   1.0810684837477412E-034   7.0077255647680064E-041   1.4884910297580620E-046   6.9741416858736035E-052   4.4249105819439610E-057
  -5.7048261260720972E+041  -4.3310482321756614E+052   2.6090399323969654E+051   3.5280875296407258E+044   4.7218152787322863E+033   8.6047703933363578E+020   56065353.262322888        1.3053458734073306E-005   3.6102897649029340E-017   1.7677116840516019E-029   9.0651075538766291E-035   6.0434664839098661E-041   1.2858237328788120E-046   5.9998385219267869E-052   3.7828422928625609E-057
  -5.5682268007848522E+041  -4.0721513213931751E+052   2.7057676040420953E+051   3.4430300051886651E+044   4.5396697984188168E+033   8.2010934033733360E+020   53150571.905828923        1.2362814210140725E-005   3.4615405273546970E-017   2.0914641940343144E-029   7.5689282757957829E-035   5.2078876129641693E-041   1.1103936971704905E-046   5.1606228953208569E-052   3.2334408301886214E-057
  -5.4340661675338003E+041  -3.8256239096452567E+052   2.7883072026667022E+051   3.3565327632684538E+044   4.3614447579072197E+033   7.8110115740697716E+020   50346831.647491060        1.1694638426772448E-005   3.3093508371904227E-017   2.3330642711223245E-029   6.2889373045197518E-035   4.4842342836506604E-041   9.5858476029497668E-047   4.4379080515408237E-052   2.7634079680582787E-057
  -5.3023430770040672E+041  -3.5909634738028244E+052   2.8577054502036253E+051   3.2689969447625362E+044   4.1873639191050062E+033   7.4346122899616340E+020   47654455.881585754        1.1050074063177940E-005   3.1556000559725440E-017   2.5055741719872514E-029   5.1961408224948410E-035   3.8578879965408930E-041   8.2725524961928903E-047   3.8156444198150198E-052   2.3613422571341181E-057
  -5.1730535461981144E+041  -3.3676842603803117E+052   2.9149480220666213E+051   3.1807862528544314E+044   4.0176094785704808E+033   7.0719067697594669E+020   45073075.681409955        1.0429917782393677E-005   3.0018559855005763E-017   2.6202902157112476E-029   4.2652447611243187E-035   3.3160991583809439E-041   7.1367644413009213E-047   3.2799761396806177E-052   2.0174702559586005E-057
  -5.0461909468436374E+041  -3.1553169208360065E+052   2.9609625461104181E+051   3.0922296259490850E+044   3.8523261384508776E+033   6.7228398115499658E+020   42601730.789015502        9.8346690895298640E-006   2.8494153939814533E-017   2.6869615043657278E-029   3.4741999855380816E-035   2.8477526688148583E-041   6.1547892329273055E-047   2.8189436759982610E-052   1.7234155734008110E-057
  -4.9217461849617103E+041  -2.9534081416861468E+052   2.9966214820544656E+051   3.0036237490673280E+044   3.6916248569589102E+033   6.3872986054610806E+020   40238959.664992355        9.2645736062884151E-006   2.6993398485323602E-017   2.7139830915503992E-029   2.8038017046437692E-035   2.4431623887907407E-041   5.3060580447952802E-047   2.4222263970387719E-052   1.4720004448562207E-057
  -4.7997078719280155E+041  -2.7615202707114416E+052   3.0227448843664970E+051   2.9152354119673022E+044   3.5355863002149378E+033   6.0651206906453216E+020   37982879.626281507        8.7196613320508733E-006   2.5524873586230005E-017   2.7085664529151897E-029   2.2373368142495582E-035   2.0938909937005029E-041   4.5727199530727301E-047   2.0809197958268906E-052   1.2570752949290142E-057
  -4.6800624873506277E+041  -2.5792309404337827E+052   3.0401030516695389E+051   2.8273037219231800E+044   3.3842640159938747E+033   5.7561011277931296E+020   35831258.012544855        8.1997804080473152E-006   2.4095402838451048E-017   2.6768898059764359E-029   1.7602735927091969E-035   1.7925921302660047E-041   3.9392869658501699E-047   1.7873427357896514E-052   1.0733723694054197E-057
  -4.5627945340785468E+041  -2.4061326899459791E+052   3.0494190657866053E+051   2.7400421787735387E+044   3.2376873486895922E+033   5.4599989531120651E+020   33781575.240961485        7.7046268520629222E-006   2.2710299131166707E-017   2.6242305516066105E-029   1.3599888017597651E-035   1.5328721635867286E-041   3.3923248744003569E-047   1.5348707113464040E-052   9.1638006295229784E-058
  -4.4478866856459481E+041  -2.2418325860879574E+052   3.0513712235729305E+051   2.6536406195392908E+044   3.0958641136431563E+033   5.1765429747780891E+020   31831080.534984291        7.2337706864296048E-006   2.1373580806347270E-017   2.5550818632531746E-029   1.0255278084129088E-035   1.3091691251605264E-041   2.9201840820056532E-047   1.3177916441245215E-052   7.8223503787774469E-058
  -4.3353199264479822E+041  -2.0859518448788879E+052   3.0465953647072506E+051   2.5682670396045270E+044   2.9587830478731060E+033   4.9054369682635548E+020   29976841.044127446        6.7866788413282341E-006   2.0088161461704116E-017   2.4732552293593551E-029   7.4739384445813905E-036   1.1166467590120744E-041   2.5127653021196371E-047   1.1311811962358063E-052   6.6762963362854565E-058
  -4.2250736849351378E+041  -1.9381254540357671E+052   3.0356870986229560E+051   2.4840692971537978E+044   2.8264160531941033E+033   4.6463643226535435E+020   28215785.008846819        6.3627351783603376E-006   1.8856016332765976E-017   2.3819705570259419E-029   5.1736296509212297E-036   9.5110181569368023E-042   2.1613156621902008E-047   9.7079498244943096E-053   5.6973241526826439E-058
  -4.1171259601041832E+041  -1.7980017973349438E+052   3.0192039337580931E+051   2.4011767072666030E+044   2.6987202467127776E+033   4.3989921860606080E+020   26544739.566623934        5.9612579456315886E-006   1.7678327883070138E-017   2.2839352683270445E-029   3.2832166344335143E-036   8.0888296674697507E-042   1.8582513137959849E-047   8.3297541095555075E-053   4.8612000959149501E-058
  -4.0114534415551939E+041  -1.6652422815036022E+052   2.9976673122911977E+051   2.3197015317846094E+044   2.5756398327446282E+033   4.1629751545204978E+020   24960463.742104132        5.5815149449395872E-006   1.6555612955128846E-017   2.1814136627604136E-029   1.7412444872381260E-036   6.8681990868105080E-042   1.5970031436759293E-047   7.1457118454140977E-053   4.1471863636982795E-058
  -3.9080316233755235E+041  -1.5395209662631478E+052   2.9715645535090065E+051   2.2397403707896023E+044   2.4571078093011701E+033   3.9379585452819749E+020   23459677.115223333        5.2227366638154866E-006   1.5487833586023658E-017   2.0762876781666681E-029   4.9469007243559452E-037   5.8216139869060519E-042   1.3718826124160254E-047   6.1286775633981553E-053   3.5375396518885319E-058
  -3.8068349121032956E+041  -1.4205241980855659E+052   2.9413507089231929E+051   2.1613754612608300E+044   2.3430475214505641E+033   3.7235812921766543E+020   22039084.616362765        4.8841275998928475E-006   1.4474493367589676E-017   1.9701100563713145E-029  -5.0213158107332473E-037   4.9252111691790810E-042   1.1779651256050277E-047   5.2552726203764989E-053   3.0170812034715463E-058
  -3.7078367290147022E+041  -1.3079502481667783E+052   2.9074503322172102E+051   2.0846758882191751E+044   2.2333740730553490E+033   3.5194784977553719E+020   20695397.856396582        4.5648759821463720E-006   1.3514721029804404E-017   1.8641508072380330E-029  -1.2885246920997409E-036   4.1583038445682939E-042   1.0109886728670719E-047   4.5053664806400139E-053   2.5728282160354529E-058
  -3.6110096069714275E+041  -1.2015089550679065E+052   2.8702591670620830E+051   2.0096987134127788E+044   2.1279956076360088E+033   3.3252836740916360E+020   19425353.361759569        4.2641620727550751E-006   1.2607342745035434E-017   1.7594377643741750E-029  -1.8982503693118776E-036   3.5029688463342647E-042   8.6726575919646086E-048   3.8616288674640272E-053   2.1936779085477432E-058
  -3.5163252820565914E+041  -1.1009213724255830E+052   2.8301457557922036E+051   1.9364900263543653E+044   2.0268144683968315E+033   3.1406307015668669E+020   18225728.050102156        3.9811652145115134E-006   1.1750944488263787E-017   1.6567919361417700E-029  -2.3602589770659434E-036   2.9436863925936050E-042   7.4360690561556565E-048   3.3091431815514489E-053   1.8701367727858069E-058
  -3.4237547802198910E+041  -1.0059194220862141E+052   2.7874529718797282E+051   1.8650859222845981E+044   1.9297282467790374E+033   2.9651555325539031E+020   17093352.250469469        3.7150697716493608E-006   1.0943925642504176E-017   1.5568582757673157E-029  -2.6993300147069497E-036   2.4670258320879263E-042   6.3725421687831175E-048   2.8350728733226054E-053   1.5940885882860931E-058
  -3.3332684991451192E+041  -9.1624555297593073E+051   2.7424994790895282E+051   1.7955134114083653E+044   1.8366307282735985E+033   2.7984976646923911E+020   16025120.543015702        3.4650700965382153E-006   1.0184544907770213E-017   1.4601324231927100E-029  -2.9366307893318000E-036   2.0613716129133703E-042   5.4582370672202813E-048   2.4283735741960362E-053   1.3585956858554992E-058
  -3.2448362855458782E+041  -8.3165240597785994E+051   2.6955811201365949E+051   1.7277912635318444E+044   1.7474127436307567E+033   2.6403014063908956E+020   15018000.666831359        3.2303746407521000E-006   9.4709594546121364E-018   1.3669839079521957E-029  -3.0902038258450271E-036   1.7166844228742600E-042   4.6725523951515930E-048   2.0795447611847860E-053   1.1577287239570204E-058
  -3.1584275080880830E+041  -7.5190248505107591E+051   2.6469722376047340E+051   1.6619307920175804E+044   1.6619629330431168E+033   2.4902169552850731E+020   14069040.720322430        3.0102093164240331E-006   8.8012581581549219E-018   1.2776762459732543E-029  -3.1753917761369152E-036   1.4242930733116081E-042   3.9976909411414808E-048   1.7804155689653468E-053   9.8642091226327066E-059
  -3.0740111261308650E+041  -6.7676783479099938E+051   2.5969269298199235E+051   1.5979365807723675E+044   1.5801684303527908E+033   2.3479013086189876E+020   13175374.856556119        2.8038202024317500E-006   8.1734896544774605E-018   1.1923843130437886E-029  -3.2052075440331845E-036   1.1767132458835199E-042   3.4182828400958053E-048   1.5239600911497959E-053   8.4034319256559695E-059
  -2.9915557544706878E+041  -6.0602972459897174E+051   2.5456802443042831E+051   1.5358071577884721E+044   1.5019154738385308E+033   2.2130190228878252E+020   12334227.655905673        2.6104756797077077E-006   7.5856858770036922E-018   1.1112093331003172E-029  -3.1906564188639129E-036   9.6748970284164342E-043   2.9210587975810481E-048   1.3041381426623097E-053   7.1579738213829399E-059
  -2.9110297242667532E+041  -5.3947833959907428E+051   2.4934493113676102E+051   1.4755356185724675E+044   1.4270899496746589E+033   2.0852428385759891E+020   11542917.340032620        2.4294680707278336E-006   7.0358816553344439E-018   1.0341917798767007E-029  -3.1410161943345993E-036   7.9105898380455175E-043   2.4945667732051413E-048   1.1157580008008616E-053   6.0962470988340344E-059
  -2.8324011403193775E+041  -4.7691247841284596E+051   2.4404344203232645E+051   1.4171102026175238E+044   1.3555778737182547E+033   1.9642541844363215E+020   10798857.974590782        2.2601148499152040E-006   6.5221308917360680E-018   9.6132245527632811E-030  -3.0640805286282138E-036   6.4262998289248937E-043   2.1289264106006444E-048   9.5435811497236161E-054   5.1912754085661178E-059
  -2.7556379348666401E+041  -4.1813925787731908E+051   2.3868200407442539E+051   1.3605148259042258E+044   1.2872658168729747E+033   1.8497435744758753E+020   10099560.792889692        2.1017594842113122E-006   6.0425197705085292E-018   8.9255197661391637E-030  -2.9663701654518655E-036   5.1808012555029879E-043   1.8156162437675425E-048   8.1610518397001674E-054   4.4200239848567321E-059
  -2.6807079180585447E+041  -3.6297382476846881E+051   2.3327757911038716E+051   1.3057295722517282E+044   1.2220412788956306E+033   1.7414109096338306E+020   9442634.7589897308        1.9537719563413714E-006   5.5951774019480395E-018   8.2779887718733169E-030  -2.8533160744006543E-036   4.1386514990896572E-043   1.5472893564434524E-048   6.9770635347752565E-054   3.7628266316332082E-059
  -2.6075788252619052E+041  -3.1123907457081824E+051   2.2784573570735649E+051   1.2527311461850629E+044   1.1597930151538691E+033   1.6389656950507281E+020   8825786.4762034900        1.8155490172599221E-006   5.1782842549348696E-018   7.6695650010102751E-030  -2.7294180739577480E-036   3.2694074793780840E-043   1.3176137348620266E-048   5.9633359258312114E-054   3.2028955714704745E-059
  -2.5362183613434221E+041  -2.6276537731430217E+051   2.2240073616790609E+051   1.2014932898355165E+044   1.1004113205085767E+033   1.5421271828284857E+020   8246819.5356399408        1.6865142088440592E-006   4.7900786897181297E-018   7.0989884352707680E-030  -2.5983820640565276E-036   2.5469454116522213E-043   1.1211340453111073E-048   5.0955857284369104E-054   2.7259022418334406E-059
  -2.4665942420727846E+041  -2.1739031048153094E+051   2.1695561894443823E+051   1.1519871662489875E+044   1.0437882741817643E+033   1.4506244492615531E+020   7703633.3891528519        1.5661176930449896E-006   4.4288618646959631E-018   6.5648549634972118E-030  -2.4632386106267849E-036   1.9488705813774080E-043   9.5315199555934476E-049   4.3529660238846695E-054   2.3196188260280060E-059
  -2.3986742327821487E+041  -1.7495839897219508E+051   2.1152227665825023E+051   1.1041817113418885E+044   9.8981794917839171E+032   1.3641964146750972E+020   7194221.8217512313        1.4538359193602089E-006   4.0930012574153513E-018   6.0656578611992570E-030  -2.3264452859234250E-036   1.4560054934144202E-043   8.0962281156981461E-049   3.7175836549268125E-054   1.9736117677061214E-059
  -2.3324261844131031E+041  -1.3532086209640946E+051   2.0611152992211106E+051   1.0580439566152573E+044   9.3839658955772767E+032   1.2825918132310078E+020   6716671.0901145292        1.3491711585996685E-006   3.7809330102016399E-018   5.5998224620178738E-030  -2.1899748703623370E-036   1.0519462292909632E-043   6.8706568502939011E-049   3.1740838914685498E-054   1.6789797713603604E-059
  -2.2678180670770568E+041  -9.8335367555226902E+050   2.0073319715825280E+051   1.0135393246151040E+044   8.8942275859526144E+032   1.2055691193514800E+020   6269157.7862513037        1.2516509274450019E-006   3.4911632843790268E-018   5.1657349570315861E-030  -2.0553912593374088E-036   7.2267813836455596E-044   5.8248632926916227E-049   2.7092930600614575E-054   1.4281298663836271E-059
  -2.2048180012500174E+041  -6.3865792354255209E+050   1.9539616059683376E+051   9.7063189901037451E+043   8.4279746063885338E+032   1.1328964367584002E+020   5849946.4784769407        1.1608273252008803E-006   3.2222687836036819E-018   4.7617661405254997E-030  -1.9239146878756569E-036   4.5624311980531542E-044   4.9331002652903020E-049   2.3119111085497680E-054   1.2145860341896454E-059
  -2.1433942867179369E+041  -3.1781990585228935E+050   1.9010842863318939E+051   9.2928467104907751E+043   7.9842423924166518E+032   1.0643513555301235E+020   5457387.1756981909        1.0762763013747728E-006   2.9728965860808020E-018   4.3862908173821917E-030  -1.7964776832922040E-036   2.4245174190103434E-044   4.1732376294033302E-049   1.9722471807622454E-054   1.0328256882789958E-059
  -2.0835154293841337E+041  -1.9595680004127383E+049   1.8487719471556459E+051   8.8945976404790082E+043   7.5620925394854701E+032   9.9972078203144274E+019   5089912.6554201478        9.9759687026252861E-007   2.7417634070880339E-018   4.0377034960731675E-030  -1.6737729779461083E-036   7.2634310639419238E-045   3.5262623317749209E-049   1.6819922292056130E-054   8.7813997463533717E-060
  -2.0251501660457399E+041   2.5720336704209347E+050   1.7970889292853079E+051   8.5111863747073115E+043   7.1606133792097395E+032   9.3880074607369273E+019   4746035.6908796849        9.2441028653176965E-007   2.5276543970214745E-018   3.7144309109389534E-030  -1.5562944578617480E-036  -6.0574243849677007E-045   2.9758465805364331E-049   1.4340235166487941E-054   7.4651444046564209E-060
  -1.9682674872418274E+041   5.1371263988952024E+050   1.7460925043093321E+051   8.1422227205681552E+043   6.7789203840751867E+032   8.8139618920640922E+019   4424346.2082078708        8.5635919385557343E-007   2.3294215658846559E-018   3.4149418468052580E-030  -1.4443720857934857E-036  -1.6342013316175770E-044   2.5079749853908465E-049   1.2222365679107840E-054   6.3452711681866178E-060
  -1.9128366582716057E+041   7.5101639052687470E+050   1.6958333690099961E+051   7.7873133736950879E+043   6.4161564190135465E+032   8.2732073762643018E+019   4123508.4004861568        7.9310675693035306E-007   2.1459819125471153E-018   3.1377546768879589E-030  -1.3382016169959888E-036  -2.4119102128634144E-044   2.1106227149817920E-049   1.0414007463347459E-054   5.3926148684785967E-060
  -1.8588272384769937E+041   9.7014971002571224E+050   1.6463561113517552E+051   7.4460634305156047E+043   6.0714918567259660E+032   7.7639646281163211E+019   3842257.8219446591        7.3433578569159023E-007   1.9763153260200794E-018   2.8814429704082295E-030  -1.2378698205049941E-036  -2.9835426808513562E-044   1.7734777825376740E-049   8.8703515855198819E-055   4.5823217657947735E-060
  -1.8062090988799741E+041   1.1721004572186889E+051   1.5976996494134048E+051   7.1180777499240757E+043   5.7441245722073158E+032   7.2845363264178479E+019   3579398.4823166658        6.7974785919864976E-007   1.8194623162649864E-018   2.6446394784966677E-030  -1.1433758263538316E-036  -3.3867605319210818E-044   1.4877014897637410E-049   7.5530204763957353E-055   3.8932151771859252E-060
  -1.7549524382612593E+041   1.3578111255119578E+051   1.5498976446129706E+051   6.8029621753682374E+043   5.4332798306017123E+032   6.8333045545552364E+019   3333799.9584762119        6.2906245547683848E-007   1.6745216235158609E-018   2.4260387650345284E-030  -1.0546491382773475E-036  -3.6532394364475006E-044   1.2457218567008706E-049   6.4291522854167365E-055   3.3072539975711013E-060
  -1.7050277977632005E+041   1.5281806490248012E+051   1.5029788905183315E+051   6.5003246279232640E+043   5.1382100812948422E+032   6.4087281920772579E+019   3104394.5379120721        5.8201609256433319E-007   1.5406477476242191E-018   2.2243987123703310E-030  -9.7156478069890214E-037  -3.8095513333138502E-044   1.0410555576653829E-049   5.4706145920989633E-055   2.8090705785822716E-060
  -1.6564060740962688E+041   1.6840661492833567E+051   1.4569676784821376E+051   6.2097760802473232E+043   4.8581946700145651E+032   6.0093402763327300E+019   2890174.4063026961        5.3836148509858304E-007   1.4170484324053599E-018   2.0385410997478399E-030  -8.9395598693240666E-037  -3.8779229004136454E-044   8.6815448418217566E-050   4.6533293371802448E-055   2.3855763919132159E-060
  -1.6090585314250307E+041   1.8262846237232421E+051   1.4118841412868466E+051   5.9309314206706848E+043   4.5925394796623183E+032   5.6337453508917625E+019   2690188.8894244675        4.9786671997756518E-007   1.3029821342696601E-018   1.8673514242421082E-030  -8.2162478147905966E-037  -3.8768869113893758E-044   7.2227357700206483E-050   3.9566933601692722E-055   2.0256255830578011E-060
  -1.5629568120062489E+041   1.9556145772784389E+051   1.3677445759345619E+051   5.6634102160646511E+043   4.3405765096278755E+032   5.2806168153527288E+019   2503541.7578259665        4.6031445393357296E-007   1.1977554994660703E-018   1.7097781095410219E-030  -7.5435076210428389E-037  -3.8218410691915156E-044   5.9935702128341008E-050   3.3630811054394044E-055   1.7197279581598959E-060
  -1.5180729456485547E+041   2.0727975983514703E+051   1.3245617466668090E+051   5.4068373815650267E+043   4.1016634024443326E+032   4.9486942892240445E+019   2329388.6011106395        4.2550113524994797E-007   1.1007208699614813E-018   1.5648312266023319E-030  -6.9189834620412889E-037  -3.7255269740221994E-044   4.9594029089715458E-050   2.8574179336539524E-055   1.4598041759911008E-060
  -1.4743793580600542E+041   2.1785398804730167E+051   1.2823451692514821E+051   5.1608437646864537E+043   3.8751829258133973E+032   4.6367810008434794E+019   2166934.2772687227        3.9323625132434533E-007   1.0112738342526751E-018   1.4315808316811534E-030  -6.3402271007188782E-037  -3.5984402005225002E-044   4.0906586748493739E-050   2.4268140903939562E-055   1.2389769686315391E-060
  -1.4318488781473114E+041   2.2735136909680370E+051   1.2411013775278735E+051   4.9250666508564915E+043   3.6605424172686291E+032   4.3437412107432641E+019   2015430.4412678247        3.6334160332678173E-007   9.2885083618885142E-019   1.3091550111244740E-030  -5.8047461840308039E-037  -3.4491809948938146E-044   3.3621075423680773E-050   2.0602507750466617E-055   1.0513931138062164E-060
  -1.3904547443262702E+041   2.3583587879505717E+051   1.2008341731559700E+051   4.6991501969205803E+043   3.4571731980418435E+032   4.0684976774709428E+019   1874173.1560328240        3.3565060880875696E-007   8.5292685211171398E-019   1.1967377083701118E-030  -5.3100431415644589E-037  -3.2847538291961030E-044   2.7522415933813609E-050   1.7483109511047751E-055   8.9207165092626048E-061
  -1.3501706099029730E+041   2.4336837869710207E+051   1.1615448594730272E+051   4.4827457987197070E+043   3.2645299620512436E+032   3.8100291726211539E+019   1742500.5880043074        3.1000763278393476E-007   7.8301314424262767E-019   1.0935663965049796E-030  -4.8536461521555535E-037  -3.1108229429997314E-044   2.2427394486480260E-050   1.4829485706209091E-055   7.5677449046893092E-061
  -1.3109705475792703E+041   2.5000674786380892E+051   1.1232324603188162E+051   4.2755123984197089E+043   3.0820901453349953E+032   3.5673680507093533E+019   1619790.7886463099        2.8626734751471926E-007   7.1865509621457412E-019   9.9892964929928119E-031  -4.4331334372614160E-037  -2.9319300405931311E-044   1.8180062810250122E-050   1.2572907736212665E-055   6.4189612848278978E-061
  -1.2728290531361900E+041   2.5580600985330941E+051   1.0858939246508511E+051   4.0771167368739271E+043   2.9093532807076499E+032   3.3395978785135800E+019   1505459.5625658697        2.6429412099671178E-007   6.5943013491770698E-019   9.1216465463430635E-031  -4.0461519612831453E-037  -2.7516794764492709E-044   1.4647788775938046E-050   1.0654683876281907E-055   5.4436965849983558E-061
  -1.2357210483452235E+041   2.6081845507272009E+051   1.0495243177322618E+051   3.8872335559277569E+043   2.7458403419149949E+032   3.1258511276140458E+019   1398958.4222971394        2.4396143392929322E-007   6.0494574136359141E-019   8.3265470650086830E-031  -3.6904314641774601E-037  -2.5728955363577676E-044   1.1717867074553340E-050   9.0247071017753078E-056   4.6158668377269812E-061
  -1.1996218831553880E+041   2.6509375862025892E+051   1.0141169996378614E+051   3.7055457552231715E+043   2.5910930811030390E+032   2.9253069330630996E+019   1299772.6292809511        2.2515132479074714E-007   5.5483755204098503E-019   7.5982670510372733E-031  -3.3637946175492763E-037  -2.3977557923180026E-044   9.2946119074025833E-051   7.6402112310194092E-056   3.9132908363519659E-061
  -1.1645073372017318E+041   2.6867909374668831E+051   9.7966379178823581E+050   3.5317445077326359E+043   2.4446733629953944E+032   2.7371889204105081E+019   1207419.3201271659        2.0775386249627530E-007   5.0876755120570315E-019   6.9314868892393755E-031  -3.0641639793275586E-037  -2.2279039635425940E-044   7.2968643572068064E-051   6.4647057411607505E-056   3.3171088755887835E-061
  -1.1303536206787297E+041   2.7161924106365224E+051   9.4615513218735060E+050   3.3655293379434941E+043   2.3061624987877526E+032   2.5607631026833424E+019   1121445.7168732986        1.9166664600321502E-007   4.6642235369235449E-019   6.3212741774237725E-031  -2.7895663217848961E-037  -2.0645452428967961E-044   5.6558563714065621E-051   5.4670637986390646E-056   2.8112876655143011E-061
  -1.0971373746199926E+041   2.7395669362493849E+051   9.1358022000624107E+050   3.2066081663250161E+043   2.1751605824157962E+032   2.3953358483680362E+019   1041427.4196407900        1.7679433013642945E-007   4.2751157713335542E-019   5.7630602150490827E-031  -2.5381348210369087E-037  -1.9085266383330777E-044   4.3133812941893025E-051   4.6207416453969491E-056   2.3821987025301688E-061
  -1.0648356706236672E+041   2.7573175800500551E+051   8.8192715012372206E+050   3.0546973234396937E+043   2.0512858315312009E+032   2.2402519209575899E+019   966966.77983300004        1.6304817683526633E-007   3.9176630190011226E-019   5.2526172641715922E-031  -2.3081095214737251E-037  -1.7604045241144958E-044   3.2202278006435729E-051   3.9031105763462895E-056   2.0182592485734841E-061
  -1.0334260100610210E+041   2.7698265149728322E+051   8.5118303820472858E+050   2.9095215368070007E+043   1.9341739352271413E+032   2.0948925902031692E+019   897691.35180998186        1.5034563096901964E-007   3.5893761662458336E-019   4.7860366671088783E-031  -2.0978364242766120E-037  -1.6205012896536815E-044   2.3348400609714171E-051   3.2948854032607649E-056   1.7096266645620046E-061
  -1.0028863228038655E+041   2.7774559555280617E+051   8.2133413686783642E+050   2.7708138933909491E+043   1.8234774102877682E+032   1.9586738148403077E+019   833252.42080873449        1.3860991982815840E-007   3.2879524680064334E-019   4.3597078805072819E-031  -1.9057654938972463E-037  -1.4889527083483411E-044   1.6221721216317460E-051   2.7796355857846522E-056   1.4479382054923641E-061
  -9.7319496550469122E+040   2.7805490557768384E+051   7.9236594346567471E+050   2.6383157803610728E+043   1.7188649674934314E+032   1.8310444962405974E+019   773323.60474865208        1.2776967537163867E-007   3.0112626368985062E-019   3.9702984648535412E-031  -1.7304478289351102E-037  -1.3657474193981103E-044   1.0527089435523833E-051   2.3433671738763398E-056   1.2260895467092260E-061
  -9.4433071946171284E+040   2.7794307720576519E+051   7.6426329997527242E+050   2.5117768065695517E+043   1.6200208892931026E+032   1.7114848021648982E+019   717599.52746572590        1.1775857829455145E-007   2.7573387055306818E-019   3.6147350513433793E-031  -1.5705322032001835E-037  -1.2507597174756543E-044   6.0163038041255456E-052   1.9741653927384093E-056   1.0380463026712459E-061
  -9.1627278809940264E+040   2.7744086916062848E+051   7.3701048546989503E+050   2.3909547069937845E+043   1.5266444199559056E+032   1.5995045595594650E+019   665794.56085145089        1.0851502297356686E-007   2.5243626308718790E-019   3.2901852939191300E-031  -1.4247611479858079E-037  -1.1437766741475739E-044   2.4809769502799590E-052   1.6618891498785212E-056   8.7868364588729149E-062
  -8.8900079409352022E+040   2.7657738281873704E+051   7.1059130161951376E+050   2.2756152322132993E+043   1.4384491691329976E+032   1.4946417151377162E+019   617641.63332967146        9.9981802348683043E-008   2.3106556085553087E-019   2.9940408027842872E-031  -1.2919667169080307E-037  -1.0445204674863274E-044  -2.5354929398069965E-053   1.3979099877675178E-056   7.4364985581258937E-062
  -8.6249477616818567E+040   2.7538013858325771E+051   6.8498915164375402E+050   2.1655320248216768E+043   1.3551625295980886E+032   1.3964608623240094E+019   572891.10208338581        9.2105811807418123E-008   2.1146680645318526E-019   2.7239010464197664E-031  -1.1710660494024469E-037  -9.5266666924109104E-045  -2.3333896200406062E-052   1.1748890733419879E-056   6.2925024352598800E-062
  -8.3673518559109387E+040   2.7387514917564323E+051   6.6018711311887828E+050   2.0604864845172937E+043   1.2765251097879213E+032   1.3045518329982867E+019   531309.68644081417        8.4837771150696702E-008   1.9349702913738817E-019   2.4775582017379925E-031  -1.0610568275059191E-037  -8.6785912951110325E-045  -3.8805313612478994E-052   9.8658673206671109E-057   5.3234842346564814E-062
  -8.1170288239162318E+040   2.7208698994966011E+051   6.3616800501909495E+050   1.9602676234706197E+043   1.2022901816319742E+032   1.2185283523687041E+019   492679.45984318067        7.8131963737303852E-008   1.7702436967190879E-019   2.2529829262322097E-031  -9.6101270236476792E-038  -7.8972200471465662E-045  -4.9965922596485274E-052   8.2769982070843276E-057   4.5028235163454703E-062
  -7.8737913132526693E+040   2.7003886633008605E+051   6.1291444935218696E+050   1.8646719134299108E+043   1.1322231440421896E+032   1.1380267552105544E+019   456796.89784326556        7.1945991925067454E-008   1.6192726317781031E-019   2.0483110215633950E-031  -8.7007875154780498E-038  -7.1786939370754994E-045  -5.7660153838737721E-052   6.9372290768635273E-057   3.8079293182286352E-062
  -7.6374559760658591E+040   2.6775267847583701E+051   5.9040892773007499E+050   1.7735031259006406E+043   1.0661010023275332E+032   1.0627047616413151E+019   423471.97962173430        6.6240547951145924E-008   1.4809367684631768E-019   1.8618309547616097E-031  -7.8746701530598864E-038  -6.5191297738472055E-045  -6.2587831400273815E-052   5.8082980860754396E-057   3.2196331720520640E-062
  -7.4078434243167546E+040   2.6524908326479821E+051   5.6863383319647591E+050   1.6865721666165336E+043   1.0037118637036958E+032   9.9224031055121900E+018   392527.34055567824        6.0979199420298212E-008   1.3542039944878098E-019   1.6919722009179000E-031  -7.1245214906702114E-038  -5.9146799744304376E-045  -6.5327206483903566E-052   4.8577252091402167E-057   2.7216731241943868E-062
  -7.1847781830999700E+040   2.6254755369515144E+051   5.4757151761621404E+050   1.6036969054108956E+043   9.4485444898415335E+031   9.2633044877418250E+018   363797.47342904453        5.6128188598248119E-008   1.2381237967042831E-019   1.5372943697470623E-031  -6.4436722038482795E-038  -5.3615785884297163E-045  -6.6354487217854487E-052   4.0579502711134307E-057   2.3002551797699361E-062
  -6.9680886422433989E+040   2.5966643579550768E+051   5.2720433491396697E+050   1.5247020024956777E+043   8.8933762046437344E+031   8.6469027406336707E+018   337127.97593622480        5.1656244736735686E-008   1.1318211039579908E-019   1.3964770775731815E-031  -5.8259967102239569E-038  -4.8561759671209139E-045  -6.6060380517397493E-052   3.3855980083129026E-057   1.9436806061757884E-062
  -6.7576070063662811E+040   2.5662300313367873E+051   5.0751468043427796E+050   1.4494187320617601E+043   8.3697992594521794E+031   8.0705192992731750E+018   312374.84219670907        4.7534408687174078E-008   1.0344905618191624E-019   1.2683105260105547E-031  -5.2658745860840602E-038  -4.3949641097134676E-045  -6.4764087919130161E-052   2.8208516261175542E-057   1.6420292514836693E-062
  -6.5531692435629843E+040   2.5343350901146085E+051   4.8848502667946146E+050   1.3776848040269547E+043   7.8760915878386205E+031   7.5316365038493829E+018   289403.79606928036        4.3735869090639364E-008   9.4539121268228690E-020   1.1516867487808968E-031  -4.7581538718033001E-038  -3.9745943995661128E-045  -6.2725133568241020E-052   2.3469190015335827E-057   1.3868904979062626E-062
  -6.3546150328701839E+040   2.5011323643035668E+051   4.7009795566757488E+050   1.3093441846776424E+043   7.4106193381010173E+031   7.0278885270918502E+018   268089.66412771516        4.0235809462919916E-008   8.6384155588352484E-020   1.0455914886369247E-031  -4.2981163174233641E-038  -3.5918891699473104E-045  -6.0153347827975186E-052   1.9495779729099714E-057   1.1711347184338670E-062
  -6.1617877106660214E+040   2.4667654591073878E+051   4.5233618813888404E+050   1.2442469168754572E+043   6.9718327890207167E+031   6.5570527624889508E+018   248315.78623550865        3.7011265524284114E-008   7.8921496366106518E-020   9.4909666717849553E-032  -3.8814445858165462E-038  -3.2438483061662176E-045  -5.7217283021623650E-052   1.6167891245990984E-057   9.8871916762832631E-063
  -5.9745342161413073E+040   2.4313692124456307E+051   4.3518260982618533E+050   1.1822489404315870E+043   6.5582624197757651E+031   6.1170416544457718E+018   229973.46173400429        3.4040992154281173E-008   7.2093542996032570E-020   8.6135341138769839E-032  -3.5041914037810546E-038  -2.9276518928216878E-045  -5.4051297530941259E-052   1.3383661572977356E-057   8.3452314276968118E-063
  -5.7927050359743608E+040   2.3950701325936713E+051   4.1862029499193016E+050   1.1232119131876766E+043   6.1685151312486089E+031   5.7058949518618143E+018   212961.42933582686        3.1305339382091593E-008   6.5847363025446312E-020   7.8158560192028862E-032  -3.1627506300180193E-038  -2.6406597466147032E-045  -5.0761509929416579E-052   1.1056953755403518E-057   7.0420802236185545E-063
  -5.6161541483333724E+040   2.3579868166895155E+051   4.0263252742330886E+050   1.0670030332837025E+043   5.8012706156922276E+031   5.3217723669791263E+018   197185.37889313258        2.8786136852546481E-008   6.0134327170230299E-020   7.0908390952801298E-032  -2.8538301923213988E-038  -2.3804085324035186E-045  -4.7430795220828069E-052   9.1149705692490639E-058   5.9409844527965436E-063
  -5.4447389663225461E+040   2.3202303508384227E+051   3.8720281906525617E+050   1.0134948630391580E+043   5.4552778714889832E+031   4.9629466217628774E+018   182557.49328742325        2.6466586236822489E-008   5.4909771409363445E-020   6.4320028741188336E-032  -2.5744268336872469E-038  -2.1446070392917965E-045  -4.4122969890304491E-052   7.4962252280813470E-058   5.0108145252102753E-063
  -5.2783202809811974E+040   2.2819046925236005E+051   3.7231492646072829E+050   9.6256515482420196E+042   5.1293518595471230E+031   4.6277968645203630E+018   168996.01876411674        2.4331161084897258E-008   5.0132684313018692E-020   5.8334288878911490E-032  -2.3218025977481102E-038  -1.9311300913734815E-045  -4.0886290759615281E-052   6.1488163288076890E-058   4.2252088906275227E-063
  -5.1167622039381369E+040   2.2431070360089662E+051   3.5795286515751702E+050   9.1409667925169759E+042   4.8223702977269148E+031   4.3148024399351608E+018   156424.86211037467        2.2365513644045373E-008   4.5765417865537372E-020   5.2897138047017918E-032  -2.0934629773888371E-038  -1.7380114815958554E-045  -3.7756374056238506E-052   5.0289619807491816E-058   3.5618476802251165E-063
  -4.9599321098171236E+040   2.2039281613981083E+051   3.4410092223132388E+050   8.6797705597911280E+042   4.5332705895677608E+031   4.0225369961847014E+018   144773.21314858180        2.0556388193914614E-008   4.1773420147363288E-020   4.7959262476591503E-032  -1.8871366461142916E-038  -1.5634362447039251E-045  -3.4758625213843742E-052   4.0997546641077428E-058   3.0018364370744947E-063
  -4.8077005784831317E+040   2.1644527679920742E+051   3.3074366706576457E+050   8.2409858737079363E+042   4.2610468834965205E+031   3.7496629133162276E+018   133975.19109010886        1.8891540474005272E-008   3.8124988338864256E-020   4.3475670356047546E-032  -1.7007566893026978E-038  -1.4057325243819306E-045  -3.1910256338734754E-052   3.3301040073440882E-058   2.5291833313041610E-063
  -4.6599413372131496E+040   2.1247597925676149E+051   3.1786596052139534E+050   7.8235809523586481E+042   4.0047472586321503E+031   3.4949260375741737E+018   123969.51336437691        1.7359662803656710E-008   3.4791040603718600E-020   3.9405325988006424E-032  -1.5324432515391686E-038  -1.2633632387810284E-045  -2.9221956674239722E-052   2.6938394961766450E-058   2.1303557482988242E-063
  -4.5165312028697235E+040   2.0849227131769075E+051   3.0545296261774264E+050   7.4265676082479798E+042   3.7634710332598736E+031   3.2571507068967101E+018   114699.18560663650        1.5950314517911322E-008   3.1744905500098752E-020   3.5710813374879160E-032  -1.3804875164852416E-038  -1.1349177061302009E-045  -2.6699271490586526E-052   2.1689492480267223E-058   1.7939042583960002E-063
  -4.3773500241501447E+040   2.0450098390496128E+051   2.9349013884462104E+050   7.0489996823827502E+042   3.5363661920270319E+031   3.0352350533274445E+018   106111.21155414431        1.4653857364869541E-008   2.8962127654201329E-020   3.2358027054289239E-032  -1.2433369369515730E-038  -1.0191033567955349E-045  -2.4343736378585551E-052   1.7369345060627581E-058   1.5101437795939341E-063
  -4.2422806239790836E+040   2.0050845871584848E+051   2.8196326521176683E+050   6.6899715137515484E+042   3.3226269279099625E+031   2.8281465686168909E+018   98156.321664486197        1.3461395531376939E-008   2.6420288512749794E-020   2.9315888142639144E-032  -1.1195816347921302E-038  -9.1473762888845972E-046  -2.2153806722681624E-052   1.3822625133327368E-058   1.2708832779858120E-063
  -4.1112087421077357E+040   1.9652057459904744E+051   2.7085843213892556E+050   6.3486164452193868E+042   3.1214912950145522E+031   2.6349179198146212E+018   90788.719331595552        1.2364719984103136E-008   2.4098841068969187E-020   2.6556083677021564E-032  -1.0079418927533151E-038  -8.2074012039116039E-046  -2.0125615993238162E-052   1.0919029941798066E-058   1.0691966541868899E-063
  -3.9840229779779604E+040   1.9254277270465253E+051   2.6016204728204224E+050   6.0241053666398714E+042   2.9322389683006958E+031   2.4546430021746120E+018   83965.843634505160        1.1356256832299754E-008   2.1978957530268709E-020   2.4052827471935689E-032  -9.0725666334410419E-039  -7.3612505096701632E-046  -1.8253591275201545E-052   8.5493566090545004E-059   8.9922857216388394E-064
  -3.8606147339055732E+040   1.8858008045749877E+051   2.4986083738505282E+050   5.7156452957864063E+042   2.7541891063607722E+031   2.2864732172114575E+018   77648.147611032400        1.0429019436780472E-008   2.0043388965554911E-020   2.1782640827680237E-032  -8.1647302302216312E-039  -6.5999407047234514E-046  -1.6530950008283704E-052   6.6221803302112099E-059   7.5602992876819445E-064
  -3.7408781586328656E+040   1.8463713440256975E+051   2.3994184924098065E+050   5.4224779975224528E+042   2.5866983134329712E+031   2.1296139642518697E+018   71798.891103433445        9.5765640069751181E-009   1.8276336035847886E-020   1.9724151541742357E-032  -7.3463650341615104E-039  -5.9152943809993578E-046  -1.4950098138987540E-052   5.0610445111156269E-059   6.3541846274363478E-064
  -3.6247100912965569E+040   1.8071820196944573E+051   2.3039244984055862E+050   5.1438786414668366E+042   2.4291586968901634E+031   1.9833213343230339E+018   66383.947275571816        8.7929484442984217E-009   1.6663329973806593E-020   1.7857909782950989E-032  -6.6088223484439859E-039  -5.2998758556817164E-046  -1.3502946679822665E-052   3.8020852729328641E-059   5.3386068216200899E-064
  -3.5120100058536769E+040   1.7682720220107251E+051   2.2120032578143311E+050   4.8791544982628422E+042   2.2809960165129443E+031   1.8468989957056594E+018   61371.621951368739        8.0726942055721110E-009   1.5191123036024548E-020   1.6166219490650472E-032  -5.9442684097861311E-039  -4.7469306939939846E-046  -1.2181160952453177E-052   2.7920243369694222E-059   4.4837186712804289E-064
  -3.4026799560043922E+040   1.7296772549049046E+051   2.1235348200612742E+050   4.6276436744274890E+042   2.1416679219299908E+031   1.7196952609539661E+018   56732.484972260252        7.4107509748779063E-009   1.3847587706674598E-020   1.4632984057763159E-032  -5.3456102708506092E-039  -4.2503291074867600E-046  -1.0976354487764224E-052   1.9864741859904399E-059   3.7643139550197791E-064
  -3.2966245206475383E+040   1.6914305236756588E+051   2.0384023993234570E+050   4.3887138856391794E+042   2.0106622746890917E+031   1.6011003256466476E+018   52439.212817124724        6.8024639460301180E-009   1.2621623982411894E-020   1.3243565147481532E-032  -4.8064280781270499E-039  -3.8045131614477536E-046  -9.8802376056786616E-053   1.3485078181032859E-059   3.1591105634487658E-064
  -3.1937507499014349E+040   1.6535617137621258E+051   1.9564923503486779E+050   4.1617612682165543E+042   1.8874955515069325E+031   1.4905436695814241E+018   48466.441771719394        6.2435435308744961E-009   1.1503074116538082E-020   1.1984653578625572E-032  -4.3209132395506667E-039  -3.4044476863154917E-046  -8.8847290485692268E-053   8.4745258102777294E-060   2.6501436988617004E-064
  -3.0939681117196340E+040   1.6160979608109027E+051   1.8776941393419867E+050   3.9462092284479618E+042   1.7717113253343137E+031   1.3874916115606764E+018   44790.630976122593        5.7300373208769379E-009   1.0482644245440562E-020   1.0844151294611627E-032  -3.8838120096504701E-039  -3.0455747593197443E-046  -7.9820376494414798E-053   4.5787368127762396E-060   2.2222523347830653E-064
  -2.9971884391285122E+040   1.5790638124129792E+051   1.8019003104329803E+050   3.7415073293484067E+042   1.6628788209648091E+031   1.2914450093364452E+018   41389.934718087854        5.2583041409963136E-009   9.5518323624012848E-021   9.8110635057141154E-033  -3.4903740523082449E-039  -2.7237716021566423E-046  -7.1647198413586956E-053   1.5871816088090622E-060   1.8626446826346379E-064
  -2.9033258781108927E+040   1.5424813818716911E+051   1.7290064482009746E+050   3.5471302143483996E+042   1.5605915420085881E+031   1.2019370966896474E+018   38244.083377634925        4.8249900456727414E-009   8.7028621431712288E-021   8.8754001640839764E-033  -3.1363055721290347E-039  -2.4353117267912756E-046  -6.4257178250718340E-053  -6.7405442546448354E-061   1.5605305795672910E-064
  -2.8122968361574805E+040   1.5063704943489572E+051   1.6589111367010515E+050   3.3625765673558134E+042   1.4644659661482784E+031   1.1185314500105414E+018   35334.272463701796        4.4270061169401577E-009   7.9286221643783470E-021   8.0280859960486619E-033  -2.8177266348844157E-039  -2.1768291531701030E-046  -5.7583823795209219E-053  -2.3483277408171149E-060   1.3068105505238549E-064
  -2.7240199315055140E+040   1.4707488257237781E+051   1.5915159154020655E+050   3.1873681085770727E+042   1.3741403056899471E+031   1.0408200771252106E+018   32643.059217325746        4.0615079342216048E-009   7.2226100900234445E-021   7.2608783767928877E-033  -2.5311323254379450E-039  -1.9452855186361738E-046  -5.1564836009074616E-053  -3.5535250052395832E-060   1.0938128581953685E-064
  -2.6384159430818243E+040   1.4356320344840832E+051   1.5267252324175493E+050   3.0210486254368744E+042   1.2892733305189461E+031   9.6842162147620083E+017   30154.266287682494        3.7258765943201744E-009   6.5788814331617704E-021   6.5662923888434897E-033  -2.2733574179733464E-039  -1.7379398982683045E-046  -4.6142122700329085E-053  -4.3863341312162212E-060   9.1507117865362688E-065
  -2.5554077611654234E+040   1.4010338869604835E+051   1.4644463953822754E+050   2.8631830378956959E+042   1.2095432506670864E+031   9.0097967511455859E+017   27852.892017459082        3.4177011685082149E-009   5.9920025295047040E-021   5.9375324580903177E-033  -2.0415442582194605E-039  -1.5523211574601009E-046  -4.1261740571985326E-053  -4.9258258628228058E-060   7.6513666374777186E-065
  -2.4749203387827975E+040   1.3669663761984408E+051   1.4045895203006581E+050   2.7133564974306048E+042   1.1346466557939592E+031   8.3816119429550016E+017   25725.026902538943        3.1347624914731758E-009   5.4570073872375945E-021   5.3684300095993891E-033  -1.8331135807197523E-039  -1.3862026621941167E-046  -3.6873783643853210E-053  -5.2364542197621219E-060   6.3941910414933941E-065
  -2.3968806438472065E+040   1.3334398347536600E+051   1.3470674786683454E+050   2.5711735189173302E+042   1.0642975089808644E+031   7.7965501179104602E+017   23757.775817906411        2.8750181842287533E-009   4.9693581029630533E-021   4.8533866304395855E-033  -1.6457380060605085E-039  -1.2375791781383287E-046  -3.2932232631010455E-053  -5.3705674330226798E-060   5.3405271497352435E-065
  -2.3212176120516031E+040   1.3004630416841995E+051   1.2917958431449807E+050   2.4362571446290833E+042   9.9822619233045805E+030   7.2517044034041024E+017   21939.185627101291        2.6365888199737970E-009   4.5249085574653207E-021   4.3873222683699165E-033  -1.4773179833946122E-039  -1.1046457964762455E-046  -2.9394777025004652E-053  -5.3705068661642126E-060   4.4578275107755503E-065
  -2.2478621005231206E+040   1.2680433240018882E+051   1.2386928320342525E+050   2.3082481395501164E+042   9.3617860195860911E+030   6.7443596195306432E+017   20258.177816541029        2.4177451483049741E-009   4.1198711270659664E-021   3.9656280337315839E-033  -1.3259599626289285E-039  -9.8577873193593456E-047  -2.6222619270689587E-053  -5.2703594208091730E-060   3.7186974003057783E-065
  -2.1767468422455994E+040   1.2361866528350756E+051   1.1876792528068626E+050   2.1868042171888529E+042   8.7791529005682917E+030   6.2719799806045363E+017   18704.485818643643        2.2168962991891286E-009   3.7507861668147551E-021   3.5841232074612751E-033  -1.1899565983410641E-039  -8.7951784652988327E-047  -2.3380268485986013E-053  -5.0974187538226340E-060   3.1000861315453846E-065
  -2.1078064012551430E+040   1.2048977345445370E+051   1.1386784448828307E+050   2.0715992950662617E+042   8.2321065179385039E+030   5.8321975578074048E+017   17268.596708995512        2.0325788937019979E-009   3.4144940407362150E-021   3.2390160909834781E-033  -1.0677688039175242E-039  -7.8455076083432583E-047  -2.0835329568407309E-053  -4.8734020134078364E-060   2.5826043236366269E-065
  -2.0409771286124148E+040   1.1741800970245456E+051   1.0916162218716480E+050   1.9623227790495299E+042   7.7185215491327484E+030   5.4228014581701357E+017   15941.696982876940        1.8634469937656114E-009   3.1081094919319473E-021   2.9268683640354101E-033  -9.5800948962496948E-040  -6.9969842304658062E-047  -1.8558292215517284E-053  -4.6154614989486462E-060   2.1499476416981942E-065
  -1.9761971191540994E+040   1.1440361714115932E+051   1.0464208134519424E+050   1.8586788756987203E+042   7.2363960997057749E+030   5.0417276775345754E+017   14715.622135347201        1.7082628279895676E-009   2.8289981616143921E-021   2.6445626444042177E-033  -8.5942883240501447E-040  -6.2390201442314714E-047  -1.6522323309726005E-053  -4.3370244664775196E-060   1.7884105184177789E-065
  -1.9134061690247987E+040   1.1144673694141064E+051   1.0030228070566845E+050   1.7603859317945787E+042   6.7838447923703414E+030   4.6870495874651635E+017   13582.809786858716        1.5658882352632676E-009   2.5747550812086717E-021   2.3892729692793516E-033  -7.7090093818690769E-040  -5.5621107791237946E-047  -1.4703065241370680E-053  -4.0484890692171708E-060   1.4864759051668286E-065
  -1.8525457339895480E+040   1.0854741564676528E+051   9.6135508951526310E+049   1.6671758002187263E+042   6.3590922238021875E+030   4.3569690182936941E+017   12536.256113075608        1.4352767719775551E-009   2.3431849755884339E-021   2.1584379416002533E-033  -6.9141176950675563E-040  -4.9577276477213139E-047  -1.3078442034432634E-053  -3.7577999969711292E-060   1.2344692502935358E-065
  -1.7935588885261200E+040   1.0570561209116305E+051   9.2135278879012256E+049   1.5787932313628629E+042   5.9604667711057082E+030   4.0498079025856563E+017   11569.475353270129        1.3154664326943322E-009   2.1322842283882539E-021   1.9497363065596755E-033  -6.2004822227072650E-040  -4.4182210164481303E-047  -1.1628474568316789E-053  -3.4709236369122421E-060   1.0242667226224007E-065
  -1.7363902856953445E+040   1.0292120393752044E+051   8.8295321593286067E+049   1.4949952892509485E+042   5.5863947306104328E+030   3.7640004453175923E+017   10676.462186415005        1.2055729377502045E-009   1.9402243722328487E-021   1.7610647434449466E-033  -5.5598824566505776E-040  -3.9367318790732151E-047  -1.0335105733131517E-053  -3.1922394175154827E-060   8.4904923943394699E-066
  -1.6809861177867986E+040   1.0019399385523665E+051   8.4609580737283649E+049   1.4155507915675761E+042   5.2353947724204668E+030   3.4980857889558106E+017   9851.6567779322959        1.1047835446923318E-009   1.7653369777116385E-021   1.5905176763943735E-033  -4.9849190855768023E-040  -3.5071124009292140E-047  -9.1820359949009773E-054  -2.9248613285648210E-060   7.0309516288419447E-066
  -1.6272940777364015E+040   9.7523715353836431E+050   8.1072206764023518E+049   1.3402397727964585E+042   4.9060726948672187E+030   3.2507011434315885E+017   9089.9123130490316        1.0123513436179952E-009   1.6060998250710041E-021   1.4363689245361480E-033  -4.4689332431238955E-040  -3.1238540677950178E-047  -8.1545695643708591E-054  -2.6709013581748291E-060   5.8160563305926281E-066
  -1.5752633213117040E+040   9.4910038289241552E+050   7.7677551261524956E+049   1.2688529696851185E+042   4.5971164637202086E+030   3.0205753527201965E+017   8386.4648448938879        9.2758999943938702E-010   1.4611242519568615E-021   1.2970550274771139E-033  -4.0059335380160098E-040  -2.7820228354591919E-047  -7.2394711444996151E-054  -2.4316846887562443E-060   4.8055744027178720E-066
  -1.5248444300599768E+040   9.2352574058455757E+050   7.4420161338547071E+049   1.2011913282651603E+042   4.3072915216914852E+030   2.8065228713550941E+017   7736.9052968927135        8.4986890683653510E-010   1.3291435791740106E-021   1.1711600963254095E-033  -3.5905301360995282E-040  -2.4772006341479842E-047  -6.4248330656258458E-054  -2.2079248936006119E-060   3.9657912976352947E-066
  -1.4759893750135363E+040   8.9850880497769826E+050   7.1294774078466162E+049   1.1370655316718745E+042   4.0354363544262903E+030   2.6074381257475200E+017   7137.1534697268426        7.7860872620781032E-010   1.2090025243891389E-021   1.0574020534639964E-033  -3.2178752301762332E-040  -2.2054326363128525E-047  -5.6999524938736472E-054  -1.9998660282372628E-060   3.2684670070275377E-066
  -1.4286514811461877E+040   8.7404466498939445E+050   6.8296311067784873E+049   1.0762955480220883E+042   3.7804582998062394E+030   2.4222902366397894E+017   6583.4339131480456        7.1327727129219424E-010   1.0996475210412637E-021   9.5462013623408392E-034  -2.8836092938570521E-040  -1.9631797468215541E-047  -5.0552183094455317E-054  -1.8073973768745023E-060   2.6899582692298098E-066
  -1.3827853925741026E+040   8.5012796357159058E+050   6.5419873005000736E+049   1.0187101976251395E+042   3.5413295880015976E+030   2.2501180804008678E+017   6072.2535323365346        6.5338572133256358E-010   1.0001178664829938E-021   8.6176355062466425E-034  -2.5838125707993295E-040  -1.7472758215097071E-047  -4.4820071902820642E-054  -1.6301456609555126E-060   2.2104800506403455E-066
  -1.3383470384939702E+040   8.2675293864052838E+050   6.2660734394851320E+049   9.6414673881834487E+041   3.3170836002969495E+030   2.0900256681793008E+017   5600.3808072811880        5.9848513268622456E-010   9.0953762960154268E-022   7.7788117107681957E-034  -2.3149613010442523E-040  -1.5548891634751625E-047  -3.9725883975255012E-054  -1.4675487160604084E-060   1.8134844005590604E-066
  -1.2952935998507973E+040   8.0391346158319348E+050   6.0014338332299047E+049   9.1245047173535910E+041   3.1068113352793956E+030   1.9411778231641971E+017   5164.8265118892814        5.4816322667847477E-010   8.2710825390011072E-022   7.0211219167328268E-034  -2.0738882321206475E-040  -1.3834878866003858E-047  -3.5200367376751227E-054  -1.3189139712776677E-060   1.4851381959257798E-066
  -1.2535834767273257E+040   7.8160307346113116E+050   5.7476291380011172E+049   8.6347435933318924E+041   2.9096580715214940E+030   1.8027961373734544E+017   4762.8258272300754        5.0204143224729899E-010   7.5210179729546979E-022   6.3367764236373806E-034  -1.8577470044834458E-040  -1.2308087727431870E-047  -3.1181531684488448E-054  -1.1834645016009765E-060   1.2138841800207528E-066
  -1.2131762564466825E+040   7.5981501902705316E+050   5.5042358542530489E+049   8.1707866502128907E+041   2.7248202164124313E+030   1.6741551904926054E+017   4391.8217505143839        4.5977216355179698E-010   6.8385475474110194E-022   5.7187269153813153E-034  -1.6639800390409781E-040  -1.0948292830239941E-047  -2.7613925180383404E-054  -1.0603749518242403E-060   9.9007213883794307E-067
  -1.1740326823795029E+040   7.3854227866453811E+050   5.2708458339816630E+049   7.7313060625401301E+041   2.5515423312910836E+030   1.5545790143308352E+017   4049.4497081413069        4.2103631422250322E-010   6.2176241424938198E-022   5.1605966326261672E-034  -1.4902895893027883E-040  -9.7374241484023156E-048  -2.4447977981079958E-054  -9.4879923537661589E-061   8.0564911959436140E-067
  -1.1361146234465215E+040   7.1777759835617309E+050   5.0470657982363065E+049   7.3150402346567848E+041   2.3891143235142592E+030   1.4434377874458656E+017   3733.5232874313824        3.8554095132668250E-010   5.6527370099099953E-022   4.6566170389004382E-034  -1.3346116523341111E-040  -8.6593412483603163E-048  -2.1639406074640502E-054  -8.4789158135737328E-061   6.5389933616317354E-067
  -1.0993850443072970E+040   6.9751351778073248E+050   4.8325168649656741E+049   6.9207906374550294E+041   2.2368687965529333E+030   1.3401447454192261E+017   3442.0210075405143        3.5301719341374356E-010   5.1388646792293934E-022   4.2015703859928233E-034  -1.1950924614984787E-040  -7.6996306422555937E-048  -1.9148671441309294E-054  -7.5682222738350041E-061   5.2922587561195891E-067
  -1.0638079762255649E+040   6.7774239663544352E+050   4.6268340873347655E+049   6.5474187866767271E+041   2.0941785496492265E+030   1.2441532931408560E+017   3173.0740555358780        3.2321825820232834E-010   4.6714319486360315E-022   3.7907376375135328E-034  -1.0700673101500825E-040  -6.8454239678256391E-048  -1.6940493672693795E-054  -6.7478882603985869E-061   4.2696756038756779E-067
  -1.0293484886014371E+040   6.5845643927500656E+050   4.4296660026127282E+049   6.1938433570974456E+041   1.9604542189880700E+030   1.1549543062896218E+017   2924.9549187380794        2.9591766657822017E-010   4.2462706111904723E-022   3.4198512581800759E-034  -9.5804147922746630E-041  -6.0852349163279769E-048  -1.4983408758821998E-054  -6.0102444136891084E-061   3.4324536747267739E-067
  -9.9597266116054792E+039   6.3964771775485285E+050   4.2406741916978398E+049   5.8590374271037125E+041   1.8351420527401148E+030   1.0720736099766730E+017   2696.0668492159234        2.7090759059728279E-010   3.8595835968984531E-022   3.0850524207924003E-034  -8.5767306330728558E-041  -5.4088130287767818E-048  -1.3249370977307825E-054  -5.3480285275115503E-061   2.7483368904811321E-067
  -9.6364755679004253E+039   6.2130819336209990E+050   4.0595328493153016E+049   5.5420258483500488E+041   1.7177218127174281E+030   99506962325410560.        2484.9341007824805        2.4799733413608982E-010   3.5079122377432805E-022   2.7828522233642727E-034  -7.6775750929196219E-041  -4.8070126618706012E-048  -1.1713394086682964E-054  -4.7544175147903174E-061   2.1905246421010473E-067
  -9.3234119501120321E+039   6.0342973671380328E+050   3.8859283648954062E+049   5.2418827353565093E+041   1.6077047957512769E+030   92353115888448432.        2290.1928830041907        2.2701193571025032E-010   3.1881063874977161E-022   2.5100965458051056E-034  -6.8721369970353405E-041  -4.2716755896800406E-048  -1.0353228291745996E-054  -4.2230430591057264E-061   1.7367683958050128E-067
  -9.0202252607837837E+039   5.8600414649841753E+050   3.7195589141143098E+049   4.9577290700796376E+041   1.5046319682524044E+030   85707536841962320.        2110.5829806174279        2.0779088379181033E-010   2.8972971507607846E-022   2.2639342092047641E-034  -6.1507142869887096E-041  -3.7955258567825894E-048  -9.1490697086975394E-055  -3.7479948059593354E-061   1.3686154636480023E-067
  -8.7266140569380559E+039   5.6902316693283148E+050   3.5601340610565669E+049   4.6887304166590459E+041   1.4080722077493687E+030   79534582325174816.        1944.9399903671831        1.9018693570729049E-010   2.6328719964273949E-022   2.0417881314433409E-034  -5.5046013355638984E-041  -3.3720756343270321E-048  -8.0832993090442803E-055  -3.3238142008059955E-061   1.0707762790689510E-067
  -8.4422857032784436E+039   5.5247850400394778E+050   3.4073743709377310E+049   4.4340947417082452E+041   1.3176206455201624E+030   73801072287888720.        1792.1881306573987        1.7406503189136273E-010   2.3924520498438749E-022   1.8413292007861963E-034  -4.9259875764685943E-041  -2.9955409536471166E-048  -7.1402485617504637E-055  -2.9454814658166257E-061   8.3059528035775069E-068
  -8.1669561313408156E+039   5.3636184056053737E+050   3.2610110333065929E+049   4.1930703356816630E+041   1.2328971047371276E+030   68476122217090896.        1651.3335825475090        1.5930129791202530E-010   2.1738713753679853E-022   1.6604526145677840E-034  -4.4078663291470174E-041  -2.6607663036076811E-048  -6.3059892215337847E-055  -2.6083977020636322E-061   6.3760867463930169E-068
  -7.9003496044874502E+039   5.2066485031797459E+050   3.1207854956296619E+049   3.9649438310097910E+041   1.1535446288356663E+030   63530986993499736.        1521.4583235602852        1.4578212727524921E-010   1.9751580770654750E-022   1.4972564532325497E-034  -3.9439528077483213E-041  -2.3631571788621119E-048  -5.5681449267045211E-055  -2.3083636898789581E-061   4.8317502445844730E-068
  -7.6421984886384193E+039   5.0537921083548655E+050   2.9864491071455145E+049   3.7490383128508429E+041   1.0792280950939891E+030   58938915156122456.        1401.7144184957519        1.3340333856404779E-010   1.7945170599539780E-022   1.3500222810861310E-034  -3.5286104017701415E-041  -2.0986197575584154E-048  -4.9157224721033522E-055  -2.0415566220394275E-061   3.6016684665579079E-068
  -7.3922430286342749E+039   4.9049661552269623E+050   2.8577627728631114E+049   3.5447115184602103E+041   1.0096329086746019E+030   54675012898198520.        1291.3187339881545        1.2206940097207739E-010   1.6303143076574383E-022   1.2171975842969849E-034  -3.1567844049971232E-041  -1.8635069696117297E-048  -4.3389608113956213E-055  -1.8045057292212228E-061   2.6271330506593008E-068
  -7.1502311301244296E+039   4.7600878472950637E+050   2.7344966175662877E+049   3.3513541213282256E+041   9.4446377262907461E+029   50716117160496728.        1189.5480459099792        1.1169272275833411E-010   1.4810625446602067E-022   1.0973798741440426E-034  -2.8239424499476510E-041  -1.6545702912552879E-048  -3.8291960183629728E-055  -1.5940675339910204E-061   1.8598567047685074E-068
  -6.9159181468755313E+039   4.6190747597076704E+050   2.6164296596761573E+049   3.1683880963820615E+041   8.8344352960626120E+029   47040677227960472.        1095.7345109304449        1.0219299758012662E-010   1.3454081626413503E-022   9.8930229938244019E-035  -2.5260209779168471E-041  -1.4689166689175721E-048  -3.3787405992181989E-055  -1.4074012894061709E-061   1.2601856039661319E-068
  -6.6890666733948789E+039   4.4818449333466041E+050   2.5033494948139159E+049   2.9952651626892150E+041   8.2631207123110061E+029   43628644273299312.        1009.2614755865659        9.3496604058968457E-011   1.2221193007114111E-022   8.9182062603631163E-035  -2.2593771405779523E-041  -1.3039700362186440E-048  -2.9807756978107580E-055  -1.2419450135206851E-061   7.9561097265092845E-069
  -6.4694463427640482E+039   4.3483169612135830E+050   2.3950519888986346E+049   2.8314653002376477E+041   7.7282531133693139E+029   40461368326447512.        929.55959813307948        8.5536054300822188E-011   1.1100749788438174E-022   8.0390145605252650E-035  -2.0207455886312315E-041  -1.1574369426455179E-048  -2.6292548734400502E-055  -1.0953924154382153E-061   4.3953070396511072E-069
  -6.2568336295787598E+039   4.2184100675621935E+050   2.2913409806077132E+049   2.6764953375014696E+041   7.2275421943933687E+029   37521502181979112.        856.10326021262608        7.8249487430539517E-011   1.0082551924631574E-022   7.2461156817877390E-035  -1.8071996567647935E-041  -1.0272758618150216E-048  -2.3188182574661269E-055  -9.6567091677545546E-062   1.7021982466186090E-069
  -6.0510116578914994E+039   4.0920441801960054E+050   2.1920279930218891E+049   2.5298876066308332E+041   6.7588391103438840E+029   34792911787708064.        788.40724703871433        7.1580204512524986E-011   9.1573188408875612E-023   6.5310827527003559E-035  -1.6161165027565222E-041  -9.1166979167447614E-049  -2.0447160106566301E-055  -8.5092090014375463E-062  -3.0024703482501112E-070
  -5.8517700140542779E+039   3.9691399963329052E+050   2.0969319542718137E+049   2.3911986632307104E+041   6.3201279148923922E+029   32260592686930208.        726.02367631938000        6.5476241517574895E-011   8.3166071519512797E-023   5.8863070207653512E-035  -1.4451458023930598E-041  -8.0900179899254663E-049  -1.8027401089067826E-055  -7.4947625991015185E-062  -1.7559374250379062E-069
  -5.6589045643596615E+039   3.8496190424155656E+050   2.0058789269992098E+049   2.2600080678152495E+041   5.9095175046870132E+029   29910592114190324.        668.53915757699315        5.9889977261356690E-011   7.5527356809685319E-023   5.3049189651264264E-035  -1.2921816414578286E-041  -7.1783319648023050E-049  -1.5891635812918377E-055  -6.5984628706969670E-062  -2.7815448305747146E-069
  -5.4722172773792338E+039   3.7334037282290867E+050   1.9187018464424370E+049   2.1359172261425792E+041   5.5252340400825935E+029   27729936370188568.        615.57216484667504        5.4777773484789378E-011   6.8587171374558433E-023   4.7807169553097532E-035  -1.1553372817516635E-041  -6.3688407324234418E-049  -1.4006864120259583E-055  -5.8069888707626554E-062  -3.4713792776419554E-069
  -5.2915160508995721E+039   3.6204173956685406E+050   1.8352402669538585E+049   2.0185482857493472E+041   5.1656138150218607E+029   25706563125575864.        566.77060696910280        5.0099644472247779E-011   6.2281958688850426E-023   4.3081027410312008E-035  -1.0329225103258337E-041  -5.6501592834513385E-049  -1.2343873974577641E-055  -5.1084510489998961E-062  -3.9014226980956379E-069
  -5.1166145433567827E+039   3.5105843624818481E+050   1.7553401167546089E+049   1.9075430861147915E+041   4.8290965502557173E+029   23829258326020332.        521.80958083953271        4.5818953811500706E-011   5.6553911512390506E-023   3.8820231250551742E-035  -9.2342331016264448E-042  -5.0121618341564555E-049  -1.0876813213572723E-055  -4.4922491372820860E-062  -4.1326630338724005E-069
  -4.9473320096719185E+039   3.4038299612968106E+050   1.6788534607312179E+049   1.8025621599910754E+041   4.5142190855140813E+029   22087597392146892.        480.38929403961907        4.1902136090957056E-011   5.1350455304058720E-023   3.4979172318763605E-035  -8.2548361673713758E-042  -4.4458437365336665E-049  -9.5828087703924042E-056  -3.9489421122656823E-062  -4.2138467262206988E-069
  -4.7834931413905914E+039   3.3000805742252627E+050   1.6056382710779545E+049   1.7032837835397579E+041   4.2196094475884383E+029   20471890427843024.        442.23314426767342        3.8318441506389962E-011   4.6623777687997261E-023   3.1516688401576883E-035  -7.3788894850989605E-042  -3.9431983769760822E-049  -8.4416282389092099E-056  -3.4701295900074356E-062  -4.1837481381132058E-069
  -4.6249279110313835E+039   3.1992636633222763E+050   1.5355582055886584E+049   1.6094030730138752E+041   3.9439812725662449E+029   18973131169064984.        407.08594390157515        3.5039701511994857E-011   4.2330399904684254E-023   2.8395632969071822E-035  -6.5955172068507659E-042  -3.4971074569345794E-049  -7.4353791916133453E-056  -3.0483439592800576E-062  -4.0730381156336681E-069
  -4.4714714205488276E+039   3.1013077971638574E+050   1.4684823934022363E+049   1.5206311258211847E+041   3.6861285616693421E+029   17582949422746060.        374.71227888155471        3.2040113800485776E-011   3.8430786534720693E-023   2.5582485767792547E-035  -5.8949807074550281E-042  -3.1012432185063428E-049  -6.5482421392416378E-056  -2.6769525361416354E-062  -3.9058202169524115E-069
  -4.3229637538180717E+039   3.0061426737928857E+050   1.4042852280068002E+049   1.4366942038967001E+041   3.4449207512965347E+029   16293566761771456.        344.89499189199864        2.9296045034936461E-011   3.4888990107830475E-023   2.3047000910666143E-035  -5.2685604155261627E-042  -2.7499813298838505E-049  -5.7662334541302202E-056  -2.3500690177024055E-062  -3.7008916967817968E-069
  -4.1792498330495773E+039   2.9136991402699466E+050   1.3428461673085845E+049   1.3573329574018680E+041   3.2192980789577694E+029   15097755257310880.        317.43378055659605        2.6785849882148813E-011   3.1672327506204266E-023   2.0761888882938146E-035  -4.7084498335850918E-042  -2.4383232818202548E-049  -5.0769949687852713E-056  -2.0624735230684950E-062  -3.4727767692591684E-069
  -4.0401792790435725E+039   2.8239092090531511E+050   1.2840495405733761E+049   1.2823016868536562E+041   3.0082672278167185E+029   13988799044152892.        292.14390204346313        2.4489705014325820E-011   2.8751085342308457E-023   1.8702529221844170E-035  -4.2076605008776074E-042  -2.1618272683211547E-049  -4.4696073113117922E-056  -1.8095405302152410E-062  -3.2325716798726500E-069
  -3.9056062751953332E+039   2.7367060714192190E+050   1.2277843620499528E+049   1.2113676418694908E+041   2.8108972335329331E+029   12960458528122898.        268.85497611008003        2.2389456853527070E-011   2.6098251738813104E-023   1.6846710934706765E-035  -3.7599367786000672E-042  -1.9165466340937627E-049  -3.9344243538108139E-056  -1.5871740459353358E-062  -2.9886344425841819E-069
  -3.7753894351637199E+039   2.6520241081266784E+050   1.1739441510872117E+049   1.1443103547935630E+041   2.6263156380168288E+029   12006937057246874.        247.40987920539058        2.0468481932513427E-011   2.3689272164365376E-023   1.5174397998392545E-035  -3.3596794507713055E-042  -1.6989750691694624E-049  -3.4629264320391499E-056  -1.3917493795525205E-062  -2.7471465277413183E-069
  -3.6493916741168238E+039   2.5697988975112495E+050   1.1224267585589618E+049   1.0809210075464792E+041   2.4537048755831371E+029   11122849890096688.        227.66372279145520        1.8711558836816042E-011   2.1501827185380045E-023   1.3667517535233093E-035  -3.0018772361565142E-042  -1.5059978187336336E-049  -3.0475902476278159E-056  -1.2200609278535359E-062  -2.5125691400404470E-069
  -3.5274800834699688E+039   2.4899672211931855E+050   1.0731341994129952E+049   1.0210018301137847E+041   2.2922988778136676E+029   10303195305771426.        209.48290955261621        1.7104750776809426E-011   1.9515630182515198E-023   1.2309768489016294E-035  -2.6820453985723752E-042  -1.3348482546006675E-049  -2.6817735908166616E-056  -1.0692754171658582E-062  -2.2880128529099953E-069
  -3.4095258090327036E+039   2.4124670675665531E+050   1.0259724911637668E+049   9.6436552915949995E+040   2.1413798842205930E+029   9543327710277832.0        192.74426162902031        1.5635297915801922E-011   1.7712243252586071E-023   1.1086448831682365E-035  -2.3961707255948976E-042  -1.1830692249108041E-049  -2.3596132245748539E-056  -9.3689008754261838E-063  -2.0755361397004504E-069
  -3.2954039324829333E+039   2.3372376332310639E+050   9.8085149815097162E+048   9.1083474531866980E+040   2.0002754465393060E+029   8838932603716977.0        177.33421544614362        1.4291518651205457E-011   1.6074909673753357E-023   9.9842995189024254E-036  -2.1406622200656407E-042  -1.0484786613522858E-049  -2.0759344525004880E-056  -8.2069534273842202E-063  -1.8763856568880006E-069
  -3.1849933560876721E+039   2.2642193225181987E+050   9.3768478138936830E+048   8.6024153778801854E+040   1.8683556151773528E+029   8186003281704242.0        163.14807811509962        1.3062719111198128E-011   1.4588401455191381E-023   8.9913635825876334E-036  -1.9123069156732075E-042  -9.2913897929522754E-050  -1.8261710551734105E-056  -7.1874142742683910E-063  -1.6911889011656264E-069
  -3.0781766905914220E+039   2.1933537452549236E+050   8.9638945383841392E+048   8.1242689489631781E+040   1.7450302970050853E+029   7580819152885066.0        150.08934075224207        1.1939110189395756E-011   1.3238880623279899E-023   8.0968589022170526E-036  -1.7082302880197073E-042  -8.2332985635291903E-050  -1.6062944246208714E-056  -6.2930872946018950E-063  -1.5201080062695076E-069
  -2.9748401461945684E+039   2.1245837129002384E+050   8.5688604092356539E+048   7.6724026939599752E+040   1.6297467742965385E+029   7019925562296265.0        138.06904441298676        1.0911731495318265E-011   1.2013773015749379E-023   7.2910633361774190E-036  -1.5258607866379755E-042  -7.2952401968241109E-050  -1.4127508560102635E-056  -5.5088133958653686E-063  -1.3629619042370046E-069
  -2.8748734265456604E+039   2.0578532331821481E+050   8.1909834614449325E+048   7.2453913727502168E+040   1.5219873752174016E+029   6500115017696166.0        127.00519465583851        9.9723816492547980E-012   1.0901653464134058E-023   6.5652110204339537E-036  -1.3628980620108899E-042  -6.4636571235659347E-050  -1.2424060712038815E-056  -4.8212353371281426E-063  -1.2193227972473085E-069
  -2.7781696256728776E+039   1.9931075033553759E+050   7.8295332160892447E+048   6.8418857894313981E+040   1.4212672868127047E+029   6018409722879361.0        116.82222105012434        9.1135543968516373E-012   9.8921413442542275E-024   5.9113987560307352E-036  -1.2172845053056913E-042  -5.7265154488492026E-050  -1.0924961518397430E-056  -4.2185887342005609E-063  -1.0885918265213018E-069
  -2.6846251277813645E+039   1.9302929021932240E+050   7.4838094333433790E+048   6.4606088169942239E+040   1.3271325019716572E+029   5572045328433339.0        107.45047821660184        8.3283800616942406E-012   8.9758055650877995E-024   5.3225015102701189E-036  -1.0871797577666916E-042  -5.0731346987871628E-050  -9.6058415144238457E-057  -3.6905164894834076E-063  -9.7005794737435870E-070
  -2.5941395098446886E+039   1.8693569808204193E+050   7.1531409116330648E+048   6.1003516243856711E+040   1.2391578923425793E+029   5158455816413617.0        98.825785245498707        7.6105718936291008E-012   8.1440781490574542E-024   4.7920961499588234E-036  -9.7093788195337701E-043  -4.4940364635256774E-050  -8.4452173789167137E-057  -3.2279041527833786E-063  -8.6294329384874667E-070
  -2.5066154469198971E+039   1.8102484524875103E+050   6.8368843314185541E+048   5.7599700960189105E+040   1.1569453996386053E+029   4775259441038111.0        90.889000573110167        6.9543769068498664E-012   7.3891756321476675E-024   4.3143926097549182E-036  -8.6708691866814441E-043  -3.9808098558712146E-050  -7.4241529044296681E-057  -2.8227339628490392E-063  -7.6643771685642672E-070
  -2.4219586201172551E+039   1.7529171813814979E+050   6.5344231421383218E+048   5.4383814342528760E+040   1.0801223382163287E+029   4420245652755155.0        83.585629617195309        6.3545308351094954E-012   6.7040275810080507E-024   3.8841717752410567E-036  -7.7431058184943851E-043  -3.5259919317468685E-050  -6.5259594034912110E-057  -2.4679555429542913E-063  -6.7972468510965642E-070
  -2.3400776271570402E+039   1.6973141705617032E+050   6.2451664908789071E+048   5.1345609358080497E+040   1.0083398022261372E+029   4091362937947083.5        76.865462674332775        5.8062168620517122E-012   6.0822115868748313E-024   3.4967294296434347E-036  -6.9143186923698825E-043  -3.1229614211777341E-050  -5.7359310183795303E-057  -2.1573714284061054E-063  -6.0200033050832024E-070
  -2.2608838954471870E+039   1.6433915491045551E+050   5.9685481913731095E+048   4.8475389335095432E+040   9.4127117102604055E+028   3786707511114373.0        70.682240770296588        5.3050278127973698E-012   5.5178941532809800E-024   3.1478256758011941E-036  -6.1739838953878607E-043  -2.7658442991227939E-050  -5.0411109151521771E-057  -1.8855357903988926E-063  -5.3248708424740114E-070
  -2.1842915976169837E+039   1.5911025585359020E+050   5.7040257319649346E+048   4.5763978951546322E+040   8.7861070692156639E+028   3504512800664913.5        64.993347328483381        4.8469315187733195E-012   5.0057769466101961E-024   2.8336393016910651E-036  -5.5126922740800883E-043  -2.4494298865446071E-050  -4.4300847988056381E-057  -1.6476648902750356E-063  -4.7044307433665236E-070
  -2.1102175694433751E+039   1.5404015386246251E+050   5.4510793212153978E+048   4.3202696716902878E+040   8.2007223964401302E+028   3243139673428866.5        59.759523682481479        4.4282390915179155E-012   4.5410479260237476E-024   2.5507266090930253E-036  -4.9220318600953255E-043  -2.1690963157267034E-050  -3.8927985917940426E-057  -1.4395579521129177E-063  -4.1516822918688404E-070
  -2.0385812301077735E+039   1.4912439126067843E+050   5.2092109698592315E+048   4.0783328872573129E+040   7.6538793230909432E+028   3001067346749759.5        54.944606607952508        4.0455758630066908E-012   4.1193369125550593E-024   2.2959842713571826E-036  -4.3944826353357356E-043  -1.9207443218790244E-050  -3.4203974781930720E-057  -1.2575272807893813E-063  -3.6600784684139937E-070
  -1.9693045047226525E+039   1.4435861719051740E+050   4.9779436078577077E+048   3.8498104640126419E+040   7.1430712390897848E+028   2776884940484344.5        50.515286186984213        3.6958547700704888E-012   3.7366751965947174E-024   2.0666158281653441E-036  -3.9233223489050909E-043  -1.7007384371845402E-050  -3.0050838354986767E-057  -1.0983365783758849E-063  -3.2235423818929318E-070
  -1.9023117490684903E+039   1.3973858604050809E+050   4.7568202353279393E+048   3.6339672749802375E+040   6.6659524368380481E+028   2569283624493363.5        46.440882445769113        3.3762519788699211E-012   3.3894588189146738E-024   1.8601014630937920E-036  -3.5025422316900547E-043  -1.5058547651297549E-050  -2.6399918598216454E-057  -9.5914652501627841E-064  -2.8364692916742108E-070
  -1.8375296764829629E+039   1.3526015583431289E+050   4.5454031061636045E+048   3.4301079185049020E+040   6.2203279299507264E+028   2377049320237923.0        42.693139324629783        3.0841845622764230E-012   3.0744151931129699E-024   1.6741707440588511E-036  -3.1267715741473684E-043  -1.3332346035647717E-050  -2.3190769420303694E-057  -8.3746679234367512E-064  -2.4937180662368784E-070
  -1.7748872868455879E+039   1.3091928658624245E+050   4.3432729431962325E+048   3.2375746081925547E+040   5.8041439058365395E+028   2199055917925630.5        39.246034648743446        2.8172900585131175E-012   2.7885727671804233E-024   1.5067780377096269E-036  -2.7912102402914134E-043  -1.1803432656495174E-050  -2.0370180757351209E-057  -7.3111374901551112E-064  -2.1905951109855380E-070
  -1.7143157976022683E+039   1.2671203862837183E+050   4.1500281837798543E+048   3.0557451725158224E+040   5.4154787734053451E+028   2034258973290444.0        36.075604869067504        2.5734077536403713E-012   2.5292334490547095E-024   1.3560803368365135E-036  -2.4915682872262558E-043  -1.0449335197295477E-050  -1.7891317760490813E-057  -6.3817320001295659E-064  -1.9228331390587590E-070
  -1.6557485767754851E+039   1.2263457091389911E+050   3.9652842547150276E+048   2.8840311585456930E+040   5.0525347694953746E+028   1881689850552704.0        33.159783436534504        2.3505615435340428E-012   2.2939475457699084E-024   1.2204172651733083E-036  -2.2240119459749265E-043  -9.2501313320184830E-051  -1.5712961636152025E-057  -5.5696757483555791E-064  -1.6865666276206047E-070
  -1.5991210779070993E+039   1.1868313930107609E+050   3.7886728754608480E+048   2.7218760345389503E+040   4.7136300897902003E+028   1740450280402584.8        30.478251759131698        2.1469442429939904E-012   2.0804909883442618E-024   1.0982930468425235E-036  -1.9851152968432443E-043  -8.1881606243043262E-051  -1.3798840239609136E-057  -4.8602704543527133E-064  -1.4783053751187675E-070
  -1.5443707768819504E+039   1.1485409482174214E+050   3.6198413886155944E+048   2.5687534863678157E+040   4.3971915120463649E+028   1609707303992256.5        28.012301771522782        1.9609032206235801E-012   1.8868446350711252E-024   9.8836024836025031E-037  -1.7718170420297493E-043  -7.2477688151476837E-051  -1.2117037900686158E-057  -4.2406411342547229E-064  -1.2949072332076390E-070
  -1.4914371105816743E+039   1.1114388193821581E+050   3.4584521166780981E+048   2.4241658030231400E+040   4.1017474813837214E+028   1488688575919479.5        25.744709220889909        1.7909272482180883E-012   1.7111754645658147E-024   8.8940511978978628E-037  -1.5813818404784607E-043  -6.4150808788072736E-051  -1.0639475181190590E-057  -3.6995125846027496E-064  -1.1335508147211799E-070
  -1.4402614173193092E+039   1.0754903679203131E+050   3.3041817441328086E+048   2.2876423466559592E+040   3.8259216292094407E+028   1376678001047773.2        23.659616841120279        1.6356344626644917E-012   1.5518194869368864E-024   8.0033437850288766E-037  -1.4113657258051854E-043  -5.6777996286079751E-051  -9.3414503444893471E-058  -3.2270128634038224E-064  -9.9170876326596724E-071
  -1.3907868790064577E+039   1.0406618544775976E+050   3.1567207239316480E+048   2.1587381028450354E+040   3.5684266990584868E+028   1273011681744584.8        21.742426650743788        1.4937613468554891E-012   1.4072662169425526E-024   7.2016329424678667E-037  -1.2595851781736865E-043  -5.0250270119914833E-051  -8.2012352744026715E-058  -2.8145005694199656E-064  -8.6712200001900564E-071
  -1.3429584650059012E+039   1.0069204213491586E+050   3.0157727074753496E+048   2.0370323069902397E+040   3.3280588542453686E+028   1177074153737406.8        19.979700668533845        1.3641526439187383E-012   1.2761445670967286E-024   6.4800494798036487E-037  -1.1240894658507490E-043  -4.4471055524114595E-051  -7.1997194273014304E-058  -2.4544130901188685E-064  -7.5777523039484363E-071
  -1.2967228776236932E+039   9.7423407490730994E+049   2.8810539972258803E+048   1.9221271429341285E+040   3.1036923437388394E+028   1088294890296436.1        18.359069394765381        1.2457521262157994E-012   1.1572100315279714E-024   5.8306054937559195E-037  -1.0031359123636980E-043  -3.9354776787709992E-051  -6.3200961504223095E-058  -2.1401333170312477E-064  -6.6187389020802833E-071
  -1.2520284991958944E+039   9.4257166806360889E+049   2.7522930211097548E+048   1.8136465101068779E+040   2.8942745040989528E+028   1006145055858320.2        16.869147456112856        1.1375941471268245E-012   1.0493330430809044E-024   5.2461070910859732E-037  -8.9516778120034916E-044  -3.4825609349095354E-051  -5.5475863620506054E-058  -1.8658726187599807E-064  -5.7782263192076600E-071
  -1.2088253407261574E+039   9.1190288278898971E+049   2.6292298278996508E+048   1.7112348556736013E+040   2.6988210766593322E+028   930134491515737.75        15.499455858372801        1.0387959096551294E-012   9.5148839678612725E-025   4.7200757220433215E-037  -7.9879450226094227E-044  -3.0816372855914439E-051  -4.8691951752092950E-058  -1.6265681204930611E-064  -5.0420539172999648E-071
  -1.1670649920314752E+039   8.8219821271378364E+049   2.5116156027886365E+048   1.6145560683381356E+040   2.5164118204014392E+028   859808916018377.62        14.240350333891756        9.4855039140497251E-013   8.6274564250476409E-025   4.2466772785455889E-037  -7.1277399318119836E-044  -2.7267549345870650E-051  -4.2734975645849399E-058  -1.4177925681247975E-064  -4.3976703369999383E-071
  -1.1267005733544410E+039   8.5342894582769741E+049   2.3992122023975481E+048   1.5232924306241962E+040   2.3461864021567504E+028   794747327068272.25        13.082955310034786        8.6611987054711518E-013   7.8226035836291058E-025   3.8206581939562386E-037  -6.3599685454272966E-044  -2.4126412474935468E-051  -3.7504496343798542E-058  -1.2356752581737139E-064  -3.8339653470468567E-071
  -1.0876866884013986E+039   8.2556714729815884E+049   2.2917917084816328E+048   1.4371436266136417E+040   2.1873405468912623E+028   734559588752007.12        12.019103061484534        7.9083000202764836E-013   7.0926622460716864E-025   3.4372878559588700E-037  -5.6747224118331779E-044  -2.1346255293464862E-051  -3.2912224494993248E-058  -1.0768326944658109E-064  -3.3411165102870570E-071
  -1.0499793787668782E+039   7.9858564242386939E+049   2.1891359996274574E+048   1.3558258022728221E+040   2.0391224318787180E+028   678884191939314.38        11.041277642840976        7.2206439753077496E-013   6.4306782480599641E-025   3.0923067114032551E-037  -5.0631523259485088E-044  -1.8885705469882582E-051  -2.8880557500758599E-058  -9.3830779159942652E-065  -2.9104499200236988E-071
  -1.0135360797057040E+039   7.7245799973893815E+049   2.0910363402553465E+048   1.2790706756420170E+040   1.9008293095581965E+028   627386175396790.38        10.142563229106603        6.5925966660739569E-013   5.8303410795741028E-025   2.7818795028181239E-037  -4.5173554400195362E-044  -1.6708118105129261E-051  -2.5341291852233177E-058  -8.1751658582688839E-065  -2.5343141633290497E-071
  -9.7831557721512144E+038   7.4715851428157463E+049   1.9972929862661773E+048   1.2066246942999923E+040   1.7718043448020027E+028   579755196221580.88        9.3165965203825145        6.0190087995775879E-013   5.2859245110055326E-025   2.5025531311827429E-037  -4.0302743637479134E-044  -1.4781037386185896E-051  -2.2234489809095743E-058  -7.1220153824083957E-065  -2.2059666149332068E-071
  -9.4427796639025768E+038   7.2266219104003187E+049   1.9077148066942717E+048   1.1382482376461952E+040   1.6514336531943210E+028   535703738997065.44        8.5575228936482723        5.4951741913477862E-013   4.7922326752039075E-025   2.2512186890968457E-037  -3.5956069854714010E-044  -1.3075719308952835E-051  -1.9507482031992785E-058  -6.2039062488277934E-065  -1.9194711456277325E-071
  -9.1138461101714895E+038   6.9894472858725548E+049   1.8221189207504351E+048   1.0737148616672315E+040   1.5391435277433287E+028   494965453814830.25        7.8599560090160265        5.0167917993960775E-013   4.3445511063022837E-025   2.0250772532043285E-037  -3.2077258796676528E-044  -1.1566708573224361E-051  -1.7113989956237722E-058  -5.4036150524348443E-065  -1.6696063342001877E-071
  -8.7959810436849586E+038   6.7598250291454451E+049   1.7403303496608213E+048   1.0128105839723704E+040   1.4343978422222847E+028   457293613998293.81        7.2189406004919157        4.5799309953519157E-013   3.9386022816043809E-025   1.8216090650786382E-037  -2.8616062856194766E-044  -1.0231463527569876E-051  -1.5013353614285888E-058  -4.7061014606711825E-065  -1.4517832949556646E-071
  -8.4888223116819303E+038   6.5375255147346573E+049   1.6621816827283022E+048   9.5533320699520288E+039   1.3366956200614820E+028   422459685006672.31        6.6299182021859613        4.1809997982765258E-013   3.5705052541422384E-025   1.6385457661901760E-037  -2.5527617491131298E-044  -9.0500237304119080E-052  -1.3169852308921628E-058  -4.0982335271010063E-065  -1.2619722685461339E-071
  -8.1920193069155378E+038   6.3223255743423660E+049   1.5875127570634311E+048   9.0109167736542641E+039   1.2455687583955814E+028   390251996596794.19        6.0886955802171716        3.8167158197844772E-013   3.2367390010952222E-025   1.4738453854307256E-037  -2.2771866148458759E-044  -8.0047153050873404E-052  -1.1552107034249095E-058  -3.5685472670565610E-065  -1.0966371679523770E-071
  -7.9052326096901375E+038   6.1140083416785708E+049   1.5161703504518932E+048   8.4990547955638587E+039   1.1605798975122759E+028   360474510877652.94        5.5914156583848653        3.4840796902982253E-013   2.9341091474378519E-025   1.3256698073124512E-037  -2.0313046429664256E-044  -7.0798898097417949E-052  -1.0132554860669751E-058  -3.1070362667958525E-065  -9.5267732082637953E-072
  -7.6281336406193956E+038   5.9123630995837567E+049   1.4480078868444601E+048   8.0160406201064462E+039   1.0813204265509179E+028   332945679411283.44        5.1345307421323296        3.1803507556823255E-013   2.6597177552615855E-025   1.1923644757016888E-037  -1.8119230999117257E-044  -6.2616928251472205E-052  -8.8869866635956876E-059  -2.7049676127117541E-065  -8.2737570154210910E-072
  -7.3604043237997160E+038   5.7171851295085544E+049   1.3828851539741239E+048   7.5602629403774038E+039   1.0074086168659404E+028   307497382996257.81        4.7147778605190318        2.9030248512979590E-013   2.4109358974734249E-025   1.0724401120726195E-037  -1.6161917423767283E-044  -5.5378588917177867E-052  -7.7941406018598555E-059  -2.3547208805071562E-065  -7.1835299936329405E-072
  -7.1017367601015947E+038   5.5282755633981396E+049   1.3206680326230609E+048   7.1301995186564943E+039   9.3848787500175487E+027   283973948219246.88        4.3291560599389109        2.6498139768205155E-013   2.1853787602662709E-025   9.6455624902779917E-038  -1.4415661747037466E-044  -4.8975298071511076E-052  -6.8353446567131040E-059  -2.0496473231518425E-065  -6.2352692174344222E-072
  -6.8518329102890204E+038   5.3454412380221123E+049   1.2612282370795502E+048   6.7244123231049532E+039   8.7422510772540975E+027   262231235277970.53        3.9749054962633905        2.4186277100971554E-013   1.9808830421139254E-025   8.6750639946164559E-038  -1.2857751149601991E-044  -4.3310936335958570E-052  -5.9942023401540945E-059  -1.7839467472733626E-065  -5.4107618293184718E-072
  -6.6104042876850263E+038   5.1684945517835978E+049   1.2044430663418613E+048   6.3415429260796870E+039   8.1430919203245730E+027   242135791967649.75        3.6494881840313318        2.2075562120014195E-013   1.7954864382782357E-025   7.8020469944720779E-038  -1.1467911541653472E-044  -3.8300420628054985E-052  -5.2563163846850075E-059  -1.5525598760832375E-065  -4.6940867707497040E-072
  -6.3771716601087124E+038   4.9972533240351604E+049   1.1501951656424729E+048   5.9803081502489665E+039   7.5844954348209680E+027   223564069084703.16        3.3505702723301232        2.0148546867725793E-013   1.6274090191189205E-025   7.0167387889366642E-038  -1.0228046371344949E-044  -3.3868440536162158E-052  -4.6090458465265008E-059  -1.3510742680259285E-065  -4.0713338141347296E-072
  -6.1518647608165914E+038   4.8315406569232573E+049   1.0983722978818246E+048   5.6394959494065979E+039   7.0637477663139358E+027   206401692837834.69        3.0760057271826522        1.8389291738043516E-013   1.4750363280427881E-025   6.3103442842155022E-038  -9.1220033277673821E-045  -2.9948338920503440E-052  -4.0412926006725165E-059  -1.1756420985046853E-065  -3.5303557869953292E-072
  -5.9342220081881650E+038   4.6711847997774304E+049   1.0488671245760926E+048   5.3179615115583344E+039   6.5783145172681440E+027   190542790169518.69        2.8238213096393805        1.6783235573588014E-013   1.3369040408773892E-025   5.6749484388777832E-038  -8.1353659689633942E-045  -2.6481120337412249E-052  -3.5433136875871393E-059  -1.0229083212138792E-065  -3.0605502845243855E-072
  -5.7239902339026421E+038   4.5160190160553875E+049   1.0015769959383083E+048   5.0146235724974522E+039   6.1258290217601100E+027   175889363181856.22        2.5922027474330327        1.5317076903073781E-013   1.2116840429491877E-025   5.1034284170151781E-038  -7.2552676204446587E-045  -2.3414572741771145E-052  -3.1065563954992220E-059  -8.8994790926164978E-066  -2.6526675409165746E-072
  -5.5209244193605489E+038   4.3658814528505276E+049   9.5640374972640811E+047   4.7284609286969383E+039   5.7040813766511504E+027   162350709131346.53        2.3794820060413184        1.3978665368160315E-013   1.0981717933198591E-025   4.5893744862935881E-038  -6.4702251713770631E-045  -2.0702489571138356E-052  -2.7235133358980371E-059  -7.7421103746350981E-066  -2.2986414737086026E-072
  -5.3247874401106492E+038   4.2206150129639526E+049   9.1325351850567439E+047   4.4585091389258457E+039   5.3110081810813286E+027   149842882708707.31        2.1841255723717881        1.2756902469631258E-013   9.9527485760610668E-026   4.1270187930707074E-038  -5.7699906475233258E-045  -1.8303980777584102E-052  -2.3875950989453667E-059  -6.7347520863068915E-066  -1.9914412297385005E-072
  -5.1353498180491015E+038   4.0800672295390822E+049   8.7203654498635653E+047   4.2038574045481176E+039   4.9446829391660864E+027   138288197553786.64        2.0047236710800935        1.1641650836695885E-013   9.0200250168743853E-026   3.7111712325696863E-038  -5.1454186653184761E-045  -1.6182862670661921E-052  -2.0930183653671587E-059  -5.8580345075113752E-066  -1.7249408475239113E-072
  -4.9523894811640873E+038   3.9440901432532573E+049   8.3266700511018006E+047   3.9636456189850836E+039   4.6033070836075404E+027   127614764173081.41        1.8399803398023544        1.0623651290875035E-013   8.1745624849191769E-026   3.3371617094646297E-038  -4.5883480729035198E-045  -1.4307117585770515E-052  -1.8347076066233989E-059  -5.0950782076860784E-066  -1.4938049104007038E-072
  -4.7756915306054493E+038   3.8125401820572331E+049   7.9506283857190533E+047   3.7370615773192796E+039   4.2852015805879882E+027   117756061629527.09        1.6887042953646281        9.6944470378844863E-014   7.4082130903216388E-026   3.0007881539756331E-038  -4.0914962640672046E-045  -1.2648415412893775E-052  -1.6082087298837525E-059  -4.4311754605866390E-066  -1.2933882993420206E-072
  -4.6050480148647781E+038   3.6852780434503911E+049   7.5914558647413267E+047   3.5233383374885888E+039   3.9887990788053163E+027   108650540562135.38        1.5498005283651117        8.8463143776428576E-014   6.7135880702500735E-026   2.6982697214373042E-038  -3.6483648120929278E-045  -1.1181689925977527E-052  -1.4096132221810268E-059  -3.8535121831149098E-066  -1.1196483657550334E-072
  -4.4402577108574229E+038   3.5621685792764987E+049   7.2484023582516556E+047   3.3217517249669107E+039   3.7126365678477014E+027   100241255267707.88        1.4222625684422903        8.0721993744478439E-014   6.0839872384282085E-026   2.4262046599700551E-038  -3.2531552144886542E-045  -9.8847636560068612E-053  -1.2354915222704439E-059  -3.3509252779665870E-066  -9.6906803450620303E-073
  -4.2811259117035851E+038   3.4430806830222780E+049   6.9207507060092755E+047   3.1316179732521845E+039   3.4553485132983420E+027   92475522739171.469        1.3051653670768237        7.3656599768874816E-014   5.5133349728063653E-026   2.1815323819568599E-038  -2.9006936682934999E-045  -8.7380157627325531E-053  -1.0828345020084447E-059  -2.9136909016872532E-066  -8.3858851770847771E-073
  -4.1274642210112934E+038   3.3278871795985393E+049   6.6078152910275733E+047   2.9522914928854487E+039   3.2156604380182813E+027   85304606705919.484        1.1976587489560375        6.7208131205508326E-014   4.9961221374245441E-026   1.9614993210590613E-038  -2.5863639107168023E-045  -7.7240879912073787E-053  -9.4900207396611623E-060  -2.5333397418701084E-066  -7.2555047211254394E-073
  -3.9790903534694780E+038   3.2164647175815023E+049   6.3089406735332176E+047   2.7831627621068511E+039   2.9923829209849901E+027   78683424861712.141        1.0989613867847574        6.1322863864146716E-014   4.5273533900890803E-026   1.7636281979889014E-038  -2.3060472627161755E-045  -6.8276243589339224E-053  -8.3167806070106468E-060  -2.2024958794600894E-066  -6.2764256889935467E-073
  -3.8358279415648357E+038   3.1086936638898068E+049   6.0235002828293436E+047   2.6236563326172984E+039   2.7844059868743677E+027   72570277595921.391        1.0083552579801536        5.5951738242188471E-014   4.1024993779769704E-026   1.5856903556410115E-038  -2.0560691050514139E-045  -6.0350407155732851E-053  -7.2883056555992022E-060  -1.9147362430451968E-066  -5.4285656580264739E-073
  -3.6975063482411593E+038   3.0044580008710120E+049   5.7508951646826175E+047   2.4732289442584363E+039   2.5906938612708889E+027   66926596664906.172       0.92518054496447422        5.1049955834880611E-014   3.7174533691447381E-026   1.4256808578735364E-038  -1.8331510985155313E-045  -5.3343207569917896E-053  -6.3867717677494598E-060  -1.6644680391715043E-066  -4.6944807922953468E-073
  -3.5639604853251542E+038   2.9036452257696308E+049   5.4905527819473813E+047   2.3313677427501222E+039   2.4102800679822762E+027   61716712352712.461       0.84883094378958801        4.6576610253721895E-014   3.3684919095739384E-026   1.2817960765858557E-038  -1.6343685334763130E-045  -4.7148354652948564E-053  -5.5965441745365829E-060  -1.4468218727500548E-066  -4.0590234972378586E-073
  -3.4350306375474251E+038   2.8061462525473380E+049   5.2419258662300880E+047   2.1975885949340891E+039   2.2422628464273097E+027   56907637774712.922       0.77874934861093870        4.2494350163997912E-014   3.0522391332172473E-026   1.1524135190922299E-038  -1.4571122594859831E-045  -4.1671832920645182E-053  -4.9039092516281299E-060  -1.2575585603597026E-066  -3.5090437895648448E-073
  -3.3105622919923687E+038   2.7118553160246323E+049   5.0044913184839646E+047   2.0714344962661584E+039   2.0858008684645702E+027   52468869074794.492       0.71442388209421592        3.8769071307890132E-014   2.7656343868671694E-026   1.0360736724352841E-038  -1.2990547043598569E-045  -3.6830487082928420E-053  -4.2968390734320462E-060  -1.0929878918061537E-066  -3.0331289155767358E-073
  -3.1904059728152401E+038   2.6206698783120731E+049   4.7777491565073259E+047   1.9524740655777705E+039   1.9401092353414831E+027   48372200356787.078       0.65538424420265284        3.5369635113370976E-014   2.5059028628708578E-026   9.3146366348699207E-039  -1.1581195445271028E-045  -3.2550770159375472E-053  -3.7647847378634441E-060  -9.4989781616398336E-067  -2.6213764154788273E-073
  -3.0744170810692982E+038   2.5324905374981505E+049   4.5612215073994455E+047   1.8403001223916861E+039   1.8044557366726686E+027   44591552274494.750       0.60119835399201571        3.2267611602978252E-014   2.2705289610485065E-026   8.3740255368860836E-039  -1.0324546352796647E-045  -2.8767635565656443E-053  -3.2984949576279768E-060  -8.2549272164471506E-067  -2.2651964182457856E-073
  -2.9624557394904226E+038   2.4472209385599969E+049   4.3544516431054056E+047   1.7345283423270105E+039   1.6781573545090647E+027   41102813282384.039       0.55146926104845850        2.9437044512235640E-014   2.0572321269012406E-026   7.5282810530196527E-039  -9.2040785138088377E-046  -2.5423556656987704E-053  -2.8898568391144798E-060  -7.1733964745520013E-067  -1.9571394695213576E-073
  -2.8543866420908409E+038   2.3647676864622632E+049   4.1570030572558149E+047   1.6347959863660820E+039   1.5605769966395271E+027   37883692621134.492       0.50583230505480448        2.6854236706495741E-014   1.8639449365562151E-026   6.7678487227849206E-039  -8.2050552587275748E-046  -2.2467659103371632E-053  -2.5317561438082348E-060  -6.2332141336636351E-067  -1.6907466515945497E-073
  -2.7500789084179201E+038   2.2850402614089126E+049   3.9684585815791898E+047   1.5407606999807397E+039   1.4511204442789503E+027   34913584179245.191       0.46395250367576191        2.4497554148734938E-014   1.6887932201083870E-026   6.0841348347581367E-039  -7.3143320831348798E-046  -1.9854953144742078E-053  -2.2179546557564071E-060  -5.4159578165869133E-067  -1.4604191565520915E-073
  -2.6494059423380277E+038   2.2079509362120205E+049   3.7884195402338324E+047   1.4520993783287982E+039   1.3492335002456585E+027   32173440434089.609       0.42552215052341508        2.2347246820622365E-014   1.5300780342772396E-026   5.4694099912401330E-039  -6.5201849350831828E-046  -1.7545654256649546E-053  -1.9429825674781199E-060  -4.7055987877525561E-067  -1.2613048274506720E-073
  -2.5522452952095076E+038   2.1334146957412626E+049   3.6165049404725004E+047   1.3685070939336758E+039   1.2543993246197817E+027   29645655733553.324       0.39025860641152721        2.0385285136198983E-014   1.3862593127816284E-026   4.9167223330811827E-039  -5.8121569844514703E-046  -1.5504582070483938E-053  -1.7020440506012725E-060  -4.0881920243498753E-067  -1.0891994933192940E-073
  -2.4584785333127014E+038   2.0613491584173478E+049   3.4523506981172486E+047   1.2896960834517681E+039   1.1661359457072525E+027   27313958232992.754       0.35790226844038675        1.8595210512823308E-014   1.2559410387096371E-026   4.4198194591949805E-039  -5.1809218895055820E-046  -1.3700628555675251E-053  -1.4909344006412039E-060  -3.5516062592470857E-067  -9.4046119694276505E-074
  -2.3679911094087459E+038   1.9916744997123728E+049   3.2956088963832071E+047   1.2153947903136835E+039   1.0839939349144674E+027   25163309852010.988       0.32821470268205249        1.6961998878658941E-014   1.1378577975707933E-026   3.9730781715322198E-039  -4.6181617884421808E-046  -1.2106287501886650E-053  -1.3059673414219764E-060  -3.0852888636257069E-067  -8.1193565410865840E-074
  -2.2806722383025630E+038   1.9243133776198642E+049   3.1459470766493778E+047   1.1453469601975246E+039   1.0075542348697186E+027   23179813661729.887       0.30097692736709186        1.5471936000805964E-014   1.0308625827994097E-026   3.5714412629621609E-039  -4.1164584336069157E-046  -1.0697238252040746E-053  -1.1439112469436151E-060  -2.6800610927775191E-067  -7.0089149325525744E-074
  -2.1964147762890665E+038   1.8591908600570879E+049   3.0030475598313594E+047   1.0793107864554398E+039   9.3642613081234164E+026   21350628156102.402       0.27598783451586645        1.4112503614044231E-014   9.3391573735246044E-027   3.2103606435699007E-039  -3.6691960556939549E-046  -9.4519774455062433E-054  -1.0019331898903975E-060  -2.3279397908053455E-067  -6.0496400873388826E-074
  -2.1151151043651074E+038   1.7962343541621853E+049   2.8666067970657315E+047   1.0170581027691120E+039   8.7024535591203479E+026   19663887900588.316       0.25306273891708214        1.2872275417824885E-014   8.4607492582402406E-027   2.8857461711721716E-039  -3.2704746967184517E-046  -8.3514932468040436E-054  -8.7754985898328365E-061  -2.0219821495255373E-067  -5.2210632229971580E-074
  -2.0366730150930618E+038   1.7353735374486304E+049   2.7363347484683252E+047   9.5837362045617673E+038   8.0867232178162804E+026   18108630088432.219       0.23203204424013091        1.1740822089313613E-014   7.6648604128178020E-027   2.5939196151552010E-039  -2.9150328858379888E-046  -7.3789771693070390E-054  -7.6858450422705463E-061  -1.7561505528719168E-067  -4.5054698872187407E-074
  -1.9609916030053258E+038   1.6765402907795698E+049   2.6119542887793272E+047   9.0305420798819255E+038   7.5139046600927911E+026   16674726569036.684       0.21274001688166819        1.0708624533594015E-014   6.9437495991084686E-027   2.3315732397380022E-039  -2.5981786529106972E-046  -6.5195691649475744E-054  -6.7312917174515694E-061  -1.5251949185796445E-067  -3.8875320499235363E-074
  -1.8879771584421443E+038   1.6196686331246941E+049   2.4932006387566584E+047   8.5090821041208844E+038   6.9810470906306650E+026   15352820944706.514       0.19504365889637110        9.7669946591665753E-015   6.2904006460955556E-027   2.0957325440888957E-039  -2.3157279825604116E-046  -5.7601321481901149E-054  -5.8951158005275489E-061  -1.3245502809079350E-067  -3.3539889066667585E-074
  -1.8175390647183834E+038   1.5646946580624431E+049   2.3798208212258733E+047   8.0175480649136534E+038   6.4854001341439438E+026   14134270361528.146       0.17881167205196868        8.9080030281629826E-015   5.6984546599611343E-027   1.8837227429351921E-039  -2.0639499078520911E-046  -5.0890525628128257E-054  -5.1626606880371239E-061  -1.1502476477853499E-067  -2.8933700128969913E-074
  -1.7495896985178859E+038   1.5115564719905280E+049   2.2715731407396425E+047   7.5542340150112428E+038   6.0244003818868665E+026   13011091647504.949       0.16392350568409625        8.1244127867264183E-015   5.1621485592310631E-027   1.6931386129136853E-039  -1.8395175286972189E-046  -4.4960639898747103E-054  -4.5210812059041972E-061  -9.9883641840124845E-068  -2.4957551932437147E-074
  -1.6840443334170140E+038   1.4601941340079855E+049   2.1682266858430823E+047   7.1175305372254133E+038   5.5956588308446407E+026   11975911476447.189       0.15026848161159376        7.4096193322343105E-015   4.6762593462078605E-027   1.5218173673701538E-039  -1.6394643169100696E-046  -3.9720911403882163E-054  -3.9591201744619284E-061  -8.6731686761626749E-068  -2.1525663898817083E-074
  -1.6208210464418628E+038   1.4105495974322650E+049   2.0695608529825828E+047   6.7059193278803048E+038   5.1969491570691996E+026   11021920259655.965       0.13774498991151896        6.7575952208707495E-015   4.2360535805664119E-027   1.3678142560416337E-039  -1.4611451384065418E-046  -3.5091118817787093E-054  -3.4669124732679912E-061  -7.5308139572639430E-068  -1.8563872421282800E-074
  -1.5598406275664556E+038   1.3625666529151358E+049   1.9753648911355688E+047   6.3179680812835333E+038   4.8261967684126452E+026   10142829489275.139       0.12625974984903007        6.1628398618671010E-015   3.8372415705928565E-027   1.2293806164171533E-039  -1.3022014842569854E-046  -3.1000352177178069E-054  -3.0358132293456255E-061  -6.5386340967432708E-068  -1.6008067372249846E-074
  -1.5010264920619290E+038   1.3161908731215499E+049   1.8854374662769107E+047   5.9523256586764313E+038   4.4814685854605135E+026   9332832277436.6250       0.11572713071377906        5.6203335838637899E-015   3.4759358425589841E-027   1.1049441309053884E-039  -1.1605304569591019E-046  -2.7385933803772932E-054  -2.6582471659020389E-061  -5.6769284789070298E-068  -1.3802837497997347E-074
  -1.4443045956093892E+038   1.2713695589359615E+049   1.7995862448343386E+047   5.6077175260195965E+038   4.1609635027891006E+026   8586566854105.4238       0.10606852773466080        5.1254956946192462E-015   3.1486134895669192E-027   9.9309106854262705E-040  -1.0342571070886688E-046  -2.4192464061171589E-054  -2.3275765115263192E-061  -4.9285748830235936E-068  -1.1900297036333516E-074
  -1.3896033520916841E+038   1.2280516871609806E+049   1.7176274953204961E+047   5.2829414458187250E+038   3.8630034857806389E+026   7899082803947.6826        9.7211788631539064E-002   4.6741461879899756E-015   2.8520820382568435E-027   8.9255031212311171E-040  -9.2170975904184923E-047  -2.1370977532428619E-054  -2.0379851884923398E-061  -4.2786929005476856E-068  -1.0259069518197087E-074
  -1.3368535539818574E+038   1.1861878596736863E+049   1.6393857073630781E+047   4.9768634089991883E+038   3.5860252611402087E+026   7265809838695.3506        8.9090686718563725E-002   4.2624707819924700E-015   2.5834485053934285E-027   8.0217899157069645E-040  -8.2139800346348265E-047  -1.8878196865315270E-054  -1.7843772784839055E-061  -3.7143511624780467E-068  -8.8434078700913906E-075
  -1.2859882952484553E+038   1.1457302540053236E+049   1.5646932273870123E+047   4.6884137935983864E+038   3.3285725619816679E+026   6682528916456.1426        8.1644436801338455E-002   3.8869889990734583E-015   2.3400913468519872E-027   7.2094956231609110E-040  -7.3199306866162255E-047  -1.6675873002045456E-054  -1.5622880095606766E-061  -3.2243126929999209E-068  -7.6224326811800315E-075
  -1.2369428967002761E+038   1.1066325753105869E+049   1.4933899102337792E+047   4.4165837377647664E+038   3.0892888908984314E+026   6145345533301.7178        7.4817250411729236E-002   3.5445250246801624E-015   2.1196350292011927E-027   6.4793818359628214E-040  -6.5231031428679824E-047  -1.4730201811027744E-054  -1.3678057236601850E-061  -2.7988134402683893E-068  -6.5694728888999723E-075
  -1.1896548336953883E+038   1.0688500096931643E+049   1.4253227860329298E+047   4.1604217152337015E+038   2.8669107668194883E+026   5650665025339.4492        6.8557927201597021E-002   3.2321811030381623E-015   1.9199269791872770E-027   5.8231426613051828E-040  -5.8129361820442405E-047  -1.3011308289381380E-054  -1.1975034730438349E-061  -2.4293696753201184E-068  -5.6614952157254274E-075
  -1.1440636661415430E+038   1.0323391788546889E+049   1.3603457416695364E+047   3.9190303020952503E+038   2.6602614236822246E+026   5195169731406.0635        6.2819479572090289E-002   2.9473132498952578E-015   1.7390166892022793E-027   5.2333107171170052E-040  -5.1800145216712907E-047  -1.1492790523681084E-054  -1.0483790600586713E-061  -2.1086105077750629E-068  -4.8786104971769711E-075
  -1.1001109707172172E+038   9.9705809603475359E+048   1.2983192162189101E+047   3.6915631242790046E+038   2.4682449310411475E+026   4775797877583.4395        5.7558787850098644E-002   2.6875090810441544E-015   1.5751367774819217E-027   4.7031725902785435E-040  -4.6159446391917401E-047  -1.0151316497873719E-054  -9.1780248022683818E-062  -1.8301322527784258E-068  -4.2036466122222628E-075
  -1.0577402752446932E+038   9.6296612321015841E+048   1.2391099097463191E+047   3.4772219757585716E+038   2.2898407086843416E+026   4389724054990.1875        5.2736283539671469E-002   2.4505675728487262E-015   1.4266858205227816E-027   4.2266928062626377E-040  -4.1132440302201312E-047  -8.9662676349992410E-055  -8.0346985647222109E-062  -1.5883718067600742E-068  -3.6217790923569979E-075
  -1.0168969951485938E+038   9.3002392952206775E+048   1.1825905048948285E+047   3.2752540980246805E+038   2.1240984091564113E+026   4034341171806.1782        4.8315658375122889E-002   2.2344805869092188E-015   1.2922127922111304E-027   3.7984454547029185E-040  -3.6652424523259874E-047  -7.9194236651692372E-055  -7.0336306442821896E-062  -1.3784965581005962E-068  -3.1202116715193775E-075
  -9.7752837193527978E+037   8.9819345090029715E+048   1.1286394007087202E+047   3.0849496118927618E+038   1.9701331437954222E+026   3707243769295.1494        4.4263597085558937E-002   2.0374160055398260E-015   1.1704029595786671E-027   3.4135527012176098E-040  -3.2659938592108112E-047  -6.9946840367623728E-055  -6.1571434715601092E-062  -1.1963086797085785E-068  -2.6879000688251580E-075
  -9.3958341363049504E+037   8.6743785085446530E+048   1.0771404581632654E+047   2.9056390931999284E+038   1.8271210294896753E+026   3406212599753.1182        4.0549531948930649E-002   1.8577023380156632E-015   1.0600650990895441E-027   3.0676294930535100E-040  -2.9101978698474756E-047  -6.1778216403332360E-055  -5.3897530391995788E-062  -1.0381619299537158E-068  -2.3153131901926414E-075
  -9.0301283711447622E+037   8.3772148240231276E+048   1.0279827568940400E+047   2.7366912844089680E+038   1.6942950348550484E+026   3129200371874.5039        3.7145417368607575E-002   1.6938146696829309E-015   9.6011991005159549E-028   2.7567338356159077E-040  -2.5931297418131447E-047  -5.4562651035729283E-055  -4.7178971339209840E-062  -9.0088933170288151E-069  -1.9942267109427278E-075
  -8.6776901229560069E+037   8.0900985110599803E+048   9.8106036264042508E+046   2.5775109345746649E+038   1.5709411059316612E+026   2874318576037.0845        3.4025522847946375E-002   1.5443618371147552E-015   8.6958951325307509E-028   2.4773220794896718E-040  -2.3105779292854562E-047  -4.8189063481321568E-055  -4.1296971808710427E-062  -7.8174031102531984E-069  -1.7175446748229928E-075
  -8.3380590806540544E+037   7.8126957918776103E+048   9.3627210493851776E+046   2.4275367605417401E+038   1.4563945528060326E+026   2639825308501.2588        3.1166242869392621E-002   1.4080747226258899E-015   7.8758793336394819E-028   2.2262087138301574E-040  -2.0587884054289113E-047  -4.2559304817053574E-055  -3.6147495510060341E-062  -6.7832606152636519E-069  -1.4791453290474645E-075
  -8.0107903997954163E+037   7.5446837069686894E+048   8.9352136461844009E+046   2.2862395226353960E+038   1.3500366797874212E+026   2424114019536.2666        2.8545922305203659E-002   1.2837955707146246E-015   7.1331247310720150E-028   2.0005302126362800E-040  -1.8344150174616743E-047  -3.7586654372186616E-055  -3.1639426933661229E-062  -5.8857206077345844E-069  -1.2737479215625039E-075
  -7.6954541961090071E+037   7.2857497770032304E+048   8.5271587067993789E+046   2.1531202084757725E+038   1.2512916429101989E+026   2225703116060.5396        2.6144696097759650E-002   1.1704682374552613E-015   6.4603589579089528E-028   1.7977125259761450E-040  -1.6344752217121513E-047  -3.3194490703471615E-055  -2.7692969024100968E-062  -5.1067680497669821E-069  -1.0967976260279984E-075
  -7.3916350552276696E+037   7.0355916747034344E+048   8.1376750613831838E+046   2.0277083188980206E+038   1.1596235196029236E+026   2043226354547.4546        2.3944342049405223E-002   1.0671292915882681E-015   5.8509934057757171E-028   1.6154418492256163E-040  -1.4563106164762106E-047  -2.9315116914063677E-055  -2.4238239237757812E-062  -4.4307594966555545E-069  -9.4436614080452950E-076
  -7.0989315581143609E+037   6.7939169064220343E+048   7.7659212245017767E+046   1.9095602502909357E+038   1.0745335763640198E+026   1875423964731.5872        2.1928145655549292E-002   9.7289989311076620E-016   5.2990590192837455E-028   1.4516383402591754E-040  -1.2975517533857604E-047  -2.5888722419005456E-055  -2.1214039466695103E-062  -3.8441114990498856E-069  -8.1306583827199981E-076
  -6.8169558216926967E+037   6.5604425031652755E+048   7.4110936214502880E+046   1.7982577679804407E+038   9.9555772121817781E+025   1721134449081.4890        2.0080776000997586E-002   8.8697838161486785E-016   4.7991481106224072E-028   1.3044324877118675E-040  -1.1560867641158937E-047  -2.2862465331908264E-055  -1.8566778335009515E-062  -3.3350298565815727E-069  -6.9997562677896190E-076
  -6.5453330542063899E+037   6.3348947208071651E+048   7.0724248930493218E+046   1.6934065655805061E+038   9.2226412860086005E+025   1579287007109.0618        1.8388171818802729E-002   8.0863351250829610E-016   4.3463616307684258E-028   1.1721438632812750E-040  -1.0300333893206407E-047  -2.0189661479874627E-055  -1.6249527025738767E-062  -2.8932743800658357E-069  -6.0257693526457907E-076
  -6.2837011248466101E+037   6.1170087492469897E+048   6.7491822754954995E+046   1.5946349055141623E+038   8.5425102513460034E+025   1448894537386.5867        1.6837436883847690E-002   7.3719828462876841E-016   3.9362613864312351E-028   1.0532620178928143E-040  -9.1771404134866258E-048  -1.7829067674337504E-055  -1.4221192121883200E-062  -2.5099545163032107E-069  -5.1869844517364956E-076
  -6.0317101472002851E+037   5.9065284302674228E+048   6.4406660519871528E+046   1.5015923361722235E+038   7.9114462552379464E+025   1329047173662.5063        1.5416743980436092E-002   6.7206430767480303E-016   3.5648267395952057E-028   9.4642930571013108E-041  -8.1763357213136564E-048  -1.5744248298765125E-055  -1.2445790984152473E-062  -2.1773517957918080E-069  -4.4646838010186622E-076
  -5.7890220760860138E+037   5.7032059838560633E+048   6.1462080729868415E+046   1.4139484814277612E+038   7.3259720850777969E+025   1218906314726.7273        1.4115246744820866E-002   6.1267666236118369E-016   3.2284153698104505E-028   8.5042544170514631E-041  -7.2845945317628751E-048  -1.3903015541713588E-055  -1.0891816975897867E-062  -1.8887655910598713E-069  -3.8427332448738441E-076
  -5.5553103173573496E+037   5.5068017427582611E+048   5.8651703421171236E+046   1.3313918984611098E+038   6.7828532347850806E+025   1117699110694.6143        1.2922998740290749E-002   5.5852921030398831E-016   2.9237277186362440E-028   7.6415361805242406E-041  -6.4900410630152546E-048  -1.2276934724629391E-055  -9.5316834132111707E-063  -1.6383791320722236E-069  -3.3072268192636985E-076
  -5.3302593502662007E+037   5.3170838950345924E+048   5.5969436648150515E+046   1.2536290000740926E+038   6.2790811899193892E+025   1024713371173.6304        1.1830879174551929E-002   5.0916031438148514E-016   2.6477747712314909E-028   6.8662802219877721E-041  -5.7820915202604482E-048  -1.0840887165036645E-055  -8.3412364924512394E-063  -1.4211431241609948E-069  -2.8461800421701290E-076
  -5.1135643619914592E+037   5.1338282344013146E+048   5.3409463569948213E+046   1.1803830378837119E+038   5.8118578498429619E+025   939292863364.14148        1.0830524717055088E-002   4.6414893373402148E-016   2.3978488623555137E-028   6.1696261527828403E-041  -5.1513136775497407E-048  -9.5726838922635835E-056  -7.2993286522686308E-063  -1.2326746609375415E-069  -2.4492652653027699E-076
  -4.9049308939500263E+037   4.9568179181373620E+048   5.0966230110862514E+046   1.1113931429856030E+038   5.3785810104819615E+025   860832970541.49902        9.9142669179635417E-003   4.2311106068634226E-016   2.1714972232992805E-028   5.5436104377237450E-041  -4.5893017039791289E-048  -8.4527243079209934E-056  -6.3874448833888137E-063  -1.0691694264119192E-069  -2.1075833433698692E-076
  -4.7040744995191525E+037   4.7858432323465175E+048   4.8634433169305263E+046   1.0464134208666232E+038   4.9768308363179561E+025   788776683584.20093        9.0750747709469996E-003   3.8569646972520166E-016   1.9664980127923502E-028   4.9810757011380518E-041  -4.0885645812571763E-048  -7.4636945686639352E-056  -5.5893754252780964E-063  -9.2732544295795412E-070  -1.8134666577261741E-076
  -4.5107204128104168E+037   4.6207013643682689E+048   4.6409009351232663E+046   9.8521209752466574E+037   4.6043572549887767E+025   722610900265.81384        8.3065019992023554E-003   3.5158575126714923E-016   1.7808385989789260E-028   4.4755891944570896E-041  -3.6424266386953880E-048  -6.5903010747183221E-056  -4.8909291004006365E-063  -8.0427684993348384E-070  -1.5603092062617637E-076
  -4.3246032281466746E+037   4.4611961821359453E+048   4.4285124204992064E+046   9.2757071392268652E+037   4.2590682123132867E+025   661863008928.55737        7.6026386783113898E-003   3.2048760532734172E-016   1.6126958813581325E-028   4.0213695010158645E-041  -3.2449388912911956E-048  -5.8190349834112958E-056  -4.2796822481548898E-063  -6.9753639615131221E-070  -1.3424200551360751E-076
  -4.1454665899040119E+037   4.3071380202854541E+048   4.2258161935525877E+046   8.7328336606360175E+037   3.9390187296983271E+025   606097734915.21167        6.9580668409866880E-003   2.9213637236977416E-016   1.4604184613484983E-028   3.6132206468533044E-041  -2.8908000089434943E-048  -5.1379641406250272E-056  -3.7447588441000740E-063  -6.0494550187374595E-070  -1.1548969526631319E-076
  -3.9730628923911697E+037   4.1583434728227926E+048   4.0323715576827358E+046   8.2215598812355016E+037   3.6424007097565671E+025   554914229763.78125        6.3678197376542036E-003   2.6628978060028664E-016   1.3225104880543992E-028   3.2464728700669144E-041  -2.5752858718120515E-048  -4.5365492418775254E-056  -3.2766379365757492E-063  -5.2463089594619699E-070  -9.9351734195241213E-077
  -3.8071529894489458E+037   4.0146351921631985E+048   3.8477577602459882E+046   7.7400567622361326E+037   3.3675334395795736E+025   507943384675.75806        5.8273444533782541E-003   2.4272689077243280E-016   1.1976170220552105E-028   2.9169293766109774E-041  -2.2941867800672474E-048  -4.0054814049725373E-056  -2.8669850117777808E-063  -4.5496696402924075E-070  -8.5464438601915610E-077
  -3.6475059134619409E+037   3.8758416943594355E+048   3.6715730954826215E+046   7.2866005055481184E+037   3.1128547444873149E+025   464845351162.86237        5.3324676060408577E-003   2.2124622122772702E-016   1.0845107747623375E-028   2.6208184781808474E-041  -2.0437514872595586E-048  -3.5365386634711022E-056  -2.5085043181098720E-063  -3.9454305718837896E-070  -7.3514594498049803E-077
  -3.4938986034844111E+037   3.7417971703412662E+048   3.5034340474713824E+046   6.8595665369850511E+037   2.8769127482292416E+025   425307253067.07996        4.8793638731152592E-003   2.0166403739954354E-016   9.8208009423681863E-029   2.3547505687594505E-041  -1.8206373165921040E-048  -3.1224591795889727E-056  -2.1948095484858309E-063  -3.4213510857924459E-070  -6.3232472656270576E-077
  -3.3461156421912973E+037   3.6123413029926684E+048   3.3429744713445009E+046   6.4574238310461354E+037   2.6583581985576354E+025   389041075342.37695        4.4645271149829227E-003   1.8381279138649536E-016   8.8931808045929250E-029   2.1156794512010982E-041  -1.6218656996857299E-048  -2.7568292309116077E-056  -1.9203106016180635E-063  -2.9668099155684579E-070  -5.4385807444625145E-077
  -3.2039490013743391E+037   3.4873190898977054E+048   3.1898448110729866E+046   6.0787295580375504E+037   2.4559373198445893E+025   355781716090.77551        4.0847438816805498E-003   1.6753969845784930E-016   8.0531272401137599E-029   1.9008675745087271E-041  -1.4447825490376856E-048  -2.4339842514287337E-056  -1.6801144258088088E-063  -2.5725912692281246E-070  -4.6774606915181897E-077
  -3.0671977957119604E+037   3.3665806715903411E+048   3.0437113522056255E+046   5.7221240353676636E+037   2.2684851569825586E+025   325285189367.13251        3.7370691073638747E-003   1.5270543850083365E-016   7.2923797206852870E-029   1.7078547867784372E-041  -1.2870229392320379E-048  -2.1489214072612168E-056  -1.4699381962863120E-063  -2.2306991166777831E-070  -4.0226679770758448E-077
  -2.9356680445499046E+037   3.2499811651476857E+048   2.9042555080155517E+046   5.3863259658654041E+037   2.0949193772069016E+025   297326967212.09924        3.4188038127622306E-003   1.3918297146707279E-016   6.6034563461515600E-029   1.5344302486387645E-041  -1.1464796289008758E-048  -1.8972223641243751E-056  -1.2860332940162179E-063  -1.9341959773966483E-070  -3.4593780511828323E-077
  -2.8091724414378574E+037   3.1373805029703322E+048   2.7711731375757571E+046   5.0701279469296053E+037   1.9342344987181428E+025   271700450247.04153        3.1274746505859244E-003   1.2685645683150855E-016   5.9795805195993039E-029   1.3786071878504826E-041  -1.0212750062080690E-048  -1.6749850597323870E-056  -1.1251187439539990E-063  -1.6770629817970587E-070  -2.9748287603881490E-077
  -2.6875301311751225E+037   3.0286432765975375E+048   2.6441738943494282E+046   4.7723922352225723E+037   1.7854965170725595E+025   248215556973.40332        2.8608151423427613E-003   1.1562026794997316E-016   5.4146145203185131E-029   1.2386002079597787E-041  -9.0973608589903894E-049  -1.4787634323756278E-056  -9.8432293720598575E-064  -1.4540784037917926E-070  -2.5580341194543919E-077
  -2.5705664941261375E+037   2.9236385854090060E+048   2.5229806039428544E+046   4.4920467524765237E+037   1.6478379022615195E+025   226697422667.00104        2.6167484674167216E-003   1.0537809299829862E-016   4.9029993264692604E-029   1.1128048928766793E-041  -8.1037222632577905E-049  -1.3055141788990816E-056  -8.6113260744365453E-064  -1.2607122305812575E-070  -2.1995377000958417E-077
  -2.4581129375740477E+037   2.8222398900689122E+048   2.4073286697277573E+046   4.2280813187895251E+037   1.5204529412222608E+025   206985199449.53040        2.3933716766498018E-003   9.6042114903101175E-017   4.4397001001632215E-029   9.9977947530857671E-042  -7.2185527084718352E-049  -1.1525497231343755E-056  -7.5334815971863344E-064  -1.0930346558077904E-070  -1.8912001698681249E-077
  -2.3500066938877466E+037   2.7243248705717028E+048   2.2969655050965178E+046   3.9795441005507199E+037   1.4025934022236857E+025   188930949759.34964        2.1889412131289258E-003   8.7532263338200052E-017   4.0201568027810294E-029   8.9822836040949251E-042  -6.4300185009398278E-049  -1.0174966711343838E-056  -6.5904456178998176E-064  -9.4763666033891285E-071  -1.6260162661624025E-077
  -2.2460906252848353E+037   2.6297752887529189E+048   2.1916499911679787E+046   3.7455382608554819E+037   1.2935644991584796E+025   172398626035.24780        2.0018596324887978E-003   7.9775532466541613E-017   3.6402394582959344E-029   8.0698731707392802E-042  -5.7275761019769637E-049  -8.9825911378119990E-057  -5.7653710616021008E-064  -8.2156108653919006E-071  -1.3979571390882595E-077
  -2.1462130349796768E+037   2.5384768551319984E+048   2.0911519588132596E+046   3.5252188009520665E+037   1.1927211352547760E+025   157263129973.98059        1.8306634238673153E-003   7.2705358660533288E-017   3.2962076276422619E-029   7.2501016824755932E-042  -5.1018315759064377E-049  -7.9298621177071405E-057  -5.0435143693992417E-064  -7.1224282175522828E-071  -1.2018345569122877E-077
  -2.0502274845123759E+037   2.4503190999575994E+048   1.9952516939207472E+046   3.3177895819042545E+037   1.0994644071036428E+025   143409445228.21204        1.6740118407566520E-003   6.6261052938454646E-017   2.9846736981923080E-029   6.5135682865969762E-042  -4.5444153372515980E-049  -7.0004356375624974E-057  -4.4119731092819889E-064  -6.1745688902911123E-071  -1.0331839507952980E-077
  -1.9579926170608216E+037   2.3651952483295261E+048   1.9037394648667847E+046   3.1225005162618448E+037   1.0132383511894661E+025   130731837879.19376        1.5306766584381147E-003   6.0387283315304166E-017   2.7025696295845864E-029   5.8518255369678254E-042  -4.0478705333443013E-049  -6.1798791656432404E-057  -3.8594562822637111E-064  -5.3527340138738941E-071  -8.8816369233267389E-078
  -1.8693719865441799E+037   2.2830020992747558E+048   1.8164150712040423E+046   2.9386449201043269E+037   9.3352691631483888E+024   119133119450.89967        1.3995327815265256E-003   5.5033602686895775E-017   2.4471168308393168E-029   5.2572827690532369E-042  -3.6055535793200948E-049  -5.4554482776569000E-057  -3.3760832545311571E-064  -4.6401847356780150E-071  -7.6346835691554465E-078
  -1.7842338923321696E+037   2.2036399086584635E+048   1.7330874126230168E+046   2.7655570163647001E+037   8.5985114643557603E+024   108523967632.06163        1.2795496314291807E-003   5.0154018249750848E-017   2.2157988742305599E-029   4.7231192599232921E-042  -3.2115455236042688E-049  -4.8158893627956331E-057  -2.9532077521187427E-064  -4.0224030447542631E-071  -6.5625403602753889E-078
  -1.7024512193803126E+037   2.1270122758142077E+048   1.6535740772836522E+046   2.6026095808517936E+037   7.9176655947033095E+024   98822300242.048965        1.1697832492908150E-003   4.5706598809525105E-017   2.0063367790537767E-029   4.2432061832143139E-042  -2.8605730656390734E-049  -4.2512653680244249E-057  -2.5832637976598711E-064  -3.4867974737754867E-071  -5.6407402903868508E-078
  -1.6239012836169533E+037   2.0530260337806739E+048   1.5777009486538505E+046   2.4492117228724151E+037   7.2886070862782812E+024   89952698318.078079        1.0693690552912008E-003   4.1653116650306298E-017   1.8166666235013965E-029   3.8120364690954672E-042  -2.5479381756563672E-049  -3.7528018929878975E-057  -2.2596308568045958E-064  -3.0224477491502792E-071  -4.8482347569802142E-078
  -1.5484656824133459E+037   1.9815911430354892E+048   1.5053018300296848E+046   2.3048067928106320E+037   6.7075091370778383E+024   81845874516.915512        9.7751521002420265E-004   3.7958720928767267E-017   1.6449192655801060E-029   3.4246617692526644E-042  -2.2694553804526066E-049  -3.3127512611147918E-057  -1.9765158017407758E-064  -2.6198832421998449E-071  -4.1669168940615036E-078
  -1.4760301499733611E+037   1.9126205886197280E+048   1.4362180859485441E+046   2.1688704094520828E+037   6.1708215068330996E+024   74438183315.988434        8.9349652815162229E-004   3.4591639823310114E-017   1.4894019745925329E-029   3.0766358077813910E-042  -2.0213958808810035E-049  -2.9242724692480583E-057  -1.7288495968911405E-064  -2.2708907534285414E-071  -3.5812112282579312E-078
  -1.4064844174845472E+037   1.8460302805496684E+048   1.3702982997411975E+046   2.0409086002476894E+037   5.6752508866724066E+024   67671169768.442909        8.1664889862429716E-004   3.1522908911207909E-017   1.3485817933624447E-029   2.7639634715916683E-042  -1.8004377574836073E-049  -2.5813251626579865E-057  -1.5121968725168917E-064  -1.9683477515982410E-071  -3.0777204522452307E-078
  -1.3397220778772319E+037   1.7817389574153346E+048   1.3073979465021193E+046   1.9204560480950083E+037   5.2177426410599723E+024   61491153815.841011        7.4636416952641679E-004   2.8726123468372764E-017   1.2210704682878102E-029   2.4830550592959581E-042  -1.6036216015421130E-049  -2.2785759983524432E-057  -1.3226767802268279E-064  -1.7060777013032249E-071  -2.6449213838704518E-078
  -1.2756404550431803E+037   1.7196680930681754E+048   1.2473790807892366E+046   1.8070744385777680E+037   4.7954638273601500E+024   55848847392.418549        6.8208545905425134E-004   2.6177212588609215E-017   1.1056107996239935E-029   2.2306851663151461E-042  -1.4283109808993149E-049  -2.0113159504929891E-057  -1.1568937242885822E-064  -1.4787245572532688E-071  -2.2729032778798649E-078
  -1.2141404773700252E+037   1.6597418063030213E+048   1.1901100383947183E+046   1.7003509019462540E+037   4.4057874048260716E+024   50699001767.544006        6.2330285731253428E-004   2.3854233203741502E-017   1.0010642782789596E-029   2.0039557367650325E-042  -1.2721572141461485E-049  -1.7753872803853862E-057  -1.0118767376865438E-064  -1.2816438893839986E-071  -1.9531426039969402E-078
  -1.1551265554521854E+037   1.6018867734421858E+048   1.1354651515575579E+046   1.5998965444441338E+037   4.0462775508256467E+024   46000082769.554276        5.6954948652371371E-004   2.1737182254376508E-017   9.0639988797841394E-030   1.8002628601751169E-042  -1.1330679840319092E-049  -1.5671190425244296E-057  -8.8502642515422949E-065  -1.1108084379368042E-071  -1.6783092211094900E-078
  -1.0985064638434262E+037   1.5460321437321994E+048   1.0833244770165827E+046   1.5053450638921799E+037   3.7146760077270115E+024   41713971715.708649        5.2039788991839399E-004   1.9807825414694538E-017   8.2068396305359578E-030   1.6172669337817333E-042  -1.0091793719950884E-049  -1.3832701298223688E-057  -7.7406852962969269E-065  -9.6272618848366330E-072  -1.4420995805345047E-078
  -1.0441912267204286E+037   1.4921094574662738E+048   1.0335735363291394E+046   1.4163514447271045E+037   3.4088893890960307E+024   37805690040.730492        4.7545672202900649E-004   1.8049540914833578E-017   7.4307100242872790E-030   1.4528658495129955E-042  -8.9883094120483083E-050  -1.2209789774579928E-057  -6.7701329610842574E-065  -8.3436930933395972E-072  -1.2390931972786928E-078
  -9.9209500733091815E+036   1.4400525667480670E+048   9.8610306790619733E+045   1.3325907279653842E+037   3.1269773787360110E+024   34243145771.337185        4.3436771536101620E-004   1.6447177132326576E-017   6.7279534973938026E-030   1.3051708992793321E-042  -8.0054353605046381E-050  -1.0777191475354239E-057  -5.9211990977297568E-065  -7.2311251290417667E-072  -1.0646291503119667E-078
  -9.4213500110384508E+036   1.3897975588148251E+048   9.4080879023896684E+045   1.2537568518183367E+037   2.8671417606477177E+024   30996900137.263527        3.9680290048321206E-004   1.4986922740736874E-017   6.0916365798820188E-030   1.1724851231921731E-042  -7.1299950215595888E-050  -9.5126010751602397E-058  -5.1786537537867596E-065  -6.2667959284709306E-072  -9.1469982268809183E-079
  -8.9423133230304732E+036   1.3412826818402963E+048   8.9759117581543904E+045   1.1795615589267161E+037   2.6277162222282208E+024   28039952741.452126        3.6246205847599371E-004   1.3656188310096647E-017   5.5154806482315089E-030   1.0532838532069212E-042  -6.3502506320609168E-050  -8.3963259557803380E-058  -4.5291728376179833E-065  -5.4309705383672176E-072  -7.8585947985841205E-079
  -8.4830695410953318E+036   1.2944482731402042E+048   8.5635523524751373E+045   1.1097333664115321E+037   2.4071568769805503E+024   25347543834.146187        3.3107038641791306E-004   1.2443498350879263E-017   4.9938001148020882E-030   9.4619722974115868E-043  -5.6557461957843291E-050  -7.4109803689927681E-058  -3.9610998040375218E-065  -4.7065389419973375E-072  -6.7514561833593928E-079
  -8.0428755202120208E+036   1.2492366897052801E+048   8.1701031115069263E+045   1.0440165951533498E+037   2.2040334566918111E+024   22896972348.339039        3.0237635818885226E-004   1.1338392881845968E-017   4.5214464473542335E-030   8.4999449134003760E-043  -5.0371675936049735E-050  -6.5412153743745916E-058  -3.4642371145348641E-065  -4.0786672594855665E-072  -5.8001130439830273E-079
  -7.6210145046232085E+036   1.2055922409890878E+048   7.7946988133866648E+045   9.8217045491581678E+036   2.0170211264732885E+024   20667428458.118835        2.7614976433480145E-004   1.0331337682945474E-017   4.0937574692134646E-030   7.6356985770382264E-043  -4.4862179513364660E-050  -5.7734803706273355E-058  -3.0296637554918441E-065  -3.5344952470251718E-072  -4.9826697016737686E-079
  -7.2167952249851995E+036   1.1634611238800171E+048   7.4365137091460816E+045   9.2396818212115482E+036   1.8448928792587404E+024   18639839517.551754        2.5217991608505227E-004   9.4136424681916313E-018   3.7065114423618648E-030   6.8592984458781918E-043  -3.9955066022709282E-050  -5.0958125272866928E-058  -2.6495755612614739E-065  -3.0628739564930667E-072  -4.2803034768741240E-079
  -6.8295510255636572E+036   1.1227913597889009E+048   7.0947597285958306E+045   8.6919622726655780E+036   1.6865124693424456E+024   16796728326.476540        2.3027399984760022E-004   8.5773862807205005E-018   3.3558854826069556E-030   6.1618186543937245E-043  -3.5584501625612358E-050  -4.4976508550211758E-058  -2.3171454947052865E-065  -2.6541382298218796E-072  -3.6768340529791321E-079
  -6.4586390204979133E+036   1.0835327337857568E+048   6.7686847673629000E+045   8.1765348914146776E+036   1.5408278473209180E+024   15122082751.498802        2.1025556964175297E-004   7.8153494735996497E-018   3.0384178984368926E-030   5.5352398933626960E-043  -3.1691843989879547E-050  -3.9696720337355968E-058  -2.0264013929660582E-065  -2.2999094078323461E-072  -3.1583530876205441E-079
  -6.1034392781876551E+036   1.0456367357211341E+048   6.4575710514335041E+045   7.6915059316702369E+036   1.4068650613954014E+024   13601235806.092758        1.9196316596671980E-004   7.1209516959472317E-018   2.7509740836352490E-030   4.9723573800303429E-043  -2.8224857124904551E-050  -3.5036454542418497E-058  -1.7721189971753911E-065  -1.9929242452860153E-072  -2.7129056579981358E-079
  -5.7633540328861034E+036   1.0090565032694613E+048   6.1607335757164378E+045   7.2350921133127489E+036   1.2837225924089365E+024   12220755363.519140        1.7524905055896285E-004   6.4881953549877186E-018   2.4907156285742095E-030   4.4666981655660355E-043  -2.5137011890238126E-050  -3.0923052265248299E-058  -1.5497283569690266E-065  -1.7268865550045337E-072  -2.3302162993287205E-079
  -5.4378069226128141E+036   9.7374676683367446E+047   5.8775186132968752E+045   6.8056142133741889E+036   1.1705660922437589E+024   10968342740.694956        1.5997804736636852E-004   5.9116140712556226E-018   2.2550723466714234E-030   4.0124468330594221E-043  -2.2386862835327801E-050  -2.7292371701959356E-058  -1.3552319389306466E-065  -1.4963385647129887E-072  -2.0014534050046291E-079
  -5.1262422525276940E+036   9.3966379625222952E+047   5.6073022921998042E+045   6.4014910271789211E+036   1.0666234973033223E+024   9832739450.6122208        1.4602648087031248E-004   5.3862256866516359E-018   2.0417169410917234E-030   3.6043787352281389E-043  -1.9937493046285276E-050  -2.4087790346370963E-058  -1.1851329766311223E-065  -1.2965493700867883E-072  -1.7190266261358815E-079
  -4.8281242829350649E+036   9.0676534925136201E+047   5.3494892366237420E+045   6.0212336779505464E+036   9.7118049075847755E+023   8803641475.7776165        1.3328120362337322E-004   4.9074894238154284E-018   1.8485420626791905E-030   3.2378000072243659E-043  -1.7756019582654393E-050  -2.1259324011700819E-058  -1.0363727824734987E-065  -1.1234182143746390E-072  -1.4764126562835119E-079
  -4.5429365411133715E+036   8.7501062158720460E+047   5.1035112697414499E+045   5.6634402548990284E+036   8.8357628905906414E+023   7871620465.7833471        1.2163870554625703E-004   4.4712668306335144E-018   1.6736395335710686E-030   2.9084936674135801E-043  -1.5813152895495966E-050  -1.8762849004975307E-058  -9.0627590133297083E-066  -9.7339062593133410E-073  -1.2680054311678170E-079
  -4.2701811561916115E+036   8.4436019882401387E+047   4.8688261752940386E+045   5.3267907609410125E+036   8.0319972990939356E+023   7028051308.8447752        1.1100429814742748E-004   4.0737861759476008E-018   1.5152815322017461E-030   2.6126711886386389E-043  -1.4082804338423045E-050  -1.6559415384446362E-058  -7.9250212583161269E-066  -8.4338570609661837E-073  -1.0889873274218267E-079
  -4.0093782163187423E+036   8.1477600969642741E+047   4.6449165153288350E+045   5.0100423522806103E+036   7.2948564048717374E+023   6265045570.2517929        1.0129136739759039E-004   3.7116099919412213E-018   1.3719035546603894E-030   2.3469289850697509E-043  -1.2541736525085943E-050  -1.4614640641489981E-058  -6.9300451549251146E-066  -7.3073308637196278E-073  -9.3521842151980984E-080
  -3.7600651473962254E+036   7.8622128100522649E+047   4.4312885015499347E+045   4.7120248530912812E+036   6.6191146615825704E+023   5575390330.4547739        9.2420689512780489E-005   3.3816054855090090E-018   1.2420889848080250E-030   2.1082093159894836E-043  -1.1169251858560929E-050  -1.2898174394789126E-058  -6.0599266915120300E-066  -6.3311827035097055E-073  -8.0314128057869268E-080
  -3.5217961126674274E+036   7.5866049399763114E+047   4.2274709178636024E+045   4.4316365294956488E+036   5.9999414131148318E+023   4952491992.1980238        8.4319804378210934E-005   3.0809175653803298E-018   1.1245551213593483E-030   1.8937651584131514E-043  -9.9469150677447310E-051  -1.1383225785315450E-058  -5.2990059376727001E-066  -5.4853524632243736E-073  -6.8969911005379885E-080
  -3.2941414324801674E+036   7.3205934218464916E+047   4.0330140918090088E+045   4.1678401079419823E+036   5.4328718521568041E+023   4390324659.9600973        7.6922441783836083E-005   2.8069442540845250E-018   1.0181405244460500E-030   1.7011286458752371E-043  -8.8583060399830107E-051  -1.0046146232716636E-058  -4.6335859484204179E-066  -4.7524540433415252E-073  -5.9226538739334925E-080
  -3.0766870235606372E+036   7.0638469054945056E+047   3.8474889126681243E+045   3.9196590239269157E+036   4.9137800699095225E+023   3883382726.1790981        7.0167996045003971E-005   2.5573142741973444E-018   9.2179355714174329E-031   1.5280827115404106E-043  -7.8887996438066171E-051  -8.8660610722061607E-059  -4.0516868546842194E-066  -4.1174191977122257E-073  -5.0858337233750738E-080
  -2.8690338571582236E+036   6.8160453610215542E+047   3.6704858941475852E+045   3.6861738878166309E+036   4.4388540489468355E+023   3426637327.5343513        6.4001044950638859E-005   2.3298666168698463E-018   8.3456200917074768E-031   1.3726356104888040E-043  -7.0253695962028228E-051  -7.8245443492039613E-059  -3.5428307389324734E-066  -3.5671887676063202E-073  -4.3671410965390208E-080
  -2.6707974354412696E+036   6.5768796973779721E+047   3.5016142796196991E+045   3.4665191552757428E+036   4.0045724615476777E+023   3015496361.1095085        5.8370909319847961E-005   2.1226319175691761E-018   7.5558370065876710E-031   1.2329980289985976E-043  -6.2564137501094934E-051  -6.9053317185062400E-059  -3.0978534447932458E-066  -3.0904450121623440E-073  -3.7499173377843283E-080
  -2.4816072855438422E+036   6.3460513935554357E+047   3.3405011880001270E+045   3.2598799905272781E+036   3.6076831454361534E+023   2645767774.7486968        5.3231249758212951E-005   1.9338154793988549E-018   6.8407797341715303E-031   1.1075625182808441E-043  -5.5715984640676135E-051  -6.0940669860222780E-059  -2.7087399509230218E-066  -2.6773795703991369E-073  -3.2198505145705471E-080
  -2.3011064706828028E+036   6.1232721419856772E+047   3.1867907984259749E+045   3.0654893113407247E+036   3.2451831378131747E+023   2313625868.4958682        4.8539697489629100E-005   1.7617817984453123E-018   6.1933798597824364E-031   9.9488501675020520E-044  -4.9617199710142174E-051  -5.3780783532462179E-059  -2.3684803606366353E-066  -2.3194923159123731E-073  -2.7646452183153465E-080
  -2.1289511177831971E+036   5.9082635037520748E+047   3.0401435719804835E+045   2.8826250052804327E+036   2.9143001568948544E+023   2015580364.8246994        4.4257516400516139E-005   1.6050404584368229E-018   5.6072373650269374E-031   8.9366824884509012E-044  -4.4185808904421119E-051  -4.7461808857095870E-059  -2.0709439274548564E-066  -2.0094169950104794E-073  -2.3737387672589490E-080
  -1.9648099610681220E+036   5.7007565752327591E+047   2.9002355087892830E+045   2.7106073073458341E+036   2.6124754279291299E+023   1748448024.5585346        4.0349293672503676E-005   1.4622332737097208E-018   5.0765574483820371E-031   8.0274680991482590E-044  -3.9348802306230171E-051  -4.1885021338179399E-059  -1.8107688593179477E-066  -1.7407700851099414E-073  -2.0380572996482322E-080
  -1.8083639010867389E+036   5.5004916658057132E+047   2.7667574388883750E+045   2.5487963297001102E+036   2.3373477578826157E+023   1509326603.0718198        3.6782656599079165E-005   1.3321225701542146E-018   4.5960933149274695E-031   7.2107376601566766E-044  -3.5041154079857731E-051  -3.6963281940130279E-059  -1.5832659265013166E-066  -1.5080197837873047E-073  -1.7498061579617055E-080
  -1.6593055786710821E+036   5.3072179862578012E+047   2.6394143453359519E+045   2.3965897347169905E+036   2.0867387697110527E+023   1295570957.6725326        3.3528013382823971E-005   1.2135805035488253E-018   4.1610943715785253E-031   6.4770861482252204E-044  -3.1204949714660743E-051  -3.2619678156857711E-059  -1.3843341452839238E-066  -1.3063724495859759E-073  -1.5022897496728522E-080
  -1.5173389633287841E+036   5.1206933475509042E+047   2.5179247181088508E+045   2.2534205430778927E+036   1.8586392133828951E+023   1104771132.0960102        3.0558315894265615E-005   1.1055793235713759E-018   3.7672593173627815E-031   5.8180646946764901E-044  -2.7788608628420736E-051  -2.8786324396093207E-059  -1.2103870255650754E-066  -1.1316741718386250E-073  -1.2897567450146734E-080
  -1.3821789555947493E+036   4.9406838696091438E+047   2.4020199373900545E+045   2.1187550691258281E+036   1.6511962766484411E+023   934732257.89318538        2.7848842542422662E-005   1.0071824998708007E-018   3.4106936664567953E-031   5.2260834113972613E-044  -2.4746191716510312E-051  -2.5403303012076785E-059  -1.0582880597549066E-066  -9.8032545562477205E-074  -1.1072670527001955E-080
  -1.2535510028802347E+036   4.7669636998016347E+047   2.2914436849163797E+045   1.9920909761294304E+036   1.4627018239660591E+023   783456125.26186907        2.5376999562089260E-005   9.1753663396681104E-019   3.0878712853287118E-031   4.6943240887683805E-044  -2.2036784569479439E-051  -2.2417729505572722E-059  -9.2529429575188400E-067  -8.4920727581369286E-074  -9.5057751377208466E-081
  -1.1311907283727364E+036   4.5993147408055327E+047   2.1859513821153546E+045   1.8729554445320712E+036   1.2915814970401795E+023   649124287.63257205        2.3122139164962265E-005   8.3586408747636859E-019   2.7955995648480094E-031   4.2166617630925743E-044  -1.9623948094343643E-051  -1.9782927340232450E-059  -8.0900698161972902E-067  -7.3561698638925817E-074  -8.1604368305841919E-081
  -1.0148435725545355E+036   4.4375263875439523E+047   2.0853096538175950E+045   1.7609034466586108E+036   1.1363846151185638E+023   530082575.15820408        2.1065393131927327E-005   7.6145626330427603E-019   2.5309878840119148E-031   3.7875942528185712E-044  -1.7475229177059856E-051  -1.7457699528496249E-059  -7.0732839627049144E-067  -6.3721277263836471E-074  -7.0053543687554585E-081
  -9.0426444692177687E+035   4.2813952729029769E+047   1.9892958163855558E+045   1.6555161217271174E+036   9.9577481756288473E+022   424826902.24175823        1.9189520543172882E-005   6.9366748203223687E-019   2.2914190543504848E-031   3.4021788542799685E-044  -1.5561724827450448E-051  -1.5405685644944254E-059  -6.1842409131197161E-067  -5.5196550840475941E-074  -6.0136446305357645E-081
  -7.9921739949948177E+035   4.1307250219413059E+047   1.8976973891518736E+045   1.5563992453664593E+036   8.6852139526937737E+022   331990263.43400306        1.7478768452194843E-005   6.3190940084412309E-019   2.0745234634273149E-031   3.0559754698136352E-044  -1.3857693963915742E-051  -1.3594794253596755E-059  -5.4068986620567497E-067  -4.7811703201874771E-074  -5.1622196230177811E-081
  -6.9947529176105849E+035   3.9853260143151354E+047   1.8103116281103156E+045   1.4631817881738954E+036   7.5349126129601638E+022   250330820.50552574        1.5918744410014868E-005   5.7564592697838688E-019   1.8781556624383345E-031   2.7449955149354351E-044  -1.2340211633219464E-051  -1.1996701908726603E-059  -4.7272288373843531E-067  -4.1414398579270753E-074  -4.4312512460616111E-081
  -6.0481948657356124E+035   3.8450151546496144E+047   1.7269450808500781E+045   1.3755145581611224E+036   6.4964151456884761E+022   178720991.30070204        1.4496299837821807E-005   5.2438858194120235E-019   1.7003731669882800E-031   2.4656560175752911E-044  -1.0988861028960569E-051  -1.0586410924474724E-059  -4.1329640705280908E-067  -3.5872647779588196E-074  -3.8037114611621235E-081
  -5.1503954680226538E+035   3.7096156505967720E+047   1.6474131617696570E+045   1.2930689222335042E+036   5.5601255381089691E+022   116137458.16745965        1.3199423330453683E-005   4.7769227658220422E-019   1.5394172619298084E-031   2.2147383819685264E-044  -9.7854591786521044E-052  -9.3418590230209570E-060  -3.6133770443514340E-067  -3.1072092330830619E-074  -3.2649772543999859E-081
  -4.2993294422003527E+035   3.5789567983280212E+047   1.5715397466500348E+045   1.2155356021266042E+036   4.7172170187935054E+022   61652020.374200769        1.2017143050306032E-005   4.3515146066155218E-019   1.3936956208977950E-031   1.9893513433481868E-044  -8.7138126203748218E-052  -8.2435747784448650E-060  -3.1590872488692295E-067  -2.6913650891401304E-074  -2.8024912739065219E-081
  -3.4930477837850192E+035   3.4528737752173529E+047   1.4991567857084455E+045   1.1426235404875543E+036   3.9595730352627379E+022   14423221.018376729        1.0939437441965244E-005   3.9639661375263112E-019   1.2617665690553629E-031   1.7868976876971066E-044  -7.7594997917898452E-052  -7.2743734862447904E-060  -2.7618919722070392E-067  -2.3311479637200918E-074  -2.4054703042222300E-081
  -2.7296750510922971E+035   3.3312074394791776E+047   1.4301039342936666E+045   1.0740588330371070E+036   3.2797326222962404E+022  -26311315.459039338        9.9571535626617064E-006   3.6109104725635518E-019   1.1423248337642780E-031   1.6050443540496596E-044  -6.9096772122492778E-052  -6.4190887178329053E-060  -2.4146184891577400E-067  -2.0191204771257383E-074  -2.0646548419186997E-081
  -2.0074067433386462E+035   3.2138041365321369E+047   1.3642282004216933E+045   1.0095837229823520E+036   2.6708398418843136E+022  -61241893.874724224        9.0619323830084253E-006   3.2892798997588111E-019   1.0341886425597301E-031   1.4416955756767887E-044  -6.1529068576222079E-052  -5.6643353749598653E-060  -2.1109947901871179E-067  -1.7488390875804432E-074  -1.7720939841087202E-081
  -1.3245067687272144E+035   3.1005155118676657E+047   1.3013836083868112E+045   9.4895565407079733E+035   2.1265969985151350E+022  -90993160.987796351        8.2461404668886855E-006   2.9962793213731645E-019   9.3628804109234904E-032   1.2949687513890626E-044  -5.4790024115185452E-052  -4.9983005495736875E-060  -1.8455365266111452E-067  -1.5147213659906623E-074  -1.5209606556846816E-081
  -6.7930499951400237E+034   2.9911983302090647E+047   1.2414308777177218E+045   8.9194637888459238E+035   1.6412213546481369E+022  -116129969.86107118        7.5028074891952190E-006   2.7293620496357557E-019   8.4765431572924307E-032   1.1631727695510237E-044  -4.8788923296436803E-052  -4.4105589277016308E-060  -1.6134481388665098E-067  -1.3119309845583559E-074  -1.3053929009590945E-081
  -7.0194911148265111E+033   2.8857143007537306E+047   1.1842371167813255E+045   8.3834111916982574E+035   1.2094050908949143E+022  -137162741.46522439        6.8255690957840109E-006   2.4862077493384865E-019   7.6741041639911429E-032   1.0447885355753816E-044  -4.3444978794365033E-052  -3.8919098582896352E-060  -1.4105363895362380E-067  -1.1362780567469946E-074  -1.1203575668787594E-081
   5.0436869732392314E+034   2.7839299082978247E+047   1.1296755303683550E+045   7.8793777518072878E+035   8.2627827371544653E+021  -154552365.38723534        6.2086146518357141E-006   2.2647023370753424E-019   6.9476228513128641E-032   9.3845147898065931E-045  -3.8686245179480514E-052  -3.4342335454814529E-060  -1.2331347456349453E-067  -9.8413278095439316E-075  -9.6153322194392152E-082
   1.0458719043121645E+035   2.6857162500491352E+047   1.0776251406251505E+045   7.4054618119294358E+035   4.8737461043606460E+021  -168714678.09546036        5.6466394631373675E-006   2.0629196637472023E-019   6.2899100467181772E-032   8.4293583884081757E-045  -3.4448651497933939E-052  -3.0303641208146048E-060  -1.0780372495948781E-067  -8.5235061316937133E-075  -8.2520959925079995E-082
   1.5557437908205291E+035   2.5909488779400788E+047   1.0279705207246343E+045   6.9598740450430987E+035   1.8859978719586513E+021  -180024554.07740292        5.1348010898990793E-006   1.8791048222977213E-019   5.6944568964960750E-032   7.5714054689107227E-045  -3.0675139663494999E-052  -2.6739776148845759E-060  -9.4244068891640253E-068  -7.3820743046521437E-075  -7.0820123389232432E-082
   2.0353584922167845E+035   2.4995076462589062E+047   9.8060154069703199E+044   6.5409308539650071E+035  -7.3797799886621927E+020  -188819642.28119618        4.6686794048733106E-006   1.7116589366344250E-019   5.1553705009121311E-032   6.8007654591478661E-045  -2.7314897093087176E-052  -2.3594930802718890E-060  -8.2389402361060703E-068  -6.3934335224750225E-075  -6.0777329307000683E-082
   2.4860371790928823E+035   2.4112765644229777E+047   9.3541312486709210E+044   6.1470481567682992E+035  -3.0325409638708129E+021  -195403777.63818040        4.2442400769952358E-006   1.5591253004410265E-019   4.6673156371701233E-032   6.1085539753266890E-045  -2.4322673281307064E-052  -2.0819853225498620E-060  -7.2025416104057626E-068  -5.5371406392087920E-075  -5.2157787923166306E-082
   2.9090499695968317E+035   2.3261436547236962E+047   8.9230502036965241E+044   5.7767355355714964E+035  -5.0291438746761146E+021  -200050095.00344273        3.8578011887367325E-006   1.4201767462114957E-019   4.2254619945872106E-032   5.4867904833661344E-045  -2.1658171135583497E-052  -1.8371078771825800E-060  -6.2964728190058668E-068  -4.7954864170466445E-075  -4.4759932883964433E-082
   3.3056177755380360E+035   2.2440008148781882E+047   8.5118157623929272E+044   5.4285907275645280E+035  -6.7565639358135811E+021  -203003870.60695359        3.5060027200713055E-006   1.2936041354330072E-019   3.8254364007821038E-032   4.9283063662653895E-045  -1.9285504896823197E-052  -1.6210250298978788E-060  -5.5043502090557078E-068  -4.1531301086340577E-075  -3.8410723756689909E-082
   3.6769140844925851E+035   2.1647436852281278E+047   8.1195153259268882E+044   5.1012944383603553E+035  -8.2411160463443210E+021  -204485114.04442024        3.1857786545724637E-006   1.1783058705043894E-019   3.4632795669365208E-032   4.4266623397217917E-045  -1.7172717363985567E-052  -1.4303518191646324E-060  -4.8118489308694074E-068  -3.5967828535880945E-075  -3.2961612160610987E-082
   4.0240666800618911E+035   2.0882715204313310E+047   7.7452781944409320E+044   4.7936054589128081E+035  -9.5068498307792450E+021  -204690931.93987715        2.8943314838879785E-006   1.0732783377817987E-019   3.1354069247974892E-032   3.9760742657031881E-045  -1.5291349936993631E-052  -1.2621010839120216E-060  -4.2064443297179979E-068  -3.1149333724356909E-075  -2.8285077847998413E-082
   4.3481593023672443E+035   2.0144870654966628E+047   7.3882736471519565E+044   4.5043560683271621E+035  -1.0575731569534460E+022  -203797682.66812572        2.6291089058063491E-006   9.7760719916955667E-020   2.8385731684812337E-032   3.5713465102473963E-045  -1.3616059701382802E-052  -1.1136367295382086E-060  -3.6771858073101957E-068  -2.6976103105986970E-075  -2.4271654279999624E-082
   4.6502332507944010E+035   1.9432964360177545E+047   7.0477091102054162E+044   4.2324477059131830E+035  -1.1467812151383455E+022  -201962939.92225337        2.3877825285063029E-006   8.9045945699021838E-020   2.5698401507162461E-032   3.2078120785202331E-045  -1.2124278409612549E-052  -9.8263248227782419E-061  -3.2144990781658179E-068  -2.3361763385682318E-075  -2.0827374588049468E-082
   4.9312889309359802E+035   1.8746090024656400E+047   6.7228284082865517E+044   3.9768468967949627E+035  -1.2201382088844778E+022  -199327281.43839341        2.1682284094891678E-006   8.1107622353668297E-020   2.3265478162840627E-032   2.8812788381091548E-045  -1.0795908776478391E-052  -8.6703548764215328E-061  -2.8100132571878115E-068  -2.0231497674578863E-075  -1.7871578559163382E-082
   5.1922873476153212E+035   1.8083372784050253E+047   6.4129100961717848E+044   3.7365814163006074E+035  -1.2793114561733164E+022  -196015917.83627811        1.9685092722604805E-006   7.3876613278777080E-020   2.1062878854076130E-032   2.5879812115568001E-045  -9.6130540071011796E-053  -7.6503418424644818E-061  -2.4564096617696732E-068  -1.7520500050899438E-075  -1.5335029657696622E-082
   5.4341515458133889E+035   1.7443968125032778E+047   6.1172658665765222E+044   3.5107366792114467E+035  -1.3258197383795232E+022  -192140175.29048285        1.7868582571637866E-006   6.7289933730929697E-020   1.9068800269944255E-032   2.3245367820517538E-045  -8.5597769222518973E-053  -6.7502995107259513E-061  -2.1472896027613611E-068  -1.5172636682542991E-075  -1.3158298290259845E-082
   5.6577680012601736E+035   1.6827060842055368E+047   5.8352390308211055E+044   3.2984523407575833E+035  -1.3610454722068150E+022  -187798844.60476094        1.6216640749796830E-006   6.1290203841283468E-020   1.7263502862328038E-032   2.0879073127149918E-045  -7.6218854432743782E-053  -5.9561208512186719E-061  -1.8770587805809315E-068  -1.3139285918446767E-075  -1.1290373700578090E-082
   5.8639879623939649E+035   1.6231864029534164E+047   5.5662030689945432E+044   3.0989190970071647E+035  -1.3862459337987938E+022  -183079408.21245563        1.4714574430812174E-006   5.5825150224742862E-020   1.5629115533061704E-032   1.8753637306988470E-045  -6.7867415529248957E-053  -5.2553571840925988E-061  -1.6408262018436185E-068  -1.1378333439404777E-075  -9.6874721899308762E-083
   6.0536287453355572E+035   1.5657618108288480E+047   5.3095602464464539E+044   2.9113756730135698E+035  -1.4025636063004523E+022  -178059155.66218939        1.3348986941695646E-006   5.0847151869505571E-020   1.4149458801532172E-032   1.6844546729342875E-045  -6.0430911638023761E-053  -4.6370232914802322E-061  -1.4343157934586469E-068  -9.8533017512299180E-076  -8.3120139191046787E-083
   6.2274749834700671E+035   1.5103589885084237E+047   5.0647402935817636E+044   2.7351059877600761E+035  -1.4110357169226727E+022  -172806197.26301524        1.2107664569810247E-006   4.6312826376459006E-020   1.2809884704583722E-032   1.5129782313456600E-045  -5.3809126069252591E-053  -4.0914254248569227E-061  -1.2537891199172558E-068  -8.5325960694335844E-076  -7.1317444649590454E-083
   6.3862798331763158E+035   1.4569071644174011E+047   4.8311991460700181E+044   2.5694364855779640E+035  -1.4126030247138039E+022  -167380384.75063568        1.0979473169305066E-006   4.2182652966440923E-020   1.1597131845882459E-032   1.3589565721708570E-045  -4.7912817031868534E-053  -3.6100095191248303E-061  -1.0959778095751217E-068  -7.3888510417516478E-076  -6.1189806693536979E-083
   6.5307661371927974E+035   1.4053380269761347E+047   4.6084177427125955E+044   2.4137336243136964E+035  -1.4081179157427697E+022  -161834147.09036052        9.9542637250460800E-007   3.8420628991036054E-020   1.0499194161583272E-032   1.2206131371019826E-045  -4.2662516032461123E-053  -3.1852272402677705E-061  -9.5802447071523768E-069  -6.3983648320915374E-076  -5.2499632081585190E-083
   6.6616275470599222E+035   1.3555856398352405E+047   4.3959008783363331E+044   2.2674015110858454E+035  -1.3983518582225280E+022  -156213248.84778640        9.0227861040035260E-007   3.4993956972106444E-020   9.5052021046773462E-033   1.0963521636771672E-045  -3.7987457798739002E-053  -2.8104177720261127E-061  -8.3743103120977595E-069  -5.5406088894749635E-076  -4.5043007902657943E-083
   6.7795296060305162E+035   1.3075863599991899E+047   4.1931761092018004E+044   2.1298796770047725E+035  -1.3840022662280963E+022  -150557477.92983529        8.1766102897949715E-007   3.1872759459124294E-020   8.6053150731216951E-033   9.8474028904974079E-046  -3.3824627335382260E-053  -2.4797034929496947E-061  -7.3201356943331034E-069  -4.7978032852820331E-076  -3.8644930284238181E-083
   6.8851107937943517E+035   1.2612787587413421E+047   3.9997927085286757E+044   2.0006409827297287E+035  -1.3656988170684803E+022  -144901268.92222321        7.4080544562459153E-007   2.9029819233868593E-020   7.7906240179726421E-033   8.8449002524322832E-046  -3.0117911294474745E-053  -2.1878979122373508E-061  -6.3986282112241758E-069  -4.1545488536158387E-076  -3.3155208546969775E-083
   6.9789835343178993E+035   1.2166035452166060E+047   3.8153206698497457E+044   1.8791896472105993E+035  -1.3440092640368340E+022  -139274267.72047144        6.7101192908852604E-007   2.6440342611227826E-020   7.0530632683602042E-033   7.9444491554535829E-046  -2.6817342244906646E-053  -1.9304244243487700E-061  -5.5930964923351712E-069  -3.5975085406785016E-076  -2.8444949258616774E-083
   7.0617351680572138E+035   1.1735034926810225E+047   3.6393497560092313E+044   1.7650593924067640E+035  -1.3194447831695555E+022  -133701842.66635767        6.0764280296733307E-007   2.4081743784605696E-020   6.3853307012424341E-033   7.1356620104903313E-046  -2.3878425674000150E-053  -1.7032446114665795E-061  -4.8889485336360655E-069  -3.1151313837561192E-076  -2.4403538145235075E-083
   7.1339288897600057E+035   1.1319233672305369E+047   3.4714885917204960E+044   1.6578116971951068E+035  -1.2924648897757103E+022  -128205546.95670147        5.5011717103594518E-007   2.1933448346478378E-020   5.7808154663666000E-033   6.4092084373560141E-046  -2.1261540666897419E-053  -1.5027949721312721E-061  -4.2734277357817712E-069  -2.6974134196145729E-076  -2.0936049415075661E-083
   7.1961046530326738E+035   1.0918098589741493E+047   3.3113637976931071E+044   1.5570341540743361E+035  -1.2634819578370778E+022  -122803536.68332046        4.9790591940461939E-007   1.9976714280562281E-020   5.2335325515524173E-033   5.7567076811563900E-046  -1.8931406199890429E-053  -1.3259310860977345E-061  -3.7353821194591521E-069  -2.3356905838948691E-076  -1.7961022010363590E-083
   7.2487800428087026E+035   1.0531115155594082E+047   3.1586191644299440E+044   1.4623389226451739E+035  -1.2328653729115182E+022  -117510948.48887080        4.5052715431294018E-007   1.8194468873255201E-020   4.7380635410380597E-033   5.1706319747444315E-046  -1.6856605866165252E-053  -1.1698783417248132E-061  -3.2650625494325229E-069  -2.0224593231357576E-076  -1.5408550854817219E-083
   7.2924511168172301E+035   1.0157786779709374E+047   3.0129148638813553E+044   1.3733612741966728E+035  -1.2009453468843598E+022  -112340240.48035245        4.0754203790904422E-007   1.6571160129809443E-020   4.2895029808602971E-033   4.6442197337490768E-046  -1.5009164638224003E-053  -1.0321884548234035E-061  -2.8539463224114814E-069  -1.7512212129246452E-076  -1.3218648509143253E-083
   7.3275932171137206E+035   9.7976341852532626E+046   2.8739266972261302E+044   1.2897582220594032E+035  -1.1680164207913580E+022  -107301499.72775696        3.6855098759175695E-007   1.5092621406272643E-020   3.8834098206800499E-033   4.1713975839438033E-046  -1.3364171971087838E-053  -9.1070109845520932E-062  -2.4945829316444344E-069  -1.5163483711546153E-076  -1.1339838953326499E-083
   7.3546617526994490E+035   9.4501948098821708E+046   2.7413453771277801E+044   1.2112072326974945E+035  -1.1343406799704579E+022  -102402719.38733961        3.3319020744815575E-007   1.3745948082672209E-020   3.5157634516616218E-033   3.7467103224470502E-046  -1.1899446173671214E-053  -8.0351004310763625E-062  -2.1804592214517838E-069  -1.3129668846451650E-076  -9.7279506298382035E-084
   7.3740929542220784E+035   9.1150222274192053E+046   2.6148758428898937E+044   1.1374050128047648E+035  -1.1001507039771160E+022  -97650048.225148663        3.0112852302196307E-007   1.2519385207208984E-020   3.1829239054632254E-033   3.3652580056299480E-046  -1.0595235530822172E-053  -7.0893327721810142E-062  -1.9058814949651483E-069  -1.1368558393059387E-076  -8.3450805317617325E-084
   7.3863046017165983E+035   8.7916855893424559E+046   2.4942366070062181E+044   1.0680663679463780E+035  -1.0656522720088907E+022  -93048015.074769959        2.7206449312048780E-007   1.1402225136264378E-020   2.8815958205472551E-033   3.0226394386983633E-046  -9.4339521529015687E-054  -6.2548664028487974E-062  -1.6658724444404519E-069  -9.8435986624534200E-077  -7.1587051123731988E-084
   7.3916967263137275E+035   8.4797690854153941E+046   2.3791591316696322E+044   1.0029231285476727E+035  -1.0310268430198870E+022  -88599730.541925251        2.4572377462912269E-007   1.0384714281632965E-020   2.6087958192772940E-033   2.7149014156608039E-046  -8.3999349700664359E-054  -5.5186055575387825E-062  -1.4560810411783622E-069  -8.5231339538690612E-077  -6.1409172207617331E-084
   7.3906522868118725E+035   8.1788714228116127E+046   2.2693872338697041E+044   9.4172313927687265E+034  -9.9643382825551963E+021  -84307068.065920725        2.2185671837055048E-007   9.4579681553154820E-021   2.3618229730031677E-033   2.4384931246394064E-046  -7.4792386805446566E-054  -4.8689949936960342E-062  -1.2727037561397389E-069  -7.3797505000682536E-077  -5.2677712113726786E-084
   7.3835378219787684E+035   7.8886053231077024E+046   2.1646765177709759E+044   8.8422930809927427E+034  -9.6201267259460257E+021  -80170826.262448490        2.0023617593722842E-007   8.6138939741274347E-021   2.1382320628787909E-033   2.1902251929906339E-046  -6.6594458114074045E-054  -4.2958388148165457E-062  -1.1124156870048848E-069  -6.3897082513004479E-077  -4.5187209023954035E-084
   7.3707040794199030E+035   7.6085970365388365E+046   2.0647938331237958E+044   8.3021871149791797E+034  -9.2788475984142297E+021  -76190874.302477121        1.8065549915540027E-007   7.8451201519165060E-021   1.9358093718116390E-033   1.9672329001599370E-046  -5.9294993613553135E-054  -3.7901405957400406E-062  -9.7231034638314334E-070  -5.5324487423796406E-077  -3.8761372275165174E-084
   7.3524866218227446E+035   7.3384858729319415E+046   1.9695167585164465E+044   7.7948175256059103E+034  -8.9415515595789765E+021  -72366281.926634386        1.6292671542056627E-007   7.1449320669028111E-021   1.7525507679807709E-033   1.7669431342159722E-046  -5.2795537720128598E-054  -3.3439623062328873E-062  -8.4984702236039734E-070  -4.7901688599024545E-077  -3.3248942882360948E-084
   7.3292064113586175E+035   7.0779237487507029E+046   1.8786331083316895E+044   7.3182136882589272E+034  -8.6091420315867278E+021  -68695435.552385136        1.4687886359061917E-007   6.5072135460767472E-021   1.5866418630297915E-033   1.5870447111475374E-046  -4.7008422208962080E-054  -2.9502998231529558E-062  -7.4280475939793739E-070  -4.1474516888854017E-077  -2.8520141130815956E-084
   7.3011703729978669E+035   6.8265747497056485E+046   1.7919404623227070E+044   6.8705228696279873E+034  -8.2823897680380376E+021  -65176141.801352076        1.3235647644523305E-007   5.9263935581783467E-021   1.4364400485660065E-033   1.4254617147567579E-046  -4.1855584488970515E-054  -2.6029730811557924E-062  -6.4924212723485996E-070  -3.5909467982061850E-077  -2.4463618029094741E-084
   7.2686719374684746E+035   6.5841147084007822E+046   1.7092457167729778E+044   6.4500032152926547E+034  -7.9619461610880379E+021  -61805719.655298270        1.1921819692911655E-007   5.3973976519692861E-021   1.3004582331799428E-033   1.2803295497913540E-046  -3.7267515307626064E-054  -2.2965291410651184E-062  -5.6746205005547174E-070  -3.1090933465348978E-077  -2.0983839200508676E-084
   7.2319915645638836E+035   6.3502307965058160E+046   1.6303646562518547E+044   6.0550171521659498E+034  -7.6483553884502795E+021  -58581082.340667784        1.0733551650207407E-007   4.9156037176835405E-021   1.1773501190243747E-033   1.1499734322276825E-046  -3.3182321712792964E-054  -2.0261566572727236E-062  -4.9598105965044694E-070  -2.6918802760274604E-077  -1.7998839908107306E-084
   7.1913972474818167E+035   6.1246211309603485E+046   1.5551215450227874E+044   5.6840251813805438E+034  -7.3420654941959168E+021  -55498809.942314848        9.6591624929279325E-008   4.4768016870615054E-021   1.0658968722249131E-033   1.0328890687046820E-046  -2.9544892650271821E-054  -1.7876104040145977E-062  -4.3350241627600577E-070  -2.3306386281985508E-077  -1.5438298593612235E-084
   7.1471449988531348E+035   5.9069943937325992E+046   1.4833487372041456E+044   5.3355800386319086E+034  -7.0434384899878347E+021  -52555213.656353556        8.6880361768851985E-008   4.0771568215594608E-021   9.6499505518596731E-034   9.2772530234032667E-047  -2.6306155957502595E-054  -1.5771446778822822E-062  -3.7889261084228291E-070  -2.0178616809275359E-077  -1.3241883766390522E-084
   7.0994793190973096E+035   5.6970694646715154E+046   1.4148863048237507E+044   5.0083212003390912E+034  -6.7527595566788835E+021  -49746392.509220973        7.8105260658138605E-008   3.7131762694769305E-021   8.7364570134259254E-034   8.3326852482712525E-047  -2.3422416744420257E-054  -1.3914545329335144E-062  -3.3116082320247423E-070  -1.7470491811953938E-077  -1.1357835478579311E-084
   7.0486336477198774E+035   5.4945750670064589E+046   1.3495816829474398E+044   4.7009697152514553E+034  -6.4702454199958823E+021  -47068283.294399835        7.0178678271805771E-008   3.3816786011284342E-021   7.9094442421399025E-034   7.4842867506267746E-047  -2.0854768248312821E-054  -1.2276239274382748E-062  -2.8944096477179995E-070  -1.5125724467880383E-077  -9.7417481161815757E-085
   6.9948307981462758E+035   5.2992494250635378E+046   1.2872893310994336E+044   4.4123233423237188E+034  -6.1960519682894867E+021  -44516704.409193344        6.3021000530160217E-008   3.0797660570486361E-021   7.1607246284984825E-034   6.7222666285971933E-047  -1.8568567225435726E-054  -1.0830799695535846E-062  -2.5297598044488139E-070  -1.3095575421281724E-077  -8.3555259516005530E-085
   6.9382833766663812E+035   5.1108399337823208E+046   1.2278704102280485E+044   4.1412519768058031E+034  -5.9302811750202648E+021  -42087394.210924432        5.6559919280687530E-008   2.8047992677849909E-021   6.4828857502765718E-034   6.0378307270809934E-047  -1.6532966811217274E-054  -9.5555254475622007E-063  -2.2110412564570042E-070  -1.1337841075343580E-077  -7.1664869507842990E-085
   6.8791941860447768E+035   4.9291028396304199E+046   1.1711924745043832E+044   3.8866933475527465E+034  -5.6729873837418233E+021  -39776044.454438962        5.0729773264843759E-008   2.5543742253032300E-021   5.8692169794907354E-034   5.4230801731791936E-047  -1.4720500554834066E-054  -8.4303869217121012E-063  -1.9324697007377621E-070  -9.8159774528059677E-078  -6.1465938024538328E-085
   6.8177566143328259E+035   4.7538029325271307E+046   1.1171291772741884E+044   3.6476489695569156E+034  -5.4241830088032670E+021  -37578329.320355773        4.5470947720388343E-008   2.3263013055945998E-021   5.3136430377944498E-034   4.8709202392863522E-047  -1.3106712023157194E-054  -7.4377117133465206E-063  -1.6889891094885621E-070  -8.4983414653785377E-078  -5.2717941189604882E-085
   6.7541550094005905E+035   4.5847132484004067E+046   1.0655599905142061E+044   3.4231803366434169E+034  -5.1838437007979666E+021  -35489930.495700255        4.0729327461367096E-008   2.1185861598988491E-021   4.8106638425175724E-034   4.3749784827593576E-047  -1.1669824982839702E-054  -6.5619072658582996E-063  -1.4761800586847497E-070  -7.3575338642084952E-078  -4.5214543178494742E-085
   6.6885650396889897E+035   4.4216147820138509E+046   1.0163699371739210E+044   3.2124053401536604E+034  -4.9519130219089788E+021  -33506558.724985518        3.6455798727209060E-008   1.9294123081978872E-021   4.3553000478260521E-034   3.9295312180382025E-047  -1.0390449715891035E-054  -5.7892161422341545E-063  -1.2901795927158102E-070  -6.3698302496413206E-078  -3.8778738900278282E-085
   6.6211540416656774E+035   4.2642962097129955E+046   9.6944933581198593E+043   3.0144949002743119E+034  -4.7283066727191470E+021  -31623972.210107904        3.2605795502937802E-008   1.7571252834325604E-021   3.9430437418484656E-034   3.5294374731677130E-047  -9.2513215108207586E-055  -5.1075000869017875E-063  -1.1276111737844651E-070  -5.5146883426405862E-078  -3.3258686459101888E-085
   6.5520813544516561E+035   4.1125536217517093E+046   9.2469355696359375E+043   2.8286697974525892E+034  -4.5129163087450011E+021  -29837992.201268006        2.9138886387539693E-008   1.6002181883771708E-021   3.5698138116517382E-034   3.1700796689687729E-047  -8.2370678048792062E-055  -4.5060494917041405E-063  -9.8552344729507031E-071  -4.7743213001896264E-078  -2.8524131491420278E-085
   6.4814986420697018E+035   3.9661902638710782E+046   8.8200279070087232E+043   2.6541976920767894E+034  -4.3056129818970575E+021  -28144516.088212859        2.6018398430128674E-008   1.4573185393901421E-021   3.2319155341538499E-034   2.8473103366267874E-047  -7.3340008389113152E-055  -3.9754152780034713E-063  -8.6133671403429467E-071  -4.1333282254532068E-078  -2.4463339363316008E-085
   6.4095502037505482E+035   3.8250162878141913E+046   8.4128182487295626E+043   2.4903903212957181E+034  -4.1062502392469337E+021  -26539528.271139633        2.3211074666481322E-008   1.3271762824509034E-021   2.9260039928936057E-034   2.5574042590969208E-047  -6.5299330300661431E-055  -3.5072605582740519E-063  -7.5279613946006713E-071  -3.5783742087312696E-078  -2.0980463131564703E-085
   6.3363732727176631E+035   3.6888485104709431E+046   8.0243983353593232E+043   2.3366008625048313E+034  -3.9146669088759459E+021  -25019109.063352279        2.0686762374338778E-008   1.2086528770897266E-021   2.6490509584504972E-034   2.2970154842724719E-047  -5.8140125736937598E-055  -3.0942297505939237E-063  -6.5793085238576137E-071  -3.0979132618046478E-078  -1.7993285401442839E-085
   6.2620983038573159E+035   3.5575101813572813E+046   7.6539017510520722E+043   2.1922214536428062E+034  -3.7306896001746852E+021  -23579441.852984741        1.8418129326913406E-008   1.1007113531072923E-021   2.3983149045959921E-034   2.0631387140452883E-047  -5.1765770583347813E-055  -2.7298330930478292E-063  -5.7501819198058823E-071  -2.6819483973900565E-078  -1.5431280993075141E-085
   6.1868492506666320E+035   3.4308307581433169E+046   7.3005019978430042E+043   2.0566808610221079E+034  -3.5541349437434920E+021  -22216818.728585411        1.6380405562429250E-008   1.0024072534446550E-021   2.1713138633003326E-034   1.8530746238529196E-047  -4.6090231204334423E-055  -2.4083447464886610E-063  -5.0255245523188962E-071  -2.3218238754845687E-078  -1.3233954861940672E-085
   6.1107438318589957E+035   3.3086456899544067E+046   6.9634106584444141E+043   1.9294422859630694E+034  -3.3848115939957838E+021  -20927644.752898708        1.4551148405216757E-008   9.1288038427551584E-022   1.9658008498234974E-034   1.6643987126376870E-047  -4.1036903815513957E-055  -2.1247128871543048E-063  -4.3921757851625856E-071  -2.0100453053228152E-078  -1.1349416184449589E-085
   6.0338937879932012E+035   3.1907962081786471E+046   6.6418756434885363E+043   1.8100013020148834E+034  -3.2225220156771821E+021  -19708441.050603859        1.2910028672657803E-008   8.3134730041810599E-022   1.7797416145631902E-034   1.4949333238607353E-047  -3.6537581033356737E-055  -1.8744803786369074E-063  -3.8386325817778449E-071  -1.7401238692963379E-078  -9.7331550677247334E-086
   5.9564051284801533E+035   3.0771291245232042E+046   6.3351795193420574E+043   1.6978839150308597E+034  -3.0670640737711502E+021  -18555846.858911514        1.1438636183765163E-008   7.5709446056449211E-022   1.6112945013684674E-034   1.3427225147883707E-047  -3.2531531668920758E-055  -1.6537147785967038E-063  -3.3548407730196613E-071  -1.5064414354499697E-078  -8.3469931038765834E-086
   5.8783783693089016E+035   2.9674966360707038E+046   6.0426379127943915E+043   1.5926447388207155E+034  -2.9182324446556979E+021  -17466620.674626287        1.0120302850875027E-008   6.8947199265633592E-022   1.4587922128828756E-034   1.2060094841204821E-047  -2.8964681358426472E-055  -1.4589465820010249E-063  -2.9320126032953831E-071  -1.3041337584316632E-078  -7.1581830747340390E-086
   5.7999087618219885E+035   2.8617561370952869E+046   5.7635979890914577E+043   1.4938652795315446E+034  -2.7758198648950185E+021  -16437640.617419304        8.9399417871931619E-009   6.2788801504856489E-022   1.3207253023619867E-034   1.0832162975400318E-047  -2.5788882982576174E-055  -1.2871147318439055E-063  -2.5624672476069128E-071  -1.1289893439999991E-078  -6.1386366189625527E-086
   5.7210865128588648E+035   2.7597700374061177E+046   5.4974369999479948E+043   1.4011523223127424E+034  -2.6396182326855525E+021  -15465904.116493313        7.8839010010124124E-009   5.7180346394223627E-022   1.1957272285039699E-034   9.7292567726878206E-048  -2.2961267036789279E-055  -1.1355185422865450E-063  -2.2394914081818432E-071  -9.7736187715825409E-079  -5.2642616819709246E-086
   5.6419969965751242E+035   2.6614055869940021E+046   5.2435608983259978E+043   1.3141364142001933E+034  -2.5094195757188907E+021  -14548527.016447982        6.9398303734509981E-009   5.2072738197709919E-022   1.0825608253073808E-034   8.7386464552309495E-048  -2.0443663192237463E-055  -1.0017752797393116E-063  -1.9572174632064077E-071  -8.4609439541550795E-079  -4.5143941505329593E-086
   5.5627209582347414E+035   2.5665347067643865E+046   5.0014030169138028E+043   1.2324704375127231E+034  -2.3850168980661543E+021  -13682742.187860070        6.0965607315893904E-009   4.7421262689123338E-022   9.8010605298096866E-035   7.8488983314931132E-048  -1.8202085247238365E-055  -8.8378273615810214E-064  -1.7105169582322409E-071  -7.3245363240319968E-079  -3.8713102891861912E-086
   5.4833347102623084E+035   2.4750338251474190E+046   4.7704228073809691E+043   1.1558282683905371E+034  -2.2662049176224001E+021  -12865897.718784355        5.3439939338603094E-009   4.3185196281456726E-022   8.8734890861449930E-035   7.0497428392739638E-048  -1.6206272523128586E-055  -7.7968620714219714E-064  -1.4949075088748503E-071  -6.3407316814923452E-079  -3.3198084961878982E-086
   5.4039103208323563E+035   2.3867837203828001E+046   4.5501046376180832E+043   1.0839035154223264E+034  -2.1527807046682280E+021  -12095454.754969142        4.6730029803433547E-009   3.9327450009686641E-022   8.0337138680306534E-035   6.3319560228576319E-048  -1.4429281519695390E-055  -6.8784935652456419E-064  -1.3064714264870004E-071  -5.4890420510425442E-079  -2.8468505277131662E-086
   5.3245157952633159E+035   2.3016693682840884E+046   4.3399566442985435E+043   1.0164083336060611E+034  -2.0445442312026807E+021  -11368985.048983993        4.0753412480273989E-009   3.5814245260783506E-022   7.2734239081367364E-035   5.6872530766830529E-048  -1.2847122322853890E-055  -6.0682851012183031E-064  -1.1417845909740731E-071  -4.7517294731400891E-079  -2.4412537383507427E-086
   5.2452152504744533E+035   2.2195797952937560E+046   4.1395096382214297E+043   9.5307230916931761E+033  -1.9412988398707246E+021  -10684168.271602787        3.5435600308587533E-009   3.2614818421372498E-022   6.5850950429498942E-035   5.1081927271546241E-048  -1.1438434860639826E-055  -5.3534997511551906E-064  -9.9785428066754947E-072  -4.1134369721855191E-079  -2.0934270866421712E-086
   5.1660690827551548E+035   2.1404079366467027E+046   3.9483160600111046E+043   8.9364141103929889E+033  -1.8428516405444750E+021  -10038789.132605771        3.0709336371548489E-009   2.9701151865532313E-022   5.9619154205216393E-035   4.5880913492508410E-048  -1.0184200640875790E-055  -4.7229002901196118E-064  -8.7206483154983569E-072  -3.5608690327474252E-079  -1.7951446846117502E-086
   5.0871341290873793E+035   2.0640504994661748E+046   3.7659489838602679E+043   8.3787700500149259E+033  -1.7490138419148900E+021  -9430734.3525975104        2.6513913633402787E-009   2.7047728934828654E-022   5.3977180612299076E-035   4.1209458269012441E-048  -9.0674860823003559E-056  -4.1665726401973111E-064  -7.6213014006848747E-072  -3.0825149440423138E-079  -1.5393515541443737E-086
   5.0084638222537328E+035   1.9904078306220085E+046   3.5920011671093388E+043   7.8555492682007763E+033  -1.6596010248050240E+021  -8857989.5224282686        2.2794557235088107E-009   2.4631310771849551E-022   4.8869198037562634E-035   3.7013642669834511E-048  -8.0732139769705989E-056  -3.6757700964725711E-064  -6.6605214786093682E-072  -2.6684092629622713E-079  -1.3199970114486006E-086
   4.9301083399555508E+035   1.9193837891869509E+046   3.4260841435561791E+043   7.3646461081357693E+033  -1.5744333633227687E+021  -8318635.8823020523        1.9501863695392356E-009   2.2430733059055248E-022   4.4244660317087297E-035   3.3245037674051785E-048  -7.1879600010993684E-056  -3.2427758893885651E-064  -5.8208455517898338E-072  -2.3099244168887075E-079  -1.1318917515112443E-086
   4.8521147481576475E+035   1.8508856233323788E+046   3.2678273584868602E+043   6.9040827058665860E+033  -1.4933357994262735E+021  -7810847.0486098668        1.6591291868578622E-009   2.0426720888336947E-022   4.0057806335620196E-035   2.9860145211264760E-048  -6.3997715292810722E-056  -2.8607819254627931E-064  -5.0870110462007024E-072  -1.9995911351380661E-079  -9.7058526269799983E-087
   4.7745271388688282E+035   1.7848238515101818E+046   3.1168773435102295E+043   6.4720012881422979E+033  -1.4161381759751223E+021  -7332885.7128974721        1.4022700968696086E-009   1.8601720144802932E-022   3.6267207004088564E-035   2.6819896110828906E-048  -5.6980063078456241E-056  -2.5237818022608902E-064  -4.4456785965708659E-072  -1.7309429760015952E-079  -8.3226068060259509E-087
   4.6973867625600531E+035   1.7211121477728055E+046   2.9728969293670777E+043   6.0666569315767405E+033  -1.3426753328813850E+021  -6883100.3341256110        1.1759931389599531E-009   1.6939743932354614E-022   3.2835355129319889E-035   2.4089199166348783E-048  -5.0731888109131078E-056  -2.2264764175912145E-064  -3.8851897491151366E-072  -1.4983817169581705E-079  -7.1364460115419795E-087
   4.6207321554150316E+035   1.6596672310884956E+046   2.8355644949685827E+043   5.6864107556599035E+033  -1.2727871705536916E+021  -6459921.8424706254        9.7704244315470585E-010   1.5426232699830418E-022   2.9728294114802768E-035   2.1636536111490887E-048  -4.5168823412109045E-056  -1.9641906905812670E-064  -3.3953551844869346E-072  -1.2970608091423564E-079  -6.1192972552046769E-087
   4.5445992616013487E+035   1.6004087585136814E+046   2.7045732509987925E+043   5.3297235237731421E+033  -1.2063186844414163E+021  -6061860.3703131592        8.0248773933664194E-010   1.4047926846025181E-022   2.6915281815846023E-035   1.9433597832940359E-048  -4.0215751500752847E-056  -1.7328000867365022E-064  -2.9672696173627840E-072  -1.1227844725336302E-079  -5.2470851178210781E-087
   4.4690215507436071E+035   1.5432592220891599E+046   2.5796305564923295E+043   4.9951496278943711E+033  -1.1431199741323086E+021  -5687502.0237422055        6.4969308065230246E-010   1.2792750690775883E-022   2.4368486220612444E-035   1.7454957622167240E-048  -3.5805790401525726E-056  -1.5286657929977153E-064  -2.5931500130063901E-072  -9.7192033338644903E-080  -4.4991626781759052E-087
   4.3940301307737661E+035   1.4881438493313057E+046   2.4604572668714335E+043   4.6813314341203847E+033  -1.0830462301327669E+021  -5335505.7058345946        5.1628848766797269E-010   1.1649706798489579E-022   2.2062709943659081E-035   1.5677777695072386E-048  -3.1879390826899366E-056  -1.3485775246194163E-064  -2.2661941841805515E-072  -8.4132378689043020E-080  -3.8578234242776147E-087
   4.3196538563277198E+035   1.4349905071939375E+046   2.3467871119960067E+043   4.3869939674895834E+033  -1.0259577011631914E+021  -5004600.0011316361        4.0014424619707584E-010   1.0608779730838423E-022   1.9975140803935872E-035   1.4081545592479300E-048  -2.8383532312322561E-056  -1.1897030655187027E-064  -1.9804572015452272E-072  -7.2827251177729173E-080  -3.3078826268661876E-087
   4.2459194328512709E+035   1.3837296093807283E+046   2.2383661028467099E+043   4.1109399158645125E+033  -9.7171964452924398E+020  -4693580.1291027423        2.9934761574646105E-010   9.6608483876479545E-023   1.8085126017496338E-035   1.2647837419255475E-048  -2.5271007470403731E-056  -1.0495437494716584E-064  -1.7307433739009019E-072  -6.3040977463556951E-080  -2.8363182932053820E-087
   4.1728515165729468E+035   1.3342940268921643E+046   2.1349519655245452E+043   3.8520449338344310E+033  -9.2020226188142563E+020  -4401304.9729404049        2.1218172742148508E-010   8.7976061699730009E-023   1.6373967769021196E-035   1.1360105189562450E-048  -2.2499784704170738E-056  -9.2589518282114308E-065  -1.5125118371667488E-072  -5.4569534443678777E-080  -2.4319632244928082E-087
   4.1004728104955450E+035   1.2866190016950608E+046   2.0363136013107763E+043   3.6092532287280351E+033  -8.7128062244823656E+020  -4126694.1887533674        1.3710647007664896E-010   8.0114882676450307E-023   1.4824738137960845E-035   1.0203485823921242E-048  -2.0032440779728398E-056  -8.1681259166938836E-065  -1.3217940379439386E-072  -4.7236299601183839E-080  -2.0852409057657283E-087
   4.0288041565530634E+035   1.2406420634064286E+046   1.9422305715887209E+043   3.3815734118898005E+033  -8.2483457562068255E+020  -3868725.3990985737        7.2741181670828021E-011   7.2956054357792256E-023   1.3422111546762686E-035   9.1646295936475402E-049  -1.7835655601108650E-056  -7.2058024915261757E-065  -1.1551216133829052E-072  -4.0888371822950312E-080  -1.7879389913429097E-087
   3.9578646240743875E+035   1.1963029488872489E+046   1.8524926064839720E+043   3.1680745993737678E+033  -7.8074865457639444E+020  -3626431.4738024902        1.7848979339928519E-011   6.6436836813914270E-023   1.2152213072162407E-035   8.2315460326423971E-049  -1.5879762369307363E-056  -6.3568450247248229E-065  -1.0094633577629241E-072  -3.5393386126567489E-080  -1.5330150359768321E-087
   3.8876715946902801E+035   1.1535435246452875E+046   1.7668991361321381E+043   2.9678827471500206E+033  -7.3891197245872485E+020  -3398897.9001545710       -2.8677423222377275E-011   6.0500093328875999E-023   1.1002481117602175E-035   7.3934655381077420E-049  -1.4138347054739493E-056  -5.6078997589594721E-065  -8.8217013112422175E-073  -3.0636756007580987E-080  -1.3144298828900496E-087
   3.8182408438152983E+035   1.1123077119495147E+046   1.6852588435332804E+043   2.7801772068047751E+033  -6.9921811246846968E+020  -3185260.2437978829       -6.7828548753281410E-011   5.5093790122014273E-023   9.9615430870491661E-036   6.6407150628182784E-049  -1.2587891777698278E-056  -4.9471857581858088E-065  -7.7092670945741746E-073  -2.6519286012824606E-080  -1.1270047726611930E-087
   3.7495866188316855E+035   1.0725414145620904E+046   1.6073892380000235E+043   2.6041874885484260E+033  -6.6156501308219091E+020  -2984701.7009825609       -1.0048976495155581E-010   5.0170540721788420E-023   9.0191028292332848E-036   5.9646064642102666E-049  -1.1207457283844089E-056  -4.3643096799891599E-065  -6.7370970196686731E-073  -2.2955104846986593E-080  -9.6629879688959663E-088
   3.6817217140978004E+035   1.0341924489970693E+046   1.5331162482519595E+043   2.4391902191299292E+033  -6.2585484948022913E+020  -2796450.7422768003       -1.2745178233718112E-010   4.5687191008146277E-023   8.1658387378776698E-036   5.3573362216207835E-049  -9.9784002292651627E-057  -3.8501023590435848E-065  -5.8875077106850367E-073  -1.9869875987821946E-080  -8.2850380089778956E-088
   3.6146575428992767E+035   9.9721047721812417E+045   1.4622738342524525E+043   2.2845062829936509E+033  -5.9199391214844104E+020  -2619778.8473380990       -1.4942014486076931E-010   4.1604441294758847E-023   7.3933114990145468E-036   4.8118953642126742E-049  -8.8841214593583676E-057  -3.3964746337156501E-065  -5.1450448705676710E-073  -1.7199248559113505E-080  -7.1035425174819320E-088
   3.5484042064569983E+035   9.6154694169059940E+045   1.3947036169255111E+043   2.1394981357088789E+033  -5.5989248350944330E+020  -2453998.3299259837       -1.6702380724742323E-010   3.7886502146098528E-023   6.6938805720066595E-036   4.3219885699651491E-049  -7.9098418840089552E-057  -2.9962901501410278E-065  -4.4962023352536962E-073  -1.4887516209579044E-080  -6.0904994126597122E-088
   3.4829705601018486E+035   9.2715500270611370E+045   1.3302545249299992E+043   2.0035672793551256E+033  -5.2946471334079149E+020  -2298460.2519790009       -1.8082288447081462E-010   3.4500780919113163E-023   6.0606285773770581E-036   3.8819615019570320E-049  -7.0424029239433560E-057  -2.6432531448204411E-065  -3.9291765317934315E-073  -1.2886456074310200E-080  -5.2218969690566081E-088
   3.4183642767223626E+035   8.9398947790075637E+045   1.2687824577062533E+043   1.8761518901607471E+033  -5.0062849364830087E+020  -2152552.4252763428       -1.9131565093666203E-010   3.1417596287747333E-023   5.4872928428438880E-036   3.4867355432409512E-049  -6.2700888347118928E-057  -2.3318094421065204E-065  -3.4336518796539425E-073  -1.1154323642971434E-080  -4.4771453332260266E-088
   3.3545919075876372E+035   8.6200678389063992E+045   1.2101499640462824E+043   1.7567245892702616E+033  -4.7330533358179785E+020  -2015697.4989518768       -1.9894485984190865E-010   2.8609918253124330E-023   4.9682034298372887E-036   3.1317491769985733E-049  -5.5824685100004569E-057  -2.0570591105793998E-065  -3.0006132364034541E-073  -9.6549826037811981E-081  -3.8385890054294188E-088
   3.2916589406441482E+035   8.3116487995118220E+045   1.1542259354730989E+043   1.6447903480595270E+033  -4.4742023490731114E+020  -1887351.1309200434       -2.0410344670423325E-010   2.6053131364959403E-023   4.4982270269445311E-036   2.8129053353652960E-049  -4.9702546288543679E-057  -1.8146794054956925E-065  -2.6221819801288273E-073  -8.3571515416961531E-081  -3.2910887592836904E-088
   3.2295698563817173E+035   8.0142321366906427E+045   1.1008853137475901E+043   1.5398845199293276E+033  -4.2290156848342539E+020  -1767000.2411038985       -2.0713967516904449E-010   2.3724819082671456E-023   4.0727161548227925E-036   2.5265241092025012E-049  -4.4251782454696286E-057  -1.6008567861194083E-065  -2.2914727502316473E-073  -7.2337518016281653E-081  -2.8216631121624613E-088
   3.1683281813603961E+035   7.7274266849821623E+045   1.0500088118526722E+043   1.4415709909891401E+033  -3.9968095212961772E+020  -1654161.3442209989       -2.0836177784580466E-010   2.1604567389464657E-023   3.6874631797113013E-036   2.2693002729711482E-049  -3.9398771286238877E-057  -1.4122269393419468E-065  -2.0024682434699867E-073  -6.2613429335183133E-081  -2.4191808665337823E-088
   3.1079365394867907E+035   7.4508551315358974E+045   1.0014826478343457E+043   1.3494404424954427E+033  -3.7769313022034143E+020  -1548378.9597787429       -2.0804214005496761E-010   1.9673785940977073E-023   3.3386586802874166E-036   2.0382651344367733E-049  -3.5077963433933857E-057  -1.2458218668107443E-065  -1.7499097900723782E-073  -5.4196339594623880E-081  -2.0740974495310172E-088
   3.0483967011251875E+035   7.1841535277873902E+045   9.5519829090780576E+042   1.2631087183346873E+033  -3.5687585528991193E+020  -1449224.0968534809       -2.0642106993775053E-010   1.7915545183408459E-023   3.0228537557155974E-036   1.8307522688537316E-049  -3.1230997330360355E-057  -1.0990232037881335E-065  -1.5292017213991915E-073  -4.6910602817474149E-081  -1.7782288133916156E-088
   2.9897096301257898E+035   6.9269708182544928E+045   9.1105221926396406E+042   1.1822152912415718E+033  -3.3716977188941542E+020  -1356292.8111738674       -2.0371019435394814E-010   1.6314428015681688E-023   2.7369259017612660E-036   1.6443667421119599E-049  -2.7805911060440155E-057  -9.6952103589664335E-066  -1.3363277911674209E-073  -4.0604174174502954E-081  -1.5245575473957412E-088
   2.9318755288494141E+035   6.6789683858577922E+045   8.6894568903770993E+042   1.1064218218199701E+033  -3.1851830289748132E+020  -1269204.8319955769       -2.0009551633208182E-010   1.4856394697380856E-023   2.4780481171697098E-036   1.4769574676003143E-049  -2.4756440643664134E-057  -8.5527756631237462E-066  -1.1677781312350380E-073  -3.5145439285960741E-081  -1.3070666135538638E-088
   2.8748938812651619E+035   6.4398196131895975E+045   8.2878451392399674E+042   1.0354108047882419E+033  -3.0086753845144748E+020  -1187602.2562389253       -1.9574016650857713E-010   1.3528659820053875E-023   2.2436609344931808E-036   1.3265923777108857E-049  -2.2041395254409268E-057  -7.5449506220133431E-066  -1.0204854143355613E-073  -3.0420469413898321E-081  -1.1205967715098134E-088
   2.8187634941948058E+035   6.2092094591755151E+045   7.9047885495148242E+042   9.6888429720393574E+032  -2.8416612763383038E+020  -1111148.3073608337       -1.9078687796850400E-010   1.2319580264979331E-023   2.0314470985041236E-036   1.1915361233966324E-049  -1.9624100945273562E-057  -6.6558757645193974E-066  -8.9176906343665383E-074  -2.6330645350357187E-081  -9.6072431836611472E-089
   2.7634825367750315E+035   5.9868340505922042E+045   7.5394301994599483E+042   9.0656272373642050E+032  -2.6836517302078564E+020  -1039526.1564456332       -1.8536021115244496E-010   1.1218553166598730E-023   1.8393086415454926E-036   1.0702300443746369E-049  -1.7471905363052808E-057  -5.8715600009686820E-066  -7.7928649360526789E-074  -2.2790600485928046E-081  -8.2365624963134937E-089
   2.7090485782060367E+035   5.7724002879231458E+045   7.1909527223761371E+042   8.4818375435083340E+032  -2.5341812817407027E+020  -972437.80302369094       -1.7956855299747205E-010   1.0215922988343188E-023   1.6653461289003811E-036   9.6127417877636219E-050  -1.5555736770321904E-057  -5.1796605317102262E-066  -6.8099050005058522E-074  -1.9726440191686504E-081  -7.0614035958253098E-089
   2.6554586238526022E+035   5.5656254650524037E+045   6.8585764818567046E+042   7.9350125004407250E+032  -2.3928069813565322E+020  -909603.01316095097       -1.7350591221237820E-010   9.3028968973044372E-024   1.5078398687472465E-036   8.6341110458681562E-050  -1.3849711418669478E-057  -4.5692886794208031E-066  -5.9509201770492792E-074  -1.7074200403520563E-081  -6.0538815276263838E-089
   2.6027091497612790E+035   5.3662369023135622E+045   6.5415578311556799E+042   7.4228427253440694E+032  -2.2591074296428901E+020  -850758.31240466726       -1.6725353052762524E-010   8.4714676968084957E-024   1.3652329007170405E-036   7.7551142635822814E-050  -1.2330783972361374E-057  -4.0308385920147343E-066  -5.2002757531991186E-074  -1.4778513281146209E-081  -5.1900874144351920E-089
   2.5507961356550840E+035   5.1739715924277629E+045   6.2391874527998426E+042   6.9431615405158165E+032  -2.1326818433584107E+020  -795656.03121960175       -1.6088132789014114E-010   7.7143436420814698E-024   1.2361155946768563E-036   6.9656073967476599E-050  -1.0978436262384507E-057  -3.5558361225690858E-066  -4.5443085237299880E-074  -1.2791452128376918E-081  -4.4495216383860942E-089
   2.4997150964648752E+035   4.9885758588808902E+045   5.9507887747486625E+042   6.4939362360503132E+032  -2.0131491521370869E+020  -744063.40060353070       -1.5444919787503670E-010   7.0248845244276209E-024   1.1192117073058792E-036   6.2564792290207023E-050  -9.7744001682888427E-058  -3.1368055098754371E-066  -3.9710782164760629E-074  -1.1071531496264578E-081  -3.8146078079065531E-089
   2.4494611124543788E+035   4.8098050263055701E+045   5.6757164595761551E+042   6.0732598632478062E+032  -1.9001471258217261E+020  -695761.69562992780       -1.4800816804491476E-010   6.3970434641970321E-024   1.0133657584611769E-036   5.6195462107598456E-050  -8.7024108859866986E-058  -2.7671517630804920E-066  -3.4701502552227976E-074  -9.5828416243094212E-082  -3.2702759985536271E-089
   2.4000288579938282E+035   4.6374231024486829E+045   5.4133549633108808E+042   5.6793435267368467E+032  -1.7933315322364602E+020  -650545.42472834489       -1.4160143858852866E-010   5.8253139027825346E-024   9.1753160239622272E-037   5.0474580054544068E-050  -7.7479872499012304E-058  -2.4410569007770481E-066  -3.0324059096476596E-074  -8.2942991743568056E-082  -2.8036053967140872E-089
   2.3514126290351261E+035   4.4712024713196276E+045   5.1631171607252201E+042   5.3105091452153942E+032  -1.6923753251055151E+020  -608221.56257838605       -1.3526531130118205E-010   5.3046813293896279E-024   8.3076208072332845E-037   4.5336126534401220E-050  -6.8982361431173004E-058  -2.1533884127336139E-066  -2.6498763800970759E-074  -7.1789986353402856E-082  -2.4035178812634488E-089
   2.3036063693395524E+035   4.3109235971286288E+045   4.9244430340125825E+042   4.9651826525208351E+032  -1.5969678617366249E+020  -568608.82456055086       -1.2903001981767596E-010   4.8305793197672142E-024   7.5219965471952579E-037   4.0720803736574081E-050  -6.1416783544071970E-058  -1.8996185046281270E-066  -2.3155978000838273E-074  -6.2136508751500621E-082  -2.0605152842079204E-089
   2.2566036955071399E+035   4.1563747386378865E+045   4.6967984219321934E+042   4.6418876124359222E+032  -1.5068141500114888E+020  -531536.98077601544       -1.2292047096409061E-010   4.3988495018321308E-024   6.8106792426993295E-037   3.6575351239161710E-050  -5.4680935305697795E-058  -1.6757528556986657E-066  -2.0234845196576741E-074  -5.3780971322910317E-082  -1.7664541055117388E-089
   2.2103979208550639E+035   4.0073516735615336E+045   4.4796738266354873E+042   4.3392392222335863E+032  -1.4216341241608312E+020  -496846.20771704498       -1.1695690614747078E-010   4.0057050974976429E-024   6.1666394951924486E-037   3.2851931296865446E-050  -4.8683821303431586E-058  -1.4782677688060899E-066  -1.7682183651501216E-074  -4.6548883124679237E-082  -1.5143523441936633E-089
   2.1649820781906528E+035   3.8636574326629263E+045   4.2725832755163251E+042   4.0559386814642109E+032  -1.3411619487472479E+020  -464386.47573967383       -1.1115549084369403E-010   3.6476977213251240E-024   5.5835129924763475E-037   2.9507576718719513E-050  -4.3344425157076486E-058  -1.3040547243710361E-066  -1.5451518612598462E-074  -4.0289208165427997E-082  -1.2982238683339071E-089
   2.1203489415229314E+035   3.7251020432100536E+045   4.0750632355496461E+042   3.7907679038999219E+032  -1.2651453502335941E+020  -434016.97056021594       -1.0552883946534946E-010   3.3216871451329652E-024   5.0555375718070454E-037   2.6503694962677132E-050  -3.8590615207857080E-058  -1.1503714660745160E-066  -1.3502236553052558E-074  -3.4871213048038678E-082  -1.1129363988541102E-089
   2.0764910467550474E+035   3.5915022814615874E+045   3.8866715776998466E+042   3.5425845518773249E+032  -1.1933449754776720E+020  -405605.54706664931       -1.0008648218598819E-010   3.0248137636665730E-024   4.5774962395543369E-037   2.3805622722990442E-050  -3.4358170205279197E-058  -1.0147988489274892E-066  -1.1798846053376794E-074  -3.0181738227094738E-082  -9.5408974124536183E-090
   2.0334007113982935E+035   3.4626814338675416E+045   3.7069865890915204E+042   3.3103173735277050E+032  -1.1255337764641995E+020  -379028.21380466642       -9.4835279657927414E-011   2.7544735200852537E-024   4.1446655835979417E-037   2.1382225869155963E-050  -3.0589911834050234E-058  -8.9520277093442376E-067  -1.0310331877138428E-074  -2.6122835964779430E-082  -8.1791137905377111E-090
   1.9910700533470024E+035   3.3384690666793989E+045   3.5356060307414309E+042   3.0929618245567156E+032  -1.0614964205618654E+020  -354168.64656597032       -8.9779790981812212E-011   2.5082950715625566E-024   3.7527690680124541E-037   1.9205540118687069E-050  -2.7234932365927629E-058  -7.8970058952361714E-067  -9.0095904919315285E-075  -2.2609725714808465E-082  -7.0116695423708201E-090
   1.9494910087521107E+035   3.2187008036752710E+045   3.3721462387519638E+042   2.8895759573384775E+032  -1.0010287255759803E+020  -330917.72957295715       -8.4922599761817289E-011   2.2841189949146728E-024   3.3979347479153054E-037   1.7250448296160436E-050  -2.4247907005863339E-058  -6.9663149444936318E-067  -7.8729367673335516E-075  -1.9569024282921508E-082  -6.0108351221124253E-090
   1.9086553490297739E+035   3.1032181117158267E+045   3.2162412669628779E+042   2.6992765611261378E+032  -9.4393711885506888E+019  -309173.12281912134       -8.0264602605668957E-011   2.0799788500382965E-024   3.0766569860989677E-037   1.5494390453295512E-050  -2.1588481645483049E-058  -6.1453037109671692E-067  -6.8796728759887504E-075  -1.6937213842386823E-082  -5.1528369185880694E-090
   1.8685546970400982E+035   2.9918680938566360E+045   3.0675420691505713E+042   2.5212355381557235E+032  -8.9003811970221162E+019  -288838.85418817017       -7.5805263999002434E-011   1.8940839352112754E-024   2.7857617926740269E-037   1.3917103504136399E-050  -1.9220727755220421E-058  -5.4210474301679390E-067  -6.0117115552210366E-075  -1.4659315843265652E-082  -4.4172930012949740E-090
   1.8291805424697289E+035   2.8845032897521683E+045   2.9257157189519063E+042   2.3546765013369550E+032  -8.3915784433844322E+019  -269824.93503683532       -7.1542841094767625E-011   1.7248035831286102E-024   2.5223754448055647E-037   1.2500387370094426E-050  -1.7112657053065365E-058  -4.7821443095221384E-067  -5.2532468752495837E-075  -1.2687743148196544E-082  -3.7867293326568798E-090
   1.7905242564507688E+035   2.7809814830957772E+045   2.7904446657737254E+042   2.1988715800863242E+032  -7.9113153266558878E+019  -252046.99798663368       -6.7474581606680216E-011   1.5706528600427049E-024   2.2838960760864248E-037   1.1227894935608790E-050  -1.5235789395119180E-058  -4.2185360833983677E-067  -4.5904665241327809E-075  -1.0981306444672547E-082  -3.2461649739649464E-090
   1.7525771054473188E+035   2.6811655158490862E+045   2.6614260250291663E+042   2.0531384216680387E+032  -7.4580309607908393E+019  -235425.95572825189       -6.3596897677625612E-011   1.4302795426680961E-024   2.0679679544790053E-037   1.0084943390023992E-050  -1.3564768051878193E-058  -3.7213497097310629E-067  -4.0113003747052049E-075  -9.5043542016607913E-083  -2.7827564477824178E-090
   1.7153302644397325E+035   2.5849231090225995E+045   2.5383709011183416E+042   1.9168373761700188E+032  -7.0302468558725046E+019  -219887.67969880695       -5.9905518306342851E-011   1.3024522587049328E-024   1.8724581943630164E-037   9.0583447781397769E-051  -1.2077017174092498E-058  -3.2827577176172813E-067  -3.5052007587243133E-075  -8.2260282240190930E-083  -2.3854928218810341E-090
   1.6787748294355660E+035   2.4921266897777931E+045   2.4210037416438400E+042   1.7893688539582209E+032  -6.6265627950173192E+019  -205362.69754687819       -5.6395622655789313E-011   1.1860496870299941E-024   1.6954356723137015E-037   8.1362538036098065E-051  -1.0752436821809128E-058  -2.8958550086492201E-067  -3.0629504502056765E-075  -7.1196192695546892E-083  -2.0449342822198590E-090
   1.6429018293351145E+035   2.4026532246288685E+045   2.3090617214209855E+042   1.6701708451256595E+032  -6.2456528997407834E+019  -191785.90835294334       -5.3061956331736481E-011   1.0800507228883826E-024   1.5351519380417492E-037   7.3080311285108653E-051  -9.5731314374993810E-059  -2.5545501735739276E-067  -2.6764948639823913E-075  -6.1620092810090004E-083  -1.7529879935463148E-090
   1.6077022371783539E+035   2.3163840585301268E+045   2.2022941549091880E+042   1.5587165910852533E+032  -5.8862618766548689E+019  -179096.31462363756       -4.9898932508018008E-011   9.8352552187433055E-025   1.3900239316684493E-037   6.5641205912714571E-051  -8.5231680958396621E-059  -2.2534696142144881E-067  -2.3387954160397973E-075  -5.3331885922519153E-083  -1.5027159303129212E-090
   1.5731669807991451E+035   2.2332047596423629E+045   2.1004619357539551E+042   1.4545123990504294E+032  -5.5472014385017537E+019  -167236.77012711510       -4.6900719583314943E-011   8.9562734418990034E-025   1.2586183363830058E-037   5.8959389258036774E-051  -7.5883612648604223E-059  -1.9878729620336746E-067  -2.0437013771595118E-075  -4.6158380321981500E-083  -1.2881701187013616E-090
   1.5392869529115256E+035   2.1530049695789041E+045   2.0033370021895173E+042   1.3570955907065714E+032  -5.2273468926757454E+019  -156153.74268373245       -4.4061316881479279E-011   8.1558512768307947E-025   1.1396374117102942E-037   5.2957767089786615E-051  -6.7560811712291545E-059  -1.7535784624396775E-067  -1.7858378878567862E-075  -3.9949672040275636E-083  -1.1042513805850450E-090
   1.5060530206520034E+035   2.0756782589388421E+045   1.9107018271096156E+042   1.2660325769018943E+032  -4.9256338905423643E+019  -145797.09107131540       -4.1374619751405950E-011   7.4269672455327793E-025   1.0319061672668884E-037   4.7567093931900391E-051  -6.0150831812255763E-059  -1.5468971507184842E-067  -1.5605080966296725E-075  -3.4576013894314726E-083  -9.4658822764102398E-091
   1.4734560346008661E+035   2.0011219879417673E+045   1.8223489316689295E+042   1.1809170506803981E+032  -4.6410553310290592E+019  -136119.85524744174       -3.8834475281771019E-011   6.7632274242842101E-025   9.3436075014594692E-038   4.2725173971568859E-051  -5.3553558928036298E-059  -1.3645747837942970E-067  -1.3636076405039938E-075  -2.9925105422574601E-083  -8.1143303174698430E-091
   1.4414868373046090E+035   1.9292371719847627E+045   1.7380804213300537E+042   1.1013682914438339E+032  -4.3726584121338520E+019  -127078.05913251170       -3.6434729719107062E-011   6.1588093581459886E-025   8.4603793107878058E-038   3.8376143326723698E-051  -4.7679858868494766E-059  -1.2037406140433473E-067  -1.1915499114273194E-075  -2.5899747142423011E-083  -6.9557300759265718E-091
   1.4101362713207898E+035   1.8599283519486881E+045   1.6577075433208900E+042   1.0270295734660694E+032  -4.1195418241751138E+019  -118630.52523691794       -3.4169268563371125E-011   5.6084109874299203E-025   7.6606558539158927E-038   3.4469825389127644E-051  -4.2450373107484296E-059  -1.0618621990364985E-067  -1.0412007483216896E-075  -2.2415810158222721E-083  -5.9625389480763650E-091
   1.3793951868057596E+035   1.7931034690868167E+045   1.5810502645150704E+042   9.5756667239342096E+031  -3.8808530787862372E+019  -110738.70045341383       -3.2032050212183277E-011   5.1072041383172494E-025   6.9365407461741991E-038   3.0961151802679222E-051  -3.7794446677059696E-059  -9.3670553605516752E-068  -9.0982136611796267E-076  -1.9400478731468432E-083  -5.1111452818589475E-091
   1.3492544486649621E+035   1.7286737443347445E+045   1.5079368687934992E+042   8.9266646375006138E+031  -3.6557859678419186E+019  -103366.49237186217       -3.0017133932190289E-011   4.6507921698090388E-025   6.2808844353340681E-038   2.7809642394126258E-051  -3.3649173636332656E-059  -8.2629989400698252E-068  -7.9501848298330477E-076  -1.6790729121214676E-083  -4.3813074291143293E-091
   1.3197049432847367E+035   1.6665535618860827E+045   1.4382035729884980E+042   8.3203560782992958E+031  -3.4435781466869711E+019  -96480.115507965573       -2.8118702852556952E-011   4.2351714056238829E-025   5.6872135545993701E-038   2.4978938053824959E-051  -2.9958547222144590E-059  -7.2890678927993421E-068  -6.9470073794380008E-076  -1.4532012934494191E-083  -3.7556728318218067E-091
   1.2907375848638132E+035   1.6066603568839038E+045   1.3716941605534832E+042   7.7539931569710956E+031  -3.2435088362235007E+019  -90047.946870397835       -2.6331082600518532E-011   3.8566960128373918E-025   5.1496669596140752E-038   2.2436381175341106E-051  -2.6672703201664059E-059  -6.4299261727907256E-068  -6.0704060557866277E-076  -1.2577117495172870E-083  -3.2193657254066802E-091
   1.2623433213620068E+035   1.5489145070831719E+045   1.3082596321405746E+042   7.2250019133666623E+031  -3.0548966385964966E+019  -84040.390322013875       -2.4648756131431338E-011   3.5120460192731596E-025   4.6629378169996734E-038   2.0152638811619523E-051  -2.3747246205902238E-059  -5.6720450891372285E-068  -5.3044111450337074E-076  -1.0885179434776593E-083  -2.7596336705209975E-091
   1.2345131400829295E+035   1.4932392283444091E+045   1.2477578723062201E+042   6.7309714529869317E+031  -2.8770974614011879E+019  -78429.749220572645       -2.3066375245104432E-011   3.1981981891715896E-025   4.2222211717956567E-038   1.8101364198485585E-051  -2.1142649943986196E-059  -5.0034903205045865E-068  -4.6350676378577889E-076  -9.4208309073378298E-084  -2.3655445208360868E-091
   1.2072380729068847E+035   1.4395604738237692E+045   1.1900533316008974E+042   6.2696437546093723E+031  -2.7095025455170236E+019  -73190.106852713870       -2.1578769225720104E-011   2.9123995017214952E-025   3.8231664753692187E-038   1.6258892739077271E-051  -1.8823723195966571E-059  -4.4137340271601746E-068  -4.0501810784226496E-076  -8.1534605989675069E-084  -2.0277266314285165E-091
   1.1805092011894923E+035   1.3878068367294104E+045   1.1350167233332062E+042   5.8389041080098677E+031  -2.5515365918523482E+019  -68297.214201843512       -2.0180950993753276E-011   2.6521429998597211E-025   3.4618346044240426E-038   1.4603968940551663E-051  -1.6759134370443404E-059  -3.8934891032913094E-068  -3.5390954713004099E-076  -7.0565740994223533E-084  -1.7381461386807739E-091
   1.1543176603409721E+035   1.3379094565185943E+045   1.0825247343314098E+042   5.4367721431857995E+031  -2.4026559824603976E+019  -63728.384616150623       -1.8868121114435645E-011   2.4151457975258373E-025   3.1346589461576869E-038   1.3117501151656149E-051  -1.4920988204370228E-059  -3.4345629608217869E-068  -3.0924992030153145E-076  -6.1072402774075955E-084  -1.4899160225916524E-091
   1.1286546441004348E+035   1.2898019284143403E+045   1.0324597490566702E+042   5.0613934148311833E+031  -2.2623470916605743E+019  -59462.394967258253       -1.7635669967986906E-011   2.1993290524842568E-025   2.8384101648324209E-038   1.1782341270625532E-051  -1.3284448886723909E-059  -3.0297285433075263E-068  -2.7022554447871282E-076  -5.2856120970136402E-084  -1.2771324168676651E-091
   1.1035114085189768E+035   1.2434202161247232E+045   9.8470958645200849E+041   4.7110315080185221E+031  -2.1301246829689258E+019  -55479.392913055395       -1.6479178351606039E-011   2.0027997290608792E-025   2.5701643014333226E-038   1.0583086881066173E-051  -1.1827404514820551E-059  -2.6726105396518305E-068  -2.3612539486720967E-076  -4.5745118669989407E-084  -1.0947342790399997E-091
   1.0788792756648109E+035   1.1987025676519691E+045   9.3916724893939617E+041   4.3840606331126887E+031  -2.0055303878079234E+019  -51760.809900114633       -1.5394416751676798E-011   1.8238339908364359E-025   2.3272738910504008E-038   9.5059035323432509E-052  -1.0530168350383228E-059  -2.3575850065941723E-068  -2.0632815387249442E-076  -3.9590722600335188E-084  -9.3838308746463542E-092
   1.0547496370631735E+035   1.1555894340824912E+045   8.9573068300450525E+041   4.0789586798878360E+031  -1.8881312621278659E+019  -48289.279561822230       -1.4377343496427973E-011   1.6608620776315566E-025   2.1073418124647297E-038   8.5383651134855898E-052  -9.3752128395672877E-060  -2.0796908199567985E-068  -1.8029089391225942E-076  -3.4264256035831400E-084  -8.0435970757216500E-092
   1.0311139568832055E+035   1.1140233912527834E+045   8.5430255083445153E+041   3.7943007026464415E+031  -1.7775184172303581E+019  -45048.561187987048       -1.3424101974069279E-011   1.5124545341346901E-025   1.9081976114370552E-038   7.6693104784479957E-052  -8.3469328037363238E-060  -1.8345515608011327E-068  -1.5753918785915598E-076  -2.9654349521464011E-084  -6.8947597741895183E-092
   1.0079637748835673E+035   1.0739490641898185E+045   8.1479001249854762E+041   3.5287528098572050E+031  -1.6733057212381239E+019  -42023.467960294089       -1.2531017078900715E-011   1.3773096693770933E-025   1.7278760636589607E-038   6.8887146681335238E-052  -7.4314346018346741E-060  -1.6183066068797113E-068  -1.3765846703772457E-076  -2.5664613230926178E-084  -5.9099891212453506E-092
   9.8529070912803944E+034   1.0353130542281040E+045   7.7710451818557765E+041   3.2810664334421864E+031  -1.5751285678048131E+019  -39199.799665580438       -1.1694591027793882E-011   1.2542421370533031E-025   1.5645977654729878E-038   6.1875732430435659E-052  -6.6163484160425471E-060  -1.4275503446534029E-068  -1.2028646941142364E-076  -2.2211622335982802E-084  -5.0658572645476151E-092
   9.6308645848193141E+034   9.9806386870901909E+044   7.4116161003355509E+041   3.0500729543598539E+031  -1.4826427088034759E+019  -36564.279615577376       -1.0911498671527196E-011   1.1421725365152979E-025   1.4167515605185763E-038   5.5577983917355690E-052  -5.8906611247659648E-060  -1.2592785449573002E-068  -1.0510664044346934E-076  -1.9223173299069931E-084  -4.3422813173664599E-092
   9.4134280489969365E+034   9.6215185317133834E+044   7.0688073310929495E+041   2.8346786625549166E+031  -1.3955231478728133E+019  -34104.495517529576       -1.0178582409499355E-011   1.0401179432200357E-025   1.2828786286135447E-038   4.9921256161739939E-052  -5.2445675051248811E-060  -1.1108410581532469E-068  -9.1842366459910405E-077  -1.6636774659874346E-084  -3.7220458356617050E-092
   9.2005161551368397E+034   9.2752912594507138E+044   6.7418505511559136E+041   2.6338600306840886E+031  -1.3134630918362520E+019  -31808.844055010679       -9.4928468021498986E-012   9.4718328556181276E-026   1.1616580796157546E-038   4.4840299171280073E-052  -4.6693377547152850E-060  -9.7990008407639013E-069  -8.0251935500630442E-077  -1.4398340784472977E-084  -3.1903934562155155E-092
   8.9920484453367749E+034   8.9414951506379683E+044   6.4300129442321309E+041   2.4466592822839287E+031  -1.2361729571403047E+019  -29666.478952348210       -8.8514529628007515E-012   8.6255349244425347E-026   1.0518939098891822E-038   4.0276505124085280E-052  -4.1571995428792623E-060  -8.6439335983273834E-069  -7.0124133889626342E-077  -1.2461061285024165E-084  -2.7346739680396720E-092
   8.7879453496627763E+034   8.6196849741368177E+044   6.1325955604354189E+041   2.2721802362278952E+031  -1.1633794285855394E+019  -27667.262309387799       -8.2517127994367278E-012   7.8548634270680882E-026   9.5250319247003022E-039   3.6177232192130592E-052  -3.7012329979986970E-060  -7.6250168591519311E-069  -6.1274398331029190E-077  -1.0784422487495340E-084  -2.3440434773816343E-092
   8.5881282016305421E+034   8.3094314004022484E+044   5.8489317517537727E+041   2.1095844104289959E+031  -1.0948245677459374E+019  -25801.719005905416       -7.6910831670192263E-012   7.1530595367670436E-026   8.6250538422511807E-039   3.2495197202960922E-052  -3.2952772120847666E-060  -6.7262027939499803E-069  -5.3541453452577189E-077  -9.3333605010887871E-085  -2.0092065167162567E-092
   8.3925192520585069E+034   8.0103204353654617E+044   5.5783856797634632E+041   1.9580873687865697E+031  -1.0302649685903530E+019  -24060.993986854795       -7.1671599821435107E-012   6.5139685172326003E-026   7.8101264433717964E-039   2.9187930131263465E-052  -2.9338469995269290E-060  -5.9333350318864507E-069  -4.6784373557717059E-077  -8.0775281922018427E-085  -1.7221949683805646E-092
   8.2010416813736386E+034   7.7219528743972009E+044   5.3203508922546627E+041   1.8169552963544778E+031  -9.6947095793346294E+018  -22436.812250849711       -6.6776723440874021E-012   5.9319857279652877E-026   7.0722106844911794E-039   2.6217284125468754E-052  -2.6120587853935191E-060  -5.2339257354501988E-069  -4.0880015072098399E-077  -6.9906607453274601E-085  -1.4761785482081733E-092
   8.0136196104477156E+034   7.4439437756422525E+044   5.0742489655880616E+041   1.6855017886274454E+031  -9.1222583845285734E+018  -20921.441374861697       -6.2204766994498517E-012   5.4020074558110799E-026   6.4040275185067683E-039   2.3548995415439161E-052  -2.3255646220125673E-060  -4.6169589478026285E-069  -3.5720772920530934E-077  -6.0500265529499281E-085  -1.2653023444139945E-092
   7.8301781100385683E+034   7.1759219520409229E+044   4.8395282097484704E+041   1.5630848417058702E+031  -8.5832517211408507E+018  -19507.656418096078       -5.7935510815457176E-012   4.9193861412940231E-026   5.7989860328584523E-039   2.1152288022944828E-052  -2.0704934423719432E-060  -4.0727171164628570E-069  -3.1212619969369419E-077  -5.2359519592253154E-085  -1.0845475498734336E-092
   7.6506432089077661E+034   6.9175294813771335E+044   4.6156624332015020E+041   1.4491040309105206E+031  -8.0757610194641224E+018  -18188.707057423104       -5.3949894504205889E-012   4.4798896069377420E-026   5.2511183837873924E-039   1.8999518713661034E-052  -1.8433987566456104E-060  -3.5926280620399188E-069  -2.7273393824153209E-077  -4.5314099252821396E-085  -9.2961207709820851E-093
   7.4749419006832072E+034   6.6684212337161536E+044   4.4021497647928134E+041   1.3429978661803812E+031  -7.5979671020902011E+018  -16958.286815616797       -5.0229961546984716E-012   4.0796639298767095E-026   4.7550208839307013E-039   1.7065858093811366E-052  -1.6412120851986768E-060  -3.1691299825820314E-069  -2.3831299776993695E-077  -3.9216640195573232E-085  -7.9680821772098698E-093
   7.3030021495322563E+034   6.4282644156173739E+044   4.1985115300568277E+041   1.2442413133023912E+031  -7.1481541108038605E+018  -15810.504252021021       -4.6758805324053388E-012   3.7151996330271933E-026   4.3058006612203649E-039   1.5329004171689934E-052  -1.4612014989234051E-060  -2.7955523680463091E-069  -2.0823602634676000E-077  -3.3939602925865570E-085  -6.8297491338395435E-093
   7.1347528947082969E+034   6.1967381305290406E+044   4.0042911794232709E+041   1.1523434706937873E+031  -6.7247037609277276E+018  -14739.855993145549       -4.3520516643591252E-012   3.3833008982001973E-026   3.8990273621176716E-039   1.3768925078936194E-052  -1.3009347067585962E-060  -2.4660109498683894E-069  -1.8195483598383188E-077  -2.9372605962388282E-085  -5.8540255220254067E-093
   6.9701240540309698E+034   5.9735329547928652E+044   3.8190532659257515E+041   1.0668453920888369E+031  -6.3260899061922519E+018  -13741.201488122762       -4.0500132906252708E-012   3.0810575310492719E-026   3.5306894220670178E-039   1.2367627982932810E-052  -1.1582461916778152E-060  -2.1753150315722077E-069  -1.5899041371986879E-077  -2.5420117734185964E-085  -5.0176850269261009E-093
   6.8090465263577859E+034   5.7583505287064418E+044   3.6423824701271674E+041   9.8731804607440121E+030  -5.9508733980232325E+018  -12809.739380950636       -3.7683588978549418E-012   2.8058194318874834E-026   3.1971544711887191E-039   1.1108951523933133E-052  -1.0312079511275110E-060  -1.9188857412835345E-069  -1.3892419302704159E-077  -2.1999458938437688E-085  -4.3008185227884600E-093
   6.6514521931023686E+034   5.5509031621109093E+044   3.4738826700821182E+041   9.1336040397529309E+030  -5.5976972239228436E+018  -11940.985398035045       -3.5057669830048326E-012   2.5551733483918066E-026   2.8951334840955688E-039   9.9783793819895063E-053  -9.1810344659329477E-061  -1.6926839189647196E-069  -1.2139042653423081E-077  -1.9039073602994749E-085  -3.6863603630628286E-093
   6.4972739188522984E+034   5.3509134539899892E+044   3.3131760542570918E+041   8.4459764811302488E+030  -5.2652819103697203E+018  -11130.751655745238       -3.2609964969418090E-012   2.3269217062324124E-026   2.6216483197164074E-039   8.9628728225792204E-053  -8.1740441032907296E-061  -1.4931465028790549E-069  -1.0606952111940007E-077  -1.6477032713180848E-085  -3.1596823105359981E-093
   6.3464455511371264E+034   5.1581139255846770E+044   3.1599022754251888E+041   7.8067949295231084E+030  -4.9524211763802962E+018  -10375.127298532889       -3.0328824697256918E-012   2.1190633318943772E-026   2.3740023305081892E-039   8.0507202888260471E-053  -7.2775019588530022E-061  -1.3171304136086917E-069  -9.2682213952556307E-078  -1.4259739122748805E-085  -2.7082454505192943E-093
   6.1989019193951132E+034   4.9722466665452849E+044   3.0137176436435802E+041   7.2127861211048007E+030  -4.6579778245587333E+018  -9670.4603836569386       -2.8203318179061203E-012   1.9297758985602256E-026   2.1497537507665727E-039   7.2314023049189973E-053  -6.4792939344060347E-061  -1.1618630519965992E-069  -8.0984483388586524E-078  -1.2340806675690690E-085  -2.3213018086688639E-093
   6.0545788331850133E+034   4.7930629936593499E+044   2.8742943565092048E+041   6.6608916463766270E+030  -4.3808798571170427E+018  -9013.3409337231205       -2.6223193329351950E-012   1.7573999410387989E-026   1.9466916012044645E-039   6.4954701320071114E-053  -5.7686346153988456E-061  -1.0248986315187021E-069  -7.0763101994778705E-078  -1.0680090106693736E-085  -1.9896385767951942E-093
   5.9134130796873433E+034   4.6203231217102926E+044   2.7413197649715551E+041   6.1482541438189427E+030  -4.1201168049720458E+018  -8400.5850831065436       -2.4378838487599092E-012   1.6004242994920878E-026   1.7628138718293037E-039   5.8344367765381354E-053  -5.1359215408494547E-061  -9.0407965745626259E-070  -6.1831750694784383E-078  -9.2428454394875514E-086  -1.7053588631186697E-093
   5.7753424205375625E+034   4.4537958460372560E+044   2.6144956730607258E+041   5.6722043663470139E+030  -3.8747362586222362E+018  -7829.2202488958283       -2.2661245857936668E-012   1.4574728642472876E-026   1.5963077676592174E-039   5.2406790935417365E-053  -4.5726054567885710E-061  -7.9750294627685949E-070  -5.4027623232156307E-078  -7.9990033299771098E-086  -1.4616937519202189E-093
   5.6403055880317150E+034   4.2932582363817831E+044   2.4935376699647515E+041   5.2302490661090153E+030  -3.6438405900766638E+018  -7296.4712612936637       -2.1061976677533351E-012   1.3272925053967283E-026   1.4455318221979847E-039   4.7073498553793388E-053  -4.0710748002029473E-061  -7.0348965012062008E-070  -4.7208459088524190E-078  -6.9225401618875303E-086  -1.2528412020587674E-093
   5.5082422807434064E+034   4.1384953416215807E+044   2.3781744929624626E+041   4.8200596465255751E+030  -3.4265838556508196E+018  -6799.7473924477426       -1.9573128072683951E-012   1.2087420812833420E-026   1.3089997020405562E-039   4.2282987714699362E-053  -3.6245528527068479E-061  -6.2055881435202924E-070  -4.1249950796605920E-078  -5.9909337459855705E-086  -1.0738279520732117E-093
   5.3790931585891053E+034   3.9892999050057082E+044   2.2681474197870859E+041   4.4394615336270887E+030  -3.2221688699619220E+018  -6336.6302264818069       -1.8187301557051058E-012   1.1007824294352944E-026   1.1853655426870726E-039   3.7980015477818441E-053  -3.2270061743496405E-061  -5.4740405176943284E-070  -3.6043478408733388E-078  -5.1846922424819665E-086  -9.2039114672413719E-094
   5.2527998373773055E+034   3.8454720895191105E+044   2.1632096890615320E+041   4.0864242217082290E+030  -3.0298444419491896E+018  -5904.8623170634264       -1.6897573122862369E-012   1.0024672521332987E-026   1.0734106707691682E-039   3.4114961676459719E-053  -2.8730630803731160E-061  -4.8287296614006310E-070  -3.1494129841605370E-078  -4.4869464569110883E-086  -7.8887686886332134E-094
   5.1293048828753192E+034   3.7068192130175564E+044   2.0631259475090633E+041   3.7590519511011569E+030  -2.8489027642145894E+018  -5502.3365821962989       -1.5697464873125083E-012   9.1293481664359286E-027   9.7203158158718748E-040   3.0643256587671917E-053  -2.5579410594227597E-061  -4.2594900102056998E-070  -2.7518971026108439E-078  -3.8830969846142081E-086  -6.7615316259501526E-094
   5.0085518044260659E+034   3.5731554927867280E+044   1.9676717227028551E+041   3.4555749784802458E+030  -2.6786769474269414E+018  -5127.0863890725177       -1.4580918140935884E-012   8.3140039729741087E-027   8.8022905325642528E-040   2.7524866861488965E-053  -2.2773821525259088E-061  -3.7573542801325532E-070  -2.4045534342123526E-078  -3.3605088256032988E-086  -5.7953547836932915E-094
   4.8904850481456938E+034   3.4443017991913779E+044   1.8766329201750462E+041   3.1743414025624783E+030  -2.5185386919584236E+018  -4777.2762847766771       -1.3542268040639650E-012   7.5714939310676137E-027   7.9709828998692060E-040   2.4723833778648805E-053  -2.0275954197088522E-061  -3.3144122229766939E-070  -2.1010497795145070E-078  -2.9082470840152829E-086  -4.9672276611775840E-094
   4.7750499897315240E+034   3.3200854180923019E+044   1.7898053437602920E+041   2.9138095103687274E+030  -2.3678960893279196E+018  -4451.1933314096359       -1.2576219394827664E-012   6.8953106053351065E-027   7.2181999718588356E-040   2.2207858509884904E-053  -1.8052057168873080E-061  -2.9236860299631990E-070  -1.8358530866715197E-078  -2.5168482253212582E-086  -4.2574269582790325E-094
   4.6621929269083688E+034   3.2003398217202134E+044   1.7069942381007961E+041   2.6725406113707373E+030  -2.2261915464115702E+018  -4147.2390068062077       -1.1677823980885765E-012   6.2795280642617127E-027   6.5365230027486679E-040   1.9947929592179810E-053  -1.6072080909244480E-061  -2.5790204214989504E-070  -1.6041286007410370E-078  -2.1781221078818129E-086  -3.6490470208010843E-094
   4.5518610715400755E+034   3.0849044477066160E+044   1.6280138522892937E+041   2.4491923288758786E+030  -2.0928998257478707E+018  -3863.9216344675160       -1.0842459040931777E-012   5.7187499105375284E-027   5.9192342744630539E-040   1.7917988324451777E-053  -1.4309271766592969E-061  -2.2749856920431761E-070  -1.4016517394725233E-078  -1.8849806488753030E-086  -3.1275973519510439E-094
   4.4440025414318494E+034   2.9736244859823527E+044   1.5526870236737448E+041   2.2425123199042728E+030  -1.9675261956136773E+018  -3599.8493086251988       -1.0065806999454743E-012   5.2080619564168586E-027   5.3602508412840233E-040   1.6094628222638961E-053  -1.2739810472917279E-061  -2.0067921831327182E-070  -1.2247310897009977E-078  -1.6312895415180269E-086  -2.6806576119396509E-094
   4.3385663518476956E+034   2.8663506732647177E+044   1.4808447808925179E+041   2.0513323965985022E+030  -1.8496046838793042E+018  -3353.7232825095557       -9.3438363337309998E-013   4.7429891289039775E-027   4.8540645375809704E-040   1.4456825067099769E-053  -1.1342490296812669E-061  -1.7702148375677289E-070  -1.0701411210871444E-078  -1.4117399224830508E-086  -2.2975818954342962E-094
   4.2355024067661975E+034   2.7629390948638710E+044   1.4123259652518746E+041   1.8745630238819869E+030  -1.7386964299662543E+018  -3124.3317899156827       -8.6727835430931713E-013   4.3194562266843236E-027   4.3956876564651384E-040   1.2985694428197048E-053  -1.0098430496886241E-061  -1.5615266465223670E-070  -9.3506339100522155E-079  -1.2217373055819354E-086  -1.9692452490300390E-094
   4.1347614898968045E+034   2.6632509935488303E+044   1.3469768695985535E+041   1.7111881696547217E+030  -1.6343881295307958E+018  -2910.5442720586266       -8.0491361643247592E-013   3.9337521845154414E-027   3.9806037632099093E-040   1.1664273872951353E-053  -8.9908212038495576E-062  -1.3774399413932397E-070  -8.1703516910090165E-079  -1.0573054588200238E-086  -1.6878263959315211E-094
   4.0362952554775995E+034   2.5671525852224971E+044   1.2846508938793563E+041   1.5602604852909717E+030  -1.5362905667812544E+018  -2711.3059834879264       -7.4696167818076062E-013   3.5824975315667406E-027   3.6047231579785493E-040   1.0477327340391696E-053  -8.0046962841877491E-062  -1.2150546057407841E-070  -7.1390454524061981E-079  -9.1500321441806701E-087  -1.4466214965629663E-094
   3.9400562188746351E+034   2.4745148811639838E+044   1.2252082166169607E+041   1.4208967955883949E+030  -1.4440372296072620E+018  -2525.6329525008191       -6.9311679825279194E-013   3.2626147582209568E-027   3.2643425483065201E-040   9.4111694289881650E-054  -7.1267311163792371E-062  -1.0718123916608079E-070  -6.2379120271498105E-079  -7.9185247184249030E-087  -1.2398845123305999E-094
   3.8459977470019070E+034   2.3852135166051073E+044   1.1685154815667704E+041   1.2922738786176555E+030  -1.3572830029559050E+018  -2352.6072730584096       -6.4309382076210091E-013   2.9713013313691337E-027   2.9561085333491646E-040   8.4535075692691988E-054  -6.3450625472484100E-062  -9.4545662106092245E-071  -5.4505214179349707E-079  -6.8527588795696544E-087  -1.0626903728154100E-094
   3.7540740485800695E+034   2.2991285854161306E+044   1.1144454988535427E+041   1.1736245171409659E+030  -1.2757029361334052E+018  -2191.3727066765359       -5.9662684537796531E-013   2.7060051214687045E-027   2.6769845395384243E-040   7.5933002610594284E-054  -5.6491285957236119E-062  -8.3399663712345304E-071  -4.7625172893699976E-079  -5.9304295099223475E-087  -9.1081768933045683E-095
   3.6642401642511468E+034   2.2161444806837940E+044   1.0628769599189396E+041   1.0642338044121492E+030  -1.1989910799422720E+018  -2041.1305741388542       -5.5346797795448811E-013   2.4644020257949231E-027   2.4242208813659266E-040   6.8206297401013226E-054  -5.0295257380932482E-062  -7.3567644604787446E-071  -4.1613552580093780E-079  -5.1322331036427103E-087  -7.8064822294256363E-095
   3.5764519565656120E+034   2.1361497409723344E+044   1.0136941656419942E+041   9.6343568824430786E+029  -1.1268593897832987E+018  -1901.1359181693224       -5.1338615732221722E-013   2.2443755915850257E-027   2.1953276518609931E-040   6.1265876052850682E-054  -4.4778818464089426E-062  -6.4894705515996740E-071  -3.6360742104346091E-079  -4.4414638611834558E-087  -6.6908071379755751E-095
   3.4906660998573794E+034   2.0590369020656374E+044   9.6678676702398533E+040   8.7060973823835265E+029  -1.0590366910600274E+018  -1770.6939194100601       -4.7616605409048105E-013   2.0439984603212250E-027   1.9880501752657508E-040   5.5031720872260975E-054  -3.9867430631858512E-062  -5.7244207169084729E-071  -3.1770964814162801E-079  -3.8436641311084758E-087  -5.7345702038581782E-095
   3.4068400700214632E+034   1.9847023539957610E+044   9.2204951785727664E+040   7.8517812201055615E+029  -9.9526770342072538E+017  -1649.1565491834438       -4.4160703748258112E-013   1.8615154703768391E-027   1.8003467797014601E-040   4.9431957732238444E-054  -3.5494730838543724E-062  -5.0495617788353911E-071  -2.7760532501383962E-079  -3.3263218870751138E-087  -4.9149881037136147E-095
   3.3249321342083248E+034   1.9130462031699866E+044   8.7938203882449909E+040   7.0660277714373323E+029  -9.3531212056024845E+017  -1535.9194435788088       -4.0952220639890954E-013   1.6953282697998549E-027   1.6303686705202865E-040   4.4402027242585986E-054  -3.1601634860686754E-062  -4.4542614338645548E-071  -2.4256319720489719E-079  -2.8786089115256984E-087  -4.2125329575279806E-095
   3.2449013404481475E+034   1.8439721394152030E+044   8.3868859250001609E+040   6.3438276641823977E+029  -8.7894374248168282E+017  -1430.4189843988652       -3.7973748107396286E-013   1.5439813042575516E-027   1.4764417057713684E-040   3.9883940280270810E-054  -2.8135538942406229E-062  -3.9291407585544565E-071  -2.1194430654930454E-079  -2.4911542090508014E-087  -3.6104672040289326E-095
   3.1667075072176681E+034   1.7773873077648312E+044   7.9987786874999334E+040   5.6805180465906955E+029  -8.2594965728599475E+017  -1332.1295734326984       -3.5209075186133035E-013   1.4061490572308584E-027   1.3370498939838036E-040   3.5825609293316705E-054  -2.5049609005599533E-062  -3.4659264593822611E-071  -1.8519034232020467E-079  -2.1558479092645095E-087  -3.0944449256683330E-095
   3.0903112129614072E+034   1.7132021848197026E+044   7.6286278005065613E+040   5.0717594626703131E+029  -7.7612946971743770E+017  -1240.5610873951900       -3.2643108184536645E-013   1.2806244305336123E-027   1.2108204514677382E-040   3.2180247665463656E-054  -2.2302147820782585E-062  -3.0573205391218915E-071  -1.6181346253512484E-079  -1.8656715567781814E-087  -2.6521701307795075E-095
   3.0156737855786508E+034   1.6513304595202533E+044   7.2756026626650606E+040   4.5135142318838409E+029  -7.2929457384363264E+017  -1155.2565016902652       -3.0261796013888727E-013   1.1663081632363849E-027   1.0965102717259017E-040   2.8905830213925271E-054  -1.9856031587739959E-062  -2.6968853267844735E-071  -1.4138739988414184E-079  -1.6145512378083708E-087  -2.2731038563716230E-095
   2.9427572918867693E+034   1.5916889181731694E+044   6.9389110845142794E+040   4.0020262372104151E+029  -6.8526746739246797E+017  -1075.7896719211183       -2.8052060288243953E-013   1.0621991961846950E-027   9.9299367350366891E-041   2.5964608597753879E-054  -1.7678208313019064E-062  -2.3789420601357889E-071  -1.2353969015944008E-079  -1.3972304706485959E-087  -1.9482131172480839E-095
   2.8715245270709895E+034   1.5341973335811854E+044   6.6177975125580681E+040   3.5338020315926732E+029  -6.4388110540363379E+017  -1001.7632627876304       -2.6001729911213823E-013   9.6738589759724812E-028   8.9925130662384150E-041   2.3322676047717929E-054  -1.5739251206298830E-062  -2.0984814232690699E-071  -1.0794488152412146E-079  -1.2091602006623620E-087  -1.6697557233646401E-095
   2.8019390041301243E+034   1.4787783581300680E+044   6.3115413354201747E+040   3.1055931784505422E+029  -6.0497829098111142E+017  -932.80681468261400       -2.4099479880951247E-013   8.8103807278412082E-028   8.1436010617725943E-041   2.0949576397512651E-054  -1.4012961061077466E-062  -1.8510846300148386E-071  -9.4318600835334584E-080  -1.0464035982615090E-087  -1.4310958412819098E-095
   2.7339649433272394E+034   1.4253574206920188E+044   6.0194552682903552E+040   2.7143797472545321E+029  -5.6841110105462259E+017  -868.57493892715331       -2.2334774058805701E-013   8.0239968790379909E-028   7.3748419598507895E-041   1.8817952907129419E-054  -1.2476012247000004E-062  -1.6328538100778710E-071  -8.2412368858087127E-080  -9.0555366800225777E-088  -1.2265459075371280E-095
   2.6675672616536861E+034   1.3738626272097095E+044   5.7408838120440564E+040   2.3573548901314794E+029  -5.3404034517326611E+017  -808.74563317381399       -2.0697811660715123E-013   7.3078224394208022E-028   6.6786665161512262E-041   1.6903232828195256E-054  -1.1107637530428348E-062  -1.4403506013208013E-071  -7.2009069856139074E-080  -7.8366194493701555E-088  -1.0512311291802765E-095
   2.6027115623145279E+034   1.3242246648299668E+044   5.4752017835854154E+040   2.0319104301459324E+029  -5.0173505546364486E+017  -753.01870905736598       -1.9179477243459908E-013   6.6555874280000969E-028   6.0482204171571118E-041   1.5183344073357511E-054  -9.8893474645051134E-063  -1.2705419808719538E-071  -6.2918992973890121E-080  -6.7817678630803738E-088  -9.0097334452199219E-096
   2.5393641242428003E+034   1.2763767094607773E+044   5.2218129141224758E+040   1.7356233962797049E+029  -4.7137200598802586E+017  -701.11432468829230       -1.7771293970425780E-013   6.0615819257228269E-028   5.4772967410950219E-041   1.3638460722087011E-054  -8.8046805570679117E-063  -1.1207524817574550E-071  -5.4976373245525648E-080  -5.8688996741022866E-088  -7.7219147812407997E-096
   2.4774918916496957E+034   1.2302543366297659E+044   4.9801485122356190E+040   1.4662434442383632E+029  -4.4283525983579386E+017  -652.77161506691027       -1.6465379953507356E-013   5.5206060382752165E-028   4.9602748004296966E-041   1.2250774427876791E-054  -7.8389808406434292E-063  -9.8862204234025231E-072  -4.8036369174806168E-080  -5.0789046418307640E-088  -6.6181621919970306E-096
   2.4170624636172579E+034   1.1857954355266103E+044   4.7496661887451965E+040   1.2216811060635772E+029  -4.1601574237392134E+017  -607.74741394752152       -1.5254407479237128E-013   5.0279243300898920E-028   4.4920647628288750E-041   1.1004289090560722E-054  -6.9791998390100745E-063  -8.7206882457549177E-072  -4.1972421786731576E-080  -4.3952445544948809E-088  -5.6721689128409439E-096
   2.3580440837398259E+034   1.1429401261160267E+044   4.5298486405226175E+040   9.9999681513999152E+028  -3.9081083916965485E+017  -565.81506110458099       -1.4131564938154944E-013   4.5792243299646626E-028   4.0680575045168455E-041   9.8846364258137551E-055  -6.2137202544671644E-063  -7.6925641536012616E-072  -3.6673947005918152E-080  -3.8036070784692170E-088  -4.8613877134952913E-096
   2.3004056298200133E+034   1.1016306792120036E+044   4.3202024905210961E+040   7.9939065656955368E+028  -3.6712401718138086E+017  -526.76328934822629       -1.3090521286848479E-013   4.1705787444157862E-028   3.6840792015514538E-041   8.8789103049180279E-055  -5.5321989934414525E-063  -6.7856489429739850E-072  -3.2044319292609530E-080  -3.2916061911537992E-088  -4.1664936538061678E-096
   2.2441166036246775E+034   1.0618114394077931E+044   4.1202571814280862E+040   6.1819279605889404E+028  -3.4486446789192192E+017  -490.39518600641094       -1.2125392882009648E-013   3.7984110474117240E-028   3.3363502112953565E-041   7.9755179543677096E-055  -4.9254274093640202E-063  -5.9856531210137793E-072  -2.7999109776540718E-080  -2.8485229287313120E-088  -3.5709236072117613E-096
   2.1891471207059488E+034   1.0234287507599692E+044   3.9295639204613911E+040   4.5485454343956346E+028  -3.2394677113253325E+017  -456.52722393691045       -1.1230712535276869E-013   3.4594641447494547E-028   3.0214478386703409E-041   7.1640462993378711E-055  -4.3852068743928958E-063  -5.2799717759220385E-072  -2.4464546768148012E-080  -2.4650810236311382E-088  -3.0604815832941355E-096
   2.1354679002920747E+034   9.8643088512842503E+043   3.7476946729454393E+040   3.0794000972887009E+028  -3.0429057841589792E+017  -424.98835745613297       -1.0401400646584010E-013   3.1507718383040514E-028   2.7362726201008913E-041   6.4351419097014008E-055  -3.9042379986825355E-063  -4.6574859862538515E-072  -2.1376170580417163E-080  -2.1332527365528256E-088  -2.6230004478612596E-096
   2.0830502552524552E+034   9.5076797307769100E+043   3.5742412024134653E+040   1.7611831925239289E+028  -2.8582031466260890E+017  -395.61917887442263       -9.6327382822278551E-014   2.8696328399403963E-028   2.4780177927484118E-041   5.7804031641587473E-055  -3.4760220003092385E-063  -4.1083876410479268E-072  -1.8677658136872381E-080  -1.8460908196971807E-088  -2.2480519822183824E-096
   2.0318660821410068E+034   9.1639193724830936E+043   3.4088141550853470E+040   5.8156340798652726E+027  -2.6846489726820918E+017  -368.27113161065984       -8.9203420719146519E-014   2.6135871072389081E-028   2.2441416480528360E-041   5.1922833889567975E-055  -3.0947728931434434E-063  -3.6240249110737282E-072  -1.6319795936387374E-080  -1.5975830946371926E-088  -1.9266983746097734E-096
   1.9818878513216195E+034   8.8325642811022576E+043   3.2510421866703038E+040  -4.7088095927840580E+027  -2.5215747151702586E+017  -342.80577612375794       -8.2601408066662289E-014   2.3803942935511992E-028   2.0323424970441806E-041   4.6640038542422684E-055  -2.7553393061339259E-063  -3.1967659367895662E-072  -1.4259582650061455E-080  -1.3825266014716655E-088  -1.6512792236545085E-096
   1.9330885971792514E+034   8.5131676201331810E+043   3.1005711295383369E+040  -1.4067253013738626E+028  -2.3683516140494845E+017  -319.09410514624722       -7.6483536266769799E-014   2.1680141234453941E-028   1.8405360006433455E-041   4.1894756247802587E-055  -2.4531348776104114E-063  -2.8198785855720623E-072  -1.2459444988640502E-080  -1.1964186854407398E-088  -1.4152289794589275E-096
   1.8854419084198919E+034   8.2052986145315561E+043   2.9570631983947155E+040  -2.2357577563562351E+028  -2.2243883498615040E+017  -297.01590493663980       -7.0814696950286387E-014   1.9745885214872302E-028   1.6668346414937113E-041   3.7632293638826396E-055  -2.1840762840785048E-063  -2.4874243839177192E-072  -1.0886552543951714E-080  -1.0353627416118333E-088  -1.2129204731033288E-096
   1.8389219184623744E+034   7.9085419747302898E+043   2.8201962326779354E+040  -2.9670343003016747E+028  -2.0891288340869251E+017  -276.45915948373033       -6.5562292596087033E-014   1.7984253376799906E-028   1.5095291349826862E-041   3.3803522811110126E-055  -1.9445280661396520E-063  -2.1941649536181769E-072  -9.5122191121979004E-081  -8.9598664498164920E-089  -1.0395308066341815E-096
   1.7935032959248035E+034   7.6224973412607450E+043   2.6896629739839061E+040  -3.6089301336915541E+028  -1.9620501285113059E+017  -257.31949479833060       -6.0696060116559461E-014   1.6379835268888284E-028   1.3670715962340006E-041   3.0364314967031103E-055  -1.7312535060130231E-063  -1.9354794778894807E-072  -8.3113795836119786E-081  -7.7537215880182204E-089  -8.9092640834285651E-097
   1.7491612352080722E+034   7.3467787492402863E+043   2.5651703768974196E+040  -4.1691876045847550E+028  -1.8426604861683133E+017  -239.49966061711220       -5.6187906550898176E-014   1.4918596523260875E-028   1.2380602971657468E-041   2.7275031696704567E-055  -1.5413708929067766E-063  -1.7072918971950731E-072  -7.2621328606436053E-081  -6.7099384367627099E-089  -7.6356451466098999E-097
   1.7058714471787830E+034   7.0810141120175983E+043   2.4464389516868594E+040  -4.6549608955004026E+028  -1.7304975068481155E+017  -222.90904702004235       -5.2011756061850005E-014   1.3587755947854098E-028   1.1212258633868959E-041   2.4500068029818132E-055  -1.3723145852879341E-063  -1.5060066877791270E-072  -6.3453424706489673E-081  -5.8066618880390364E-089  -6.5440873132280488E-097
   1.6636101499536229E+034   6.8248447232924700E+043   2.3332021373893645E+040  -5.0728576863712734E+028  -1.6251264005569789E+017  -207.46323362817606       -4.8143407482441268E-014   1.2375673598859193E-028   1.0154187749009345E-041   2.2007441989485408E-055  -1.2218003439168396E-063  -1.3284522111356713E-072  -5.5442875909250131E-081  -5.0249785881075417E-089  -5.6085666185471659E-097
   1.6223540597870815E+034   6.5779247770509665E+043   2.2252057038817932E+040  -5.4289779922846288E+028  -1.5261383526897043E+017  -193.08356920302924       -4.4560401707158630E-014   1.1271748852161232E-028   9.1959804743951022E-042   1.9768425915529611E-055  -1.0877944672197254E-063  -1.1718307419095182E-072  -4.8443581230442299E-081  -4.3485209853106279E-089  -4.8067787893997300E-097
   1.5820803820641682E+034   6.3399209046803540E+043   2.1222071815976699E+040  -5.7289503619461107E+028  -1.4331489850313714E+017  -179.69677961311248       -4.1241898267167519E-014   1.0266327580350405E-028   8.3282098288826121E-042   1.7757215306276324E-055  -9.6848631195092857E-064  -1.0336743869359745E-072  -4.2327882565599648E-081  -3.7631246697292213E-089  -4.1196076061730858E-097
   1.5427668023996470E+034   6.1105117286508039E+043   2.0239753176122269E+040  -5.9779656108298817E+028  -1.3457969070398614E+017  -167.23460226810070       -3.8168560471583463E-014   9.3506176217218912E-029   7.5423388780632370E-042   1.5950631360577745E-055  -8.6226382783908129E-064  -9.1180620093502629E-073  -3.6984236639047368E-081  -3.2565318323745645E-089  -3.5306692447621620E-097
   1.5043914778450995E+034   5.8893874321726117E+043   1.9302895568767352E+040  -6.1808082517638475E+028  -1.2637423521770413E+017  -155.63344524716840       -3.5322448536697051E-014   8.5166118003863639E-029   6.8306366858424907E-042   1.4327853790398939E-055  -7.6769177563724525E-064  -8.0430588624406643E-073  -3.2315180814876540E-081  -2.8181346368469897E-089  -3.0259217403749468E-097
   1.4669330282049693E+034   5.6762493442588053E+043   1.8409395474395905E+040  -6.3418857751951544E+028  -1.1866658943550557E+017  -144.83406946579072       -3.2686920162527993E-014   7.7570178228208281E-029   6.1861022042638538E-042   1.2870180823351446E-055  -6.8349233425569028E-064  -7.0947953619091913E-073  -2.8235555677893753E-081  -2.4387531317408357E-089  -2.5933302666781676E-097
   1.4303705274626057E+034   5.4708095396431550E+043   1.7557246685453692E+040  -6.4652559215439065E+028  -1.1142672398462128E+017  -134.78129233535424       -3.0246538051279628E-014   7.0651944364793103E-029   5.6023953516848720E-042   1.1560813628088021E-055  -6.0852783493784336E-064  -6.2583294541343885E-073  -2.4670951974218641E-081  -2.1104430550071144E-089  -2.2225802536669688E-097
   1.3946834953171467E+034   5.2727904530233478E+043   1.6744535805542897E+040  -6.5546520788403533E+028  -1.0462640902710125E+017  -125.42371147272084       -2.7986983895301355E-014   6.4350932909847863E-029   5.0737746002653795E-042   1.0384662677089446E-055  -5.4178538918098942E-064  -5.5204806662694066E-073  -2.1556353591995944E-081  -1.8263295071295833E-089  -1.9048315075111208E-097
   1.3598518888319584E+034   5.0819245071177735E+043   1.5969437956734113E+040  -6.6135069302135733E+028  -98239107253010480.       -116.71344711292262       -2.5894978393166692E-014   5.8612059924186321E-029   4.5950404578844804E-042   9.3281738143288733E-056  -4.8236320269200553E-064  -4.8696224291127218E-073  -1.8834951837167442E-081  -1.5804630114178481E-089  -1.6325074726217638E-097
   1.3258560941952185E+034   4.8979537540427149E+043   1.5230212685374800E+040  -6.6449744677213758E+028  -92239873178301888.       -108.60590196787591       -2.3958206881548222E-014   5.3385158867505644E-029   4.1614842876968618E-042   8.3791720225083747E-056  -4.2945839045045357E-064  -4.2954988831642870E-073  -1.6457109382575844E-081  -1.3676949483027647E-089  -1.3991146135691419E-097
   1.2926769185930838E+034   4.7206295295341834E+043   1.4525200057218273E+040  -6.6519504814470377E+028  -86605258380021376.       -101.05953735779484       -2.2165250197830256E-014   4.8624541499100657E-029   3.7688419611432201E-042   7.5267210886465632E-056  -3.8235612823465281E-064  -3.7890632815798376E-073  -1.4379454997785511E-081  -1.1835697560405408E-089  -1.1990876122100955E-097
   1.2602955821957961E+034   4.5497121195557319E+043   1.3852816933121098E+040  -6.6370916257066558E+028  -81313222322613056.       -94.035664520247551       -2.0505520413945765E-014   4.4288597997529541E-029   3.4132518878629851E-042   6.7609975501092211E-056  -3.4041999402488853E-064  -3.3423354439898583E-073  -1.2564092551660268E-081  -1.0242316411784044E-089  -1.0276566905515826E-097
   1.2286937102569301E+034   4.3849704388496473E+043   1.3211553416961278E+040  -6.6028331575808170E+028  -76343048449007808.       -87.498250074893392       -1.8969201105857023E-014   4.0339432795557453E-029   3.0912170090898222E-042   6.0731774678310930E-056  -3.0308336877577754E-064  -2.9482760152927656E-073  -1.0977909863408884E-081  -8.8634384585097009E-090  -8.8073389713765097E-098
   1.1978533253259136E+034   4.2261817210049987E+043   1.2599969467815542E+040  -6.5514054367775006E+028  -71675265228972480.       -81.413734690199959       -1.7547191845512458E-014   3.6742532939768174E-029   2.7995703801670728E-042   5.4553347213747320E-056  -2.6984178036421295E-064  -2.6006755482930257E-073  -9.5919747984835375E-082  -7.6701878181818747E-090  -7.5481564666284831E-098
   1.1677568395738287E+034   4.0731312196309565E+043   1.2016691668801808E+040  -6.4848492700233723E+028  -67291571874924040.       -75.750864062185869       -1.6231056623094909E-014   3.3466466069320353E-029   2.5354440031865137E-042   4.9003496533181024E-056  -2.4024608726365842E-064  -2.2940566626048296E-073  -8.3810075965879765E-082  -6.6375756862376162E-090  -6.4689918985112407E-098
   1.1383870472324220E+034   3.9256119202385678E+043   1.1460410145344120E+040  -6.4050301777424079E+028  -63174768452136184.       -70.480531374758314       -1.5012975927013855E-014   3.0482605367935774E-029   2.2962406027782862E-042   4.4018270097877232E-056  -2.1389640984210603E-064  -2.0235877382598216E-073  -7.3229198091256283E-082  -5.7439771010762376E-090  -5.5441102262373464E-098
   1.1097271171461424E+034   3.7834242624483270E+043   1.0929875625951693E+040  -6.3136516556910582E+028  -59308690126038768.       -65.575630466796099       -1.3885702227465894E-014   2.7764879079614880E-029   2.0796080670785811E-042   3.9540222311351619E-056  -1.9043672728302205E-064  -1.7850067841888612E-073  -6.3984114380361985E-082  -4.9706781386713954E-090  -4.7514552812185847E-098
   1.0817605854369709E+034   3.6463758721544369E+043   1.0423896638923505E+040  -6.2122674994558200E+028  -55678145304187928.       -61.010918983021860       -1.2842518626571467E-014   2.5289542393859040E-029   1.8834163021603321E-042   3.5517752430274041E-056  -1.6955006712261134E-064  -1.5745542820557012E-073  -5.5906189292781523E-082  -4.3014840569483140E-090  -4.0721238902882769E-098
   1.0544713482816990E+034   3.5142813032898827E+043   9.9413368386939473E+039  -6.1022932552615029E+028  -52268857444514424.       -56.762890834157368       -1.1877200454161713E-014   2.3034969702222812E-029   1.7057362719899107E-042   3.1904509846963989E-056  -1.5095422240425206E-064  -1.3889139473304253E-073  -4.8848076015635660E-082  -3.7223801861099033E-090  -3.4899151666374140E-098
   1.0278436548012551E+034   3.3869617888490713E+043   9.4811124558257773E+039  -5.9850168563673972E+028  -49067410314688840.       -52.809657337088083       -1.0983979603307657E-014   2.0981465406546198E-029   1.5448210175040796E-042   2.8658859887670799E-056  -1.3439793858019074E-064  -1.2251604742300442E-073  -4.2681029012494099E-082  -3.2212384652809618E-090  -2.9909442247303317E-098
   1.0018621000615974E+034   3.2642450008370535E+043   9.0421898649335325E+039  -5.8616085004257366E+028  -46061196499917416.       -49.130836447986582       -1.0157511413717805E-014   1.9111091621788359E-029   1.3990884678983622E-042   2.5743403968521152E-056  -1.1965751863787539E-064  -1.0807134411881984E-073  -3.7292555823089451E-082  -2.7875634814148758E-090  -2.5633111109810617E-098
   9.7651161818564352E+033   3.1459648188261238E+043   8.6235832650849121E+039  -5.7331298195256345E+028  -43238368968247184.       -45.707449540762070       -9.3928439242411094E-015   1.7407511264430838E-029   1.2671058748729612E-042   2.3124548577700702E-056  -1.0653380057940732E-064  -9.5329665057875310E-074  -3.2584365289583911E-082  -2.4122726933721255E-090  -2.1968170580413550E-098
   9.5177747557562096E+033   3.0319611068119887E+043   8.2243524674794959E+039  -5.6005423912296226E+028  -40587795513547224.       -42.521825219994334       -8.6853893279577691E-015   1.5855845152233807E-029   1.1475757165693765E-042   2.0772118115344062E-056  -9.4849466413867535E-065  -8.4090226203847136E-074  -2.8470574790768626E-082  -2.0875062397436868E-090  -1.8827212985356905E-098
   9.2764526424518981E+033   2.9220794980726632E+043   7.8436007854447315E+039  -5.4647156357146158E+028  -38099015906791112.       -39.557509691852019       -8.0308974747743890E-015   1.4442541863899095E-029   1.0393229324074992E-042   1.8659007128225614E-056  -8.4446646301709828E-065  -7.4175915426078341E-074  -2.4876143788882058E-082  -1.8064623483340425E-090  -1.6135326408554690E-098
   9.0410089526061854E+033   2.8161711877438319E+043   7.4804730220182837E+039  -5.3264341411402750E+028  -35762201596120292.       -36.799183248546534       -7.4254312771142082E-015   1.3155259218992886E-029   9.4128336314199738E-043   1.6760867930507289E-056  -7.5184785478534169E-065  -6.5430501675575839E-074  -2.1735505120843031E-082  -1.5632549012017561E-090  -1.3828308382319303E-098
   8.8113059229024844E+033   2.7140927328346356E+043   7.1341535506045536E+039  -5.1864044565723155E+028  -33568117805459360.       -34.232582451785717       -6.8653438842548883E-015   1.1982756340291241E-029   8.5249328232743678E-043   1.5055830009741521E-056  -6.6938745136248065E-065  -5.7716173184044898E-074  -1.8991369071854339E-082  -1.3527901729990995E-090  -1.1851134924906614E-098
   8.5872088526144707E+033   2.6157058594176704E+043   6.8038644844017520E+039  -5.0452613891739816E+028  -31508087890212340.       -31.844427628609012       -6.3472575001619644E-015   1.0914795353424481E-029   7.7207991613080261E-043   1.3524247983755534E-056  -5.9597111600871174E-065  -5.0911365896461858E-074  -1.6593678420303413E-082  -1.1706601617653106E-090  -1.0156648425739575E-098
   8.3685860412418307E+033   2.5208772767365222E+043   6.4888639304948986E+039  -4.9035738399342750E+028  -29573959816821424.       -29.622355319035460       -5.8680437283373777E-015   9.9420518631253574E-030   6.9925285816389686E-043   1.2148475203179424E-056  -5.3060690960753521E-065  -4.4908847920622484E-074  -1.4498695396119296E-082  -1.0130502787129184E-090  -8.7044330960624343E-099
   8.1553087272034689E+033   2.4294784979832452E+043   6.1884443246996885E+039  -4.7618502099155002E+028  -27758074640749248.       -27.554855339267050       -5.4248053352901169E-015   9.0560334222714383E-030   6.3329629482237633E-043   1.0912660390022042E-056  -4.7241168804790747E-065  -3.9614029810945671E-074  -1.2668203900445479E-082  -8.7665946417494880E-091  -7.4598511740498933E-099
   7.9472510275786951E+033   2.3413856675071228E+043   5.9019308434234396E+039  -4.6205434068655803E+028  -26053236864775548.       -25.631212146872357       -5.0148593317774919E-015   8.2490052799279014E-030   5.7356196459989996E-043   9.8025649682536615E-057  -4.2059916961189588E-065  -3.4943474062101430E-074  -1.1068812436521463E-082  -7.5863105704555810E-091  -6.3932169056104689E-099
   7.7442898788869706E+033   2.2564793942244626E+043   5.6286798889816693E+039  -4.4800554800424173E+028  -24452686566406940.       -23.841450215541308       -4.6357212779962918E-015   7.5139227583571514E-030   5.1946278207356954E-043   8.8053989808845908E-057  -3.7446931113610331E-065  -3.0823580326838974E-074  -9.6713450383633319E-083  -6.5649297019387355E-091  -5.4790886066125465E-099
   7.5463049788960478E+033   2.1746445910075023E+043   5.3680776449735780E+039  -4.3407419092299635E+028  -22950073189707316.       -22.176283146748485       -4.2850907254564573E-015   6.8443696670252171E-030   4.7046706380187447E-043   7.9096737022856846E-057  -3.3339884939926982E-065  -2.7189425641162981E-074  -8.4503090886859773E-083  -5.6810591917354614E-091  -4.6956619273055180E-099
   7.3531787294484586E+033   2.0957703198383192E+043   5.1195386984768387E+039  -4.2029155721796715E+028  -21539430902988712.       -20.627066264086615       -3.9608377143770290E-015   6.2345022145109194E-030   4.2609329930313594E-043   7.1050692469487894E-057  -2.9683287993297663E-065  -2.3983741382366170E-074  -7.3834303197828528E-083  -4.9161862016756076E-091  -4.0242498523994092E-099
   7.1647961802956983E+033   2.0197496425213592E+043   4.8825047259717407E+039  -4.0668504130795666E+028  -20215155429580528.       -19.185752453219926       -3.6609902511344336E-015   5.6789979273757034E-030   3.8590541564942763E-043   6.3823156487530544E-057  -2.6427735947000024E-065  -2.1156010839855487E-074  -6.4512465163426304E-083  -4.2542901902898734E-091  -3.4488370381097796E-099
   6.9810449739294926E+033   1.9464794767555407E+043   4.6564432400476016E+039  -3.9327848331282009E+028  -18971982264338116.       -17.844851026440978       -3.3837226955939992E-015   5.1730091289023343E-030   3.4950848907099998E-043   5.7330860400792084E-057  -2.3529243072501113E-065  -1.8661673179151519E-074  -5.6367525097801784E-083  -3.6815073955837262E-091  -2.9556978597566066E-099
   6.8018152913990978E+033   1.8758604573739777E+043   4.4408463940806915E+039  -3.8009248228660146E+028  -17804966193679626.       -16.597389405773271       -3.1273449930928376E-015   4.7121205705429748E-030   3.1654486136725167E-043   5.1499006995883861E-057  -2.0948647931361137E-065  -1.6461421255837062E-074  -4.9250899891143442E-083  -3.1858404844093677E-091  -2.5330690624692309E-099
   6.6269997991036027E+033   1.8077968025662606E+043   4.2352298422027391E+039  -3.6714468545853795E+028  -16709462041770304.       -15.436877432513725       -2.8902926904399254E-015   4.2923108452826440E-030   2.8669062290562421E-043   4.6260408627636377E-057  -1.8651084250829920E-065  -1.4520582214993766E-074  -4.3032764707960041E-083  -2.7569072883950116E-091  -2.1708692094001234E-099
   6.4564935965477606E+033   1.7421961849048024E+043   4.0391316520031467E+039  -3.5445005518968804E+028  -15681106570023010.       -14.357274124124267       -2.6711176795800526E-015   3.9099172452404171E-030   2.5965242759874265E-043   4.1554713018447947E-057  -1.6605509833750420E-065  -1.2808571116097016E-074  -3.7599684840822888E-083  -2.3857233648200272E-091  -1.8604582376192035E-099
   6.2901941650499863E+033   1.6789696070031710E+043   3.8521112675261879E+039  -3.4202111523675648E+028  -14715801461369468.       -13.352956711520562       -2.4684796165534354E-015   3.5616037559888965E-030   2.3516460851820205E-043   3.7327707828681644E-057  -1.4784287137536527E-065  -1.1298408973985859E-074  -3.2852546525907515E-083  -2.0645138290895267E-091  -1.5944313881443414E-099
   6.1280013173909028E+033   1.6180312816404484E+043   3.6737485202372162E+039  -3.2986817780618301E+028  -13809697324792558.       -12.418691801127785       -2.2811379670919934E-015   3.2443319075365342E-030   2.1298656576283938E-043   3.3530695983178560E-057  -1.3162809855138038E-065  -9.9662976215214081E-075  -2.8704748979309366E-083  -1.7865505183910819E-091  -1.3664425961574028E-099
   5.9698171483906057E+033   1.5592985161915919E+043   3.5036426857395083E+039  -3.1799955278020810E+028  -12959178659411282.       -11.549608516632729       -2.1079446336452316E-015   2.9553342269281761E-030   1.9290040087926791E-043   3.0119934554508927E-057  -1.1719170452477667E-065  -8.7912446948819234E-075  -2.5080624677436259E-083  -1.5460110765412094E-091  -1.1710531298962009E-099
   5.8155459864029461E+033   1.5026916012095065E+043   3.3414115841258425E+039  -3.0642174040199676E+028  -12160849720989618.       -10.741173485209201       -1.9478371218405835E-015   2.6920900601956587E-030   1.7470877455930145E-043   2.7056130736149947E-057  -1.0433864170241819E-065  -7.7547328322248147E-075  -2.1914059067688450E-083  -1.3378570090556138E-091  -1.0036018687459130E-099
   5.6650943457147830E+033   1.4481337030100371E+043   3.1866907219468308E+039  -2.9513960861852756E+028  -11411521237111246.       -9.9891675421773307       -1.7998322073712290E-015   2.4523035521324683E-030   1.5823296653654855E-043   2.4303989096799436E-057  -9.2895254906065632E-066  -6.8404278731179454E-075  -1.9147284533040908E-083  -1.1577281547150403E-091  -8.6009412703047388E-100
   5.5183708798382844E+033   1.3955507601163992E+043   3.0391324738712754E+039  -2.8415655619746294E+028  -10708197920436382.       -9.2896640366214207       -1.6630200670840977E-015   2.2338835912556549E-030   1.4331111859457816E-043   2.1831804898095470E-057  -8.2706935081396422E-066  -6.0339214606817102E-075  -1.6729826612377580E-083  -1.0018513636649774E-091  -7.3710637222577058E-100
   5.3752863356841771E+033   1.3448713834247258E+043   2.8984053022028346E+039  -2.7347466265720010E+028  -10048066732445624.       -8.6390086284769865       -1.5365588406259151E-015   2.0349255445203104E-030   1.2979664340123956E-043   1.9611098788929441E-057  -7.3636030346663106E-066  -5.3225039904725740E-075  -1.4617583255456108E-083  -8.6696146957974546E-092  -6.3170456532439985E-100
   5.2357535086039040E+033   1.2960267599573107E+043   2.7641930125021393E+039  -2.6309482597741756E+028  -9428485852889594.0       -8.0338004750440852       -1.4196695914093569E-015   1.8536946220174770E-030   1.1755678351571506E-043   1.7616288666430165E-057  -6.5559986155977068E-066  -4.6949643283188818E-075  -1.2772020317848375E-083  -7.5023290086845612E-092  -5.4137417591195810E-100
   5.0996871982884859E+033   1.2489505600749464E+043   2.6361940436444931E+039  -2.5301688899035231E+028  -8846974312812566.0       -7.4708747118273946       -1.3116316378966950E-015   1.6886107261527122E-030   1.0647130639276826E-043   1.5824394922062852E-057  -5.8369689447943254E-066  -4.1414131411255625E-075  -1.1159468621360083E-083  -6.4922049869217014E-092  -4.6396020291138491E-100
   4.9670041655119448E+033   1.2035788480243057E+043   2.5141207907204888E+039  -2.4323975529043748E+028  -8301202251512344.0       -6.9472861390772724       -1.2117782282765409E-015   1.5382346527946624E-030   9.6431322546978859E-044   1.4214775676061800E-057  -5.1967994406563295E-066  -3.6531270567414779E-075  -9.7505097579478934E-084  -5.6180830236315515E-092  -3.9761577055205382E-100
   4.8376230897071872E+033   1.1598499957007831E+043   2.3976989592604830E+039  -2.3376149544152682E+028  -7788981760146907.0       -6.4602940314419497       -1.1194925335411161E-015   1.4012555237147748E-030   8.7338215251710428E-044   1.2768888949038833E-057  -4.6268409915215621E-066  -3.2224111971948203E-075  -8.5194394338108690E-084  -4.8616522954529876E-092  -3.4075807361262418E-100
   4.7114645273621071E+033   1.1177045995114927E+043   2.2866669493341790E+039  -2.2457944420644171E+028  -7308258276908317.0       -6.0073479937683496       -1.0342039357669903E-015   1.2764793404143021E-030   7.9102671245066547E-044   1.1470079030063651E-057  -4.1193930969266236E-066  -2.8424779191189325E-075  -7.4437985646546961E-084  -4.2070672306302001E-092  -2.9203062124663222E-100
   4.5884508712237982E+033   1.0770854002272050E+043   2.1807752681434930E+039  -2.1569028947275422E+028  -6857102500765253.0       -5.5860747913351538       -9.5538459007086605E-016   1.1628185592474899E-030   7.1643802908975639E-044   1.0303384579375970E-057  -3.6675998257983134E-066  -2.5073398505756075E-075  -6.5039635689077733E-084  -3.6406156107768570E-092  -2.5027087890598710E-100
   4.4685063102987284E+033   1.0379372057160416E+043   2.0797859697908270E+039  -2.0709015350131393E+028  -6433702792733753.0       -5.1942660876925846       -8.8254624026249938E-016   1.0592825966861661E-030   6.4888353287579470E-044   9.2553662543777546E-058  -3.2653571858206191E-066  -2.2117155387588623E-075  -5.6827883854441430E-084  -3.1504313552196839E-092  -2.1448253661128532E-100
   4.3515567906367898E+033   1.0002068164555206E+043   1.9834721209657741E+039  -1.9877466707983369E+028  -6036358035479065.0       -4.8298670278425790       -8.1523726965743637E-016   9.6496918170931029E-031   5.8769976126156249E-044   8.3139518725546696E-058  -2.9072306524058105E-066  -1.9509462217792722E-075  -4.9652916858351624E-084  -2.7262459725790014E-092  -1.8381174214854068E-100
   4.2375299768871305E+033   9.6384295372329322E+042   1.8916172913514465E+039  -1.9073903712262560E+028  -5663470923786415.0       -4.4909656087429868       -7.5303996985053394E-016   8.7905647971261662E-031   5.3228583849905249E-044   7.4682973270812784E-058  -2.5883817429706680E-066  -1.7209224130180926E-075  -4.3383835755146541E-084  -2.3591734740302173E-092  -1.5752673233026969E-100
   4.1263552146137960E+033   9.2879619037045069E+042   1.8040150676070038E+039  -1.8297810821916909E+028  -5313541660071066.0       -4.1757827830810390       -6.9556801149436509E-016   8.0079591908278382E-031   4.8209757070330638E-044   6.7086616524062905E-058  -2.3045026444353218E-066  -1.5180191411638901E-075  -3.7906267985380349E-084  -2.0415242434662887E-092  -1.3500037649946671E-100
   4.0179634933591440E+033   8.9501888408473809E+042   1.7204685898358891E+039  -1.7548641859838079E+028  -4985162030634768.0       -3.8826632459539980       -6.4246410228118689E-016   7.2950565772813080E-031   4.3664209812261199E-044   6.0262948001830227E-058  -2.0517580106736600E-066  -1.3390388254382443E-075  -3.3120280899806832E-084  -1.7666439662209374E-092  -1.1569521591024397E-100
   3.9122874104432119E+033   8.6246511305430809E+042   1.6407901094996729E+039  -1.6825825094208087E+028  -4677009839821592.0       -3.6100668575366650       -5.9339781839940530E-016   6.6456463245517603E-031   3.9547305202696305E-044   5.4133368323871492E-058  -1.8267331435213814E-066  -1.1811608858307346E-075  -2.8938558699342172E-084  -1.5287742428148167E-092  -9.9150642144921842E-101
   3.8092611354871114E+033   8.3109061394586842E+042   1.5648005677855092E+039  -1.6128767845005795E+028  -4387843680586776.0       -3.3565606580234197       -5.4806359673111435E-016   6.0540713917893104E-031   3.5818616859066578E-044   4.8627273700362015E-058  -1.6263878571992530E-066  -1.0418972942925725E-075  -2.5284809535506531E-084  -1.3229319683412950E-092  -8.4971908743547149E-101
   3.7088203756487581E+033   8.0085272211414232E+042   1.4923291934811027E+039  -1.5456860653016669E+028  -4116498021272692.0       -3.1208114341222060       -5.0617887598174566E-016   5.5151789659756943E-031   3.2441531664034190E-044   4.3681242541106075E-058  -1.4480154028006074E-066  -9.1905336645505700E-076  -2.2092373714177693E-084  -1.1448049511252063E-092  -7.2820713944698813E-101
   3.6109023415591681E+033   7.7171031396255329E+042   1.4232131194548108E+039  -1.4809481045990285E+028  -3861878589590662.5       -2.9015787991644366       -4.6748237579109774E-016   5.0242755019047646E-031   2.9382890021051000E-044   3.9238304814357637E-058  -1.2892058978609829E-066  -8.1069317601882595E-076  -1.9303007613815578E-084  -9.9066158439701884E-093  -6.2407129908621143E-101
   3.5154457139477960E+033   7.4362375137789570E+042   1.3572970168802649E+039  -1.4185996934077709E+028  -3622958035940977.0       -2.6977087514915365       -4.3173250367171143E-016   4.5770857724946639E-031   2.6612660053556402E-044   3.5247285736429132E-058  -1.1478137668980427E-066  -7.1510904680371805E-076  -1.6865821134542898E-084  -8.5727267904837942E-093  -5.3482685908780698E-101
   3.4223906109453448E+033   7.1655482816452841E+042   1.2944327463846717E+039  -1.3585769664340293E+028  -3398771859269871.0       -2.5081276781989326       -3.9870588036004482E-016   4.1697155715993562E-031   2.4103642544554141E-044   3.1662216229822044E-058  -1.0219287530037763E-066  -6.3079464170487800E-076  -1.4736349295057101E-084  -7.4184382023652139E-093  -4.5834440501707995E-101
   3.3316785560525978E+033   6.9046671840629916E+042   1.2344790253379359E+039  -1.3008156761943485E+028  -3188414579665683.0       -2.3318367735734808       -3.6819597485220674E-016   3.7986177434257279E-031   2.1831203715650435E-044   2.8441803357018215E-058  -9.0985010882100797E-067  -5.5642122448094976E-076  -1.2875741041380984E-084  -6.4195683101826504E-093  -3.9279901273824136E-101
   3.2432524467640250E+033   6.6532392668696728E+042   1.1773011105359370E+039  -1.2452514383621338E+028  -2991036142840252.0       -2.1679068436618274       -3.4001184103293776E-016   3.4605612417494472E-031   1.9773033218433768E-044   2.5548954628188514E-058  -8.1006361819404224E-067  -4.9081672029797623E-076  -1.1250050469570630E-084  -5.5551911693516675E-093  -3.3662670980392242E-101
   3.1570565238348422E+033   6.4109224010238428E+042   1.1227704955658346E+039  -1.1918199507110517E+028  -2805838542529728.5       -2.0154734703654826       -3.1397694839751622E-016   3.1526029486129838E-031   1.7908924959031597E-044   2.2950350701876970E-058  -7.2122113802956886E-067  -4.3294724505579574E-076  -9.8296175326851588E-085  -4.8071983053415432E-093  -2.8848716217898466E-101
   3.0730363411804693E+033   6.1773868200006875E+042   1.0707646221742116E+039  -1.1404571878497129E+028  -2632072647684263.5       -1.8737325102830469       -2.8992809991463638E-016   2.8720620063143646E-031   1.6220578601224957E-044   2.0616061555354303E-058  -6.4212238395536001E-067  -3.8190081242721373E-076  -8.5885269346611888E-085  -4.1599193764953197E-093  -2.4723169620248956E-101
   2.9911387363973261E+033   5.9523146738414043E+042   1.0211666049902696E+039  -1.0910995737786260E+028  -2469035222101866.5       -1.7419359052202028       -2.6771443058704036E-016   2.6164964384666779E-031   1.4691419796853309E-044   1.8519201702233780E-058  -5.7169871368094604E-067  -3.3687296185710642E-076  -7.5041353399985662E-085  -3.5997939088391457E-093  -2.1187589295298971E-101
   2.9113118018940615E+033   5.7353995992577119E+042   9.7386496898626260E+038  -1.0436841341485646E+028  -2316066124900856.5       -1.6193877828722874       -2.4719648073863334E-016   2.3836818559183143E-031   1.3306437376396400E-044   1.6635620484877826E-058  -5.0899868895598677E-067  -2.9715408103957155E-076  -6.5566582743683679E-085  -3.1150872269619044E-093  -1.8157610124909541E-101
   2.8335048566224604E+033   5.5263463052148438E+042   9.2875339908591516E+038  -9.9814862995822747E+027  -2172545680920565.8       -1.5054408276600690       -2.2824533849457794E-016   2.1715920615476602E-031   1.2052035899393060E-044   1.4943623873280352E-058  -4.5317522105318503E-067  -2.6211822309333129E-076  -5.7288091801312654E-085  -2.6956446307428241E-093  -1.5560930899075267E-101
   2.7576684183972866E+033   5.3248701734367920E+042   8.8573050135884428E+038  -9.5443167429781519E+027  -2037892210793881.2       -1.3994929030745820       -2.1074184632690404E-016   1.9783813845428863E-031   1.0915902115386570E-044   1.3423724565146265E-058  -4.0347412609796120E-067  -2.3121324220953726E-076  -5.0054840421645164E-085  -2.3326786687788145E-093  -1.3335589265608739E-101
   2.6837541767945568E+033   5.1306968732976526E+042   8.4469957526497582E+038  -9.1247283362311110E+027  -1911559711050204.5       -1.3009839081679164       -1.9457586691473544E-016   1.8023685898928529E-031   9.8868840228615666E-045   1.2058417507989284E-058  -3.5922393561587061E-067  -2.0395209232310190E-076  -4.3734858306943603E-085  -2.0185850525922667E-093  -1.1428483342468794E-101
   2.6117149666177731E+033   4.9435619905820193E+042   8.0556839643774769E+038  -8.7221271493129135E+027  -1793035675185870.2       -1.2093928520203878       -1.7964560391744847E-016   1.6420222225813655E-031   8.9548813375017231E-045   1.0831978256990448E-058  -3.1982682462824515E-067  -1.7990515168607737E-076  -3.8212837341802375E-085  -1.7467833556018800E-093  -9.7941047238220109E-102
   2.5415047419217977E+033   4.7632106696160131E+042   7.6824900951855229E+038  -8.3359304010437000E+027  -1681839047183007.2       -1.1242351311264018       -1.6585697358289702E-016   1.4959472585143743E-031   8.1107462932716587E-045   9.7302818454787772E-059  -2.8475053472592582E-067  -1.5869345238821996E-076  -3.3388027899474969E-085  -1.5115791599778182E-093  -8.3934526536707528E-102
   2.4730785505841891E+033   4.5893972682883470E+042   7.3265753057738448E+038  -7.9655670858836826E+027  -1577518299469442.0       -1.0450599956771007       -1.5312302341307747E-016   1.3628729456280931E-031   7.3461938014124540E-045   8.7406400812441446E-059  -2.5352118299426037E-067  -1.3998270813047326E-076  -2.9172400747925835E-085  -1.3080447637510364E-093  -7.1931034626381618E-102
   2.4063925094139014E+033   4.4218850254980584E+042   6.9871395867621347E+038  -7.6104784948549912E+027  -1479649627793291.5      -0.97144819168274266       -1.4136339438797452E-016   1.2416417290252048E-031   6.6537200844384422E-045   7.8516553941947077E-059  -2.2571685963138765E-067  -1.2347804613637387E-076  -2.5489041023041811E-085  -1.1319159493133924E-093  -6.1644130673504588E-102
   2.3414037797874285E+033   4.2604457405821943E+042   6.6634199615207192E+038  -7.2701186405235252E+027  -1387835255938292.5      -0.90300976677657341       -1.3050382350638740E-016   1.1311991634573804E-031   6.0265289855383059E-045   7.0530895515738150E-059  -2.0096192775795108E-067  -1.0891936018258593E-076  -2.2270744969937308E-085  -9.7950265087297800E-094  -5.2828335061433137E-102
   2.2780705438025539E+033   4.1048594642927194E+042   6.3546887721645926E+038  -6.9439545951885897E+027  -1301701843631314.8      -0.83938202837915354       -1.2047568364175063E-016   1.0305847250981137E-031   5.4584652292354917E-045   6.3357457282514824E-059  -1.7892194840374945E-067  -9.6077211517718863E-077  -1.9458793852313785E-085  -8.4761164956381455E-094  -4.5273272052530601E-102
   2.2163519809400240E+033   3.9549142009073703E+042   6.0602520448627576E+038  -6.6314667507024234E+027  -1220898991393498.5      -0.78022764368192632       -1.1121555793270031E-016   9.3892344240580037E-032   4.9439539774940807E-045   5.6913625734780594E-059  -1.5929916210363444E-067  -8.4749213072550414E-077  -1.7001882661864033E-085  -7.3347967684837364E-094  -3.8798650011247626E-102
   2.1562082452235789E+033   3.8104056210740967E+042   5.7794479307933723E+038  -6.3321490076687992E+027  -1145097836462524.2      -0.72523287163517414       -1.0266484613364820E-016   8.5541827303186277E-032   4.4779460873383371E-045   5.1125190537050344E-059  -1.4182846605533405E-067  -7.4756839980793666E-077  -1.4855184083700768E-085  -6.3471552487212399E-094  -3.3249959425881831E-102
   2.0976004428689080E+033   3.6711367850030743E+042   5.5116452192447416E+038  -6.0455089011460348E+027  -1073989734267201.9      -0.67410591780204610       -9.4769400541091719E-017   7.7934316024503893E-032   4.0558685320963734E-045   4.5925489752333857E-059  -1.2627383248742070E-067  -6.5942616147640743E-077  -1.2979530641251569E-085  -5.4924995109766638E-094  -2.8494786090807056E-102
   2.0404906104122340E+033   3.5369178756341125E+042   5.2562419195241686E+038  -5.7710676694015096E+027  -1007285020267969.6      -0.62657540357043584       -8.7479189287894365E-017   7.1003670827778034E-032   3.6735794991314921E-045   4.1254642019739448E-059  -1.1242511984683006E-067  -5.8167632529346182E-077  -1.1340700100008849E-085  -4.7529232781377077E-094  -2.4419651486799114E-102
   1.9848416933093250E+033   3.4075659414206897E+042   5.0126639084910047E+038  -5.5083602717291080E+027  -944711847289529.88      -0.58238894180136025       -8.0747984961330678E-017   6.4689642140594403E-032   3.3273277228884529E-045   3.7058856837820924E-059  -1.0009523372270427E-067  -5.1309358014460823E-077  -9.9087910932817551E-086  -4.1129312840135778E-094  -2.0927304974544979E-102
   1.9306175249959263E+033   3.2829046483846140E+042   4.7803636406776742E+038  -5.2569353608447491E+027  -886015093765686.88      -0.54131181153903707       -7.4533076652240189E-017   5.8937345649582938E-032   3.0137156537078264E-045   3.3289815008151773E-059  -8.9117599148602943E-068  -4.5259708408374637E-077  -8.6576775790305389E-086  -3.5591146450343417E-094  -1.7934403195527589E-102
   1.8777828064006714E+033   3.1627640411078707E+042   4.5588189181026738E+038  -5.0163552149159816E+027  -830955338592724.38      -0.50312572491686269       -6.8795003683051116E-017   5.3696784323626668E-032   2.7296661005594893E-045   2.9904112101922377E-059  -7.9343910132128812E-068  -3.9923343090224869E-077  -7.5645321749975892E-086  -3.0798699405010013E-094  -1.5369521312352179E-102
   1.8263030859016986E+033   3.0469803123400317E+042   4.3475317170137290E+038  -4.7861956338563035E+027  -779307898547374.62      -0.46762767986753068       -6.3497309392521821E-017   4.8922413035698575E-032   2.4723920199866996E-045   2.6862758538433040E-059  -7.0642126006606570E-068  -3.5216162499079226E-077  -6.6094096759173625E-086  -2.6651561164911550E-094  -1.3171448637585309E-102
   1.7761447397183097E+033   2.9353955809112559E+042   4.1460270689268892E+038  -4.5660458041216402E+027  -730861924469579.75      -0.43462889268696880       -5.8606313475562505E-017   4.4572741985372606E-032   2.2393691544710315E-045   2.4130730516565260E-059  -6.2894687534231698E-068  -3.1063982771145873E-077  -5.7748831545125536E-086  -2.3062841208490302E-094  -1.1287727985172477E-102
   1.7272749527291611E+033   2.8278576776520027E+042   3.9538519934493064E+038  -4.3555081358827348E+027  -685419552639732.75      -0.40395380491285787       -5.4090901488134679E-017   4.0609975462788346E-032   2.0283112514295275E-045   2.1676566626170250E-059  -5.5996928659134780E-068  -2.7401366641466070E-077  -5.0457260072942462E-086  -1.9957348623387789E-094  -9.6734038933387642E-103
   1.6796616997085772E+033   2.7242199390312956E+042   3.7705744804895779E+038  -4.1541980761109124E+027  -642795107995814.50      -0.37543915936129324       -4.9922330230631934E-017   3.6999682803365164E-032   1.8371476194144014E-045   1.9472005492568818E-059  -4.9855662452196960E-068  -2.4170592186106988E-077  -4.4086341443799802E-086  -1.7270016803777735E-094  -8.2899498512734244E-103
   1.6332737269727267E+033   2.6243410082357048E+042   3.5957825195704693E+038  -3.9617439008041354E+027  -602814356038634.50      -0.34893314052161717       -4.6074047818921587E-017   3.3710498663550397E-032   1.6640028010517321E-045   1.7491660280073379E-059  -4.4387922142920534E-068  -2.1320743153093150E-077  -3.8519832549155259E-086  -1.4944540252204755E-094  -7.1043489327349572E-103
   1.5880805344275163E+033   2.5280846434212681E+042   3.4290831740644708E+038  -3.7777864892933100E+027  -565313800463937.88      -0.32429457484136609       -4.2521527340930267E-017   3.0713850003807585E-032   1.5071781630545095E-045   1.5712726305068312E-059  -3.9519840229005188E-068  -1.8806906546430462E-077  -3.3656167195948396E-086  -1.2932194927881289E-094  -6.0883058998717559E-103
   1.5440523580102008E+033   2.4353195328800802E+042   3.2701016982734817E+038  -3.6019790833040512E+027  -530140023739329.38      -0.30139218674233470       -3.9242113078805198E-017   2.7983707398141451E-032   1.3651352224819719E-045   1.4114718390612409E-059  -3.5185650519812118E-068  -1.6589464817779176E-077  -2.9406603008911671E-086  -1.1190817428421873E-094  -5.2175719773514556E-103
   1.5011601525168129E+033   2.3459191168726491E+042   3.1184806953701479E+038  -3.4339870332047311E+027  -497149068012293.56      -0.28010390649653755       -3.6214878352757225E-017   2.5496358501752332E-032   1.2364805454762986E-045   1.2679234937150314E-059  -3.1326799630824610E-068  -1.4633471511257304E-077  -2.5693602301404177E-086  -9.6839216193393187E-095  -4.4713661851622054E-103
   1.4593755748076607E+033   2.2597614158859755E+042   2.9738793143100102E+038  -3.2734875336463627E+027  -466205853893858.00      -0.26031622635877777       -3.3420494113134146E-017   2.3230201701772544E-032   1.1199520701572778E-045   1.1389745991687800E-059  -2.7891155924972447E-068  -1.2908100521999303E-077  -2.2449417374681058E-086  -8.3799342049904722E-095  -3.8318794223235507E-103
   1.4186709673832719E+033   2.1767288650860097E+042   2.8359724839111354E+038  -3.1201693505922389E+027  -437183634811151.81      -0.24192360160201157       -3.0841107472500287E-017   2.1165558152146398E-032   1.0144067193474796E-045   1.0231402874243629E-059  -2.4832305213260160E-068  -1.1386160289180529E-077  -1.9614854435099892E-086  -7.2515332263521383E-095  -3.2838494681868411E-103
   1.3790193423232459E+033   2.0967081547413812E+042   2.7044501823813273E+038  -2.9737325415439113E+027  -409963484761882.88      -0.22482789333395209       -2.8460229429888603E-017   1.9284500554118522E-032   9.1880918147215582E-046   9.1908671687244181E-060  -2.2108923699313876E-068  -1.0043665267527609E-077  -1.7138193577479910E-086  -6.2750756272252454E-095  -2.8141967601194011E-103
   1.3403943655806614E+033   2.0195900764033535E+042   2.5790167406525849E+038  -2.8338881705941356E+027  -384433817435103.00      -0.20893785018960837       -2.6262631095305675E-017   1.7570697189888373E-032   8.3222174945427449E-046   8.2561571084393551E-060  -1.9684219696074666E-068  -8.8594579239945604E-078  -1.4974245130120495E-086  -5.4301018963739211E-095  -2.4117122565221917E-103
   1.3027703416247533E+033   1.9452693746346679E+042   2.4593901779583547E+038  -2.7003580197753269E+027  -360489934786060.75      -0.19416862619576955       -2.4234247774331690E-017   1.6009269850053111E-032   7.5379511781848955E-046   7.4165095868490900E-060  -1.7525436572019759E-068  -7.8148753025188117E-078  -1.3083525144792532E-086  -4.6989074077913742E-095  -2.0667899369246883E-103
   1.2661221984247388E+033   1.8736446040873860E+042   2.3453015681615098E+038  -2.5728742980232216E+027  -338033603268937.06      -0.18044133229087445       -2.2362090320575847E-017   1.4586664416656370E-032   6.8276004763071448E-046   6.6622562041362661E-060  -1.5603410211538338E-068  -6.8934549021282468E-078  -1.1431534988728440E-086  -4.0661714785703428E-095  -1.7711975559835112E-103
   1.2304254727677421E+033   1.8046179917370275E+042   2.2364944354100060E+038  -2.4511793489386303E+027  -316972656040247.56      -0.16768261915818664       -2.0634163208104205E-017   1.3290532974046810E-032   6.1841981742472839E-046   5.9847119218676886E-060  -1.3892175010605713E-068  -6.0806752332174931E-078  -9.9881318949067260E-087  -3.5186363730122439E-095  -1.5178801809937482E-103
   1.1956562959039575E+033   1.7380953040872186E+042   2.1327241777630325E+038  -2.3350253584045595E+027  -297220619548121.00      -0.15582428919262928       -1.9039388817014732E-017   1.2109626420292112E-032   5.6014338598780986E-046   5.3760750432529514E-060  -1.2368613084636556E-068  -5.3637269633135585E-078  -8.7269789864058582E-087  -3.0448295279648266E-095  -1.3007918247813857E-103
   1.1617913795122317E+033   1.6739857191657431E+042   2.0337575174932248E+038  -2.2241740630007882E+027  -278696363018896.38      -0.14480293557284249       -1.7567537463336319E-017   1.1033696643469036E-032   5.0735919986954116E-046   4.8293373669647039E-060  -1.1012141949216245E-068  -4.7313110457182983E-078  -7.6250647405632920E-087  -2.6348231798525480E-095  -1.1147511562452910E-103
   1.1288080019794148E+033   1.6122017031393220E+042   1.9393719768304254E+038  -2.1183964600524188E+027  -261323769442909.69      -0.13455960655078170       -1.6209162739600306E-017   1.0053407410559200E-032   4.5954958481047831E-046   4.3382034796744354E-060  -9.8044364541965485E-069  -4.1734606496460997E-078  -6.6622831255711022E-087  -2.2800263574246649E-095  -9.5531784535286240E-104
   1.0966839949869335E+033   1.5526588913806673E+042   1.8493553779695757E+038  -2.0174725200521971E+027  -245031426746299.38      -0.12503949320220709       -1.4955541764984114E-017   9.1602531926503354E-033   4.1624566602249643E-046   3.8970182577254598E-060  -8.7291812144198889E-069  -3.6813840855701146E-078  -5.8210667490833560E-087  -1.9730048823075636E-095  -8.1868659177247161E-104
   1.0653977303981343E+033   1.4952759738273160E+042   1.7635053662198212E+038  -1.9211909021079929E+027  -229752337915492.16      -0.11619163900337513       -1.3798619974050472E-017   8.3464852193392909E-033   3.7702276744673908E-046   3.5007017429236088E-060  -7.7718501923595333E-069  -3.2473262503608040E-078  -5.0860663255954039E-087  -1.7073256062142232E-095  -7.0159630829608318E-104
   1.0349281074400960E+033   1.4399745844775250E+042   1.6816289552238169E+038  -1.8293486729859386E+027  -215423648916028.78      -0.10796866971277459       -1.2730960100981455E-017   7.6050441182588595E-033   3.4149624481918987E-046   3.1446906423661293E-060  -6.9195104547959578E-069  -2.8644464086602990E-078  -4.4438706144279575E-087  -1.4774216214269762E-095  -6.0125229183488329E-104
   1.0052545401736819E+033   1.3866791948740725E+042   1.6035420932258498E+038  -1.7417510302459538E+027  -201986393317856.75      -0.10032654214242023       -1.1745695042001765E-017   6.9294985530567084E-033   3.0931771163426185E-046   2.8248857785284690E-060  -6.1606474522502957E-069  -2.5267103843849379E-078  -3.8827617185254585E-087  -1.2784756205666490E-095  -5.1525952468777580E-104
   9.7635694524573498E+032   1.3353170114321872E+042   1.5290692494145542E+038  -1.6582110298990572E+027  -189385252605413.91       -9.3224310501575286E-002  -1.0836484302553420E-017   6.3139893254423159E-033   2.8017162095525073E-046   2.5376048843664344E-060  -5.4850094606758607E-069  -2.2287954633431433E-078  -3.3925012794304245E-087  -1.1063189618966977E-095  -4.4156551438183573E-104
   9.4821572991743880E+032   1.2858178764729518E+042   1.4580430194111612E+038  -1.5785493189545773E+027  -177568331213024.53       -8.6623909087321413E-002  -9.9974737578676960E-018   5.7531784545435849E-033   2.5377216951500650E-046   2.2795401997568347E-060  -4.8834690837972007E-069  -1.9660065082754693E-078  -2.9641436674926940E-087  -9.5734432545045517E-096  -3.7841130800245642E-104
   9.2081178036293970E+032   1.2381141728285508E+042   1.3903037490171495E+038  -1.5025938731695769E+027  -166486945384555.56       -8.0489950181601100E-002  -9.2232584760124288E-018   5.2422027901943265E-033   2.2986049371502904E-046   2.0477203809027500E-060  -4.3478999449806507E-069  -1.7342019643250935E-078  -2.5898727588991352E-087  -8.2843013000624027E-096  -3.2428951200007459E-104
   8.9412645023246728E+032   1.1921407318905269E+042   1.3256991753761799E+038  -1.4301797402621823E+027  -156095425011166.22       -7.4789536093662526E-002  -8.5088483713954863E-018   4.7766317562858033E-033   2.0820212999753278E-046   1.8394762840067804E-060  -3.8710669027353786E-069  -1.5297285888147164E-078  -2.2628593214511210E-087  -7.1687512733381436E-096  -2.7790831563448551E-104
   8.6814154947427467E+032   1.1478347449768248E+042   1.2640840847443136E+038  -1.3611487888045443E+027  -146350927652547.66       -6.9492084360642664E-002  -7.8496364741929194E-018   4.3524288563053095E-033   1.8858471466097114E-046   1.6524102291397113E-060  -3.4465283066515467E-069  -1.3493638766963466E-078  -1.9771364070249481E-087  -6.2034180335823848E-096  -2.3816065948575672E-104
   8.4283933340983427E+032   1.1051356778978851E+042   1.2053199860997722E+038  -1.2953494629695620E+027  -137213263995484.36       -6.4569165187717908E-002  -7.2413696173473869E-018   3.9659166059658013E-033   1.7081590054061986E-046   1.4843683903165872E-060  -3.0685489732514347E-069  -1.1902652743202651E-078  -1.7274904771845529E-087  -5.3680740040068685E-096  -2.0409781324117036E-104
   8.1820249205682004E+032   1.0639851886063491E+042   1.1492747998591047E+038  -1.2326365432678918E+027  -128644734049066.81       -5.9994350273178239E-002  -6.6801213577470841E-018   3.6137445876896608E-033   1.5472147010513792E-046   1.3334159937994189E-060  -2.7320227060576142E-069  -1.0499253811500747E-078  -1.5093662754699280E-087  -4.6452153432545586E-096  -1.7490673219013184E-104
   7.9421413969450966E+032   1.0243270478190811E+042   1.0958225610005056E+038  -1.1728709133778415E+027  -120609973418619.48       -5.5743072223276582E-002  -6.1622669620375880E-018   3.2928603489069728E-033   1.4014362644852378E-046   1.1978150389900868E-060  -2.4324033131264069E-069  -9.2613243341792300E-079  -1.3187837106960259E-087  -4.0196951859344251E-096  -1.4989065203437103E-104
   7.7085780466634207E+032   9.8610706250421908E+041   1.0448431359274172E+038  -1.1159193331402143E+027  -113075809040556.45       -5.1792493817070837E-002  -5.6844603003220910E-018   3.0004828909016884E-033   1.2693944540347298E-046   1.0760042853313307E-060  -2.1656431900970819E-069  -8.1693544695496804E-079  -1.1522652347412169E-087  -3.4784062678929135E-096  -1.2845245890073957E-104
   7.4811741941446293E+032   9.4927300212981851E+041   9.9622195243637258E+037  -1.0616542177627337E+027  -106011123798078.34       -4.8121386433000880E-002  -5.2436125028476612E-018   2.7340785175040094E-033   1.1497947358400087E-046   9.6658127473254088E-061  -1.9281386390183217E-069  -7.2061346985871437E-079  -1.0067723897799483E-087  -3.0100062865722818E-096  -1.1008043767254305E-104
   7.2597731074118165E+032   9.1377452757438042E+041   9.4984974218249474E+037  -1.0099534232541203E+027  -99386729473041.922       -4.4710016996889687E-002  -4.8368722457272190E-018   2.4913388334809728E-033   1.0414645859785674E-046   8.6828618248109626E-061  -1.7166811842146750E-069  -6.3564846042816201E-079  -8.7965036721435340E-088  -2.6046802421685538E-096  -9.4336058512974439E-105
   7.0442219029236600E+032   8.7956312260312450E+041   9.0562229506409425E+037  -9.6070003808593678E+026  -93175247522598.016       -4.1540042855676980E-002  -4.4616075418760745E-018   2.2701607011989729E-033   9.4334198966789718E-047   7.7998731065929586E-061  -1.5284142274762628E-069  -5.6070136293046460E-079  -7.6857956673660876E-088  -2.2539347801076221E-096  -8.0843510095215892E-105
   6.8343714525789132E+032   8.4659202781733730E+041   8.6344022497460975E+037  -9.1378218106078575E+026  -87350997200434.625       -3.8594414022712499E-002  -4.1153889227090182E-018   2.0686279811851924E-033   8.5446502467888861E-047   7.0066805700407442E-061  -1.3607944569896027E-069  -4.9459100415940008E-079  -6.7153327167471594E-088  -1.9504202258386914E-096  -6.9280729738833288E-105
   6.6300762928434888E+032   8.1481617698744362E+041   8.2320874639564118E+037  -8.6909280534810065E+026  -81889890571803.234       -3.5857282279070639E-002  -3.7959739048063604E-018   1.8849948977483528E-033   7.7396242673547782E-047   6.2941520913959717E-061  -1.2115574886506845E-069  -4.3627547820057988E-079  -5.8674066836935264E-088  -1.6877765831469870E-096  -5.9371716375926183E-105
   6.4311945359531602E+032   7.8419213568367477E+041   7.8483746132918389E+037  -8.2652950863347609E+026  -76769333999067.328       -3.3313916651298611E-002  -3.5012926437676834E-018   1.7176708849682662E-033   7.0104504431552225E-047   5.6540842937720375E-061  -1.0786872755810131E-069  -3.8483572603160301E-079  -5.1265453483449270E-088  -1.4605002692675818E-096  -5.0879942885585829E-105
   6.2375877831457179E+032   7.5467804212129384E+041   7.4824015609037993E+037  -7.8599434931397255E+026  -71968135700388.641       -3.0950624819460919E-002  -3.2294346848788751E-018   1.5652067812519313E-033   6.3499809899827508E-047   5.0791080898890531E-061  -9.6038887257569370E-070  -3.3946105117520892E-079  -4.4792300914863344E-088  -1.2638287945584482E-096  -4.3602710572125340E-105
   6.0491210398773784E+032   7.2623355014030977E+041   7.1333460750426282E+037  -7.4739366866009284E+026  -67466419008475.836       -2.8754680040468213E-002  -2.9786367270668870E-018   1.4262822523936805E-033   5.7517417541086714E-047   4.5626038317761447E-061  -8.5506418753774004E-070  -2.9943634313507121E-079  -3.9136492246100679E-088  -1.0936409704658409E-096  -3.7366311047375891E-105
   5.8656626329790389E+032   6.9881977424252347E+041   6.8004239807107643E+037  -7.1063791885485970E+026  -63245540979143.672       -2.6714253200639086E-002  -2.7472713229489903E-018   1.2996943337704880E-033   5.2098687198753929E-047   4.0986250903141147E-061  -7.6129039230677202E-070  -2.6413080725799706E-079  -3.4194824653623801E-088  -9.4637055486573108E-097  -3.2021880046659223E-105
   5.6870841297088421E+032   6.7239923661148043E+041   6.4828873968490715E+037  -6.7564149681157074E+026  -59288016020866.812       -2.4818349638389112E-002  -2.5338364436381454E-018   1.1843469920444260E-033   4.7190505024134832E-047   3.6818301868786465E-061  -6.7780070121850231E-070  -2.3298802340715414E-079  -2.9877126258815505E-088  -8.1893152540778005E-097  -2.7441844221681686E-105
   5.5132602586583415E+032   6.4693581604360845E+041   6.1800230550956300E+037  -6.4232258366428073E+026  -55577444236641.938       -2.3056750403012343E-002  -2.3369458423789175E-018   1.0792416156171006E-033   4.2744762612240105E-047   3.3074206886218203E-061  -6.0346725771923819E-070  -2.0551717677263473E-079  -2.6104610780567680E-088  -7.0865341512171853E-097  -2.3516876105629670E-105
   5.3440688324703996E+032   6.2239469872137823E+041   5.8911506963396936E+037  -6.1060298981862748E+026  -52098444188373.750       -2.1419957638846319E-002  -2.1553201560926837E-018   9.8346835116326213E-034   3.8717885235701471E-047   2.9710861591266299E-061  -5.3728589783916904E-070  -1.8128532261825392E-079  -2.2808439935682521E-088  -6.1322535537438115E-097  -2.0153284573903017E-105
   5.1793906723277254E+032   5.9874233076181395E+041   5.6156215414681062E+037  -5.8040800544528703E+026  -48836589811750.750       -1.9899143805813518E-002  -1.9877786885370654E-018   8.9619821093305635E-034   3.5070404548084838E-047   2.6689545282082574E-061  -4.7836258468432035E-070  -1.5991056305805779E-079  -1.9928467356245881E-088  -5.3064765370618871E-097  -1.7270778517630268E-105
   5.0191095341717637E+032   5.7594637247607701E+041   5.3528168328682280E+037  -5.5166625629395827E+026  -45778351226243.938       -1.8486104467522791E-002  -1.8332318230611326E-018   8.1667588221873255E-034   3.1766571564327729E-047   2.3975475093479834E-061  -4.2590133068222702E-070  -1.4105602832939628E-079  -1.7412141105087676E-088  -4.5918989195083531E-097  -1.4800550354406887E-105
   4.8631120366124024E+032   5.5397565427814626E+041   5.1021464434102689E+037  -5.2430956470224574E+026  -42911039200512.117       -1.7173214396898829E-002  -1.6906740168912459E-018   7.4421317649053021E-034   2.8774006121297580E-047   2.1537405513750298E-061  -3.7919344441565670E-070  -1.2442456770810949E-079  -1.5213544764230986E-088  -3.9735466665910549E-097  -1.2683633634152381E-105
   4.7112875904897881E+032   5.3280013418284878E+041   4.8630475497835328E+037  -4.9827281567107242E+026  -40222753048192.852       -1.5953386766783113E-002  -1.5591773325366115E-018   6.7818306127118770E-034   2.6063379379463650E-047   1.9347268632287218E-061  -3.3760795677360156E-070  -1.0975406639518725E-079  -1.3292559599644598E-088  -3.4384621206937340E-097  -1.0869495539765808E-105
   4.5635283300501630E+032   5.1239085683563705E+041   4.6349833672056185E+037  -4.7349382787622599E+026  -37702331742856.828       -1.4820035209207659E-002  -1.4378854652813830E-018   6.1801422288750970E-034   2.3608126250913557E-047   1.7379850975390537E-061  -3.0058309708106792E-070  -9.6813314569459773E-080  -1.1614132514786949E-088  -2.9754324817039366E-097  -9.3148306884884617E-106
   4.4197290456985384E+032   4.9271991401857292E+041   4.4174419426614779E+037  -4.4991322948422852E+026  -35339308053857.664       -1.3767038542166906E-002  -1.3260082288521473E-018   5.6318611285492000E-034   2.1384184932609765E-047   1.5612503208984798E-061  -2.6761870405412803E-070  -8.5398363502911974E-080  -1.0147636435668901E-088  -2.5747548492987516E-097  -7.9825274443521911E-106
   4.2797871182915694E+032   4.7376040657897131E+041   4.2099350039606883E+037  -4.2747433863990011E+026  -33123865516975.586       -1.2788707976783820E-002  -1.2228164642351843E-018   5.1322443485710583E-034   1.9369760989754573E-047   1.4024879365468955E-061  -2.3826946905591939E-070  -7.5329311311245361E-080  -8.8663114566881836E-089  -2.2280329036984443E-097  -6.8407820694600754E-106
   4.1436024549348476E+032   4.5548640772907661E+041   4.0119968620267795E+037  -4.0612304849266320E+026  -31046798065171.914       -1.1879756630854225E-002  -1.1276373392848066E-018   4.6769703311441206E-034   1.7545113675026943E-047   1.2598702591910019E-061  -2.1213892037341901E-070  -6.6447467683295604E-080  -7.7467765500691958E-089  -1.9280009646203893E-097  -5.8623395703762474E-106
   4.0110774262493853E+032   4.3787292766699110E+041   3.8231833639518468E+037  -3.8580771662875844E+026  -29099472155495.879       -1.1035271186929345E-002  -1.0398500092288334E-018   4.2621014642492841E-034   1.5892362387633974E-047   1.1317554722204108E-061  -1.8887406724575434E-070  -5.8612852905571304E-080  -6.7686029292663468E-089  -1.6683717418245121E-097  -5.0238431198032987E-106
   3.8821168050728479E+032   4.2089587947086791E+041   3.6430708944638998E+037  -3.6647905877710020E+026  -27273791238251.375       -1.0250685544422860E-002  -9.5888161045509055E-019   3.8840499534164747E-034   1.4395311373727991E-047   1.0166687250175889E-061  -1.6816063128783648E-070  -5.1701991766626794E-080  -5.9139412816481489E-089  -1.4437045870561565E-097  -4.3052765251669118E-106
   3.7566277065617198E+032   4.0453204622007986E+041   3.4712554235630636E+037  -3.4809004665737691E+026  -25562162423983.078       -9.5217563257640678E-003  -8.8420356206785365E-019   3.5395467284535177E-034   1.3039290948715948E-047   9.1328515270296127E-062  -1.4971880088858597E-070  -4.5605967573256090E-080  -5.1671960686983279E-089  -1.2492914867638088E-097  -3.6894864365543188E-106
   3.6345195296612097E+032   3.8875904929875425E+041   3.3073515981864840E+037  -3.3059580984023118E+026  -23957465212714.395       -8.8445401064193678E-003  -8.1532815164840320E-019   3.2256131151124154E-034   1.1811013684088355E-047   8.2041462279417278E-062  -1.3329945122820252E-070  -4.0228705609830192E-080  -4.5147409507839301E-089  -1.0810584066978063E-097  -3.1617728896689292E-106
   3.5157038999103938E+032   3.7355531783864091E+041   3.1509918758606759E+037  -3.1395354149083115E+026  -22453022158199.531       -8.2153722477198519E-003  -7.5180538345143405E-019   2.9395350257071282E-034   1.0698444148211793E-047   7.3698803314448670E-062  -1.1868077884924954E-070  -3.5485458988104996E-080  -3.9446701439179206E-089  -9.3547992117073786E-098  -2.7095384104897847E-106
   3.4000946135506451E+032   3.5890005925983025E+041   3.0018256983944492E+037  -2.9812240786889727E+026  -21042571347772.562       -7.6308472199123588E-003  -6.9322006893005149E-019   2.6788394445908572E-034   9.6906809235031907E-048   6.6204500338868019E-062  -1.0566530531676465E-070  -3.1301473024483296E-080  -3.4465811715770485E-089  -8.0950533812043275E-098  -2.3219873060884328E-106
   3.2876075829061093E+032   3.4477323086931224E+041   2.8595187037553908E+037  -2.8306346146017153E+026  -19720240585716.969       -7.0878003107382277E-003  -6.3918914101690947E-019   2.4412730043451138E-034   8.7778497428412759E-048   5.9472281817125126E-062  -9.4077209488827166E-071  -2.7610807095296708E-080  -3.0113850474865672E-089  -7.0049477199459351E-098  -1.9898679639167398E-106
   3.1781607830054805E+032   3.3115551247879808E+041   2.7237519743587870E+037  -2.6873955761645960E+026  -18480523174970.934       -6.5832906221796805E-003  -5.8935917500715527E-019   2.2247824667013488E-034   7.9510066971521274E-048   5.3424649484613802E-062  -8.3759952358383662E-071  -2.4355295402518038E-080  -2.6311404258048226E-089  -6.0616382491929167E-098  -1.7052520084260755E-106
   3.0716741994149860E+032   3.1802828000460594E+041   2.5942213200795641E+037  -2.5511527458364991E+026  -17318255198453.143       -6.1145852648372169E-003  -5.4340410019912049E-019   2.0274969387667219E-034   7.2020505649035537E-048   4.7991986128543449E-062  -7.4574162379621869E-071  -2.1483630271536395E-080  -2.2989086924644321E-089  -5.2453571698911826E-098  -1.4613450436115943E-106
   2.9680697772530271E+032   3.0537358001372896E+041   2.4706365943759426E+037  -2.4215683679952378E+026  -16228594207365.494       -5.6791446657474534E-003  -5.0102308765930453E-019   1.8477116702027982E-034   6.5236434037260125E-048   4.3111754106590594E-062  -6.6395752711191897E-071  -1.8950553533729191E-080  -2.0086273535329405E-089  -4.5389986260408621E-098  -1.2523244639914031E-106
   2.8672713713574873E+032   2.9317410518148914E+041   2.3527210419877751E+037  -2.2983204134569108E+026  -15206999229530.732       -5.2746089113533054E-003  -4.6193860059663117E-019   1.6838732907408669E-034   5.9091386254242303E-048   3.8727775375042065E-062  -5.9114244941643459E-071  -1.6716143249979166E-080  -1.7549994103157181E-089  -3.9277602484797178E-098  -1.0732004626231236E-106
   2.7692046975772781E+032   2.8141317062740457E+041   2.2402106767436201E+037  -2.1811018744059346E+026  -14249212016172.689       -4.8987850528281378E-003  -4.2589459486428574E-019   1.5345663599297069E-034   5.3525158490495001E-048   3.4789584736701694E-062  -5.2631276651905132E-071  -1.4745184533856232E-080  -1.5333967026297200E-089  -3.3988329678464016E-098  -9.1969691844999750E-107
   2.6737972851602030E+032   2.7007469109708997E+041   2.1328536880780971E+037  -2.0696200886319616E+026  -13351239450569.646       -4.5496353060611363E-003  -3.9265485806202514E-019   1.3985011124098712E-034   4.8483218931881109E-048   3.1251848861935535E-062  -4.6859272653160384E-071  -1.3006614558595349E-080  -1.3397754565505169E-089  -2.9411325969214004E-098  -7.8814931977052561E-107
   2.5809784302097699E+032   2.5914315895914304E+041   2.0304098749257208E+037  -1.9635960919971744E+026  -12509337046725.398       -4.2252660833595008E-003  -3.6200147659372303E-019   1.2745022923921629E-034   4.3916173288385582E-048   2.8073844393580835E-062  -4.1720261949630944E-071  -1.1473033001138468E-080  -1.1706024956276518E-089  -2.5450675577816149E-098  -6.7541728726466772E-107
   2.4906791501840582E+032   2.4860362298707860E+041   1.9326501057188022E+037  -1.8627639980851909E+026  -11719993470627.439       -3.9239177983392114E-003  -3.3373342084956256E-019   1.1614989804772457E-034   3.9779280687908131E-048   2.5218989126766497E-062  -3.7144824444429834E-071  -1.0120270207798047E-080  -1.0227907691378836E-089  -2.2023378865878316E-098  -5.7880960849147484E-107
   2.4028321394102547E+032   2.3844166789742403E+041   1.8393558032757569E+037  -1.7668704040107830E+026  -10979916020814.492       -3.6439553895830285E-003  -3.0766523943482092E-019   1.0585153245706259E-034   3.6032015188196777E-048   2.2654420865820221E-062  -3.3071153159389064E-071  -8.9270062757944942E-081  -8.9364302095269829E-090  -1.9057613042218285E-098  -4.9601999441509227E-107
   2.3173717255889818E+032   2.2864339461611496E+041   1.7503184534220075E+037  -1.6756738213976861E+026  -10286017008873.729       -3.3838595124636864E-003  -2.8362585406231261E-019   9.6466209449751022E-035   3.2637668607460170E-048   2.0350619109409439E-062  -2.9444219300285813E-071  -7.8744350473557689E-081  -7.8080257113744209E-090  -1.6491227081349348E-098  -4.2507202444637860E-107
   2.2342338272629663E+032   2.1919540124630952E+041   1.6653391362390546E+037  -1.5889441315599776E+026  -9635400984146.2461       -3.1422183520822536E-003  -2.6145744736765320E-019   8.7912898707356351E-035   2.9562990779437087E-048   1.8281065208199527E-062  -2.6215028888259859E-071  -6.9459677208919474E-081  -6.8221031218507791E-090  -1.4270439315454615E-098  -3.6427196581440703E-107
   2.1533559122250827E+032   2.1008476471168707E+041   1.5842280788880967E+037  -1.5064620639505356E+026  -9025352750352.8867       -2.9177200135745806E-003  -2.4101443649957467E-019   8.0117761490265420E-035   2.6777863705738980E-048   1.6421937082293829E-062  -2.3339960915210098E-071  -6.1269714081249741E-081  -5.9606713518580045E-090  -1.2348710408124141E-098  -3.1216834104085391E-107
   2.0746769568412663E+032   2.0129902305020916E+041   1.5068042290030855E+037  -1.4280186969680709E+026  -8453326125074.6982       -2.7091454491103605E-003  -2.2216252588530760E-019   7.3013511810783784E-035   2.4255006410717935E-048   1.4751834983646632E-062  -2.0780178082288672E-071  -5.4045385168047155E-081  -5.2080110031387016E-090  -1.0685768093157866E-098  -2.6751727836693544E-107
   1.9981374062641801E+032   1.9282615833419524E+041   1.4328948476942918E+037  -1.3534149802419319E+026  -7916933396046.7070       -2.5153618837657318E-003  -2.0477783307698456E-019   6.6538834360883119E-035   2.1969707605211185E-048   1.3251535146094662E-062  -1.8501102161154540E-071  -4.7672833244563662E-081  -4.5503875258277176E-090  -9.2467632419008059E-099  -2.2925281802180656E-107
   1.9236791355139879E+032   1.8465458019341014E+041   1.3623351212475690E+037  -1.2824612775413187E+026  -7413935431061.3945       -2.3353167051063514E-003  -1.8874608205229957E-019   6.0637854148500535E-035   1.9899583538227788E-048   1.1903768486750932E-062  -1.6471946890653991E-071  -4.2051625371374375E-081  -3.9758005945885322E-090  -8.0015395745111847E-099  -1.9646146551796168E-107
   1.8512454114029830E+032   1.7677310991867794E+041   1.2949677906464763E+037  -1.2149769294826359E+026  -6942232400941.7021       -2.1680317837877339E-003  -1.7396185877420852E-019   5.5259653245036196E-035   1.8024358662648518E-048   1.0693021810945344E-062  -1.4665302098854905E-071  -3.7093170051890781E-081  -3.4737651301205391E-090  -6.9240017119297206E-099  -1.6836038453676473E-107
   1.7807808552812084E+032   1.6917096512430983E+041   1.2306427980844813E+037  -1.1507898352354306E+026  -6499855077542.7773       -2.0125981947762077E-003  -1.6032792421301120E-019   5.0357830455506077E-035   1.6325666964731455E-048   9.6053592320000630E-063  -1.3056763432376913E-071  -3.2719321014032586E-081  -3.0351199702610307E-090  -5.9915683260183860E-099  -1.4427870884555293E-107
   1.7122314065805918E+032   1.6183774494839718E+041   1.1692169496726657E+037  -1.0897360524536062E+026  -6084956671086.7412       -1.8681713109293245E-003  -1.4775458040221485E-019   4.5890100095237395E-035   1.4786872009847070E-048   8.6282617498779580E-063  -1.1624602691078239E-071  -2.8861145611497309E-081  -2.6518606994330551E-090  -5.1846989285489636E-099  -1.2364152714048201E-107
   1.6455442871355397E+032   1.5476341577073449E+041   1.1105535935847247E+037  -1.0316594146844053E+026  -5695805173335.7939       -1.7339662426600992E-003  -1.3615908543947536E-019   4.1817926396284716E-035   1.3392903940395961E-048   7.7504831418204006E-063  -1.0349474314707111E-071  -2.5457838434497024E-081  -2.3169935860127649E-090  -4.4864843828107677E-099  -1.0595615851354213E-107
   1.5806679662582134E+032   1.4793829742884263E+041   1.0545223129157479E+037  -9.7641116553291567E+025  -5330776175173.7793       -1.6092535992557010E-003  -1.2546511365777992E-019   3.8106190375843883E-035   1.2130111828090885E-048   6.9619205059028602E-063  -9.2141540565099692E-072  -2.2455763008358738E-081  -2.0244079623515968E-090  -3.8822925569070718E-099  -9.0800390920917498E-108
   1.5175521265471570E+032   1.4135304991322662E+041   1.0009986325643662E+037  -9.2384960888462589E+025  -4988346129104.1807       -1.4933555491376930E-003  -1.1560225748186964E-019   3.4722886280535112E-035   1.0986129933342530E-048   6.2534979671466483E-063  -8.2033063136098001E-072  -1.9807606477075457E-081  -1.7687647187171576E-090  -3.3594616933009240E-099  -7.7812401888231192E-108
   1.4561476304082229E+032   1.3499866052365004E+041   9.4986373947931618E+036  -8.7383977451270635E+025  -4667086028990.5146       -1.3856421579469464E-003  -1.0650556775252316E-019   3.1638844976964006E-035   9.9497565608531390E-049   5.6170622073750137E-063  -7.3032769710990724E-072  -1.7471633949563332E-081  -1.5453988764527432E-090  -2.9070350690654893E-099  -6.6682120844699457E-108
   1.3964064872670927E+032   1.2886643146882631E+041   9.0100421564154614E+036  -8.2625309842032757E+025  -4365655481070.9458       -1.2855279848201413E-003  -9.8115129548432760E-020   2.8827481892680410E-035   9.0108443240310348E-049   5.0452886161368593E-063  -6.5019089614629178E-072  -1.5411030757090209E-081  -1.3502344625642673E-090  -2.5155313865436732E-099  -5.7143826891323188E-108
   1.3382818214530152E+032   1.2294796789252201E+041   8.5431178318160040E+036  -7.8096711729132836E+025  -4082797141879.2617       -1.1924689186042670E-003  -9.0375670763567568E-020   2.6264567324567842E-035   8.1602007427040867E-049   4.5315969823092644E-063  -5.7883780478163482E-072  -1.3593322255847088E-081  -1.1797101324127345E-090  -2.1767460828574801E-099  -4.8969805299404248E-108
   1.2817278407336797E+032   1.1723516630964183E+041   8.0968306105928111E+036  -7.3786517644496447E+025  -3817331500205.9990       -1.1059592370380911E-003  -8.3236200908573088E-020   2.3928017125665467E-035   7.3894981999285530E-049   4.0700757558389291E-063  -5.1530466126494145E-072  -1.1989862030772125E-081  -1.0307141833162192E-090  -1.8835793946183945E-099  -4.1964911308833184E-108
   1.2266998054814415E+032   1.1172020343641215E+041   7.6701933275858645E+036  -6.9683615071225365E+025  -3568151981641.9595       -1.0255288731217907E-003  -7.6649677799248544E-020   2.1797701958131654E-035   6.6911923754555271E-049   3.6554140077572019E-063  -4.5873334770176514E-072  -1.0575380434767368E-081  -9.0052777322623829E-091  -1.6298875748526470E-099  -3.5961911454023353E-108
   1.1731539984514109E+032   1.0639552539930966E+041   7.2622632447567792E+036  -6.5777417767262560E+025  -3334220355567.8774       -9.5074087400435115E-004  -7.0572699974696660E-020   1.9855273461039568E-035   6.0584483565302380E-049   3.2828403052403197E-063  -4.0835979916779941E-072  -9.3275863483626466E-082  -7.8677530836632822E-091  -1.4103541443180878E-099  -3.0817491206048704E-108
   1.1210476951521664E+032   1.0125383730788894E+041   6.8721399330120502E+036  -6.2057840271013361E+025  -3114562425693.4980       -8.8118903874866259E-004  -6.4965222853501774E-020   1.8084005828351872E-035   5.4850737019755872E-049   2.9480677981059474E-063  -3.6350368344780043E-072  -8.2268158836642680E-082  -6.8738109453755417E-091  -1.2203784792187276E-099  -2.6408833625525190E-108
   1.0703391347901446E+032   9.6288093177146918E+040   6.4989632492079395E+036  -5.8515273536842063E+025  -2908263986412.0869       -8.1649572229198640E-004  -5.9790296789312265E-020   1.6468651426023401E-035   4.9654578036882816E-049   2.6472448846562494E-063  -3.2355921199640596E-072  -7.2557224962992130E-082  -6.0053146109359114E-091  -1.0559794006163675E-099  -2.2630687351739514E-108
   1.0209874917689857E+032   9.1491486185532971E+040   6.1419114037888680E+036  -5.5140561650293280E+025  -2714467028326.9585       -7.5630979380971548E-004  -5.5013825328454349E-020   1.4995309198891688E-035   4.4945169514230896E-049   2.3769108890199919E-063  -2.8798695800004852E-072  -6.3990036216875916E-082  -5.2464166645261544E-091  -9.1371174520863871E-100  -1.9392853934848020E-108
   9.7295284772536294E+031   8.6857439255157707E+040   5.8001991147149137E+036  -5.1924979574757275E+025  -2532366177329.4648       -7.0030473851780259E-004  -5.0604342102586198E-020   1.3651304728890726E-035   4.0676445626634083E-049   2.1339562398512467E-063  -2.5630657102517650E-072  -5.6431595276345673E-082  -4.5832698126675123E-091  -7.9059416917707484E-100  -1.6618034528483794E-108
   9.2619616408305167E+031   8.2379595941184651E+040   5.4730758435280593E+036  -4.8860211883104035E+025  -2361205352567.1763       -6.4817689271830757E-004  -4.6532804909742954E-020   1.2425080907127270E-035   3.6806660900231787E-049   1.9155866920748481E-063  -2.2809028985117311E-072  -4.9762805829989550E-082  -4.0037742160439367E-091  -6.8404667220764765E-100  -1.4239984538777053E-108
   8.8067925510721259E+031   7.8051811617800080E+040   5.1598241095913870E+036  -4.5938332429557297E+025  -2200274629540.5181       -5.9964380260725666E-004  -4.2772405648193851E-020   1.1306098274368043E-035   3.3297981644931947E-049   1.7192911799254183E-063  -2.0295716587037379E-072  -4.3878595900733397E-082  -3.4973567110749222E-091  -5.9183653248267229E-100  -1.2201932177394564E-108
   8.3636476144106150E+031   7.3868144948549330E+040   4.8597578787110390E+036  -4.3151784918764539E+025  -2048907295409.7493       -5.5444269802825178E-004  -3.9298394870035468E-020   1.0284744168299844E-035   3.0116115743835564E-049   1.5428129313440508E-063  -1.8056791903810587E-072  -3.8686262233577324E-082  -3.0547778928023383E-091  -5.1203151970533785E-100  -1.0455223166224678E-108
   7.9321612410729518E+031   6.9822849629205864E+040   4.5722210225182199E+036  -4.0493364330643114E+025  -1906477084384.9143       -5.1232907297250755E-004  -3.6087919816040229E-020   9.3522498922706413E-036   2.7229977174313967E-049   1.3841235113557484E-063  -1.6062035690244510E-072  -3.4104009658528761E-082  -2.6679635390945370E-091  -4.4295940574021019E-100  -8.9581592401675885E-109
   7.5119755895683562E+031   6.5910366391699547E+040   4.2965858451472753E+036  -3.7956199161149261E+025  -1772395581813.0530       -4.7307536519955218E-004  -3.3119874880564914E-020   8.5006151897610261E-036   2.4611381976077266E-049   1.2413994957844830E-063  -1.4284529485185585E-072  -3.0059662413316880E-082  -2.3298573003832960E-091  -3.8317292443092113E-100  -7.6750027210106217E-109
   7.1027403154760385E+031   6.2125315257974568E+040   4.0322516738973449E+036  -3.5533734440622956E+025  -1646109786271.8865       -4.3646972788570769E-004  -3.0374763535862494E-020   7.7225393721762398E-036   2.2234772690035982E-049   1.1130015069593135E-063  -1.2700292249187204E-072  -2.6489527121124246E-082  -2.0342919672410416E-091  -3.3141944635573215E-100  -6.5751234000187596E-109
   6.7041123243621890E+031   5.8462488032978000E+040   3.7786435107088593E+036  -3.3219715492812353E+025  -1527099819630.7793       -4.0231488670254133E-004  -2.7834570819443227E-020   7.0113585052390277E-036   2.0076968571065461E-049   9.9745537027376606E-064  -1.1287956709099566E-072  -2.3337389509274061E-082  -1.7758769671595179E-091  -2.8661473309583783E-100  -5.6322673642954311E-109
   6.3157555286564766E+031   5.4916841026291863E+040   3.5352107414228413E+036  -3.1008172399073759E+025  -1414876775650.2974       -3.7042707618737411E-004  -2.5482645556675197E-020   6.3609881118044267E-036   1.8116939130672504E-049   8.9343517489462761E-064  -1.0028481040251532E-072  -2.0553629063254710E-082  -1.5499000380942480E-091  -2.4782022109101929E-100  -4.8239303132710214E-109
   5.9373406083197376E+031   5.1483487992222920E+040   3.3014258999208649E+036  -2.8893405133581630E+025  -1308980698263.8274       -3.4063504969508506E-004  -2.3303591554039694E-020   5.7658708967648219E-036   1.6335598794519635E-049   7.9974804385729257E-064  -8.9048919945488453E-073  -1.8094437669876157E-082  -1.3522412850973822E-091  -2.1422335913436704E-100  -4.1308204063575701E-109
   5.5685447751358729E+031   4.8157693278448832E+040   3.0767834843669345E+036  -2.6869969336665458E+025  -1208978681220.7053       -3.1277915761716412E-004  -2.1283167056765765E-020   5.2209290432837272E-036   1.4715620667029643E-049   7.1532043848527591E-064  -7.9020560079259332E-073  -1.5921129943058106E-082  -1.1792980523973952E-091  -1.8512058756266837E-100  -3.5363978204237878E-109
   5.2090515404619112E+031   4.4934865173589170E+040   2.8607988228896135E+036  -2.4932662694620648E+025  -1114463081272.4050       -2.8671048892232572E-004  -1.9408191818337713E-020   4.7215206692674543E-036   1.3241267582907471E-049   6.3918583975869717E-064  -7.0064751989044381E-073  -1.3999534371590357E-082  -1.0279192407232658E-091  -1.5990260257315106E-100  -3.0264800273278099E-109
   4.8585504862713705E+031   4.1810549444328965E+040   2.6530069861539293E+036  -2.3076511895517364E+025  -1025049837553.5101       -2.6229007141500313E-004  -1.7666461178942728E-020   4.2634000691003103E-036   1.1898238795218962E-049   5.7047366513412614E-064  -6.2061055066458105E-073  -1.2299455702984868E-082  -8.9534787211693649E-092  -1.3804159700120533E-100  -2.5889033710249751E-109
   4.5167370393269256E+031   3.8780423052965986E+040   2.4529617443779170E+036  -2.1296760131656972E+025  -940376890249.44714       -2.3938812642549282E-004  -1.6046666595622080E-020   3.8426813985448557E-036   1.0673530803324346E-049   5.0839929356928825E-064  -5.4901945163884698E-073  -1.0794200101355172E-082  -7.7917085507915442E-092  -1.1908021033159502E-100  -2.2132328682124133E-109
   4.1833122483190675E+031   3.5840288046484277E+040   2.2602345664486777E+036  -1.9588855120401530E+025  -860102692055.01990       -2.1788337394013188E-004  -1.4538322109002620E-020   3.4558054906299966E-036   9.5553109629881016E-050   4.5225508429495887E-064  -4.8491367865828936E-073  -9.4601556078388766E-083  -6.7727503439960993E-092  -1.0262195655616857E-100  -1.8905133081832632E-109
   3.8579825638082159E+031   3.2986065608474688E+040   2.0744136588873705E+036  -1.7948437616127278E+025  -783904806313.40833       -1.9766238445323453E-004  -1.3131696270286833E-020   3.0995095175761804E-036   8.5328026467414945E-050   4.0140228635050397E-064  -4.2743447289835062E-073  -8.2764213050482161E-083  -5.8780872483394613E-092  -8.8322929485595778E-101  -1.6130557140435361E-109
   3.5404596208081706E+031   3.0213790265430111E+040   1.8951030425022120E+036  -1.6371330387031280E+025  -711478586085.97339       -1.7861897407605009E-004  -1.1817749087918920E-020   2.7707992385758917E-036   7.5961808362962896E-050   3.5526374619129478E-064  -3.7581333036311958E-073  -7.2244793561660817E-083  -5.0914802800444635E-092  -7.5884611921092917E-101  -1.3742540722532244E-109
   3.2304600238492638E+031   2.7519604239136501E+040   1.7219216646532428E+036  -1.4853527631450627E+025  -642535928740.52502       -1.6065363967310081E-004  -1.0588073586252481E-020   2.4669235957742723E-036   6.7364771316159925E-050   3.1331732990439871E-064  -3.2936169779155596E-073  -6.2879047667412620E-083  -4.3986731934881779E-092  -6.5047638256481649E-101  -1.1684279607692573E-109
   2.9277051343598527E+031   2.4899751937063283E+040   1.5545025451326980E+036  -1.3391184809237708E+025  -576804100960.96863       -1.4367303101417222E-004  -9.4348415988350735E-021   2.1853514412753006E-036   5.9454932541566554E-050   2.7508998484016195E-064  -2.8746175652777176E-073  -5.4521083136723662E-083  -3.7871336822026343E-092  -5.5586380097192059E-101  -9.9068732517197244E-110
   2.6319208602048839E+031   2.2350574572826615E+040   1.3924919537403842E+036  -1.1980608864573746E+025  -514024629375.75726       -1.2758945713212810E-004  -8.3507534467915424E-021   1.9237501966121213E-036   5.2157222057069695E-050   2.4015237287708521E-064  -2.4955817068571030E-073  -4.7041086107277968E-083  -3.2458262074660224E-092  -4.7304241771003710E-101  -8.3681618184341382E-110
   2.3428374472203657E+031   1.9868504908958791E+040   1.2355486177047273E+036  -1.0618248817397320E+025  -453952252277.60852       -1.1232042426370446E-004  -7.3289911784126729E-021   1.6799662630279618E-036   4.5402763200153431E-050   2.0811401417146983E-064  -2.1515068905020961E-073  -4.0323297415258902E-083  -2.7650123300281788E-092  -4.0029567528362647E-101  -7.0317248019774353E-110
   2.0601892725824385E+031   1.7450062114363344E+040   1.0833429571672358E+036  -9.3006867013751276E+024  -396353928163.53033       -9.7788202923498188E-005  -6.3631750696048422E-021   1.4520070162643568E-036   3.9128215127362874E-050   1.7861888617850224E-064  -1.8378750178345762E-073  -3.4264212964970419E-083  -2.3360749250078108E-092  -3.3612075101492701E-101  -5.8660174297389193E-110
   1.7837146398494825E+031   1.5091846728973052E+040   9.3555634701123639E+035  -8.0246288270504193E+024  -341007897063.51990       -8.3919421821450417E-005  -5.4473231064825050E-021   1.2380242334803573E-036   3.3275170968359503E-050   1.5134142803651979E-064  -1.5505926330620556E-073  -2.8770980063913746E-083  -1.9513630987613744E-092  -2.7919741381814112E-101  -4.8436243395051632E-110
   1.5131555755153835E+031   1.2790535728252492E+040   7.9188040337495210E+035  -6.7868973494705815E+024  -287702790849.23505       -7.0644686482093200E-005  -4.5758131912298225E-021   1.0362988125517834E-036   2.7789605860763330E-050   1.2598290514278504E-064  -1.2859370183696389E-073  -2.3759964770271617E-083  -1.6040550076021515E-092  -2.2836075517760354E-101  -3.9406128404613979E-110
   1.2482576269115093E+031   1.0542877680301706E+040   6.5201629324448341E+035  -5.5844221202206156E+024  -236236788921.48483       -5.7898220560483296E-005  -3.7433478305504549E-021   8.4522665543435832E-037   2.2621369590994681E-050   1.0226809297225490E-064  -1.0405074412400499E-073  -1.9155468031538950E-083  -1.2880361086420017E-092  -1.8257722931018763E-101  -3.1359704637615539E-110
   9.8876966129435601E+030   8.3456879884212199E+039   5.1567406557414743E+035  -4.4142328043737948E+024  -186416815868.37442       -4.5617527975835754E-005  -2.9449210826839136E-021   6.6330559761905000E-037   1.7723719014531400E-050   7.9942242949824829E-065  -8.1118091004320143E-074  -1.4888570778778896E-083  -9.9779065881799082E-093  -1.4092350771503326E-101  -2.4111135420820773E-110
   7.3444366595498934E+030   6.1958442120914431E+039   3.8257200243002885E+035  -3.2734512434158576E+024  -138057777865.18991       -3.3743074100073230E-005  -2.1757875542029980E-021   4.8912327505346921E-037   1.3052885830848257E-050   5.8768296525291278E-065  -5.9507185668007903E-074  -1.0896090218748515E-083  -7.2830452462420413E-093  -1.0256771328572830E-101  -1.7494552778337961E-110
   4.8503454918552702E+030   4.0902814594021591E+039   2.5243598869759258E+035  -2.1592840457050572E+024  -90981834753.355835       -2.2217984345466832E-005  -1.4314332517198384E-021   3.2134582833227916E-037   8.5676756478241663E-051   3.8524316557994432E-065  -3.8949521981738466E-074  -7.1196313692038370E-084  -4.7497757675768051E-093  -6.6752650154139136E-102  -1.1360232080531936E-110
   2.4029994193678199E+030   2.0259878440395952E+039   1.2499889893596208E+035  -1.0690153864979084E+024  -45017704889.754692       -1.0987758593841459E-005  -7.0754810631005886E-022   1.5870735154709686E-037   4.2290945912018752E-051   1.9001107729629155E-065  -1.9193245006580258E-074  -3.5047194400651632E-084  -2.3354412474253694E-093  -3.2780688537992175E-102  -5.5711718553208797E-111
   0.0000000000000000        0.0000000000000000        0.0000000000000000        0.0000000000000000        0.0000000000000000        0.0000000000000000        0.0000000000000000        0.0000000000000000        0.0000000000000000        0.0000000000000000        0.0000000000000000        0.0000000000000000        0.0000000000000000        0.0000000000000000        0.0000000000000000     
