   0.0000000000000000        0.0000000000000000        0.0000000000000000        0.0000000000000000        0.0000000000000000        0.0000000000000000        0.0000000000000000        0.0000000000000000        0.0000000000000000        0.0000000000000000        0.0000000000000000        0.0000000000000000        0.0000000000000000        0.0000000000000000        0.0000000000000000     
   2.2426033432561070E+038   1.9192997714224008E+047   6.8739475123029183E+043   5.7744657207453303E+033   1.1963876226454033E+020   82873.045729222460        5.1213759721841076E-011   1.1827381868386292E-025   2.5874566872572661E-039   2.1772853499105144E-053  -4.9269994828734088E-062  -2.2473026257311931E-071  -4.1372459356235703E-080  -1.7986291767737907E-088  -1.1112028477251476E-096
   4.4875613635379277E+038   3.8412404372997997E+047   1.3760796155397444E+044   1.1563722675361463E+034   2.3967487282227413E+020   165943.20777530735        1.0233564695623099E-010   2.3588466955406997E-025   5.1543154427829915E-039   4.3349742928910328E-053  -9.8097050493705172E-062  -4.4762111774584400E-071  -8.2463810014430312E-080  -3.5883161161886259E-088  -2.2192744549225942E-096
   6.7352970592144950E+038   5.7668037141552366E+047   2.0667511374574522E+044   1.7377615277958628E+034   3.6041833870676558E+020   249513.78585574267        1.5361583267411059E-010   3.5357659652180873E-025   7.7210001673991978E-039   6.4941818151450766E-053  -1.4705799115137272E-061  -6.7180174764094654E-071  -1.2395046358115971E-079  -5.4032055695993971E-088  -3.3484707618996540E-096
   8.9862342492862460E+038   7.6969739594803374E+047   2.7601084526193016E+044   2.3226038101398814E+034   4.8218119847526446E+020   333889.34504528181        2.0530334819671645E-010   4.7208480727581438E-025   1.0307606124004531E-038   8.6756478881339028E-053  -1.9671956435725444E-061  -9.0035221514401649E-071  -1.6650015910949262E-079  -7.2771310205658775E-088  -4.5229320929999333E-096
   1.1240797654945235E+039   9.6327386769414025E+047   3.4568539964937784E+044   2.9118952729873990E+034   6.0527832978161821E+020   419376.83801388025        2.5764732726146347E-010   5.9214042492984813E-025   1.2934062925696365E-038   1.0899943545171373E-052  -2.4764520973309685E-061  -1.1363469965925838E-070  -2.1078298737536403E-079  -9.2442599628970372E-088  -5.7672099161038311E-096
   1.3499412981370405E+039   1.1575089023589931E+048   4.1576942170229101E+044   3.5066404739248134E+034   7.3002826471514977E+020   506286.73298485467        3.1089823762179675E-010   7.1447515079717522E-025   1.5620293576009892E-038   1.3187671564038508E-052  -3.0040165551982355E-061  -1.3828975301110400E-070  -2.5748221437504886E-079  -1.1339731051096520E-087  -7.1067904310686305E-096
   1.5762506999772203E+039   1.3525020319337932E+048   4.8633402919023102E+044   4.1078540834135297E+034   8.5675401502229489E+020   594934.15162817459        3.6530910847140416E-010   8.3982586913487255E-025   1.8386370876210773E-038   1.5559663779065019E-052  -3.5556542261337607E-061  -1.6431943847545725E-070  -3.0730508322882250E-079  -1.3600295270632355E-087  -8.5686263774490805E-096
   1.8030507629700925E+039   1.5483532558959850E+048   5.5745088512295867E+044   4.7165626170975176E+034   9.8578390935401149E+020   685640.02112397249        4.2113675989842961E-010   9.6893922390143496E-025   2.1252672472259076E-038   1.8037176977015230E-052  -4.1372931306456707E-061  -1.9205496380799799E-070  -3.6099376954188661E-079  -1.6064973086779420E-087  -1.0181688375452631E-095
   2.0303844021633406E+039   1.7451630926884484E+048   6.2919227062563950E+044   5.3338061896707955E+034   1.1174524447137889E+021   778732.24466768710        4.7864304052318813E-010   1.1025761969754157E-024   2.4240035782465209E-038   2.0642089281987124E-052  -4.7550895834598040E-061  -2.2184400406231005E-070  -4.1933666404507531E-079  -1.8775739570016787E-087  -1.1977547283101211E-095
   2.2582946639852776E+039   1.9430326315041946E+048   7.0163115849862211E+044   5.9606402933039667E+034   1.2521011543185723E+021   874546.89474078093        5.3809607945271161E-010   1.2415167168839687E-024   2.7369914025556246E-038   2.3397098904553893E-052  -5.4154950191146475E-061  -2.5405515447382592E-070  -4.8318015793489217E-079  -2.1778249758997035E-087  -1.3990999465294995E-095
   2.4868247345636198E+039   2.1420635844032708E+048   7.7484128753674759E+044   6.5981376036731754E+034   1.3900794941281767E+021   973429.43353982118        5.9977155869678729E-010   1.3865643268827315E-024   3.0664534557525084E-038   2.6325927118913635E-052  -6.1253249067062700E-061  -2.8908257821680828E-070  -5.5344111072223910E-079  -2.5122617009097581E-087  -1.6260747530475132E-095
   2.7160179480765597E+039   2.3423583387887475E+048   8.4889723768398221E+044   7.2473898166841443E+034   1.5317457503479000E+021   1075735.9650420325        6.6395401223269070E-010   1.5385509412084052E-024   3.4147060723990581E-038   2.9453527338420114E-052  -6.8918305095626687E-061  -3.2735090894975131E-070  -6.3112018759447471E-079  -2.8864257789849257E-087  -1.8830150006669685E-095
   2.9459177951376566E+039   2.5440200102689034E+048   9.2387450610006710E+044   7.9095095190387177E+034   1.6774679702642106E+021   1181834.5232874800        7.3093815797942021E-010   1.6983417184898160E-024   3.7841758442680933E-038   3.2806302184282061E-052  -7.7227742637138711E-061  -3.6932047033482920E-070  -7.1731626335370848E-079  -3.3064817346619995E-087  -2.1748054615000453E-095
   3.1765679312160891E+039   2.7471524959329240E+048   9.9984958421687210E+044   8.5856320958513054E+034   1.8276249188346702E+021   1292106.4015770971        8.0103026904696245E-010   1.8668400816505730E-024   4.1774168747968864E-038   3.6412330484351601E-052  -8.6265095756869439E-061  -4.1549287779412813E-070  -8.1324210301780089E-079  -3.7793191843560605E-087  -2.5069731274850736E-095
   3.4080121850938032E+039   2.9518605280676762E+048   1.0769000358631933E+045   9.2769176785882968E+034   1.9826070635208974E+021   1406947.5274222360        8.7454959076211353E-010   2.0449929141662673E-024   4.5971287556116491E-038   4.0301606198857284E-052  -9.6120658755357974E-061  -4.6641709167527092E-070  -9.2024154530731246E-079  -4.3126664073134749E-087  -2.8857922766274254E-095
   3.6402945673611283E+039   3.1582497283433768E+048   1.1551045765378923E+045   9.9845531366746249E+034   2.1428175899274531E+021   1526769.8882356780        9.5182981014003609E-010   2.2337959632522682E-024   5.0461753946084882E-038   4.4506291347925506E-052  -1.0689239805354036E-060  -5.2269599577846560E-070  -1.0398084346864536E-078  -4.9152171574317069E-087  -3.3184033113519523E-095
   3.8734592789524416E+039   3.3664266624962275E+048   1.2345431539124922E+045   1.0709754116188654E+035   2.3086734508903584E+021   1652003.0129266244        1.0332205846705345E-009   2.4342994814564883E-024   5.5276048296556294E-038   4.9060985112195573E-052  -1.1868693477153157E-060  -5.8499358089392155E-070  -1.1736075706229953E-078  -5.5967728073440443E-087  -3.8129476277181930E-095
   4.1075507197234578E+039   3.5764988955363750E+048   1.3152970296456583E+045   1.1453767129149405E+035   2.4806064517466030E+021   1783095.5147536597        1.1190891375206452E-009   2.6476141392181326E-024   6.0446701675408905E-038   5.4003011393359067E-052  -1.3162060797357313E-060  -6.5404281967251397E-070  -1.3234979695771913E-078  -6.3684021580717921E-087  -4.3787210697360413E-095
   4.3426134970717732E+039   3.7885750475098631E+048   1.3974488625933854E+045   1.2217871696988863E+035   2.6590643746108332E+021   1920516.7010006506        1.2098219265214253E-009   2.8749172422326628E-024   6.6008517943550040E-038   5.9372727256802859E-052  -1.4582062928811485E-060  -7.3065432687525854E-070  -1.4915587662749128E-078  -7.2426215279478475E-087  -5.0263488670449337E-095
   4.5786924346022618E+039   4.0027648498435159E+048   1.4810827935001950E+045   1.3003382551897334E+035   2.8445121445875705E+021   2064758.2552717766        1.3058263946077396E-009   3.1174592889404849E-024   7.1998810111104971E-038   6.5213854834647110E-052  -1.6142634045773315E-060  -8.1572590790322592E-070  -1.6801181164775184E-078  -8.2335980578352547E-087  -5.7679853531263866E-095
   4.8158325808389798E+039   4.2191792023020601E+048   1.5662845312582113E+045   1.3811651899830981E+035   3.0374330409571225E+021   2216335.9984540883        1.4075328097165807E-009   3.3765709051387642E-024   7.8457652570902632E-038   7.1573839445462095E-052  -1.7859058633623138E-060  -9.1025310859742068E-070  -1.8917855042082877E-078  -9.3573795410319907E-087  -6.6175422223932322E-095
   5.0540792179852081E+039   4.4379302305870915E+048   1.6531414408226400E+045   1.4644071749078743E+035   3.2383299564910842E+021   2375791.7346701100        1.5153962025233395E-009   3.6536701946102354E-024   8.5428150932500726E-038   7.8504236888131324E-052  -1.9748121693866152E-060  -1.0153408907312320E-069  -2.1294879027822707E-078  -1.0632154511588025E-086  -7.5909496165031727E-095
   5.2934778707333118E+039   4.6591313446078707E+048   1.7417426328739257E+045   1.5502076308400372E+035   3.4477267081792733E+021   2543695.1888398924        1.6298984108079645E-009   3.9502705467789048E-024   9.2956731290240154E-038   8.6061133093209341E-052  -2.1828273337426631E-060  -1.1322165705258152E-069  -2.3965102916422733E-078  -1.2078546810864457E-086  -8.7064549429809967E-095
   5.5340743151260909E+039   4.8828972974543056E+048   1.8321790553186985E+045   1.6387144458868895E+035   3.6661694027844834E+021   2720646.0427926965        1.7515502396958404E-009   4.2679889447506569E-024   1.0109345088168109E-037   9.4305599567417684E-052  -2.4119809386395063E-060  -1.2622441720482611E-069  -2.6965410906452791E-078  -1.3719949406830829E-086  -9.9849650341258691E-095
   5.7759145874713108E+039   5.1093442451028296E+048   1.9245435867235652E+045   1.7300802303679410E+035   3.8942278607848362E+021   2907276.0772141553        1.8808937475132879E-009   4.6085548196885615E-024   1.0989233222901102E-037   1.0330418834757137E-051  -2.6645069757581862E-060  -1.4069403636699896E-069  -3.0337231408853684E-078  -1.5582902872735162E-086  -1.1450438064384516E-094
   6.0190449933111181E+039   5.3385898068863261E+048   2.0189311317778140E+045   1.8244625800322242E+035   4.1324971024162457E+021   3104251.4270866388        2.0185046675370138E-009   4.9738195003213884E-024   1.1941172300648171E-037   1.1312947049140402E-051  -2.9428656571911691E-060  -1.5679921640559613E-069  -3.4127109373041188E-078  -1.7697524651560152E-086  -1.3130332575024022E-094
   6.2635121164480865E+039   5.5707531267596459E+048   2.1154387188832537E+045   1.9220243479661956E+035   4.3815988996898753E+021   3312274.9586798050        2.1649949765027877E-009   5.3657663095039890E-024   1.2971468404257504E-037   1.2386062247689284E-051  -3.2497674123489814E-060  -1.7472766246347671E-069  -3.8387349042718039E-078  -2.0097996051689067E-086  -1.5056122023437519E-094
   6.5093628280295927E+039   5.8059549353926849E+048   2.2141655999716195E+045   2.0229339256615275E+035   4.6421833984319774E+021   3532088.7765764873        2.3210156213736797E-009   5.7865213631559096E-024   1.4086940804747515E-037   1.3558406526147431E-051  -3.5881993052905413E-060  -1.9468827184019347E-069  -4.3176736022021601E-078  -2.2823114850645409E-086  -1.7263884500747039E-094
   6.7566442956923109E+039   6.0443176131234714E+048   2.3152133526523342E+045   2.1273655337280444E+035   4.9149308145765460E+021   3764476.8696774850        2.4872594165550250E-009   6.2383651306176173E-024   1.5294967185569609E-037   1.4839416117097892E-051  -3.9614541303030225E-060  -2.1691356904987718E-069  -4.8561348624213817E-078  -2.5916922442661748E-086  -1.9794978668475796E-094
   7.0054039927685669E+039   6.2859652538041534E+048   2.4186859847958264E+045   2.2354995227538466E+035   5.2005532091352854E+021   4010267.9056192799        2.6644641244848387E-009   6.7237448195014483E-024   1.6603532519166637E-037   1.6239397424851116E-051  -4.3731624694475428E-060  -2.4166241545831129E-069  -5.4615469704496918E-078  -2.9429415669258960E-086  -2.2696818579282116E-094
   7.2556897075563563E+039   6.5310237295732619E+048   2.5246900416601922E+045   2.3475226848323316E+035   5.4997963464750295E+021   4270338.1835627295        2.8534157333279230E-009   7.2452876524980622E-024   1.8021281920411216E-037   1.7769610019950534E-051  -4.8273280244481892E-060  -2.6922302508977661E-069  -6.1422611562630078E-078  -3.3417354839399783E-086  -2.6023761898296501E-094
   7.5075495526548008E+039   6.7796207565881406E+048   2.6333347156716065E+045   2.4636285762943779E+035   5.8134416407504303E+021   4545614.7558703879        3.0549519463628081E-009   7.8058151083519683E-024   1.9557577827474953E-037   1.9442357262482580E-051  -5.3283665670108024E-060  -2.9991632175172977E-069  -6.9076668058887008E-078  -3.7945180999194625E-086  -2.9838128165147754E-094
   7.7610319743668926E+039   7.0318859617519344E+048   2.7447319589716987E+045   2.5840178522034334E+035   6.1423081955700727E+021   4837078.7297871467        3.2699658985767141E-009   8.4083582043666862E-024   2.1222561888978551E-037   2.1271085284347110E-051  -5.8811488867211982E-060  -3.3409967659270867E-069  -7.7683209839987342E-078  -4.3086057275665145E-086  -3.4211366172065433E-094
   8.0161857621713146E+039   7.2879509504700871E+048   2.8589965988479851E+045   2.7088986131917276E+035   6.4872549422177536E+021   5145768.7608754961        3.4994101169789281E-009   9.0561739033687794E-024   2.3027221967087923E-037   2.3270491127505231E-051  -6.4910481544293858E-060  -3.7217106963212724E-069  -8.7360940544109719E-078  -4.8923051123208859E-086  -3.9225392326108179E-094
   8.2730600582652133E+039   7.5479493754718141E+048   2.9762464561664498E+045   2.8384867652372452E+035   6.8491828820081199E+021   5472784.7506351676        3.7443007422117027E-009   9.7527627340797926E-024   2.4983464699753960E-037   2.5456640908508169E-051  -7.1639921618524567E-060  -4.1457372373123137E-069  -9.8243334073130913E-078  -5.5550476577524627E-086  -4.4974125065889630E-094
   8.5317043671797900E+039   7.8120170067326509E+048   3.0966024669285294E+045   2.9730063930036183E+035   7.2290374386278770E+021   5819291.7614595518        4.0057220301846613E-009   1.0501887720348445E-023   2.7104194101762861E-037   2.7847098959908903E-051  -7.9065209454390097E-060  -4.6180126496976497E-069  -1.1048047551641893E-077  -6.3075418206619760E-086  -5.1565244075128867E-094
   8.7921685654705559E+039   8.0802918025346857E+048   3.2201888070779731E+045   3.1126901473886359E+035   7.6278109266010356E+021   6186524.1628506947        4.2848311536887871E-009   1.1307594721716658E-023   2.9403396723908525E-037   3.0461068987110194E-051  -8.7258503547912678E-060  -5.1440346951673522E-069  -1.2424113111824464E-077  -7.1619461383879416E-086  -5.9122207245712022E-094
   9.0545029114841914E+039   8.3529139817018013E+048   3.3471330206864886E+045   3.2577796479517696E+035   8.0465451423199679E+021   6575790.0236335658        4.5828633252646989E-009   1.2174234295370092E-023   3.1896233932678471E-037   3.3319548375512155E-051  -9.6299421836439563E-060  -5.7299266390730299E-069  -1.3971507583887434E-077  -8.1320656841458651E-086  -6.7786563170573100E-094
   9.3187580552038905E+039   8.6300260970477618E+048   3.4775661516505718E+045   3.4085259009169363E+035   8.4863340844041015E+021   6988475.7657815116        4.9011372640129312E-009   1.3106485197696993E-023   3.4599141919642284E-037   3.6445496888261497E-051  -1.0627581545111889E-059  -6.3825085324062430E-069  -1.5711571061120191E-077  -9.2335751247304567E-086  -7.7720602482003961E-094
   9.5849850481751391E+039   8.9117731100757471E+048   3.6116228790355839E+045   3.5651897334737837E+035   8.9483268104858328E+021   7426051.0963915335        5.2410610305475029E-009   1.4109379652492644E-023   3.7529940100554450E-037   3.9864021110317417E-051  -1.1728462243258929E-059  -7.1093766028389418E-069  -1.7668300538934579E-077  -1.0484271984708257E-085  -8.9110397697662328E-094
   9.8532353535138698E+039   9.1983024669685168E+048   3.7494416562069559E+045   3.7280422451290723E+035   9.4337304378794238E+021   7890074.2353334064        5.6041382559148057E-009   1.5188330522347306E-023   4.0707948619364783E-037   4.3602576120861109E-051  -1.2943280970692872E-059  -7.9189916790444150E-069  -1.9868680857804947E-077  -1.1904364209260281E-085  -1.0216928851343548E-093
   1.0123560855998969E+040   9.4897641759091293E+048   3.8911648538923293E+045   3.8973652768893238E+035   9.9438132959643697E+021   8382197.4571442353        5.9919747920349375E-009   1.6349160529994699E-023   4.4154115732232895E-037   4.7691186014299988E-051  -1.4283841247607347E-059  -8.8207776776430381E-069  -2.2343056848392963E-077  -1.3516796671987106E-085  -1.1714187782573434E-093
   1.0396013872251087E+040   9.7863108857728405E+048   4.0369389073225309E+045   4.0734518990868668E+035   1.0479908238510841E+022   8904172.9668536223        6.4062858130796409E-009   1.7598133687430655E-023   4.7891155911661013E-037   5.2162685041362262E-051  -1.5763168112305691E-059  -9.8252312992260627E-069  -2.5125551811128082E-077  -1.5347621903215051E-085  -1.3430861333201225E-093
   1.0670647160999829E+040   1.0088097966231516E+049   4.1869144676035574E+045   4.2566069186937567E+035   1.1043416124592310E+022   9457859.1306078583        6.8489033991881707E-009   1.8941989102496803E-023   5.1943699581421099E-037   5.7052981307255751E-051  -1.7395634677671497E-059  -1.0944044210365610E-068  -2.8254538101461212E-077  -1.7426421028808406E-085  -1.5399104052650610E-093
   1.0947513933441266E+040   1.0395283589312701E+049   4.3412465574761051E+045   4.4471474070018755E+035   1.1635809477170653E+022   10045227.083219020        7.3217846360484096E-009   2.0387977345426132E-023   5.6338455469520318E-037   6.2401345144905021E-051  -1.9197101783310650E-059  -1.2190239133838130E-068  -3.1773166310547449E-077  -1.9786781720741975E-085  -1.7655782548382224E-093
   1.1226667863687866E+040   1.0708028812456211E+049   4.5000947316237765E+045   4.6454032485828410E+035   1.2258636328902777E+022   10668367.736100558        7.8270202661448386E-009   2.1943899571634784E-023   6.1104386649528087E-037   6.8250724479334493E-051  -2.1185072100299321E-059  -1.3578321431163191E-068  -3.5729960339151406E-077  -2.2466840881828413E-085  -2.0243166024158622E-093
   1.1508163099312871E+040   1.1026497663111934E+049   4.6636232416958275E+045   4.8517177124783077E+035   1.2913524265206581E+022   11329499.210470123        8.3668439299074012E-009   2.3618149611891677E-023   6.6272901430725498E-037   7.4648089715923347E-051  -2.3378860185867541E-059  -1.5124447941873469E-068  -4.0179486571249536E-077  -2.5509900832908228E-085  -2.3209718012501107E-093
   1.1792054271991239E+040   1.1350857224923341E+049   4.8320012062152018E+045   5.0664480466097611E+035   1.3602184675138887E+022   12030974.722207470        8.9436420375967689E-009   2.5419759256984430E-023   7.1878060355325412E-037   8.1644810922257616E-051  -2.5799780140292030E-059  -1.6846615044783750E-068  -4.5183106375657770E-077  -2.8965128958395796E-085  -2.6611004131056139E-093
   1.2078396508239212E+040   1.1681277725542112E+049   5.0054027855477087E+045   5.2899660964372401E+035   1.4326417221180488E+022   12775290.946356168        9.5599643155433287E-009   2.7358446981212996E-023   7.7956800667095713E-037   8.9297070332550150E-051  -2.8471352689270363E-059  -1.8764868130254629E-068  -5.0809822313131683E-077  -3.2888352114520835E-085  -3.0510732865792727E-093
   1.2367245440254674E+040   1.2017932626120034E+049   5.1840073621134339E+045   5.5226589489384493E+035   1.5088114539594724E+022   13565096.890957721        1.0218535073331751E-008   2.9444670367573248E-023   8.4549179730794043E-037   9.7666313487169441E-051  -3.1419533703762211E-059  -2.0901534921653918E-068  -5.7137229718617208E-077  -3.7342958635697161E-085  -3.4981948875632644E-093
   1.2658657216860409E+040   1.2360998712525347E+049   5.3679997260269498E+045   5.7649296030236519E+035   1.5889267183627820E+022   14403203.311711969        1.0922265241703234E-008   3.1689682517442660E-023   9.1698639006651302E-037   1.0681974262999085E-050  -3.4672966377545491E-059  -2.3281485361806533E-068  -6.4252586781492188E-077  -4.2400922512928625E-085  -4.0108401169943320E-093
   1.2952688514552441E+040   1.2710656188331536E+049   5.5575702663585247E+045   6.0171976675476041E+035   1.6731968822452974E+022   15292592.700874394        1.1674265234347654E-008   3.4105592749055136E-023   9.9452290319542038E-037   1.1683085632554873E-050  -3.8263259512569391E-059  -2.5932421089422344E-068  -7.2254017880772908E-077  -4.8143966292113707E-085  -4.5986111785809187E-093
   1.3249396548655651E+040   1.3067088769627586E+049   5.7529151682143620E+045   6.2799000881276123E+035   1.7618421709427624E+022   16236429.885836115        1.2477858690392642E-008   3.6705431912169095E-023   1.0786122630934711E-036   1.2778003962904754E-050  -4.2225294615824552E-059  -2.8885197874900392E-068  -8.1251866769900266E-077  -5.4664881481429136E-085  -5.2725174347493159E-093
   1.3548839084588858E+040   1.3430483781699634E+049   5.9542366158399717E+045   6.5534919040268016E+035   1.8550942433936121E+022   17238073.274993181        1.3336597158282328E-008   3.9503222671215407E-023   1.1698085710831332E-036   1.3975520954816575E-050  -4.6597564791357858E-059  -3.2174184768535071E-068  -9.1370218272209176E-077  -6.2069027801872092E-085  -6.0451816196348317E-093
   1.3851074449241616E+040   1.3801032257634967E+049   6.1617430019570130E+045   6.8384470364137862E+035   1.9531967971830054E+022   18301086.790805660        1.4254275785891995E-008   4.2514055135995032E-023   1.2687127546399612E-036   1.5285252097951407E-050  -5.1422548719954344E-059  -3.5837664141461437E-068  -1.0274860947201985E-076  -7.0476035504639259E-085  -6.9310762716292980E-093
   1.4156161542464969E+040   1.4178929038900358E+049   6.3756491435504517E+045   7.1352591093643654E+035   2.0564062050257671E+022   19429252.532382414        1.5234950086164798E-008   4.5754168247823370E-023   1.3759765271377271E-036   1.6717713878815522E-050  -5.6747123359892360E-059  -3.9918277275645083E-068  -1.1554395399951758E-076  -8.0021738260004983E-085  -7.9467948140289628E-093
   1.4464159848678457E+040   1.4564372877947749E+049   6.5961765043295334E+045   7.4444423050276249E+035   2.1649921843494172E+022   20626584.212512668        1.6282953852302319E-008   4.9241037360045700E-023   1.4923066822016936E-036   1.8284408222965430E-050  -6.2623019378362628E-059  -4.4463520689388624E-068  -1.2993270594624525E-076  -9.0860367847744303E-085  -9.1113623613092339E-093
   1.4775129448595648E+040   1.4957566542901373E+049   6.8235534240930689E+045   7.7665322544380756E+035   2.2792385017248322E+022   21897341.416809924        1.7402918301613074E-008   5.2993468485242390E-023   1.6184697509669592E-036   1.9997914849496848E-050  -6.9107323738281263E-059  -4.9526298975360828E-068  -1.4611329325264738E-076  -1.0316704610911779E-084  -1.0446592072640691E-092
   1.5089131031070589E+040   1.5358716924381570E+049   7.0580153552366400E+045   8.1020869655172815E+035   2.3994437139830139E+022   23246044.735546853        1.8599792532544693E-008   5.7031699717384092E-023   1.7552970529297692E-036   2.1871992279376938E-050  -7.6263034323354873E-059  -5.5165540585930806E-068  -1.6430885412524489E-076  -1.1714061442334173E-084  -1.1977493727391451E-092
   1.5406225905067420E+040   1.5768035144521589E+049   7.2998051066467819E+045   8.4516877898728793E+035   2.5259219479521508E+022   24677491.821852155        1.9878865385219883E-008   6.1377510375878901E-023   1.9036901736728452E-036   2.3921688308661891E-050  -8.4159671989822788E-059  -6.1446883733263756E-068  -1.8477031421993702E-076  -1.3300684642490764E-084  -1.3732742175514268E-092
   1.5726476011755606E+040   1.6185736668234923E+049   7.5491730952348965E+045   8.8159404300701802E+035   2.6590037208499239E+022   26196774.433222674        2.1245788801989491E-008   6.6054338460085678E-023   2.0646269055582480E-036   2.6163460833636671E-050  -9.2873955991219969E-059  -6.8443440387734376E-068  -2.0777984702724595E-076  -1.5102209587020388E-084  -1.5745214437213858E-092
   1.6049943936733213E+040   1.6612041416791883E+049   7.8063776053715077E+045   9.1954759891217296E+035   2.7990368034720789E+022   27809296.516788028        2.2706602791134826E-008   7.1087407047672287E-023   2.2391676905315851E-036   2.8615309998031458E-050  -1.0249054933819273E-058  -7.6236647267239167E-068  -2.3365476517985058E-076  -1.7147743859267394E-084  -1.8052605512137541E-092
   1.6376692922380547E+040   1.7047173883765329E+049   8.0716850564897817E+045   9.5909520640133584E+035   2.9463871284299331E+022   29520793.402463019        2.4267762103925486E-008   7.6503860318418406E-023   2.4284626074895570E-036   3.1296922723376039E-050  -1.1310288133484197E-058  -8.4917213722518411E-068  -2.6275189634537072E-076  -1.9470337546881920E-084  -2.0698134432614979E-092
   1.6706786880346737E+040   1.7491363253406800E+049   8.3453702791356147E+045   1.0003053885161631E+036   3.1014397458070083E+022   31337352.172048017        2.5936164742799194E-008   8.2332909936958098E-023   2.6337589502507840E-036   3.4229830782980418E-050  -1.2481405528286441E-058  -9.4586177551419861E-068  -2.9547250405001545E-076  -2.2107517238170296E-084  -2.3731353785804893E-092
   1.7040290404171649E+040   1.7944843521515460E+049   8.6277167997504348E+045   1.0432495503777233E+036   3.2645998287286922E+022   33265433.276503574        2.7719182426509994E-008   8.8605992583807970E-023   2.8564094460611029E-036   3.7437583688774531E-050  -1.3773785017219582E-058  -1.0535608103127387E-067  -3.3226782129355654E-076  -2.5101892346068973E-084  -2.7209077867649345E-092
   1.7377268782045672E+040   1.8407853618863737E+049   8.9190171344818868E+045   1.0880021029191838E+036   3.4362937314690317E+022   35311893.478046916        2.9624693146726244E-008   9.5356939484133323E-023   3.0978811687848082E-036   4.0945937779175695E-050  -1.5199982608997249E-058  -1.1735228085782959E-067  -3.7364527326675893E-076  -2.8501843556225233E-084  -3.1196446853590108E-092
   1.7717788009709951E+040   1.8880637537244784E+049   9.2195730923269882E+045   1.1346405918292711E+036   3.6169701028558000E+022   37484010.198411167        3.1661115959788234E-008   1.0262215884839157E-022   3.3597652055103583E-036   4.4783063026234330E-050  -1.6773854408728497E-058  -1.3071440723780529E-067  -4.2017547498544070E-076  -3.2362304522561063E-084  -3.5768146918687516E-092
   1.8061914803499540E+040   1.9363444458208362E+049   9.5296960879219723E+045   1.1832458319299514E+036   3.8071010578792532E+022   39789507.359588638        3.3837448167197611E-008   1.1044083220860708E-022   3.6437871402630930E-036   4.8979769222580803E-050  -1.8510691235519695E-058  -1.4559798911818113E-067  -4.7250010034178855E-076  -3.6745649440312078E-084  -4.1009809160819856E-092
   1.8409716613532186E+040   1.9856528884553064E+049   9.8497074643031339E+045   1.2339020472212121E+036   4.0071834105617802E+022   42236582.808666065        3.6163305048950708E-008   1.1885512570895200E-022   3.9518184239011628E-036   5.3569753364301232E-050  -2.0427367178863911E-058  -1.6217626446910903E-067  -5.3134073109079575E-076  -4.1722700837213662E-084  -4.7019613529743667E-092
   1.8761261637045254E+040   2.0360150774644449E+049   1.0179938825973224E+046   1.2866970168356314E+036   4.2177399713054560E+022   44833937.423969962        3.8648962325091502E-008   1.2791041748993388E-022   4.2858887051096751E-036   5.8589870216057622E-050  -2.2542503537099080E-058  -1.8064219669124731E-067  -5.9750880780344542E-076  -4.7373873865891477E-084  -5.3910127804693347E-092
   1.9116618831883556E+040   2.0874575679629929E+049   1.0520732382618790E+046   1.3417222271556912E+036   4.4393209121026918E+022   47590806.005694792        4.1305401532897601E-008   1.3765554239226169E-022   4.6481992037404549E-036   6.4080428230903382E-050  -2.4876649730658345E-058  -2.0121072061751160E-067  -6.7191682001488258E-076  -5.3790475585986381E-084  -6.1810416065816065E-092
   1.9475857930140647E+040   2.1400074883622965E+049   1.0872441303834779E+046   1.3990730303574452E+036   4.6725052031721659E+022   50516990.060506463        4.4144358519976483E-008   1.4814305529984162E-022   5.0411372146125253E-036   7.0085513200824569E-050  -2.7452482947751961E-058  -2.2412124425159714E-067  -7.5559088988488223E-076  -6.1076180228739018E-084  -7.0868456152538667E-092
   1.9839049451956406E+040   2.1936925546930598E+049   1.1235430085224217E+046   1.4588488096553153E+036   4.9179021247685088E+022   53622892.596320279        4.7178375267297040E-008   1.5942951454184774E-022   5.4672918373366714E-036   7.6653342236694045E-050  -3.0295028462112344E-058  -2.4964043536227551E-067  -8.4968492290508998E-076  -6.9348704280137350E-084  -8.1253911389496743E-092
   2.0206264719473614E+040   2.2485410852400077E+049   1.1610074926252585E+046   1.5211531515343960E+036   5.1761528581102783E+022   56919555.050570749        5.0420855270872708E-008   1.7157578688196342E-022   5.9294710358053799E-036   8.3836650919847898E-050  -3.3431902763270011E-058  -2.7806532536804534E-067  -9.5549652079779688E-076  -7.8741708447232318E-084  -9.3161308496325446E-092
   2.0577575870956271E+040   2.3045820154961783E+049   1.1996764120248674E+046   1.5860940252687576E+036   5.4479321595771049E+022   60418696.482845142        5.3886122726513059E-008   1.8464737573927472E-022   6.4307201397502069E-036   9.1693116733836849E-050  -3.6893581861459870E-058  -3.0972676663981780E-067  -1.0744848760524289E-075  -8.9406957238015703E-084  -1.0681368120570780E-091
   2.0953055875072498E+040   2.3618449134447654E+049   1.2395898456956381E+046   1.6537839700368735E+036   5.7339501225440283E+022   64132755.170769870        5.7589485778839105E-008   1.9871477441055355E-022   6.9743419102699682E-036   1.0028582217620759E-049  -4.0713697373837556E-058  -3.4499328346292216E-067  -1.2082908948736169E-075  -1.0151677104755928E-083  -1.2246674783710503E-091
   2.1332778545344911E+040   2.4203599951765752E+049   1.2807891638054816E+046   1.7243402899584577E+036   6.0349540314496228E+022   68074932.756547362        6.1547304113687696E-008   2.1385384619846136E-022   7.5639183015376776E-036   1.0968376126876933E-049  -4.4929363268590440E-058  -3.8427536148171542E-067  -1.3587598260455051E-075  -1.1526681036918642E-083  -1.4041370107494090E-091
   2.1716818554771221E+040   2.4801581408513605E+049   1.3233170706077707E+046   1.7978852573907455E+036   6.3517303129350158E+022   72259241.100571364        6.5777061192192110E-008   2.3014623349526712E-022   8.2033340620697448E-036   1.1996239353325845E-049  -4.9581536441379956E-058  -4.2803022555379061E-067  -1.5279667077746853E-075  -1.3087923711564529E-083  -1.6099069966701177E-091
   2.2105251450618101E+040   2.5412709110114635E+049   1.3672176487176836E+046   1.8745463248365426E+036   6.6851065891440099E+022   76700552.008131757        7.0297441445302752E-008   2.4767979802778666E-022   8.8968023310612510E-036   1.3120424988042410E-049  -5.4715414627244552E-058  -4.7676716162562069E-067  -1.7182449834353215E-075  -1.4860630412828184E-083  -1.8458316490632943E-091
   2.2498153669391200E+040   2.6037305632563991E+049   1.4125364048188754E+046   1.9544563458313241E+036   7.0359538385409962E+022   81414650.005390242        7.5128412769394577E-008   2.6654909463725221E-022   9.6488923984359553E-036   1.4349959527738367E-049  -6.0380875513819237E-058  -5.3105344457360751E-067  -1.9322186808406300E-075  -1.6873443087051251E-083  -2.1163299983373579E-091
   2.2895602551984294E+040   2.6675700692871917E+049   1.4593203168478739E+046   2.0377538051921967E+036   7.4051886698836164E+022   86418288.351602405        8.0291314686992929E-008   2.8685588114862390E-022   1.0464559811515693E-035   1.5694715351398224E-049  -6.6632961322012431E-058  -5.9152094100762870E-067  -2.1728385988074902E-075  -1.9158883115725668E-083  -2.4264686638180499E-091
   2.3297676359010586E+040   2.7328231323294732E+049   1.5076178827051401E+046   2.1245830590277972E+036   7.7937757152822451E+022   91729248.486015409        8.5808952561639842E-008   3.0870966707842496E-022   1.1349179026674914E-035   1.7165489988749798E-049  -7.3532413562012587E-058  -6.5887346389039981E-067  -2.4434230000433448E-075  -2.1753876769132133E-083  -2.7820567549649468E-091
   2.3704454286319226E+040   2.7995242049445667E+049   1.5574791705433083E+046   2.2150945849250893E+036   8.2027301485888372E+022   97366403.120028034        9.1705698282628786E-008   3.3222830413957651E-022   1.2308578821114158E-035   1.8774092817036660E-049  -8.1146263159967093E-058  -7.3389496457671388E-067  -2.7477033715287277E-075  -2.4700351830515267E-083  -3.1897546799288986E-091
   2.4116016480700149E+040   2.8677085072379629E+049   1.6089558706847712E+046   2.3094452427466851E+036   8.6331203356844850E+022   103349783.19810002        9.8007597863874722E-008   3.5753862172704875E-022   1.3349080698071702E-035   2.0533439882203375E-049  -8.9548481688620499E-058  -8.1745865762375860E-067  -3.0898758834517950E-075  -2.8045915030550487E-083  -3.6571988995075991E-091
   2.4532444055780330E+040   2.9374120454748248E+049   1.6621013492224503E+046   2.4077985464906934E+036   9.0860706235789232E+022   109700648.96458943        1.0474248643168498E-007   3.8477711081065134E-022   1.4477540538515313E-035   2.2457657605837070E-049  -9.8820700028844766E-058  -9.1053718458068990E-067  -3.4746592563367982E-075  -3.1844621237522589E-083  -4.1931449632243926E-091
   2.4953819108114637E+040   3.0086716311123685E+049   1.7169707033593488E+046   2.5103249476842735E+036   9.5627642755971017E+022   116441565.38822591        1.1194011110878749E-007   4.1409065992226298E-022   1.5701393773745930E-035   2.4562196210554542E-049  -1.0905300144410680E-057  -1.0142139350588152E-066  -3.9073598343802689E-075  -3.6157846831147293E-083  -4.8076315066917682E-091
   2.5380224733474490E+040   3.0815249002591805E+049   1.7736208185442881E+046   2.6172021308020718E+036   1.0064446560308871E+023   123596482.21134830        1.1963226233680221E-007   4.4563734720565370E-022   1.7028704376543075E-035   2.6863953774555692E-049  -1.2034479677286562E-057  -1.1296956568538948E-066  -4.3939447623854988E-075  -4.1055281371278890E-083  -5.5121682820397449E-091
   2.5811745043337581E+040   3.1560103335717712E+049   1.8321104274630894E+046   2.7286153212215566E+036   1.0592428002258576E+023   131190818.90739763        1.2785291421656084E-007   4.7958729279930270E-022   1.8468217993640663E-035   2.9381411911407753E-049  -1.3280579024169327E-057  -1.2583265018959602E-066  -4.9411242754380862E-075  -4.6616053584055840E-083  -6.3199517433446241E-091
   2.6248465181581935E+040   3.2321672765988808E+049   1.8925001709463882E+046   2.8447576062489901E+036   1.1148087802973217E+023   139251554.84752449        1.3663837448545384E-007   5.1612357614787722E-022   2.0029419569607547E-035   3.2134784164466295E-049  -1.4655704528232368E-057  -1.4016036715143384E-066  -5.5564442361340469E-075  -5.2930009858224142E-083  -7.2461122251170068E-091
   2.6690471341387613E+040   3.3100359605843111E+049   1.9548526608572614E+046   2.9658302697724400E+036   1.1732877441171688E+023   147807324.99559700        1.4602744479348817E-007   5.5544322318808815E-022   2.1722595841799225E-035   3.5146178307427340E-049  -1.6173216070740408E-057  -1.5611948431207658E-066  -6.2483901954902619E-075  -6.0099165908508909E-083  -8.3079973436668550E-091
   2.7137850782349480E+040   3.3896575237392831E+049   2.0192325450238984E+046   3.0920431411218564E+036   1.2348324461564828E+023   156888521.47045577        1.5606159198516045E-007   5.9775826873133194E-022   2.3558903118140550E-035   3.8439773854160018E-049  -1.7847856867189391E-057  -1.7389575811482439E-066  -7.0265044125836234E-075  -6.8239355060791179E-083  -9.5254969296418790E-091
   2.7590691847804397E+040   3.4710740329955645E+049   2.0857065742846686E+046   3.2236149587408424E+036   1.2996036462127504E+023   166527401.33501604        1.6678513114278950E-007   6.4329689977093268E-022   2.5550440784305793E-035   4.2042016203087679E-049  -1.9695896703024220E-057  -1.9369609581789992E-066  -7.9015174466718797E-075  -7.7482099790695878E-083  -1.0921415577941750E-090
   2.8049083982376328E+040   3.5543285062508974E+049   2.1543436717151334E+046   3.3607737493004450E+036   1.3677705290241452E+023   176758200.99384537        1.7824542119882191E-007   6.9230468587806352E-022   2.7710331024610890E-035   4.5981828974947095E-049  -2.1735290000517207E-057  -2.1575096379203348E-066  -8.8854961365099667E-075  -8.7976736754336016E-083  -1.2521899793115623E-090
   2.8513117749742835E+040   3.6394649351184830E+049   2.2252150041088131E+046   3.5037572229120449E+036   1.4395111458651895E+023   187617257.60421830        1.9049307398005591E-007   7.4504590331993291E-022   3.0052805281872202E-035   5.0290846248833710E-049  -2.3985850252479586E-057  -2.4031707003417838E-066  -9.9920100075622816E-075  -9.9892829645669978E-083  -1.4356927730959744E-090
   2.8982884850626526E+040   3.7265283081925563E+049   2.2983940557858582E+046   3.6528131851243212E+036   1.5150128792754047E+023   199143137.93045720        2.0358217760596214E-007   8.0180496003907803E-022   3.2593298025886124E-035   5.5003666561207913E-049  -2.6469442517487168E-057  -2.6768035212042806E-066  -1.1236318401939982E-074  -1.1342290886538598E-082  -1.6460870709499982E-090
   2.9458478141015005E+040   3.8155646348423734E+049   2.3739567048061847E+046   3.8081999664183682E+036   1.5944729321328421E+023   211376775.09769261        2.1757053522658104E-007   8.6288792917635328E-022   3.5348548448337267E-035   6.0158130707275911E-049  -2.9210195846774580E-057  -2.9815930537635686E-066  -1.2635580911667833E-074  -1.2878558226657178E-082  -1.8873137006831944E-090
   2.9939991650613020E+040   3.9066209695471936E+049   2.4519813016661415E+046   3.9701868699453731E+036   1.6780988423478488E+023   224361613.72911277        2.3251992015312076E-007   9.2862419940535738E-022   3.8336710754166209E-035   6.5795625575272433E-049  -3.2234737706594879E-057  -3.3210869000295752E-066  -1.4209094017248086E-074  -1.4622906723796938E-082  -2.1638910004578116E-090
   3.0427520601530384E+040   3.9997454367851405E+049   2.5325487505603382E+046   4.1390546382828554E+036   1.7661090245191965E+023   238143763.98041892        2.4849634850666564E-007   9.9936825097576789E-022   4.1577473776066226E-035   7.1961416453195339E-049  -3.5572452673533792E-057  -3.6992366030718849E-066  -1.5978557194871221E-074  -1.6603520119322954E-082  -2.4809994502876908E-090
   3.0921161427209532E+040   4.0949872564891063E+049   2.6157425932929400E+046   4.3150959400184703E+036   1.8587333399649624E+023   252772165.01666424        2.6557037058765333E-007   1.0755015670407412E-021   4.5092190700203723E-035   7.8705010476152012E-049  -3.9255767916087278E-057  -4.1204436409921727E-066  -1.7968372162008833E-074  -1.8852399526425647E-082  -2.8445787058941968E-090
   3.1421011791596396E+040   4.1923967700831763E+049   2.7016490959254695E+046   4.4986158770047117E+036   1.9562136966145074E+023   268298758.51004186        2.8381738225132838E-007   1.1574346905728324E-021   4.8904019757875119E-035   8.6080554132510802E-049  -4.3320468236047456E-057  -4.5896106579093568E-066  -2.0205979388116302E-074  -2.1405880477336112E-082  -3.2614388524272993E-090
   3.1927170608558406E+040   4.2920254671133520E+049   2.7903573382510080E+046   4.6899325131636970E+036   2.0588046803257138E+023   284778672.77261806        3.0331795766259152E-007   1.2456094379577415E-021   5.3038076810062112E-035   9.4147268020514636E-049  -4.7806043730424664E-057  -5.1121985282592157E-066  -2.2722236511074838E-074  -2.4305220002432679E-082  -3.7393879619072600E-090
   3.2439738061553579E+040   4.3939260124866698E+049   2.8819593061876106E+046   4.8893774257585392E+036   2.1667742192735456E+023   302270418.17560673        3.2415820489793434E-007   1.3405012811998159E-021   5.7521600830203302E-035   1.0296992234610326E-048  -5.2756073451551310E-057  -5.6942899186068955E-066  -2.5551843877900576E-074  -2.7597263226764419E-082  -4.2873783436217505E-090
   3.2958815623554551E+040   4.4981522743331188E+049   2.9765499871867942E+046   5.0972962800867926E+036   2.2804042831421568E+023   320836094.54668218        3.4643014596288393E-007   1.4426219115821889E-021   6.2384133375480068E-035   1.1261935697980846E-048  -5.8218648792746363E-057  -6.3426600867982537E-066  -2.8733823078111964E-074  -3.1335200254291629E-082  -4.9156742268444313E-090
   3.3484506077231483E+040   4.6047593525051263E+049   3.0742274687560650E+046   5.3140494285920167E+036   2.3999916189434880E+023   340541611.27917022        3.7023212290103042E-007   1.5525219986026153E-021   6.7657713229077198E-035   1.2317305024835808E-048  -6.4246840712864815E-057  -7.0648557425146751E-066  -3.2312055068938201E-074  -3.5579425568934966E-082  -5.6360440166823704E-090
   3.4016913535398034E+040   4.7138036077296809E+049   3.1750930401976969E+046   5.5400125354318336E+036   2.5258485253807145E+023   361456920.93189311        3.9566923178575103E-007   1.6707941590587466E-021   7.3377087495832534E-035   1.3471574102792214E-048  -7.0899215338963645E-057  -7.8692828871264104E-066  -3.6335885313347970E-074  -4.0398513837903264E-082  -6.4619807241303536E-090
   3.4556143461724256E+040   4.8253426914285166E+049   3.2792512976693167E+046   5.7755772275849805E+036   2.6583036677753522E+023   383656267.14612728        4.2285378650866862E-007   1.7980761522894355E-021   7.9579940542091903E-035   1.4734010913390176E-048  -7.8240402956323704E-057  -8.7653046552535685E-066  -4.0860804276013139E-074  -4.5870327883498215E-082  -7.4089546991313230E-090
   3.5102302691720747E+040   4.9394355762221678E+049   3.3868102526752690E+046   6.0211517736258423E+036   2.7977029356825135E+023   407218447.75673747        4.5190581441025340E-007   1.9350543187978069E-021   8.6307142288151220E-035   1.6114751947023140E-048  -8.6341725913739874E-057  -9.7633502968583637E-066  -4.5949212661539399E-074  -5.2083276725058579E-082  -8.4947034004984320E-090
   3.5655499453998105E+040   5.0561425871340273E+049   3.4978814441013391E+046   6.2771617913429401E+036   2.9444103454300363E+023   432227094.02824926        4.8295358593835607E-007   2.0824672807937963E-021   9.3603017489170971E-035   1.7624883591309927E-048  -9.5281891544370684E-057  -1.0875036568361859E-065  -5.1671281947927645E-074  -5.9137744017410565E-082  -9.7395636302785731E-090
   3.6215843391806011E+040   5.1755254335109133E+049   3.6125800539090363E+046   6.5440509854277565E+036   3.0988089899342508E+023   458770967.00360793        5.1613418067046895E-007   2.2411099246057835E-021   1.0151563777872888E-034   1.9276531146389749E-048  -1.0514775683408277E-056  -1.2113302945712715E-065  -5.8105922082390836E-074  -6.7147709965310802E-082  -1.1166852455523717E-089
   3.6783445584856160E+040   5.2976472416770550E+049   3.7310250266094870E+046   6.8222819165125113E+036   3.2613020382683164E+023   486944272.01384443        5.5159409219582491E-007   2.4118376864303680E-021   1.1009713839914632E-034   2.1082956181858728E-048  -1.1603517226627300E-056  -1.3492562233215319E-065  -6.5341869684464674E-074  -7.6242592919386260E-082  -1.2803303952382913E-089
   3.7358418571433496E+040   5.4225725883387986E+049   3.8533391926408671E+046   7.1123368028897126E+036   3.4323137875886877E+023   516846992.46104556        5.8948987452474246E-007   2.5955711645245013E-021   1.1940406170537025E-034   2.3058663017042640E-048  -1.2804991304137144E-056  -1.5028868321122838E-065  -7.3478911763196464E-074  -8.6569340408499212E-082  -1.4679569953015906E-089
   3.7940876370800037E+040   5.5503675347576883E+049   3.9796493957773903E+046   7.4147183563030466E+036   3.6122907701616700E+023   548585244.05511844        6.2998883287569044E-007   2.7933010827038797E-021   1.2949772970558686E-034   2.5219515179552890E-048  -1.4130870671809842E-056  -1.6740103044602793E-065  -8.2629261823991427E-074  -9.8294803393642965E-082  -1.6830794174643294E-089
   3.8530934505895869E+040   5.6810996617100287E+049   4.1100866247020133E+046   7.7299506532581807E+036   3.8017029183755507E+023   582271650.75711381        6.7326976188616362E-007   3.0060936319052082E-021   1.4044464809304868E-034   2.7582862777189239E-048  -1.5594036726031141E-056  -1.8646184319012236E-065  -9.2919107342212648E-074  -1.1160843210452215E-081  -1.9297270484542754E-089
   3.9128710026341803E+040   5.8148381052514360E+049   4.2447861488793791E+046   8.0585800433635876E+036   4.0010447907748695E+023   618025743.75855589        7.1952373450250269E-007   3.2350962186078778E-021   1.5231694443107146E-034   3.0167681805877568E-048  -1.7208704650703734E-056  -2.0769297974063771E-065  -1.0449034994384861E-073  -1.2672533701582492E-081  -2.2125197630721119E-089
   3.9734321531748257E+040   5.9516535933053089E+049   4.3838876588699544E+046   8.4011760962757191E+036   4.2108368623123248E+023   655974384.90760815        7.6895494502717812E-007   3.4815436511037410E-021   1.6519284337817134E-034   3.2994726512166246E-048  -1.8990561522408192E-056  -2.3134155985305701E-065  -1.1750256229107213E-073  -1.4388976441980439E-081  -2.5367544574855922E-089
   4.0347889195335024E+040   6.0916184830946005E+049   4.5275354112309288E+046   8.7583325888897484E+036   4.4316268821811083E+023   696252216.07926333        8.2178161004077024E-007   3.7467647969638277E-021   1.7915718208434509E-034   3.6086696033621161E-048  -2.0956918715452827E-056  -2.5768284108589406E-065  -1.3213518865896351E-073  -1.6337904275047266E-081  -2.9085042635751207E-089
   4.0969534787866674E+040   6.2348067994366878E+049   4.6758783781542148E+046   9.1306685344868255E+036   4.6639913027664809E+023   739002136.07838893        8.7823693117096496E-007   4.0321897475907737E-021   1.9430196915415804E-034   3.9468416655097915E-048  -2.3126880087470769E-056  -2.8702342265431153E-065  -1.4859001955027152E-073  -1.8550806342070508E-081  -3.3347323026794526E-089
   4.1599381701908374E+040   6.3812942739216292E+049   4.8290704019967891E+046   9.5188292556215661E+036   4.9085367834406399E+023   784375806.76170588        9.3857012395347846E-007   4.3393575284790540E-021   2.1072699085933478E-034   4.3167041144250988E-048  -2.5521527579534612E-056  -3.1970481408377655E-065  -1.6709397447418162E-073  -2.1063436856974494E-081  -3.8234221094223886E-089
   4.2237554976406844E+040   6.5311583849945620E+049   4.9872703548637031E+046   9.9234875026092046E+036   5.1659017731198756E+023   832534190.16797769        1.0030475173211164E-006   4.6699243967466561E-021   2.2854046859484465E-034   4.7212266766770014E-048  -2.8164126033945465E-056  -3.5610741020091060E-065  -1.8790223126476713E-073  -2.3916392792452700E-081  -4.3837271685426174E-089
   4.2884181321601557E+040   6.6844783989634279E+049   5.1506423034093231E+046   1.0345344619550965E+037   5.4367581757081552E+023   883648118.55519676        1.0719537285684516E-006   5.0256727706673404E-021   2.4785977191007748E-034   5.1636573731814625E-048  -3.1080349219557877E-056  -3.9665491872822568E-065  -2.1130174509372159E-073  -2.7155769811233600E-081  -5.0261423656474908E-089
   4.3539389144270940E+040   6.8413354119537785E+049   5.3193556790277865E+046   1.0785131759918530E+037   5.7218131027670978E+023   937898899.35976291        1.1455929189722374E-006   5.4085208393392543E-021   2.6881219181285393E-034   5.6475485982154270E-048  -3.4298529260538400E-056  -4.4181929201748735E-065  -2.3761520570601103E-073  -3.0833907040447773E-081  -5.7627005632732425E-089
   4.4203308573318799E+040   7.0018123928328461E+049   5.4935854536092352E+046   1.1243611153804398E+037   6.0218107179795484E+023   995478957.21596670        1.2242901356031268E-006   5.8205329042917046E-021   2.9153577944110508E-034   6.1767856422927203E-048  -3.7849931891825941E-056  -4.9212622032433303E-065  -2.6720548745035436E-073  -3.5010232722513048E-081  -6.6071979842470244E-089
   4.4876071485705947E+040   7.1659942271256270E+049   5.6735123210441886E+046   1.1721577429034454E+037   6.3375341782129267E+023   1056592515.3049487        1.3083927452441101E-006   6.2639305087771542E-021   3.1618025562771725E-034   6.7556178879151076E-048  -4.1769060215474442E-056  -5.4816125056278796E-065  -3.0048065347227753E-073  -3.9752224405828276E-081  -7.5754526239251057E-089
   4.5557811532732285E+040   7.3339677619462085E+049   5.8593228846643473E+046   1.2219858988432434E+037   6.6698076762401476E+023   1121456318.4411733        1.3982719667369752E-006   6.7411044147411830E-021   3.4290799735109935E-034   7.3886929286725137E-048  -4.6093989908951581E-056  -6.1057660175854871E-065  -3.3789958307960961E-073  -4.5136499189199958E-081  -8.6856005315332413E-089
   4.6248664166674555E+040   7.5058218519681569E+049   6.0512098508143196E+046   1.2739319445623275E+037   7.0194985904406046E+023   1190300400.4518061        1.4943245085118444E-006   7.2546274920322030E-021   3.7189510757056991E-034   8.0810938856380291E-048  -5.0866739142030280E-056  -6.8009875652907389E-065  -3.7997829988408208E-073  -5.1250051635219120E-081  -9.9584355101473300E-089
   4.6948766667785043E+040   7.6816474064582729E+049   6.2493722287550794E+046   1.3280859121863737E+037   7.3875197470822758E+023   1263368898.5607557        1.5969743185183331E-006   7.8072685893296996E-021   4.0333257549502180E-034   8.8383802206745994E-048  -5.6133676796111939E-056  -7.5753691695102009E-065  -4.2729708798667378E-073  -5.8191659353710541E-081  -1.1417798598110874E-088
   4.7658258171656703E+040   7.8615374373986652E+049   6.4540155371065838E+046   1.3845416606494566E+037   7.7748318010791788E+023   1340920917.6550741        1.7066744542721743E-006   8.4020074615612177E-021   4.3742753492911300E-034   9.6666323743471051E-048  -6.1945972951937215E-056  -8.4379242323652923E-065  -4.8050849434177297E-073  -6.6073478965440915E-081  -1.3091024627123284E-088
   4.8377279696960114E+040   8.0455871087225768E+049   6.6653520170437065E+046   1.4433970383718619E+037   8.1824457414268681E+023   1423231447.4874835        1.8239090812604161E-006   9.0420508342727365E-021   4.7440462898738785E-034   1.0572500586841452E-047  -6.8360096022287351E-056  -9.3986924484640309E-065  -5.4034632765598401E-073  -7.5022858232268106E-081  -1.5009454221314768E-088
   4.9105974173557836E+040   8.2338937866900735E+049   6.8836008524667214E+046   1.5047540528524338E+037   8.6114255278432992E+023   1510592336.0556512        1.9491956085138814E-006   9.7308496915451345E-021   5.1450749016750415E-034   1.1563258293877702E-047  -7.5438361359445332E-056  -1.0468856661507357E-064  -6.0763577792000372E-073  -8.5184393632538970E-081  -1.7209020827374154E-088
   4.9844486471001711E+040   8.4265570914302348E+049   7.1089883973747124E+046   1.5687190474693793E+037   9.0628908654840013E+023   1603313322.5970986        2.0830869707599541E-006   1.0472117880644255E-020   5.5800034553374832E-034   1.2646860526337066E-047  -8.3249536667275262E-056  -1.1660873026514000E-064  -6.8330479612595775E-073  -9.6722266626229466E-081  -1.9730923771174204E-088
   5.0592963427418876E+040   8.6236789496771697E+049   7.3417484106778694E+046   1.6354028857959504E+037   9.5380201249599285E+023   1701723133.8490300        2.2261740672145746E-006   1.1269852133688945E-020   6.0516975758626464E-034   1.3832007782497438E-047  -9.1869510099647002E-056  -1.2988615992677420E-064  -7.6839689110103063E-073  -1.0982289635714141E-080  -2.2622399947668955E-088
   5.1351553878792200E+040   8.8253636487277695E+049   7.5821222986922591E+046   1.7049211437504336E+037   1.0038053415264734E+024   1806170647.4456329        2.3790883677624737E-006   1.2128353614259025E-020   6.5632651228534530E-034   1.5128215885711775E-047  -1.0138202753594502E-055  -1.4467539794371675E-064  -8.6408551993079981E-073  -1.2469795165217721E-080  -2.5937608598299796E-088
   5.2120408688641096E+040   9.0317178916497687E+049   7.8303593655686681E+046   1.7773943099134672E+037   1.0564295817616202E+024   1917026126.5622997        2.5425046980121245E-006   1.3052251105084063E-020   7.1180766666960335E-034   1.6545892388420760E-047  -1.1187950619647008E-055  -1.6114858329968047E-064  -9.7169027042189719E-073  -1.4158777098291631E-080  -2.9738645748346043E-088
   5.2899680778108378E+040   9.2428508537693450E+049   8.0867170719153619E+046   1.8529479943598575E+037   1.1118120788635483E+024   2034682530.1676357        2.7171442154999652E-006   1.4046525961798879E-020   7.7197876955827349E-034   1.8096420135951709E-047  -1.2346393250220040E-055  -1.7949745522147387E-064  -1.0926950587665227E-072  -1.6076524564620511E-080  -3.4096707305266753E-088
   5.3689525156459551E+040   9.4588742404681843E+049   8.3514613018830635E+046   1.9317131463668044E+037   1.1700973741728649E+024   2159556903.5108709        2.9037775901605380E-006   1.5116538967270211E-020   8.3723626996818347E-034   1.9792248661041535E-047  -1.3624785290182992E-055  -1.9993558491785461E-064  -1.2287685933617295E-072  -1.8254022890475062E-080  -3.9093422603592281E-088
   5.4490098952000218E+040   9.6799023463206130E+049   8.6248666389892787E+046   2.0138262813758605E+037   1.2314375815998868E+024   2292091853.7553744        3.1032284030790481E-006   1.6268059231242323E-020   9.0801012911262141E-034   2.1646994142894338E-047  -1.5035546729219767E-055  -2.2270086143024682E-064  -1.3817873869875338E-072  -2.0726454232669684E-080  -4.4822383374492750E-088
   5.5301561443418176E+040   9.9060521156021039E+049   8.9072166509681440E+046   2.0994297176019550E+037   1.2959927842505698E+024   2432757115.9693546        3.3163767785044708E-006   1.7507295291072880E-020   9.8476665319053426E-034   2.3675548733348651E-047  -1.6592383565493644E-055  -2.4805826052916595E-064  -1.5538616346907158E-072  -2.3533766021216614E-080  -5.1390896778574872E-088
   5.6124074091556026E+040   1.0137443204201205E+050   9.1988041839413224E+046   2.1886718226995432E+037   1.3639314518201633E+024   2582051215.0035739        3.5441632651288218E-006   1.8840928581193206E-020   1.0680115656290781E-033   2.5894200127937679E-047  -1.8310420963208736E-055  -2.7630292888467222E-064  -1.7473643142403336E-072  -2.6721316395066687E-080  -5.8921995337299422E-088
   5.6957800571621144E+040   1.0374198042967689E+050   9.4999316662151928E+046   2.2817072709133765E+037   1.4354308798416569E+024   2740503229.1241312        3.7875929837362711E-006   2.0276149451693389E-020   1.1582933390200677E-033   2.8320762341881694E-047  -2.0206350197723199E-055  -3.0776361940877321E-064  -1.9649639104614326E-072  -3.0340607059311338E-080  -6.7556741410280260E-088
   5.7802906805838927E+040   1.0616441902530445E+050   9.8109114220194800E+046   2.3786973111595425E+037   1.5106776519329686E+024   2908674661.6272831        4.0477400594990658E-006   2.1820695930171204E-020   1.2562068087017497E-033   3.0974718741015856E-047  -2.2298590815818112E-055  -3.4280651775512002E-064  -2.2096612147280383E-072  -3.4450115404697593E-080  -7.7456869382748770E-088
   5.8659560996556258E+040   1.0864302959619468E+050   1.0132065995512911E+047   2.4798100465013811E+037   1.5898681262466766E+024   3087161427.0440974        4.3257523584510572E-006   2.3482895435768268E-020   1.3623970917928023E-033   3.3877378476050768E-047  -2.4607469586543803E-055  -3.8183950451417258E-064  -2.4848307070944717E-072  -3.9116239334097990E-080  -8.8807815052984617E-088
   5.9527933659801530E+040   1.1117912364927025E+050   1.0463728485391993E+047   2.5852207255046176E+037   1.6732089473890878E+024   3276595958.9468923        4.6228565490093750E-006   2.5271709670227662E-020   1.4775638374977972E-033   3.7052047576177992E-047  -2.7155417981188987E-055  -4.2531690271323411E-064  -2.7942670917402750E-072  -4.4414370061594082E-080  -1.0182218896200319E-087
   6.0408197659308053E+040   1.1377404312543996E+050   1.0806242890450140E+047   2.6951120459766414E+037   1.7609175851417106E+024   3477649446.7981853        4.9403635108465020E-006   2.7196782927929005E-020   1.6024658366857614E-033   4.0524216075731724E-047  -2.9967190100931800E-055  -4.7374476587940283E-064  -3.1422376274700982E-072  -5.0430110217497077E-080  -1.1674375872309708E-087
   6.1300528241007602E+040   1.1642916111008101E+050   1.1159964466445672E+047   2.8096744716163274E+037   1.8532229013879547E+024   3691034209.7379732        5.2796741149448148E-006   2.9268494085283160E-020   1.7379260211103665E-033   4.4321762676345822E-047  -3.3070103169384374E-055  -5.2768676821530367E-064  -3.5335409749257892E-072  -5.7260656940350039E-080  -1.3385201494270265E-087
   6.2205103068001019E+040   1.1914588256001679E+050   1.1525260094648907E+047   2.9291065621231619E+037   1.9503657467212679E+024   3917506215.6879396        5.6422854003004669E-006   3.1498012549697717E-020   1.8848368852072175E-033   4.8475178587837141E-047  -3.6494302926464472E-055  -5.8777076544567679E-064  -3.9735733720357356E-072  -6.5016372302664764E-080  -1.5346740625507889E-087
   6.3122102256012851E+040   1.2192564504737511E+050   1.1902508662450793E+047   3.0536153173377505E+037   2.0525995882881580E+024   4157867754.6636062        6.0297971744903537E-006   3.3897358469663343E-020   2.0441663661876277E-033   5.3017812345030270E-047  -4.0273056501948200E-055  -6.5469610269908823E-064  -4.4684030502854991E-072  -7.3822566443913595E-080  -1.7595734152618874E-087
   6.4051708409336974E+040   1.2476991952072041E+050   1.2292101456427956E+047   3.1834165360101239E+037   2.1601911705008178E+024   4412970275.7290335        6.4439190671825729E-006   3.6479467530475266E-020   2.2169642211674899E-033   5.7986137566152633E-047  -4.4443075614027117E-055  -7.2924175448404186E-064  -5.0248539180376211E-072  -8.3821522221024700E-080  -2.0174307165171014E-087
   6.4994106657280749E+040   1.2768021108386387E+050   1.2694442568271957E+047   3.3187351898175820E+037   2.2734212103395996E+024   4683717397.6056480        6.8864780676654979E-006   3.9258260684816618E-020   2.4043689433442884E-033   6.3420045802625035E-047  -4.9044873232805403E-055  -8.1227539150382424E-064  -5.6505996649243597E-072  -9.5174794088847527E-080  -2.3130757984942627E-087
   6.5949484691114436E+040   1.3065805979276305E+050   1.3109949314003991E+047   3.4598058132802438E+037   2.3925851290555736E+024   4971068103.5588226        7.3594265796020559E-006   4.2248719194024737E-020   2.6076152627864799E-033   6.9363166831528606E-047  -5.4123157173789612E-055  -9.0476347984222451E-064  -6.3542695850473287E-072  -1.0806581835380970E-079  -2.6520462823594449E-087
   6.6918032801533781E+040   1.3370504147093349E+050   1.3539052666909944E+047   3.6068729102500427E+037   2.5179938221781043E+024   5276040131.8354559        7.8648510284934252E-006   4.5466965384481516E-020   2.8280422812508465E-033   7.5863218962363834E-047  -5.9727264445203864E-055  -1.0077825300684037E-063  -7.1455675783244629E-072  -1.2270287697486752E-079  -3.0406913013558102E-087
   6.7899943916642945E+040   1.3682276854380406E+050   1.3982197704644994E+047   3.7601913776775916E+037   2.6499744698320468E+024   5599713573.6149797        8.4049810597702189E-006   4.8930349554367127E-020   3.0671022946203046E-033   8.2972392170698110E-047  -6.5911640568892626E-055  -1.1225316271935128E-063  -8.0354059710558828E-072  -1.3932246279814192E-079  -3.4862904240099865E-087
   6.8895413640465444E+040   1.4001289089245784E+050   1.4439844070971673E+047   3.9200269473913007E+037   2.7888713894740101E+024   5943234691.1675920        8.9821993680298956E-006   5.2657543499161089E-020   3.3263703610846009E-033   9.0747767134861761E-047  -7.2736368531497805E-055  -1.2503463873199370E-063  -9.0360560011423505E-072  -1.5819310059762498E-079  -3.9971900049589641E-087
   6.9904640291990711E+040   1.4327709672721083E+050   1.4912466452610479E+047   4.0866566466543529E+037   2.9350469332674955E+024   6307819969.6895428        9.5990522007182411E-006   5.6668641159942308E-020   3.6075546780991656E-033   9.9251773540113092E-047  -8.0267752504761832E-055  -1.3927145034298237E-063  -1.0161317043201267E-071  -1.7961968565883280E-079  -4.5829595173300809E-087
   7.0927824944764327E+040   1.4661711348149095E+050   1.5400555071697762E+047   4.2603692782976474E+037   3.0888824324328347E+024   6694760417.1087284        1.0258260582522307E-005   6.0985266936923446E-020   3.9125078364854755E-033   1.0855269132996654E-046  -8.8578962005897323E-055  -1.5512930612560908E-063  -1.1426706907254603E-071  -2.0394841000425716E-079  -5.2545707948728423E-087
   7.1965171467029477E+040   1.5003470872649084E+050   1.5904616194361870E+047   4.4414659212607758E+037   3.2507791910300295E+024   7105426127.0276213        1.0962732309915461E-005   6.5630692251962174E-020   4.2432390258147072E-033   1.1872519892919390E-046  -9.7750742756147170E-055  -1.7279278267817153E-063  -1.2849675835274838E-071  -2.3157235585403593E-079  -6.0246035411543277E-087
   7.3016886562427971E+040   1.5353169110707897E+050   1.6425172655945206E+047   4.6302604524084374E+037   3.4211595317611922E+024   7541271120.8976774        1.1715574768685997E-005   7.0629960988243085E-020   4.6019272714833434E-033   1.2985097284013752E-046  -1.0787220114363946E-054  -1.9246747298615521E-063  -1.4449847146676299E-071  -2.6293784669582417E-079  -6.9074809551273137E-087
   7.4083179811268816E+040   1.5710991129946447E+050   1.6962764403417185E+047   4.8270800905265848E+037   3.6004678965145726E+024   8003838486.5031261        1.2520108630904031E-005   7.6010024483161323E-020   4.9909357906859045E-033   1.4201934342644241E-046  -1.1904166991171648E-054  -2.1438237940223405E-063  -1.6249287851337002E-071  -2.9855165857858712E-079  -7.9197398864773381E-087
   7.5164263712372487E+040   1.6077126299112305E+050   1.7517949055540819E+047   5.0322659634409874E+037   3.7891720045145282E+024   8494765830.8759251        1.3379882491653140E-005   8.1799886801918332E-020   5.4128275618610337E-033   1.5532801214943315E-046  -1.3136766348303112E-054  -2.3879257909684530E-063  -1.8272812961998255E-071  -3.3898920814372413E-079  -9.0803405809176451E-087
   7.6260353725499410E+040   1.6451768388350289E+050   1.8091302481374200E+047   5.2461736992410136E+037   3.9877640710916322E+024   9015791066.8712807        1.4298688509990385E-005   8.8030761074738606E-020   5.8703822101812010E-033   1.6988383601575418E-046  -1.4496993220052544E-054  -2.6598219300346794E-063  -2.0548327702614546E-071  -3.8490384968813546E-079  -1.0411021817143429E-086
   7.7371668314371128E+040   1.6835115671804185E+050   1.8683419397707071E+047   5.4691740426331520E+037   4.1967620902447470E+024   9568758553.8084164        1.5280579123019223E-005   9.4736237740234491E-020   6.3666143203259955E-033   1.8580368553451929E-046  -1.5998062572739400E-054  -2.9626769281520851E-063  -2.3107212331823637E-071  -4.3703743147253270E-079  -1.1936708087368616E-086
   7.8498428990292674E+040   1.7227371032603878E+050   1.9294913986052368E+047   5.7016534974923836E+037   4.4167111843327838E+024   10155625613.828337        1.6329884906683651E-005   1.0195246560160250E-019   6.9047932971815342E-033   2.0321538307240900E-046  -1.7654557690862417E-054  -3.3000158452398860E-063  -2.5984754888382956E-071  -4.9623228183398618E-079  -1.3685976448174436E-086
   7.9640860356384804E+040   1.7628742070293553E+050   1.9926420529832936E+047   5.9440149967248598E+037   4.6481850244084489E+024   10778469446.943604        1.7451233661939857E-005   1.0971834667137684E-019   7.4884649053057442E-033   2.2225872914065415E-046  -1.9482571856700206E-054  -3.6757651137632509E-063  -2.9220637826277373E-071  -5.6344481876312157E-079  -1.5691591786057946E-086
   8.0799190152435134E+040   1.8039441210757850E+050   2.0578594072424466E+047   6.1966786006027085E+037   4.8917873248899559E+024   11439494469.159138        1.8649570810355397E-005   1.1807574585476461E-019   8.1214746290584130E-033   2.4308662485383062E-046  -2.1499864699794185E-054  -4.0942982400142123E-063  -3.2859485250359060E-071  -6.3976100283677402E-079  -1.7991120523514810E-086
   8.1973649300376938E+040   1.8459685818704141E+050   2.1252111096737531E+047   6.4600822247810822E+037   5.1481534164599785E+024   12141040099.532907        1.9930181188949638E-005   1.2706971660154390E-019   8.8079930072888488E-033   2.6586629957253296E-046  -2.3726034735268832E-054  -4.5604867090484801E-063  -3.6951478299080210E-071  -7.2641388318008819E-079  -2.0627634260726105E-086
   8.3164471950404806E+040   1.8889698312760606E+050   2.1947670227043703E+047   6.7346823992590380E+037   5.4179519012845253E+024   12885589023.626156        2.1298712340248015E-005   1.3674874374254968E-019   9.5525431094816226E-033   2.9078065358649128E-046  -2.6182709767219999E-054  -5.0797566857779396E-063  -4.1553047160648903E-071  -8.2480351994921808E-079  -2.3650516532463408E-086
   8.4371895527736299E+040   1.9329706283250953E+050   2.2665992953774052E+047   7.0209550595994127E+037   5.7018863948584343E+024   13675775962.470123        2.2761199400103560E-005   1.4716500481936935E-019   1.0360030334367932E-032   3.1802972661832993E-046  -2.8893757006962574E-054  -5.6581521721818500E-063  -4.6727649265736688E-071  -9.3651960522331989E-079  -2.7116387791232342E-086
   8.5596160780029001E+040   1.9779942612708219E+050   2.3407824382042002E+047   7.3193963717787613E+037   6.0006973590094163E+024   14514396977.955954        2.4324091692871421E-005   1.5837465131551454E-019   1.1235774727309691E-032   3.4783230393834956E-046  -3.1885514947459888E-054  -6.3024053557444694E-063  -5.2546644388267205E-071  -1.0633671477928363E-078  -3.1090165942117998E-086
   8.6837511825462520E+040   2.0240645599191506E+050   2.4173934004667174E+047   7.6305235920967264E+037   6.3151640308295697E+024   15404419347.442963        2.5994281151036191E-005   1.7043811130457029E-019   1.2185546029355916E-032   3.8042767298555689E-046  -3.5187049246619936E-054  -7.0200149679276762E-063  -5.9090278722206515E-071  -1.2073956368345509E-078  -3.5646282293754593E-086
   8.8096196201494778E+040   2.0712059082470877E+050   2.4965116500502328E+047   7.9548759636348978E+037   6.6461064525526365E+024   16348992042.384109        2.7779132684421277E-005   1.8342041514622072E-019   1.3215601688866186E-032   4.1607754459854456E-046  -3.8830435105391134E-054  -7.8193335647183398E-063  -6.6448791505087482E-071  -1.3709321556723802E-078  -4.0870075700871649E-086
   8.9372464914302640E+040   2.1194432573147309E+050   2.5782192558891716E+047   8.2930156508185981E+037   6.9943876076577380E+024   17351456847.893646        2.9686516632689252E-005   1.9739154598523391E-019   1.4332728086111840E-032   4.5506815428142949E-046  -4.2851068883988588E-054  -8.7096647451367824E-063  -7.4723659448955670E-071  -1.5566189806445239E-078  -4.6859391011495418E-086
   9.0666572488916600E+040   2.1688021384776092E+050   2.6626009731116221E+047   8.6455287137009965E+037   7.3609156687563986E+024   18415360162.437794        3.1724843444009883E-005   2.1242681694212959E-019   1.5544285242431226E-032   4.9771256037550975E-046  -4.7288011983631658E-054  -9.7013714392635175E-063  -8.4028996139828753E-071  -1.7674562725635892E-078  -5.3726411758622734E-086
   9.1978777020059468E+040   2.2193086769063625E+050   2.7497443309708788E+047   9.0130261236578478E+037   7.7466463631102553E+024   19544465519.222923        3.3903100732568910E-005   2.2860727702806741E-019   1.6858255308469774E-032   5.4435315758820200E-046  -5.2184370334634504E-054  -1.0805996526182663E-062  -9.4493125703821849E-071  -2.0068505505374511E-078  -6.1599761423711234E-086
   9.3309340223699412E+040   2.2709896054209196E+050   2.8397397236552490E+047   9.3961448222528104E+037   8.1525854619326040E+024   20742766873.395454        3.6230892878058399E-005   2.4602014797125899E-019   1.8283295150930353E-032   5.9536442605985570E-046  -5.7587713177608170E-054  -1.2036397185751865E-062  -1.0626035244127777E-070  -2.2786697313443446E-078  -7.0626912629826385E-086
   9.4658527489327584E+040   2.3238722786465050E+050   2.9326805040703390E+047   9.7955488251081707E+037   8.5797913999486377E+024   22014502701.862507        3.8718483341474711E-005   2.6475929430875433E-019   1.9828793384258080E-032   6.5115593804010814E-046  -6.3550535206266702E-054  -1.3406894547960265E-062  -1.1949295083269557E-070  -2.5873056236354745E-078  -8.0976949389974614E-086
   9.6026607932970620E+040   2.3779846874989720E+050   3.0286630806911343E+047   1.0211930372693727E+038   9.0293780320277878E+024   23364170965.401672        4.1376839883502019E-005   2.8492572927668340E-019   2.1504932222964572E-032   7.1217564631370532E-046  -7.0130766561588561E-054  -1.4933440381688899E-062  -1.3437340335923830E-070  -2.9377448866862058E-078  -9.2843734149066039E-086
   9.7413854450948783E+040   2.4333554740071330E+050   3.1277870175843576E+047   1.0646011130027907E+038   9.5025175340577792E+024   24796544985.762096        4.4217682884530722E-005   3.0662815922490771E-019   2.3322754562052227E-032   7.7891348077779048E-046  -7.7392335631961868E-054  -1.6633802763014114E-062  -1.5110691699803273E-070  -3.3356496001787156E-078  -1.0644953893995212E-085
   9.8820543774390573E+040   2.4900139464799347E+050   3.2301551377048898E+047   1.1098543437369896E+038   1.0000443455604917E+025   26316690293.678059        4.7253536979006050E-005   3.2998356948959517E-019   2.5294236727438580E-032   8.5190528204670834E-046  -8.5405790126952428E-054  -1.8527772884102410E-062  -1.6992425309547425E-070  -3.7874487467845415E-078  -1.2204920866708747E-085
   1.0024695652451429E+041   2.5479900950265163E+050   3.3358736295734290E+047   1.1570311614069930E+038   1.0524453932299486E+025   27929982507.131950        5.0497786231384578E-005   3.5511785488059789E-019   2.7432367375631411E-032   9.3173710366624496E-046  -9.4248982458462505E-054  -2.0637395409806013E-062  -1.9108490964331691E-070  -4.3004420856336588E-078  -1.3993493449839894E-085
   1.0169337726868820E+041   2.6073146074373683E+050   3.4450521574460778E+047   1.2062133317837011E+038   1.1075915066300242E+025   29642126302.827320        5.3964733096557005E-005   3.8216649818087530E-019   2.9751233062412526E-032   1.0190499174786685E-045  -1.0400782608779428E-053  -2.2987225063146224E-062  -2.1488069984205593E-070  -4.8829180949563208E-078  -1.6044172677359288E-085
   1.0316009457727990E+041   2.6680188854350014E+050   3.5578039750901582E+047   1.2574860961779238E+038   1.1656264483628689E+025   31459175547.678009        5.7669661424244977E-005   4.1127530031387939E-019   3.2266111044219056E-032   1.1145447599166718E-045  -1.1477713018656602E-053  -2.5604612426156076E-062  -2.4163977630101578E-070  -5.5442878894995694E-078  -1.8395368993944396E-085
   1.0464740108130660E+041   2.7301350613027346E+050   3.6742460432843186E+047   1.3109383191672150E+038   1.2267015077623375E+025   33387554661.199203        6.1628903784669635E-005   4.4260116611317742E-019   3.4993569923555482E-032   1.2189883605443883E-045  -1.2666152072024657E-053  -2.8520022282598743E-062  -2.7173115637000041E-070  -6.2952372764247437E-078  -2.1091121704499188E-085
   1.0615559353089787E+041   2.7936960149004111E+050   3.7944991511648417E+047   1.3666626426014737E+038   1.2909758948248078E+025   35434081284.015144        6.5859913411798964E-005   4.7631294992814472E-019   3.7951578801440185E-032   1.3332192980354121E-045  -1.3977645690266845E-053  -3.1767388207840846E-062  -3.0556981100809549E-070  -7.1478994064556459E-078  -2.4181923855340908E-085
   1.0768497285458225E+041   2.8587353910760488E+050   3.9186880415440513E+047   1.4247556461541547E+038   1.3586171547496442E+025   37605990332.291138        7.0381341080793115E-005   5.1259236562192318E-019   4.1159625655928879E-032   1.4581547330123467E-045  -1.5424935289640658E-053  -3.5384507533049048E-062  -3.4362238736652868E-070  -8.1160508098044023E-078  -2.7725667997519844E-085
   1.0923584421940989E+041   2.9252876174826541E+050   4.0469415403308616E+047   1.4853180146972794E+038   1.4298016041671253E+025   39910959522.770935        7.5213117257970816E-005   5.5163496586474156E-019   4.4638845726531507E-032   1.5947977718037936E-045  -1.7022081565637032E-053  -3.9413481280804603E-062  -3.8641364400156911E-070  -9.2153339842295994E-078  -3.1788730546922564E-085
   1.1080851709192300E+041   2.9933879228096310E+050   4.1793926901877414E+047   1.5484547127902493E+038   1.5047147901879702E+025   42357136458.271301        8.0376539884811530E-005   5.9365119599901398E-019   4.8412160750250427E-032   1.7442455202400556E-045  -1.8784601094228311E-053  -4.3901204192662914E-062  -4.3453368746078564E-070  -1.0463510131583770E-077  -3.6447215051797753E-085
   1.1240330529998638E+041   3.0630723554384405E+050   4.3161788885627712E+047   1.6142751665847943E+038   1.5835519734679031E+025   44953167368.971565        8.5894368182288559E-005   6.3886752815436501E-019   5.2504429966449749E-032   1.9076978921488745E-045  -2.0729617077088031E-053  -4.8899910552216864E-062  -4.8864611003711704E-070  -1.1880746126315916E-077  -4.1788377654760592E-085
   1.1402052709549043E+041   3.1343778025323981E+050   4.4574420302400231E+047   1.6828934534612371E+038   1.6665186365430571E+025   47708227610.657104        9.1790922888307456E-005   6.8752768172305513E-019   5.6942613885288901E-032   2.0864672432716533E-045  -2.2876025695273479E-053  -5.4467782156638431E-062  -5.4949714091252003E-070  -1.3489940352479747E-077  -4.7912261448926307E-085
   1.1566050521793908E+041   3.2073420095707119E+050   4.6033286545561622E+047   1.7544284997246390E+038   1.7538310187576743E+025   50632054027.251778        9.8092193369316756E-005   7.3989393677151265E-019   6.1755951898529662E-032   2.2819889079475696E-045  -2.5244679687497391E-053  -6.0669625513032780E-062  -6.1792593688783902E-070  -1.5317092673795874E-077  -5.4933570340515617E-085
   1.1732356695893553E+041   3.2820036003371097E+050   4.7539900974360116E+047   1.8290042867033690E+038   1.8457166791746107E+025   53734979291.526978        1.0482595207739084E-004   7.9624854746433226E-019   6.6976154902707002E-032   2.4958327231608788E-045  -2.7858590936450929E-053  -6.7577626141661136E-062  -6.9487615461069536E-070  -1.7391724514372735E-077  -6.2983817516350492E-085
   1.1901004422757824E+041   3.3584020973736490E+050   4.9095826484048507E+047   1.9067500656071803E+038   1.9424150889318425E+025   57027968344.828194        1.1202187685638767E-004   8.5689526311587195E-019   7.2637614203542858E-032   2.7297156324737833E-045  -3.0743154031302079E-053  -7.5272188765551156E-062  -7.8140896388533398E-070  -1.9747355837327427E-077  -7.2213788758144648E-085
   1.2072027361678091E+041   3.4365779429105333E+050   5.0702677127403365E+047   1.9878005815170633E+038   2.0441782545846417E+025   60522657064.036209        1.1971168163530180E-004   9.2216096506436012E-019   7.8777628077727815E-032   2.9855154710371258E-045  -3.3926392978275336E-053  -8.3842873165662693E-062  -8.7871768152120690E-070  -2.2422046727845063E-077  -8.2796366742728785E-085
   1.2245459647052919E+041   3.5165725202830191E+050   5.2362119789323007E+047   2.0722963068949562E+038   2.1512713740535471E+025   64231393291.807365        1.2792925608381457E-004   9.9239742818735451E-019   8.5436647484506066E-032   3.2652860423534547E-045  -3.7439233456100559E-053  -9.3389436594246367E-062  -9.8814422752464506E-070  -2.5459012331026677E-077  -9.4929769228794233E-085
   1.2421335895208758E+041   3.5984281758467719E+050   5.4075875916241891E+047   2.1603836850178853E+038   2.2639735268829390E+025   68167280374.441429        1.3671081484445351E-004   1.0679832165488124E-018   9.2658542545639755E-032   3.5712736078378389E-045  -4.1315803261284728E-053  -1.0402299487928400E-061  -1.1111976305684707E-069  -2.8907321080066205E-077  -1.0884126178303400E-084
   1.2599691211317050E+041   3.6821882414032646E+050   5.5845723302155545E+047   2.2522153837583101E+038   2.3825784006041114E+025   72344223360.536484        1.4609505699788138E-004   1.1493257233905712E-018   1.0049089154913085E-031   3.9059349215644239E-045  -4.5593763862021711E-053  -1.1586731573436662E-061  -1.2495748379343628E-069  -3.2822687496014895E-077  -1.2479141458691330E-084
   1.2780561196409104E+041   3.7678970571470934E+050   5.7673497933109522E+047   2.3479505601503481E+038   2.5073950550904879E+025   76776978022.938431        1.5612333646283108E-004   1.2368633664585830E-018   1.0898529438044233E-031   4.2719569549922154E-045  -5.0314676281772682E-053  -1.2906025932712922E-061  -1.4051841169019412E-069  -3.7268372368380247E-077  -1.4307898305619194E-084
   1.2963981954490155E+041   3.8555999951473835E+050   5.9561095892065825E+047   2.4477551362002682E+038   2.6387487268912625E+025   81481202876.411392        1.6683984408027847E-004   1.3310679504909746E-018   1.1819771244586432E-031   4.6722784700314808E-045  -5.5524404867058238E-053  -1.4375538287332873E-061  -1.5801713702950924E-069  -4.2316204860753082E-077  -1.6404650368963194E-084
   1.3149990099754002E+041   3.9453434833756977E+050   6.1510475326123480E+047   2.5518020864190865E+038   2.7769816756335498E+025   86473514373.978256        1.7829180218281807E-004   1.4324472095954462E-018   1.2818883732717291E-031   5.1101136136515013E-045  -6.1273562862044135E-053  -1.6012372793277432E-061  -1.7769497290828559E-069  -4.8047743055592077E-077  -1.8808670995990420E-084
   1.3338622763899732E+041   4.0371750302931909E+050   6.3523658478134339E+047   2.6602717375754290E+038   2.9224540746923442E+025   91771545476.046280        1.9052967250509579E-004   1.5415475432124957E-018   1.3902449059598090E-031   5.5889777234601710E-045  -6.7618004118650462E-053  -1.7835581120981532E-061  -1.9982328301233908E-069  -5.4555591689048330E-077  -2.1564988841948321E-084
   1.3529917603551910E+041   4.1311432500100315E+050   6.5602733784822123E+047   2.7733520811879854E+038   3.0755449484425019E+025   97394007798.278046        2.0360737834980463E-004   1.6589569604037008E-018   1.5077605742142496E-031   6.1127155514366141E-045  -7.4619365719114049E-053  -1.9866384202971383E-061  -2.2470722379583504E-069  -6.1944898366421886E-077  -2.4725231280498430E-084
   1.3723912807785773E+041   4.2272978880304038E+050   6.7749858043581470E+047   2.8912390992989336E+038   3.2366531585278910E+025   103360757556.73744        2.1758254198641906E-004   1.7853082483264176E-018   1.6352095682742691E-031   6.6855321324118593E-045  -8.2345666782541552E-053  -2.2128419230054414E-061  -2.5268995267121863E-069  -7.0335052432541742E-077  -2.8348591411480692E-084
   1.3920647105758928E+041   4.3256898475967478E+050   6.9967258650205467E+047   3.0141371040927449E+038   3.4061984417100759E+025   109692865542.17409        2.3251673832680526E-004   1.9212823819637935E-018   1.7734315169717181E-031   7.3120265451257349E-045  -9.0871969272809395E-053  -2.4648014770897688E-061  -2.8415736024145782E-069  -7.9861613945641476E-077  -3.2502936778529325E-084
   1.4120159774451026E+041   4.4263712166471584E+050   7.2257235909863316E+047   3.1422590919487262E+038   3.5846225019928121E+025   116412691369.45869        2.4847576599339448E-004   2.0676121934784681E-018   1.9233370188425362E-031   7.9972288369108495E-045  -1.0028110722750041E-052  -2.7454497217162661E-061  -3.1954339183305091E-069  -9.0678503921067894E-077  -3.7266080563351316E-084
   1.4322490646513065E+041   4.5293952954002600E+050   7.4622165423725865E+047   3.2758271125406982E+038   3.7723901598594582E+025   123543962263.19176        2.6552993697205905E-004   2.2250863209567195E-018   2.0859136407387486E-031   8.7466404084533064E-045  -1.1066449149226576E-052  -3.0580532120966506E-061  -3.5933603171480573E-069  -1.0296049123247501E-076  -4.2727239066739722E-084
   1.4527680118227758E+041   4.6348166245821299E+050   7.7064500553715682E+047   3.4150726536232335E+038   3.9699905616086863E+025   131111856656.43410        2.8375438612351624E-004   2.3945534578146527E-018   2.2622324234541749E-031   9.5662781828585104E-045  -1.2212299777852307E-052  -3.4062504397556493E-061  -4.0408403252594276E-069  -1.1690601635122653E-076  -4.8988702775627812E-084
   1.4735769157582681E+041   4.7426910143102563E+050   7.9586774967938533E+047   3.5602370421710729E+038   4.1779384519298000E+025   139143092896.40475        3.0322940191437176E-004   2.5769269257574210E-018   2.4534549372166123E-031   1.0462722913632183E-044  -1.3476794667187229E-052  -3.7940941818440948E-061  -4.5440448271362550E-069  -1.3274039754699420E-076  -5.6167752316051427E-084
   1.4946799312457717E+041   4.8530755736497962E+050   8.2191605269437727E+047   3.7115718625666572E+038   4.3967755130231205E+025   147666023368.91830        3.2404077982217487E-004   2.7731895959251345E-018   2.6608409335210581E-031   1.1443172019415244E-044  -1.4872218511189568E-052  -4.2260986724082895E-061  -5.1099131633629989E-069  -1.5071947135192981E-076  -6.4398855178707591E-084
   1.5160812718928504E+041   4.9660287408578095E+050   8.4881693710998690E+047   3.8693393925602332E+038   4.6270717737435373E+025   156710734372.35410        3.4628019996851058E-004   2.9843991847344185E-018   2.8857566437064619E-031   1.2515497369653443E-044  -1.6412127984978075E-052  -4.7072921446495397E-061  -5.7462488258458635E-069  -1.7113372610714254E-076  -7.3836184362790293E-084
   1.5377852109687503E+041   5.0816103143314836E+050   8.7659830998820508E+047   4.0338130577577820E+038   4.8694270924270613E+025   166309152092.12848        3.7004563064062777E-004   3.2116939529426677E-018   3.1296837789383789E-031   1.3688308485130284E-044  -1.8111483447804871E-052  -5.2432753557212669E-061  -6.4618270698512280E-069  -1.9431299537689406E-076  -8.4656506113452820E-084
   1.5597960822584369E+041   5.1998814842767287E+050   9.0528899187963675E+047   4.2052779054241035E+038   5.1244727172513831E+025   176495155048.05142        3.9544175947587348E-004   3.4562988386337124E-018   3.3942292908798112E-031   1.4971021660763819E-044  -1.9986794282714506E-052  -5.8402867752424510E-061  -7.2665159268622736E-069  -2.2063178706164741E-076  -9.7062490841527298E-084
   1.5821182809287380E+041   5.3209048651139396E+050   9.3491874672578109E+047   4.3840310984218509E+038   5.3928729281825854E+025   187304693409.66226        4.2258045420476699E-004   3.7195320571606146E-018   3.6811359573428649E-031   1.6373935565613517E-044  -2.2056279284842457E-052  -6.5052751962657597E-061  -8.1714122870415391E-069  -2.5051533431201931E-076  -1.1128650924051459E-083
   1.6047562644067577E+041   5.4447445286380637E+050   9.6551831274013968E+047   4.5703824301421839E+038   5.6753267647718707E+025   198775915598.73898        4.5158125497843051E-004   4.0028122035961892E-018   3.9922938626476918E-031   1.7908313927044152E-044  -2.4340043656500113E-052  -7.2459806138293037E-061  -9.1889949278988623E-069  -2.8444646600774295E-076  -1.2759498470380639E-083
   1.6277145532707450E+041   5.5714660379505554E+050   9.9711943430019643E+047   4.7646548613190427E+038   5.9725698442888386E+025   210949302623.74344        4.8257190044488158E-004   4.3076658959481637E-018   4.3297528483081912E-031   1.9586475962866992E-044  -2.6860274328524426E-052  -8.0710243124480120E-061  -1.0333296599454439E-068  -3.2297340780735750E-076  -1.4629338356483487E-083
   1.6509977321535904E+041   5.7011364821811751E+050   1.0297548948833576E+048   4.9671850796569865E+038   6.2853762749122191E+025   223867810618.08896        5.1568888988697806E-004   4.6357360003082035E-018   4.6957360160550421E-031   2.1421895287481193E-044  -2.9641455505405226E-052  -8.9900092110841218E-061  -1.1620097538977920E-068  -3.6671863980945818E-076  -1.6773193662953079E-083
   1.6746104506591301E+041   5.8338245120180473E+050   1.0634585510810235E+048   5.1783240832420175E+038   6.6145606689455334E+025   237577022082.89886        5.5107808389325290E-004   4.9887904822380140E-018   5.0926543721378796E-031   2.3429308086069447E-044  -3.2710606528172138E-052  -1.0013631633523779E-060  -1.3067143083900703E-068  -4.1638895393787473E-076  -1.9231219916787269E-083
   1.6985574242914471E+041   5.9696003760647634E+050   1.0982653677260889E+048   5.3984377887460116E+038   6.9609802612846111E+025   252125306365.45496        5.8889534620216923E-004   5.3687319320682642E-018   5.5231227093653881E-031   2.5624831425307706E-044  -3.6097544365834033E-052  -1.1153805805067656E-060  -1.4694388383814848E-068  -4.7278687354692484E-076  -2.2049457223598461E-083
   1.7228434353973464E+041   6.1085359580438059E+050   1.1342114541703151E+048   5.6279076654783225E+038   7.3255371386368698E+025   267563989936.92941        6.2930722954121726E-004   5.7776078154153573E-018   5.9899768314944115E-031   2.8026092650426800E-044  -3.9835173285423371E-052  -1.2423802524565781E-060  -1.6524273586171187E-068  -5.3682361975208684E-076  -2.5280692620634416E-083
   1.7474733341221995E+041   6.2507048148660073E+050   1.1713341017492155E+048   5.8671313963828769E+038   7.7091805852795259E+025   283947537067.36127        6.7249170847555025E-004   6.2176215041265162E-018   6.4962922334204348E-031   3.0652370907466716E-044  -4.3959804514730144E-052  -1.3838403625814197E-060  -1.8582033290524207E-068  -6.0953383398165652E-076  -2.8985448802845112E-083
   1.7724520393793474E+041   6.3961822155861774E+050   1.2096718224733252E+048   6.1165235671257519E+038   8.1129095514461180E+025   301333741532.30023        7.1863896248736917E-004   6.6911441470664394E-018   7.0454043602102421E-031   3.3524751926907628E-044  -4.8511509003180367E-052  -1.5414074026104046E-060  -2.0896044538737589E-068  -6.9209229461994895E-076  -3.3233117741246908E-083
   1.7977845398332531E+041   6.5450451812655644E+050   1.2492643889860030E+048   6.3765163844668703E+038   8.5377752507487447E+025   319783930024.22302        7.6795221272792026E-004   7.2007274446814266E-018   7.6409305784163791E-031   3.6666297311325634E-044  -5.3534506707852041E-052  -1.7169153364411105E-060  -2.3498218139978337E-068  -7.8583289783083663E-076  -3.8103260426723610E-083
   1.8234758948966031E+041   6.6973725257622407E+050   1.2901528758292217E+048   6.6475604251601676E+038   8.9848838933780108E+025   339363177982.86804        8.2064861611973227E-004   7.7491173961437376E-018   8.2867940043906870E-031   4.0102229686161740E-044  -5.9077596186451861E-052  -1.9124069459718021E-060  -2.6424438726917182E-068  -8.9227020923241160E-076  -4.3687097083996076E-083
   1.8495312357415580E+041   6.8532448974710321E+050   1.3323797020601633E+048   6.9301254166794366E+038   9.4553995621747907E+025   360140538602.17505        8.7696022073862820E-004   8.3392690931163059E-018   8.9872493465449163E-031   4.3860135200043067E-044  -6.5194628670645074E-052  -2.1301576073926432E-060  -2.9715059611559967E-068  -1.0131239346303755E-075  -5.0089215768069517E-083
   1.8759557663253497E+041   7.0127448220350865E+050   1.3759886752628366E+048   7.2247010511221842E+038   9.9505472390382574E+025   382189285817.70789        9.3713498667420138E-004   8.9743626398138115E-018   9.7469109317708040E-031   4.7970185000379624E-044  -7.1945031225241816E-052  -2.3727017746697396E-060  -3.3415459264824709E-068  -1.1503467051804926E-075  -5.7429531345851831E-083
   1.9027547644304361E+041   7.1759567460517072E+050   1.4210250370003826E+048   7.5317978337013037E+038   1.0471615989524545E+026   405587172127.44635        1.0014378768550354E-003   9.6578202851011125E-018   1.0570783100617353E-030   5.2465377462294591E-044  -7.9394384075596333E-052  -2.6428624784648869E-060  -3.7576667093774207E-068  -1.3061556259010875E-075  -6.5845531555441775E-083
   1.9299335827194153E+041   7.3429670817956136E+050   1.4675355097552267E+048   7.8519479672942053E+038   1.1019962313900389E+026   430416702150.82501        1.0701520226322140E-003   1.0393324858896448E-017   1.1464293171424213E-030   5.7381803115555596E-044  -8.7615057711799489E-052  -2.9437841838305185E-060  -4.2256067146032019E-068  -1.4830680972603276E-075  -7.5494852212652957E-083
   1.9574976498049163E+041   7.5138642529832917E+050   1.5155683454057806E+048   8.1857062745815682E+038   1.1597013673347678E+026   456765422886.05627        1.1435799692430012E-003   1.1184839612170204E-017   1.2433327190529561E-030   6.2758934396394726E-044  -9.6686915958954731E-052  -3.2789693891120933E-060  -4.7518189445529061E-068  -1.6839424886022996E-075  -8.6558229799384233E-083
   1.9854524713346736E+041   7.6887387416026982E+050   1.5651733752899935E+048   8.5336511593728756E+038   1.2204272200468901E+026   484726231684.29187        1.2220450066273408E-003   1.2036629567387703E-017   1.3484268704020381E-030   6.8639942550400413E-044  -1.0669809184366364E-051  -3.6523193920339957E-060  -5.3435599872167136E-068  -1.9120243205661059E-075  -9.9242886736939835E-083
   2.0138036310920078E+041   7.8676831358331106E+050   1.6164020619076922E+048   8.8963856087838605E+038   1.2843318603721118E+026   514397703021.26392        1.3058925914446609E-003   1.2953284494377620E-017   1.4624040806393249E-030   7.5072044230633140E-044  -1.1774584379403344E-051  -4.0681796974467289E-060  -6.0089900856909701E-068  -2.1709987026599172E-075  -1.1378641275174052E-082
   2.0425567921119315E+041   8.0507921790804976E+050   1.6693075523153598E+048   9.2745382380016118E+038   1.3515816275908809E+026   545884435212.90497        1.3954918665389203E-003   1.3939743635359536E-017   1.5860151743075608E-030   8.2106880573510577E-044  -1.2993750049092716E-051  -4.5313905952373216E-060  -6.7572856691957098E-068  -2.4650498732151582E-075  -1.3046121503284432E-082
   2.0717176978130978E+041   8.2381628201543962E+050   1.7239447332687487E+048   9.6687643794469363E+038   1.4223515617394799E+026   579297418291.32849        1.4912372845277367E-003   1.5001322312282329E-017   1.7200744367163464E-030   8.9800931795738226E-044  -1.4339150354938786E-051  -5.0473434970801276E-060  -7.5987658974108063E-068  -2.7989288036976782E-075  -1.4957962053435570E-082
   2.1012921731458268E+041   8.4298942646128538E+050   1.7803702881705425E+048   1.0079747218220360E+039   1.4968258585244913E+026   614754424331.67468        1.5935503426486113E-003   1.6143740559759989E-017   1.8654649776115235E-030   9.8215970640723696E-044  -1.5823855815954652E-051  -5.6220436877320692E-060  -8.5450349631847161E-068  -3.1780299596468046E-075  -1.7149972599068742E-082
   2.1312861257564314E+041   8.6260880273026516E+050   1.8386427558821564E+048   1.0508198975798365E+039   1.5751983480107565E+026   652380421598.97705        1.7028814364837409E-003   1.7373153937797646E-017   2.0231445481670575E-030   1.0741955831479405E-043  -1.7462290286510334E-051  -6.2621802212347962E-060  -9.6091421159778071E-068  -3.6084784584547883E-075  -1.9663210521754288E-082
   2.1617055471680800E+041   8.8268479861226213E+050   1.8988225914606887E+048   1.0954862144029986E+039   1.6576729983245470E+026   692308013967.63428        1.8197118407068408E-003   1.8696186690236962E-017   2.1941518496118569E-030   1.1748558689464095E-043  -1.9270371081484098E-051  -6.9752037755453612E-060  -1.0805761612771105E-067  -4.0972290321784950E-075  -2.2544749932871605E-082
   2.1925565139784322E+041   9.0322804370385408E+050   1.9609722288840514E+048   1.1420510771570927E+039   1.7444644456784909E+026   734677907154.58826        1.9445558255530315E-003   2.0119967427479380E-017   2.3796133750418140E-030   1.2849487256048498E-043  -2.1265663609982787E-051  -7.7694133717444542E-060  -1.2151395077970889E-067  -4.6521783943063454E-075  -2.5848563390912663E-082
   2.2238451890742829E+041   9.2424941503787345E+050   2.0251561458293531E+048   1.1905951804983236E+039   1.8357985520929925E+026   779639403401.21155        2.0779629183086752E-003   2.1652167525636496E-017   2.5807508294788519E-030   1.4053580441747429E-043  -2.3467552019841089E-051  -8.6540529671453369E-060  -1.3664599062859129E-067  -5.2822928259679399E-075  -2.9636532829273794E-082
   2.2555778228634597E+041   9.4576004284402077E+050   2.0914409305717458E+048   1.2412026486823165E+039   1.9319129922606442E+026   827350926338.52405        2.2205203197546430E-003   2.3301042448881700E-017   2.7988891770469950E-030   1.5370505411408731E-043  -2.5897427510646576E-051  -9.6394190465479258E-060  -1.5366240942640958E-067  -5.9977530429705798E-075  -3.3979608629551547E-082
   2.2877607545242233E+041   9.6777131644358242E+050   2.1598953510731465E+048   1.2939611813138541E+039   2.0330578710756309E+026   877980577876.05042        2.3728554861766789E-003   2.5075476217515127E-017   3.0354653682655346E-030   1.6810835195438022E-043  -2.8578896144678460E-051  -1.0736980463888760E-059  -1.7279786679914821E-067  -6.8101186842488039E-075  -3.8959138550167060E-082
   2.3204004132724149E+041   9.9029489028137405E+050   2.2305904263325237E+048   1.3489622052899820E+039   2.1394963734295606E+026   931706729066.73999        2.5356388882832519E-003   2.6985029261189719E-017   3.2920378049384706E-030   1.8386133573471975E-043  -3.1538008174560501E-051  -1.1959511929118528E-059  -1.9431624422827764E-067  -7.7325150793310944E-075  -4.4668391401581964E-082
   2.3535033196466072E+041   1.0133426900981073E+051   2.3035995000717628E+048   1.4063010331996238E+039   2.2515054479587456E+026   988718647019.32190        2.7095869591477828E-003   2.9039989914970626E-017   3.5702966049769838E-030   2.0109047911946287E-043  -3.4803511115452178E-051  -1.3321242693953876E-059  -2.1851428400336775E-067  -8.7798453123840018E-075  -5.1214304007027128E-082
   2.3870760868115154E+041   1.0369269192464429E+051   2.3789983168335800E+048   1.4660770284540211E+039   2.3693765265158869E+026   1049217160055.6451        2.8954652441217301E-003   3.1251429835511627E-017   3.8720747347598447E-030   2.1993410700856539E-043  -3.8407129020267946E-051  -1.4838022167048004E-059  -2.4572568132692104E-067  -9.9690310091038028E-075  -5.8719484169864500E-082
   2.4211254218799274E+041   1.0610600651540830E+051   2.4568651005704241E+048   1.5283937774339756E+039   2.4934162812316594E+026   1113415363444.4246        3.0940917665514388E-003   3.3631263635735961E-017   4.1993600823499123E-030   2.4054350604845565E-043  -4.2383870670962743E-051  -1.6527504386163491E-059  -2.7632568600152421E-067  -1.1319285736792739E-074  -6.7324507163774256E-082
   2.4556581272534199E+041   1.0857549059373207E+051   2.5372806358059153E+048   1.5933592689520085E+039   2.6239474211290392E+026   1181539368184.8186        3.3063406240787293E-003   3.6192313059119075E-017   4.5543085510810473E-030   2.6308413920129545E-043  -4.6772369679825405E-051  -1.8409353494404700E-059  -3.1073627715652218E-067  -1.2852425434878683E-074  -7.7190548759719377E-082
   2.4906811019821256E+041   1.1110245171685514E+051   2.6203283514530273E+048   1.6610860813402215E+039   2.7613095303556392E+026   1253829095463.9265        3.5331458313170696E-003   3.8948376039108544E-017   4.9392582597494492E-030   2.8773697412310407E-043  -5.1615259804709389E-051  -2.0505472612029864E-059  -3.4943198237358688E-067  -1.4593220891426973E-074  -8.8502404107058423E-082
   2.5262013431438277E+041   1.1368822788013301E+051   2.7060944073759716E+048   1.7316915774878460E+039   2.9058599502071082E+026   1330539119572.1096        3.7755054257763224E-003   4.1914301015514395E-017   5.3567449429310284E-030   3.1469993601484764E-043  -5.6959589124213335E-051  -2.2840258767660154E-059  -3.9294642145675935E-067  -1.6569797960517582E-074  -1.0147194901332157E-081
   2.5622259472426477E+041   1.1633418822566432E+051   2.7946677837856047E+048   1.8052981081662268E+039   3.0579747072280303E+026   1411939562229.5962        4.0344858550641800E-003   4.5106066908001941E-017   5.8095186528498586E-030   3.4418949660982706E-043  -6.2857277096325175E-051  -2.5440886856003542E-059  -4.4187966508532099E-067  -1.8814091986695004E-074  -1.1634210845339816E-081
   2.5987621116276196E+041   1.1904173376741470E+051   2.8861403735610998E+048   1.8820332239933321E+039   3.2180494897960632E+026   1498317041457.6943        4.3112266646265652E-003   4.8540869177271644E-017   6.3005618727940743E-030   3.7644241205355667E-043  -6.9365618940630747E-051  -2.8337625927045405E-059  -4.9690650982500058E-067  -2.1362363778504763E-074  -1.3339140663941018E-081
   2.6358171359314231E+041   1.2181229813322148E+051   2.9806070775936747E+048   1.9620298964048467E+039   3.3865006757205964E+026   1589975678318.7498        4.6069455066079061E-003   5.2237212437280322E-017   6.8331091613711778E-030   4.1171762362758387E-043  -7.6547842243906886E-051  -3.1564191487957154E-059  -5.5878578360950146E-067  -2.4255785467559091E-074  -1.5293918387530930E-081
   2.6733984235295709E+041   1.2464734832407209E+051   3.0781659032512939E+048   2.0454267480144825E+039   3.5637664135192587E+026   1687238165051.4072        4.9229434918210465E-003   5.6215010117121319E-017   7.4106684569759454E-030   4.5029833657595177E-043  -8.4473721196236110E-051  -3.5158137918118651E-059  -6.2837081001439624E-067  -2.7541105718691340E-074  -1.7535157790926075E-081
   2.7115134830203307E+041   1.2754838549105841E+051   3.1789180660665117E+048   2.1323682927624029E+039   3.7503077601745883E+026   1790446898342.4727        5.2606109083218307E-003   6.0495691709128186E-017   8.0370441827771526E-030   4.9249429372274702E-043  -9.3220254424623560E-051  -3.9161295564517722E-059  -7.0662117562503520E-067  -3.1271405038807428E-074  -2.0104838181608332E-081
   2.7501699297256959E+041   1.3051694573041871E+051   3.2829680947529546E+048   2.2230051862676051E+039   3.9466098783193619E+026   1899965181704.4766        5.6214333316916328E-003   6.5102318180600398E-017   8.7163623043863026E-030   5.3864426213287949E-043  -1.0287241300890445E-050  -4.3620257604814582E-059  -7.9461596276959425E-067  -3.5506953387735834E-074  -2.3051090685960408E-081
   2.7893754872136850E+041   1.3355460089708784E+051   3.3904239396593948E+048   2.3174944868177516E+039   4.1531832959529008E+026   2016178501169.7014        6.0069981538494448E-003   7.0059706170491303E-017   9.4530975052304925E-030   5.8911875277845861E-043  -1.1352396594650423E-050  -4.8586922344592806E-059  -8.9356863009557052E-067  -4.0316183947234454E-074  -2.6429099760825962E-081
   2.8291379888422848E+041   1.3666295943718727E+051   3.5013970847739554E+048   2.4159999274483738E+039   4.3705652319525483E+026   2139495878767.7932        6.4190015590509745E-003   7.5394561639683811E-017   1.0252102658597093E-029   6.4432299504359956E-043  -1.2527839108497586E-050  -5.4119097260502893E-059  -1.0048437461915274E-066  -4.5776798781037906E-074  -3.0302136815920049E-081
   2.8694653793253504E+041   1.3984366723989506E+051   3.6160026633946344E+048   2.5186921995825538E+039   4.5993209908147495E+026   2270351308526.0439        6.8592559776937193E-003   8.1135623694361835E-017   1.1118640790441924E-029   7.0470018994621058E-043  -1.3824988037149810E-050  -6.0281171819648419E-059  -1.1299758070090865E-066  -5.1977024249743159E-074  -3.4742745307076045E-081
   2.9103657163207625E+041   1.4309840850914772E+051   3.7343595775861718E+048   2.6257492487222056E+039   4.8400454302393556E+026   2409205280019.9224        7.3296980506426341E-003   8.7313819356741159E-017   1.2058419743454621E-029   7.7073506819272168E-043  -1.5256444918474085E-050  -6.7144866906032561E-059  -1.2706903965754032E-066  -5.9017036463863387E-074  -3.9834099497390852E-081
   2.9518471720411694E+041   1.4642890665563522E+051   3.8565906215471887E+048   2.7373565827029316E+039   5.0933645053592550E+026   2556546394807.4854        7.8323971390301013E-003   9.3962430116344013E-017   1.3077629770662971E-029   8.4295778162874931E-043  -1.6836116052558669E-050  -7.4790069576490620E-059  -1.4289279827999124E-066  -6.7010579805620425E-074  -4.5671562336159095E-081
   2.9939180348876283E+041   1.4983692520956156E+051   3.9828226090156006E+048   2.8537075930461838E+039   5.3599368936157699E+026   2712893081405.9561        8.3695644168761407E-003   1.0111727115840609E-016   1.4182984306149149E-029   9.2194815932502126E-043  -1.8579347595896742E-050  -8.3305762861657939E-059  -1.6068706765165693E-066  -7.6086804669381163E-074  -5.2364471634995608E-081
   3.0365867111064825E+041   1.5332426875465477E+051   4.1131865048444821E+048   2.9750038899651223E+039   5.6404557044888998E+026   2878795414813.1694        8.9435625864307082E-003   1.0881688423423422E-016   1.5381764181372120E-029   1.0083403624649719E-042  -2.0503074643036356E-050  -9.2791061433723158E-059  -1.8069723227652316E-066  -8.6392354112470190E-074  -6.0038187996586500E-081
   3.0798617264697942E+041   1.5689278388392044E+051   4.2478175608849081E+048   3.1014556516041973E+039   5.9356502785110353E+026   3054837046941.9263        9.5569162588706857E-003   1.1710274521175218E-016   1.6681865578279675E-029   1.1028279754017603E-042  -2.2625985743928932E-050  -1.0335636519486561E-058  -2.0319923392666983E-066  -9.8093733129632072E-074  -6.8836442854174368E-081
   3.1237517279796744E+041   1.6054436017764563E+051   4.3868554563167270E+048   3.2332819881171140E+039   6.2462880802237531E+026   3241637254722.8857        1.0212323045901703E-002   1.2601948742347943E-016   1.8091852035000116E-029   1.2061695737537756E-042  -2.4968704455154178E-050  -1.1512464421271539E-058  -2.2850337687188930E-066  -1.1137999883064848E-073  -7.8924030600998009E-081
   3.1682654855968537E+041   1.6428093120417049E+051   4.5304444425728860E+048   3.3707113212135240E+039   6.5731766899802915E+026   3439853113042.7358        1.0912665410932118E-002   1.3561514201420517E-016   1.9621010846589326E-029   1.3191948142370466E-042  -2.7553989688669594E-050  -1.2823286995787754E-058  -2.5695860696492862E-066  -1.2646581498530763E-073  -9.0489895233756764E-081
   3.2134118939938317E+041   1.6810447554395823E+051   4.6787334930076501E+048   3.5139817798315591E+039   6.9171658997520258E+026   3650181800120.5327        1.1661023331816772E-002   1.4594139658210635E-016   2.1279414232249649E-029   1.4428110951211459E-042  -3.0406956804335203E-050  -1.4283360950131888E-058  -2.8895732359022160E-066  -1.4359492028684756E-073  -1.0375066932346460E-080
   3.2591999743329644E+041   1.7201701783750543E+051   4.8318764574639951E+048   3.6633416126212170E+039   7.2791499183662088E+026   3873363043387.7568        1.2460687830726395E-002   1.5705387350550580E-016   2.3077985671823410E-029   1.5780108407757482E-042  -3.3555321593972612E-050  -1.5909680122604616E-058  -3.2494079083202675E-066  -1.6304406636925652E-073  -1.1895473159920242E-080
   3.3056388760698347E+041   1.7602062985764800E+051   4.9900322219005572E+048   3.8190496179527354E+039   7.6600696918853196E+026   4110181714428.3975        1.3315175430499997E-002   1.6901242945340406E-016   2.5028571848402073E-029   1.7258794687847642E-042  -3.7029669527089154E-050  -1.7721173272007920E-058  -3.6540522248096933E-066  -1.8512748920341221E-073  -1.3638685914394993E-080
   3.3527378787822730E+041   1.8011743160683040E+051   5.1533648732437220E+048   3.9813755921943769E+039   8.0609153451361048E+026   4361470582056.0073        1.4228243600899188E-002   1.8188147769191530E-016   2.7144020670806863E-029   1.8876041035841299E-042  -4.0863752873792816E-050  -1.9738924387083163E-058  -4.1090862479002889E-066  -2.1020198611459281E-073  -1.5637356133882012E-080
   3.4005063940253980E+041   1.8430959243991966E+051   5.3220438696359073E+048   4.1506007970356925E+039   8.4827287507096571E+026   4628113233156.9326        1.5203907262522746E-002   1.9573033492140980E-016   2.9438265889730359E-029   2.0644831065718561E-042  -4.5094818591225899E-050  -2.1986418080203947E-058  -4.6207849134016735E-066  -2.3867268044862706E-073  -1.7928919546122525E-080
   3.4489539672130347E+041   1.8859933221315869E+051   5.4962442162566673E+048   4.3270184466652841E+039   8.9266062320835435E+026   4911047171514.7627        1.6246456420775830E-002   2.1063359451116711E-016   3.1926418864745473E-029   2.2579364991929431E-042  -4.9763970158685296E-050  -2.4489812921382804E-058  -5.1962045612613185E-066  -2.7099956702395599E-073  -2.0556297848294291E-080
   3.4980902795258998E+041   1.9298892245986727E+051   5.6761466468990168E+048   4.5109342156464440E+039   9.3937014078637157E+026   5211267105452.4873        1.7360475007241555E-002   2.2667152814039177E-016   3.4624868086473372E-029   2.4695173626698607E-042  -5.4916566876376914E-050  -2.7278245893836123E-058  -5.8432802418653063E-066  -3.0770494412164573E-073  -2.3568702639993569E-080
   3.5479251498469274E+041   1.9748068759351394E+051   5.8619378114893739E+048   4.7026667683698498E+039   9.8852281845088128E+026   5529828435788.0742        1.8550861011094537E-002   2.4393051800729683E-016   3.7551387109266130E-029   2.7009243058889700E-042  -6.0602664506676463E-050  -3.0384171514561612E-058  -6.5709351396127432E-066  -3.4938185208873701E-073  -2.7022557167150928E-080
   3.5984685367241223E+041   2.0207700613879532E+051   6.0538104697456586E+048   4.9025483109998583E+039   1.0402463905283308E+027   5867850956298.4619        1.9822847988849909E-002   2.6250352193244148E-016   4.0725251605138395E-029   2.9540151015275325E-042  -6.6877501538371240E-050  -3.3843739566832743E-058  -7.3892036226879832E-066  -3.9670365489364563E-073  -3.0982553141244080E-080
   3.6497305403613408E+041   2.0678031199137498E+051   6.2519636911744766E+048   5.1109251668698467E+039   1.0946752663589824E+027   6226522779628.7559        2.1182028046781907E-002   2.8249057385950516E-016   4.4167366309740863E-029   3.2308215998835188E-042  -7.3802035797540617E-050  -3.7697215840900451E-058  -8.3093696158554813E-066  -4.5043491943840318E-073  -3.5522862428136825E-080
   3.7017214046373857E+041   2.1159309570695023E+051   6.4566030616148553E+048   5.3281583763226216E+039   1.1519508789255787E+027   6607104502370.2598        2.2634376396799560E-002   3.0399932244714246E-016   4.7900402696300889E-029   3.5335660401267054E-042  -8.1443536617800578E-050  -4.1989450779744147E-058  -9.3441222044011918E-066  -5.1144376839968326E-073  -4.0728526301586089E-080
   3.7544515191538277E+041   2.1651790582032764E+051   6.6679408965428349E+048   5.5546243220342283E+039   1.2122220516796650E+027   7010933623865.6885        2.4186277593462157E-002   3.2714561065051147E-016   5.1948948284092355E-029   3.8646788899066851E-042  -8.9876238322340485E-050  -4.6770401484256854E-058  -1.0507730614955682E-065  -5.8071590617755919E-073  -4.6697048282249107E-080
   3.8079314213119559E+041   2.2155735019520745E+051   6.8861964613582138E+048   5.7907153809035664E+039   1.2756453845148202E+027   7439429234185.2666        2.5844553567183293E-002   3.5205409941161180E-016   5.6339668564601530E-029   4.2268183565216482E-042  -9.9182061365761762E-050  -5.2095713153272324E-058  -1.1816240986134131E-065  -6.5937054456240083E-073  -5.3540220396181781E-080
   3.8621717984192778E+041   2.2671409740539086E+051   7.1115961988819750E+048   6.0368406036362057E+039   1.3423856598855299E+027   7894096987656.6562        2.7616493576542545E-002   3.7885893881488711E-016   6.1101482611633651E-029   4.6228917262693574E-042  -1.0945140814097194E-049  -5.8027366725572863E-058  -1.3287697642401495E-065  -7.4867848542298579E-073  -6.1386217058766811E-080
   3.9171834898259908E+041   2.3199087814814282E+051   7.3443739643004066E+048   6.2934264231986859E+039   1.4126162701224894E+027   8376534379327.8770        2.9509886211031944E-002   4.0770449031992109E-016   6.6265753531702446E-029   5.0560787032765802E-042  -1.2078404118167925E-049  -6.4634400261505441E-058  -1.4942391922460868E-065  -8.5008265256863593E-073  -7.0381995802632103E-080
   3.9729774890918441E+041   2.3739048669045746E+051   7.5847712677997010E+048   6.5609173933695633E+039   1.4865196670498924E+027   8888436342799.1953        3.1533053584547492E-002   4.3874610395785468E-016   7.1866495008754627E-029   5.5298569351528987E-042  -1.3329005229141666E-049  -7.1993712460047885E-058  -1.6803141993428645E-065  -9.6522140450804924E-073  -8.0696049815302810E-080
   4.0295649461838315E+041   2.4291578234899320E+051   7.8330375251426952E+048   6.8397769586655085E+039   1.5642878350678898E+027   9431601188980.9434        3.3694887869533195E-002   4.7215095467385800E-016   7.7940595303248582E-029   6.0480299303683354E-042  -1.4709093201327502E-049  -8.0190957663094526E-058  -1.8895607509340932E-065  -1.0959550047567654E-072  -9.2521563841716269E-080
   4.0869571697051525E+041   2.4856969100446129E+051   8.0894303164477669E+048   7.1304882569750603E+039   1.6461227889240115E+027   10007936906523.289        3.6004890331938683E-002   5.0809894231618881E-016   8.4528060180525204E-029   6.6147575914523209E-042  -1.6232074982922343E-049  -8.9321542763496909E-058  -2.1248643453023905E-065  -1.2443956773597806E-072  -1.0608003256173748E-079
   4.1451656291558877E+041   2.5435520665126919E+051   8.3542156534383245E+048   7.4335549562892165E+039   1.7322370974611319E+027   10619467845925.342        3.8473213038105573E-002   5.4678366011477346E-016   9.1672276368039648E-029   7.2345896091083423E-042  -1.7912745655350454E-049  -9.9491737619391355E-058  -2.3894698040681763E-065  -1.4129417332199040E-072  -1.2162540921494663E-079
   4.2042019572258357E+041   2.6027539298324035E+051   8.6276682554401483E+048   7.7495021269770511E+039   1.8228544346966554E+027   11268341810668.832        4.1110703416401398E-002   5.8841343686069697E-016   9.9420297276182586E-029   7.9125019853027766E-042  -1.9767432157156748E-049  -1.1081991189837512E-057  -2.6870260176160472E-065  -1.6043163185918627E-072  -1.3944886217646980E-079
   4.2640779521199759E+041   2.6633338501624956E+051   8.9100718344129439E+048   8.0788771511159794E+039   1.9182101596581899E+027   11956837580140.873        4.3928951868922948E-002   6.3321245839446566E-016   1.0782315286399989E-028   8.6539369785019960E-042  -2.1814151888586547E-049  -1.2343791274652996E-057  -3.0216362625112098E-065  -1.8216114117794965E-072  -1.5988422857450353E-079
   4.3248055799170176E+041   2.7253239074863384E+051   9.2017193893117637E+048   8.4222506704504884E+039   2.0185519264752505E+027   12687372890615.592        4.6940342641949233E-002   6.8142197443754432E-016   1.1693618569008543E-028   9.4648467917006959E-042  -2.4072787737532524E-049  -1.3749259931626058E-057  -3.3979147847634773E-065  -2.0683377788651301E-072  -1.8331426709571759E-079
   4.3863969769615134E+041   2.7887569286025803E+051   9.5029135100837142E+048   8.7802175746198603E+039   2.1241403263046581E+027   13462512902161.354        5.0158108178095434E-002   7.3330159726075487E-016   1.2681941536131835E-028   1.0351741353926801E-041  -2.6565281227043023E-049  -1.5314755201249195E-057  -3.8210504291992188E-065  -2.3484816955762888E-072  -2.1017782709343542E-079
   4.4488644522899986E+041   2.8536665045113460E+051   9.8139666916153040E+048   9.1533980313651991E+039   2.2352495627495168E+027   14284979181033.887        5.3596387188365693E-002   7.8913069917713755E-016   1.3753793377907860E-028   1.1321740578765469E-041  -2.9315845660614303E-049  -1.7058497635019684E-057  -4.2968781923638789E-065  -2.6665693517107574E-072  -2.4097806827574541E-079
   4.5122204900916681E+041   2.9200870082051929E+051   1.0135201657956135E+049   9.5424385604985376E+039   2.3521681625181220E+027   15157659228912.428        5.7270286698592049E-002   8.4920991637845669E-016   1.4916233378533495E-028   1.2382631519380281E-041  -3.2351201335742646E-049  -1.9000782358117094E-057  -4.8319596856389645E-065  -3.0277399786627376E-072  -2.7629188492793800E-079
   4.5764777522040574E+041   2.9880536128742418E+051   1.0466951697155290E+049   9.9480131534926612E+039   2.4751997231601468E+027   16083616592241.555        6.1195948342148462E-002   9.1386276720655648E-016   1.6176917403088980E-028   1.3542930878812253E-041  -3.5700835110576794E-049  -2.1164215277079611E-057  -5.4336736181244256E-065  -3.4378288815257873E-072  -3.1678071118443609E-079
   4.6416490806442314E+041   3.0576023105351271E+051   1.0809561007057795E+049   1.0370824440629063E+040   2.6046636998131640E+027   17066101586962.863        6.5390619189421115E-002   9.8343739356629573E-016   1.7544148312653589E-028   1.4811953377321984E-041  -3.9397286845069835E-049  -2.3573976181559233E-057  -6.1103175470043458E-065  -3.9034617172693355E-072  -3.6320290973225131E-079
   4.7077475001760122E+041   3.1287699310936328E+051   1.1163385052419863E+049   1.0811604907723764E+040   2.7408962329932738E+027   18108562676064.773        6.9872727424378139E-002   1.0583084348491445E-015   1.9026930639649693E-028   1.6199886525552346E-041  -4.3476465499079758E-049  -2.6258111802235962E-057  -6.8712222984860280E-065  -4.4321615421800750E-072  -4.1642797598543128E-079
   4.7747862209137119E+041   3.2015941618511066E+051   1.1528790933713427E+049   1.1271118164536482E+040   2.8842510195695444E+027   19214658539653.016        7.4661963199802173E-002   1.1388790444492377E-015   2.0635029883399414E-028   1.7717872403705800E-041  -4.7977997957944854E-049  -2.9247862235608142E-057  -7.7268806371223344E-065  -5.0324703580630191E-072  -4.7745282377343569E-079
   4.8427786409629353E+041   3.2761135674649900E+051   1.1906157768002520E+049   1.1750160267058008E+040   3.0351002291734406E+027   20388270879656.746        7.9779365025418839E-002   1.2255830597206278E-015   2.2379036816294419E-028   1.9378097103164310E-041  -5.2945613973962858E-049  -3.2578024534706880E-057  -8.6890919578038064E-065  -5.7140871209423933E-072  -5.4742045757277280E-079
   4.9117383490989592E+041   3.3523676103740339E+051   1.2295877082286678E+049   1.2249561095963845E+040   3.1938354684116558E+027   21633518003843.988        8.5247412067373768E-002   1.3188873370497303E-015   2.4270437223965969E-028   2.1193888548482287E-041  -5.8427570963018168E-049  -3.6287357697327282E-057  -9.7711249956498394E-065  -6.4880244419743827E-072  -6.2764138101072706E-079
   4.9816791274832229E+041   3.4303966716990072E+051   1.2698353219719347E+049   1.2770185793619268E+040   3.3608687953741521E+027   22954769236534.262        9.1090122763385295E-002   1.4192942646049924E-015   2.6321687538615538E-028   2.3179823484947756E-041  -6.4477122782737656E-049  -4.0419033765160966E-057  -1.0987900797483686E-064  -7.3667865122790840E-072  -7.1961814261984144E-079
   5.0526149544184757E+041   3.5102420726299873E+051   1.3114003759122771E+049   1.3312936262122294E+040   3.5366337870589681E+027   24356660206275.023        9.7333160185542250E-002   1.5273444662813888E-015   2.8546296863462077E-028   2.5351844490473497E-041  -7.1153037045772818E-049  -4.5021140283860726E-057  -1.2356198477970180E-064  -8.3645711262968175E-072  -8.2507347858184781E-079
   5.1245600071431394E+041   3.5919460963115441E+051   1.3543259948234534E+049   1.3878752724976525E+040   3.7215866624719071E+027   25844109063802.117       0.10400394461224798        1.6436197113855913E-015   3.0958915928335656E-028   2.7727387951039174E-041  -7.8520165993253520E-049  -5.0147239971814326E-057  -1.3894886597680545E-064  -9.4974990676141316E-072  -9.4598257957054024E-079
   5.1975286646654273E+041   3.6755520102374100E+051   1.3986567151135158E+049   1.4468615355095926E+040   3.9162074643028521E+027   27422333686843.309       0.11113177380236068        1.7687460457141048E-015   3.3575433562075117E-028   3.0325524026902616E-041  -8.6650076473716093E-049  -5.5856994111206815E-057  -1.5625183353657695E-064  -1.0783874563277525E-071  -1.0846100860464620E-078
   5.2715355106378029E+041   3.7611040891665079E+051   1.4444385310320958E+049   1.5083545971958271E+040   4.1210013022315533E+027   29096869931759.375       0.11874795149828590        1.9033971608672688E-015   3.6413081316870691E-028   3.3167109733040199E-041  -9.5621745146928340E-049  -6.2216856916557784E-057  -1.7570949170359799E-064  -1.2244481014560185E-071  -1.2435525049189917E-078
   5.3465953362723508E+041   3.8486476385724603E+051   1.4917189423901503E+049   1.5724609810843608E+040   4.3364996610747455E+027   30873590995660.973       0.12688592472078383        2.0482980199231576E-015   3.9490546933356272E-028   3.6274956362534701E-041  -1.0552232566559431E-048  -6.9300848961962395E-057  -1.9759015725638230E-064  -1.3902916782078389E-071  -1.4257868420321689E-078
   5.4227231432976240E+041   3.9382290186390063E+051   1.5405470038416659E+049   1.6392917367218659E+040   4.5632617771536523E+027   32758727956504.621       0.13558143045672361        2.2042287589739919E-015   4.2828097393453454E-028   3.9674012596748907E-041  -1.1644799528707360E-048  -7.7191418668355831E-057  -2.2219555948818598E-064  -1.5785976450277261E-071  -1.6347263613512386E-078
   5.4999341469575766E+041   4.0298956688140351E+051   1.5909733757784463E+049   1.7089626319458138E+040   4.8018760864369141E+027   34758891562770.406       0.14487265238211150        2.3720288855110902E-015   4.6447712371083967E-028   4.3391564772028784E-041  -1.2850488913878711E-048  -8.5980401876968488E-057  -2.4986500092928652E-064  -1.7924083731075322E-071  -1.8742845152079013E-078
   5.5782437790531886E+041   4.1236961329352308E+051   1.6430503768907842E+049   1.7815943533229275E+040   5.0529617481990730E+027   36881095348672.203       0.15480038830662554        2.5526017962406113E-015   5.0373228959313622E-028   4.7457455910381113E-041  -1.4181013121239517E-048  -9.5770090676668958E-057  -2.8098003618444160E-064  -2.0351783000744476E-071  -2.1489482430036580E-078
   5.6576676910273624E+041   4.2196800849406568E+051   1.6968320384485316E+049   1.8573127151007126E+040   5.3171702481294599E+027   39132780155463.211       0.16540822907279087        2.7469196386299582E-015   5.4630498626719989E-028   5.1904325272172538E-041  -1.5649297210139562E-048  -1.0667442392439106E-056  -3.1596973340364734E-064  -2.3108297411385167E-071  -2.4638620112388407E-078
   5.7382217570937235E+041   4.3178983551778709E+051   1.7523741603588860E+049   1.9362488770335468E+040   5.5951870850312045E+027   41521840144291.062       0.17674274969303838        2.9560285423329464E-015   5.9247557436276622E-028   5.6767870353609034E-041  -1.7269604453362428E-048  -1.1882031331410342E-056  -3.5531659093836599E-064  -2.6238162593940154E-071  -2.8249241689163278E-078
   5.8199220774099671E+041   4.4184029573255227E+051   1.8097343690590373E+049   2.0185395714601374E+040   5.8877335454655876E+027   44056650391245.336       0.18885371356141945        3.1810542486306080E-015   6.4254810647347530E-028   6.2087133431897412E-041  -1.9057674889431895E-048  -1.3234912042729181E-056  -3.9956319076987024E-064  -2.9791946190950616E-071  -3.2388974230315681E-078
   5.9027849812963503E+041   4.5212471159416753E+051   1.8689721773037332E+049   2.1043273400251680E+040   6.1955685709236992E+027   46746096160743.219       0.20179429063393578        3.4232081681645473E-015   6.9685232916062485E-028   6.7904814958011003E-041  -2.1030878219804264E-048  -1.4741830195503883E-056  -4.4931968045582860E-064  -3.3827064843926634E-071  -3.7135355033245821E-078
   5.9868270305000005E+041   4.6264852946534716E+051   1.9301490459097800E+049   2.1937607804546178E+040   6.5194907223458496E+027   49599603959235.930       0.21562129053253759        3.6837938995424803E-015   7.5574585412018776E-028   7.4267616312459677E-041  -2.3208382536111921E-048  -1.6420324223895619E-056  -5.0527218676582346E-064  -3.8408711834682478E-071  -4.2577283886883101E-078
   6.0720650225056737E+041   4.7341732250030335E+051   1.9933284475215295E+049   2.2869948038116157E+040   6.8603402470601127E+027   52627174477409.328       0.23039541159310786        3.9642142438734630E-015   8.1961651280604262E-028   8.1226614675130493E-041  -2.5611340516384190E-048  -1.8289929445822442E-056  -5.6819227702367781E-064  -4.3610910367712373E-071  -4.8816688152801146E-078
   6.1585159938936425E+041   4.8443679359649012E+051   2.0585759324634955E+049   2.3841909026778230E+040   7.2190012534753538E+027   55839417535618.227       0.24618150694747565        4.2659787529565822E-015   8.8888491000992769E-028   8.8837673018009094E-041  -2.8263094898851431E-048  -2.0372405421819567E-056  -6.3894759862141950E-064  -4.9517709510537288E-071  -5.5970431849807669E-078
   6.2461972237453725E+041   4.9571277841506388E+051   2.1259591967484088E+049   2.4855174307242105E+040   7.5964039991417804E+027   59247589154258.414       0.26304886880398604        4.5907118517158865E-015   9.6400719320820301E-028   9.7161888511483802E-041  -3.1189405229184786E-048  -2.2691989200067303E-056  -7.1851384341563964E-064  -5.6224542113730551E-071  -6.4172504498533340E-078
   6.3351262370976612E+041   5.0725124847165920E+051   2.1955481523112634E+049   2.5911498941547871E+040   7.9935272980841601E+027   62863630878166.703       0.28107153217072706        4.9401615785615057E-015   1.0454780559057180E-027   1.0626608294323442E-040  -3.4418698083656153E-048  -2.5275677394857356E-056  -8.0798820198590881E-064  -6.3839766649265622E-071  -7.3576530722323863E-078
   6.4253208084459538E+041   5.1905831429911819E+051   2.2674149995421934E+049   2.7012712555273738E+040   8.4114010536202240E+027   66700211491974.281       0.30032859935052225        5.3162089906788154E-015   1.1338339947472637E-027   1.1622333908589210E-040  -3.7982343198727223E-048  -2.8153540381326585E-056  -9.0860449327871533E-064  -7.2486417877201527E-071  -8.4358647608357828E-078
   6.5167989652975014E+041   5.3114022868384741E+051   2.3416343021934339E+049   2.8160722504768887E+040   8.8511089232000055E+027   70770771271647.453       0.32090458662760851        5.7208782848219812E-015   1.2296568418373955E-027   1.2711358731842843E-040  -4.1914958189208018E-048  -3.1359072263050021E-056  -1.0217501782623566E-063  -8.2304194624534053E-071  -9.6720803720886577E-078
   6.6095789917751110E+041   5.4350338997751640E+051   2.4182830647380526E+049   2.9357517178889213E+040   9.3137911221420309E+027   75089568926263.547       0.34288979466293329        6.1563476880344942E-015   1.3335775955208100E-027   1.3902424720955449E-040  -4.6254744814808019E-048  -3.4929580685401671E-056  -1.1489854921968708E-063  -9.3451716790800900E-071  -1.1089454155582836E-077
   6.7036794322721691E+041   5.5615434548585251E+051   2.4974408122607041E+049   3.0605169440946334E+040   9.8006473735000023E+027   79671731393416.672       0.36638070421864288        6.6249611768580349E-015   1.4462805748398879E-027   1.5205092921251510E-040  -5.1043860061333360E-048  -3.8906621031306864E-056  -1.2920649593367031E-063  -1.0610908804462342E-070  -1.2714533428055970E-077
   6.7991190951596945E+041   5.6909979493632577E+051   2.5791896729632733E+049   3.1905840216822344E+040   1.0312940011670075E+028   84533306661562.109       0.39148039894305092        7.1292410880443803E-015   1.5685079250163953E-027   1.6629820210309545E-040  -5.6328825640938484E-048  -4.3336480052520237E-056  -1.4529615867351088E-063  -1.2048080561406866E-070  -1.4577755798421597E-077
   6.8959170565461541E+041   5.8234659402656070E+051   2.6636144633709844E+049   3.3261782235455521E+040   1.0851997247744689E+028   89691319803123.422       0.41829901706564782        7.6719016885770625E-015   1.7010645036146685E-027   1.8188043232028287E-040  -6.2160979889003952E-048  -4.8270714564879841E-056  -1.6338940707613365E-063  -1.3679906418130736E-070  -1.6714019256657975E-077
   6.9940926640907893E+041   5.9590175805535475E+051   2.7508027763273598E+049   3.4675343928165665E+040   1.1419216605035517E+028   95163832413337.219       0.44695423397806466        8.2558637779658189E-015   1.8448231795491267E-027   1.9892270194608412E-040  -6.8596976447008014E-048  -5.3766751476804783E-056  -1.8373573914837518E-063  -1.5532750725912477E-070  -1.9163335804062700E-077
   7.0936655408712152E+041   6.0977246563822489E+051   2.8408450718693036E+049   3.6148973493561937E+040   1.2016068533626238E+028   100970005661639.86       0.47757177781188170        8.8842704013252140E-015   2.0007305798161125E-027   2.1756181269211444E-040  -7.5699334575187783E-048  -5.9888556134079547E-056  -2.0661572167870855E-063  -1.7636548665626864E-070  -2.1971580867061441E-077
   7.1946555893060745E+041   6.2396606250945190E+051   2.9338347710765647E+049   3.7685223135062533E+040   1.2644100213276774E+028   107130167174943.72       0.51028598026836325        9.5605037577189866E-015   2.1698133217767629E-027   2.3794738395081717E-040  -8.3537046440260169E-048  -6.6707376759008067E-056  -2.3234485906240181E-063  -2.0025289884719540E-070  -2.5191352530728040E-077
   7.2970829951335199E+041   6.3849006541263464E+051   3.0298683529929271E+049   3.9286753478353535E+040   1.3304939554485601E+028   113665881985456.50       0.54524036510923823        1.0288203394675722E-014   2.3531847720132195E-027   2.6024305372407744E-040  -9.2186247276862412E-048  -7.4302573647577127E-056  -2.6127794388747301E-063  -2.2737567638210614E-070  -2.8882956685028696E-077
   7.4009682314463073E+041   6.5335216608181522E+051   3.1290454547196595E+049   4.0956338176425474E+040   1.4000299408026758E+028   120600027789806.72       0.58258827688219583        1.1071285786693961E-014   2.5520523762460493E-027   2.8462779206762065E-040  -1.0173095493205383E-047  -8.2762542774647604E-056  -2.9381394927173553E-063  -2.5817202305583028E-070  -3.3115536535068501E-077
   7.5063320627843453E+041   6.6856023531528301E+051   3.2314689747850358E+049   4.2696868710150075E+040   1.4731981993814861E+028   127956874781205.38       0.62249355263055273        1.1913965402992713E-014   2.7677256085590564E-027   3.1129733759255862E-040  -1.1226388597612238E-047  -9.2185744555870923E-056  -3.3040153041134202E-063  -2.9313949357007863E-070  -3.7968367630462292E-077
   7.6131955492854833E+041   6.8412232714421522E+051   3.3372451798971562E+049   4.4511359392697529E+040   1.5501883560515846E+028   135762170332245.69       0.66513123952433229        1.2820777377766869E-014   3.0016245922534301E-027   3.4046576855301177E-040  -1.2388735630660990E-047  -1.0268184973879308E-055  -3.7154521120154059E-063  -3.3284303206697538E-070  -4.3532342669013710E-077
   7.7215800508953665E+041   7.0004668309836242E+051   3.4464838151907751E+049   4.6402952586446969E+040   1.6311999287915114E+028   144043228822776.22       0.71068836155059711        1.3796601904818705E-014   3.2552894490732465E-027   3.7236722112881483E-040  -1.3671427499312880E-047  -1.1437301575870073E-055  -4.1781234123667131E-063  -3.7792409940300035E-070  -4.9911673884228194E-077
   7.8315072316372302E+041   7.1634173657103569E+051   3.5592982180825037E+049   4.8374924141409881E+040   1.7164428444679214E+028   152829026925137.44       0.75936473861517484        1.4846690487703322E-014   3.5303904383377726E-027   4.0725776869357873E-040  -1.5086924101616125E-047  -1.2739530841304471E-055  -4.6984091911901309E-063  -4.2911103662179963E-070  -5.7225844901376289E-077
   7.9429990639424528E+041   7.3301611728571035E+051   3.6758054358524654E+049   5.0430689064568783E+040   1.8061379814804550E+028   162150304677985.22       0.81137386163683223        1.5976694186496636E-014   3.8287389527143516E-027   4.4541747715030640E-040  -1.6648975355240619E-047  -1.4190028539941446E-055  -5.2834838995139951E-063  -4.8723083205591088E-070  -6.5611848619187752E-077
   8.0560778330427479E+041   7.5007865586660798E+051   3.7961263470743637E+049   5.2573807429932622E+040   1.9005177406737684E+028   172039672700007.72       0.86694382745950649        1.7192694013023536E-014   4.1522994430030816E-027   4.8715265282971179E-040  -1.8372754756207302E-047  -1.5805676014571357E-055  -5.9414153832127235E-063  -5.5322248216394908E-070  -7.5226753031302277E-077
   8.1707661414248780E+041   7.6753838851568115E+051   3.9203857870198990E+049   5.4807990539526147E+040   1.9998266459879043E+028   182531725916139.41       0.92631833766943117        1.8501233637928207E-014   4.5032023504181393E-027   5.3279830099170934E-040  -2.0275006765052770E-047  -1.7605276645931672E-055  -6.6812761318923812E-063  -6.2815216195755236E-070  -8.6250643043662127E-077
   8.2870869133487674E+041   7.8540456179847434E+051   4.0487126771676142E+049   5.7137107345963760E+040   2.1043219763946791E+028   193663164191462.72       0.98975776568305962        1.9909354585390599E-014   4.8837581314805994E-027   5.8272081466062548E-040  -2.2374209451969252E-047  -1.9609774685899634E-055  -7.5132683808152277E-063  -7.1323045010735862E-070  -9.8889993386138648E-077
   8.4050633994299102E+041   8.0368663754139675E+051   4.1812401589504753E+049   5.9565191147710712E+040   2.2142744307482183E+028   205472920291945.25        1.0575402967697971        2.1424634104659275E-014   5.2964724678277044E-027   6.3732091537308775E-040  -2.4690753980663119E-047  -2.1842499005647923E-055  -8.4488647908718557E-063  -8.0983188701176870E-070  -1.1338153579072983E-076
   8.5247191812870246E+041   8.2239429784300083E+051   4.3181057318809150E+049   6.2096446568604965E+040   2.3299688272624349E+028   218002295616562.81        1.1299631459920023        2.3055225921953058E-014   5.7440627610408786E-027   6.9703686943911402E-040  -2.7247142674220902E-047  -2.4329434595392656E-055  -9.5009666464094051E-063  -9.1951718180251043E-070  -1.2999669286586800E-076
   8.6460781762558345E+041   8.4153745020192014E+051   4.4594513961965901E+049   6.4735256833704448E+040   2.4517048394172681E+028   231295104172306.09        1.2073438593848997        2.4809904091759245E-014   6.2294760210507947E-027   7.6234800552786542E-040  -3.0068207586748272E-047  -2.7099524975316290E-055  -1.0684081752270966E-062  -1.0440584270559487E-069  -1.4904666171011047E-076
   8.7691646421699522E+041   8.6112623276418204E+051   4.6054238001747995E+049   6.7486191354036210E+040   2.5797977701891770E+028   245397825292140.62        1.2900217040624347        2.6698110183207883E-014   6.7559082658480402E-027   8.3377856180757918E-040  -3.3181351703708020E-047  -3.0185009036969467E-055  -1.2014524483025350E-062  -1.1854677285700457E-069  -1.7088824247753667E-076
   8.8940031822098119E+041   8.8117101969267282E+051   4.7561743922683393E+049   7.0354013633357165E+040   2.7145793665999030E+028   260359765626295.94        1.3783591533232924        2.8730004055118923E-014   7.3268255601727424E-027   9.1190189351377839E-040  -3.6616815113661224E-047  -3.3621796235130919E-055  -1.3510640742812895E-062  -1.3460297127388428E-069  -1.9593052105945196E-076
   9.0206187498206112E+041   9.0168242666160198E+051   4.9118595782205834E+049   7.3343689510592763E+040   2.8563986766811683E+028   276233230969398.28        1.4727434732459712        3.0916518492598069E-014   7.9459868316412602E-027   9.9734507471216393E-040  -4.0407968736646364E-047  -3.7449884496396693E-055  -1.5193060937713587E-062  -1.5283384367006416E-069  -2.2464253104381151E-076
   9.1490366537002406E+041   9.2267131647887054E+051   5.0726408833227412E+049   7.6460395752199169E+040   3.0056229510619923E+028   293073708520046.38        1.5735884177047699        3.3269417998801724E-014   8.6174686144638304E-027   1.0907939311858444E-039  -4.4591638462069339E-047  -4.1713825707871605E-055  -1.7084984448794263E-062  -1.7353392975647095E-069  -2.5756203845472699E-076
   9.2792825628582307E+041   9.4414880483932564E+051   5.2386851199815528E+049   7.9709529009299227E+040   3.1626385915000049E+028   310940060205575.44        1.6813360392117205        3.5801362057812420E-014   9.3456918835905415E-027   1.1929985448361441E-039  -4.9208462844322224E-047  -4.6463244203031921E-055  -1.9212499528337786E-062  -1.9703766177834072E-069  -2.9530561380300654E-076
   9.4113825117466705E+041   9.6612626621194378E+051   5.4101645607712231E+049   8.3096715155072083E+040   3.3278521487987619E+028   329894727743089.88        1.7964586234949782        3.8525973208583640E-014   1.0135451155877917E-026   1.3047792737698740E-039  -5.4303287830268440E-047  -5.1753414278562270E-055  -2.1604943030187633E-062  -2.2372476754368663E-069  -3.3858018008874258E-076
   9.5453629054641861E+041   9.8861533986406354E+051   5.5872571171490450E+049   8.6627819018533266E+040   3.5016913726799785E+028   350003950148500.94        1.9194607562641102        4.1457910295755842E-014   1.0991946049784952E-026   1.4270333363840524E-039  -5.9925602352392254E-047  -5.7645903462917201E-055  -2.4295304934390498E-062  -2.5402640523171133E-069  -3.8819625304005020E-076
   9.6812505250339517E+041   1.0116279360258564E+052   5.7701465240200733E+049   9.0308954531526037E+040   3.6846063163130796E+028   371337994448416.75        2.0508815311895074        4.4612947290952246E-014   1.1920815511283952E-026   1.5607420122847792E-039  -6.6130019018303263E-047  -6.4209289022514043E-055  -2.7320683243960677E-062  -2.8843212909199180E-069  -4.4508312156589209E-076
   9.8190725327568574E+041   1.0351762421983002E+052   5.9590225303422391E+049   9.4146495306458791E+040   3.8770704983448808E+028   393971400395457.81        2.1912969087392682        4.8008058108083213E-014   1.2928174931214252E-026   1.7069785178266544E-039  -7.2976804565266687E-047  -7.1519956043730097E-055  -3.0722795526138941E-062  -3.2749779856854841E-069  -5.1030625273907873E-076
   9.9588564776408329E+041   1.0592727296079945E+052   6.1540810959695713E+049   9.8147085663066844E+040   4.0795821254199230E+028   417983240036058.00        2.3413222361750328        5.1661507868381862E-014   1.4020656398331269E-026   1.8669166194724519E-039  -8.0532465231751162E-047  -7.9662986378173746E-055  -3.4548554151551360E-062  -3.7185455862418927E-069  -5.8508724728857315E-076
   1.0100630300907464E+042   1.0839301598122383E+052   6.3555245949376750E+049   1.0231765212325192E+041   4.2926653783373527E+028   443457393031236.56        2.5016149397112919        5.5592951105534038E-014   1.5205452352934543E-026   2.0418400540931949E-039  -8.8870392731340383E-047  -8.8733148796069473E-055  -3.8850713162959687E-062  -4.2221903634602010E-069  -6.7082671934844183E-076
   1.0244422341576975E+042   1.1091615914578665E+052   6.5635620254022601E+049   1.0666541539386102E+041   4.5168717651536592E+028   470482838685354.94        2.6728774005936624        5.9823537438538775E-014   1.6490362928332013E-026   2.2331528318037688E-039  -9.8071577102923847E-047  -9.8836001870346777E-055  -4.3688595692942880E-062  -4.7940491856229084E-069  -7.6913052897880547E-076
   1.0390261342132709E+042   1.1349803871974229E+052   6.7784092264484398E+049   1.1119790285810881E+041   4.7527815447125066E+028   499153965695707.75        2.8558600276538280        6.4376025280040524E-014   1.7883847291661036E-026   2.4423905040107704E-039  -1.0822539336057917E-046  -1.1008912242585645E-054  -4.9128911960477771E-062  -5.4433609751124625E-069  -8.8183985876767676E-076
   1.0538176454266206E+042   1.1614002207663344E+052   7.0002891019956513E+049   1.1592296159722525E+041   5.0010052242637181E+028   529570900697124.06        3.0513645397557281        6.9274904191027520E-014   1.9395079321899125E-026   2.6712324870941631E-039  -1.1943046958329326E-046  -1.2262347384931934E-054  -5.5246679125307915E-062  -6.1806159693477767E-069  -1.0110656978176550E-075
   1.0688197244704072E+042   1.1884350842248317E+052   7.2294318520303409E+049   1.2084877196482622E+041   5.2621851350237007E+028   561839856740795.31        3.2602474724629356        7.4546526539222643E-014   2.1034007991431998E-026   2.9215155406146981E-039  -1.3179564487560065E-046  -1.3658493018314514E-054  -6.2126255683423315E-062  -7.0177251973266834E-069  -1.1592283789664281E-075
   1.0840353701117747E+042   1.2160992953684533E+052   7.4660752114062462E+049   1.2598386173745778E+041   5.5369970897296531E+028   596073502915515.12        3.4834239242349017        8.0219249168453156E-014   2.2811422848491071E-026   3.1952485082028467E-039  -1.4544102650302568E-046  -1.5213597373908024E-054  -6.9862504666284077E-062  -7.9682129097174634E-069  -1.3291029097308488E-075
   1.0994676238117419E+042   1.2444075053110553E+052   7.7104646964598852E+049   1.3133712086576098E+041   5.8261521264503773E+028   632391356392658.62        3.7218715585041631        8.6323585840042589E-014   2.4739025031330620E-026   3.4946284394165638E-039  -1.6049915646937653E-046  -1.6945758598684890E-054  -7.8562101682382368E-062  -9.0474350712588818E-069  -1.5238709459734728E-075
   1.1151195703331209E+042   1.2733747062443432E+052   7.9628538596969763E+049   1.3691781685173855E+041   6.1303983431379007E+028   670920198253795.38        3.9766348791022548        9.2892371265108841E-014   2.6829504281406646E-026   3.8220582219357959E-039  -1.7711629886580776E-046  -1.8875135372203446E-054  -8.8345005836836343E-062  -1.0272827445265947E-068  -1.7471803817000603E-075
   1.1309943383570898E+042   1.3030162393780336E+052   8.2235045528139066E+049   1.4273561077868756E+041   6.4505228276369588E+028   711794514542077.88        4.2488297976937668        9.9960937608888448E-014   2.9096622462285140E-026   4.1801658655801536E-039  -1.9545386049446178E-046  -2.1024181502258070E-054  -9.9346113810480837E-062  -1.1664187278099579E-068  -2.0032136710366299E-075
   1.1470951011085383E+042   1.3333478030648521E+052   8.4926871983269663E+049   1.4880057402148660E+041   6.7873536881143107E+028   755156964065783.00        4.5396485131509028        1.0756730441517220E-013   3.1555304133805646E-026   4.5718255928898326E-039  -2.1568995856381347E-046  -2.3417907229362351E-054  -1.1171711990532796E-061  -1.3243993134265325E-068  -2.2967661619766163E-075
   1.1634250769903152E+042   1.3643854611146656E+052   8.7706810700910240E+049   1.5512320566610191E+041   7.1417621891275559E+028   801158874574870.38        4.8503647241606638        1.1575238297098900E-013   3.4221734777438813E-026   5.0001809055050033E-039  -2.3802115068113853E-046  -2.6084170280836079E-054  -1.2562860770313242E-061  -1.5037768049128056E-068  -2.6333359089953774E-075
   1.1799875302265003E+042   1.3961456513021583E+052   9.0577745829985148E+049   1.6171445066839915E+041   7.5146649988240528E+028   849960769029522.75        5.1823391978091635        1.2456019620920280E-013   3.7113467319108838E-026   5.4686698114317303E-039  -2.6266434394368053E-046  -2.9054000061449734E-054  -1.4127240217726934E-061  -1.7074491866022461E-068  -3.0192266466123594E-075
   1.1967857715148331E+042   1.4286451940725482E+052   9.3542655921591263E+049   1.6858571878362398E+041   7.9070265530456520E+028   901732923783645.62        5.5370257184390281        1.3403811533010350E-013   4.0249537650334598E-026   5.9810524156203034E-039  -2.8985890166940351E-046  -3.2361958753174058E-054  -1.5886421468924221E-061  -1.9387069419107897E-068  -3.4616658524669271E-075
   1.2138231586884243E+042   1.4619013014499583E+052   9.6604617018703973E+049   1.7574890429924486E+041   8.3198615424147260E+028   956655960616610.75        5.9159774427329905        1.4423711441282833E-013   4.3650589907735414E-026   6.5414410952436110E-039  -3.1986896822758206E-046  -3.6046543526074244E-054  -1.7864661733940028E-061  -2.2012862125496680E-068  -3.9689401110783935E-075
   1.2311030973868854E+042   1.4959315861531609E+052   9.9766805846996102E+049   1.8321640660523601E+041   8.7542375287924395E+028   1014921474663496.0        6.3208536887469613        1.5521204438402268E-013   4.7339012335138301E-026   7.1543335018011121E-039  -3.5298603454753071E-046  -4.0150634540775452E-054  -2.0089238768253357E-061  -2.4994291574550954E-068  -4.5505503134767818E-075
   1.2486290417370092E+042   1.5307540709235167E+052   1.0303250311007803E+050   1.9100115163732524E+041   9.2112776978318463E+028   1076732700418117.1        6.7534271885065786        1.6702192781506055E-013   5.1339084622135102E-026   7.8246486548542672E-039  -3.8953176922108131E-046  -4.4721993955775287E-054  -2.2590826992553822E-061  -2.8379524865343295E-068  -5.2173895993865195E-075
   1.2664044950431374E+042   1.5663871980700527E+052   1.0640509689257580E+050   1.9911661423023565E+041   9.6921637546973787E+028   1142305218114676.0        7.2155918358009448        1.7973027613094797E-013   5.5677137688427935E-026   8.5577664170040883E-039  -4.2986114269367206E-046  -4.9813821746389136E-054  -2.5403920446671001E-061  -3.2223252763898767E-068  -5.9819473745779499E-075
   1.2844330104873525E+042   1.6028498392367271E+052   1.0988808617457568E+050   2.0757684141952132E+041   1.0198138970389304E+029   1211867702933333.2        7.7093709629644991        1.9340543093433131E-013   6.0381726965166132E-026   9.3595706668495140E-039  -4.7436587488516630E-046  -5.5485374803192733E-054  -2.8567308409360320E-061  -3.6587573251315134E-068  -6.8585432243481539E-075
   1.3027181918396328E+042   1.6401613053970617E+052   1.1348508446107894E+050   2.1639647673223286E+041   1.0730511386497721E+029   1285662719622916.2        8.2369261827423035        2.0812093127746726E-013   6.5483820313255489E-026   1.0236496516334454E-038  -5.2347823972240228E-046  -6.1802656514163411E-054  -3.2124610241780702E-061  -4.1542994736416138E-068  -7.8635951039987508E-075
   1.3212636941781157E+042   1.6783413570814227E+052   1.1719982353023006E+050   2.2559078550835381E+041   1.1290657186616755E+029   1363947565290818.8        8.8005668337953384        2.2395590885428127E-013   7.1017001814895291E-026   1.1195581951339348E-038  -5.7767526353149282E-046  -6.8839184854886337E-054  -3.6124876829056535E-061  -4.7169575139733516E-068  -9.0159268291300605E-075
   1.3400732246196080E+042   1.7174102148423744E+052   1.2103615730420430E+050   2.3517568129672861E+041   1.1880024243076671E+029   1446995163276456.5        9.4027600710314232        2.4099551323448753E-013   7.7017692779002245E-026   1.2244524309860357E-038  -6.3748335806269751E-046  -7.6676847924726728E-054  -4.0623266912546960E-061  -5.3558215250565082E-068  -1.0337120624590529E-074
   1.3591505430604941E+042   1.7573885699636405E+052   1.2499806584676809E+050   2.4516775337105321E+041   1.2500135848100861E+029   1535095011201007.5        10.046141644755608        2.5933136942297423E-013   8.3525391414401123E-026   1.3391742050930492E-038  -7.0348343314141854E-046  -8.5406856884403006E-054  -4.5681807638008493E-061  -6.0812127251075525E-068  -1.1851921334791749E-074
   1.3784994629281854E+042   1.7982975954183458E+052   1.2908965949165697E+050   2.5558429541343433E+041   1.3152594638967113E+029   1628554186473174.8        10.733527415633345        2.7906207020113521E-013   9.0582932747441606E-026   1.4646442309883322E-038  -7.7631653859650582E-046  -9.5130807383768361E-054  -5.1370249805969371E-061  -6.9048502131154221E-068  -1.3588699865626672E-074
   1.3981238519432645E+042   1.8401589570823423E+052   1.3331518310605064E+050   2.6644333541503425E+041   1.3839086727249625E+029   1727698412729009.8        11.467925655663668        3.0029370589348162E-013   9.8236770493849685E-026   1.6018694781981913E-038  -8.5669009025682906E-046  -1.0596186183100693E-053  -5.7767029616342971E-061  -7.8400402930730270E-068  -1.5579984537530972E-074
   1.4180276328924742E+042   1.8829948252085495E+052   1.3767902049356578E+050   2.7776366684541835E+041   1.4561386042740839E+029   1832873190894111.5        12.252550188781690        3.2314043440369926E-013   1.0653728273901204E-025   1.7519512527205599E-038  -9.4538474047888140E-046  -1.1802606626056296E-053  -6.4960350167595377E-061  -8.9018914394372850E-068  -1.7863070301080277E-074
   1.4382147844127044E+042   1.9268278861683919E+052   1.4218569894133105E+050   2.8956488114440924E+041   1.5321358903202117E+029   1944444998779496.2        13.090834428365092        3.4772509458040105E-013   1.1553910343747514E-025   1.9160940344512569E-038  -1.0432619599270938E-045  -1.3146381712330786E-053  -7.3049397621891987E-061  -1.0107558376520609E-067  -2.0480717224737139E-074
   1.4586893417861369E+042   1.9716813544665457E+052   1.4683989391585824E+050   3.0186740159253349E+041   1.6120968821670386E+029   2062802563358853.2        13.986446372823481        3.7417986620532193E-013   1.2530148191224499E-025   2.0956151424621833E-038  -1.1512724042353447E-045  -1.4643149506693395E-053  -8.2145708804342253E-061  -1.1476519214835333E-067  -2.3481951336261069E-074
   1.4794553977467027E+042   2.0175789850353561E+052   1.5164643391257817E+050   3.1469251861852111E+041   1.6962281563656332E+029   2188358210125626.0        14.943304624619744        4.0264698014685633E-013   1.3588867271861500E-025   2.2919553056771797E-038  -1.2704651467998866E-045  -1.6310328471764105E-053  -9.2374709092339169E-061  -1.3030890121427237E-067  -2.6922982816182461E-074
   1.5005171032980164E+042   2.0645450858154367E+052   1.5661030546406807E+050   3.2806242660479825E+041   1.7847470467209248E+029   2321549294194184.0        15.965595502526808        4.3327948249099291E-013   1.4737035843693959E-025   2.5066902237546213E-038  -1.4019978673646056E-045  -1.8167320163846180E-053  -1.0387744179883461E-060  -1.4795782607571189E-067  -3.0868258739516202E-074
   1.5218786685429483E+042   2.1126045306291084E+052   1.6173665831216281E+050   3.4200026225449395E+041   1.8778822039496687E+029   2462839718091243.5        17.057791321680870        4.6624205675129621E-013   1.5982210817532141E-025   2.7415432109294973E-038  -1.5471480953408230E-045  -2.0235735005023348E-053  -1.1681251289357272E-060  -1.6799709205655766E-067  -3.5391670081711096E-074
   1.5435443635249988E+042   2.1617827723534945E+052   1.6703081074931143E+050   3.5653014458617556E+041   1.9758741844254680E+029   2612721541482595.0        18.224669921073797        5.0171190857116894E-013   1.7332587479801427E-025   2.9983990242553740E-038  -1.7073256170458824E-045  -2.2539643758631735E-053  -1.3135827787521980E-060  -1.9075044088775518E-067  -4.0577935593887748E-074
   1.5655185190816463E+042   2.2121058564002470E+052   1.7249825513471606E+050   3.7167721662533070E+041   2.0789760695208722E+029   2771716688397130.0        19.471335523555275        5.3987971766688449E-013   1.8797053415000599E-025   3.2793189871879723E-038  -1.8840861673469363E-045  -2.5105857634292990E-053  -1.4771530094591074E-060  -2.1658546074106356E-067  -4.6524188464813691E-074
   1.5878055277098374E+042   2.2636004345090378E+052   1.7814466359097109E+050   3.8746768886454127E+041   2.1874541171348529E+029   2940378757846213.5        20.803241019212493        5.8095066212058021E-013   2.0385246982440890E-025   3.5865575298432880E-038  -2.0791465386684642E-045  -2.7964240281818307E-053  -1.6610912039400798E-060  -2.4591952458898818E-067  -5.3341795484833656E-074
   1.6104098444437870E+042   2.3162937788621219E+052   1.8397589388710800E+050   4.0392888456734058E+041   2.3015884470763165E+029   3119294944092797.0        22.226211769187504        6.2514552052051069E-013   2.2107620731876463E-025   3.9225802786276078E-038  -2.2944012540851145E-045  -3.1148055304338572E-053  -1.8679335831259435E-060  -2.7922653282164180E-067  -6.1158442781236453E-074
   1.6333359877452745E+042   2.3702137965274384E+052   1.8999799551414390E+050   4.2108928699392464E+041   2.4216737620609084E+029   3309088073202497.0        23.746471033606095        6.7270185786342458E-013   2.3975510175113505E-025   4.2900838403655446E-038  -2.5319409664091909E-045  -3.4694353334301360E-053  -2.1005321752860126E-060  -3.1704456904333517E-067  -7.0120527186841096E-074
   1.6565885404066023E+042   2.4253890442379022E+052   1.9621721595943159E+050   4.3897858863019806E+041   2.5480201061694561E+029   3510418762909496.5        25.370667134356179        7.2387530158321335E-013   2.6001208365903506E-025   4.6920174396450166E-038  -2.7940727619418716E-045  -3.8644403176308409E-053  -2.3620941395595323E-060  -3.5998459272325781E-067  -8.0395898027416903E-074
   1.6801721504664000E+042   2.4818487435147040E+052   2.0264000718631450E+050   4.5762774250508987E+041   2.6809536627122078E+029   3723987713254919.5        27.105902470998732        7.7894091455337180E-013   2.8198046778617939E-025   5.1316065829639490E-038  -3.0833425660518448E-045  -4.3044172033504160E-053  -2.6562259858929044E-060  -4.0874030912397196E-067  -9.2177000676103969E-074
   1.7040915321384635E+042   2.5396227961426292E+052   2.0927303232580322E+050   4.7706901568467143E+041   2.8208175935437793E+029   3950538135905748.0        28.959764516153236        8.3819467243090935E-013   3.0580483017617765E-025   5.6123789395215657E-038  -3.4025598681539642E-045  -4.7944860405331615E-053  -2.9869833010546951E-060  -4.6409937594916001E-067  -1.0568448074717222E-073
   1.7283514667538045E+042   2.5987418000055883E+052   2.1612317258720912E+050   4.9733604503535819E+041   2.9679729219797198E+029   4190858330539939.5        30.940358925306800        9.0195505326893993E-013   3.3164195934143789E-025   6.1381926462779073E-038  -3.7548250061819843E-045  -5.3403497880591071E-053  -3.3589266663120660E-060  -5.2695612774533920E-067  -1.2117131642815278E-073
   1.7529568037161022E+042   2.6592370652907339E+052   2.2319753439489805E+050   5.1846389535238948E+041   3.1227994615770342E+029   4445784417189779.5        33.056344905189611        9.7056474792725762E-013   3.5966188776258319E-025   6.7132672643511917E-038  -4.1435592755020053E-045  -5.9483606758271046E-053  -3.7771845377156769E-060  -5.9832602360988645E-067  -1.3892755634014740E-073
   1.7779124614707495E+042   2.7211406310697543E+052   2.3050345675856151E+050   5.4048911995385226E+041   3.2856967931582711E+029   4716203233972437.0        35.316972994678387        1.0443925004579909E-012   3.9004901050184554E-025   7.3422176350897368E-038  -4.5725381546382874E-045  -6.6255941217811218E-053  -4.2475239559320887E-060  -6.7936205159573889E-067  -1.5928575165619564E-073
   1.8032234284876854E+042   2.7844852822661122E+052   2.3804851888464348E+050   5.6344982384476439E+041   3.4570852925820575E+029   5003055410205964.0        37.732125422677079        1.1238350883403997E-012   4.2300329828665234E-025   8.0300909074141614E-038  -5.0459279704468200E-045  -7.3799310639487981E-053  -4.7764300605066084E-060  -7.7137335481121847E-067  -1.8262718420931788E-073
   1.8288947642582086E+042   2.8493045670172128E+052   2.4584054803681198E+050   5.8738572956015813E+041   3.6374072118926353E+029   5307338625512618.0        40.312359218625190        1.2093194531887690E-012   4.5874161304071950E-025   8.7824070334625337E-038  -5.5683263587682293E-045  -8.2201496654708319E-053  -5.3711955048234296E-060  -8.7584638010214862E-067  -2.0938900722873846E-073
   1.8549316003059702E+042   2.9156328144406907E+052   2.5388762765362211E+050   6.1233824580072057E+041   3.8271278166173523E+029   5630111066151378.0        43.068952263248072        1.3013049933641608E-012   4.9749913451350128E-025   9.6052030573905974E-038  -6.1448069134445539E-045  -9.1560274596550647E-053  -6.0400210045272609E-060  -9.9446889095248239E-067  -2.4007243243398622E-073
   1.8813391412123503E+042   2.9835051528142259E+052   2.6219810573178338E+050   6.3835053897935608E+041   4.0267365821244858E+029   5972495090500116.0        46.013952479940798        1.4002860307888583E-012   5.3953090738923793E-025   1.0505081552603741E-037  -6.7809684572518585E-045  -1.0198455123558736E-052  -6.7921284056630386E-060  -1.1291572325072739E-066  -2.7525211681212894E-073
   1.9081226656564204E+042   3.0529575281784988E+052   2.7078060348371955E+050   6.6546760780205127E+041   4.2367484521046418E+029   6335681116327365.0        49.160230380825219        1.5067944651962996E-012   5.8511351904889258E-025   1.1489263595971253E-037  -7.4829894131773761E-045  -1.1359563203899585E-052  -7.6378878313938525E-060  -1.2820872891553544E-066  -3.1558692487029013E-073
   1.9352875274696986E+042   3.1240267233731499E+052   2.7964402427839328E+050   6.9373636101164389E+041   4.4577051623976276E+029   6720931743256477.0        52.521535196095293        1.6214026300541534E-012   6.3454691901718053E-025   1.2565646703963423E-037  -8.2576878039916063E-045  -1.2652863269795254E-052  -8.5889606602513122E-060  -1.4557296347570681E-066  -3.6183226791454263E-073
   1.9628391567059089E+042   3.1967503775158024E+052   2.8879756287466138E+050   7.2320569842855008E+041   4.6901766335535566E+029   7129586124633773.0        56.112554830834064        1.7447263654793494E-012   6.8815639205831139E-025   1.3742868195449717E-037  -9.1125874627131800E-045  -1.4093405134683958E-052  -9.6584603071328448E-060  -1.6528894433283829E-066  -4.1485425143965942E-073
   1.9907830607259581E+042   3.2711670059344667E+052   2.9825071495672841E+050   7.5392659542817281E+041   4.9347624356924565E+029   7563064603869875.0        59.948979910112293        1.8774283246270658E-012   7.4629469789410332E-025   1.5030374489421119E-037  -1.0055991096867991E-044  -1.5697951976740519E-052  -1.0861133023695838E-059  -1.8767518048905575E-066  -4.7564589557508048E-073
   2.0191248252983417E+042   3.3473160205638803E+052   3.0801328698158083E+050   7.8595219100064164E+041   5.1920933294111788E+029   8022873631232572.0        64.047572190937473        2.0202215312871932E-012   8.0934439161343232E-025   1.6438496893500427E-037  -1.1097060915989399E-044  -1.7485175395345352E-052  -1.2213561210792377E-059  -2.1309331785064430E-066  -5.4534573235492154E-073
   2.0478701157152068E+042   3.4252377508165690E+052   3.1809540634860649E+050   8.1933787954469021E+041   5.4628328866805734E+029   8510610978033656.0        68.426237638587992        2.1738732077682883E-012   8.7772034002973233E-025   1.7978534491162664E-037  -1.2245907605239225E-044  -1.9475872673112813E-052  -1.3734392045945360E-059  -2.4195398136606909E-066  -6.2525912809091701E-073
   2.0770246779242862E+042   3.5049734649396866E+052   3.2850753190193582E+050   8.5414140655391435E+041   5.7476791958799628E+029   9027971266174158.0        73.104104485124239        2.3392088935977338E-012   9.5187245053128149E-025   1.9662844792521119E-037  -1.3513688509062727E-044  -2.1693208771337524E-052  -1.5444594577865286E-059  -2.7472340837030086E-066  -7.1688273016037583E-073
   2.1065943396769322E+042   3.5865653918689280E+052   3.3926046477638978E+050   8.9042296836035108E+041   6.0473666553307353E+029   9576751832096122.0        78.101606609502596        2.5171168771254611E-012   1.0322886303657422E-024   2.1504942875799476E-037  -1.4912715978211329E-044  -2.4162985874478473E-052  -1.7367748832458100E-059  -3.1193098028792018E-066  -8.2193249603221393E-073
   2.1365850116924801E+042   3.6700567435910895E+052   3.5036535959827140E+050   9.2824531610730098E+041   6.3626678599165777E+029   10158858945337928.        83.440572601824996        2.7085529637955566E-012   1.1194979958150511E-024   2.3519609814706118E-037  -1.6456576932142618E-044  -2.6913943619818634E-052  -1.9530370916088068E-059  -3.5417777435885177E-066  -9.4237582943858199E-073
   2.1670026888391712E+042   3.7554917380271041E+052   3.6183373605260664E+050   9.6767386413059665E+041   6.6943955856154108E+029   10776314403108264.        89.144320898934055        2.9145456066542979E-012   1.2140743523592379E-024   2.5723011261399030E-037  -1.8160264797695914E-044  -2.9978093505440806E-052  -2.1962278598119263E-059  -4.0214627352716326E-066  -1.0804684255137908E-072
   2.1978534513318696E+042   3.8429156224476720E+052   3.7367749082882149E+050   1.0087768029351075E+042   7.0434048770177527E+029   11431262523585324.        95.237761404919908        3.1362014266042888E-012   1.3166399687088481E-024   2.8132827136175842E-037  -2.0040325105100542E-044  -3.3391091367301824E-052  -2.4697002412806002E-059  -4.5661139134128805E-066  -1.2387965149064342E-072
   2.2291434659468149E+042   3.9323746974338732E+052   3.8590890995723072E+050   1.0516252169611766E+042   7.4105952431689562E+029   12125977562017026.        101.74750403825389        3.3747111520028633E-012   1.4278696695170957E-024   3.0768393464096463E-037  -2.2115016154969346E-044  -3.7192652259092598E-052  -2.7772247948128732E-059  -5.1845298995546868E-066  -1.4203252979761766E-072
   2.2608789872536480E+042   4.0239163413954399E+052   3.9854068154912038E+050   1.0962932073439284E+042   7.7969129673488872E+029   12862871575149644.        108.70197467732639        3.6313560094498431E-012   1.5484952736773282E-024   3.3650857496159461E-037  -2.4404486316248605E-044  -4.1427012561893517E-052  -3.1230415694828192E-059  -5.8867009344026878E-066  -1.6284544761069071E-072
   2.2930663588649602E+042   4.1175890356596725E+052   4.1158590895362511E+050   1.1428580198769777E+042   8.2033535366931610E+029   13644502761051360.        116.13153900827344        3.9075146000272251E-012   1.6793104073826193E-024   3.6803347359189032E-037  -2.6930969676558460E-044  -4.6143444700111341E-052  -3.5119185622404256E-059  -6.6839702599421203E-066  -1.8670819200735769E-072
   2.3257120147036091E+042   4.2134423901442733E+052   4.2505812434502875E+050   1.1914001784010223E+042   8.6309641978654915E+029   14473584303028860.        124.06863481326685        4.2046702978542671E-012   1.8211757235872329E-024   4.0251157595100859E-037  -2.9719001944531564E-044  -5.1396830452207734E-052  -3.9492174541155143E-059  -7.5892173574129977E-066  -2.1406766677798253E-072
   2.3588224802880571E+042   4.3115271696276773E+052   4.3897130275456683E+050   1.2420036238471335E+042   9.0808466453120216E+029   15352993748065020.        132.54791327406409        4.5244192106197011E-012   1.9750245621804993E-024   4.4021952077636632E-037  -3.2795658700372229E-044  -5.7248299526420207E-052  -4.4409675312737553E-059  -8.6170660010252641E-066  -2.4543626183908447E-072
   2.3924043740359873E+042   4.4118953206307977E+052   4.5333987656126748E+050   1.2947558591742893E+042   9.5541598489662924E+029   16285782952039762.        141.60638990472512        4.8684787447634281E-012   2.1418690880798452E-024   4.8145985934010300E-037  -3.6190818307821781E-044  -6.3765940830962813E-052  -4.9939488100060715E-059  -9.7841204881377863E-066  -2.8140144901924549E-072
   2.4264644085864568E+042   4.5145999989243915E+052   4.6817875045684229E+050   1.3497481004508281E+042   1.0052123028628899E+030   17275188625940480.        151.28360576917430        5.2386968212190326E-012   2.3228069475903572E-024   5.2656348251310130E-037  -3.9937452040134409E-044  -7.1025594713909733E-052  -5.6157855116140594E-059  -1.1109233861751055E-065  -3.2263678391638015E-072
   2.4610093921408474E+042   4.6196955976766228E+052   4.8350331690012896E+050   1.4070754343400720E+042   1.0576018782619458E+030   18324643519329792.        161.62179968389427        5.6370617911132809E-012   2.5190284867839343E-024   5.7589227514173338E-037  -4.4071944236865129E-044  -7.9111735389946713E-052  -6.3150511758323693E-059  -1.2613812457923671E-065  -3.6991451985580460E-072
   2.4960462298228856E+042   4.7272377762557032E+052   4.9932947207709755E+050   1.4668369822613784E+042   1.1127196378691487E+030   19437788279523916.        172.66609215368155        6.0657131045679032E-012   2.7318245793441965E-024   6.2984201902527506E-037  -4.8634445599812205E-044  -8.8118453820381404E-052  -7.1013868618711882E-059  -1.4322161697463983E-065  -4.2412007016733330E-072
   2.5315819250579962E+042   4.8372834897028512E+052   5.1567363238295021E+050   1.5291360715093591E+042   1.1707075215614101E+030   20618484027251560.        184.46468183927303        6.5269527897826378E-012   2.9625951153280896E-024   6.8884556777539533E-037  -5.3669263058170180E-044  -9.8150552481438565E-052  -7.9856340665794381E-059  -1.6261878707446971E-065  -4.8626858961182929E-072
   2.5676235809722700E+042   4.9498910188911820E+052   5.3255275144338895E+050   1.5940804136259734E+042   1.2317148464258857E+030   21870825692019780.        197.06905540999085        7.0232578039181030E-012   3.2128582066378501E-024   7.5337631901923722E-037  -5.9225289987958765E-044  -1.0932476475752211E-051  -8.9799841921090693E-059  -1.8464298114523111E-065  -5.5752398547135151E-072
   2.6041784018113213E+042   5.0651200013864614E+052   5.4998433769268223E+050   1.6617822903326621E+042   1.2958986897487206E+030   23199156153016976.        210.53421169258499        7.5572933219659483E-012   3.4842601697062332E-024   8.2395201179185179E-037  -6.5356480962543412E-044  -1.2177111314594670E-051  -1.0098146623599362E-058  -2.0964998210837433E-065  -6.3922071431538711E-072
   2.6412536943793120E+042   5.1830314630260732E+052   5.6798647252673722E+050   1.7323587473426989E+042   1.3634242918614568E+030   24608081234143880.        224.91890108942673        8.1319270348168167E-012   3.7785863510045081E-024   9.0113887957122796E-037  -7.2122375643357699E-044  -1.3563442207448892E-051  -1.1355537733942050E-058  -2.3804375668535071E-065  -7.3288877262057935E-072
   2.6788568694984402E+042   5.3036878502329009E+052   5.8657782904998029E+050   1.8059317963874702E+042   1.4344654798732390E+030   26102485604690068.        240.28588130539271        8.7502445331406740E-012   4.0977728665202816E-024   9.8555619226079494E-037  -7.9588676896970623E-044  -1.5107600293176658E-051  -1.2769493421169694E-058  -2.7028298086044197E-065  -8.4028234922967236E-072
   2.7169954434891699E+042   5.4271530630812186E+052   6.0577769143546154E+050   1.8826286258045187E+042   1.5092051133701093E+030   27687549640275904.        256.70219049346252        9.4155658595081577E-012   4.4439193323570476E-024   1.0778812235428854E-036  -8.7827888751044636E-044  -1.6827553091384637E-051  -1.4359508108407071E-058  -3.0688844906481226E-065  -9.6341267620700022E-072
   2.7556770396715096E+042   5.5534924891320937E+052   6.2560597491823712E+050   1.9625818200498984E+042   1.5878355532185654E+030   29368767301969164.        274.23943900453816        1.0131463317436608E-011   4.8193026701189074E-024   1.1788546834372816E-036  -9.6920020382610605E-044  -1.8743313552190657E-051  -1.6147503501110286E-058  -3.4845148675920909E-065  -1.1045856932667675E-071
   2.7949093898876254E+042   5.6827730380561946E+052   6.4608324644273252E+050   2.0459295885127301E+042   1.6705591546693369E+030   31151965094972260.        292.97412100760789        1.0901780632773923E-011   5.2263920778049009E-024   1.2892866596289023E-036  -1.0695336297308248E-043  -2.0877172903119967E-051  -1.8158130806518444E-058  -3.9564350229969472E-065  -1.2664452310887158E-071
   2.8347003360460988E+042   5.8150631770623248E+052   6.6723074598547272E+050   2.1328160040258217E+042   1.7575887860191318E+030   33043322171972540.        312.98794733246882        1.1730653570073355E-011   5.6678652645942146E-024   1.4100631152078753E-036  -1.1802534697176716E-043  -2.3253960001987616E-051  -2.0419110581512502E-058  -4.4922683237247617E-065  -1.4520225221813973E-071
   2.8750578316881358E+042   5.9504329671504340E+052   6.8907040857525897E+050   2.2233912514828892E+042   1.8491483741531020E+030   35049391650166680.        334.36820097915825        1.2622532114401362E-011   6.1466260562064217E-024   1.5421529949263230E-036  -1.3024348809015991E-043  -2.5901330212964682E-051  -2.2961614893772804E-058  -5.1006705617752978E-065  -1.6647929664412923E-071
   2.9159899435760346E+042   6.0889541002082712E+052   7.1162488703359784E+050   2.3178118869902639E+042   1.9454734783591290E+030   37177123215124432.        357.20811683643120        1.3582204337400391E-011   6.6658234865243774E-024   1.6866159969549679E-036  -1.4372643121062692E-043  -2.8850087166463967E-051  -2.5820697064400557E-058  -5.7914697726372681E-065  -1.9087412144050723E-071
   2.9575048533042284E+042   6.2306999369713119E+052   7.3491757545892889E+050   2.4162411079990837E+042   2.0468118938768938E+030   39433887089060648.        381.60728725647090        1.4614822075443867E-011   7.2288725009305588E-024   1.8446110724581936E-036  -1.5860510234352311E-043  -3.2134541146009589E-051  -2.9035774916058433E-058  -6.5758249885370198E-065  -2.1884357869461475E-071
   2.9996108589332308E+042   6.3757455458660449E+052   7.5897263347897162E+050   2.5188490348828148E+042   2.1534242867202733E+030   41827499445752976.        407.67209524499509        1.5725928557419597E-011   7.8394764073945170E-024   2.0174057211412752E-036  -1.7502397981559902E-043  -3.5792908271323586E-051  -3.2651174188231502E-058  -7.4664064907979857E-065  -2.5091146287416624E-071
   3.0423163766467955E+042   6.5241677427571703E+052   7.8381501129630090E+050   2.6258130044446197E+042   2.2655848613910840E+030   44366249359291328.        435.51617714549553        1.6921488130112409E-011   8.5016512228293337E-024   2.2063861573048570E-036  -1.9314249702989488E-043  -3.9867755121427352E-051  -3.6716739610578267E-058  -8.4776004727699920E-065  -2.8767831975760382E-071
   3.0856299424326261E+042   6.6760451316197130E+052   8.0947047555308802E+050   2.7373178758595575E+042   2.3835820631857644E+030   47058927379091712.        465.26091682405018        1.8207918240382600E-011   9.2197520746836678E-024   2.4130684279205670E-036  -2.1313659041443120E-043  -4.4406493970135309E-051  -4.1288522057962786E-058  -9.6257414190562101E-065  -3.2983269262856540E-071
   3.1295602137869743E+042   6.8314581461575973E+052   8.3596563604178282E+050   2.8535563495779808E+042   2.5077193168844586E+030   49914855829167792.        497.03597349751306        1.9592123845413949E-011   9.9985018312350767E-024   2.6391105718738025E-036  -2.3520040758628182E-043  -4.9461934395061038E-051  -4.6429551259488044E-058  -1.0929375954424893E-064  -3.7816401632815716E-071
   3.1741159714434548E+042   6.9904890923906637E+052   8.6332797328939727E+050   2.9747292997387266E+042   2.6383158037043923E+030   52943920935549312.        530.97984549351588        2.1081534435297816E-011   1.0843022148688288E-023   2.8863259178664243E-036  -2.5954819231272674E-043  -5.5092897677009453E-051  -5.2210704713141371E-058  -1.2409562424072674E-064  -4.3357740061526901E-071
   3.2193061211264269E+042   7.1532221922326783E+052   8.9158586704394547E+050   3.1010461206639051E+042   2.7757072784965824E+030   56156606891985648.        567.24047238623177        2.2684143866197921E-011   1.1758867139054962E-023   3.1566976276001789E-036  -2.8641636456722599E-043  -6.1364901137018820E-051  -5.8711684783769219E-058  -1.4090211044015024E-064  -4.9711057966279525E-071
   3.2651396953292882E+042   7.3197436280833889E+052   9.2076862569253392E+050   3.2327250880312579E+042   2.9202469292671228E+030   59564031980697392.        605.97587811792289        2.4408553217378210E-011   1.2752059880003544E-023   3.4523946008443033E-036  -3.1606581587158005E-043  -6.8350920371838860E-051  -6.6022117453297938E-058  -1.5998470115637765E-064  -5.6995334507873107E-071
   3.3116258551180354E+042   7.4901415884581837E+052   9.5090651664155586E+050   3.3699937353452623E+042   3.0723062812117205E+030   63177986871961104.        647.35485789363963        2.6264016901554337E-011   1.3829132006531932E-023   3.7757888699079594E-036  -3.4878444220522248E-043  -7.6132238254746981E-051  -7.4242787868961703E-058  -1.8165164542433672E-064  -6.5346982634517780E-071
   3.3587738919604483E+042   7.6645063146795173E+052   9.8203079769044089E+050   3.5130892463543955E+042   3.2322761475651520E+030   67010975233756768.        691.55771182582464        2.8260492275433709E-011   1.4997166644554321E-023   4.1294746229773390E-036  -3.8488993906840622E-043  -8.4799390577852285E-051  -8.3487029720899307E-058  -2.0625293731685528E-064  -7.4922403588603642E-071
   3.4065932295812561E+042   7.8429301486547811E+052   1.0141737494314357E+051   3.6622588640893650E+042   3.4005676296860888E+030   71076256790597656.        738.77702850781156        3.0408693016033232E-011   1.6263844968439507E-023   4.5162890088341707E-036  -4.2473288583046742E-043  -9.4453219336153046E-051  -9.3882287600826892E-058  -2.3418596922983735E-064  -8.5900915710390930E-071
   3.4550934258436635E+042   8.0255075817658835E+052   1.0473687087089561E+051   3.8177603172256122E+042   3.5776131689227001E+030   75387892979027168.        789.21852191117443        3.2720146548507314E-011   1.7637496688335439E-023   4.9393348897515304E-036  -4.6870014930207200E-043  -1.0520604590567373E-050  -1.0557187387780445E-057  -2.6590195074472543E-064  -9.8488112381303654E-071
   3.5042841746575963E+042   8.2123353048964181E+052   1.0816501031731420E+051   3.9798622645031284E+042   3.7638676529357637E+030   79960795356133760.        843.10192523249998        3.5207255832889379E-011   1.9127154798919314E-023   5.4020057249787768E-036  -5.1721863956861080E-043  -1.1718297776256997E-050  -1.1871694430825482E-057  -3.0191319674190670E-064  -1.1291971198502336E-070
   3.5541753079150623E+042   8.4035122596228488E+052   1.1170534869633812E+051   4.1488447579676148E+042   3.9598095792941665E+030   84810776926833040.        900.66194556143159        3.7883365840463259E-011   2.0742614949194291E-023   5.9080127843051203E-036  -5.7075945454077562E-043  -1.3052336394337566E-050  -1.3349871961231107E-057  -3.4280140247778117E-064  -1.2946597197742903E-070
   3.6047767974529934E+042   8.5991396905967911E+052   1.1536155775587349E+051   4.3249997258292655E+042   4.1659422793028809E+030   89954606565629152.        962.14928350480284        4.0762835075561448E-011   2.2494499823295677E-023   6.4614149098677194E-036  -6.2984245345099454E-043  -1.4538241617663802E-050  -1.5012098363881803E-057  -3.8922703927833933E-064  -1.4843674971911072E-070
   3.6560987570439611E+042   8.7993211991461087E+052   1.1913742938334046E+051   4.5086314757691670E+042   4.3827952051762462E+030   95410066719127152.        1027.8317221825121        4.3861112525568531E-011   2.4394328955170707E-023   7.0666510647948433E-036  -6.9504130368742532E-043  -1.6193301454316360E-050  -1.6881289255361543E-057  -4.4194002260070289E-064  -1.7018730483446412E-070
   3.7081514444151789E+042   9.0041627981231391E+052   1.2303687953566224E+051   4.7000572195582971E+042   4.6109252838299597E+030   1.0119601458676214E+017   1097.9952903106569        4.7194820450934937E-011   2.6454594435672586E-023   7.7285759296111804E-036  -7.6698904995101232E-043  -1.8036771866839086E-050  -1.8983213377262654E-057  -5.0179182476346113E-064  -1.9512495174599641E-070
   3.7609452632961637E+042   9.2137729680290633E+052   1.2706395229776400E+051   4.8996076198907283E+042   4.8509183407339828E+030   1.0733244698907594E+017   1172.9455044076697        5.0781843458232522E-011   2.8688843009295148E-023   8.4524988317597856E-036  -8.4638425979025517E-043  -2.0090100784097392E-050  -2.1346847818184434E-057  -5.6974922797862080E-064  -2.2371668695140067E-070
   3.8144907654954793E+042   9.4282627144441006E+052   1.3122282407378107E+051   5.1076273603706811E+042   5.1033905974461641E+030   1.1384056914544816E+017   1253.0086955011300        5.4641424332876703E-011   3.1111765099723207E-023   9.2442263203091323E-036  -9.3399780516201193E-043  -2.2377177611430228E-050  -2.4004777460698428E-057  -6.4690993980937730E-064  -2.5649793386223657E-070
   3.8687986530069677E+042   9.6477456267938862E+052   1.3551780791531390E+051   5.3244757396327875E+042   5.3689902466329937E+030   1.2074286759652035E+017   1338.5334260780655        5.8794267144279375E-011   3.3739291348860654E-023   1.0110108727128170E-035  -1.0306803458391389E-042  -2.4924611141336448E-050  -2.6993644159105975E-057  -7.3452032325651010E-064  -2.9408256894840852E-070
   3.9238797801458868E+042   9.8723379384831091E+052   1.3995335799120830E+051   5.5505272906162999E+042   5.6483991085802292E+030   1.2806318752068114E+017   1429.8920034114497        6.3262648175073927E-011   3.6588697303321569E-023   1.1057091087761455E-035  -1.1373705872969197E-042  -2.7762039097257017E-050  -3.0354651839243668E-057  -8.3399552782773383E-064  -3.3717441692383312E-070
   3.9797451557153745E+042   1.0102158588428187E+053   1.4453407420348550E+051   5.7861724260570899E+042   5.9423343734024546E+030   1.3582681470895835E+017   1527.4820958119426        6.8070535267878650E-011   3.9678716935853024E-023   1.2092768830175888E-035  -1.2551043932261701E-042  -3.0922472910928759E-050  -3.4134134482349897E-057  -9.4694234672029935E-064  -3.8658043021491870E-070
   4.0364059452036749E+042   1.0337329284021532E+053   1.4926470695419883E+051   6.0318181113062127E+042   6.2515504333776869E+030   1.4406056247853891E+017   1631.7284587984893        7.3243716228057311E-011   4.3029665747152351E-023   1.3225448677760637E-035  -1.3850248411145047E-042  -3.4442681743572145E-050  -3.8384194821712019E-057  -1.0751851692737067E-063  -4.4322579948972851E-070
   4.0938734730125496E+042   1.0577974565560659E+053   1.5415016206814784E+051   6.2878885656306464E+042   6.5768408100612528E+030   1.5279286382196429E+017   1743.0847786561164        7.8809936969338734E-011   4.6663574256426616E-023   1.4464215254748120E-035  -1.5283933184890058E-042  -3.8363620217598908E-050  -4.3163422555413046E-057  -1.2207954478375262E-063  -5.0817127818239180E-070
   4.1521592247173245E+042   1.0824221872176251E+053   1.5919550587654337E+051   6.5548259932006214E+042   6.9190401810730726E+030   1.6205386910688451E+017   1862.0356413561617        8.4799050141227210E-011   5.0604332757230757E-023   1.5819003927921554E-035  -1.6866017675122141E-042  -4.2730904833893894E-050  -4.8537701974419572E-057  -1.3861251549562295E-063  -5.8263304540141601E-070
   4.2112748493590142E+042   1.1076201609293958E+053   1.6440597046688266E+051   6.8330913450188135E+042   7.2790265117047264E+030   1.7187554966015776E+017   1989.0986353554504        9.1243175033150947E-011   5.4877848289059689E-023   1.7300680468449170E-035  -1.8611861967669267E-042  -4.7595344615949380E-050  -5.4581120137601650E-057  -1.5738447712151491E-063  -6.6800547913813109E-070
   4.2712321617689875E+042   1.1334047217665652E+053   1.6978695910446493E+051   7.1231651130996669E+042   7.6577232967578451E+030   1.8229180759011962E+017   2124.8265973688885        9.8176869610554676E-011   5.9512214855344318E-023   1.8921128172337373E-035  -2.0538415913618805E-042  -5.3013532152794502E-050  -6.1376988111031977E-057  -1.7869864172597992E-063  -7.6588726618239763E-070
   4.3320431449266079E+042   1.1597895244006603E+053   1.7534405183115584E+051   7.4255481582623800E+042   8.0561019183042273E+030   1.9333859222208294E+017   2269.8100108270901        1.0563731560296783E-010   6.4537898005436906E-023   2.0693343137762390E-035  -2.2664383660592472E-042  -5.9048501915099461E-050  -6.9018989347173005E-057  -2.0289928265763409E-063  -8.7811133762709214E-070
   4.3937199523503473E+042   1.1867885413275898E+053   1.8108301124719205E+051   7.7407625729586237E+042   8.4751841253512823E+030   2.0505402354463920E+017   2424.6795673896308        1.1366451763381409E-010   6.9987934992437553E-023   2.2631538462901045E-035  -2.5010405210976482E-042  -6.5770463501212427E-050  -7.7612471031799008E-057  -2.3037729499454006E-063  -1.0067791904704018E-069
   4.4562749105228227E+042   1.2144160702638323E+053   1.8700978848200580E+051   8.0693525806160690E+042   8.9160446417045618E+030   2.1747852308818928E+017   2590.1089025881438        1.2230151745674731E-010   7.5898151820929483E-023   2.4751258199359579E-035  -2.7599256769063431E-042  -7.3257618341303189E-050  -8.7275896196861694E-057  -2.6157650895779203E-063  -1.1543002379465842E-069
   4.5197205213502422E+042   1.2426867417146773E+053   1.9313052936024494E+051   8.4118854730413357E+042   9.3798139086433169E+030   2.3065495268241920E+017   2766.8175174248063        1.3159462444399919E-010   8.2307398609525322E-023   2.7069501974467734E-035  -3.0456071821376001E-042  -8.1597069358373429E-050  -9.8142476613143578E-057  -2.9700085825395312E-063  -1.3234369253690470E-069
   4.5840694646567460E+042   1.2716155267185244E+053   1.9945158076936553E+051   8.7689525874911067E+042   9.8676809693657008E+030   2.4462876156623619E+017   2955.5738985539901        1.4159366355903797E-010   8.9257804813307130E-023   2.9604861281188894E-035  -3.3608585095619032E-042  -9.0885834165935887E-050  -1.1036200896798446E-056  -3.3722251911325725E-063  -1.5173564562170479E-069
   4.6493346007141376E+042   1.3012177447713227E+053   2.0597949723538183E+051   9.1411703250880553E+042   1.0380896502518497E+031   2.5944814235208662E+017   3157.1988505314398        1.5235224213922661E-010   9.6795055981556816E-023   3.2377668527881242E-035  -3.7087401765696820E-042  -1.0123197358622988E-049  -1.2410293963494351E-056  -3.8289115146617203E-063  -1.7396900969599370E-069
   4.7155289728074927E+042   1.3315090719353496E+053   2.1272104771357371E+051   9.5291812123290265E+042   1.0920776012502937E+031   2.7516419637668336E+017   3372.5690545299776        1.6392803691463216E-010   1.0496869386747561E-022   3.5410160042377939E-035  -4.0926294515190678E-042  -1.1275584861393215E-049  -1.3955468649257676E-056  -4.3474439149913295E-063  -1.9946011710076493E-069
   4.7826658098371693E+042   1.3625055491366053E+053   2.1968322260117357E+051   9.9336550075066164E+042   1.1488703184644124E+031   2.9183110900207821E+017   3602.6208688973065        1.7638310279720905E-010   1.1383244185980636E-022   3.8726654336654450E-035  -4.5162531341992837E-042  -1.2559152044402818E-049  -1.5693024979197728E-056  -4.9361976503839231E-063  -2.2868630148595304E-069
   4.8507585289577197E+042   1.3942235906552108E+053   2.2687324097928303E+051   1.0355289853942160E+043   1.2086133413728001E+031   3.0950633546483373E+017   3848.3543879742588        1.8978420509083491E-010   1.2344455787240614E-022   4.2353747060614724E-035  -4.9837237285059185E-042  -1.3988830984620011E-049  -1.7646914805615261E-056  -5.6046821415528323E-063  -2.6219483560411370E-069
   4.9198207382542225E+042   1.4266799928132939E+053   2.3429855809150812E+051   1.0794813482008224E+043   1.2714597514847437E+031   3.2825079790689037E+017   4110.8377767051888        2.0420317689773899E-010   1.3386821700795726E-022   4.6320524207232527E-035  -5.4995793583367988E-042  -1.5581253402110330E-049  -1.9844071947359270E-056  -6.3636945543724243E-063  -3.0061317862621407E-069
   4.9898662394565808E+042   1.4598919428649543E+053   2.4196687306704355E+051   1.1252984462002174E+043   1.3375705625959301E+031   3.4812909425971142E+017   4391.2118997610078        2.1971730363139153E-010   1.4517192650733253E-022   5.0658795277501403E-035  -6.0688278140346293E-042  -1.7354944113778960E-049  -2.2314783428522736E-056  -7.2254941794730593E-063  -3.4466072484012368E-069
   5.0609090306922943E+042   1.4938770280930026E+053   2.4988613689619153E+051   1.1730593510019302E+043   1.4071151312038191E+031   3.6920971969354925E+017   4690.6952651646770        2.3640973669064310E-010   1.5742997570792546E-022   5.5403348273546985E-035  -6.6969951567773150E-042  -1.9330536505028593E-049  -2.5093106932778675E-056  -8.2040004247808217E-063  -3.9516227370156910E-069
   5.1329633092782708E+042   1.5286532451172809E+053   2.5806456066655849E+051   1.2228464849064744E+043   1.4802715881221157E+031   3.9156530138634170E+017   5010.5893037641808        2.5436993850557494E-010   1.7072292396390702E-022   6.0592228563118442E-035  -7.3901793525375487E-042  -2.1531012525167582E-049  -2.8217340226540472E-056  -9.3150176183663902E-063  -4.5306347343461394E-069
   5.2060434745522129E+042   1.5642390094194809E+053   2.6651062406844449E+051   1.2747457627737693E+043   1.5572272923872559E+031   4.1527284741197165E+017   5352.2840073450880        2.7369416133298727E-010   1.8513812973038049E-022   6.6267043849902269E-035  -8.1551094560287097E-042  -2.3981969997572701E-049  -3.1730549020288768E-056  -1.0576490251900025E-062  -5.1944852732743937E-069
   5.2801641307441464E+042   1.6006531650894869E+053   2.7523308417821612E+051   1.3288467398920097E+043   1.6381793086060439E+031   4.4041401059554208E+017   5717.2639497197497        2.9448596235959146E-010   2.0077032428340834E-022   7.2473297693222484E-035  -8.9992109188976288E-042  -2.6711920353230994E-049  -3.5681160542709229E-056  -1.2008792786560369E-062  -5.9556049423102683E-069
   5.3553400898886461E+042   1.6379149947984010E+053   2.8424098452874027E+051   1.3852427661004258E+043   1.7233349089526891E+031   4.6707536823411629E+017   6107.1147167798181        3.1685675786475249E-010   2.1772223384064662E-022   7.9260754249379185E-035  -9.9306776558384542E-042  -2.9752620250048670E-049  -4.0123631007826453E-056  -1.3635058701350400E-062  -6.8282456333629017E-069
   5.4315863747783396E+042   1.6760442300035058E+053   2.9354366447625493E+051   1.4440311464301001E+043   1.8129121010856285E+031   4.9534871863519437E+017   6523.5297732600175        3.4092641940307923E-010   2.3610525416476430E-022   8.6683837156965937E-035  -1.0958551567861976E-041  -3.3139440934334221E-049  -4.5119196173575583E-056  -1.5481554097445014E-062  -7.8287473898845991E-069
   5.5089182219592667E+042   1.7150610613905636E+053   3.0315076887335450E+051   1.5053133085381207E+043   1.9071401833198546E+031   5.2533139548224646E+017   6968.3177958415772        3.6682391519138695E-010   2.5604018207602263E-022   9.4802065761994401E-035  -1.2092810294296967E-041  -3.6911779639718358E-049  -5.0736715335254108E-056  -1.7578101891662746E-062  -8.9758443513845174E-069
   5.5873510847686868E+042   1.7549861495589605E+053   3.1307225805808755E+051   1.5691949772219629E+043   2.0062603284591515E+031   5.5712660109707878E+017   7443.4105042315223        3.9468800012576091E-010   2.7765800867360189E-022   1.0368053217773303E-034  -1.3344464044926092E-041  -4.1113517807566676E-049  -5.7053620384817698E-056  -1.9958563449034827E-062  -1.0291015522246511E-068
   5.6669006364159241E+042   1.7958406359553408E+053   3.2331841816948753E+051   1.6357863563130955E+043   2.1105261977648391E+031   5.9084375973287386E+017   7950.8710239976399        4.2466795811391173E-010   3.0110077946993108E-022   1.1339042300123002E-034  -1.4725662451742591E-041  -4.5793531457354149E-049  -6.4156983014763194E-056  -2.2661385431926785E-062  -1.1798886931951294E-068
   5.7475827731068620E+042   1.8376461540615042E+053   3.3389987180019419E+051   1.7052023182614057E+043   2.2202045866135412E+031   6.2659889209964941E+017   8492.9028172276485        4.5692440068710886E-010   3.2652252708105329E-022   1.2400958986615475E-034  -1.6249812477009573E-041  -5.1006259641832114E-049  -7.2144714773327141E-056  -2.5730220696225741E-062  -1.3527692715906623E-068
   5.8294136172126928E+042   1.8804248408424716E+053   3.4482758899717277E+051   1.7775626017351655E+043   2.3355761034762816E+031   6.6451501239583232E+017   9071.8592195246656        4.9163012615620383E-010   3.5409028259181717E-022   1.3562317340272109E-034  -1.7931708521553846E-041  -5.6812337597176932E-049  -8.1126916508346947E-056  -2.9214633260741365E-062  -1.5509803749139928E-068
   5.9124095204835597E+042   1.9241993484607654E+053   3.5611289862189496E+051   1.8529920175749645E+043   2.4569358839351200E+031   7.0472254919589619E+017   9690.2536244600124        5.2897104389919723E-010   3.8398517223054081E-022   1.4832428560318179E-034  -1.9787675995570407E-041  -6.3279301950515196E-049  -9.1227395795604653E-056  -3.3170898733483861E-062  -1.7782333729753866E-068
   5.9965870673077076E+042   1.9689928562630865E+053   3.6776750008171675E+051   1.9316206634542817E+043   2.5845943415417009E+031   7.4735979162482560E+017   10350.770359389686        5.6914716871518807E-010   4.1640360654712471E-022   1.6221475605912335E-034  -2.1835729744800091E-041  -7.0482376185016855E-049  -1.0258537326215963E-055  -3.7662913119794326E-062  -2.0387834058959199E-068
   6.0819630780167844E+042   2.0148290830457167E+053   3.7980347544457121E+051   2.0135841476142373E+043   2.7188779574148321E+031   7.9257336233579827E+017   11056.276299514804        6.1237369055321439E-010   4.5155856989506060E-022   1.7740594804829905E-034  -2.4095748869036952E-041  -7.8505345495873585E-049  -1.1535740131796400E-055  -4.2763224687295513E-062  -2.3375090526821553E-068
   6.1685546122379434E+042   2.0617322996051200E+053   3.9223330194948836E+051   2.0990238220555550E+043   2.8601301105716521E+031   8.4051871889823398E+017   11809.833270241170        6.5888212532644172E-010   4.8968101867536058E-022   1.9401965100809430E-034  -2.6589669628921280E-041  -8.7441531209780206E-049  -1.2971952173580099E-055  -4.8554205549555598E-062  -2.6800036718705403E-068
   6.2563789722934051E+042   2.1097273415803705E+053   4.0506986492586417E+051   2.1880870255869003E+043   3.0087119510893971E+031   8.9136068529952077E+017   12614.711291282860        7.0892155295451663E-010   5.3102139751342470E-022   2.1218905654441282E-034  -2.9341698312420175E-041  -9.7394876098093588E-049  -1.4586969181060995E-055  -5.5129381886292697E-062  -3.0726801242443715E-068
   6.3454537066481389E+042   2.1588396225941751E+053   4.1832647113481911E+051   2.2809273371455773E+043   3.1650033183024963E+031   9.4527401536564365E+017   13474.402719573731        7.6275994924197432E-010   5.7585128331294084E-022   2.3205982579368797E-034  -3.2378546125991410E-041  -1.0848115320310896E-048  -1.6403051252990060E-055  -6.2594944279310998E-062  -3.5228908381405852E-068
   6.4357966134063491E+042   2.2090951476994395E+053   4.3201686254642385E+051   2.3777048398240900E+043   3.3294037063529435E+031   1.0024439900139340E+018   14392.637351914322        8.2068561870085227E-010   6.2446516796913243E-022   2.5379125668722218E-034  -3.5729688389044374E-041  -1.2082931223285425E-048  -1.8445229634819177E-055  -7.1071462551502132E-062  -4.0390654650769924E-068
   6.5274257438574375E+042   2.2605205271384615E+053   4.4615523056701828E+051   2.4785863960543372E+043   3.5023332795308927E+031   1.0630670503655955E+018   15373.398552406581        8.8300873596376569E-010   6.7718239143251656E-022   2.7755756046698638E-034  -3.9427650546026312E-041  -1.3458297917914753E-048  -2.0741651683756026E-055  -8.0695832798114472E-062  -4.6308687027189421E-068
   6.6203594060721466E+042   2.3131429904220190E+053   4.6075623073131175E+051   2.5837459344202324E+043   3.6842339399675750E+031   1.1273514688669345E+018   16420.940474132654        9.5006300401251382E-010   7.3434923779977142E-022   3.0354925767677273E-034  -4.3508323770556150E-041  -1.4990212659498006E-048  -2.3323968774790954E-055  -9.1623488048391168E-062  -5.3093812397312437E-068
   6.7146161685495793E+042   2.3669904007357776E+053   4.7583499787443379E+051   2.6933647485893677E+043   3.8755704503741199E+031   1.1955180606967263E+018   17539.806449235362        1.0222074380698883E-009   7.9634120817677107E-022   3.3197470480918856E-034  -4.8011313223025661E-041  -1.6696493395127976E-048  -2.6227772492694753E-055  -1.0403090825212592E-061  -6.0873072098928098E-068
   6.8102148639158140E+042   2.4220912696816149E+053   4.9140716179959760E+051   2.8076318088750056E+043   4.0768316146581356E+031   1.2678009378733222E+018   18734.848626577401        1.0998282846720374E-009   8.6356548521733135E-022   3.6306176383505856E-034  -5.2980322339768843E-041  -1.8596985970283546E-048  -2.9493085120259161E-055  -1.1811847011839151E-061  -6.9792120390893985E-068
   6.9071745926748314E+042   2.4784747723616495E+053   5.0748886345754804E+051   2.9267440869612039E+043   4.2885315193952413E+031   1.3444483086193974E+018   20011.248941514743        1.1833410861590969E-009   9.3646360549730323E-022   3.9705962798573378E-034  -5.8463576881335660E-041  -2.0713794915430294E-048  -3.3164911181123900E-055  -1.3411368282067841E-061  -8.0017951377320791E-068
   7.0055147270124923E+042   2.5361707628129169E+053   5.2409677165449441E+051   3.0509068943463114E+043   4.5112108392854786E+031   1.4257233246951386E+018   21374.541508040362        1.2731929015966142E-009   1.0155143572455639E-021   4.3424081840974741E-034  -6.4514292852983765E-041  -2.3071540495836954E-048  -3.7293857636709984E-055  -1.5227486181250767E-061  -9.1742025434243079E-068
   7.1052549146543016E+042   2.5952097898008416E+053   5.4124810030577150E+051   3.1803342350834497E+043   4.7454382098851548E+031   1.5119049795726991E+018   22830.636529661751        1.3698646959737202E-009   1.1012369224301121E-021   4.7490336769320650E-034  -7.1191192835957777E-041  -2.5697645013118320E-048  -4.1936831282644658E-055  -1.7289530007082281E-061  -1.0518385366527244E-067
   7.2064150827777111E+042   2.6556231129798312E+053   5.5896062625303312E+051   3.3152491734209465E+043   4.9918116710734404E+031   1.6032890604964178E+018   24385.845831895560        1.4738739104204576E-009   1.1941942837985264E-021   5.1937320772921687E-034  -7.8559075737584555E-041  -2.8622651687053220E-048  -4.7157822953648184E-055  -1.9630800411529423E-061  -1.2059510748647800E-067
   7.3090154419797361E+042   2.7174427194295211E+053   5.7725270766336518E+051   3.4558842169710631E+043   5.2509601848904837E+031   1.7001891576552271E+018   26046.910126222945        1.5857772271509081E-009   1.2949969192079760E-021   5.6800678105746831E-034  -8.6689445486225942E-041  -3.1880579824951001E-048  -5.3028789341805798E-055  -2.2289107126972043E-061  -1.3826433027043978E-067
   7.4130764903006438E+042   2.7807013405753788E+053   5.9614330302930029E+051   3.6024817160618147E+043   5.5235452315703287E+031   1.8029377338864256E+018   27821.028122780062        1.7061735438759177E-009   1.4043068074621324E-021   6.2119389658394110E-034  -9.5661204768716548E-041  -3.5509320407652424E-048  -5.9630644577942726E-055  -2.5307379498416564E-061  -1.5852233924904403E-067
   7.5186190173045014E+042   2.8454324695026015E+053   6.1565199078933820E+051   3.7552942799542063E+043   5.8102624877879549E+031   1.9118872585342484E+018   29715.887616990454        1.8357071735447835E-009   1.5228417719130388E-021   6.7936085254684307E-034  -1.0556142053861571E-040  -3.9551076691052740E-048  -6.7054375237978739E-055  -2.8734359679043879E-061  -1.8174841879506185E-067
   7.6256641082173813E+042   2.9116703786724192E+053   6.3579898958921075E+051   3.9145852106359503E+043   6.1118435913458114E+031   2.0274114093030822E+018   31739.698683814509        1.9750712864751796E-009   1.6513801902985939E-021   7.4297385173399632E-034  -1.1648616871952984E-040  -4.4052854945285245E-048  -7.5402294136488376E-055  -3.2625389680871365E-061  -2.0837742101568507E-067
   7.7342331481240341E+042   2.9794501380501619E+053   6.5660517920479202E+051   4.0806289549326205E+043   6.4290579967418757E+031   2.1499063461744891E+018   33901.229122331220        2.1250116132212301E-009   1.7907661016852788E-021   8.1254273629606734E-034  -1.2854146629566160E-040  -4.9067011036482374E-048  -8.4789450181653203E-055  -3.7043304987493201E-061  -2.3890790657422644E-067
   7.8443478262238232E+042   3.0488076336546289E+053   6.7809212214823401E+051   4.2537115757083758E+043   6.7627149262888693E+031   2.2797920617001879E+018   36209.842303018348        2.2863304279178296E-009   1.9419147439867765E-021   8.8862507205798283E-034  -1.4184429982905493E-040  -5.4651859205111063E-048  -9.5345213715696808E-055  -4.2059449156167257E-061  -2.7391147812696302E-067
   7.9560301401467707E+042   3.1197795865385463E+053   7.0028208597961007E+051   4.4341312429608590E+043   7.1136654216936394E+031   2.4175138122405760E+018   38675.537580399017        2.4598908333324423E-009   2.1058185583492380E-021   9.7183061502805755E-034  -1.5652376037794275E-040  -6.0872350117800466E-048  -1.0721505918235006E-054  -4.7754825789708767E-061  -3.1404348108501622E-067
   8.0693024003305509E+042   3.1924035722101131E+053   7.2319806634707425E+051   4.6221987456487245E+043   7.4828045012571932E+031   2.5635436349911731E+018   41308.993444720974        2.6466213704615955E-009   2.2835536997515460E-021   1.0628261958631352E-033  -1.7272229582222895E-040  -6.7800826074743885E-048  -1.2056256968119964E-054  -5.4221406476256053E-061  -3.6005527200398296E-067
   8.1841872344592529E+042   3.2667180405058689E+053   7.4686381077929423E+051   4.8182380251254844E+043   7.8710734281203161E+031   2.7183819559283809E+018   44121.613598074589        2.8475209772366856E-009   2.4762870964840512E-021   1.1623410613928833E-033  -1.9059709274044056E-040  -7.5517862151517339E-048  -1.3557169102536260E-054  -6.1563615812783764E-061  -4.1280828424573014E-067
   8.3007075919648125E+042   3.3427623359253533E+053   7.7130384325468691E+051   5.0225867310901307E+043   8.2794620952575472E+031   2.8825592941121992E+018   47125.576152888520        3.0636643227616053E-009   2.6852841047635412E-021   1.2711727159640200E-033  -2.1032160123850572E-040  -8.4113203052934050E-048  -1.5244926635589933E-054  -6.9900017486893332E-061  -4.7329015419644600E-067
   8.4188867485919676E+042   3.4205767184382753E+053   7.9654348957278688E+051   5.2355968010032367E+043   8.7090115332143864E+031   3.0566380681079859E+018   50333.886164120493        3.2962075455030708E-009   2.9119168086391859E-021   1.3901933093649381E-033  -2.3208721751661453E-040  -9.3686806568951575E-048  -1.7142788623105975E-054  -7.9365228637045492E-061  -5.4263320989225486E-067
   8.5387483110276074E+042   3.5002023847751461E+053   8.2260890355389873E+051   5.4576350639571320E+043   9.1608165468896073E+031   3.2412145106331331E+018   53760.431720741777        3.5463944260038643E-009   3.1576730195693379E-021   1.5203566224649026E-033  -2.5610514048963507E-040  -1.0435000576158962E-047  -1.9276909345407510E-054  -9.0112093396400247E-061  -6.2213566812019089E-067
   8.6603162215954298E+042   3.5816814902125915E+053   8.4952709409403952E+051   5.6890838700303048E+043   9.6360284879872206E+031   3.4369206978987694E+018   57420.043837359131        3.8155630270009550E-009   3.4241660346299829E-021   1.6627057064847033E-033  -2.8260842046389994E-040  -1.1622680339169631E-047  -2.1676698678960455E-054  -1.0231415070926748E-060  -7.1328593675555127E-067
   8.7836147630168152E+042   3.6650571708648249E+053   8.7732595310305116E+051   5.9303417461994727E+043   1.0135858170101747E+032   3.6444267005024799E+018   61328.560403091593        4.1051528363169190E-009   3.7131452172822785E-021   1.8183812370455760E-033  -3.1185421973500130E-040  -1.2945531363124988E-047  -2.4375227321341240E-054  -1.1616843625937198E-060  -8.1779047721526538E-067
   8.9086685632388283E+042   3.7503735664930020E+053   9.0603428435467487E+051   6.1818240799278686E+043   1.0661578933756926E+032   3.8644428631369262E+018   65502.894462190510        4.4167124505673525E-009   4.0265074700114358E-021   1.9886306498621745E-033  -3.4412630702557126E-040  -1.4418936781855324E-047  -2.7409682451805118E-054  -1.3189866374236139E-060  -9.3760574853851122E-067
   9.0355026003302724E+042   3.8376758438444907E+053   9.3568183327831144E+051   6.4439638315952803E+043   1.1214529869092610E+032   4.0977222208123986E+018   69961.107119434906        4.7519078406033024E-009   4.3663096739874315E-021   2.1748181311990890E-033  -3.7973780994878231E-040  -1.6060030292005951E-047  -3.0821880104433403E-054  -1.4975883683827436E-060  -1.0749748309972781E-066
   9.1641422074467671E+042   3.9270102205343221E+053   9.6629931772316174E+051   6.7172122769843685E+043   1.1796119204288335E+032   4.3450630597503032E+018   74722.485383127685        5.1125312427013680E-009   4.7347821772277489E-021   2.3784355430488774E-033  -4.1903425218444211E-040  -1.7887895348579732E-047  -3.4658841311985744E-054  -1.7003735019185828E-060  -1.2324694147204081E-066
   9.2946130778657763E+042   4.0184239894814077E+053   9.9791845972643889E+051   7.0020397810887762E+043   1.2407827868225903E+032   4.6073116315908035E+018   79807.625279647138        5.5005107228414175E-009   5.1343434196050094E-021   2.6011143704674103E-033  -4.6239690481430589E-040  -1.9923787025011626E-047  -3.8973439956935040E-054  -1.9306164560187898E-060  -1.4130379392237287E-066
   9.4269412700925830E+042   4.1119655439123745E+053   1.0305720183183721E+052   7.2989366045617121E+043   1.3051213236328166E+032   4.8853650300729672E+018   85238.520596061775        5.9179204649904954E-009   5.5676157904827132E-021   2.8446387866793790E-033  -5.1024648430832513E-040  -2.2191379116320901E-047  -4.3825131253811494E-054  -2.1920349858227503E-060  -1.6200607848551028E-066
   9.5611532130381723E+042   4.2076844029461900E+053   1.0642938233977901E+052   7.6084137441790801E+043   1.3727913068968468E+032   5.1801742398915492E+018   91038.657631390059        6.3669918381604298E-009   6.0374428228290522E-021   3.1109599405083125E-033  -5.6304723301348877E-040  -2.4717039357218364E-047  -4.9280770897529210E-054  -2.4888502063280125E-060  -1.8574135491406395E-066
   9.6972757112700350E+042   4.3056312377730231E+053   1.0991188107131670E+052   7.9310038087488737E+043   1.4439649652325379E+032   5.4927473680127273E+018   97233.116362784756        6.8501253011461939E-009   6.5469078364045140E-021   3.4022115804629935E-033  -6.2131142170424293E-040  -2.7530135953743011E-047  -5.5415536161103560E-054  -2.8258547410887235E-060  -2.1295395923264859E-066
   9.8353359503368802E+042   4.4058578984411300E+053   1.1350830579851486E+052   8.2672619319587453E+043   1.5188234152062492E+032   5.8241530683436452E+018   103848.67846034963        7.3699032083043289E-009   7.0993541521009661E-021   3.7207271405037520E-033  -6.8560431784410086E-040  -3.0663378990859087E-047  -6.2313961630285002E-054  -3.2084900969607513E-060  -2.4415332098807760E-066
   9.9753615021683113E+042   4.5084174412658442E+053   1.1722238222077510E+052   8.6177667237161905E+043   1.5975571190743464E+032   6.1755241712995922E+018   110913.94261357536        7.9291035845191355E-009   7.6984070097899797E-021   4.0690584242032735E-033  -7.5654966772161035E-040  -3.4153200683687569E-047  -7.0071103841466596E-054  -3.6429345138591431E-060  -2.7992349885983089E-066
   1.0117380330550465E+043   4.6133641568751022E+053   1.2105795781666246E+052   8.9831212616011252E+043   1.6803663660450295E+032   6.5480615305001196E+018   118459.44766363186        8.5307149426542653E-009   8.3479973331834742E-021   4.4499960368006761E-033  -8.3483574560403225E-040  -3.8040178891381625E-047  -7.8793850864507879E-054  -4.1362027075608241E-060  -3.2093411309576060E-066
   1.0261420796678699E+043   4.7207535989062340E+053   1.2501900582140346E+052   9.3639541241185399E+043   1.7674617782658794E+032   6.9430380995537367E+018   126517.80406911185        9.1779522223261598E-009   9.0523874972931648E-021   4.8665917286268210E-033  -9.2122202854715101E-040  -4.2369508815325994E-047  -8.8602394868296007E-054  -4.6962591155371120E-060  -3.6795287937823674E-066
   1.0407511664788350E+043   4.8306426133691284E+053   1.2910962933414880E+052   9.7609204675097745E+043   1.8590648428041160E+032   7.3618032526623816E+018   135123.83426842457        9.8742739347927610E-009   9.8161992671756220E-021   5.3221828286648126E-033  -1.0165465615627925E-039  -4.7191528363183347E-047  -9.9631887951422340E-054  -5.3321464737340430E-060  -4.2185997869479747E-066
   1.0555682107864683E+043   4.9430893686911965E+053   1.3333406555922722E+052   1.0174703147954724E+044   1.9554084709512823E+032   7.8057873635942758E+018   144314.72254004155        1.0623400605157510E-008   1.0644444090852568E-020   5.8204189637245725E-033  -1.1217340845355977E-039  -5.2562303283828506E-047  -1.1203430404418792E-053  -6.0541317996501990E-060  -4.8366453214558838E-066
   1.0705961713433077E+043   5.0581533864599414E+053   1.3769669018575441E+052   1.0606013891074136E+044   2.0567375862521016E+032   8.2765066584396687E+018   154130.17500235990        1.1429334609978923E-008   1.1542555944694129E-020   6.3652912769876935E-033  -1.2378049996621668E-039  -5.8544278872644678E-047  -1.2598053252601223E-053  -6.8738721379840849E-060  -5.5452348901029268E-066
   1.0858380489430614E+043   5.1758955728792773E+053   1.4220202191010211E+052   1.1055594510721279E+044   2.1633097427287193E+032   8.7755683584812513E+018   164612.59043824271        1.2296381515786398E-008   1.2516426946246554E-020   6.9611643796645986E-033  -1.3658852663303382E-039  -6.5207005820069577E-047  -1.4166273239327234E-053  -7.8046027440689017E-060  -6.3576328155685317E-066
   1.1012968870160129E+043   5.2963782509561397E+053   1.4685472710587957E+052   1.1524218179135636E+044   2.2753957748466912E+032   9.3046761304827781E+018   175807.24267550773        1.3229173031972436E-008   1.3572445967584449E-020   7.6128112913598663E-033  -1.5072173193429687E-039  -7.2627948637654618E-047  -1.5929697940057538E-053  -8.8613507424278703E-060  -7.2890465184798688E-066
   1.1169757722327873E+043   5.4196651934342926E+053   1.5165962464622961E+052   1.2012690750618227E+044   2.3932804808479996E+032   9.8656358627288289E+018   187762.47530395680        1.4232691700102609E-008   1.4717540501889009E-020   8.3254516486381040E-033  -1.6631721163061494E-039  -8.0893386055239379E-047  -1.7912624263285485E-053  -1.0061177708910794E-059  -8.3569111515792864E-066
   1.1328778351165979E+043   5.5458216564926451E+053   1.5662169088339911E+052   1.2521852140978686E+044   2.5172633411593564E+032   1.0460361786239037E+019   200529.90956218223        1.5312297450902439E-008   1.5959222057226047E-020   9.1047934874127324E-033  -1.8352624309423248E-039  -9.0099413851287421E-047  -2.0142373150202148E-053  -1.1423455091645337E-059  -9.5812159266151380E-066
   1.1490062506640833E+043   5.6749144142257594E+053   1.6174606479070248E+052   1.3052577765098562E+044   2.6476592736712231E+032   1.1090882961735305E+019   214164.66628357320        1.6473756170093746E-008   1.7305635374559742E-020   9.9570789333521954E-033  -2.0251575211602519E-039  -1.0035306176838310E-046  -2.2649665926263261E-053  -1.2970176915985638E-059  -1.0984878240737291E-065
   1.1653642389748572E+043   5.8070117939246801E+053   1.6703805327216527E+052   1.3605780035053539E+044   2.7847994277745953E+032   1.1759350154164058E+019   228725.60285091284        1.7723270424914458E-008   1.8765611792040312E-020   1.0889134165740626E-032  -2.2346993140329435E-039  -1.1177353749116985E-046  -2.5469047487638873E-053  -1.4726314820316255E-059  -1.2594172603597770E-065
   1.1819550658898889E+043   5.9421837121765890E+053   1.7250313664530473E+052   1.4182409921339669E+044   2.9290320191388682E+032   1.2468043117871821E+019   244275.56617296310        1.9067512514621609E-008   2.0348727104709618E-020   1.1908424054392289E-032  -2.4659202645307194E-039  -1.2449361214000754E-046  -2.8639362150416148E-053  -1.6720221152678206E-059  -1.4439222391767951E-065
   1.1987820436388356E+043   6.0805017118022570E+053   1.7814697430268237E+052   1.4783458579855403E+044   3.0807232073152637E+032   1.3219378316905370E+019   260881.66276474582        2.0513660020607956E-008   2.2065364298154549E-020   1.3023111906574106E-032  -2.7210630610714432E-039  -1.3866116337747391E-046  -3.2204288715547592E-053  -1.8984086633746378E-059  -1.6554563632669448E-065
   1.2158485314964491E+043   6.2220389996506730E+053   1.8397541055804644E+052   1.5409959047402131E+044   3.2402580183566061E+032   1.4015917106362038E+019   278615.54708613554        2.2069434045023527E-008   2.3926781566496105E-020   1.4242124801736281E-032  -3.0026023688409606E-039  -1.5444089405562198E-046  -3.6212942117871429E-053  -2.1554459972216217E-059  -1.8979791367968538E-065
   1.2331579364481799E+043   6.3668704852706718E+053   1.8999448068306954E+052   1.6062988008581860E+044   3.4080413147559346E+032   1.4860374402256368E+019   297553.72937119479        2.3743140341054538E-008   2.5945186059639461E-020   1.5575225036513864E-032  -3.3132688215768683E-039  -1.7201624637088468E-046  -4.0720549944300377E-053  -2.4472837818356737E-059  -2.1760300691516249E-065
   1.2507137138651073E+043   6.5150728204798832E+053   1.9621041714088380E+052   1.6743667637091140E+044   3.5844988151238254E+032   1.5755627869001032E+019   317777.90426372783        2.5543713553348726E-008   2.8133813842153124E-020   1.7033088251298317E-032  -3.6560754942890744E-039  -1.9159153376436006E-046  -4.5789213137097081E-053  -2.7786334576484400E-059  -2.4948136328332293E-065
   1.2685193681883187E+043   6.6667244398517286E+053   2.0262965602281519E+052   1.7453167514535839E+044   3.7700781661476368E+032   1.6704727655328469E+019   339375.30166316405        2.7480764803569603E-008   3.0507016586737103E-020   1.8627388863077855E-032  -4.0343471134220409E-039  -2.1339431533428231E-046  -5.1488761357217172E-053  -3.1548442885717179E-059  -2.8602966651967712E-065
   1.2865784536228712E+043   6.8219056021417145E+053   2.0925884369492719E+052   1.8192706630022402E+044   3.9652500695054953E+032   1.7710906711310494E+019   362439.06127947418        2.9564632873799062E-008   3.3080355569245560E-020   2.0370893487634557E-032  -4.4517522874786626E-039  -2.3767804034413916E-046  -5.7897714785955201E-053  -3.5819897041367465E-059  -3.2793200365827967E-065
   1.3048945748414615E+043   6.9806984326747558E+053   2.1610484366119789E+052   1.8963555463917276E+044   4.1705094665440110E+032   1.8777591721072312E+019   387068.63249677705        3.1806439259582350E-008   3.5870703579936235E-020   2.2277563098031235E-032  -4.9123390703811075E-039  -2.6472499354683447E-046  -6.5104365608511710E-053  -4.0669653290325749E-059  -3.7597266743245830E-065
   1.3234713876979415E+043   7.1431869667157359E+053   2.2317474365037631E+052   1.9767038159308292E+044   4.3863767836718341E+032   1.9908414687851524E+019   413370.20125303633        3.4218147384922032E-008   3.8896355417336994E-020   2.4362664736131324E-032  -5.4205742021227613E-039  -2.9484957553893150E-046  -7.3207994070776585E-053  -4.6176002819567773E-059  -4.3105083381191697E-065
   1.3423125999508080E+043   7.3094571938460399E+053   2.3047586293379165E+052   2.0604534784849663E+044   4.6133992415714817E+032   2.1107225210228138E+019   441457.14575822983        3.6812626293586702E-008   4.2177147687187716E-020   2.6642893670227494E-032  -5.9813864068799875E-039  -3.2840195624989390E-046  -8.2320235853271608E-053  -5.2427835397903192E-059  -4.9419738930736423E-065
   1.3614219719968073E+043   7.4795971033693354E+053   2.3801575988162541E+052   2.1477483692826210E+044   4.8521522314898860E+032   2.2378103490656141E+019   471450.52299608808        3.9603719154822173E-008   4.5734588689697095E-020   2.9136506975318983E-032  -6.6002141680475208E-039  -3.6577214400453649E-046  -9.2566619589305836E-053  -5.9526074061809347E-059  -5.6659422289359048E-065
   1.3808033176147863E+043   7.6536967307703638E+053   2.4580223976539919E+052   2.2387383976432926E+044   5.1032407620340647E+032   2.3725374119867671E+019   503479.58808545483        4.2606316947063111E-008   4.9591999244247073E-020   3.1863469603839222E-032  -7.2830584430170589E-039  -4.0739451742289778E-046  -1.0408829569663962E-052  -6.7585303995864526E-059  -6.4959634351147804E-065
   1.4004605047199350E+043   7.8318482052511091E+053   2.5384336281468268E+052   2.3335798030433234E+044   5.3673009800727828E+032   2.5153620683306004E+019   537682.34871708450        4.5836437710675689E-008   5.3774665372109623E-020   3.4845614114422719E-032  -8.0365408283546410E-039  -4.5375287279646283E-046  -1.1704398032555477E-052  -7.6735621891423599E-059  -7.4475723697120814E-065
   1.4203974561285553E+043   8.0141457983692104E+053   2.6214745253628541E+052   2.4324354219533159E+044   5.6450017695282859E+032   2.6667701238481531E+019   574206.15703083854        4.9311311790262484E-008   5.8310003835179183E-020   3.8106815335409527E-032  -8.8679677388114627E-039  -5.0538604556547891E-046  -1.3161214118743036E-052  -8.7124735624298442E-059  -8.5385793668163420E-065
   1.4406181503335032E+043   8.2006859738041143E+053   2.7072310430446313E+052   2.5354749658990220E+044   5.9370464320347237E+032   2.8272764715044569E+019   613208.34145740978        5.3049473518783973E-008   6.3227741612672025E-020   4.1673181359087257E-032  -9.7854012218356225E-039  -5.6289417118848470E-046  -1.4799345535746941E-052  -9.8920348130687116E-059  -9.7894035210790220E-065
   1.4611266222904456E+043   8.3915674382769929E+053   2.7957919423094709E+052   2.6428753112164609E+044   6.2441744536422324E+032   2.9974268292440240E+019   654856.88121856353        5.7070859829864913E-008   6.8560110488748785E-020   4.5573262393116207E-032  -1.0797737093502216E-038  -6.2694565811947970E-046  -1.6641357288892566E-052  -1.1231286394557265E-058  -1.1223454785103279E-064
   1.4819269642150778E+043   8.5868911936510989E+053   2.8872488832388822E+052   2.7548208009917044E+044   6.5671633619581347E+032   3.1777995813263462E+019   699331.12636114890        6.1396916321337979E-008   7.4342058022671985E-020   4.9838279138213853E-032  -1.1914791152667873E-038  -6.9828495387654853E-046  -1.8712622428555038E-052  -1.2751846207322901E-058  -1.2867572028319776E-064
   1.5030233263914529E+043   8.7867605902398106E+053   2.9816965194510378E+052   2.8715035596962537E+044   6.9068306783400659E+032   3.3690077293876896E+019   746822.56639357249        6.6050711332524896E-008   8.0611476280056859E-020   5.4502372517127102E-032  -1.3147394308368893E-038  -7.7774119439417718E-046  -2.1041671461193035E-052  -1.4478258476927888E-058  -1.4752525252881103E-064
   1.5244199179915675E+043   8.9912813813502376E+053   3.0792325957531744E+052   2.9931238210502941E+044   7.2640359699904235E+032   3.5717009597503508E+019   797535.65079984721        7.1057058640174675E-008   8.7409449819710732E-020   5.9602876750440009E-032  -1.4507497541776433E-038  -8.6623783710680156E-046  -2.3660585234303901E-052  -1.6438389852325125E-058  -1.6913591362254372E-064
   1.5461210079063574E+043   9.2005617790909373E+053   3.1799580489739696E+052   3.1198902696683318E+044   7.6396830070480907E+032   3.7865678338869150E+019   851688.66492661391        7.6442649423593159E-008   9.4780524556235876E-020   6.5180617961208734E-032  -1.6008287719231952E-038  -9.6480338963230950E-046  -2.6605436703788479E-052  -1.8663879114798758E-058  -1.9391214254074974E-064
   1.5681309255882584E+043   9.4147125114729114E+053   3.2839771120791838E+052   3.2520203970648897E+044   8.0347220300322730E+032   4.0143381093563113E+019   909514.66497359541        8.2236194198548717E-008   1.0277299925481260E-019   7.1280240694273735E-032  -1.7664315377932899E-038  -1.0745833586437987E-045  -2.9916787664993174E-052  -2.1190647753038397E-058  -2.2231761586173437E-064
   1.5904540619054816E+043   9.6338468808337055E+053   3.3913974216771836E+052   3.3897408726220452E+044   8.4501521332654482E+032   4.2557851989618229E+019   971262.47606878413        8.8468575472282559E-008   1.1143924156227170E-019   7.7950564958994373E-032  -1.9491635721737781E-038  -1.1968535576834362E-045  -3.3640247285154321E-052  -2.4059479641628746E-058  -2.5488392372999573E-064
   1.6130948700081689E+043   9.8580808236151958E+053   3.5023301290244309E+052   3.5332879301457434E+044   8.8870237701882412E+032   4.5117287763401949E+019   1037197.7576773360        9.5173011928668806E-008   1.2083603063866571E-019   8.5244976647863127E-032  -2.1507964192432605E-038  -1.3330349284481441E-045  -3.7827100125511570E-052  -2.7316679174921422E-058  -2.9222051642758994E-064
   1.6360578662065777E+043   1.0087532971526233E+054   3.6168900146445597E+052   3.6829077706639568E+044   9.3464413867792847E+032   4.7830375366770319E+019   1107604.1408787698        1.0238523501355560E-007   1.3102492862710424E-019   9.3221854449925606E-032  -2.3732848122883672E-038  -1.4847100476460345E-045  -4.2535012297683650E-052  -3.1014818473766571E-058  -3.3502610762213370E-064
   1.6593476308614630E+043   1.0322324714122112E+054   3.7351956066783554E+052   3.8388569821470282E+044   9.8295661896087228E+032   5.0706321217584349E+019   1182784.4423518623        1.1014367885589681E-007   1.4207268338775399E-019   1.0194503666928639E-031  -2.6187856134159129E-038  -1.6536415110888945E-045  -4.7828825474164937E-052  -3.5213585719323864E-058  -3.8410174760718619E-064
   1.6829688092868149E+043   1.0562580262833565E+054   3.8573693030857329E+052   4.0014029768589419E+044   1.0337619055385302E+033   5.3754882191139062E+019   1263061.9602318532        1.1848968453079890E-007   1.5405166512584755E-019   1.1148433167753743E-031  -2.8896787110438903E-038  -1.8417924084765235E-045  -5.3781449681796819E-052  -3.9980748299312558E-058  -4.4036581108632525E-064
   1.7069261126651184E+043   1.0808426716478654E+054   3.9835374978247221E+052   4.1708244470777873E+044   1.0871883589205286E+033   5.6986398455828226E+019   1348781.8573516191        1.2746771974643066E-007   1.6704033976462134E-019   1.2191607607724926E-031  -3.1885900775009844E-038  -2.0513491265961437E-045  -6.0474867166421212E-052  -4.5393246303896776E-058  -5.0487117986120454E-064
   1.7312243189753019E+043   1.1059994128291782E+054   4.1138307111365212E+052   4.3474118399545197E+044   1.1433709339077167E+033   6.0411828262480896E+019   1440312.6377487720        1.3712561511827302E-007   1.8112378215374919E-019   1.3332374503448722E-031  -3.5184172099692444E-038  -2.2847467456858989E-045  -6.8001261145333419E-052  -5.1538434010794137E-058  -5.7882494183581169E-064
   1.7558682739335386E+043   1.1317415574504771E+054   4.2483837240698331E+052   4.5314678523111557E+044   1.2024515174680327E+033   6.4042784803278938E+019   1538047.7227157801        1.4751481828185242E-007   1.9639423246361763E-019   1.4579861965469327E-031  -3.8823572010688134E-038  -2.5446973238091354E-045  -7.6464284982637478E-052  -5.8515489386037721E-058  -6.6361097481161250E-064
   1.7808628919470782E+043   1.1580827224515775E+054   4.3873357173820140E+052   4.7233079462129647E+044   1.2645792838719573E+033   6.7891575263019794E+019   1642407.1330918074        1.5869066718936410E-007   2.1295169939738566E-019   1.5944051673152527E-031  -4.2839377108301967E-038  -2.8342213976047662E-045  -8.5980489254804634E-052  -6.6437014336595261E-058  -7.6081583750119796E-064
   1.8062131570812764E+043   1.1850368412682618E+054   4.5308304149589982E+052   4.9232608861839860E+044   1.3299110679661405E+033   7.1971242192747823E+019   1753839.2849448510        1.7071268403694656E-007   2.3090461415802039E-019   1.7435858669599774E-031  -4.7270511398744069E-038  -3.1566830651073358E-045  -9.6680926346217672E-052  -7.5430851527441487E-058  -8.7225845204019296E-064
   1.8319241240399955E+043   1.2126181711777972E+054   4.6790162319005470E+052   5.1316692989714318E+044   1.3986117575083306E+033   7.6295607343463530E+019   1872822.9062727550        1.8364489137835144E-007   2.5037053943838546E-019   1.9067218613748632E-031  -5.2159923345958193E-038  -3.5158290579012992E-045  -1.0871295465712623E-051  -8.5642147068284227E-058  -1.0000241331849459E-063
   1.8580009191595565E+043   1.2408413008144608E+054   4.8320464274221032E+052   5.3488902568022847E+044   1.4708547055335307E+033   8.0879318105759957E+019   1999869.0828638591        1.9755615209793045E-007   2.7147693806113038E-019   2.0851183186317907E-031  -5.7555001893161929E-038  -3.9158322561696396E-045  -1.2224226725283220E-051  -9.7235692340266730E-058  -1.1465036006725586E-063
   1.8844487414164181E+043   1.2697211578589933E+054   4.9900792627294137E+052   5.5752958851146460E+044   1.5468221637704520E+033   8.5737896709853610E+019   2135523.4420045032        2.1252053504185813E-007   2.9436200628391971E-019   2.2802024411312048E-031  -6.3508035480811850E-038  -4.3613401517540948E-045  -1.3745517287083524E-051  -1.1039858273452506E-057  -1.3144377044098803E-063
   1.9112728634487628E+043   1.2992730169059770E+054   5.1532781640271165E+052   5.8112739957873600E+044   1.6267057381789667E+033   9.0887792349603545E+019   2280368.4833036959        2.2861770824197748E-007   3.1917557720697738E-019   2.4935348725927941E-031  -7.0076718503673728E-038  -4.8575288217607874E-045  -1.5456116067455816E-051  -1.2534323618503679E-057  -1.5069686989913362E-063
   1.9384786325921733E+043   1.3295125075132391E+054   5.3218118908277031E+052   6.0572287469340258E+044   1.7107068677334948E+033   9.6346436403775537E+019   2435026.0665273708        2.4593336181231656E-007   3.4608010017674139E-019   2.7268221709474941E-031  -7.7324710108601192E-038  -5.4101630391867531E-045  -1.7379578404587832E-051  -1.4231082018013051E-057  -1.7276990265190700E-063
   1.9660714719295850E+043   1.3604556224374630E+054   5.4958547097326062E+052   6.3135813303718673E+044   1.7990373276342200E+033   1.0213230093803987E+020   2600160.0669984063        2.6455966275493407E-007   3.7525170257459801E-019   2.9819304466944567E-031  -8.5322250740941749E-038  -6.0256632182510515E-045  -1.9542390309768850E-051  -1.6157514252385864E-057  -1.9807587071023582E-063
   1.9940568813556956E+043   1.3921187260602955E+054   5.6755865738627283E+052   6.5807706879222066E+044   1.8919197581878736E+033   1.0826496068202530E+020   2776479.2098268163        2.8459574408014182E-007   4.0688134091640901E-019   3.2609002755827299E-031  -9.4146842406088110E-038  -6.7111799714144621E-045  -2.1974333052244320E-051  -1.8344706859633471E-057  -2.2708825973712184E-063
   2.0224404386560275E+043   1.4245185630093255E+054   5.8611933081214248E+052   6.8592542577473450E+044   1.9895882206626723E+033   1.1476515868722286E+020   2964740.0949900765        3.0614823082719873E-007   4.4117604877034322E-019   3.5659630046410583E-031  -1.0388399922897393E-037  -7.4746771433835661E-045  -2.4708893094095859E-051  -2.0827953635162716E-057  -2.6034989618603319E-063
   2.0512278006008292E+043   1.4576722669784176E+054   6.0528668004788694E+052   7.1495087519788174E+044   2.0922887814880086E+033   1.2165487588367906E+020   3165750.4260897534        3.2933180576622651E-007   4.7836028963116090E-019   3.8995585816913078E-031  -1.1462807557422844E-037  -8.3250242857420716E-045  -2.7783723015390677E-051  -2.3647324992971450E-057  -2.9848310136529713E-063
   2.0804247040540048E+043   1.4915973697519837E+054   6.2508051994727886E+052   7.4520309669441528E+044   2.2002801262388348E+033   1.2895740476627706E+020   3380372.4564706655        3.5426981777138849E-007   5.1867742357266517E-019   4.2643550506300662E-031  -1.2648317973982473E-037  -9.2720996453746305E-045  -3.1241159771223445E-051  -2.6848314370066787E-057  -3.4220133231745273E-063
   2.1100369670972780E+043   1.5263118104378753E+054   6.4552131181268695E+052   7.7673386273536321E+044   2.3138342049175050E+033   1.3669742745502115E+020   3609526.6673064530        3.8109493608038988E-007   5.6239129724097173E-019   4.6632698680456404E-031  -1.3956418206462577E-037  -1.0326904861815676E-044  -3.5128807410856098E-051  -3.0482572098097899E-057  -3.9232252720240703E-063
   2.1400704901697695E+043   1.5618339449136897E+054   6.6663018444945786E+052   8.0959712658651255E+044   2.4332369101223450E+033   1.4490109838815465E+020   3854195.6932344292        4.0994985389728448E-007   6.0978796755436061E-019   5.0994932112597050E-031  -1.5399782720324586E-037  -1.1501692704481665E-044  -3.9500192275787336E-051  -3.4608738576397431E-057  -4.4978440474261999E-063
   2.1705312572232064E+043   1.5981825554913944E+054   6.8842895590428877E+052   8.4384911395040075E+044   2.5587887897725474E+033   1.5359613192220420E+020   4115428.5121670607        4.4098804505568112E-007   6.6117757034598839E-019   5.5765134637597948E-031  -1.6992396132892079E-037  -1.2810109332003973E-044  -4.4415499690440647E-051  -3.9293390181580510E-057  -5.1566200382306444E-063
   2.2014253368929480E+043   1.6353768608052791E+054   7.1094015590972144E+052   8.7954841844765259E+044   2.6908057961433766E+033   1.6281189512920328E+020   4394344.9170217086        4.7437457773908904E-007   7.1689634612928414E-019   6.0981450813470508E-031  -1.8749688613634577E-037  -1.4267352724324328E-044  -4.9942402279950043E-051  -4.4612113166356712E-057  -5.9118779122118977E-063
   2.2327588836850393E+043   1.6734365259283610E+054   7.3418704905761088E+052   9.1675610109789248E+044   2.8296200730542890E+033   1.7257950609845443E+020   4692140.2882990763        5.1028698955579944E-007   7.7730883618857742E-019   6.6685590613012644E-031  -2.0688685274242898E-037  -1.5890349125797618E-044  -5.6156991309650372E-051  -5.0650722863554449E-057  -6.7777471345530325E-063
   2.2645381391794982E+043   1.7123816727224899E+054   7.5819365872514536E+052   9.5553579396710588E+044   2.9755807831456628E+033   1.8293193806830318E+020   5010090.6877090158        5.4891622858893825E-007   8.4281026330602211E-019   7.2923162576132159E-031  -2.2828170993545750E-037  -1.7697949546441634E-044  -6.3144823857664064E-051  -5.7506647853787772E-057  -7.7704262378097092E-063
   2.2967694332500338E+043   1.7522328904275046E+054   7.8298479177776579E+052   9.9595380815526560E+044   3.1290549772775560E+033   1.9390412973257123E+020   5349558.2943953453        5.9046766538984016E-007   9.1382911263739380E-019   7.9744038080177245E-031  -2.5188872271534320E-037  -1.9711148601100716E-044  -7.1002100224888951E-051  -6.5290501414453932E-057  -8.9084857846283289E-063
   2.3294591853004213E+043   1.7930112464949373E+054   8.0858606407410138E+052   1.0380792463052388E+045   3.2904285081866141E+033   2.0553310208659702E+020   5711997.2067547143        6.3516218125651186E-007   9.9082992955164213E-019   8.7202749633601042E-031  -2.7793657871381409E-037  -2.1953328225345617E-044  -7.9836987777624438E-051  -7.4127865586683654E-057  -1.0213215687827670E-062
   2.3626139055177273E+043   1.8347382976718563E+054   8.3502392679885733E+052   1.0819841198215132E+045   3.4601069906450271E+033   2.1785808219932361E+020   6098959.6343843127        6.8323733854061285E-007   1.0743163526606074E-018   9.5358926369410919E-031  -3.0667760189953819E-037  -2.4450529095417216E-044  -8.9771109431635569E-051  -8.4161316624114451E-057  -1.1709023381662890E-062
   2.3962401961426122E+043   1.8774361013405910E+054   8.6232569365041683E+052   1.1277434709950902E+045   3.6385168104786908E+033   2.3092063432062448E+020   6512102.5063358890        7.3494863915820869E-007   1.1648344017952333E-018   1.0427777021126407E-030  -3.3839019497673876E-037  -2.7231752900778619E-044  -1.0094121725031763E-050  -9.5552724478135837E-057  -1.3423890288669411E-062
   2.4303447527569172E+043   1.9211272271201993E+054   8.9051956891078135E+052   1.1754355002390434E+045   3.8261061849206366E+033   2.4476479875714397E+020   6953194.5236058151        7.9057087794379039E-007   1.2629760423428278E-018   1.1403057650912643E-030  -3.7338153409622839E-037  -3.0329298975591494E-044  -1.1350107417489281E-050  -1.0848586339124635E-056  -1.5389895116193855E-062
   2.4649343655887580E+043   1.9658347687356658E+054   9.1963467642636034E+052   1.2251416986477196E+045   4.0233462769006489E+033   2.5943723897542692E+020   7424123.6856602486        8.5039959798613806E-007   1.3693830491572040E-018   1.2469530329568770E-030  -4.1199054193628484E-037  -3.3779139193821645E-044  -1.2762356976622052E-050  -1.2316937568452236E-056  -1.7643813765921198E-062
   2.5000159208353392E+043   2.0115823561609692E+054   9.4970108952903605E+052   1.2769469861013798E+045   4.2307323660031525E+033   2.7498739741810151E+020   7926905.3227884909        9.1475265562114652E-007   1.4847511952015034E-018   1.3635719370203877E-030  -4.5459116790095188E-037  -3.7621335476321316E-044  -1.4350309905514877E-050  -1.3984013651770324E-056  -2.0227807071742296E-062
   2.5355964020037222E+043   2.0583941680422816E+054   9.8074986192787349E+052   1.3309398551472721E+045   4.4487850789631524E+033   2.9146766054745506E+020   8463690.6682048049        9.8397190333353644E-007   1.6098347921948190E-018   1.4910945649454715E-030  -5.0159600715113325E-037  -4.1900504752270293E-044  -1.6135823721558107E-050  -1.5876707386274449E-056  -2.3190209222929161E-062
   2.5716828912697553E+043   2.1062949444077137E+054   1.0128130596028207E+053   1.3872125208977003E+045   4.6780516827146222E+033   3.0893353366098549E+020   9036776.0060879756        1.0584249994394554E-006   1.7454516128220295E-018   1.6305401015777744E-030  -5.5346029345789636E-037  -4.6666336767506250E-044  -1.8143474684127419E-050  -1.8025550526797376E-056  -2.6586431611468269E-062
   2.6082825708554047E+043   2.1553099996701537E+054   1.0459237937327478E+053   1.4458610771956060E+045   4.9191074431575880E+033   3.2744382605552989E+020   9648612.4341683798        1.1385073540885729E-006   1.8924882265464008E-018   1.7830229645437551E-030  -6.1068630447930762E-037  -5.1974170744908970E-044  -2.0400895917968534E-050  -2.0465206131836989E-056  -3.0479998999701980E-062
   2.6454027244247083E+043   2.2054652359299036E+054   1.0801162546912130E+053   1.5069856593085607E+045   5.1725570529696305E+033   3.4706084715046260E+020   10301816.282054132        1.2246442218408817E-006   2.0519057837525291E-018   1.9497616994608907E-030  -6.7382822204672902E-037  -5.7885637584218125E-044  -2.2939157581676282E-050  -2.3235027515211321E-056  -3.4943737377447709E-062
   2.6830507384985801E+043   2.2567871565839650E+054   1.1154257471444100E+053   1.5706906134228579E+045   5.4390361319549693E+033   3.6785061421632940E+020   10999180.229241984        1.3172929518437619E-006   2.2247462858605320E-018   2.1320887056492920E-030  -7.4349749444226074E-037  -6.4469375048359987E-044  -2.5793194308603234E-050  -2.6379692812669878E-056  -4.0061135712702365E-062
   2.7212341038887032E+043   2.3093028802489825E+054   1.1518887262868586E+053   1.6370846732206389E+045   5.7192128036001094E+033   3.8988307239325729E+020   11743685.169696199        1.4169454074629969E-006   2.4121393822098615E-018   2.3314608698469278E-030  -8.2036875249831439E-037  -7.1801824229331621E-044  -2.9002285797305387E-050  -2.9949925391242401E-056  -4.5927907049853594E-062
   2.7599604171507415E+043   2.3630401550050013E+054   1.1895428352515380E+053   1.7062811438346859E+045   6.0137893516896633E+033   4.1323232772367385E+020   12538512.873012142        1.5241305681116333E-006   2.6153097379332066E-018   2.5494711926591654E-030  -9.0518633669993056E-037  -7.9968116528738022E-044  -3.2610597159155957E-050  -3.4003311712317522E-056  -5.2653778134715159E-062
   2.7992373820571037E+043   2.4180273729673694E+054   1.2284269437323356E+053   1.7783980934877018E+045   6.3235039610298122E+033   4.3797689396641477E+020   13387059.495523570        1.6394173269775475E-006   2.8355850207497914E-018   2.7878615003756069E-030  -9.9877149837200615E-037  -8.9063061437103837E-044  -3.6667786452065518E-050  -3.8605229829690123E-056  -6.0364541016268925E-062
   2.8390728110895052E+043   2.4742935851942626E+054   1.2685811878578979E+053   1.8535585531355771E+045   6.6491325465304101E+033   4.6419995400432779E+020   14292949.998277562        1.7634174993792630E-006   3.0744045586269258E-018   3.0485363434260149E-030  -1.1020303445439707E-036  -9.9192246564232385E-044  -4.1229687752617460E-050  -4.3829903486382141E-056  -6.9204404970496196E-062
   2.8794746269515586E+043   2.5318685169375044E+054   1.3100470113572192E+053   1.9318907244473509E+045   6.9914906751104779E+033   4.9198963670514467E+020   15260053.532603482        1.8967890575853726E-006   3.3333287246150239E-018   3.3335781921910430E-030  -1.2159626032664670E-036  -1.1047326267368383E-043  -4.6359079157041114E-050  -4.9761598797630869E-056  -7.9338692703554828E-062
   2.9204508641016395E+043   2.5907825832444839E+054   1.3528672080585959E+053   2.0135281964683089E+045   7.3514355851161866E+033   5.2143931014584094E+020   16292499.858058041        2.0402396091215683E-006   3.6140491098825649E-018   3.6452640512075320E-030  -1.3416712940774454E-036  -1.2303706792294817E-043  -5.2126546268557398E-050  -5.6495982804634303E-056  -9.0956931224616227E-062
   2.9620096703062705E+043   2.6510669049191969E+054   1.3970859657649002E+053   2.0986101713269786E+045   7.7298683081760681E+033   5.5264789216409321E+020   17394696.861854259        2.1945301368670326E-006   3.9183995510941974E-018   3.9860836240942297E-030  -1.4803733970552195E-036  -1.3702950712386370E-043  -5.8611453040767244E-050  -6.4141665791430784E-056  -1.0427639515306470E-061
   3.0041593082142703E+043   2.7127533248505744E+054   1.4427489115495060E+053   2.1872816993616678E+045   8.1277358986655553E+033   5.8572017925695747E+020   18571349.253495906        2.3604790206154019E-006   4.2483680838204809E-018   4.3587591738615605E-030  -1.6334116235376608E-036  -1.5261300363394692E-043  -6.5903033321928847E-050  -7.2821952217655496E-056  -1.1954616867819961E-061
   3.0469081569519109E+043   2.7758744247164675E+054   1.4899031585186081E+053   2.2796939240577054E+045   8.5460337762126321E+033   6.2076719490669779E+020   19827478.513259750        2.5389663612518589E-006   4.6061098996774682E-018   4.7662672367563902E-030  -1.8022674022228115E-036  -1.6996844348934010E-043  -7.4101618103437790E-050  -8.2676828480519229E-056  -1.3705180207993437E-061
   3.0902647137393312E+043   2.8404635420718358E+054   1.5385973540871444E+053   2.3760043372026622E+045   8.9858081869490380E+033   6.5790655847699697E+020   21168444.178416181        2.7309386302848395E-006   4.9939613914072506E-018   5.2118623625366663E-030  -1.9885752060992686E-036  -1.8929727361719626E-043  -8.3320015340353254E-050  -9.3865219534294579E-056  -1.5712064982721175E-061
   3.1342375955284686E+043   2.9065547878298868E+054   1.5888817298170292E+053   2.4763770446836514E+045   9.4481587894978002E+033   6.9726287588976702E+020   22599966.556676310        2.9374136691766195E-006   5.4144553771688883E-018   5.6991030701883411E-030  -2.1941383585978111E-036  -2.1082383844527334E-043  -9.3685061307999984E-050  -1.0656755072628404E-055  -1.8012799000437944E-061
   3.1788355406627480E+043   2.9741830641450862E+054   1.6408081528679695E+053   2.5809830433682751E+045   9.9342413719882822E+033   7.3896815336367876E+020   24128150.962323263        3.1594860647505240E-006   5.8703376029583779E-018   6.2318802257159492E-030  -2.4209464716336653E-036  -2.3479798198800228E-043  -1.0533936481529191E-049  -1.2098865612439205E-055  -2.0650403941235639E-061
   3.2240674105587872E+043   3.0433840827071848E+054   1.6944301791127239E+053   2.6900005095289839E+045   1.0445270706705538E+034   7.8316223557055952E+020   25759513.576852199        3.3983329289232737E-006   6.3645846303658904E-018   6.8144480678984059E-030  -2.6711946839590761E-036  -2.6149794556326787E-043  -1.1844326824481898E-049  -1.3736108019216120E-055  -2.3674199542361218E-061
   3.2699421914103766E+043   3.1141943834555925E+054   1.7498031079703361E+053   2.8036150992895712E+045   1.0982523549311914E+034   8.2999326964521003E+020   27501009.042733584        3.6552201131292705E-006   6.9004232258619939E-018   7.4514581289557675E-030  -2.9473048856202415E-036  -2.9123359471817670E-043  -1.3317705236827413E-049  -1.5594882600228239E-055  -2.7140725485018123E-061
   3.3164689959149940E+043   3.1866513537236432E+054   1.8069840390125638E+053   2.9220202615922278E+045   1.1547341789926613E+034   8.7961819656822116E+020   29360059.906155709        3.9315088900804370E-006   7.4813513775399963E-018   8.1479963200877774E-030  -3.2519491334785835E-036  -3.2435001275479094E-043  -1.4974341523435451E-049  -1.7705161037111163E-055  -3.1114798207023242E-061
   3.3636570650230953E+043   3.2607932478225040E+054   1.8660319304004921E+053   3.0454175642040998E+045   1.2141135763713873E+034   9.3220327153029677E+020   31344588.032324865        4.2286631379524422E-006   8.1111610757916505E-018   8.9096234770035608E-030  -3.5880754838983281E-036  -3.6123150249227715E-043  -1.6837025919079931E-049  -2.0100969446035833E-055  -3.5670722386158231E-061
   3.4115157697104650E+043   3.3366592070747028E+054   1.9270076592101295E+053   3.1740170333036681E+045   1.2765387729013642E+034   9.8792461498068540E+020   33463048.125137530        4.5482570647184460E-006   8.7939630058265058E-018   9.7424196880632031E-030  -3.9589364920241568E-036  -4.0230604262926511E-043  -1.8931382433439077E-049  -2.2820936765922481E-055  -4.0893679728046509E-061
   3.4600546127738797E+043   3.4142892803074585E+054   1.9899740837076556E+053   3.3080375072094759E+045   1.3421655521450845E+034   1.0469687961619054E+021   35724463.491821438        4.8919835131785865E-006   9.5342133123348194E-018   1.0653032757714264E-029  -4.3681206527988589E-036  -4.4805025033409867E-043  -2.1286221144061104E-049  -2.5908917308000241E-055  -4.6881321004016024E-061
   3.5092832306503318E+043   3.4937244448162355E+054   2.0549961076369286E+053   3.4477070048368699E+045   1.4111576392881562E+034   1.1095334510383170E+021   38138464.202508718        5.2616628902719719E-006   1.0336742610020182E-017   1.1648731190767638E-029  -4.8195870872491559E-036  -4.9899490755196758E-043  -2.3933934277350337E-049  -2.9414697494173195E-055  -5.3745591080489445E-061
   3.5592113952601110E+043   3.5750066278091697E+054   2.1221407465838306E+053   3.5932631094925149E+045   1.4836871044477598E+034   1.1758279366375978E+021   40715327.804691873        5.6592527675237320E-006   1.1206787428277326E-017   1.2737462118978142E-029  -5.3177038088714983E-036  -5.5573111504440121E-043  -2.6910941518951218E-049  -3.3394798167216131E-055  -6.1614821032834479E-061
   3.6098490158739692E+043   3.6581787283432436E+054   2.1914771964840994E+053   3.7449533686414636E+045   1.5599347863716224E+034   1.2460740239421604E+021   43466022.763164505        6.0868582029896393E-006   1.2150024294057127E-017   1.3927914630660304E-029  -5.8672899394800247E-036  -6.1891714544375664E-043  -3.0258190670917186E-049  -3.7913385394597686E-055  -7.0636126424525054E-061
   3.6612061410046781E+043   3.7432846397633253E+054   2.2630769043434055E+053   3.9030357103076708E+045   1.6400907375530102E+034   1.3205066315923957E+021   46402254.807406098        6.5467428388332620E-006   1.3172606674045746E-017   1.5229589006990090E-029  -6.4736622819683285E-036  -6.8928607469714545E-043  -3.4021720533021121E-049  -4.3043304434470638E-055  -8.0978156550003667E-061
   3.7132929603232051E+043   3.8303692726554481E+054   2.3370136412406120E+053   4.0677788767959661E+045   1.7243546918384973E+034   1.3993746027957170E+021   49536516.380481675        7.0413408327249193E-006   1.4281205015798791E-017   1.6652872415558804E-029  -7.1426866994520567E-036  -7.6765428028427165E-043  -3.8253293739918460E-049  -4.8867253515179645E-055  -9.2834245993502416E-061
   3.7661198065998132E+043   3.9194785783259390E+054   2.4133635776874047E+053   4.2394628764517233E+045   1.8129365556590669E+034   1.4829415279751615E+021   52882139.396441571        7.5732696856091819E-006   1.5483050147533383E-017   1.8209121663027596E-029  -7.8808347966047820E-036  -8.5493090462603832E-043  -4.3011108246331962E-049  -5.5479116330411532E-055  -1.0642602736858349E-060
   3.8196971576703298E+043   4.0106595728182642E+054   2.4922053614198143E+053   4.4183794542038802E+045   1.9060569240715646E+034   1.5714866158391756E+021   56453351.526977576        8.1453440330706262E-006   1.6785980318020344E-017   1.9910753664785881E-029  -8.6952464501212377E-036  -9.5212839327147711E-043  -4.8360597232160550E-049  -6.2985474707056963E-055  -1.2200757271449201E-060
   3.8740356384278616E+043   4.1039603614797161E+054   2.5736201976995204E+053   4.6048325816675135E+045   2.0039476228567854E+034   1.6653056157106989E+021   60265336.252775669        8.7605904725604603E-006   1.8198492181575530E-017   2.1771344350788547E-029  -9.5937987916316955E-036  -1.0603742298886737E-042  -5.4375328413231874E-049  -7.1507325803059758E-055  -1.3987014089626269E-060
   3.9291460228402392E+043   4.1994301640903549E+054   2.6576919322053187E+053   4.7991389676140170E+045   2.1068522779826721E+034   1.7647117941191971E+021   64334296.930662937        9.4222635041554925E-006   1.9729796058675323E-017   2.3805736793720005E-029  -1.0585182308591583E-035  -1.1809240039346210E-042  -6.1138015107964169E-049  -8.1182031484645977E-055  -1.6034761967007073E-060
   3.9850392359934395E+043   4.2971193405668433E+054   2.7445071365976617E+053   5.0016285896500259E+045   2.2150269138063884E+034   1.8700369688344626E+021   68677525.144340962        1.0133862668333719E-005   2.1389875830380626E-017   2.6030159418837660E-029  -1.1678984797279663E-035  -1.3151759622993754E-042  -6.8741652944188027E-049  -9.2165531269295835E-055  -1.8382276404467409E-060
   4.0417263561612846E+043   4.3970794172541360E+054   2.8341551968418156E+053   5.2126452479806822E+045   2.3287405814575311E+034   1.9816326037062961E+021   73313473.624298543        1.0899150970497737E-005   2.3189553854724787E-017   2.8462355234863213E-029  -1.2885783977716303E-035  -1.4646872133896762E-042  -7.7290797814836242E-049  -1.0463485446274097E-054  -2.1073434743593405E-060
   4.0992186169016645E+043   4.4993631138182436E+054   2.9267284043778699E+053   5.4325471421686982E+045   2.4482760189166450E+034   2.0998709678702545E+021   78261834.041477010        1.1722174688690475E-005   2.5140561325696274E-017   3.1121723112749739E-029  -1.4217249663788157E-035  -1.6311917712346677E-042  -8.6903002629781174E-049  -1.1879097193335221E-054  -2.4158535915166737E-060
   4.1575274091795801E+043   4.6040243707535726E+054   3.0223220502286364E+053   5.6617074718379716E+045   2.5739303443786648E+034   2.2251463630870411E+021   83543619.999496862        1.2607284668162164E-005   2.7255614530635649E-017   3.4029472234747754E-029  -1.5686256473940112E-035  -1.8166206484823926E-042  -9.7710432590360592E-049  -1.3486203343294882E-054  -2.7695240127636751E-060
   4.2166642835172618E+043   4.7111183775186579E+054   3.1210345221393402E+053   5.9005150623092870E+045   2.7060157845700874E+034   2.3578764232025647E+021   89181255.571831211        1.3559159214200406E-005   2.9548497499995033E-017   3.7208790940681098E-029  -1.7307008169354289E-035  -2.0231242308561473E-042  -1.0986168116295730E-048  -1.5310704257719203E-054  -3.1749646041399367E-060
   4.2766409521716456E+043   4.8207016013143799E+054   3.2229674048459754E+053   6.1493750161960764E+045   2.8448604397717644E+034   2.4985034899478093E+021   95198669.753315419        1.4582828702966548E-005   3.2034151584721649E-017   4.0685031312548510E-029  -1.9095174818556372E-035  -2.2530971920283472E-042  -1.2352381168196420E-048  -1.7382002864106434E-054  -3.6397525540968348E-060
   4.3374692913394795E+043   4.9328318165190926E+054   3.3282255835722500E+053   6.4087093920301458E+045   2.9908090873864205E+034   2.6474960695432304E+021   101621397.21990731        1.5683702039034696E-005   3.4728772541291185E-017   4.4485910963393600E-029  -2.1068044110947652E-035  -2.5092062372509695E-042  -1.3888465260831995E-048  -1.9733478231869953E-054  -4.1725739158655679E-060
   4.3991613433903286E+043   5.0475681347953645E+054   3.4369173508581928E+053   6.6789579110310511E+045   3.1442240259814858E+034   2.8053503748321764E+021   108476685.81676160        1.6867595097950521E-005   3.7649915752918851E-017   4.8641733632820117E-029  -2.3244688278045126E-035  -2.7944209967952118E-042  -1.5615537794996741E-048  -2.2403023167051341E-054  -4.7833858575037721E-060
   4.4617293191277586E+043   5.1649710358833783E+054   3.5491545168267453E+053   6.9605786931782225E+045   3.3054859618338617E+034   2.9725919579426338E+021   115793611.22255838        1.8140761302465376E-005   4.0816610268028672E-017   5.3185630340649804E-029  -2.5646148231530987E-035  -3.1120484266763911E-042  -1.7557340826275898E-048  -2.5433654478004581E-054  -5.4836026486152343E-060
   4.5251856000789569E+043   5.2851023990963570E+054   3.6650525229980158E+053   7.2540490237922876E+045   3.4749949401039791E+034   3.1497774387672771E+021   123603199.26774581        1.9509924492210683E-005   4.4249482394000938E-017   5.8153823013205278E-029  -2.8295636693011546E-035  -3.4657711146938658E-042  -1.9740567204811400E-048  -2.8874205733369747E-054  -6.2863088557122311E-060
   4.5895427408130857E+043   5.4080255355336996E+054   3.7847305597643003E+053   7.5598661518812120E+045   3.6531713228722245E+034   3.3374963348593139E+021   131938556.41604130        2.0982314258514919E-005   4.7970889645911549E-017   6.3585912674837113E-029  -3.1218762273256991E-035  -3.8596899349679545E-042  -2.2195227230737778E-048  -3.2780113660652563E-054  -7.2065037259335105E-060
   4.6548134712885989E+043   5.5338052210278573E+054   3.9083116876425643E+053   7.8785481215581217E+045   3.8404568163817368E+034   3.5363729986668452E+021   140835008.95231292        2.2565703928893059E-005   5.2005065916819007E-017   6.9525194492010965E-029  -3.4443776660393922E-035  -4.2983715444276613E-042  -2.4955060857006881E-048  -3.7214310839970437E-054  -8.2613813208106272E-060
   4.7210106992298362E+043   5.6625077298413389E+054   4.0359229624247126E+053   8.2106346378908508E+045   4.0373155499479519E+034   3.7470686683725300E+021   150330251.45597118        2.4268451399521500E-005   5.6378278808576379E-017   7.6019002170063607E-029  -3.8001847298989589E-035  -4.7869012706746499E-042  -2.8058001096015415E-048  -4.2248239057220089E-054  -9.4706516288424737E-060
   4.7881475125331312E+043   5.7942008691305409E+054   4.1676955643497725E+053   8.5566879685987442E+045   4.2442352091173914E+034   3.9702836389692084E+021   160464505.17738828        2.6099543028821791E-005   6.1119000140609677E-017   8.3119084435307178E-029  -4.1927358187337130E-035  -5.3309420029662252E-042  -3.1546694988673162E-048  -4.7962999621539019E-054  -1.0856908650229328E-059
   4.8562371817027142E+043   5.9289540141935008E+054   4.3037649314260157E+053   8.9172938830698129E+045   4.4617282257862984E+034   4.2067595605870505E+021   171280686.97578064        2.8068640821190220E-005   6.6258090739115265E-017   9.0882016589344285E-029  -4.6258241690880232E-035  -5.9367997674421572E-042  -3.5469089283920162E-048  -5.4450659154651836E-054  -1.2446052323487862E-059
   4.9252931623166563E+043   6.0668381445190180E+054   4.4442708970350275E+053   9.2930626302312845E+045   4.6903330281241325E+034   4.4572818714949011E+021   182824589.52061385        3.0186133147008923E-005   7.1829000701231877E-017   9.9369650400259594E-029  -5.1036344568202120E-035  -6.6114967449674443E-042  -3.9879088864027926E-048  -6.1815731859902277E-054  -1.4267772168154534E-059
   4.9953290975231468E+043   6.2079258806549460E+054   4.5893578319539030E+053   9.6846299568689609E+045   4.9306153532879700E+034   4.7226823736290401E+021   195145073.50508505        3.2463189263446424E-005   7.7867986428528210E-017   1.0864960589896811E-028  -5.6307831735213356E-035  -7.3628525759666768E-042  -4.4837296948454388E-048  -7.0176862116636101E-054  -1.6356101669110694E-059
   5.0663588205673388E+043   6.3522915219138621E+054   4.7391747909359835E+053   1.0092658168055600E+046   5.1831696260617795E+034   5.0038419589579617E+021   208294272.66980571        3.4911817920295402E-005   8.4414345832254856E-017   1.1879580898082201E-028  -6.2123631656263905E-035  -8.1995748923775667E-042  -5.0411847230221618E-048  -7.9668734466705338E-054  -1.8750053747688670E-059
   5.1383963573490300E+043   6.5000110849346722E+054   4.8938756639949772E+053   1.0517837231416064E+046   5.4486204067097365E+034   5.3016934954734012E+021   222327812.48763970        3.7544930356304622E-005   9.1510673229931636E-017   1.2988907907522384E-028  -6.8539927651363591E-035  -9.1313601234556493E-042  -5.6679339359099893E-048  -9.0444241715947591E-054  -2.1494349177239388E-059
   5.2114559290114398E+043   6.6511623431191470E+054   5.0536193325417736E+053   1.0960885927027030E+046   5.7276239114955805E+034   5.6172248821071841E+021   237305043.41696912        4.0376408014249775E-005   9.9203135579729693E-017   1.4201777154232524E-028  -7.5618699850361929E-035  -1.0169005740848653E-041  -6.3725890602565131E-048  -1.0267694602327431E-053  -2.4640251534447183E-059
   5.2855519545613191E+043   6.8058248669627372E+054   5.2185698305279972E+053   1.1422553044822066E+046   6.0208696094907760E+034   5.9514822824121084E+021   253289289.69068661        4.3421175327470705E-005   1.0754177183657288E-016   1.5527847988903046E-028  -8.3428323012052049E-035  -1.1324535240495865E-041  -7.1648318107940583E-048  -1.1656387256012235E-053  -2.8246524264673242E-059
   5.3606990535206648E+043   6.9640800652994492E+054   5.3888965107550876E+053   1.1903618631448757E+046   6.3290818994734237E+034   6.3055735474147799E+021   270348114.67219484        4.6695277956907348E-005   1.1658081736280769E-016   1.6977680336988867E-028  -9.2044225963394888E-035  -1.2611337306018475E-041  -8.0555467979135640E-048  -1.3232868066911991E-053  -3.2380527717021570E-059
   5.4369120486102582E+043   7.1260112274809838E+054   5.5647742165126984E+053   1.2404895288603460E+046   6.6530218709078092E+034   6.6806718386506742E+021   288553603.87788886        5.0215966885926913E-005   1.2637905548762573E-016   1.8562818605577843E-028  -1.0154961900656312E-034  -1.4044320762047227E-041  -9.0569709393448664E-048  -1.5022526351872960E-053  -3.7119476615085333E-059
   5.5142059684652925E+043   7.2917035665107454E+054   5.7463834587152679E+053   1.2927229524951314E+046   6.9934891531915636E+034   7.0780194630288089E+021   307982666.83828211        5.4001788810597035E-005   1.3700019848420197E-016   2.0295883401864019E-028  -1.1203629629495844E-034  -1.5640087108271309E-041  -1.0182861424554574E-047  -1.7054183413778453E-053  -4.2551881421080176E-059
   5.5925960503833144E+043   7.4612442631537562E+054   5.9339105987108908E+053   1.3471503163824475E+046   7.3513238575642299E+034   7.4989319318469912E+021   328717359.04740387        5.8072683295678606E-005   1.4851330042285276E-016   2.2190671789834658E-028  -1.2360552090002868E-034  -1.7417122627988733E-041  -1.1448684534790301E-047  -1.9360556353078944E-053  -4.8779200480041566E-059
   5.6720977431047192E+043   7.6347225110439738E+054   6.1275480369420472E+053   1.4038634808980300E+046   7.7274086162878881E+034   7.9448022569909978E+021   350845225.33266193        6.2450087201655700E-005   1.6099320456363084E-016   2.4262266879299043E-028  -1.3636900108550764E-034  -1.9396012290932700E-041  -1.2871827907449277E-047  -2.1978784544710418E-053  -5.5917733760832859E-059
   5.7527267096260182E+043   7.8122295628109338E+054   6.3274944076432765E+053   1.4629581370793392E+046   8.1226707239379468E+034   8.4171054981042416E+021   374459666.06535953        6.7157046925766896E-005   1.7452102817397186E-016   2.6527157615172635E-028  -1.5044996718224047E-034  -2.1599677921744103E-041  -1.4471839154638992E-047  -2.4951027244706882E-053  -6.4100793515086517E-059
   5.8344988300461179E+043   7.9938587772480895E+054   6.5339547797667123E+053   1.5245339655351545E+046   8.5380843858808080E+034   8.9174035753109543E+021   399660327.72583628        7.2218339040447117E-005   1.8918468789770730E-016   2.9003369715563365E-028  -1.6598435942343960E-034  -2.4053643385556219E-041  -1.6270694106821189E-047  -2.8325141933739034E-053  -7.3481192337781832E-059
   5.9174302044458103E+043   8.1797056675457183E+054   6.7471408643322074E+053   1.5886948019025125E+046   8.9746730792653240E+034   9.4473503629180257E+021   426553519.43714708        7.7660599956036605E-005   2.0507946906250187E-016   3.1710608795322873E-028  -1.8312213816630079E-034  -2.6786329853979532E-041  -1.8293098358225672E-047  -3.2155454302010572E-053  -8.4234095030097601E-059
   6.0015371558006997E+043   8.3698679506116858E+054   6.9672712284049803E+053   1.6555488091183355E+046   9.4335120321173698E+034   1.0008697080411043E+022   455252657.18770659        8.3512465281288550E-005   2.2230864259522212E-016   3.4670416808016694E-028  -2.0202872910161085E-034  -2.9829384561914164E-041  -2.0566826246836976E-047  -3.6503632252233184E-053  -9.6560287446661674E-059
   6.0868362329277767E+043   8.5644455975038670E+054   7.1945715159099316E+053   1.7252086567838782E+046   9.9157308264020732E+034   1.0603297998001519E+022   485878737.57683277        8.9804719605345902E-005   2.4098413352070177E-016   3.7906343044492733E-028  -2.2288661734955419E-034  -3.3218046852071724E-041  -2.3123101914431203E-047  -4.1439677968403018E-053  -1.1068992328162950E-058
   6.1733442134658095E+043   8.7635408849985065E+054   7.4292746754982499E+053   1.7977917079113183E+046   1.0422516131206847E+035   1.1233116474977638E+022   518560843.03808540        9.6570457478718772E-005   2.6122724535079349E-016   4.1444131041212562E-028  -2.4589710576979510E-034  -3.6991555734306922E-041  -2.5997027668382571E-047  -4.7043053994626007E-053  -1.2688681865588534E-058
   6.2610781068897856E+043   8.9672584483192980E+054   7.6716211956886290E+053   1.8734202133534898E+046   1.0955114572500976E+035   1.1900231350163163E+022   553436680.62419462        1.0384525642865115E-004   2.8316944502959256E-016   4.5311922877161634E-028  -2.7128225439076106E-034  -4.1193603665795117E-041  -2.9228065514646492E-047  -5.3403961420709744E-053  -1.4545337457692173E-058
   6.3500551575595469E+043   9.1757053350524583E+054   7.9218593475122207E+053   1.9522215142298700E+046   1.1514835746244995E+035   1.2606843704901674E+022   590653156.57473302        1.1166736290641549E-004   3.0695321348958809E-016   4.9540482475457961E-028  -2.9928701960197740E-034  -4.5872841791257176E-041  -3.2860578459312321E-047  -6.0624790714183769E-053  -1.6673621904368099E-058
   6.4402928478028379E+043   9.3889910602735793E+054   8.1802454348975700E+053   2.0343282526745171E+046   1.2103055381955696E+035   1.3355284020159484E+022   630366989.03405619        1.2007789213083216E-004   3.3273296729470703E-016   5.4163439675814955E-028  -3.3018161367094363E-034  -5.1083442475964304E-041  -3.6944438994353384E-047  -6.8821768511010514E-053  -1.9113267397865357E-058
   6.5318089010328792E+043   9.6072276629125718E+054   8.4470440530390207E+053   2.1198785912447731E+046   1.2721218664181794E+035   1.4148019750583948E+022   672745361.44299424        1.2912104286402017E-004   3.6067605730246015E-016   5.9217557007960985E-028  -3.6426410726075221E-034  -5.6885725624981949E-041  -4.1535713102867586E-047  -7.8126826823970150E-053  -2.1909816753842831E-058
   6.6246212849006939E+043   9.8305297633835649E+054   8.7225283549995726E+053   2.2090164413431337E+046   1.3370843719710940E+035   1.4987663339668363E+022   717966619.29397237        1.3884432823241019E-004   3.9096385077158130E-016   6.4743021275263927E-028  -4.0186329995665043E-034  -6.3346856017635686E-041  -4.6697429152764401E-047  -8.8689724699006386E-053  -2.5115472996773628E-058
   6.7187482144822615E+043   1.0059014622507107E+055   9.0069803268068780E+053   2.3018917010188497E+046   1.4053525278712599E+035   1.5876980701563982E+022   766221013.11631143        1.4929882378878439E-004   4.2379290387681555E-016   7.0783762253560927E-028  -4.4334188638135862E-034  -7.0541619704964464E-041  -5.2500442209636327E-047  -1.0068045640296717E-052  -2.8790073134861629E-058
   6.8142081555006993E+043   1.0292802201752614E+055   9.3006910713090505E+053   2.3986605025305338E+046   1.4770938518423407E+035   1.6818900196548667E+022   817711490.74713349        1.6053943409997050E-004   4.5937623217226958E-016   7.7387801024087143E-028  -4.8909994831475420E-034  -7.8553288429383886E-041  -5.9024405605326744E-047  -1.1429198482614938E-052  -3.3002204273131893E-058
   6.9110198275835640E+043   1.0532015224829546E+055   9.6039611010650683E+053   2.4994854700663208E+046   1.5524843098403428E+035   1.7816522128714082E+022   872654542.14432812        1.7262517924026280E-004   4.9794468717268042E-016   8.4607630693113847E-028  -5.3957880636064465E-034  -8.7474582040398140E-041  -6.6358863066305465E-047  -1.2974334400359693E-052  -3.7830482864742174E-058
   7.0092022075554011E+043   1.0776779240656355E+055   9.9171006405530167E+053   2.6045359880340187E+046   1.6317087396833787E+035   1.8873128796074543E+022   931281100.21221590        1.8561950267315729E-004   5.3974844790207405E-016   9.2500632506277247E-028  -5.9526526815166166E-034  -9.7408740009637268E-041  -7.4604476355434326E-047  -1.4728316058389285E-052  -4.3365020939166843E-058
   7.1087745327656481E+043   1.1027222687736824E+055   1.0240429937988058E+054   2.7139884803502018E+046   1.7149612957789750E+035   1.9992195125035103E+022   993837501.33874738        1.9959060211408974E-004   5.8505863699590677E-016   1.0112953064461045E-027  -6.5669631388577288E-034  -1.0847071440574340E-040  -8.3874405234570013E-047  -1.6719365079818038E-052  -4.9709106628255007E-058
   7.2097563044519694E+043   1.1283476959974003E+055   1.0574279587050946E+054   2.8280267011743561E+046   1.8024459159909070E+035   2.1177399922990021E+022   1060586509.5861918        2.1461178508511974E-004   6.3416907174058528E-016   1.1056288929416795E-027  -7.2446426418086928E-034  -1.2078849808913471E-040  -9.4295858639024621E-047  -1.8979515711310674E-052  -5.6981130302041973E-058
   7.3121672911391256E+043   1.1545676473952528E+055   1.0918990858837071E+054   2.9468420375520102E+046   1.8943768117385026E+035   2.2432637784760315E+022   1131808408.7362883        2.3076185099950495E-004   6.8739816129832130E-016   1.2087565591424907E-027  -7.9922247985738534E-034  -1.3450460344452403E-040  -1.0601183829662907E-046  -2.1545129741157787E-052  -6.5316792199827125E-058
   7.4160275320734172E+043   1.1813958737720714E+055   1.1274916044345460E+054   3.0706338244493179E+046   1.9909789824747273E+035   2.3762031690627217E+022   1207802166.6667747        2.4812550175050630E-004   7.4509096230107676E-016   1.3214975499319064E-027  -8.8169164835711875E-034  -1.4977770870316036E-040  -1.1918309865598719E-046  -2.4457480937339947E-052  -7.4871632683484890E-058
   7.5213573406927652E+043   1.2088464421104460E+055   1.1642418807836897E+054   3.1996096726808173E+046   2.0924887557453565E+035   2.5169946335882735E+022   1288886676.8301644        2.6679378292525239E-004   8.0762140601084266E-016   1.4447473697836515E-027  -9.7266671712801612E-034  -1.6678449083701810E-040  -1.3399034994638771E-046  -2.7763418388150394E-052  -8.5823932246722174E-058
   7.6281773081324556E+043   1.2369337427585496E+055   1.2021874551400323E+054   3.3339858102520816E+046   2.1991543540901872E+035   2.6661002234105900E+022   1375402081.9188151        2.8686455792180149E-004   8.7539471134109248E-016   1.5794848750150306E-027  -1.0730245405033459E-033  -1.8572166615575244E-040  -1.5063673451612277E-046  -3.1516119393718640E-052  -9.8378035297728323E-058
   7.7365083067665722E+043   1.2656724967777342E+055   1.2413670791076954E+054   3.4739874376597838E+046   2.3112364901087452E+035   2.8240090638790766E+022   1467711185.1339200        3.0844301741648578E-004   9.4884999922294087E-016   1.7267800249515896E-027  -1.1837323134385562E-033  -2.0680826212884714E-040  -1.6935061033200238E-046  -3.5775943993232534E-052  -1.1276815962137110E-057
   7.8463714937851134E+043   1.2950777634532732E+055   1.2818207544902177E+054   3.6198490977132682E+046   2.4290089910773919E+035   2.9912389330506537E+022   1566200954.8314295        3.3164222681004356E-004   1.0284631250868293E-015   1.8878023531477750E-027  -1.3058568730054506E-033  -2.3028814661746185E-040  -1.9038867972162260E-046  -4.0611404842798167E-052  -1.2926276246743195E-057
   7.9577883148067610E+043   1.3251649479717136E+055   1.3235897733236148E+054   3.7718150604641851E+046   2.5527594545722725E+035   3.1683379319469901E+022   1671284128.6964316        3.5658371447587663E-004   1.1147497476246434E-015   2.0638302254744693E-027  -1.4405749568529774E-033  -2.5643284366360475E-040  -2.1403950615871530E-046  -4.6100268008807915E-052  -1.4816954457139752E-057
   8.0707805075272919E+043   1.3559498092683468E+055   1.3667167591765254E+054   3.9301397238540302E+046   2.6827899366233478E+035   3.3558862516262057E+022   1783400924.0007579        3.8339810384298062E-004   1.2082686535068546E-015   2.2562609580748827E-027  -1.5891845170062189E-033  -2.8554466828242429E-040  -2.4062746719503569E-046  -5.2330802341024961E-052  -1.6984118528659246E-057
   8.1853701054035548E+043   1.3874484680483893E+055   1.4112457097568116E+054   4.0950880307136585E+046   2.8194176739989374E+035   3.5544980426436947E+022   1903020860.9280474        4.1222579257075816E-004   1.3096253593641414E-015   2.4666218749535769E-027  -1.7531171974774219E-033  -3.1796021637447782E-040  -2.7051719760204348E-046  -5.9403197471944669E-052  -1.9468191561159761E-057
   8.3015794413729374E+043   1.4196774149855174E+055   1.4572220408651650E+054   4.2669359027739913E+046   2.9629758422979419E+035   3.7648233927952294E+022   2030644706.4079783        4.4321768231416674E-004   1.4194760141133202E-015   2.6965823923523022E-027  -1.9339520953014667E-033  -3.5405424996092411E-040  -3.0411858348336616E-046  -6.7431173192492139E-052  -2.2315505148777144E-057
   8.4194311516082286E+043   1.4526535191014797E+055   1.5046926317374969E+054   4.4459706923732563E+046   3.1138143516083885E+035   3.9875504193719694E+022   2166806546.3886127        4.7653596283669063E-004   1.5385316266245382E-015   2.9479672251385839E-027  -2.1334309368891853E-033  -3.9424402249256904E-040  -3.4189237564599862E-046  -7.6543806022027894E-052  -2.5579162760797519E-057
   8.5389481793077346E+043   1.4863940363305685E+055   1.5537058718191398E+054   4.6324916525732524E+046   3.2723006815763039E+035   4.2234074825125863E+022   2312075994.9947605        5.1235495450677561E-004   1.6675626458026231E-015   3.2227708192516606E-027  -2.3534748151324362E-033  -4.3899409404573946E-040  -3.8435649897698967E-046  -8.6887602272053815E-052  -2.9320029245122338E-057
   8.6601537785205300E+043   1.5209166182728154E+055   1.6043117090151766E+054   4.8268104264252937E+046   3.4388207578183805E+035   4.4731655266133011E+022   2467060549.5729604        5.5086201351201871E-004   1.8074039224034330E-015   3.5231731238844085E-027  -2.5962026476238343E-033  -4.8882169185211250E-040  -4.3209314407826281E-046  -9.8628850853641319E-052  -3.3607864871928001E-057
   8.7830715180066504E+043   1.5562393211398272E+055   1.6565616994625483E+054   5.0292515561557885E+046   3.6137798717056164E+035   4.7376405571535077E+022   2632408101.2123380        5.9225850444607955E-004   1.9589600843401476E-015   3.8515568276044169E-027  -2.8639515328136852E-033  -5.4430267788048930E-040  -4.8575673809474541E-046  -1.1195629356164486E-051  -3.8522625023597273E-057
   8.9077252851320317E+043   1.5923806148972684E+055   1.7105090588709465E+054   5.2401530130717799E+046   3.7976036456433162E+035   5.0176962607139011E+022   2808809610.9574800        6.3676084526757522E-004   2.1232113598701233E-015   4.2105261941147058E-027  -3.1592991990737487E-033  -6.0607819216794916E-040  -5.4608290367566613E-046  -1.2708415565592508E-051  -4.4155949717752034E-057
   9.0341392897979688E+043   1.6293593926080569E+055   1.7662087154809034E+054   5.4598667490183712E+046   3.9907390460757130E+035   5.3142467764069260E+022   2997001962.5970960        6.8460162999989184E-004   2.3012198859067901E-015   4.6029276459142682E-027  -3.4850887616446563E-033  -6.7486204836584376E-040  -6.1389852849924305E-046  -1.4425558533244879E-051  -5.0612870680456197E-057
   9.1623380684048272E+043   1.6671949799804097E+055   1.8237173646889386E+054   5.6887592702527118E+046   4.1936554465512700E+035   5.6282596274072428E+022   3197771003.6231985        7.3603083493772729E-004   2.4941365417911325E-015   5.0318722578388071E-027  -3.8444560245015930E-033  -7.5144896661170378E-040  -6.9013308295075002E-046  -1.6374655722756767E-051  -5.8013767731932837E-057
   9.2923464878497562E+043   1.7059071451249641E+055   1.8830935253910916E+054   5.9272122346332964E+046   4.4068457432976152E+035   5.9607588217641345E+022   3411954786.7126260        7.9131711455228393E-004   2.7032083522030577E-015   5.5007603374496189E-027  -4.2408595884910762E-033  -8.3672373846036217E-040  -7.7583134057953682E-046  -1.8587030253173830E-051  -6.6496610882554077E-057
   9.4241897495580439E+043   1.7455161085252555E+055   1.9443975980977046E+054   6.1756230730586239E+046   4.6308275258733770E+035   6.3128281321998257E+022   3640447024.8889751        8.5074919374449791E-004   2.9297865065154957E-015   6.0133082856104009E-027  -4.6781140539015862E-033  -9.3167142931666597E-040  -8.7216767510391742E-046  -2.1098233672326046E-051  -7.6219529848464458E-057
   9.5578933935477675E+043   1.7860425532259149E+055   2.0076919248738824E+054   6.4344056361260205E+046   4.8661443055880502E+035   6.6856145651491215E+022   3884200774.3814654        9.1463736358680177E-004   3.1753350458162318E-015   6.5735779484755008E-027  -5.1604266351874813E-033  -1.0373887357306827E-039  -9.8046212924450377E-046  -2.3948616550309278E-051  -8.7363758782576656E-057
   9.6934833025273925E+043   1.8275076352430312E+055   2.0730408511616571E+054   6.7039908670194410E+046   5.1133668045108599E+035   7.0803320298782167E+022   4144232360.1113853        9.8331508822115826E-004   3.4414402730689246E-015   7.1860086916479865E-027  -5.6924375381498952E-033  -1.1550966281807399E-039  -1.1021984748393043E-045  -2.7183976037140841E-051  -1.0013701099078755E-056
   9.8309857060258438E+043   1.8699329942011877E+055   2.1405107895415503E+054   6.9848275016747063E+046   5.3730943080254716E+035   7.4982652191356423E+022   4421625559.7101068        1.0571407311470945E-003   3.7298209464822950E-015   7.8554524486040366E-027  -6.2792644858000437E-033  -1.2861544247318116E-039  -1.2390445108566568E-045  -3.0856290760880846E-051  -1.1477734639451499E-056
   9.9704271845546325E+043   1.9133407642017641E+055   2.2101702854929167E+054   7.2773827973116022E+046   5.6459560840298402E+035   7.9407737134380336E+022   4717536063.0089712        1.1364994097410629E-003   4.0423393211339105E-015   8.5872120187877730E-027  -6.9265518187306169E-033  -1.4320754573855894E-039  -1.3928748764443341E-045  -3.5024554840688494E-051  -1.3155760365731848E-056
   1.0111834673801510E+044   1.9577535849271739E+055   2.2820900852141973E+054   7.5821432904649146E+046   5.9326128720295393E+035   8.4092963217795440E+022   5033196225.0447464        1.2218049875006741E-003   4.3810131092837474E-015   9.3870829162389430E-027  -7.6405246394761213E-033  -1.5945445112220233E-039  -1.5657966904501316E-045  -3.9755724375747382E-051  -1.5079047938530925E-056
   1.0255235468855119E+044   2.0031946129857793E+055   2.3563432055660052E+054   7.8996155856907267E+046   6.2337584455291265E+035   8.9053556722783262E+022   5369920131.7991285        1.3135022142074873E-003   4.7480284356465822E-015   1.0261399097422935E-026  -8.4280485184674577E-033  -1.7754372367792957E-039  -1.7601783673873045E-045  -4.5125791571084153E-051  -1.7283434883288514E-056
   1.0400657228460064E+044   2.0496875335023108E+055   2.4330050062018064E+054   8.2303271761701216E+046   6.5501212512896105E+035   9.4305630670386893E+022   5729108999.1414146        1.4120690249535572E-003   5.1457538702078906E-015   1.1217082927304713E-026  -9.2966953322366688E-033  -1.9768417587627973E-039  -1.9786820031213821E-045  -5.1221003703767379E-051  -1.9809993632000787E-056
   1.0548127979301756E+044   2.0972565719586865E+055   2.5121532639528499E+054   8.5748272974801715E+046   6.8824661291913554E+035   9.9866236163155839E+022   6112256926.7749729        1.5180190097836203E-003   5.5767556280050279E-015   1.2261699775881427E-026  -1.0254815863008101E-032  -2.2010827293725628E-039  -2.2242997722117978E-045  -5.8139246450419118E-051  -2.2705795935019895E-056
   1.0697676120320371E+044   2.1459265062902137E+055   2.5938682495359398E+054   8.9336878158514507E+046   7.2315961166210503E+035   1.0575341667921307E+023   6520957030.4056101        1.6319040665706487E-003   6.0438140326968180E-015   1.3403517673620309E-026  -1.1311619853276894E-032  -2.4507481025808212E-039  -2.5003948335137351E-045  -6.5991613726395810E-051  -2.6024788850230302E-056
   1.0849330427053193E+044   2.1957226792422329E+055   2.6782328066546319E+054   9.3075041522826442E+046   7.5983543414891743E+035   1.1198626548715224E+023   6956907976.8588648        1.7543172506718477E-003   6.5499413487568671E-015   1.4651572493820535E-026  -1.2477264280036340E-032  -2.7287189368972687E-039  -2.8107473020755452E-045  -7.4904189170367443E-051  -2.9828798588909222E-056
   1.1003120056004553E+044   2.2466710109923384E+055   2.7653324335664947E+054   9.6968962439360123E+046   7.9836260081809131E+035   1.1858498635968549E+023   7421920948.4794769        1.8858958359096369E-003   7.0984010957989443E-015   1.6015739173137178E-026  -1.3762950691645765E-032  -3.0382025688858646E-039  -3.1596059143895897E-045  -8.5020067792954185E-051  -3.4188680871602059E-056
   1.1159074549042547E+044   2.2987980120433881E+055   2.8552553671911600E+054   1.0102509544292733E+047   8.3883404809493788E+035   1.2557095777400522E+023   7917927064.8561916        2.0273246024927129E-003   7.6927289679311642E-015   1.7506809528707338E-026  -1.5181032536672759E-032  -3.3827695383400101E-039  -3.5517460916069452E-045  -9.6501650148577240E-051  -3.9185639167385634E-056
   1.1317223837821668E+044   2.3521307963926084E+055   2.9480926698360527E+054   1.0525016063604350E+047   8.8134734694753594E+035   1.3296680079742681E+023   8446985291.7349148        2.1793393686412475E-003   8.3367554911981340E-015   1.9136577281869550E-026  -1.6745133509215912E-032  -3.7663946890241467E-039  -3.9925351924622361E-045  -1.0953324574701315E-050  -4.4912735306354546E-056
   1.1477598248230347E+044   2.4066970949821582E+055   3.0439383186188966E+054   1.0965115451236104E+047   9.2600493215434645E+035   1.4079645086807308E+023   9011290868.9204693        2.3427307839133786E-003   9.0346305631702440E-015   2.0917930954766785E-026  -1.8470278040118013E-032  -4.1935029167399401E-039  -4.4880058455570432E-045  -1.2432402736480807E-050  -5.1476620525787976E-056
   1.1640228504862488E+044   2.4625252694366060E+055   3.1428892976683634E+054   1.1423536121559419E+047   9.7291434280205933E+035   1.4908523369217825E+023   9613184291.0290337        2.5183484035534625E-003   9.7908500306457569E-015   2.2864955367607506E-026  -2.0373035179108502E-032  -4.6690200897204376E-039  -5.0449383606477899E-045  -1.4111138352554808E-050  -5.8999519101379791E-056
   1.1805145735511842E+044   2.5196443260928627E+055   3.2450456931865626E+054   1.1901036425114858E+047   1.0221884745569879E+036   1.5785994549206371E+023   10255160877.147709        2.7071050646027160E-003   1.0610284474318663E-014   2.4993042531504242E-026  -2.2471677240362185E-032  -5.1984297256033467E-039  -5.6709533421695045E-045  -1.6016472278142352E-050  -6.7621501401911818E-056
   1.1972381475688175E+044   2.5780839303281674E+055   3.3505107914594489E+054   1.2398405866833124E+047   1.0739458442791800E+036   1.6714893785200590E+023   10939880967.793264        2.9099815860368491E-003   1.1498210383213741E-014   2.7319012805135204E-026  -2.4786354724434725E-032  -5.7878360751606678E-039  -6.3746157670774036E-045  -1.8178979064801020E-050  -7.7503088575615879E-056
   1.2141967673153950E+044   2.6378744211918257E+055   3.4593911799036818E+054   1.2916466373170431E+047   1.1283108675755071E+036   1.7698220742311504E+023   11670180790.047550        3.1280318168306889E-003   1.2460343916787305E-014   2.9861247263548550E-026  -2.7339289184363168E-032  -6.4440343363181314E-039  -7.1655519450871596E-045  -2.0633356823478494E-050  -8.8828237228628438E-056
   1.2313936692480319E+044   2.6990468263464578E+055   3.5717968512409793E+054   1.3456073610085918E+047   1.1854141499163118E+036   1.8739149076301368E+023   12449084034.392202        3.3623880576046494E-003   1.3502877468931480E-014   3.2639832314870971E-026  -3.0154985874365673E-032  -7.1745888036204552E-039  -8.0545809546578797E-045  -2.3418983090611646E-050  -1.0180775950428362E-055
   1.2488321319621036E+044   2.7616328773246140E+055   3.6878413108935730E+054   1.4018118353862662E+047   1.2453927919698547E+036   1.9841036460158731E+023   13279814189.580132        3.6142668833909495E-003   1.4632519265803631E-014   3.5676717696168143E-026  -3.3260468207651469E-032  -7.9879198491175493E-039  -9.0538623449655360E-045  -2.6580545584937025E-050  -1.1668324204697561E-055
   1.2665154766502903E+044   2.8256650251066598E+055   3.8076416876970352E+054   1.4603527916850560E+047   1.3083907098398243E+036   2.1007435184041957E+023   14165807684.876503        3.8849753970779596E-003   1.5856536248540997E-014   3.8995889083971919E-026  -3.6685536257137585E-032  -8.8934007316972129E-039  -1.0177062115328003E-044  -3.0168757938625806E-050  -1.3373153658538561E-055
   1.2844470675631223E+044   2.8911764560259459E+055   3.9313188480294161E+054   1.5213267630288726E+047   1.3745589709236451E+036   2.2242103361076996E+023   15110727892.189293        4.1759179452590051E-003   1.7182800512632323E-014   4.2623556668843749E-026  -4.0463051761320116E-032  -9.9014653443226357E-039  -1.1439539232064145E-044  -3.4241171843111446E-050  -1.5326990546818330E-055
   1.3026303124708685E+044   2.9582011080073175E+055   4.0589975134584344E+054   1.5848342386447529E+047   1.4440561461432864E+036   2.3549016773314951E+023   16118480044.000830        4.4886033305379667E-003   1.8619839598133026E-014   4.6588361167664751E-026  -4.4629252349322736E-032  -1.1023728133728151E-038  -1.2858555221965573E-044  -3.8863098589142331E-050  -1.7566191762694321E-055
   1.3210686631266028E+044   3.0267736871451188E+055   4.1908063820112832E+054   1.6509798242415706E+047   1.5170486793358098E+036   2.4932381394075247E+023   17193227126.620098        4.8246525568396564E-003   2.0176890949166482E-014   5.0921598883088688E-026  -4.9224097976619237E-032  -1.2273117566308394E-038  -1.4453509695213022E-044  -4.4108654726666861E-050  -2.0132420435053799E-055
   1.3397656157302688E+044   3.0969296846269043E+055   4.3268782531745399E+054   1.7198724087946528E+047   1.5937112746280877E+036   2.6396646624926653E+023   18339406812.114910        5.1858071469504125E-003   2.1863960887402946E-014   5.5657467567812867E-026  -5.4291652868718470E-032  -1.3664024668788046E-038  -1.6246205002927159E-044  -5.0061948550934853E-050  -2.3073420018991298E-055
   1.3587247113935598E+044   3.1687053940091438E+055   4.4673501567346097E+054   1.7916253379868658E+047   1.6742273026590044E+036   2.7946519287696139E+023   19561749496.367577        5.5739380743868010E-003   2.3691888472611982E-014   6.0833335013155708E-026  -5.9880506607093371E-032  -1.5212468344543234E-038  -1.8261143630376934E-044  -5.6818426368196270E-050  -2.6443901256653418E-055
   1.3779495366054189E+044   3.2421379288512826E+055   4.6123634855722336E+054   1.8663565945662371E+047   1.7587892265531471E+036   2.9586978414151366E+023   20865297515.043163        5.9910553547719595E-003   2.5672414654120080E-014   6.6490032458124763E-026  -6.6044238363006435E-032  -1.6936279358120998E-038  -2.0525862371534738E-044  -6.4486400043342745E-050  -3.0306558456938923E-055
   1.3974437236979521E+044   3.3172652407145745E+055   4.7620641325276724E+054   1.9441889858900368E+047   1.8475990485925433E+036   3.1323290878382361E+023   22255425613.882324        6.4393183452048693E-003   2.7818257150263642E-014   7.2672175108077457E-026  -7.2841928694133808E-032  -1.8855305093748708E-038  -2.3071307830184405E-044  -7.3188780223312975E-050  -3.4733233938071065E-055
   1.4172109513125398E+044   3.3941261375321874E+055   4.9166026314563978E+054   2.0252503389354331E+047   1.9408687785775193E+036   3.3161027919418477E+023   23737862754.648422        6.9210468036541694E-003   3.0143191528913609E-014   7.9428512262702187E-026  -8.0338723769871364E-032  -2.0991637430865068E-038  -2.5932258353912645E-044  -8.3065042910047998E-050  -3.9806252221225636E-055
   1.4372549448659197E+044   3.4727603023571250E+055   5.0761343025983638E+054   2.1096737030673980E+047   2.0388209249142842E+036   3.5106082604265061E+023   25318715343.289661        7.4387327642120842E-003   3.2662139001085841E-014   8.6812309783000100E-026  -8.8606457388167565E-032  -2.3369866343633262E-038  -2.9147798137636268E-044  -9.4273460777385028E-050  -4.5619948706902111E-055
   1.4575794770159997E+044   3.5532083124945867E+055   5.2408194023873163E+054   2.1975975608655103E+047   2.1416890095155387E+036   3.7164688284338085E+023   27004491972.441555        7.9950532881245349E-003   3.5391261481780347E-014   9.4881767877996813E-026  -9.7724336694345269E-032  -2.6017362125012942E-038  -3.2761849941359083E-044  -1.0699363484665341E-049  -5.2282421166633195E-055
   1.4781883681271557E+044   3.6355116590254378E+055   5.4108232778299850E+054   2.2891660473226068E+047   2.2497181076512912E+036   3.9343438101221471E+023   28802129776.313213        8.5928841548901843E-003   3.8348064517774191E-014   1.0370047746598601E-025  -1.0777969811579969E-031  -2.8964589462604372E-038  -3.6823773662184253E-044  -1.2142936692295299E-049  -5.9917536507442462E-055
   1.4990854867347482E+044   3.7197127667275132E+055   5.5863165255885129E+054   2.3845291777400071E+047   2.3631654139402974E+036   4.1649305600779860E+023   30719022502.296158        9.2353145624156554E-003   4.1551508731408055E-014   1.1333791866430948E-025  -1.1886884069136843E-031  -3.2245456956842836E-038  -4.1389038893978149E-044  -1.3781191862420455E-049  -6.8667229991341640E-055
   1.5202747500085811E+044   3.8058550144015502E+055   5.7674751559030629E+054   2.4838430846561637E+047   2.4823008357281677E+036   4.4089666517937500E+023   32763050410.329105        9.9256629102490602E-003   4.5022130482759854E-014   1.2387000528830570E-025  -1.3109794470680918E-031  -3.5897706076336927E-038  -4.6519980611559390E-044  -1.5640370899431574E-049  -7.8694139504334946E-055
   1.5417601242150175E+044   3.8939827556085655E+055   5.9544807614951773E+054   2.5872702641581941E+047   2.6074076151563693E+036   4.6672321797890608E+023   34942612118.172424        1.0667493745314068E-002   4.8782172510318968E-014   1.3537967959661807E-025  -1.4458408435507699E-031  -3.9963343994794907E-038  -5.2286648243423963E-044  -1.7750250967800825E-049  -9.0184623668755922E-055
   1.5635456251774441E+044   3.9841413398255657E+055   6.1475206915962171E+054   2.6949798319387872E+047   2.7387829812871459E+036   4.9405521923166186E+023   37266658518.317757        1.1464635955358075E-002   5.2855725372717985E-014   1.4795756190927771E-025  -1.5945634402954492E-031  -4.4489125254167441E-038  -5.8767759663032969E-044  -2.0144620455891038E-049  -1.0335221969369921E-054
   1.5856353187347744E+044   4.0763771340265064E+055   6.3467882312490150E+054   2.8071477894744379E+047   2.8767388337129486E+036   5.2297992619783848E+023   39744728900.310364        1.2321202301538853E-002   5.7268880581628488E-014   1.6170266014984460E-025  -1.7585704883831028E-031  -4.9527087755021501E-038  -6.6051773050671657E-044  -2.2861818975020234E-049  -1.1844160499183014E-054
   1.6080333211976497E+044   4.1707375446954484E+055   6.5524827860347668E+054   2.9239573007149606E+047   3.0216024591453973E+036   5.5358962019830915E+023   42386989420.824196        1.3241610388234439E-002   6.2049896389000468E-014   1.7672314482666116E-025  -1.9394312100746582E-031  -5.5135149194051883E-038  -7.4238091175023547E-044  -2.5945350002102028E-049  -1.3573313590697601E-054
   1.6307437998019999E+044   4.2672710402789258E+055   6.7648100723811775E+054   3.0455989796886393E+047   3.1737172825482226E+036   5.8598189362033994E+023   45204274072.933182        1.4230605175303274E-002   6.7229377270868834E-014   1.9313719547448803E-025  -2.1388757503081871E-031  -6.1377770757044411E-038  -8.3438414437437508E-044  -2.9444575930368405E-049  -1.5554804756742255E-054
   1.6537709731595892E+044   4.3660271740845024E+055   6.9839823136119154E+054   3.1722711894423619E+047   3.3334436544511971E+036   6.2025995316416055E+023   48208128315.703133        1.5293283145680283E-002   7.2840468235452021E-014   2.1107392513033067E-025  -2.3588116573415940E-031  -6.8326695641319217E-038  -9.3778261036586896E-044  -3.3415506603997937E-049  -1.7825441110148135E-054
   1.6771191117051736E+044   4.4670566076326099E+055   7.2102184419015821E+054   3.3041803527515110E+047   3.5011596761578719E+036   6.5653294023877578E+023   51410855535.519714        1.6435118249406640E-002   7.8919065175750098E-014   2.3067439002034137E-025  -2.6013420486609561E-031  -7.6061770833371425E-038  -1.0539867487398920E-043  -3.7921693899709646E-049  -2.0427395844992910E-054
   1.7007925381398707E+044   4.5704111344686804E+055   7.4437443063046199E+054   3.4415412750504195E+047   3.6772620646391533E+036   6.9491626946547386E+023   54825566521.510170        1.7661989753996188E-002   8.5504042586881445E-014   2.5209269229290894E-025  -2.8687856341819573E-031  -8.4671861514721920E-038  -1.1845814436216546E-043  -4.3035246605114222E-049  -2.3408990104230235E-054
   1.7247956278703200E+044   4.6761437044426677E+055   7.6847928870308942E+054   3.5845774800507118E+047   3.8621670589875031E+036   7.3553198630026428E+023   58466232149.048233        1.8980212140482167E-002   9.2637500076588781E-014   2.7549718435144448E-025  -3.1636987862961753E-031  -9.4255868522606027E-038  -1.3313475815130748E-043  -4.8837981756568113E-049  -2.6825588696613091E-054
   1.7491328094432062E+044   4.7843084484630356E+055   7.9336045161450463E+054   3.7335215585319969E+047   4.0563113703930116E+036   7.7850914484210706E+023   62347739477.697044        2.0396567194609659E-002   1.0036502921436101E-013   3.0107178412441956E-025  -3.4888998656192619E-031  -1.0492386046396932E-037  -1.4962862699562462E-043  -5.5422730768756067E-049  -3.0740626228822263E-054
   1.7738085649746832E+044   4.8949607037322652E+055   8.1904271048712131E+054   3.8886155308070463E+047   4.2601531776928910E+036   8.2398420695242248E+023   66485951483.089134        2.1918338453490435E-002   1.0873600239117036E-013   3.2901741146588663E-025  -3.8474960325647953E-031  -1.1679833338454999E-037  -1.6816460458021264E-043  -6.2894821148592231E-049  -3.5226782627232401E-054
   1.7988274305742259E+044   5.0081570394709743E+055   8.4555163776892472E+054   4.0501112233819021E+047   4.4741731706402487E+036   8.7210146387315963E+023   70897770656.213211        2.3553348179670138E-002   1.1780388549868908E-013   3.5955355681352927E-025  -4.2429127982944665E-031  -1.3001561234432103E-037  -1.8899534417176993E-043  -7.1373757376232455E-049  -4.0367329782128485E-054
   1.8241939967624168E+044   5.1239552831376715E+055   8.7291361134131903E+054   4.2182706603502662E+047   4.6988756431365194E+036   9.2301348159581095E+023   75601206718.427673        2.5309997047028396E-002   1.2762657638486094E-013   3.9291999425035623E-025  -4.6789265944012098E-031  -1.4472741086260929E-037  -2.1240473249616671E-043  -8.0995127700193389E-049  -4.6257674206192833E-054
   1.8499129088821403E+044   5.2424145471511873E+055   9.0115583934474636E+054   4.3933664700810632E+047   4.9347896387747799E+036   9.7688157130236852E+023   80615448716.302567        2.7197306736300463E-002   1.3826677120276149E-013   4.2937865222822514E-025  -5.1597006691075522E-031  -1.6110256598898812E-037  -2.3871174734380150E-043  -9.1912767181844601E-049  -5.3007124216844860E-054
   1.8759888675026520E+044   5.3635952561227500E+055   9.3030638574210610E+054   4.5756823077782635E+047   5.1824701511485941E+036   1.0338762862715111E+024   85960941777.164062        2.9224965652338217E-002   1.4979236094276311E-013   4.6921565642490136E-025  -5.6898246490723294E-031  -1.7932896874977875E-037  -2.6827479112839368E-043  -1.0430121139363774E-048  -6.0740914295083060E-054
   1.9024266288159547E+044   5.4875591746046733E+055   9.6039419664048632E+054   4.7655132945129332E+047   5.4424993814931529E+036   1.0941779467194675E+024   91659468824.040024        3.1403377990587240E-002   1.6227686062517896E-013   5.1274356053055228E-025  -6.2743581403866161E-031  -1.9961571193716658E-037  -3.0149655905329099E-043  -1.1835847978970768E-048  -6.9602524018044862E-054
   1.9292310050248873E+044   5.6143694353625364E+055   9.9144912739221473E+054   4.9631664733490258E+047   5.7154880563425574E+036   1.1579771941252388E+024   97734237567.645218        3.3743716396718491E-002   1.7579987383293050E-013   5.6030378220448500E-025  -6.9188787803258884E-031  -2.2219547967352796E-037  -3.3882950775787723E-043  -1.3430923299986729E-048  -7.9756334395797931E-054
   1.9564068647223164E+044   5.7440905681776703E+055   1.0235019704967405E+055   5.1689612832066852E+047   6.0020768080092684E+036   1.2254755766743856E+024   104209973113.16991        3.6257978480996052E-002   1.9044759548259622E-013   6.1226926301952365E-025  -7.6295351932636646E-031  -2.4732720592533788E-037  -3.8078199842218049E-043  -1.5240835423121002E-048  -9.1390670664773945E-054
   1.9839591332607898E+044   5.8767885291867347E+055   1.0565844843253667E+055   5.3832300511298568E+047   6.3029376208192865E+036   1.2968861675446121E+024   111113016541.01903        3.8959047467870753E-002   2.0631335596877937E-013   6.6904737293162643E-025  -8.4131053502316542E-031  -2.7529903218986003E-037  -4.2792519740911011E-043  -1.7294501168926369E-048  -1.0472128771508276E-053
   2.0118927931119755E+044   6.0125307307650114E+055   1.0907294226913690E+055   5.6063185036486804E+047   6.6187753461697508E+036   1.3724342178501455E+024   118471429843.36766        4.1860757281552682E-002   2.2349821007251690E-013   7.3108308168919540E-025  -9.2770608823613864E-031  -3.0643159796800852E-037  -4.8090082774301362E-043  -1.9624726655915566E-048  -1.1999536248758761E-053
   2.0402128842151953E+044   6.1513860719600073E+055   1.1259705652885632E+055   5.8385862979517108E+047   6.9503292896144793E+036   1.4523578461606646E+024   126315107622.53326        4.4977962390029325E-002   2.4211157430098151E-013   7.9886242164422629E-025  -1.0229637954334181E-030  -3.4108170140644844E-037  -5.4042987619751134E-043  -2.2268729973698963E-048  -1.3749606701891450E-053
   2.0689245043143226E+044   6.2934249694818022E+055   1.1623427490219115E+055   6.0804075736082611E+047   7.2983748733279413E+036   1.5369087666145274E+024   134675895982.80540        4.8326612753264636E-002   2.6227191662468276E-013   8.7291626866146186E-025  -1.1279915365519368E-030  -3.7964637168354667E-037  -6.0732237364867882E-043  -2.5268734030910684E-048  -1.5754780651003103E-053
   2.0980328092822864E+044   6.4387193892564627E+055   1.1998819002542969E+055   6.3321715256072589E+047   7.6637253774492730E+036   1.6263530577555448E+024   143587719074.60782        5.1923834246245082E-002   2.8410750290155285E-013   9.5382447025892420E-025  -1.2437900614266515E-030  -4.2256739937428290E-037  -6.8248838081425095E-043  -2.8672638989684168E-048  -1.8052221904300786E-053
   2.1275430134323879E+044   6.5873428785487075E+055   1.2386250679941387E+055   6.5942829995059427E+047   8.0472337639656946E+036   1.7209719743378538E+024   153086713778.79660        5.5788014954252105E-002   3.0775720462665193E-013   1.0422203527719952E-024  -1.3714624735464740E-030  -4.7033637621103090E-037  -7.6695032773940441E-043  -3.2534784959215334E-048  -2.0684504759581848E-053
   2.1574603898156127E+044   6.7393705986598382E+055   1.2786104580490692E+055   6.8671631095094880E+047   8.4497945869591120E+036   1.8210628044648204E+024   163211373049.62289        5.9938897766359890E-002   3.3337137302386436E-013   1.1387956422336525E-024  -1.5122246803683474E-030  -5.2350030141836933E-037  -8.6185687362227681E-043  -3.6916817050388974E-048  -2.3700401106380725E-053
   2.1877902705030779E+044   6.8948793582067740E+055   1.3198774681714469E+055   7.1512498803312853E+047   8.8723459932112445E+036   1.9269397745556941E+024   174002698467.51935        6.4397679723819129E-002   3.6111278490413549E-013   1.2443058368273682E-024  -1.6674169084725726E-030  -5.8266781820542610E-037  -9.6849847404175349E-043  -4.1888666514069391E-048  -2.7155781938323720E-053
   2.2185380468527129E+044   7.0539476469878517E+055   1.3624667242220452E+055   7.4469989137130862E+047   9.3158718173414695E+036   2.0389350047682354E+024   185504362587.52237        6.9187118612834220E-002   3.9115766615598920E-013   1.3595760722203962E-024  -1.8385163918095327E-030  -6.4851615112049706E-037  -1.0883248656300363E-042  -4.7529663523000237E-048  -3.1114649890416775E-053
   2.2497091697592567E+044   7.2166556704408111E+055   1.4064201173788094E+055   7.7548840805147101E+047   9.7814037758380250E+036   2.1573995176471157E+024   197762881705.93921        7.4331647326427941E-002   4.2369679921089986E-013   1.4855075248496314E-024  -2.0271513522625980E-030  -7.2179882288962866E-037  -1.2229647040304240E-042  -5.3929799240255494E-048  -3.5650321826260427E-053
   2.2813091498865946E+044   7.3830853846981770E+055   1.4517808424181589E+055   8.0753982393143047E+047   1.0270023764537608E+037   2.2827043029168861E+024   210827799706.94040        7.9857496557777838E-002   4.5893672134144355E-013   1.6230844023382026E-024  -2.2351164038357240E-030  -8.0335423816216656E-037  -1.3742476199413903E-042  -6.1191157178624301E-048  -4.0846783259694443E-053
   2.3133435578814212E+044   7.5533205322449724E+055   1.4985934370968657E+055   8.4090539824924784E+047   1.0782866264311036E+037   2.4152414414950961E+024   224751883692.24286        8.5792826427778857E-002   4.9710102120709291E-013   1.7733815746993056E-024  -2.4643895250787176E-030  -8.9411523137047295E-037  -1.5442289905583992E-042  -6.9429536532354710E-048  -4.6800239554659076E-053
   2.3458180245671882E+044   7.7274466781834568E+055   1.5469038226631249E+055   8.7563844108068961E+047   1.1321120859923749E+037   2.5554252919661240E+024   239591332141.08929        9.2167867692825256E-002   5.3843174166438753E-013   1.9375729048680481E-024  -2.7171507590112050E-030  -9.9511968678755944E-037  -1.7352177602190592E-042  -7.8776293197435283E-048  -5.3620892463956884E-053
   2.3787382411172393E+044   7.9055512471092308E+055   1.5967593455260094E+055   9.1179439374981195E+047   1.1886034877259998E+037   2.7036937429298649E+024   255405996394.48541        9.9015073225111494E-002   5.8319089750859902E-013   2.1169403424288627E-024  -2.9958028159331551E-030  -1.1075223509568586E-036  -1.9498076850223373E-042  -8.9380427636773556E-048  -6.1434974708302163E-053
   2.4121099592059890E+044   8.0877235606027734E+055   1.6482088201130758E+055   9.4943091230028328E+047   1.2478916144328765E+037   2.8605095348220163E+024   272259616307.28400       0.10636928050734416        6.3166211751678656E-013   2.3128838502152358E-024  -3.3029937722640605E-030  -1.2326079711078898E-036  -2.1909124221751280E-042  -1.0141095264630601E-047  -7.0387080037304851E-053
   2.4459389911369735E+044   8.2740548753400956E+055   1.7013025729464631E+055   9.8860795413867508E+047   1.3101135881708250E+037   3.0263616549948063E+024   290220070964.38385       0.11426788593686099        6.8415242092150668E-013   2.5269322397934890E-024  -3.6416420780981552E-030  -1.3718059081102048E-036  -2.4618049364326920E-042  -1.1505957849850938E-047  -8.0642831640542558E-053
   2.4802312099465224E+044   8.4646384218258147E+055   1.7560924879684122E+055   1.0293878679646958E+048   1.3754131728334503E+037   3.2017668100490119E+024   309359645413.22021       0.12275103179101846        7.4099413926489719E-013   2.7607549987504830E-024  -4.0149641076792622E-030  -1.5267063891224800E-036  -2.7661617539311828E-042  -1.3054375795039432E-047  -9.2391937988831189E-053
   2.5149925494817914E+044   8.6595694437515798E+055   1.8126320531477087E+055   1.0718354871071666E+048   1.4439410908798716E+037   3.3872709796206271E+024   329755314424.05621       0.13186180676659456        8.0254699546928564E-013   3.0161752002379683E-024  -4.4265045106839510E-030  -1.6990785835491103E-036  -3.1081126587324646E-042  -1.4811013928250067E-047  -1.0585169229673169E-052
   2.5502290044518038E+044   8.8589452379822918E+055   1.8709764083991148E+055   1.1160182263884995E+048   1.5158553548587416E+037   3.5834510560489419E+024   351489044352.54907       0.14164646107114229        8.6920035291812424E-013   3.2951835934399130E-024  -4.8801696482733356E-030  -1.8908907064288813E-036  -3.4922965003793108E-042  -1.6803848197278743E-047  -1.2127097993712872E-052
   2.5859466304501199E+044   9.0628651951721080E+055   1.9311823948484484E+055   1.1620061826444783E+048   1.5913216143980484E+037   3.7909165745877446E+024   374648114245.87128       0.15215463711401789        9.4137564837560013E-013   3.5999539825848121E-024  -5.3802644265714722E-030  -2.1043323761777331E-036  -3.9239238626640456E-042  -1.9064609690557815E-047  -1.3893486745602361E-052
   2.6221515439476920E+044   9.2714308410117533E+055   1.9933086054765135E+055   1.2098722390303221E+048   1.6705135193614156E+037   4.0103115390683330E+024   399325457404.55316       0.16343961691951991        1.0195290236908324E-012   3.9328600118891936E-024  -5.9315328718153217E-030  -2.3418394789440185E-036  -4.4088474357350303E-042  -2.1629288128525776E-047  -1.5916985750057399E-052
   2.6588499222544099E+044   9.4847458781080390E+055   2.0574154371756550E+055   1.2596921732482812E+048   1.7536130999020193E+037   4.2423163481826598E+024   425620024687.41107       0.17555858746454864        1.1041541724397297E-012   4.2964934844638912E-024  -6.5392028261871053E-030  -2.6061218199918773E-036  -4.9536410368250070E-042  -2.4538702779679075E-047  -1.8234990618048168E-052
   2.6960480034477553E+044   9.7029162284959936E+055   2.1235651442532686E+055   1.3115447698364137E+048   1.8408111641768809E+037   4.4876498278278386E+024   453637170926.69989       0.18857292522879801        1.1957854189614703E-012   4.6936843548201423E-024  -7.2090351816032170E-030  -2.9001938738193811E-036  -5.5656883406536643E-042  -2.7839149817712881E-047  -2.0890331335472433E-052
   2.7337520862669748E+044   9.9260500767833401E+055   2.1918218934171388E+055   1.3655119366626965E+048   1.9323077145172105E+037   4.7470713752400418E+024   483489065905.24493       0.20254850133711333        1.2950010486548569E-012   5.1275225472642153E-024  -7.9473781108447572E-030  -3.2274089794905381E-036  -6.2532825104709838E-042  -3.1583136339946845E-047  -2.3932061232707363E-052
   2.7719685299710533E+044   1.0154257913926381E+056   2.2622518202779973E+055   1.4216788257732488E+048   2.0283123828846949E+037   5.0213832209471909E+024   515295131437.05518       0.21755600877170181        1.4024269099207424E-012   5.6013817662606834E-024  -8.7612268017582763E-030  -3.5914973663001093E-036  -7.0257380664919674E-042  -3.5830212631445663E-047  -2.7416360373627534E-052
   2.8107037541587540E+044   1.0387652581635737E+056   2.3349230874052460E+055   1.4801339587481873E+048   2.1290448864792358E+037   5.3114328148865306E+024   549182506188.09491       0.23367131323681808        1.5187403097792667E-012   6.1189454798777554E-024  -9.6582892512550227E-030  -3.9966084378260735E-036  -7.8935164920605387E-042  -4.0647915805216272E-047  -3.1407569937358325E-052
   2.8499642385488968E+044   1.0626349317409497E+056   2.4099059439722721E+055   1.5409693567234961E+048   2.2347355044006367E+037   5.6181153433657914E+024   585286539974.81982       0.25097582937083185        1.6446742269643974E-012   6.6842352738140966E-024  -1.0647058731958081E-029  -4.4473577901324213E-036  -8.8683672614391051E-042  -4.6112839700758481E-047  -3.5979376563295301E-052
   2.8897565227189767E+044   1.0870465800190651E+056   2.4872727870282816E+055   1.6042806752422607E+048   2.3456255763052119E+037   5.9423763838961494E+024   623751319385.10339       0.26955692412073362        1.7810218682135842E-012   7.3016417913663861E-024  -1.1736893606101361E-029  -4.9488794928931886E-036  -9.9634861790816547E-042  -5.2311847908432622E-047  -4.1216168373392480E-052
   2.9300872058001585E+044   1.1120122196644783E+056   2.5670982244340657E+055   1.6701673441037331E+048   2.4619680240382568E+037   6.2852147052921305E+024   664730226679.63110       0.28950834922267876        1.9286415955384146E-012   7.9759584941618751E-024  -1.2938105229234653E-029  -5.5068842211039385E-036  -1.1193693151339145E-041  -5.9343449036584169E-047  -4.7214587525316005E-052
   2.9709629461265979E+044   1.1375441208053065E+056   2.6494591394995443E+055   1.7387327123838826E+048   2.5840278972648671E+037   6.6476852208190731E+024   708386534052.13074       0.31093070486969465        2.0884622544950314E-012   8.7124184996937343E-024  -1.4262054761053773E-029  -6.1277238904806178E-036  -1.2575631770823114E-041  -6.7319355887236812E-047  -5.4085307742865529E-052
   3.0123904608369677E+044   1.1636548117814711E+056   2.7344347573613893E+055   1.8100841988064549E+048   2.7120829441647171E+037   7.0309021025733666E+024   754894035454.29272       0.33393193679479238        2.2614889358837223E-012   9.5167347748149177E-024  -1.5721259782933491E-029  -6.8184635223408832E-036  -1.4127993384545193E-041  -7.6366253094188157E-047  -6.1955069381385379E-052
   3.0543765254259750E+044   1.1903570839551927E+056   2.8221067131394182E+055   1.8843334476489844E+048   2.8464242083012199E+037   7.4360420657055660E+024   804437718326.37695       0.35862786915508643        2.4488092059095199E-012   1.0395143989538112E-023  -1.7329511712240936E-029  -7.5869611445224153E-036  -1.5871768643299593E-041  -8.6627801049539430E-047  -7.0969009290412987E-052
   3.0969279732435714E+044   1.2176639965809411E+056   2.9125591219108400E+055   1.9615964903738047E+048   2.9873566528220095E+037   7.8643478315423222E+024   857214477717.70618       0.38514277577084388        2.6515998426449059E-012   1.1354454362939920E-023  -1.9102005103069453E-029  -8.4419566246071862E-036  -1.7830529895871625E-041  -9.8266907652042726E-047  -8.1293328118969650E-052
   3.1400516949394852E+044   1.2455888817339222E+056   3.0058786505417675E+055   2.0419939131797685E+048   3.1351998131959649E+037   8.3171317791311693E+024   913433875433.00549       0.41360999245339025        2.8711341196680863E-012   1.2402097862877411E-023  -2.1055480032559977E-029  -9.3931704313793679E-036  -2.0030748202368780E-041  -1.1146830361088700E-046  -9.3118343868391951E-052
   3.1837546378505839E+044   1.2741453492960667E+056   3.1021545914157586E+055   2.1256510306762071E+048   3.2902884797420841E+037   8.7957797952231978E+024   973318947001.33667       0.44417257334830573        3.1087896810232218E-012   1.3546187153813228E-023  -2.3208378892460437E-029  -1.0451413431144925E-035  -2.2502149201696939E-041  -1.2644146179703361E-046  -1.0666198754516823E-051
   3.2280438053285018E+044   1.3033472919983563E+056   3.2014789380993773E+055   2.2126980658865792E+048   3.4529734112575242E+037   9.3017553332239453E+024   1037107059434.7220       0.47698399442618900        3.3660570551813719E-012   1.4795577722549403E-023  -2.5581019038103294E-029  -1.1628708948501405E-035  -2.5278112585013815E-041  -1.4342390652496294E-046  -1.2217380482966617E-051
   3.2729262560048585E+044   1.3332088905181834E+056   3.3039464629850526E+055   2.3032703367952736E+048   3.6236220811059984E+037   9.8366036921832604E+024   1105050822924.0015       0.51220890747335845        3.6445488594930175E-012   1.6159935650348501E-023  -2.8195782892754072E-029  -1.2938428457718697E-035  -2.8396120506688854E-041  -1.6268496475450179E-046  -1.3993953690204345E-051
   3.3184091029912938E+044   1.3637446186302993E+056   3.4096547969516646E+055   2.3975084496571975E+048   3.8026194571836406E+037   1.0401956527461783E+025   1177419059810.5923       0.55002394817016786        3.9460097507366871E-012   1.7649811542055058E-023  -3.1077327265615643E-029  -1.4395442422576042E-035  -3.1898260914511079E-041  -1.8453001812013005E-046  -1.6028636412111965E-051
   3.3644995130114375E+044   1.3949692484097506E+056   3.5187045110834645E+055   2.4955584992959940E+048   3.9903688172373629E+037   1.0999536605306118E+025   1254497834375.2332       0.59061860209615735        4.2723271818070464E-012   1.9276721168726769E-023  -3.4252813818108208E-029  -1.6016287970962018E-035  -3.5831792510161901E-041  -2.0930532253121477E-046  -1.8358890832662404E-051
   3.4112047054618196E+044   1.4268978554850399E+056   3.6311992004880062E+055   2.5975722766231210E+048   4.1872926010707724E+037   1.1631162814187967E+025   1336591547199.1296       0.63419613277014786        4.6255430293751007E-012   2.1053233430276024E-023  -3.7752162806971957E-029  -1.7819355277629547E-035  -4.0249778868889263E-041  -2.3740347096256185E-046  -2.1027610334849050E-051
   3.4585319513986089E+044   1.4595458243395829E+056   3.7472455702538034E+055   2.7037074836164274E+048   4.3938333012349078E+037   1.2298755446415787E+025   1424024098079.8591       0.68097457612077195        5.0078661625201750E-012   2.2993066299070557E-023  -4.1608332446001051E-029  -1.9825094736256837E-035  -4.5211800164619568E-041  -2.6926958510813558E-046  -2.4083905910853743E-051
   3.5064885724469658E+044   1.4929288536593461E+056   3.8669535235884072E+055   2.8141279560034431E+048   4.6104543938654408E+037   1.3004341764212288E+025   1517140121724.6301       0.73118780609007672        5.4216860279075558E-012   2.5111191464740509E-023  -4.5857626462729708E-029  -2.2056247232671099E-035  -5.0784751975456668E-041  -3.0540833295754635E-046  -2.7584006277553093E-051
   3.5550819396296442E+044   1.5270629617243567E+056   3.9904362521775049E+055   2.9290038939011946E+048   4.8376413113946452E+037   1.3750061865168399E+025   1616306300697.8025       0.78508667640103957        5.8695873330985594E-012   2.7423948465016130E-023  -5.0540032684256717E-029  -2.4538100087266992E-035  -5.7043741798124758E-041  -3.4639188225126377E-046  -3.1592288111078316E-051
   3.6043194721113711E+044   1.5619644918415894E+056   4.1178103288054606E+055   3.0485121006710911E+048   5.0759024589354287E+037   1.4538174862736143E+025   1721912760368.7053       0.84294024387053412        6.3543659160654479E-012   2.9949169157741034E-023  -5.5699595769924202E-029  -2.7298771519094241E-035  -6.4073095193521458E-041  -3.9286891437603203E-046  -3.6182455179133242E-051
   3.6542086358553942E+044   1.5976501178165003E+056   4.2491958022774920E+055   3.1728362302541937E+048   5.3257702762060759E+037   1.5371065398209937E+025   1834374550890.6074       0.90503707902396402        6.8790458959786896E-012   3.2706313465775884E-023  -6.1384827520295014E-029  -3.0369526799901929E-035  -7.1967484936084882E-041  -4.4557483980248717E-046  -4.1438887854807149E-051
   3.7047569421884434E+044   1.6341368494602743E+056   4.3847162946833320E+055   3.3021670432590343E+048   5.5878023469381140E+037   1.6251250501470399E+025   1954133221543.0305       0.97168667016804000        7.4468982078777146E-012   3.5716617409876700E-023  -6.7649158534587764E-029  -3.3785129617052841E-035  -8.0833198166107079E-041  -5.0534337489809399E-046  -4.7458187589465929E-051
   3.7559719462702216E+044   1.6714420381296009E+056   4.5244991010418178E+055   3.4367026720810765E+048   5.8625825577860060E+037   1.7181386818627849E+025   2081658493088.4072        1.0432209275057258        8.0614606319712761E-012   3.9003254535397719E-023  -7.4551435365485013E-029  -3.7584232553477169E-035  -9.0789558367690098E-041  -5.7311966115943808E-046  -5.4350944460717486E-051
   3.8078612454633783E+044   1.7095833822955537E+056   4.6686752913653206E+055   3.5766488953398190E+048   6.1507223088361294E+037   1.8164278225606174E+025   2217450034131.2695        1.1199957943340126        8.7265594370848991E-012   4.2591511937480458E-023  -8.2156467734385679E-029  -4.1809811024954625E-035  -1.0197052103953873E-040  -6.4997513192592306E-046  -6.2243759958143947E-051
   3.8604324775997813E+044   1.7485789331378799E+056   4.8173798151823172E+055   3.7222194219265969E+048   6.4528617778939008E+037   1.9202883847653272E+025   2362039347824.7959        1.2023929728528420        9.4463327672301105E-012   4.6508982196953466E-023  -9.0535630825413312E-029  -4.6509645494691386E-035  -1.1452646421787217E-040  -7.3712435883230835E-046  -7.1281561797301961E-051
   3.9136933191387279E+044   1.7884471001607297E+056   4.9707516085556649E+055   3.8736361849630934E+048   6.7696712408118556E+037   2.0300326505753463E+025   2515991775646.6367        1.2908217726342124        1.0225255910465518E-011   5.0785772656248225E-023  -9.9767528176859213E-029  -5.1736857317598801E-035  -1.2862619758027433E-040  -8.3594414104927610E-046  -8.1630252844642040E-051
   3.9676514832125835E+044   1.8292066568255706E+056   5.1289337036332874E+055   4.0311296459776457E+048   7.1018524502082091E+037   2.1459901611952006E+025   2679908625364.6323        1.3857210903564741        1.1068168600210210E-011   5.5454733592067568E-023  -1.0993872123867437E-028  -5.7550504157655278E-035  -1.4445921673972926E-040  -9.4799513522331604E-046  -9.3479742287604364E-051
   4.0223147175551670E+044   1.8708767461967096E+056   5.2920733407669941E+055   4.1949391096134189E+048   7.4501400750147147E+037   2.2685086536683906E+025   2854429430734.4736        1.4875615300023162        1.1980304511016110E-011   6.0551706980228920E-023  -1.2114453226899696E-028  -6.4016241577638365E-035  -1.6223823256685557E-040  -1.0750463634959211E-045  -1.0704741410390179E-050
   4.0776908023080052E+044   1.9134768865945415E+056   5.4603220832340318E+055   4.3653130491895539E+048   7.8153032033848111E+037   2.3979550472330290E+025   3040234350916.7832        1.5968476733524977        1.2967323123573356E-011   6.6115797699027574E-023  -1.3348992790685607E-028  -7.1207058128443905E-035  -1.8220200899740090E-040  -1.2191029816639693E-045  -1.2258209579609728E-050
   4.1337875476994314E+044   1.9570269772512844E+056   5.6338359345946989E+055   4.5425094434433404E+048   8.1981469115878862E+037   2.5347164818408055E+025   3238046718071.7808        1.7141205112835065        1.4035344147481644E-011   7.2189669181691399E-023  -1.4709049148799466E-028  -7.9204092073023534E-035  -2.0461854683834403E-040  -1.3824377401243990E-045  -1.4036859940393084E-050
   4.1906127915912638E+044   2.0015473039636120E+056   5.8127754587179271E+055   4.7267961247883856E+048   8.5995139016131838E+037   2.6792014115033676E+025   3448635742086.9575        1.8399600470988831        1.5190984705146422E-011   7.8819865707186984E-023  -1.6207349297263501E-028  -8.8097538776383452E-035  -2.2978865563206313E-040  -1.5676266275029241E-045  -1.6073291714958291E-050
   4.2481743968876580E+044   2.0470585447362173E+056   5.9973059025051171E+055   4.9184511394305839E+048   9.0202862103074106E+037   2.8318407552592514E+025   3672819381918.5000        1.9749880838938476        1.6441399496132944E-011   8.6057163713043537E-023  -1.7857906623502879E-028  -9.7987658787753639E-035  -2.5804996073282971E-040  -1.7775892516763550E-045  -1.8404816589541083E-050
   4.3064802488004811E+044   2.0935817754099373E+056   6.1875973213407679E+055   5.1177631196904149E+048   9.4613869929733967E+037   2.9930891086892426E+025   3911467393581.9609        2.1198712087742142        1.7794324178520377E-011   9.3956954725352634E-023  -1.9676150443252913E-028  -1.0898589774465574E-034  -2.8978139845928643E-040  -2.0156345862537341E-045  -2.1074138811126966E-050
   4.3655382519653585E+044   2.1411384752676649E+056   6.3838247072964369E+055   5.3250316688867153E+048   9.9237823844634629E+037   3.1634260190487083E+025   4165504565413.4644        2.2753239876267490        1.9258122222336395E-011   1.0257966273115691E-022  -2.1679068523518412E-028  -1.2121613045302832E-034  -3.2540825858433839E-040  -2.2855127936055075E-045  -2.4130133250105327E-050
   4.4253563274023285E+044   2.1897505326108138E+056   6.5861681201123955E+055   5.5405677591435199E+048   1.0408483440910067E+038   3.3433573272322500E+025   4435914151841.1650        2.4421123850725719        2.0841835510119743E-011   1.1199119906866980E-022  -2.3885363886478803E-028  -1.3481604285594409E-034  -3.6540784059261099E-040  -2.5914739294916799E-045  -2.7628735510168033E-050
   4.4859424093148169E+044   2.2394402502986662E+056   6.7948128209789806E+055   5.7646941424878270E+048   1.0916548165348353E+038   3.5334165799391492E+025   4723741517559.4160        2.6210574252317289        2.2555238981162657E-011   1.2226345818291299E-022  -2.6315627317514765E-028  -1.4993866711033043E-034  -4.1031579816772444E-040  -2.9383344406745342E-045  -3.1633960185776977E-050
   4.5473044417203874E+044   2.2902303512424274E+056   7.0099494091369463E+055   5.9977457756122256E+048   1.1449083620599852E+038   3.7341665155678096E+025   5030098004686.9014        2.8130391099895689        2.4408899639141593E-011   1.3347485789031148E-022  -2.8992527141421088E-028  -1.6675408666260009E-034  -4.6073325537055076E-040  -3.3315524872316741E-045  -3.6219065675188391E-050
   4.6094503749064991E+044   2.3421439838453096E+056   7.2317739613133126E+055   6.2400702586821162E+048   1.2007248132904162E+038   3.9462006275338941E+025   5356165036216.7100        3.0190006125882660        2.6414240267778201E-011   1.4571092811760191E-022  -3.1941017985593889E-028  -1.8545133006807125E-034  -5.1733478805109627E-040  -3.7773132574453304E-045  -4.1467886594480595E-050
   4.6723881617042434E+044   2.3952047273794392E+056   7.4604881740060100E+055   6.4920282885727794E+048   1.2592253589905750E+038   4.1701448088803395E+025   5703198469832.8574        3.2399527655742228        2.8583608226015630E-011   1.5906495243030967E-022  -3.5188570418881593E-028  -2.0624047435527889E-034  -5.8087737533021516E-040  -4.2826255972076741E-045  -4.7476357852258838E-050
   4.7361257535727833E+044   2.4494365972897998E+056   7.6962995086272003E+055   6.7539941269267587E+048   1.3205367836726040E+038   4.4066590822282145E+025   6072533216976.0977        3.4769788634187870        3.0930349723090697E-011   1.7363866704645335E-022  -3.8765423541342727E-028  -2.2935498101665153E-034  -6.5221043863792705E-040  -4.8554314501933115E-045  -5.4354257889342434E-050
   4.8006710964869038E+044   2.5048640504148550E+056   7.9394213395114695E+055   7.0263560834268619E+048   1.3847917173976634E+038   4.6564394193055580E+025   6465588142894.1074        3.7312398015008137        3.3468890004983396E-011   1.8954302244465448E-022  -4.2704862804973429E-028  -2.5505429023579866E-034  -7.3228709996479126E-040  -5.5047298022584034E-045  -6.2227202524017368E-050
   4.8660321266198690E+044   2.5615119901128603E+056   8.1900731047909779E+055   7.3095170146844580E+048   1.4521288961697735E+038   4.9202196544872506E+025   6883871264309.3857        4.0039795746002858        3.6214819917195583E-011   2.0689901312530170E-022  -4.7043525570322998E-028  -2.8362670176566853E-034  -8.2217680685295372E-040  -6.2407170466250564E-045  -7.1238925341280596E-050
   4.9322167658134152E+044   2.6194057712822217E+056   8.4484804601353025E+055   7.6038948391467448E+048   1.5226934333336666E+038   5.1987734969827554E+025   7328985262284.7920        4.2965311596081452        3.9184989344826108E-011   2.2583858157192036E-022  -5.1821737150744732E-028  -3.1539257398081317E-034  -9.2307948942697625E-040  -7.0749459387831780E-045  -8.1553885703732090E-050
   4.9992329168264753E+044   2.6785712052635810E+056   8.7148754353489828E+055   7.9099230684300889E+048   1.5966371024014376E+038   5.4929166465205211E+025   7802633328863.8262        4.6103228088144901        4.2397608069658423E-011   2.4650560299075637E-022  -5.7083880366954237E-028  -3.5070787607383684E-034  -1.0363414346682596E-039  -8.0205055955131404E-045  -9.3360251333504567E-050
   5.0670884583538652E+044   2.7390345646105890E+056   8.9894965938146165E+055   8.2280513554893243E+048   1.6741186317463266E+038   5.8035090175981059E+025   8306625367112.9893        4.9468847819016890        4.5872354625660540E-011   2.6905695798340999E-022  -6.2878801931912950E-028  -3.8996813218721084E-034  -1.1634730854245068E-039  -9.0922253153209397E-045  -1.0687330912286425E-049
   5.1357912398058630E+044   2.8008225877155653E+056   9.2725891947638111E+055   8.5587460600352173E+048   1.7553040116157031E+038   6.1314570775959522E+025   8842884565299.3750        5.3078565466473275        4.9630493779131824E-011   2.9366370093405741E-022  -6.9260259312366773E-028  -4.3361280050730265E-034  -1.3061689966009383E-039  -1.0306905362763358E-044  -1.2233936549457499E-049
   5.2053490758392803E+044   2.8639624832754701E+056   9.5644053583524001E+055   8.9024908316136791E+048   1.8403668139292508E+038   6.4777163042903586E+025   9413454367100.5371        5.6949944803411316        5.3695003307947965E-011   3.2051233257360904E-022  -7.6287412071434562E-028  -4.8213013504227911E-034  -1.4663302089201013E-039  -1.1683578272136866E-044  -1.4004020638726440E-049
   5.2757697406302471E+044   2.9284819345827569E+056   9.8652042335098406E+055   9.2597872107611166E+048   1.9294885253424633E+038   6.8432937685477965E+025   10020505860968.484        6.1101801060475651        5.8090710806200933E-011   3.4980618592265802E-022  -8.4025362089510378E-028  -5.3606258300881317E-034  -1.6460893319167138E-039  -1.3243804693037766E-044  -1.6029819694046503E-049
   5.3470609618786179E+044   2.9944091036248345E+056   1.0175252168525832E+056   9.6311552486501393E+048   2.0228588940697999E+038   7.2292508482385209E+025   10666345613058.045        6.5554289001093808        6.2844441296270825E-011   3.8176693561822948E-022  -9.2545747491755073E-028  -5.9601277651882901E-034  -1.8478386628494835E-039  -1.5012008328405749E-044  -1.8348211237512084E-049
   5.4192304145334751E+044   3.0617726349749355E+056   1.0494822884329789E+056   1.0017134145638750E+049   2.1206762909762205E+038   7.6367060796724675E+025   11353423969484.699        7.0328997096951271        6.7985176490282625E-011   4.1663624150152137E-022  -1.0192739558326174E-027  -6.6265018364719389E-034  -2.0742617074063347E-039  -1.7015855112781268E-044  -2.1001380460942848E-049
   5.4922857142288784E+044   3.1306016594562208E+056   1.0824197650410820E+056   1.0418282909134003E+049   2.2231480854602757E+038   8.0668381531351487E+025   12084343855101.246        7.5449048217542547        7.3544226607296046E-011   4.5467753829084087E-022  -1.1225704061158225E-027  -7.3671849104106029E-034  -2.3283685119481073E-039  -1.9286682453608346E-044  -2.4037582404653261E-049
   5.5662344104185542E+044   3.2009257975599794E+056   1.1163665463317343E+056   1.0835181031177941E+049   2.3304910366664456E+038   8.5208890593855167E+025   12861870097479.453        8.0939207274659211        7.9555415721775188E-011   4.9617798419207085E-022  -1.2363011274507297E-027  -8.1904379807527186E-034  -2.6135352661319324E-039  -2.1859985121625588E-044  -2.7512013298175851E-049
   5.6410839791978371E+044   3.2727751625976945E+056   1.1513523227666277E+056   1.1268429186159070E+049   2.4429317005789540E+038   9.0001673942718179E+025   13688939306355.146        8.6825996291615670        8.6055281693228814E-011   5.4145058241504411E-022  -1.3615160527923973E-027  -9.1054371124745697E-034  -2.9335486896973830E-039  -2.4775965239142734E-044  -3.1487806650151377E-049
   5.7168418158007223E+044   3.3461803635656586E+056   1.1874075939582023E+056   1.1718649949046825E+049   2.5607068535637876E+038   9.5060518289255535E+025   14568670340446.225        9.3137817397767435        9.3083291806775033E-011   5.9083649077550965E-022  -1.4993702776716426E-027  -1.0122374371313466E-033  -3.2926557786768104E-039  -2.8080154790204485E-044  -3.6037171892449387E-049
   5.7935152267594775E+044   3.4211725076996569E+056   1.2245636872474883E+056   1.2186488534539232E+049   2.6840639329401092E+038   1.0039994753307596E+026   15504375395286.256        9.9905084281552128        1.0068207534015458E-010   6.4470753587688916E-022  -1.6511345351989685E-027  -1.1252569828671471E-033  -3.6956195550775607E-039  -3.1824120178865962E-044  -4.1242695915699307E-049
   5.8711114217137376E+044   3.4977832026960368E+056   1.2628527765057402E+056   1.2672613557505101E+049   2.8132614951765619E+038   1.0603526101204560E+026   16499571747534.732        10.716036266998918        1.0889767436481950E-010   7.0346894979232329E-022  -1.8182067074465325E-027  -1.2508595849736328E-033  -4.1477815410396974E-039  -3.6066259607486431E-044  -4.7198830724108958E-049
   5.9496375048555905E+044   3.5760445585741865E+056   1.3023079011485173E+056   1.3177717815091433E+049   2.9485696923221244E+038   1.1198257365107750E+026   17557994193132.248        11.493852043942898        1.1777981418760266E-010   7.6756234871487294E-022  -2.0021244748958658E-027  -1.3904415003397157E-033  -4.6551317645607179E-039  -4.0872705454643412E-044  -5.4013593737250355E-049
   6.0291004659966236E+044   3.6559891891541323E+056   1.3429629853495719E+056   1.3702519090854365E+049   3.0902707672950667E+038   1.1825885809751101E+026   18683608218668.219        12.327688800146603        1.2738219494560911E-010   8.3746897472219076E-022  -2.2045792155128706E-027  -1.5455533077280692E-033  -5.2243872001730102E-039  -4.6318345422913960E-044  -6.1810511033004642E-049
   6.1095071712423996E+044   3.7376502131215655E+056   1.3848528574405644E+056   1.4247760981257479E+049   3.2386595686671904E+038   1.2488198893438859E+026   19880623947423.906        13.221542964945224        1.3776280598087024E-010   9.1371322362231412E-022  -2.4274312758313818E-027  -1.7179168841484232E-033  -5.8630796556599608E-039  -5.2487978023981253E-044  -7.0730838124741868E-049
   6.1908643532593021E+044   3.8210612546511182E+056   1.4280132694811406E+056   1.4814213744864616E+049   3.3940440855937155E+038   1.3187078906657854E+026   21153510903747.551        14.179692659509925        1.4898426474350705E-010   9.9686648382114212E-022  -2.6727267482814425E-027  -1.9094442381974454E-033  -6.5796542363416932E-039  -5.9477619998946839E-044  -8.0936097771912589E-049
   6.2731786011181263E+044   3.9062564435572173E+056   1.4724809169823842E+056   1.5402675174535350E+049   3.5567460035519664E+038   1.3924507837843193E+026   22507013641715.543        15.206717247138386        1.6111418210324054E-010   1.0875513132922275E-021  -2.9427159019855271E-027  -2.1222584020967436E-033  -7.3835796531458295E-039  -6.7395985565412910E-044  -9.2610979921844357E-049
   6.3564563496982216E+044   3.9932704149402080E+056   1.5182934587649764E+056   1.6013971492909778E+049   3.7271012815641894E+038   1.4702572476549688E+026   23946168286436.480        16.307518212751102        1.7422555608967392E-010   1.1864459840493301E-021  -3.2398734284714692E-027  -2.3587166058903900E-033  -8.2854717912699311E-039  -7.6366159973734775E-044  -1.0596665526886921E-048
   6.4407038686354111E+044   4.0821383082937450E+056   1.5654895369316541E+056   1.6648958271444873E+049   3.9054607515913733E+038   1.5523469764674177E+026   25476320038868.043        17.487341459420126        1.8839719623251202E-010   1.2942894260364007E-021  -3.5669206793306419E-027  -2.6214359813090967E-033  -9.2972321246011550E-039  -8.6527492781046304E-044  -1.2124456120571197E-048
   6.5259272507962722E+044   4.1728957660377301E+056   1.6141087969316722E+056   1.7308521373237517E+049   4.0921907407957345E+038   1.6389512406775740E+026   27103141697642.566        18.751801115320784        2.0371418083446595E-010   1.4118866050740645E-021  -3.9268500899103432E-027  -2.9133220694132495E-033  -1.0432202749260618E-038  -9.8037739556316063E-044  -1.3872072725751920E-048
   6.6121324002607572E+044   4.2655789314391823E+056   1.6641919076929823E+056   1.7993577919838758E+049   4.2876737173794008E+038   1.7303134750950950E+026   28832653254140.090        20.106904950390430        2.2026834968276018E-010   1.5401143724532822E-021  -4.3229520018082889E-027  -3.2376004355600305E-033  -1.1705340020000055E-038  -1.1107548446136703E-043  -1.5871071657473736E-048
   6.6993250197944411E+044   4.3602244458814999E+056   1.7157805817957262E+056   1.8705077282230108E+049   4.4923089607157290E+038   1.8266898952140065E+026   30671242619910.176        21.559081508217933        2.3815883489068882E-010   1.6799278269640113E-021  -4.7588441173848755E-027  -3.5978517277971125E-033  -1.3133409008278233E-038  -1.2584288036623222E-043  -1.8157527088096391E-048
   6.7875105977910319E+044   4.4568694454405791E+056   1.7689175956583758E+056   1.9444002096095020E+049   4.7065132564973924E+038   1.9283501430165379E+026   32625687548529.805        23.115209065292028        2.5749263275939614E-010   1.8323672336090923E-021  -5.2385038418894145E-027  -3.9980505507936043E-033  -1.4735201263562639E-038  -1.4256874791411281E-043  -2.0772675861232845E-048
   6.8766943946650424E+044   4.5555515567240938E+056   1.8236468097054643E+056   2.0211369301477234E+049   4.9307216176318177E+038   2.0355779635235994E+026   34703178817096.801        24.782646536723519        2.7838521976285876E-010   1.9985655470024728E-021  -5.7663037932884170E-027  -4.4426085672383362E-033  -1.6531778652946830E-038  -1.6151208032106692E-043  -2.3763654005819867E-048
   6.9668814286737938E+044   4.6563088919280375E+056   1.8800131884832993E+056   2.1008231206871907E+049   5.1653880316194815E+038   2.1486719134091338E+026   36911344735799.320        26.569266454945268        3.0096121598685619E-010   2.1797565915091357E-021  -6.3470507866818586E-027  -4.9364222826631911E-033  -1.8546746382121800E-038  -1.8296600675669893E-043  -2.7184337936073593E-048
   7.0580764611471903E+044   4.7591800430622950E+056   1.9380628206873567E+056   2.1835676577745056E+049   5.4109862351538422E+038   2.2679461030399321E+026   39258277057375.266        28.483490155704175        3.2535509959651959E-010   2.3772839545762032E-021  -6.9860286295091458E-027  -5.4849260183226582E-033  -2.0806558667076022E-038  -2.0726227399274514E-043  -3.1096305152817239E-048
   7.1502839811028620E+044   4.8642040752945909E+056   1.9978429390621663E+056   2.2694831749421667E+049   5.6680105166831708E+038   2.3937309733472240E+026   41752558361782.328        30.534325313911655        3.5171197616789101E-010   2.5926106544571458E-021  -7.6890450958110308E-027  -6.0941506305621222E-033  -2.3340860935062827E-038  -2.3477631372591084E-043  -3.5569931347678190E-048
   7.2435081892235082E+044   4.9714205193595867E+056   2.0594019401314754E+056   2.3586861764222293E+049   5.9369765476738503E+038   2.5263741089813161E+026   44403290995043.234        32.731405980633824        3.8018840699790188E-010   2.8273296486720463E-021  -8.4624834828780972E-027  -6.7707885945676285E-033  -2.6182872890311241E-038  -2.6593297169145656E-043  -4.0685643189571851E-048
   7.3377529811724111E+044   5.0808693629772577E+056   2.1227894037132249E+056   2.4512971532661864E+049   6.2184222433118366E+038   2.6662410892456616E+026   47220127645011.648        35.085035281701181        4.1095330080546731E-010   3.0831752551070554E-021  -9.3133591919541402E-027  -7.5222661360936171E-033  -2.9369817290174035E-038  -3.0121298451079314E-043  -4.6535348783266624E-048
   7.4330219302221814E+044   5.1925910412218614E+056   2.1880561121704641E+056   2.5474407018452238E+049   6.5129086533734667E+038   2.8137163783517801E+026   50213303640724.977        37.606230948122153        4.4418887355520002E-010   3.3620355636680154E-021  -1.0249381816570807E-026  -8.3568231673560615E-033  -3.2943399847036697E-038  -3.4116030130147024E-043  -5.3224070878783405E-048
   7.5293182691709390E+044   5.3066264257799043E+056   2.2552540693456813E+056   2.6472456446971513E+049   6.8210208839885236E+038   2.9692042565812453E+026   53393671066070.398        40.306773858716781        4.8009168147588603E-010   3.6659659229018752E-021  -1.1279023267891679E-026  -9.2836018634648967E-033  -3.6950346307177410E-038  -3.8639035958094429E-043  -6.0871811430391564E-048
   7.6266448715191878E+044   5.4230168130324506E+056   2.3244365191221954E+056   2.7508451536777457E+049   7.1433690510070511E+038   3.1331297939853609E+026   56772734782690.602        43.199259786169485        5.1887373270967542E-010   3.9972035930224329E-021  -1.2411592516490619E-026  -1.0312744804330871E-032  -4.1443003467467697E-038  -4.3759943909587252E-043  -6.9615680114686722E-048
   7.7250042318795991E+044   5.5418039108939002E+056   2.3956579635521478E+056   2.8583768753649613E+049   7.4805892656665783E+038   3.3059398682968152E+026   60362690461395.328        46.297154549055399        5.6076368341637172E-010   4.3581836643643241E-021  -1.3657317584662222E-026  -1.1455503704775036E-032  -4.6480011682784974E-038  -4.9557523310829215E-043  -7.9612323986519352E-048
   7.8243984455910124E+044   5.6630298243360247E+056   2.4689741804863398E+056   2.9699830586543812E+049   7.8333446532378437E+038   3.4881042287704016E+026   64176464725822.109        49.614852784345828        6.0600812457172991E-010   4.7515563484840590E-021  -1.5027435483076021E-026  -1.2724359863536566E-032  -5.2127057300672592E-038  -5.6120879459598473E-043  -9.1040700656511823E-048
   7.9248291875068415E+044   5.7867370395225446E+056   2.5444422406365574E+056   3.0858106844733510E+049   8.2023264053042886E+038   3.6801166077114514E+026   68227757516702.703        53.167740567468805        6.5487296614089300E-010   5.1802057579753173E-021  -1.6534290850790119E-026  -1.4133157581051862E-032  -5.8457714445580831E-038  -6.3550803503190948E-043  -1.0410524330222247E-047
   8.0262976899270169E+044   5.9129684064758559E+056   2.6221205239961973E+056   3.2060115975294054E+049   8.5882548663034200E+038   3.8824958814906463E+026   72531086789837.297        56.972262120211610        7.0764492577962669E-010   5.6472703006167079E-021  -1.8191444128822109E-026  -1.5697251927403424E-032  -6.5554386674574175E-038  -7.1961297618385382E-043  -1.1903947257630723E-047
   8.1288047196414835E+044   6.0417671201936704E+056   2.7020687355398689E+056   3.3307426399958201E+049   8.9918806549257708E+038   4.0957872828820188E+026   77101835665751.578        61.045990860627242        7.6463312971858939E-010   6.1561648237764790E-021  -2.0013790175164237E-026  -1.7433672386960412E-032  -7.3509360252609377E-038  -8.1481298104298360E-043  -1.3611011816248193E-047
   8.2323505540520728E+044   6.1731767001293305E+056   2.7843479201172133E+056   3.4601657870232749E+049   9.4139858209296213E+038   4.3205636665967879E+026   81956302154007.578        65.407705063667294        8.2617083402127592E-010   6.7106046561159727E-021  -2.2017688313898939E-026  -1.9361304066326489E-032  -8.2425982162721943E-038  -9.2256621891125911E-043  -1.5562182148227369E-047
   8.3369349563384215E+044   6.3072409679453548E+056   2.8690204764504381E+056   3.5944482839517109E+049   9.8553850378859527E+038   4.5574268299188219E+026   87111751580249.438        70.077468416530124        8.9261727497636293E-010   7.3146317056219234E-021  -2.4221104903540738E-026  -2.1501088328780700E-032  -9.2419977490644288E-038  -1.0445216522599199E-042  -1.7792250101849033E-047
   8.4425571496323030E+044   6.4440040234453371E+056   2.9561501701389948E+056   3.7337627850803514E+049   1.0316926832318066E+039   4.8070088903774337E+026   92586471849281.734        75.076715768707260        9.6435965799190254E-010   7.9726427859203899E-021  -2.6643769610573212E-026  -2.3876244913096119E-032  -1.0362092252220916E-037  -1.1825438696717185E-042  -2.0340947306082797E-047
   8.5492157901634888E+044   6.5835102185848083E+056   3.0458021455683871E+056   3.8782874938365396E+049   1.0799494849643134E+039   5.0699737224193869E+026   98399831682789.703        80.428344393448825        1.0418152950041415E-009   8.6894203567498351E-021  -2.9307346684091715E-026  -2.6512517809260193E-032  -1.1617389178501032E-037  -1.3387411305117886E-042  -2.3253643358329221E-047
   8.6569089393388841E+044   6.7258041294567658E+056   3.1380429366133042E+056   4.0282063041653166E+049   1.1304009157258219E+039   5.3470184550638998E+026   104572341975705.50        86.156811094870619        1.1254339010997740E-009   9.4701658794696334E-021  -3.2235622647290119E-026  -2.9438447400186473E-032  -1.3024129937499205E-037  -1.5154970335122313E-042  -2.6582142164573211E-047
   8.7656340347153376E+044   6.8709305261425870E+056   3.2329404760180832E+056   4.1837089429416135E+049   1.1831427585040074E+039   5.6388750325412910E+026   111125720420686.36        92.288235513203290        1.2157000617792801E-009   1.0320536004629141E-020  -3.5454711952091279E-026  -3.2685671639175115E-032  -1.4600495725809502E-037  -1.7155062738504838E-042  -3.0385590141514007E-047
   8.8753878598250325E+044   7.0189343403138096E+056   3.3305641033299288E+056   4.3449911131852752E+049   1.2382747103445915E+039   5.9463118399271591E+026   118082959555682.53        98.850509999753200        1.3131358830628477E-009   1.1246681826002469E-020  -3.8993282285433486E-026  -3.6289259320031742E-032  -1.6366837585360309E-037  -1.9418150122766837E-042  -3.4731511890138643E-047
   8.9861665128109259E+044   7.1698606304647021E+056   3.4309845712522477E+056   4.5122546378359140E+049   1.2959005239310221E+039   6.2701353957887686E+026   125468398395114.72        105.87341645301217        1.4183038374614589E-009   1.2255291454190646E-020  -4.2882801370576451E-026  -4.0288078812997904E-032  -1.8345933511912511E-037  -2.1978664462142316E-042  -3.9696991110851298E-047
   9.0979653738281494E+044   7.3237545446498050E+056   3.5342740502770197E+056   4.6857076038196278E+049   1.3561281529330013E+039   6.6111921138577672E+026   133307797810727.97        113.38875052802818        1.5318098197063068E-009   1.3353636182996566E-020  -4.7157807275347121E-026  -4.4725205987834417E-032  -2.0563275760012291E-037  -2.4875522474326071E-042  -4.5370016987009027E-047
   9.2107790711656532E+044   7.4806612805946561E+056   3.6405061314461330E+056   4.8655645061128480E+049   1.4190699011116684E+039   6.9703701357325971E+026   141628419833715.25        121.43045365263067        1.6543064270521151E-009   1.4549620543384315E-020  -5.1856204422654453E-026  -4.9648375428648741E-032  -2.3047391851601839E-037  -2.8152706148944647E-042  -5.1851019056610598E-047
   9.3246014460407890E+044   7.6406260430415376E+056   3.7497558270821602E+056   5.0520463914798069E+049   1.4848425751565741E+039   7.3486012365939473E+026   150459111055178.16        130.03475330639162        1.7864964799464541E-009   1.5851836563043852E-020  -5.7019587698098746E-026  -5.5110479466776292E-032  -2.5830203197053203E-037  -3.1859917858552532E-042  -5.9254616766336451E-047
   9.4394255160177199E+044   7.8036939981855544E+056   3.8620995693190464E+056   5.2453810015293424E+049   1.5535676412155370E+039   7.7468628058861428E+026   159830390307379.47        139.24031204128767        1.9291367998901252E-009   1.7269622574500182E-020  -6.2693597266411969E-026  -6.1170120021933953E-032  -2.8947425684067505E-037  -3.6053319545256418E-042  -6.7711613509570082E-047
   9.5552434369988897E+044   7.9699102250494679E+056   3.9776152062526289E+056   5.4458029147036980E+049   1.6253713850629763E+039   8.1661799048753930E+026   169774540813500.69        149.08838574689392        2.0830422624054131E-009   1.8813126941444219E-020  -6.8928306944216659E-026  -6.7892218752019690E-032  -3.2439017086612063E-037  -4.0796366670305896E-042  -7.7371269048677967E-047
   9.6720464637368071E+044   8.1393196636384710E+056   4.0963819955197660E+056   5.6535536867766013E+049   1.7003850758352249E+039   8.6076274029408341E+026   180325706998705.38        159.62299168756689        2.2490901441817416E-009   2.0493377101636457E-020  -7.5778649232710715E-026  -7.5348691572763616E-032  -3.6349676698309900E-037  -4.6160748956206772E-042  -8.8403888877609535E-047
   9.7898249088116261E+044   8.3119670597086096E+056   4.2184805951030737E+056   5.8688819894000415E+049   1.7787451332425260E+039   9.0723321943849781E+026   191519996160170.91        170.89108686442654        2.4282247846842369E-009   2.2322354355466031E-020  -8.3304880392012666E-026  -8.3619194224764750E-032  -4.0729403208481538E-037  -5.2227451459085745E-042  -1.0100377436840364E-046
   9.9085681000179154E+044   8.4878969059746833E+056   4.3439930511458610E+056   6.0920437461986012E+049   1.8605932981467627E+039   9.5614754974648039E+026   203395585198334.47        182.94275728099083        2.6214625837919519E-009   2.4313074862162576E-020  -9.1573089240787597E-026  -9.2791946242525676E-032  -4.5634117521025309E-037  -5.9087951203256397E-042  -1.1539258354884693E-046
   1.0028264336102066E+045   8.6671533795751919E+056   4.4730027825487564E+056   6.3233022658668485E+049   1.9460768063713308E+039   1.0076295237241727E+027   215992832615833.22        195.83141871799373        2.8298973583810964E-009   2.6479677340888209E-020  -1.0065575369229400E-025  -1.0296464142363882E-031  -5.1126357973860811E-037  -6.6845566512666315E-042  -1.3182315917375969E-046
   1.0148900840789606E+045   8.8497802756033281E+056   4.6055945621056727E+056   6.5629283716788802E+049   2.0353485655847546E+039   1.0618088513725987E+027   229354395994438.62        209.61402965016734        3.0547060821862760E-009   2.8837518011617231E-020  -1.1063234939314115E-025  -1.1424545371249065E-031  -5.7276056257853118E-037  -7.5616978310229303E-042  -1.5058388848706934E-046
   1.0270463715039467E+045   9.0358209365040431E+056   4.7418544939221769E+056   6.8112005267695796E+049   2.1285673350725350E+039   1.1188214156646726E+027   243525355163603.50        224.35131696551127        3.2971550347611079E-009   3.1403273350982007E-020  -1.2159001521595708E-025  -1.2675414830847908E-031  -6.4161403267918022E-037  -8.5533945053978716E-042  -1.7200366784787313E-046
   1.0392937887460118E+045   9.2253181771277651E+056   4.8818699868439420E+056   7.0684049544941268E+049   2.2258979081820904E+039   1.1788095368010797E+027   258553341276970.84        240.10801517571167        3.5586063869199920E-009   3.4195051281268130E-020  -1.3362428077410059E-025  -1.4062330879110054E-031  -7.1869815155218617E-037  -9.6745235669776379E-042  -1.9645755534877946E-046
   1.0516307062819933E+045   9.4183142052215576E+056   5.0257297236067308E+056   7.3348357531157377E+049   2.3275112971933306E+039   1.2419222453418898E+027   274488672015236.41        256.95311983479456        3.8405252516762082E-009   3.7232511456627155E-020  -1.4683986157791242E-025  -1.5599969213128206E-031  -8.0499010998831096E-037  -1.0941880785884347E-041  -2.2437320584440258E-046
   1.0640553668581856E+045   9.6148505371282254E+056   5.1735236254022207E+056   7.6107950040111902E+049   2.4335849203321909E+039   1.3083155642884100E+027   291384493134997.00        274.96015591167208        4.1444872313985745E-009   4.0536995359489260E-020  -1.6135152794033370E-025  -1.7304572463859667E-031  -9.0158214789892543E-037  -1.2374426254351123E-041  -2.5623819560739330E-046
   1.0765658799389893E+045   9.8149679084531451E+056   5.3253428115359455E+056   7.8965928725191772E+049   2.5443027906061115E+039   1.3781528001642634E+027   309296926583532.94        294.20746189080154        4.4721864936896767E-009   4.4131666972251365E-020  -1.7728505426771841E-025  -1.9194115318678301E-031  -1.0096949583413408E-036  -1.3993560900962005E-041  -2.9260835833668976E-046
   1.0891602159432251E+045   1.0018706179447368E+057   5.4812795538346027E+056   8.1925477004877067E+049   2.6598557060987364E+039   1.4516048431156562E+027   328285225398726.44        314.77849040355056        4.8254444103428120E-009   4.8041664844737381E-020  -1.9477825594216084E-025  -2.1288486747531224E-031  -1.1306926324422121E-036  -1.5823437955713692E-041  -3.3411727068085115E-046
   1.1018362002603332E+045   1.0226104234843818E+057   5.6414272254398486E+056   8.4989860895033812E+049   2.7804414413157987E+039   1.5288504760179502E+027   348411935611357.56        336.76212622082573        5.2062187956610686E-009   5.2294266436825535E-020  -2.1398212161764024E-025  -2.3609691063341319E-031  -1.2660993192723169E-036  -1.7891313723544832E-041  -3.8148704405975495E-046
   1.1145915070383959E+045   1.0437199877871159E+057   5.8058802436046440E+056   8.8162429737070273E+049   2.9062649391249544E+039   1.6100766925386034E+027   369743065363671.12        360.25302246483574        5.6166137824186054E-009   5.6919065678156520E-020  -2.3506204941686885E-025  -2.6182069716660551E-031  -1.4176177939218209E-036  -2.0227942557606365E-041  -4.3554060065369458E-046
   1.1274236527356238E+045   1.0652029718157054E+057   5.9747340060858174E+056   9.1446616810167230E+049   3.0375385027789598E+039   1.6954790240649166E+027   392348261453195.50        385.35195592423997        6.0588903758083177E-009   6.1948164753115467E-020  -2.5819919623218710E-025  -2.9032545909690929E-031  -1.5871501482667810E-036  -2.2868021520939178E-041  -4.9721563529863429E-046
   1.1403299894266575E+045   1.0870629053219218E+057   6.1480848207030858E+056   9.4845939814902951E+049   3.1744819874537015E+039   1.7852618753583433E+027   416300993504097.88        412.16620238205184        6.5354777278478058E-009   6.7416381189451373E-020  -2.8359195010557749E-025  -3.2190894316990767E-031  -1.7768208424120229E-036  -2.5850690893739594E-041  -5.6758049203848369E-046
   1.1533076978547072E+045   1.1093031743228602E+057   6.3260298276099421E+056   9.8364001214644977E+049   3.3173229906699488E+039   1.8796388687449857E+027   441678745959665.19        440.80993288915641        7.0489851769018212E-009   7.3361471403078615E-020  -3.1145753649337777E-025  -3.5690038420910017E-031  -1.9890023807686191E-036  -2.9220097431189217E-041  -6.4785221464266660E-046
   1.1663537802202481E+045   1.1319270078714438E+057   6.5086669137957932E+056   1.0200448842007159E+050   3.4662970408998069E+039   1.9788331965937380E+027   468563218078544.25        471.40463193774480        7.6022150992176326E-009   7.9824371929902947E-020  -3.4203377011420065E-025  -3.9566378210585468E-031  -2.2263439054224963E-036  -3.3026028112947221E-041  -7.3941706495262391E-046
   1.1794650526966413E+045   1.1549374640865628E+057   6.6960946193111698E+056   1.0577117380110992E+050   3.6216477835854723E+039   2.0830779817688591E+027   497040532103890.25        504.07953850787652        8.1981766216517669E-009   8.6849459658014934E-020  -3.7558096503761566E-025  -4.3860151255809812E-031  -2.4918030311428775E-036  -3.7324623059864517E-041  -8.4385384198233894E-046
   1.1926381376627069E+045   1.1783374154066959E+057   6.8884120346788993E+056   1.0966791450943207E+050   3.7836271637185241E+039   2.1926166456719383E+027   527201449758249.88        538.97211097622551        8.8401002470823766E-009   9.4484832460360183E-020  -4.1238401670010037E-025  -4.8615830453009185E-031  -2.7886812813574260E-036  -4.2179177337357366E-041  -9.6296037883553828E-046
   1.2058694556419200E+045   1.2021295330291888E+057   7.0857186889235996E+056   1.1369865209343227E+050   3.9524956040422283E+039   2.3077032834086110E+027   559141597197506.81        576.22851688822288        9.5314534463388912E-009   1.0278261171906239E-019  -4.5275467063743889E-025  -5.3882562051765608E-031  -3.1206635230025875E-036  -4.7661042530413573E-041  -1.0987836443548233E-045
   1.2191552169375237E+045   1.2263162704956305E+057   7.2881144276197349E+056   1.1786741188630981E+050   4.1285221778467367E+039   2.4286030455273476E+027   592961698534186.75        616.00414860259889        1.0275957272824755E-008   1.1179926832794080E-019  -4.9703399390293329E-025  -5.9714647908753453E-031  -3.4918618406867986E-036  -5.3850640275907142E-041  -1.2536539327011893E-045
   1.2324914129524681E+045   1.2508998463819355E+057   7.4956992803245824E+056   1.2217830214650257E+050   4.3119847752271013E+039   2.5555925256803402E+027   628767818013434.00        658.46416581996141        1.1077604058342860E-008   1.2159597385938445E-019  -5.4559506640226239E-025  -6.6172076283676813E-031  -3.9068643374534542E-036  -6.0838601388661577E-041  -1.4302236875768836E-045
   1.2458738071826904E+045   1.2758822260498418E+057   7.7085733167268417E+056   1.2663551292824709E+050   4.5031702615662034E+039   2.6889601534492462E+027   666671610893601.88        703.78406600366043        1.1940676250935599E-008   1.3223897868552551E-019  -5.9884591072221286E-025  -7.3321105890948196E-031  -4.3707894010020722E-036  -6.8727045834924747E-041  -1.6315115794453920E-045
   1.2592979258718285E+045   1.3012651024145405E+057   7.9268364908040479E+056   1.3124331465847873E+050   4.7023746268884161E+039   2.8290065914603371E+027   706790583047152.88        752.15028369079846        1.2869766457798607E-008   1.4380001895143866E-019  -6.5723268046528982E-025  -8.1234908353687822E-031  -4.8893460309535213E-036  -7.7631020608627590E-041  -1.8609525348691464E-045
   1.2727590483150428E+045   1.3270498756810785E+057   8.1505884722424429E+056   1.3600605639462577E+050   4.9099031246045195E+039   2.9760451357835895E+027   749248359255900.25        803.76081967274320        1.3869798758490358E-008   1.5635675440965142E-019  -7.2124312862859272E-025  -8.9994274675477792E-031  -5.4689008850944567E-036  -8.7680114571785026E-041  -2.1224545080933692E-045
   1.2862521967991659E+045   1.3532376319999961E+057   8.3799284643312994E+056   1.4092816373608400E+050   5.1260703980333871E+039   3.1304021184673492E+027   794174960126968.88        858.82590099667414        1.4946051355706235E-008   1.6999323924027107E-019  -7.9141037918616744E-025  -9.9688391852585105E-031  -6.1165527710069584E-036  -9.9020271552348478E-041  -2.4204628874958577E-045
   1.2997721261659486E+045   1.3798291209903993E+057   8.6149550074998977E+056   1.4601413636028195E+050   5.3512005929405590E+039   3.2924173109033575E+027   841707087501549.50        917.56867270114049        1.6104180632777040E-008   1.8480042809910164E-019  -8.6831702675167372E-025  -1.1041569629753374E-030  -6.8402153846155687E-036  -1.1181582547446281E-040  -2.7600335448802385E-045
   1.3133133129846939E+045   1.4068247320762883E+057   8.8557657676192408E+056   1.5126854515225278E+050   5.5856274541773997E+039   3.4624443265449311E+027   891988418166877.88        980.22592214782674        1.7350246688744187E-008   2.0087671975671057E-019  -9.5259959101439603E-025  -1.2228481133646239E-030  -7.6487091795344033E-036  -1.2625178405332191E-040  -3.1469156653511045E-045
   1.3268699443200701E+045   1.4342244695794913E+057   9.1024573081419714E+056   1.5669602889450799E+050   5.8296944043361242E+039   3.6408510213126299E+027   945169905612116.62        1047.0488367469602        1.8690740423306044E-008   2.1832854081384220E-019  -1.0449533545573331E-024  -1.3541557668015862E-030  -8.5518633412748773E-036  -1.4253639064788138E-040  -3.5876456413791151E-045
   1.3404359060803933E+045   1.4620279265099597E+057   9.3551248451028915E+056   1.6230129048175688E+050   6.0837546021548838E+039   3.8280198898155167E+027   1001410089490100.5        1118.3037957931738        2.0132612245063931E-008   2.3727097210204308E-019  -1.1461376146813106E-024  -1.4994017845450021E-030  -9.5606289390174169E-036  -1.6090399726025234E-040  -4.0896534785324925E-045
   1.3540047709311336E+045   1.4902342569914785E+057   9.6138619839487082E+056   1.6808909262262397E+050   6.3481709782124629E+039   4.0243484552905333E+027   1060875412358319.8        1194.2731970300147        2.1683302477255248E-008   2.5782842050185182E-019  -1.2569813819725649E-024  -1.6600438911267748E-030  -1.0687204435427879E-035  -1.8161828543392492E-040  -4.6613833443090784E-045
   1.3675697857578521E+045   1.5188421472580194E+057   9.8787604371089064E+056   1.7406425298797639E+050   6.6233162452427993E+039   4.2302496509160317E+027   1123740543173044.9        1275.2563184422991        2.3350773535468979E-008   2.8013533903320689E-019  -1.3783895605603422E-024  -1.8376892734131649E-030  -1.1945174852611272E-035  -2.0497587597000416E-040  -5.3124300978587867E-045
   1.3811238586622140E+045   1.5478497851530148E+057   1.0149909721160225E+057   1.8023163876277450E+050   6.9095728801747556E+039   4.4461521898863531E+027   1190188706899041.2        1361.5702156335424        2.5143543951608257E-008   3.0433699819236711E-019  -1.5113496473112955E-024  -2.0341094891759032E-030  -1.3349666020467625E-035  -2.3131037299012236E-040  -6.0536938696836442E-045
   1.3946595454741245E+045   1.5772548280607415E+057   1.0427396832374391E+057   1.8659616055549784E+050   7.2073330747610370E+039   4.6725009213406666E+027   1260412019472685.2        1453.5506549777963        2.7070724317497290E-008   3.3059031162490005E-019  -1.6569389895922366E-024  -2.2512568037644600E-030  -1.4917515473194807E-035  -2.6099689296820108E-040  -6.8975550194389861E-045
   1.4081690357624349E+045   1.6070543691957860E+057   1.0711305899372840E+057   1.9316276561615534E+050   7.5169986514008947E+039   4.9097571689190678E+027   1334611827217164.8        1551.5530825381866        2.9142055219912909E-008   3.5906471933310068E-019  -1.8163326436929516E-024  -2.4912820830769263E-030  -1.6667461711231961E-035  -2.9445713497523272E-040  -7.8580720898027440E-045
   1.4216441383260310E+045   1.6372449021732017E+057   1.1001717811542763E+057   1.9993643031066459E+050   7.8389809404828321E+039   5.1583990483699714E+027   1412999049653385.0        1655.9536285146601        3.1367947236327823E-008   3.8994313171614496E-019  -1.9908118785241420E-024  -2.7565543812292181E-030  -1.8620353710321233E-035  -3.3216505457904117E-040  -8.9512056983864680E-045
   1.4350762661464630E+045   1.6678222837784423E+057   1.1298709821795791E+057   2.0692215179595958E+050   8.1737006152749278E+039   5.4189217602528290E+027   1495794524477666.8        1767.1501467169353        3.3759523057138112E-008   4.2342293782950978E-019  -2.1817733717763264E-024  -3.0496823721249858E-030  -2.0799382737343744E-035  -3.7465321066462245E-040  -1.0195071671492484E-044
   1.4484564207825976E+045   1.6987816948524928E+057   1.1602355122173771E+057   2.1412493883655346E+050   8.5215874800698911E+039   5.6918378533666089E+027   1583229353285582.0        1885.5632882510029        3.6328661795449966E-008   4.5971708132338263E-019  -2.3907391483236946E-024  -3.3735377855283536E-030  -2.3230338724895391E-035  -4.2251986194280246E-040  -1.1610227127155461E-044
   1.4617751761870766E+045   1.7301175992037796E+057   1.1912722390725326E+057   2.2154980169942832E+050   8.8830802069483041E+039   5.9776774540845426E+027   1675545246408501.0        2011.6376082538620        3.9088045539435040E-008   4.9905520757407761E-019  -2.6193673132574996E-024  -3.7312810202256115E-030  -2.5941893663905173E-035  -4.7643689815052225E-040  -1.3219993664652795E-044
   1.4750226619236348E+045   1.7618237004544363E+057   1.2229875307991846E+057   2.2920174106003461E+050   9.2586260161550372E+039   6.2769884562865500E+027   1772994864993573.5        2145.8427041060941        4.2051208194623505E-008   5.4168488555337122E-019  -2.8694636345057293E-024  -4.1263891194055515E-030  -2.8965914696594425E-035  -5.3715869997188892E-040  -1.5050822318173058E-044
   1.4881885457635817E+045   1.7938928967243155E+057   1.2553872041352226E+057   2.3708573584784655E+050   9.6486802946887744E+039   6.5903366660491678E+027   1875842158196751.0        2288.6743830894170        4.5232586654054826E-008   5.8787290798298716E-019  -3.1429940325019165E-024  -4.5626863064522948E-030  -3.2337809831267687E-035  -6.0553203158334326E-040  -1.7132705488580671E-044
   1.5012620156389698E+045   1.8263172330517604E+057   1.2884764695381475E+057   2.4520672995532039E+050   1.0053706147281297E+040   6.9183058946755843E+027   1984362693069652.2        2440.6558569299145        4.8647574322685734E-008   6.3790667328918001E-019  -3.4420980367604327E-024  -5.0443772928723951E-030  -3.6096909456222652E-035  -6.8250708050752531E-040  -1.9499641684527045E-044
   1.5142317609291674E+045   1.8590878514455994E+057   1.3222598726279589E+057   2.5356961772922488E+050   1.0474173873489599E+040   7.2614979930216110E+027   2098843974401992.2        2602.3389600699265        5.2312577008567421E-008   6.9209565279859026E-019  -3.7691032714436908E-024  -5.5760835839919969E-030  -4.0286887102704001E-035  -7.6914977120680709E-040  -2.2190159588170577E-044
   1.5270859530567176E+045   1.8921949384580293E+057   1.3567412318323001E+057   2.6217922815814331E+050   1.0910560364138042E+040   7.6205328193933567E+027   2219585751429063.0        2774.3053878345777        5.6245071176717375E-008   7.5077294649331852E-019  -4.1265410340027505E-024  -6.1628830222562222E-030  -4.4956223196313589E-035  -8.6665549161524422E-040  -2.5247908717407142E-044
   1.5398122253674947E+045   1.9256276701631037E+057   1.3919235720181483E+057   2.7104030766446360E+050   1.1363348409827502E+040   7.9960481325547675E+027   2346900307925286.5        2957.1679498937092        6.0463664541953640E-008   8.1429693046136029E-019  -4.5171630326590420E-024  -6.8103528223078003E-030  -5.0158715842349320E-035  -9.7636438564957746E-040  -2.8722324791951502E-044
   1.5523976522692867E+045   1.9593741544203149E+057   1.4278090538828489E+057   2.8015750140336387E+050   1.1833025913671290E+040   8.3886994005833645E+027   2481112731776786.5        3151.5718335568317        6.4988158953812571E-008   8.8305299892772692E-019  -4.9439593497789588E-024  -7.5246163663446223E-030  -5.5954043012533280E-035  -1.0997783797028216E-039  -3.2669378831202299E-044
   1.5648287276019796E+045   1.9934213702973327E+057   1.4643988988651872E+057   2.8953533296513985E+050   1.2320084999821352E+040   8.7991595154457652E+027   2622561159654560.0        3358.1958704667823        6.9839615499568136E-008   9.5745540341977831E-019  -5.4101776989660464E-024  -8.3123940423424397E-030  -6.2408380837407330E-035  -1.2385801272463906E-039  -3.7152420024012159E-044
   1.5770913422115879E+045   2.0277551045202876E+057   1.5016933093244837E+057   2.9917818237069664E+050   1.2825021008709944E+040   9.2281184022255614E+027   2771596991891194.5        3577.7537991652143        7.5040421719787113E-008   1.0379491911938753E-018  -5.9193440438294851E-024  -9.1810584213140960E-030  -6.9595083058654874E-035  -1.3946540729752785E-039  -4.2243123520682022E-044
   1.5891707606993472E+045   2.0623598848140596E+057   1.5396913837223263E+057   3.0909026224310932E+050   1.3348331369249065E+040   9.6762825109190427E+027   2928585072093851.0        3810.9955147767087        8.0614360794205281E-008   1.1250122445138412E-018  -6.4752846457326503E-024  -1.0138694082534518E-029  -7.7595427056391718E-035  -1.5701098564361808E-039  -4.8022555511920101E-044
   1.6010515973160806E+045   2.0972189099888315E+057   1.5783910265275002E+057   3.1927559203082926E+050   1.3890514337499263E+040   1.0144374177613412E+028   3093903825399631.5        4058.7082956838390        8.6586682513339425E-008   1.2191574217071827E-018  -7.0821496062063352E-024  -1.1194162407193891E-029  -8.6499432234846028E-035  -1.7673082947701674E-039  -5.4582369283960432E-044
   1.6127177909709641E+045   2.1323139766227129E+057   1.6177888525498921E+057   3.2973797015035078E+050   1.4452067590538003E+040   1.0633130840670544E+028   3267945348591444.0        4321.7179955269730        9.2984175802426518E-008   1.3209348001123690E-018  -7.7444379669236348E-024  -1.2357171670768712E-029  -9.6406756921574593E-035  -1.9888902050417776E-039  -6.2026147378650986E-044
   1.6241525793227170E+045   2.1676254021834813E+057   1.6578800853936309E+057   3.4048094390792797E+050   1.5033486663421886E+040   1.1143304096250311E+028   3451115444537411.0        4600.8901871425460        9.9835242508189895E-008   1.4309340200467748E-018  -8.4670244259398268E-024  -1.3638352771941978E-029  -1.0742768030494912E-034  -2.2378083485424546E-039  -7.0470906546198656E-044
   1.6353384719200930E+045   2.2031319444254345E+057   1.6986584497033739E+057   3.5150777705122220E+050   1.5635263216243544E+040   1.1675658576113309E+028   3643833592588728.0        4897.1312431327733        1.0716997209465781E-007   1.5497867277441378E-018  -9.2551877230250866E-024  -1.5049340940464905E-029  -1.1968417629509528E-034  -2.5173628023311400E-039  -8.0048783859031130E-044
   1.6462572223573666E+045   2.2388107168899785E+057   1.7401160568605084E+057   3.6282141479253315E+050   1.6257883117328657E+040   1.2230970629135487E+028   3846532845663079.0        5211.3893356171038        1.1502021682078887E-007   1.6781691138030168E-018  -1.0114640739041177E-023  -1.6602863767103752E-029  -1.3331108653597742E-034  -2.8312400869364189E-039  -9.0908924158527362E-044
   1.6568897994092682E+045   2.2746371003308992E+057   1.7822432837679859E+057   3.7442444613549843E+050   1.6901824327597448E+040   1.2810026786337818E+028   4059659643746137.5        5544.6553353279933        1.2341966688885656E-007   1.8168045420203170E-018  -1.1051562344065718E-023  -1.8312835894770170E-029  -1.4845740010993468E-034  -3.1835564033519210E-039  -1.0321959093010064E-043
   1.6672163571085621E+045   2.3105846498772133E+057   1.8250286443435535E+057   3.8631906332680182E+050   1.7567554570023851E+040   1.3413621987473685E+028   4283673532454534.5        5897.9635875552194        1.3240392495714743E-007   1.9664662615185874E-018  -1.2072631015922949E-023  -2.0194460699922960E-029  -1.6528764774714839E-034  -3.5789053568840740E-039  -1.1717052474067569E-043
   1.6772162037281359E+045   2.3466249977381321E+057   1.8684586533212183E+057   3.9850701824347420E+050   1.8255528766959595E+040   1.4042557545314686E+028   4519046774111605.0        6272.3925394859180        1.4201057930213315E-007   2.1279801927696483E-018  -1.3185060234446160E-023  -2.2264339275971892E-029  -1.8398341856466238E-034  -4.0224105696290088E-039  -1.3297557551578338E-043
   1.6868677696280995E+045   2.3827277512458868E+057   1.9125176819398440E+057   4.1098957551478025E+050   1.8966186226844928E+040   1.4697638821721687E+028   4766263837483006.0        6669.0651902011195        1.5227927479231385E-007   2.3022277754217425E-018  -1.4396635636607968E-023  -2.4540587004081606E-029  -2.0474500749244506E-034  -4.5197836068065351E-039  -1.5087563716524636E-043
   1.6961485739269943E+045   2.4188603860230508E+057   1.9571878050757819E+057   4.2376746216540377E+050   1.9699947560497162E+040   1.5379672587370205E+028   5025820750893193.0        7089.1493309397847        1.6325178069666460E-007   2.4901488626981095E-018  -1.5715753892959639E-023  -2.7042957959551893E-029  -2.2779320157304231E-034  -5.0773876641520820E-039  -1.7114191536326746E-043
   1.7050351899547368E+045   2.4549881340514317E+057   2.0024486393533090E+057   4.3684081355365598E+050   2.0457211305747570E+040   1.6089464034605610E+028   5298224301884806.0        7533.8575391913455        1.7497205419310892E-007   2.6927446434899516E-018  -1.7151463235872110E-023  -2.9792977351593658E-029  -2.5337121321699141E-034  -5.7023074831634417E-039  -1.9407956161786613E-043
   1.7135032094434114E+045   2.4910738664096436E+057   2.0482771717423692E+057   4.5020911536467884E+050   2.1238350237679807E+040   1.6827813410320487E+028   5583991064879798.0        8004.4468856866297        1.8748629826454251E-007   2.9110805690465508E-018  -1.8713505534011962E-023  -3.2814082128199398E-029  -2.8174676822273433E-034  -6.4024259770928356E-039  -2.2003170908160950E-043
   1.7215272054104705E+045   2.5270779704360914E+057   2.0946475781275959E+057   4.6387114140406809E+050   2.2043707340103585E+040   1.7595512232959677E+028   5883646236440887.0        8502.2183083803866        2.0084301246924867E-007   3.1462892562913631E-018  -2.0412359764333068E-023  -3.6131769792850557E-029  -3.1321435588459951E-034  -7.1865080617685665E-039  -2.4938394780161202E-043
   1.7290806936872778E+045   2.5629582210632262E+057   2.1415310313057944E+057   4.7782488692194239E+050   2.2873591412168363E+040   1.8393339054752932E+028   6197722255701068.0        9028.5156020073064        2.1509303484643031E-007   3.3995733341769290E-018  -2.2259286681495037E-023  -3.9773755372429618E-029  -3.4809764776454269E-034  -8.0642921898996726E-039  -2.8256927920518870E-043
   1.7361360930442493E+045   2.5986696460576289E+057   2.1888954978409219E+057   4.9206749718120350E+050   2.3728272282176929E+040   1.9222054727034025E+028   6526757185312606.0        9584.7239656941165        2.3028957296308818E-007   3.6722081930339226E-018  -2.4266374423747490E-023  -4.3770136341739925E-029  -3.8675209063204404E-034  -9.0465900833450924E-039  -3.2007359146984081E-043
   1.7426646838621487E+045   2.6341643848886766E+057   2.2367055231760588E+057   5.0659519096650864E+050   2.4607975598690145E+040   2.0082397123011377E+028   6871292825849189.0        10172.268044364204        2.4648822182233689E-007   3.9655445894588944E-018  -2.6446584722477018E-023  -4.8153565144630424E-029  -4.2956767760975560E-034  -1.0145395142331859E-038  -3.6244169890718057E-043
   1.7486365652972956E+045   2.6693915409362485E+057   2.2849220043708517E+057   5.2140317871225800E+050   2.5512877166914358E+040   2.0975075268589968E+028   7231872533958523.0        10792.609392214212        2.6374696603185614E-007   4.2810110507955401E-018  -2.8813799298126997E-023  -5.2959428749245983E-029  -4.7697189961474577E-034  -1.1373999980643017E-038  -4.1028398944211744E-043
   1.7540206108866236E+045   2.7042970267351182E+057   2.3335019498003737E+057   5.3648557490865458E+050   2.6443096796123364E+040   2.1900762827787693E+028   7609038711688772.0        11447.243278304008        2.8212616327050966E-007   4.6201160135546946E-018  -3.1382865926159887E-023  -5.8226034428848772E-029  -5.2943287665551909E-034  -1.2747123487560722E-038  -4.6428372449366848E-043
   1.7587844225366583E+045   2.7388234019403508E+057   2.3823982251172203E+057   5.5183530442454224E+050   2.7398691621479399E+040   2.2860090884919984E+028   8003329931280912.0        12137.694745205767        3.0168850568680981E-007   4.9844496190304254E-018  -3.4169643540965320E-023  -6.3994800662429522E-029  -5.8746266531427020E-034  -1.4281047746252067E-038  -5.2520503481669774E-043
   1.7628942828385624E+045   2.7729097036841779E+057   2.4315592847429228E+057   5.6744400236423739E+050   2.8379648861072905E+040   2.3853639961022357E+028   8415277656308546.0        12865.513821621027        3.2249895540994839E-007   5.3756850767263467E-018  -3.7191045610652577E-023  -7.0310451692215270E-029  -6.5162073467183605E-034  -1.5993765038802061E-038  -5.9390165384138475E-043
   1.7663151056494412E+045   2.8064912689804471E+057   2.4809288881172897E+057   5.8330190705288239E+050   2.9385877966290182E+040   2.4881931196917363E+028   8845402516333785.0        13632.269778805599        3.4462464984716186E-007   5.7955794918091426E-018  -4.0465080858696406E-023  -7.7221213848106859E-029  -7.2251759785479439E-034  -1.7905135033606330E-038  -6.7132642637617271E-043
   1.7690103848781412E+045   2.8394995488178686E+057   2.5304457998951742E+057   5.9939774572090725E+050   3.0417202120731192E+040   2.5945416629886035E+028   9294210088207450.0        14439.544308442104        3.6813477187427479E-007   6.2459740364332421E-018  -4.4010890226245066E-023  -8.4779011240427262E-029  -8.0081858010693596E-034  -2.0037052073415120E-038  -7.5854162476353277E-043
   1.7709421414117827E+045   2.8718619135679349E+057   2.5800434732392353E+057   6.1571861243296472E+050   3.1473349039828776E+040   2.7044468485047135E+028   9762186132747710.0        15288.923486161546        3.9310037939281994E-007   6.7287933261841762E-018  -4.7848778757940314E-023  -9.3039657818769754E-029  -8.8724769658484731E-034  -2.2413622252522438E-038  -8.5673009613896627E-043
   1.7720708681173288E+045   2.9035014493176023E+057   2.6296497153147071E+057   6.3224983778013722E+050   3.2553941020054403E+040   2.8179367396255081E+028   10249791230754952.        16181.988370122664        4.1959418801995426E-007   7.2460438417919624E-018  -5.2000240850259799E-023  -1.0206304208084571E-028  -9.8259160368552965E-034  -2.5061349678181568E-038  -9.6720725266541495E-043
   1.7723554728505851E+045   2.9343367447206974E+057   2.6791863340478758E+057   6.4897484982630670E+050   3.3658484183127163E+040   2.9350289464570385E+028   10757454757132678.        17120.304067786077        4.4769029988859223E-007   7.7998112123631244E-018  -5.6487977020063053E-023  -1.1191329987344440E-028  -1.0877035763250693E-033  -2.8009330940965443E-038  -1.0914339006782069E-042
   1.7717532194032621E+045   2.9642816679456898E+057   2.7285687651641913E+057   6.6587502577029913E+050   3.4786356856963168E+040   3.0557292055109003E+028   11285568126253464.        18105.407086135870        4.7746387065614751E-007   8.3922561493298790E-018  -6.1335900027011716E-023  -1.2265896973778218E-028  -1.2035074498434097E-033  -3.1289456355695292E-038  -1.2310298835911420E-042
   1.7702196663171222E+045   2.9932451332810695E+057   2.7777056784747130E+057   6.8292953375479942E+050   3.5936797031206859E+040   3.1800298225311533E+028   11834477235603666.        19138.790760961980        5.0899070584165595E-007   9.0256087897409411E-018  -6.6569127811006480E-023  -1.3437312409063396E-028  -1.3310014486958778E-033  -3.4936615960105399E-038  -1.3877884859933424E-042
   1.7677086034929473E+045   3.0211308569434334E+057   2.8264985623314062E+057   7.0011516422114091E+050   3.7108888821069546E+040   3.3079079669366884E+028   12404474028128310.        20221.888539273077        5.4234677652274134E-007   9.7021611730055516E-018  -7.2213960278198743E-023  -1.4713346817451221E-028  -1.4712618043265352E-033  -3.8988907550667536E-038  -1.5636915111840058E-042
   1.7641719865211966E+045   3.0478371016178708E+057   2.8748412851229591E+057   7.1740615017601221E+050   3.8301547868865640E+040   3.4393238054656324E+028   12995787086546978.        21356.054865305927        5.7760764321504723E-007   1.0424257536295653E-017  -7.8297836479196641E-023  -1.6102239712504955E-028  -1.6254460410468447E-033  -4.3487843168231681E-038  -1.7609248997458516E-042
   1.7595598686610284E+045   3.0732564092458759E+057   2.9226196326341395E+057   7.3477397570211535E+050   3.9513505608089168E+040   3.5742184616639806E+028   13608571165192586.        22542.543394775101        6.1484777541588778E-007   1.1194282070015903E-017  -8.4849268162682040E-023  -1.7612699965802216E-028  -1.7947957807274039E-033  -4.8478549390246398E-038  -1.9818947006214819E-042
   1.7538203303950571E+045   3.0972753215636156E+057   2.9697108200441908E+057   7.5218717201015353E+050   4.0743292310128734E+040   3.7125117868583351E+028   14242895556612124.        23782.482233808587        6.5413975280894898E-007   1.2014643725532457E-017  -9.1897745047832164E-023  -1.9253899473425423E-028  -1.9806388839193338E-033  -5.4009955506215148E-038  -2.2292431361270121E-042
   1.7468994064893080E+045   3.1197740878840296E+057   3.0159829772948845E+057   7.6961110029472006E+050   4.1989218828805272E+040   3.8540999271935300E+028   14898731181242508.        25076.845868291544        6.9555333248553503E-007   1.2887757612138454E-017  -9.9473606429874388E-023  -2.1035458507557470E-028  -2.1843907058213420E-033  -6.0134962107997687E-038  -2.5058644155759506E-042
   1.7387410104917558E+045   3.1406263596114673E+057   3.0612946065187398E+057   7.8700772062241225E+050   4.3249356952880284E+040   3.9988526702034846E+028   15575936278927572.        26426.423415959584        7.3915436472781338E-007   1.3816022458427200E-017  -1.0760787290413556E-022  -2.2967420853192305E-028  -2.4075541993524964E-033  -6.6910580769533005E-038  -2.8149198453565839E-042
   1.7292868566094620E+045   3.1596988709795216E+057   3.1054940101855097E+057   8.0433534604784991E+050   4.4521518271593822E+040   4.1466105532244974E+028   16274240570882372.        27831.782797444881        7.8500353790902689E-007   1.4801793544225598E-017  -1.1633203105365493E-022  -2.5060216498668282E-028  -2.6517185434137130E-033  -7.4398033267510181E-038  -3.1598516525053539E-042
   1.7184763789146870E+045   3.1768511055143789E+057   3.1484186886046267E+057   8.2154838112372551E+050   4.5803231453258067E+040   4.2971817147656794E+028   16993227749971532.        29293.230383535392        8.3315493088438605E-007   1.5847350432396486E-017  -1.2567776288178681E-022  -2.7324609267780717E-028  -2.9185559110327547E-033  -8.2662796143815459E-038  -3.5443947795098693E-042
   1.7062466478459388E+045   3.1919349477515783E+057   3.1898947054186379E+057   8.3859704394667575E+050   4.7091717832111521E+040   4.4503384687393996E+028   17732316145919236.        30810.765634192634        8.8365434886657156E-007   1.6954858744567300E-017  -1.3567661057189576E-022  -2.9771626344565806E-028  -3.2098159181735535E-033  -9.1774573262544440E-038  -3.9725857150219659E-042
   1.6925322839928271E+045   3.2047943197792617E+057   3.2297360197461194E+057   8.5542707086464971E+050   4.8383865194256840E+040   4.6058135802527111E+028   18490737400431448.        32384.030200544039        9.3653741619802195E-007   1.8126325130681786E-017  -1.4635956580906394E-022  -3.2412466143113501E-028  -3.5273172081200977E-033  -1.0180717529102661E-037  -4.4487671923730067E-042
   1.6772653691866747E+045   3.2152648022538426E+057   3.2677437836934625E+057   8.7197940296774396E+050   4.9676199649887518E+040   4.7632962205094799E+028   19267512975383320.        34012.250914457829        9.9182739665175081E-007   1.9363544478845990E-017  -1.5775657139240787E-022  -3.5258380407502770E-028  -3.8729355269909064E-033  -1.1283828064967549E-037  -4.9775873084820485E-042
   1.6603753549660963E+045   3.2231732396457016E+057   3.3037056040692542E+057   8.8818985349910896E+050   5.0964855476613662E+040   4.9224275773312609E+028   20061428305509484.        35694.176042022540        1.0495327089269242E-006   2.0668038299138377E-017  -1.6989592119185303E-022  -3.8320525784916111E-028  -4.2485875315184974E-033  -1.2494904733649007E-037  -5.5639912823700277E-042
   1.6417889685536942E+045   3.2283373296382096E+057   3.3373947673247933E+057   9.0398875536367906E+050   5.2245542818174690E+040   5.0827960969576932E+028   20871004395885204.        37428.004128264751        1.1096441018835823E-006   2.2040983093153816E-017  -1.8280354265438990E-022  -4.1609779392645903E-028  -4.6562094391646102E-033  -1.3822353904060104E-037  -6.2132036767591567E-042
   1.6214301165743415E+045   3.2305651968445336E+057   3.3685694270401127E+057   9.1930058799160147E+050   5.3513513125082398E+040   5.2439323322550699E+028   21694466654564376.        39211.304712258483        1.1721314508336663E-006   2.3483127390916122E-017  -1.9650214404229991E-022  -4.5136512092967321E-028  -5.0977294814783936E-033  -1.5274792201596118E-037  -6.9306984393105249E-042
   1.5992197868777726E+045   3.2296549513524727E+057   3.3969717537190721E+057   9.3404358294616957E+050   5.4763522230041940E+040   5.4053033724149546E+028   22529710743001884.        41040.930146674968        1.2369401329556536E-006   2.4994696000162407E-017  -2.1101020639941981E-022  -4.8910312297186422E-028  -5.5750329531644981E-033  -1.6860938119652923E-037  -7.7221535728567929E-042
   1.5750759490131763E+045   3.2253942330986224E+057   3.4223270473079173E+057   9.4812930787474987E+050   5.5989790963112332E+040   5.5663068299025688E+028   23374265222696160.        42912.917717118813        1.3039869367558515E-006   2.6575279872887879E-017  -2.2634079791539380E-022  -5.2939652144197006E-028  -6.0899184609643980E-033  -1.8589469491801589E-037  -8.5933866077377073E-042
   1.5489134541614571E+045   3.2175597437652890E+057   3.4443428137898628E+057   9.6146222871599097E+050   5.7185963231940968E+040   5.7262643621514542E+028   24225250777771284.        44822.381229107043        1.3731554576531343E-006   2.8223709855293651E-017  -2.4250018593755214E-022  -5.7231486848685102E-028  -6.6440437684180387E-033  -2.0468839731780559E-037  -9.5502663164227603E-042
   1.5206439356901053E+045   3.2059167688639763E+057   3.4627078085445853E+057   9.7393925053934882E+050   5.8345061524426337E+040   5.8844147087618738E+028   25079335802689844.        46763.391221147816        1.4442909294984947E-006   2.9937912457379564E-017  -2.5948621944220940E-022  -6.1790776908575707E-028  -7.2388594065479793E-033  -2.2507044601506921E-037  -1.0598595275898043E-041
   1.4901757119952314E+045   3.1902186940240248E+057   3.4770910510490415E+057   9.8544923806138427E+050   5.9459439839510808E+040   6.0399062303916340E+028   25932688165740932.        48728.842980812020        1.5171944405654474E-006   3.1714745668564662E-017  -2.7728645244337233E-022  -6.6619921733776124E-028  -7.8755279803848559E-033  -2.4711330011292540E-037  -1.1743956946250759E-041
   1.4574136939894206E+045   3.1702065213905769E+057   3.4871408181448139E+057   9.9587251783675682E+050   6.0520734122935259E+040   6.1917889440234365E+028   26780922997668764.        50710.311600682231        1.5916164828478474E-006   3.3549812772334624E-017  -2.9587597677286229E-022  -7.1718092163211376E-028  -8.5548268542335576E-033  -2.7087830013167366E-037  -1.2991519901554141E-041
   1.4222593005576248E+045   3.1456083946537498E+057   3.4924836267961794E+057   1.0050803654694790E+051   6.1519810387584290E+040   6.3390060620871017E+028   27619046418132908.        52697.893431816301        1.6672497862087026E-006   3.5437252099783189E-017  -3.1521493118851681E-022  -7.7080448359501109E-028  -9.2770316567494417E-033  -2.9641122759565010E-037  -1.4345790740651687E-041
   1.3846103866401056E+045   3.1161391448579493E+057   3.4927232224088573E+057   1.0129344830815647E+051   6.2446710844723223E+040   6.4803850617087848E+028   28441395210774876.        54680.033500644342        1.7437213952073400E-006   3.7369500743050934E-017  -3.3524565326156066E-022  -8.2697228838826812E-028  -1.0041777829439513E-032  -3.2373690837467001E-037  -1.5810306058415129E-041
   1.3443611904550588E+045   3.0814998741573398E+057   3.4874395959154892E+057   1.0192864749169263E+051   6.3290598579722905E+040   6.6146283374909160E+028   29241572604520604.        56643.338788187146        1.8205839579315788E-006   3.9337030473319779E-017  -3.5588944154542011E-022  -8.8552696097686174E-028  -1.0847897278526472E-032  -3.5285271168182102E-037  -1.7387252737988699E-041
   1.3014023089427177E+045   3.0413776016137761E+057   3.4761880627049707E+057   1.0239773326290880E+051   6.4039701596713247E+040   6.7403035299035149E+028   30012380533658192.        58572.377779541654        1.8973062151603275E-006   4.1328054542148949E-017  -3.7704289897201767E-022  -9.4623924715284429E-028  -1.1693227124178153E-032  -3.8372078764551423E-037  -1.9077004837982030E-041
   1.2556207140718006E+045   2.9954450046941016E+057   3.4584984500964114E+057   1.0268369468854767E+051   6.4681257462328900E+040   6.8558336759789845E+028   30745749058662256.        60449.467447584051        1.9732627078490033E-006   4.3328204784659218E-017  -3.9857383544197139E-022  -1.0087941933879861E-027  -1.2574387637474419E-032  -4.1625888330853099E-037  -2.0877564661834647E-041
   1.2068998275769394E+045   2.9433603032964153E+057   3.4338744588230200E+057   1.0276836689411990E+051   6.5201460341994761E+040   6.9594874055378120E+028   31432664069901280.        62254.449935128134        2.0477227656426060E-006   4.5320179620792653E-017  -4.2031671983696266E-022  -1.0727755316633480E-027  -1.3486526807639330E-032  -4.5032958375575311E-037  -2.2783895461862547E-041
   1.1551196785133921E+045   2.8847673512598921E+057   3.4017932897845063E+057   1.0263239555008002E+051   6.5585413001015584E+040   7.0493695127766389E+028   32063095016621576.        63964.462777504246        2.1198389048979808E-006   4.7283365349887328E-017  -4.4206769151056761E-022  -1.1376482323046680E-027  -1.4423029723776610E-032  -4.8572784764809127E-037  -2.4787134022223710E-041
   1.1001571774379351E+045   2.8192960252123794E+057   3.3617056627052590E+057   1.0225521434566582E+051   6.5817087415446852E+040   7.1234123807456825E+028   32625925270911900.        65553.708743964584        2.1886348597695841E-006   4.9193435806323027E-017  -4.6357917193160670E-022  -1.2027392807557922E-027  -1.5375192276017278E-032  -5.2216675308695485E-037  -2.6873673629511546E-041
   1.0418865540278101E+045   2.7465630347476969E+057   3.3130364017400347E+057   1.0161504192558223E+051   6.5879299109587385E+040   7.1793689398533419E+028   33108888940972404.        66993.234516634649        2.2529936054651167E-006   5.1021939334602658E-017  -4.8455416299652481E-022  -1.2672168787121678E-027  -1.6331860846037916E-032  -5.5926145228176214E-037  -2.9024112462074095E-041
   9.8018002285304517E+044   2.6661733246013168E+057   3.2551858290872697E+057   1.0068890724177795E+051   6.5753702347992565E+040   7.2148081208108341E+028   33498519610484348.        68250.731798499983        2.3116459238648675E-006   5.2735887617426989E-017  -5.0464038563808085E-022  -1.3300684874861536E-027  -1.7279043034105976E-032  -5.9651146850409238E-037  -3.1212070321618101E-041
   9.1490876658558930E+044   2.5777223030730678E+057   3.1875322973350964E+057   9.9452715635333472E+050   6.5420816043894131E+040   7.2271141433190668E+028   33780118760042844.        69290.380481792381        2.3631603283335465E-006   5.4297368773673452E-017  -5.2342450886856654E-022  -1.3900784508593738E-027  -1.8199499561901836E-032  -6.3328167913981252E-037  -3.3402889444041489E-041
   8.4594435947411342E+044   2.4807992170788582E+057   3.1094363123392090E+057   9.7881372500678942E+050   6.4860093938677205E+040   7.2134914976827872E+028   33937754727506348.        70072.761778771499        2.4059355328317400E-006   5.5663218153011651E-017  -5.4042685605339108E-022  -1.4458063945797411E-027  -1.9072334972496412E-032  -6.6878264526502087E-037  -3.5552254983219587E-041
   7.7316079937430330E+044   2.3749921099705833E+057   3.0202468605548696E+057   9.5948987453546076E+050   6.4050057550853440E+040   7.1709781689004806E+028   33954307242804388.        70554.880426602380        2.4381971533830443E-006   5.6784795433931375E-017  -5.5509716583657093E-022  -1.4955682501421743E-027  -1.9872615504962430E-032  -7.0205141200876023E-037  -3.7604800495281121E-041
   6.9643737754126390E+044   2.2598949519865465E+057   2.9193107691733171E+057   9.3629189941263831E+050   6.2968516928333842E+040   7.0964705702165835E+028   33811578131489424.        70690.350070758082        2.4580010073361128E-006   5.7607937252741117E-017  -5.6681224674754015E-022  -1.5374226538743703E-027  -2.0571057664057128E-032  -7.3193456714701408E-037  -3.9492807010775900E-041
   6.1566269561971277E+044   2.1351177336540280E+057   2.8059862057701930E+057   9.0895597626662672E+050   6.1592912716067236E+040   6.9867648463055806E+028   33490496040056064.        70429.815616206775        2.4632462713146501E-006   5.8073182073270766E-017  -5.7487671648449004E-022  -1.5691667008570640E-027  -2.1133851846545901E-032  -7.5707627028971454E-037  -4.1135165502499447E-041
   5.3074024210776512E+044   2.0003005665012886E+057   2.6796617750880305E+057   8.7722491958096595E+050   5.9900823733678781E+040   6.8386207142147588E+028   32971452252519980.        69721.711481264647        2.4517029109762973E-006   5.8116399668306302E-017  -5.7852847791033504E-022  -1.5883466591890870E-027  -2.1522713281559013E-032  -7.7591521809592945E-037  -4.2436856581805814E-041
   4.4159606667138992E+044   1.8551331425269945E+057   2.5397830920529212E+057   8.4085771023648922E+050   5.7870697089025117E+040   6.6488558291577147E+028   32234815853913976.        68513.485443715646        2.4210592174811805E-006   5.7670002020334355E-017  -5.7695116436324219E-022  -1.5922913204972117E-027  -2.1695288477413058E-032  -7.8669614476452175E-037  -4.3289312196759187E-041
   3.4818923360076733E+044   1.6993812448464136E+057   2.3858891738704898E+057   7.9964267015732585E+050   5.5482871995426165E+040   6.4144806815351730E+028   31261689037967440.        66753.452656566398        2.3689969193420375E-006   5.6664964209022050E-017  -5.6929647259068414E-022  -1.5781781423582105E-027  -2.1606089012221215E-032  -7.8750346913892123E-037  -4.3572162639199808E-041
   2.5052587316034320E+044   1.5329223172176726E+057   2.2176614155176808E+057   7.5341531260037684E+050   5.2720981405925097E+040   6.1328859111492153E+028   30034975283101932.        64393.478392894853        2.2933029697655973E-006   5.5033936831124750E-017  -5.5472002038884877E-022  -1.5431449970531242E-027  -2.1208172306630949E-032  -7.7632694802320515E-037  -4.3157029922482365E-041
   1.4867772773872194E+044   1.3557922510959109E+057   2.0349880984966214E+057   7.0208196623155213E+050   4.9573821592136563E+040   5.8020948791658143E+028   28540839813876944.        61392.709100240943        2.1920282125643702E-006   5.2715770229156587E-017  -5.3243492822825271E-022  -1.4844625446779660E-027  -2.0455830654530220E-032  -7.5117123970766653E-037  -4.1914177541024848E-041
   4.2805997424026940E+043   1.1682452558107379E+057   1.8380469457409941E+057   6.4565010945271310E+050   4.6037767449949932E+040   5.4210927951490078E+028   26770633897417976.        57722.554798966463        2.0637026160552608E-006   4.9661762801917720E-017  -5.0178732435616663E-022  -1.3997826145018634E-027  -1.9308562267690830E-032  -7.1022211806308332E-037  -3.9722901097956861E-041
  -6.6809176525101941E+043   9.7082743756319414E+056   1.6274064867777242E+057   5.8426570598883832E+050   4.2119760281234796E+040   4.9902368477497601E+028   24723315349829580.        53373.027227121580        1.9076126471838201E-006   4.5843830995596484E-017  -4.6235665449275732E-022  -1.2874738945192259E-027  -1.7736537403551575E-032  -6.5207975743374109E-037  -3.6486415017898110E-041
  -1.7973441766308743E+044   7.6446173539029941E+056   1.4041428622260150E+057   5.1825630971563486E+050   3.7840773484836326E+040   4.5117352550037074E+028   22408300886912396.        48360.287104786694        1.7241354727881314E-006   4.1264480865987804E-017  -4.1407981171643361E-022  -1.1470434099172364E-027  -1.5727565825128440E-032  -5.7606076689543547E-037  -3.2151438578811280E-041
  -2.9534712521565742E+044   5.5053614747494288E+056   1.1699608350409187E+057   4.4817581728738861E+050   3.3239430747458403E+040   3.9901514686043595E+028   19848498606618508.        42734.761086630351        1.5151029513403875E-006   3.5967814856289962E-017  -3.5739006849750496E-022  -9.7961498881647935E-028  -1.3295120119349659E-032  -4.8255101485067681E-037  -2.6731406111806482E-041
  -4.1280463494241373E+044   3.3097803290547097E+056   9.2729529443680040E+056   3.7484217120452850E+050   2.8375085171078827E+040   3.4328392785154494E+028   17082968182701154.        36588.390655059782        1.2841328021692523E-006   3.0049736049320196E-017  -2.9334829584990216E-022  -7.8838942698184988E-028  -1.0486188307089387E-032  -3.7335680831600864E-037  -2.0329946310366015E-041
  -5.3103020471655004E+044   1.0828567480248438E+056   6.7935387287588854E+056   2.9935359276115885E+050   2.3329209261399509E+040   2.8501510402588597E+028   14168275172929826.        30058.553640322323        1.0368183128041819E-006   2.3664109392605417E-017  -2.2372605994925206E-022  -5.7894863689481810E-028  -7.3866667486305665E-033  -2.5195449765347625E-037  -1.3158095156471348E-041
  -6.4873145053727438E+044  -1.1452076405470945E+056   4.3004935515965571E+056   2.2306459869264010E+050   1.8203598229983246E+040   2.2552125786662426E+028   11177308863487882.        23325.386467111406        7.8063048002834862E-007   1.7020469691342100E-017  -1.5098490059194843E-022  -3.5921147867706206E-028  -4.1210544409441350E-033  -1.2349521626506408E-037  -5.5357455977059823E-042
  -7.6446557448235641E+044  -3.3406263542524067E+056   1.8377681394945073E+056   1.4750542409345453E+050   1.3114076061741494E+040   1.6630828740289620E+028   8194467973355291.0        16599.555305841444        5.2439878963650446E-007   1.0369172819461821E-017  -7.8099117301691122E-023  -1.3885644673824799E-028  -8.4328672855517264E-034   5.5772410251306520E-039   2.1322126331052961E-042
  -8.7675399808090378E+044  -5.4688471974036110E+056  -5.4968767977449066E+055   7.4243481026829677E+049   8.1795901114731486E+039   1.0892801875979330E+028   5307080776097365.0        10100.040444819884        2.7734704759441740E-007   3.9731438517233001E-018  -8.2096284145148030E-024   7.1837727039863524E-029   2.2822142221992733E-033   1.2834039747364297E-037   9.4083098874892133E-042
  -9.8422666947189953E+044  -7.4980533747385401E+056  -2.8206460299352281E+056   4.7125211587612317E+048   3.5087363682274007E+039   5.4795270082356575E+027   2594686574299486.5        4026.1591579591391        4.7867884063574189E-008  -1.9283973937416661E-018   5.5825230643472680E-023   2.6351320006240671E-028   5.1056748518826779E-033   2.3848454510923670E-037   1.5893533591673983E-041
  -1.0857549659137988E+045  -9.4023396955135901E+056  -4.9418491258765276E+056  -5.9940466043921057E+049  -8.1230187839953184E+038   5.0239509227353915E+026   119407707687719.14       -1467.6615837402508       -1.5758757499465767E-007  -7.1529795241798736E-018   1.1184123105862610E-022   4.2913453263804146E-028   7.5152569713467078E-033   3.3132917662476092E-037   2.1293802478476384E-041
  -1.1805306986806458E+045  -1.1163548875548394E+057  -6.8904220675677539E+056  -1.1894119396272538E+050  -4.7264734019034490E+039  -3.9663842092487328E+027  -2079379527174493.2       -6285.8456060921162       -3.3512486764598684E-007  -1.1593223990519568E-017   1.5859726000603986E-022   5.6477036315536723E-028   9.4500679393059284E-033   4.0439142876524359E-037   2.5457151401742777E-041
  -1.2680735323758591E+045  -1.2771372464435065E+057  -8.6539399588452546E+056  -1.7188874497982871E+050  -8.2058093785206783E+039  -7.8936111769702010E+027  -3984898574638167.0       -10391.195463351025       -4.8338253337635713E-007  -1.5216074783813099E-017   1.9576499966173688E-022   6.6955560060233581E-028   1.0899478930672092E-032   4.5735343014224081E-037   2.8371367761760757E-041
  -1.3481820102222676E+045  -1.4222112882460491E+057  -1.0228707521970109E+057  -2.1869173840126131E+050  -1.1246275151602621E+040  -1.1277960489993947E+028  -5598708764970435.0       -13793.551008596949       -6.0302619157427629E-007  -1.8047556218401179E-017   2.2373687024858083E-022   7.4502970700070621E-028   1.1891998026680773E-032   4.9157052121698430E-037   3.0131406525651677E-041
  -1.4208601826037752E+045  -1.5516889627851019E+057  -1.1617317017487488E+057  -2.5947897335662932E+050  -1.3860633474978703E+040  -1.4140158071334362E+028  -6934864281548506.0       -16534.306221230923       -6.9605953187094611E-007  -2.0152052937462718E-017   2.4336540696094653E-022   7.9424061636462627E-028   1.2480243776188938E-032   5.0940947708293821E-037   3.0895731803457251E-041
  -1.4862472111435495E+045  -1.6659943138081502E+057  -1.2826361273582690E+057  -2.9451634253627954E+050  -1.6071845700445293E+040  -1.6513939804810955E+028  -8014558657055853.0       -18672.260286755722       -7.6519658238691341E-007  -2.1613488258740136E-017   2.5572725394017360E-022   8.2093616419407279E-028   1.2727442131813530E-032   5.1365666381798889E-037   3.0847484191898891E-041
  -1.5445632080609750E+045  -1.7657342848554987E+057  -1.3864704846397825E+057  -3.2414443796277519E+050  -1.7908147106387555E+040  -1.8439344746026112E+028  -8862175779368891.0       -20273.246953968148       -8.1340440451232820E-007  -2.2521699373143988E-017   2.6195347942339709E-022   8.2898704417518023E-028   1.2697868717827396E-032   5.0710289822700342E-037   3.0167510624768584E-041
  -1.5960729507254876E+045  -1.8516128377702973E+057  -1.4742343396740172E+057  -3.4873772255979903E+050  -1.9399853686751655E+040  -1.9958409889659165E+028  -9502782462753536.0       -21403.626277454499       -8.4361966437897570E-007  -2.2964104905677626E-017   2.6312728391491091E-022   8.2204433994429213E-028   1.2451272410185671E-032   4.9230570886308023E-037   2.9019229654418900E-041
  -1.6410636928732139E+045  -1.9243787406148209E+057  -1.5469716273675421E+057  -3.6868021813535849E+050  -2.0577489409927890E+040  -2.1112690855711667E+028  -9960714522968754.0       -22126.700638517046       -8.5859661409589580E-007  -2.3021364244147229E-017   2.6023241005945114E-022   8.0337293800386238E-028   1.2040270938464634E-032   4.7148330184581236E-037   2.7542226256033499E-041
  -1.6798323609705534E+045  -1.9847955363243592E+057  -1.6057315666332620E+057  -3.8435194851626160E+050  -2.1470769949350167E+040  -2.1941962766794914E+028  -10258867284639748.       -22501.008072288496       -8.6083911238993456E-007  -2.2765578322828907E-017   2.5413365935636762E-022   7.7579558658059947E-028   1.1509601376422072E-032   4.4648995871841423E-037   2.5851186047420082E-041
  -1.7126783887119021E+045  -2.0336247282311122E+057  -1.6515471480244934E+057  -3.9612172375385897E+050  -2.2108088812546244E+040  -2.2483609545277642E+028  -10418394383653180.       -22579.695751856900       -8.5258059054581246E-007  -2.2259926026016509E-017   2.4557533542223217E-022   7.4169789258391660E-028   1.0896376003477987E-032   4.1883476349289884E-037   2.4037611273236840E-041
  -1.7398997250792912E+045  -2.0716163667249483E+057  -1.6854234162130156E+057  -4.0434343803064947E+050  -2.2516279669546223E+040  -2.2772387828239147E+028  -10458625937358498.       -22410.464921319519       -8.3578892131690525E-007  -2.1559030240321872E-017   2.3518856796313968E-022   7.0306260757599454E-028   1.0230804413983729E-032   3.8971959198309974E-037   2.2172712999469363E-041
  -1.7617905601854208E+045  -2.0995036418239000E+057  -1.7083310375107698E+057  -4.0935424845688273E+050  -2.2720524552437891E+040  -2.2840384925838284E+028  -10397097446982360.       -22035.794968131999       -8.1218296497461598E-007  -2.0709649133335691E-017   2.2350235225935113E-022   6.6151521958677960E-028   9.5370776246840271E-033   3.6008290112914972E-037   2.0310591156280252E-041
  -1.7786399650573973E+045  -2.1179996263340892E+057  -1.7212027026669609E+057  -4.1147375105477987E+050  -2.2744337567626776E+040  -2.2717073545778867E+028  -10249631046731422.       -21493.290024664831       -7.8325373761872642E-007  -1.9751478263228302E-017   2.1095558909448531E-022   6.1837150385943698E-028   8.8342583072415841E-033   3.3064254337447718E-037   1.8491264887990197E-041
  -1.7907310204342619E+045  -2.1277951972085957E+057  -1.7249310870050036E+057  -4.1100369446419573E+050  -2.2609587658415365E+040  -2.2429413082424010E+028  -10030439146629210.       -20816.068419872856       -7.5028665295151045E-007  -1.8717957290858959E-017   1.9790880612502291E-022   5.7468260492534193E-028   8.1371056254739823E-033   3.0193461881979989E-037   1.6743369600128495E-041
  -1.7983402159774236E+045  -2.1295576372811604E+057  -1.7203677150855537E+057  -4.0822799728117361E+050  -2.2336541932227186E+040  -2.2001972235930142E+028  -9752235611751890.0       -20033.156209108532       -7.1438315551951610E-007  -1.7637032687062950E-017   1.8465498463694120E-022   5.3127583249141407E-028   7.4568076724271042E-033   2.7434736087003552E-037   1.5086468626351520E-041
  -1.8017370089497024E+045  -2.1239296640117872E+057  -1.7083223967411121E+057  -4.0341294973763638E+050  -2.1943920208955319E+040  -2.1457060422632123E+028  -9426347300933312.0       -19169.866829993163       -6.7648101288736532E-007  -1.6531857059583621E-017   1.7142929059233581E-022   4.8879065969853930E-028   6.8016165024115804E-033   2.4815001477805223E-037   1.3532989994144023E-041
  -1.8011834860028289E+045  -2.1115287542831707E+057  -1.6895630602793529E+057  -3.9680753731473372E+050  -2.1448955970728729E+040  -2.0814861716832316E+028  -9062822583033700.0       -18248.159194490843       -6.3737299979523796E-007  -1.5421419930066430E-017   1.5841768854985312E-022   4.4771002561586143E-028   6.1773907995543253E-033   2.2351709250358989E-037   1.2089824983158376E-041
  -1.7969340988628012E+045  -2.0929466944784489E+057  -1.6648158863827220E+057  -3.8864385163404484E+050  -2.0867461098048363E+040  -2.0093568119027040E+028  -8670535287510316.0       -17286.971456820498       -5.9772392771829790E-007  -1.4321111362295953E-017   1.4576449738246817E-022   4.0838730508941714E-028   5.5880552194355498E-033   2.0054853999631660E-037   1.0759633300171591E-041
  -1.7892354580490186E+045  -2.0687493144216653E+057  -1.6347656840531059E+057  -3.7913756747741334E+050  -2.0213892849827907E+040  -1.9309510425565011E+028  -8257283426802571.0       -16302.530007807582       -5.5808607291376907E-007  -1.3243222652635890E-017   1.3357897821776118E-022   3.7106939822077985E-028   5.0359865071979795E-033   1.7928637641263238E-037   9.5418993879673551E-042
  -1.7783261752956799E+045  -2.0394763781244866E+057  -1.6000564685581882E+057  -3.6848847146932462E+050  -1.9501422076018496E+040  -1.8477285700717489E+028  -7829882449244200.0       -15308.634298521449       -5.1891309768804136E-007  -1.2197389301793566E-017   1.2194105333336123E-022   3.3591640041942077E-028   4.5223362248666149E-033   1.5972833109981958E-037   8.4337805262837600E-042
  -1.7644367485583436E+045  -2.0056416114652168E+057  -1.5612922108314016E+057  -3.5688103141852320E+050  -1.8742001927351126E+040  -1.7609880722128179E+028  -7394252985081658.0       -14316.918553449474       -4.8057257399350309E-007  -1.1190981659260636E-017   1.1090625253214584E-022   3.0301828747922303E-028   4.0472990978701585E-033   1.4183894887746758E-037   7.4307823460287765E-042
  -1.7477894851027630E+045  -1.9677328507046973E+057  -1.5190377329945303E+057  -3.4448499727228808E+050  -1.7946436483123722E+040  -1.6718790973659674E+028  -6955503150151134.0       -13337.091613860028       -4.4335722036611601E-007  -1.0229448434326557E-017   1.0050997692578129E-022   2.7240901032040021E-028   3.6103349914860380E-033   1.2555857393829729E-037   6.5272922609378084E-042
  -1.7285984590207292E+045  -1.9262122979180424E+057  -1.4738197278889569E+057  -3.3145602588969055E+050  -1.7124448818290049E+040  -1.5814134884093600E+028  -6518005525978294.0       -12377.156205150992       -4.0749495963796107E-007  -9.3166179212429567E-018   9.0771161962835140E-023   2.4407835111396946E-028   3.2103515241673885E-033   1.1081056500868103E-037   5.7169965899309732E-042
  -1.7070694999991038E+045  -1.8815168708391128E+057  -1.4261278827771683E+057  -3.1793632275916095E+050  -1.6284748104519969E+040  -1.4904763096643669E+028  -6085468966545588.0       -11443.608917422211       -3.7315789905967865E-007  -8.4549613932090454E-018   8.1695413269721028E-023   2.1798185100099617E-028   2.8458533894823385E-033   9.7507042183581477E-038   4.9932029617580389E-042
  -1.6834002104744330E+045  -1.8340586356714603E+057  -1.3764160891962157E+057  -3.0405529453883642E+050  -1.5435095399597479E+040  -1.3998362621276931E+028  -5661005402150810.0       -10541.622158107091       -3.4047032793071678E-007  -7.6458227261944819E-018   7.3277680999368463E-023   1.9404908136009198E-028   2.5150636176930978E-033   8.5553419898185554E-038   4.3490859846018749E-042
  -1.6577800085269266E+045  -1.7842253122975643E+057  -1.3251037225291377E+057  -2.8993020696057513E+050  -1.4582367831393354E+040  -1.3101555777697790E+028  -5247191824821698.0       -9675.2092936339086       -3.0951582121886248E-007  -6.8896179385884955E-018   6.5504531121686552E-023   1.7219049612808251E-028   2.2160212661926277E-033   7.4851940690150588E-038   3.7778710907396574E-042
  -1.6303901940466913E+045  -1.7323808421008209E+057  -1.2725769763066055E+057  -2.7566684324312776E+050  -1.3732620929281810E+040  -1.2219993885222711E+028  -4846127649977190.0       -8847.3741501628647       -2.8034353123296247E-007  -6.1860079834383799E-018   5.8356065498230298E-023   1.5230307203664381E-028   1.9466593800974578E-033   6.5304390228101258E-038   3.2729688718109320E-042
  -1.6014040358619382E+045  -1.6788660093393745E+057  -1.2191902376017162E+057  -2.6136015872088264E+050  -1.2891148898392986E+040  -1.1358445698319156E+028  -4459487656495200.0       -8060.2459942813439       -2.5297374330100739E-007  -5.5340478083209530E-018   5.1807536646785302E-023   1.3427491655088880E-028   1.7048665016946192E-033   5.6814144897905387E-038   2.8280700409770707E-042
  -1.5709868776626465E+045  -1.6239991076941583E+057  -1.1652674911538826E+057  -2.4709492791778614E+050  -1.2062542671006179E+040  -1.0520880624085442E+028  -4088570712570076.0       -7315.2010643909862       -2.2740276563183225E-007  -4.9323144030365758E-018   4.5830697777116554E-023   1.1798899945970199E-028   1.4885345206915068E-033   4.9287678409044017E-038   2.4372093347179440E-042
  -1.5392962606882608E+045  -1.5680766442625619E+057  -1.1111037410604617E+057  -2.3294638078402038E+050  -1.1250745604937428E+040  -9.7105467908372324E+027  -3734344498003600.0       -6612.9716729789543       -2.0360721810330996E-007  -4.3790162857735822E-018   4.0394923914916258E-023   1.0332614313352166E-028   1.2955952371336278E-033   4.2635632815880790E-038   2.0948051456924474E-042
  -1.5064820612763373E+045  -1.5113740738870572E+057  -1.0569664400101050E+057  -2.1898082526702152E+050  -1.0459106731109804E+040  -8.9300440655363574E+027  -3397486435065695.5       -5953.7438493621794       -1.8154777961196730E-007  -3.8720866323312435E-018   3.5468135674387775E-023   9.0167388110519200E-029   1.1240476469989931E-033   3.6773541512713581E-038   1.7956804122414825E-042
  -1.4726866414916558E+045  -1.4541465572961868E+057  -1.0030969171011137E+057  -2.0525625380927159E+050  -9.6904314817401912E+039  -8.1813921423042200E+027  -3078421039949081.0       -5337.2444420626289       -1.6117244882379200E-007  -3.4092620285770376E-018   3.1017553441090056E-023   7.8395834600985028E-029   9.7197764930096569E-034   3.1622276692448532E-038   1.5350692394979468E-042
  -1.4380450111725410E+045  -1.3966297370941147E+057  -9.4971179629231236E+056  -1.9182293175378255E+050  -8.9470298568566654E+039  -7.4660938449553971E+027  -2777353905281272.0       -4762.8185499198107       -1.4241936866870851E-007  -2.9881486218139679E-018   2.7010306339855513E-023   6.7898046446201227E-029   8.3757160637009304E-034   2.7108281053360054E-038   1.3086128573452778E-042
  -1.4026849998432972E+045  -1.3390405261649038E+057  -8.9700439847406284E+056  -1.7872396599520610E+050  -8.2307620103094194E+039  -6.7851938036240215E+027  -2494302521301770.0       -4229.4981015725580       -1.2521926070772485E-007  -2.6062772605429789E-018   2.3413917346253182E-023   5.8565091795035607E-029   7.1912495999722746E-034   2.3163632848789788E-038   1.1123478024652126E-042
  -1.3667274370488384E+045  -1.2815779035591634E+057  -8.4514612102423617E+056  -1.6599585254106575E+050  -7.5430812571985588E+039  -6.1393326793996971E+027  -2229124139315260.2       -3736.0623542407338       -1.0949751155909056E-007  -2.2611490427542202E-018   2.0196683216722128E-023   5.0293284058404113E-029   6.1504691020027955E-034   1.9725984401574450E-038   9.4268862073715863E-043
  -1.3302863397699404E+045  -1.2244237134041466E+057  -7.9428778952973118E+056  -1.5366900194487507E+050  -6.8850745228660017E+039  -5.5287971217087218E+027  -1981540876044178.0       -3281.0910349974552       -9.5175949885887028E-008  -1.9502725390222915E-018   1.7327965528379899E-023   4.2984677382026036E-029   5.2386199607305891E-034   1.6738406691609689E-038   7.9640690142331567E-043
  -1.2934691056751200E+045  -1.1677434628243036E+057  -7.4456097711017663E+056  -1.4176824184213601E+050  -6.2575002694437308E+039  -4.9535656512379430E+027  -1751162251672858.8       -2863.0108011216753       -8.2174349010931781E-008  -1.6711938170779469E-018   1.4778407004184412E-023   3.6547362776250145E-029   4.4420927560748944E-034   1.4149166351024757E-038   6.7060805828382448E-043
  -1.2563767110580796E+045  -1.1116871152783225E+057  -6.9607928747874680E+056  -1.3031329606274976E+050  -5.6608239495776210E+039  -4.4133506667671796E+027  -1537505347841133.0       -2480.1356508223753       -7.0411687024859264E-008  -1.4215202680429913E-018   1.2520085425146783E-023   3.0895604011752460E-029   3.7483968017193133E-034   1.1911456178322100E-038   5.6270695017408254E-043
  -1.2191039123980119E+045  -1.0563898761114952E+057  -6.4893959851766666E+056  -1.1931924001062165E+050  -5.0952510485170283E+039  -3.9076367776092669E+027  -1340012764740482.0       -2130.7018717741084       -5.9807193279210514E-008  -1.1989391200934416E-018   1.0526615773872445E-023   2.5949846301909643E-029   3.1461201653804970E-034   9.9830959490914502E-039   4.7040317229209559E-043
  -1.1817394505640049E+045  -1.0019729674896128E+057  -6.0322326373526421E+056  -1.0879693219464421E+050  -4.5607577854358653E+039  -3.4357156647025416E+027  -1158068548914537.8       -1812.8980726241550       -5.0281207398005094E-008  -1.0012314219830084E-018   8.7732097904535925E-024   2.1636625531749256E-029   2.6248800241861922E-034   8.3262167185079193E-039   3.9165663856954151E-043
  -1.1443662567643572E+045  -9.4854439022331621E+056  -5.5899726950971437E+056  -9.8753421966257613E+049  -4.0571195527890227E+039  -2.9967176729961182E+027  -991012255482109.88       -1524.8908020278261       -4.1755874388397680E-008  -8.2628218570863865E-019   7.2367008323964247E-024   1.7888401257811409E-029   2.1752664818472624E-034   6.9069388618633569E-039   3.2466390692500561E-043
  -1.1070616594170094E+045  -8.9619967031080052E+056  -5.1631534651436269E+056  -8.9192333668875990E+049  -3.5839371788623662E+039  -2.5896403358374282E+027  -838151300389208.00       -1264.8462209231075       -3.4155697073548100E-008  -6.7208729378973263E-019   5.8955407965250592E-024   1.4643332802915511E-029   1.7887823584056770E-034   5.6950516832580062E-039   2.6783556483759031E-043
  -1.0698975911885688E+045  -8.4502258832285888E+056  -4.7521903416321315E+056  -8.0114227535081400E+049  -3.1406611035932972E+039  -2.2133740288245222E+027  -698771750050731.25       -1030.9482567304715       -2.7407964898750279E-008  -5.3675770137857614E-019   4.7297748660919286E-024   1.1845014424955811E-029   1.4577809476983809E-034   4.6637004535638993E-039   2.1977488677616737E-043
  -1.0329407955167356E+045  -7.9508589002841804E+056  -4.3573869731533432E+056  -7.1516937780046582E+049  -2.7266135613643593E+039  -1.8667249462182612E+027  -572147687446534.25       -821.41363300008118       -2.1443076165247929E-008  -4.1852139599147481E-019   3.7209989756588457E-024   9.4421826789015511E-030   1.1754033077462121E-034   3.7890851439042226E-039   1.7925789227530429E-043
  -9.9625303199442961E+044  -7.4645197691188021E+056  -3.9789449483608960E+056  -6.3395888435546667E+049  -2.3410088669395002E+039  -1.5484355877027297E+027  -457549285464449.94       -634.50413474986897       -1.6194768915199597E-008  -3.1572351736857070E-019   2.8523041261510218E-024   7.3884066538008354E-030   9.3551629245410417E-035   3.0501738381825786E-039   1.4521486958454678E-043
  -9.5989128005369393E+044  -6.9917357546672201E+056  -3.6169729993373418E+056  -5.5744387549501912E+049  -1.9829719021494421E+039  -1.2572029372020108E+027  -354249710099158.00       -468.53643835001520       -1.1600274016261012E-008  -2.2682498620339563E-019   2.1082110205967862E-024   5.6417696967279888E-030   7.3265223838995291E-035   2.4284327850593892E-039   1.1671338125918903E-043
  -9.2390794044368324E+044  -6.5329438436385370E+056  -3.2714957247449490E+056  -4.8553900442561450E+049  -1.6515549014592842E+039  -9.9169450875952471E+026  -261530968076060.72       -321.88980530267577       -7.6004024657183543E-009  -1.5039994264369354E-019   1.4745979164114316E-024   4.1645494847179351E-030   5.6195097857514431E-035   1.9075742416913401E-039   9.2942731843858662E-044
  -8.8835103404981317E+044  -6.0884969878918150E+056  -2.9424618373017345E+056  -4.1814302767032440E+049  -1.3457526342804581E+039  -7.5056242729952569E+026  -178688805620693.62       -193.01191161712384       -4.1395775427231974E-009  -8.5132253008052500E-020   9.3862409271706639E-025   2.9229018310315341E-030   4.1910465804547561E-035   1.4733226309115600E-039   7.3199851473914312E-044
  -8.5326439765064317E+044  -5.6586701142358446E+056  -2.6297519423192974E+056  -3.5514114155670265E+049  -1.0645160809250638E+039  -5.3245570454261237E+026  -105036757475905.45       -80.423058654493289       -1.1658211738775653E-009  -2.9811305583639707E-020   4.8865090215726568E-025   1.8865523759773911E-030   3.0030566643206963E-035   1.1131990486282055E-039   5.6876530762857590E-044
  -8.1868787625536683E+044  -5.2436658970105580E+056  -2.3331858559449137E+056  -2.9640713279598006E+049  -8.0676469754026092E+038  -3.3603086254848498E+026  -39909437913114.633        17.281012732537601        1.3692972666048563E-009   1.6672716798044784E-020   1.1416200791732341E-025   1.0284992819465908E-030   2.0219787495689775E-035   8.1632379239835933E-040   4.3447930096247709E-044
  -7.8465751170807013E+044  -4.8436202912798764E+056  -2.0525294733878606E+056  -2.4180535156982958E+049  -5.7139736329297113E+038  -1.5996104940744347E+026   17334841584204.090        101.42750526572077        3.5107425341817604E-009   5.5333928898956722E-020  -1.9431590902464040E-025   3.2472919833890286E-031   1.2183126388188111E-035   5.7323631303771898E-040   3.2462279054921449E-044
  -7.5120572728528728E+044  -4.4586078257939473E+056  -1.7875011988002565E+056  -1.9119251568066531E+049  -3.5730210058238449E+038  -2.9437835832813164E+024   67312050047588.555        173.26596667780828        5.3001192113804694E-009   8.7096067023011120E-020  -4.4529095648437091E-025  -2.4605194066745955E-031   5.6619947183723348E-036   3.7573180006492761E-040   2.3531678035047472E-044
  -7.1836150805098445E+044  -4.0886466560717046E+056  -1.5377779496459763E+056  -1.4441935438659629E+049  -1.6336465621419086E+038   1.3629254460070947E+026   110610938683666.00        233.96854975432800        6.7757961038747068E-009   1.1279793426022035E-019  -6.4638156385350446E-025  -7.0267229615573013E-031   4.3035402840234571E-037   2.1671348317860730E-040   1.6323913321324857E-044
  -6.8615057676804838E+044  -3.7337033790207390E+056  -1.3030007493467634E+056  -1.0133210054155667E+049   1.1523971656281160E+037   2.5898329377916556E+026   147792001098792.44        284.63098876141714        7.9730446624157608E-009   1.3319887601608336E-019  -8.0438914608326569E-025  -1.0617311567439884E-030  -3.7088229158966503E-036   9.0059652894660284E-041   1.0555198177820588E-044
  -6.5459556519778956E+044  -3.3936976114592219E+056  -1.0827799227608208E+056  -6.1773839602922197E+048   1.6846097935371999E+038   3.6632320192230003E+026   179386832493275.62        326.27416613768906        8.9241874262350220E-009   1.4898421174392720E-019  -9.2536746548571153E-025  -1.3378194682226945E-030  -6.9267800814819233E-036  -9.4956367615791303E-042   5.9837553676454097E-045
  -6.2371618064898794E+044  -3.0685063357417250E+056  -8.7669990964331383E+055  -2.5585723960650605E+048   3.0852609834319114E+038   4.5946292116611080E+026   205897833666639.97        359.84615805241100        9.6587530785348233E-009   1.6077056342919133E-019  -1.0146883926283630E-024  -1.5437239978783159E-030  -9.3719108347044116E-036  -8.6469230811866225E-041   2.4041604356272259E-045
  -5.9352936766575812E+044  -2.7579680164251397E+056  -6.8432371167678234E+055   7.3919391093876484E+047   4.3277675641374344E+038   5.3950635940958775E+026   227798210776591.44        386.22466086107261        1.0203635232593230E-008   1.6911103396405049E-019  -1.0771038789358083E-024  -1.6906154970895022E-030  -1.1172412509871848E-035  -1.4472393580723398E-040  -3.5763027738751357E-046
  -5.6404946476908662E+044  -2.4618864925498046E+056  -5.0519698895786304E+055   3.7318717753287924E+048   5.4224398878745783E+038   6.0750873817039957E+026   245532226564809.94        406.21971270021959        1.0583252533794496E-008   1.7450019932996047E-019  -1.1168040448373653E-024  -1.7882213969833482E-030  -1.2438680936459087E-035  -1.8755298733397172E-040  -2.4486378588721714E-045
  -5.3528835619042064E+044  -2.1800346506614698E+056  -3.3885182199951117E+055   6.4353196212500401E+048   6.3792903230256853E+038   6.6447528309741388E+026   259515663209244.06        420.57663553313307        1.0819708074152432E-008   1.7737888768471298E-019  -1.1374713612468740E-024  -1.8449836974244734E-030  -1.3265463330775572E-035  -2.1775488586186952E-040  -3.9926709898944461E-045
  -5.0725561855726750E+044  -1.9121578841686236E+056  -1.8481015536864765E+055   8.8652218211421250E+048   7.2080053956905330E+038   7.1136047015577173E+026   270136461093912.62        429.97913296229206        1.0932946476839531E-008   1.7813872621935007E-019  -1.1423309613246359E-024  -1.8682027973973289E-030  -1.3733787904990734E-035  -2.3769951408857311E-040  -5.0936484457083857E-045
  -4.7995866251051576E+044  -1.6579773450234285E+056  -4.2586939040516239E+054   1.1037022567290625E+049   7.9179235371914086E+038   7.4906775681394199E+026   277755501613589.62        435.05248813756521        1.0940907323729086E-008   1.7712644318017025E-019  -1.1341971660441718E-024  -1.8641680717875353E-030  -1.3912688185799799E-035  -2.4938639342157558E-040  -5.8384891024796860E-045
  -4.5340286925119580E+044  -1.4171929940391019E+056   8.8307016575181303E+054   1.2965868565670201E+049   8.5180178804858495E+038   7.7844973356263276E+026   282707505663653.44        436.36681418259838        1.0859673873508230E-008   1.7464791789623813E-019  -1.1155163429876046E-024  -1.8382760315110724E-030  -1.3860739444434949E-035  -2.5449587877154759E-040  -6.2996195718565039E-045
  -4.2759172203078247E+044  -1.1894864564179508E+056   2.0836245618416528E+055   1.4666559870936573E+049   9.0168835844607161E+038   8.0030863677705444E+026   285302022717251.56        434.44031680522835        1.0703616255694646E-008   1.7097197615167932E-019  -1.0884062446998365E-024  -1.7951369158360936E-030  -1.3627423882877448E-035  -2.5443403126730766E-040  -6.5371447733650328E-045
  -4.0252693261397947E+044  -9.7452368926777552E+055   3.1806935025064685E+055   1.6153508211657889E+049   9.4227292001993997E+038   8.1539716929473787E+026   285824488375899.88        429.74253521752013        1.0485528530732091E-008   1.6633393191845246E-019  -1.0546919923032548E-024  -1.7386705617780532E-030  -1.3254340349791921E-035  -2.5037184926671483E-040  -6.6007222216908539E-045
  -3.7820856275632165E+044  -7.7195746803529884E+055   4.1791480557733154E+055   1.7440702185670469E+049   9.7433716273880306E+038   8.2441958012185777E+026   284537331009293.12        422.69753323075156        1.0216759181782051E-008   1.6093887942982746E-019  -1.0159388831786507E-024  -1.6721923791457077E-030  -1.2776273415637373E-035  -2.4327948019530632E-040  -6.5311765764853513E-045
  -3.5463514075096928E+044  -5.8142969888845896E+055   5.0838120104128972E+055   1.8541678736519968E+049   9.9862342419370830E+038   8.2803295940533063E+026   281681110589328.56        413.68701747077029        9.9073347531083220E-009   1.5496474192588180E-019  -9.7348220945051716E-025  -1.5984902341189714E-030  -1.2222135652933917E-035  -2.3395598007227802E-040  -6.3618870881663569E-045
  -3.3180377310983306E+044  -4.0257356413945088E+055   5.8994453412056922E+055   1.9469500353060771E+049   1.0158347807547779E+039   8.2684870922156440E+026   277475675086100.59        403.05336413680351        9.5660764760266273E-009   1.4856508522733751E-019  -9.2845427772050766E-025  -1.5198930115993968E-030  -1.1615795971052767E-035  -2.2305513462490932E-040  -6.1199769762047637E-045
  -3.0971025145374441E+044  -2.3501550782160854E+055   6.6307296429594652E+055   2.0236737465219155E+049   1.0266353814276552E+039   8.2143415484319198E+026   272121321843859.28        391.10253965590323        9.2007098289576569E-009   1.4187170567031647E-019  -8.8180882078254377E-025  -1.4383315890140512E-030  -1.0976805865552347E-035  -2.1110780600497660E-040  -5.8273304912436774E-045
  -2.8834915469484679E+044  -7.8377068519635038E+054   7.2822553988878107E+055   2.0855455539492874E+049   1.0316509916093900E+039   8.1231426496146800E+026   265799953206390.28        378.10690401635787        8.8179670656282759E-009   1.3499700293032369E-019  -8.3434298962000561E-025  -1.3553929134331830E-030  -1.0321034475545965E-035  -1.9854122251397473E-040  -5.5014604284362604E-045
  -2.6771394660180935E+044   6.7723433491948380E+054   7.8585109539363639E+055   2.1337206407801279E+049   1.0314697166962558E+039   7.9997345287449405E+026   258676217327485.53        364.30788854392887        8.4236828171300416E-009   1.2803614893896981E-019  -7.8671710941937028E-025  -1.2723678311296913E-030  -9.6612224103935552E-036  -1.8569558551285923E-040  -5.1562461622814105E-045
  -2.4779706884492003E+044   2.0366934781941000E+055   8.3638730687780296E+055   2.1693023392679492E+049   1.0266428781055549E+039   7.8485743391127331E+026   250898626596261.88        349.91854245878653        8.0228829313700414E-009   1.2106906450420877E-019  -7.3947237713477014E-025  -1.1902932751482720E-030  -9.0074634174227909E-036  -1.7283832784270521E-040  -4.8025598462326627E-045
  -2.2859002962367471E+044   3.2984427734315703E+055   8.8025989354430571E+055   2.1933419820413791E+049   1.0176860167392795E+039   7.6737511736067537E+026   242600647441785.25        335.12594475951869        7.6198667592404390E-009   1.1416221543012298E-019  -6.9304667072436471E-025  -1.1099893729249114E-030  -8.3676221210068961E-036  -1.6017632155440593E-040  -4.4487962452740742E-045
  -2.1008348798420273E+044   4.4663078666514602E+055   9.1788195408608364E+055   2.2068390541447944E+049   1.0050800012402764E+039   7.4790051392512258E+026   233901756469006.22        320.09347986149220        7.2182831322097411E-009   1.0737023993549743E-019  -6.4778863190347934E-025  -1.0320919931756514E-030  -7.7476952736211449E-036  -1.4786629942827011E-040  -4.1013197276461494E-045
  -1.9226733393782040E+044   5.5440922897772539E+055   9.4965342699296647E+055   2.2107416104176651E+049   9.8927222057301309E+038   7.2677464223393299E+026   224908458930139.94        304.96297700518824        6.8212003024500780E-009   1.0073741902621646E-019  -6.0397017541282937E-025  -9.5708120967208862E-031  -7.1521232232282732E-036  -1.3602372451306890E-040  -3.7648402140221686E-045
  -1.7513076449523946E+044   6.5355668487316056E+055   9.7596066450643390E+055   2.2059469254021195E+049   9.7067784250376708E+038   7.0430742024365259E+026   215715266463502.22        289.85671477810649        6.4311701353543093E-009   9.4299001214769691E-020  -5.6179756862289730E-025  -8.8530611952336820E-031  -6.5840576189270694E-036  -1.2473031456006415E-040  -3.4427283500750106E-045
  -1.5866235573353549E+044   7.4444600677840542E+055   9.9717611044694546E+055   2.1933023454409434E+049   9.4968112146233344E+038   6.8077952943530402E+026   206405631846050.59        274.87929319099351        6.0502868565145164E-009   8.8082392626519579E-020  -5.2142121598333800E-025  -8.1700641546534096E-031  -6.0455907476250930E-036  -1.1404040358761880E-040  -3.1372788135790034E-045
  -1.4285013101495078E+044   8.2744496287624284E+055   1.0136580726622398E+056   2.1736063149923979E+049   9.2663674104311135E+038   6.5644424160411610E+026   197052839216495.69        260.11937664248200        5.6802406619488498E-009   8.2108223108780564E-020  -4.8294427353675919E-025  -7.5233107560254830E-031  -5.5379513171685451E-036  -1.0398630069552624E-040  -2.8499294728670995E-045
  -1.2768162547801834E+044   9.0291547455970228E+055   1.0257505813601750E+056   2.1476095514419042E+049   9.0187117805200191E+038   6.3152919973860669E+026   187720848842280.78        245.65131182035913        5.3223665024770798E-009   7.6391298483800634E-020  -4.4643020957443114E-025  -6.9135450017066446E-031  -5.0616709739042499E-036  -9.4582786462668947E-041  -2.5814430635224950E-045
  -1.1314394692239598E+044   9.7121294165984056E+055   1.0337833250944304E+056   2.1160163448325899E+049   8.7568407653176592E+038   6.0623814601525051E+026   178465096034829.78        231.53662514497239        4.9776883514486281E-009   7.0941448576126291E-020  -4.1190941861489404E-025  -6.3409039324013520E-031  -4.6167253626756275E-036  -8.5830869616775314E-041  -2.3320571296260414E-045
  -9.9223833209233432E+043   1.0326856498858555E+056   1.0380716566640943E+056   2.0794859609668930E+049   8.4834962160733744E+038   5.8075259130442750E+026   169333244271502.00        217.82540478098156        4.6469592602145891E-009   6.5764280111730133E-020  -3.7938498730918013E-025  -5.8050365787357485E-031  -4.2026531021084900E-036  -7.7720910976043720E-041  -2.1016071708333322E-045
  -8.5907706298906871E+043   1.0876742551195989E+056   1.0389166616673890E+056   2.0386341282504065E+049   8.2011790428937722E+038   5.5523342180453009E+026   160365892967383.59        204.55757254607769        4.3306974984132107E-009   6.0861843041614095E-020  -3.4883770267293818E-025  -5.3052054605094618E-031  -3.8186556549021739E-036  -7.0235207752031894E-041  -1.8896272342761221E-045
  -7.3181723047578190E+043   1.1365113394124348E+056   1.0366052829144157E+056   1.9940345904582277E+049   7.9121626956446621E+038   5.2982243950524144E+026   151597240662536.06        191.76405124586753        4.0292190668328281E-009   5.6233218295359220E-020  -3.2023038525429846E-025  -4.8403727963042879E-031  -3.4636807188093393E-036  -6.3350119003458768E-041  -1.6954315791391773E-045
  -6.1031822883312220E+043   1.1795210337398751E+056   1.0314104943529024E+056   1.9462207093051374E+049   7.6185064118926017E+038   5.0464383413880904E+026   143055704657245.16        179.46783307764255        3.7426668597824891E-009   5.1875034427579655E-020  -2.9351162249142460E-025  -4.4092733564081067E-031  -3.1364914461578654E-036  -5.7037802183588212E-041  -1.5181805111937626E-045
  -4.9443772481444888E+043   1.2170187027773363E+056   1.0235915185937581E+056   1.8956871022963634E+049   7.3220681759918624E+038   4.7980558511987117E+026   134764498345272.47        167.68495478541976        3.4710367419297536E-009   4.7781920088306070E-020  -2.6861897060881153E-025  -4.0104756820959489E-031  -2.8357235152791575E-036  -5.1267621182554633E-041  -1.3569330250288606E-045
  -3.8403207557573731E+043   1.2493106871677528E+056   1.0133940825392733E+056   1.8428913028281874E+049   7.0245173424531815E+038   4.5540079270978326E+026   126742167668734.86        156.42538522622050        3.2142007917919143E-009   4.3946898731573535E-020  -2.4548168695093638E-025  -3.6424332031563636E-031  -2.5599318232810768E-036  -4.6007277894157494E-041  -1.2106884946251260E-045
  -2.7895671894968092E+043   1.2766940989577380E+056   1.0010507060156200E+056   1.7882554309004471E+049   6.7273468849136153E+038   4.3150893827965084E+026   119003088253174.75        145.69383093349398        2.9719279507751293E-009   4.0361731478455342E-020  -2.2402304865299223E-025  -3.3035266120532849E-031  -2.3076283435757221E-036  -4.1223712008992874E-041  -1.0784193105715054E-045
  -1.7906653721398350E+043   1.2994566660827180E+056   9.8678101869272020E+055   1.7321678640993844E+049   6.4318852394154444E+038   4.0819707409609631E+026   111557924882352.98        135.49046514712657        2.7439023030850138E-009   3.7017213574091811E-020  -2.0416230799258104E-025  -2.9920986961301977E-031  -2.0773124909102435E-036  -3.6883807337616238E-041  -9.5909606776295365E-046
  -8.4216195483886101E+042   1.3178766219823099E+056   9.7079210093838509E+055   1.6749848997129447E+049   6.1393077173482645E+038   3.8552094352334011E+026   104414055043589.05        125.81158562874229        2.5297391981818894E-009   3.3903429424768891E-020  -1.8581632964038979E-025  -2.7064826876447166E-031  -1.8674951589669494E-036  -3.2954937394281222E-041  -8.5170665473029541E-046
   5.7395441627124666E+041   1.3322226366245439E+056   9.5327884459995327E+055   1.6170323999552946E+049   5.8506474693629977E+038   3.6352603293211686E+026   97575958319994.453        116.65020640312690        2.3289994138893579E-009   3.1009970772018257E-020  -1.6890095031567950E-025  -2.4450250640288645E-031  -1.6767174386649415E-036  -2.9405378128944200E-041  -7.5527037942247250E-046
   9.0945531742362132E+042   1.3427537854108290E+056   9.3442433003552219E+055   1.5586074133068987E+049   5.5668059868781487E+038   3.4224855693742470E+026   91045573429229.609        107.99658836781970        2.1412015449209672E-009   2.8326122156714415E-020  -1.5333209703508690E-025  -2.2061036164910234E-031  -1.5035648870341720E-036  -2.6204611497101690E-041  -6.6884808149761582E-046
   1.7154596054468757E+043   1.3497195526224034E+056   9.1440021602850081E+055   1.4999797659249108E+049   5.2885631325145750E+038   3.2171637885978838E+026   84822624712652.641        99.838713498617665        1.9658327885748094E-009   2.5841017447469354E-020  -1.3902669620031725E-025  -1.9881415028355236E-031  -1.3466780950254460E-036  -2.3323539926639582E-041  -5.9154902376050640E-046
   2.4768411939738853E+043   1.3533598662529878E+056   8.9336713951386829E+055   1.4413936179499166E+049   5.0165866949603111E+038   3.0194986852477420E+026   78904919866792.375        92.162707153591427        1.8023582867453946E-009   2.3543770854145070E-020  -1.2590340218029424E-025  -1.7896179091473458E-031  -1.2047601961015190E-036  -2.0734628609173171E-041  -5.2253522159828605E-046
   3.1950216500894279E+043   1.3539051612511731E+056   8.7147512232252113E+055   1.3830689803331993E+049   4.7514414674248564E+038   2.8296269968866208E+026   73288620683541.609        84.953212746216138        1.6502291712816316E-009   2.1423585518601910E-020  -1.1388317078419792E-025  -1.6090758637972554E-031  -1.0765818643086587E-036  -1.8411989848622359E-041  -4.6102375585926079E-046
   3.8714091340755621E+043   1.3515764683694838E+056   8.4886398241185435E+055   1.3252031885376563E+049   4.4935978520337668E+038   2.6476258950973270E+026   67968488528631.719        78.193722822786597        1.5088894481278088E-009   1.9469842470230720E-020  -1.0288970007142530E-025  -1.4451276751477572E-031  -9.6098426928079489E-037  -1.6331421386996002E-041  -4.0628751874493923E-046
   4.5073964952270806E+043   1.3465855259848181E+056   8.2566374729664894E+055   1.2679723301292306E+049   4.2434399952784823E+038   2.4735198257943373E+026   62938106241862.578        71.866870343284404        1.3777818446551420E-009   1.7672172452556276E-020  -9.2849758280930713E-026  -1.2964584005218376E-031  -8.5688038494052959E-037  -1.4470408647678007E-041  -3.5765476145974503E-046
   5.1043595398389019E+043   1.3391349124169684E+056   8.0199506762492161E+055   1.2115326238780488E+049   4.0012734620098483E+038   2.3072868209020189E+026   58190078089037.719        65.954683730705355        1.2563527341464491E-009   1.6020512868292165E-020  -8.3693416264209966E-026  -1.1618276976328288E-031  -7.6325498732047537E-037  -1.2808099146608974E-041  -3.1450774442472951E-046
   5.6636554623970497E+043   1.3294181964280185E+056   7.7796962905913772E+055   1.1560217485332137E+049   3.7673324574815314E+038   2.1488643075102592E+026   53716209336195.898        60.438809023525344        1.1440562415472216E-009   1.4505151852621961E-020  -7.5354199652627197E-026  -1.0400703600217638E-031  -6.7916362384092490E-037  -1.1325255883366556E-041  -2.7628073393423863E-046
   6.1866214312924862E+043   1.3176201037355506E+056   7.5369056082461127E+055   1.1015601199260004E+049   3.5417866086443112E+038   1.9981544407166040E+026   49507666952944.062        55.300702241104858        1.0403576253454695E-009   1.3116761267062504E-020  -6.7769174060933032E-026  -9.3009579442264774E-032  -6.0373079056191066E-037  -1.0004195303528676E-041  -2.4245754159187821E-046
   6.6745733206656007E+043   1.3039166975167203E+056   7.2925283947458410E+055   1.0482521154966521E+049   3.3247473172944483E+038   1.8550289862512402E+026   45555122884713.188        50.521794853704307        9.4473602178587120E-010   1.1846420207878857E-020  -6.0878974905705072E-026  -8.3088665974609766E-032  -5.3614751449719403E-037  -8.8287143911909062E-042  -2.1256876329877707E-046
   7.1288045802775150E+043   1.2884755710183771E+056   7.0474368659592344E+055   9.9618724573349348E+048   3.1162736988179354E+038   1.7193337786881570E+026   41848881264646.633        46.083635038422877        8.5668662955070790E-010   1.0685630442497598E-020  -5.4627791882098319E-026  -7.4149685396096637E-032  -4.7566850424580043E-037  -7.7840105800829537E-042  -1.8618884177096113E-046
   7.5505852355917949E+043   1.2714560505205214E+056   6.8024295934120082E+055   9.4544127236297620E+048   2.9163781211739281E+038   1.5908927806002275E+026   38378990865514.617        41.968007200552975        7.7572240553600781E-010   9.6263250235376789E-021  -4.8963316777815705E-026  -6.6104900603579369E-032  -4.2160900326000757E-037  -6.8565974406199408E-042  -1.6293304949058405E-046
   7.9411610105357283E+043   1.2530094070265883E+056   6.5582353282266582E+055   8.9607727343874197E+048   2.7250313594500218E+038   1.4695117674428389E+026   35135344021319.633        38.157032047121817        7.0137533539770907E-010   8.6608711817935348E-021  -4.3836662093770200E-026  -5.8873160479880902E-032  -3.7334145540161930E-037  -6.0342184885556066E-042  -1.4245446675233327E-046
   8.3017525656933737E+043   1.2332790751743311E+056   6.3155167354188402E+055   8.4814665574985016E+048   2.5421673818222469E+038   1.3549816622724173E+026   32107763177790.102        34.633249316146504        6.3319733611821539E-010   7.7820684656390997E-021  -3.9202256871758156E-026  -5.2379587465326227E-032  -3.3029207148596944E-037  -5.3057609513649745E-042  -1.2444101128447373E-046
   8.6335548449624271E+043   1.2124008779756056E+056   6.0748740315615053E+055   8.0169011520587718E+048   2.3676877830851000E+038   1.2470815436428059E+026   29286076161321.488        31.379685091582324        5.7076084192509095E-010   6.9831429737846518E-021  -3.5017725186910253E-026  -4.6555248915230819E-032  -2.9193736778434363E-037  -4.6611709060313930E-042  -1.0861256114814887E-046
   8.9377365239830268E+043   1.1905032561021824E+056   5.8368485199976209E+055   7.5673854606240675E+048   2.2014658821012089E+038   1.1455813491918480E+026   26660181187588.188        28.379905470183232        5.1365911945603059E-010   6.2577384200649376E-021  -3.1243751934078402E-026  -4.1336819714157623E-032  -2.5780073251692054E-037  -4.0913708535075692E-042  -9.4718200689809642E-047
   9.2154395539184115E+043   1.1677075005379800E+056   5.6019260188540074E+055   7.1331390002709545E+048   2.0433504995745094E+038   1.0502442965484690E+026   24220102564405.141        25.618058192498530        4.6150635308199717E-010   5.5999046719683345E-021  -2.7843939811001569E-026  -3.6666242220072927E-032  -2.2744906383824571E-037  -3.5881805094848296E-042  -8.2533609764567351E-047
   9.4677787944343540E+043   1.1441279875159356E+056   5.3705401780879732E+055   6.7142999643650355E+048   1.8931694324916294E+038   9.6082904227103745E+025   21956037978779.320        23.078903705884528        4.1393753674738332E-010   5.0040843179851669E-021  -2.4784660766376205E-026  -3.2490388417355985E-032  -2.0048951236036753E-037  -3.1442413585097592E-042  -7.1858608859518148E-047
   9.6958417299862556E+043   1.1198724147502741E+056   5.1430756826901370E+055   6.3109328481954186E+048   1.7507326414188038E+038   8.7709159858312053E+025   19858398195706.750        20.747836992526299        3.7060820453603950E-010   4.4650977416640506E-021  -2.2034904628053292E-026  -2.8760728141540882E-032  -1.7656635258127344E-037  -2.7529453305579150E-042  -6.2514866784296668E-047
   9.9006882637790995E+043   1.0950420380623233E+056   4.9198713399765878E+055   5.9230356126689807E+048   1.6158351665998546E+038   7.9878702671356598E+025   17917839936330.637        18.610901369789925        3.3119402839903689E-010   3.9781271116777306E-021  -1.9566127146570324E-026  -2.5433006378043029E-032  -1.5535800043129783E-037  -2.4083678087206921E-042  -5.4343772973175942E-047
   1.0083350584016228E+044   1.0697319075804316E+056   4.7012230496360359E+055   5.5505464010924185E+048   1.4882597884872741E+038   7.2567092468352339E+025   16125292645720.932        16.654795353460841        2.9539030805858780E-010   3.5386996364273854E-021  -1.7352099273987916E-026  -2.2466931911801220E-032  -1.3657418829372135E-037  -2.1052050575261721E-042  -4.7204472916438450E-047
   1.0244833097297416E+044   1.0440311027721246E+056   4.4873866558579696E+055   5.1933498247226873E+048   1.3677794479645849E+038   6.5750072642149661E+025   14471979805860.557        14.866873566231428        2.6291137500781303E-010   3.1426703780240418E-021  -1.5368759140178293E-026  -1.9825878996877942E-032  -1.1995330410295768E-037  -1.8387160683388525E-042  -4.0972062604996246E-047
   1.0386112424265193E+044   1.0180229656395673E+056   4.2785806814605820E+055   4.8512828332556560E+048   1.2541594410943263E+038   5.9403682813570334E+025   12949435397486.777        13.235142573815605        2.3348992973401349E-010   2.7862048731963933E-021  -1.3594067881650906E-026  -1.7476603208789808E-032  -1.0525989730541943E-037  -1.6046687467868981E-042  -3.5535935961093049E-047
   1.0508137452830229E+044   9.9178533147782981E+055   4.0749889444669783E+055   4.5241401867651329E+048   1.1471594027615242E+038   5.3504355693665721E+025   11549516065262.963        11.748252438905258        2.0687632878072503E-010   2.4657617671563590E-021  -1.2007870215696051E-026  -1.5388972223722596E-032  -9.2282351437978154E-038  -1.3992903134442957E-042  -3.0798277897426322E-047
   1.0611829444532251E+044   9.6539075665958188E+055   3.8767630580491279E+055   4.2116795458156929E+048   1.0465350930856848E+038   4.8028999578685113E+025   10264409494343.301        10.395484698445197        1.8283783600908883E-010   2.1780756301257689E-021  -1.0591760429679810E-026  -1.3535711925526379E-032  -8.0830720710523842E-038  -1.2192217498273654E-042  -2.6672694779254235E-047
   1.0698082189811582E+044   9.3890674296981176E+055   3.6840248151754803E+055   3.9136261965673243E+048   9.5203999995270879E+037   4.2955067796270630E+025   9086639462715.0371        9.1667373919862172        1.6115785040102851E-010   1.9201400945553716E-021  -9.3289542668855893E-027  -1.1892167962682039E-032  -7.0734726163689526E-038  -1.0614760944311731E-042  -2.3082973561403178E-047
   1.0767762208178694E+044   9.1239595807017765E+055   3.4968684596639497E+055   3.6296774276813843E+048   8.6342677047831061E+037   3.8260616334979670E+025   8009067992713.7627        8.0525076977742991        1.4163512094558256E-010   1.6891914235609803E-021  -8.2041670320308387E-027  -1.0436082653817160E-032  -6.1841905616940854E-038  -9.2340037574423267E-043  -1.9961960654141924E-047
   1.0821708989474505E+044   8.8591645172479916E+055   3.3153628456609186E+055   3.3595065757379237E+048   7.8044848366242104E+037   3.3924350805834172E+025   7024894986744.8418        7.0438726683453474        1.2408295754685321E-010   1.4826925973129275E-021  -7.2034981076173794E-027  -9.1473869635536802E-033  -5.4015910646003342E-038  -8.0264095902252350E-043  -1.7250551572674554E-047
   1.0860735272612777E+044   8.5952186746787537E+055   3.1395534878425984E+055   3.1027667556957422E+048   7.0285977593489246E+037   2.9925663804404570E+025   6127655696433.7646        6.1324684983229645        1.0832844546988188E-010   1.2983179836356808E-021  -6.3143219631493968E-027  -8.0080071332814601E-033  -4.7134943163809029E-038  -6.9711207947624074E-043  -1.4896782590705039E-047
   1.0885627358387940E+044   8.3326164943862189E+055   2.9694645048709140E+055   2.8590942926788907E+048   6.3041783073115796E+037   2.6244663665100687E+025   5311216341084.0898        5.3104687034741973        9.4211669582979503E-011   1.1339386415328841E-021  -5.5251856499079152E-027  -7.0016854476028711E-033  -4.1090323767792725E-038  -6.0496733509512560E-043  -1.2855015905486839E-047
   1.0897145453116810E+044   8.0718124415083746E+055   2.8051004588352943E+055   2.6281118710664968E+048   5.6288324267629524E+037   2.2862195525959531E+025   4569768160350.3408        4.5705615414893188        8.1584953546366340E-011   9.8760829141228050E-022  -4.8257127016868200E-027  -6.1138145412503420E-033  -3.5785183809324250E-038  -5.2457391651095159E-043  -1.1085210194819849E-047
   1.0896024040061196E+044   7.8132229700309054E+055   2.6464480935773131E+055   2.4094314165055125E+048   5.0002076640068272E+037   1.9759855552350511E+025   3897820157335.2437        3.9059269610540661        7.0312118123229848E-011   8.5754997313996360E-022  -4.2065133042702653E-027  -5.3312845985463965E-033  -3.1133273096851828E-038  -4.5448935816418606E-043  -9.5522688774771528E-048
   1.0882972275750276E+044   7.5572284337121185E+055   2.4934779749301043E+055   2.2026567260662795E+048   4.4159995946304660E+037   1.6919999101684186E+025   3290190761792.1382        3.3102133262280873        6.0267761937357809E-011   7.4214340242896102E-022  -3.6591005513459311E-027  -4.6423427639088879E-033  -2.7057875228105666E-038  -3.9344060386642508E-043  -8.2254588552634819E-048
   1.0858674408487031E+044   7.3041749415766367E+055   2.3461460360112975E+055   2.0073858613260137E+048   3.8739572831970109E+037   1.4325743548404822E+025   2741998618648.0845        2.7775141275994994        5.1336567259215685E-011   6.3991302721548259E-022  -3.1758125701397886E-027  -4.0364640640298067E-033  -2.3490822729314962E-038  -3.4030519003050670E-043  -7.0778929998751295E-048
   1.0823790216481911E+044   7.0543761570256207E+055   2.2043950307897328E+055   1.8232133187020062E+048   3.3718878575431066E+037   1.1960966429237683E+025   2248652684553.2388        2.3023448598360092        4.3412632758537116E-011   5.4951677837464590E-022  -2.7497402746915222E-027  -3.5042331372027502E-033  -2.0371604436566002E-038  -2.9409436089269300E-043  -6.0860701374585361E-048
   1.0778955463209491E+044   6.8081150398881099E+055   2.0681558992045529E+055   1.6497319908705242E+048   2.9076602767228777E+037   9.8102995127942828E+024   1805841794499.8203        1.8796202167984486        3.6398834605917493E-011   4.6973550317675676E-022  -2.3746604869363949E-027  -3.0372360703094702E-033  -1.7646557866103197E-038  -2.5393794159030335E-043  -5.2294667679994244E-048
   1.0724782367730250E+044   6.5656455309910724E+055   1.9373490471528408E+055   1.4865349326044468E+048   2.4792083666942132E+037   7.8591193451404635E+024   1409523841632.2380        1.5046317300399872        3.0206216829135930E-011   3.9946306510699494E-022  -2.0449741543730091E-027  -2.6279616570503200E-033  -1.5268139670049992E-038  -2.1907080667956145E-043  -4.4901752277948292E-048
   1.0661860087859849E+044   6.3271941790562587E+055   1.8118855446807627E+055   1.3332169438473902E+048   2.0845331930664547E+037   6.0935347737159276E+024   1055914696083.3785        1.1730259540175245        2.4753411423382406E-011   3.3769708990680442E-022  -1.7556493869938703E-027  -2.2697114103012263E-033  -1.3194267648248179E-038  -1.8882079334576778E-043  -3.8525834557700717E-048
   1.0590755214202487E+044   6.0929617099413804E+055   1.6916682457151918E+055   1.1893759823188208E+048   1.7217048356287386E+037   4.5003719059596217E+024   741476972917.36340       0.88078328144131490        1.9966088370393161E-011   2.8353033480310349E-022  -1.5021690343985791E-027  -1.9565176854744594E-033  -1.1387728174802150E-038  -1.6259791999072238E-043  -3.3030919545081363E-048
   1.0512012273193443E+044   5.8631245384326203E+055   1.5765928326598112E+055   1.0546144174172072E+048   1.3888636249619604E+037   3.0671569160340054E+024   462908744936.04974       0.62419745465135013        1.5776435432569274E-011   2.3614265574635411E-022  -1.2804825257877703E-027  -1.6830692991762889E-033  -9.8156432907678817E-039  -1.3988478194602082E-043  -2.8298639421202062E-048
   1.0426154237418507E+044   5.6378362229664053E+055   1.4665487891534435E+055   9.2854013666005232E+047   1.0842208972088882E+037   1.7820970730359960E+024   217132283117.91116       0.39985582351685017        1.2122667347999224E-011   1.9479354596973095E-022  -1.0869617001528708E-027  -1.4446440572320321E-033  -8.4489921053731588E-039  -1.2022800665832241E-043  -2.4226050701287776E-048
   1.0333683041595237E+044   5.4172288638117678E+055   1.3614203042503305E+055   8.1076751537365087E+047   8.0605931903899524E+036   6.3406032691071613E+023   1282895710.2471609       0.20462038690611326        8.9485638550703459E-012   1.5881521821140201E-022  -9.1836036083581501E-028  -1.2370476374146421E-033  -7.2621815318571733E-039  -1.0323066075723378E-043  -2.0723694348119702E-048
   1.0235080102712695E+044   5.2014144453817490E+055   1.2610871112338294E+055   7.0091825982422566E+047   5.5273283099809039E+036  -3.8744624617969071E+023  -187302073600.82593        3.5609643080356045E-002   6.2030358157477148E-012   1.2760620242432694E-022  -7.7177729722524177E-028  -1.0565583042529038E-033  -6.2326617564121078E-039  -8.8545510905752524E-044  -1.7713889350558995E-048
   1.0130806842932798E+044   4.9904861234641162E+055   1.1654252642177368E+055   5.9862213346802541E+047   3.2266625377738992E+036  -1.2922988691644640E+024  -351094037549.14380      -0.10981873574649116        3.8397185798579595E-012   1.0062543065766138E-022  -6.4462252624993004E-028  -8.9987696553202601E-034  -5.3405821967926865E-039  -7.5869049224412188E-044  -1.5129233292431124E-048
   1.0021305213957802E+044   4.7845194582693153E+055   1.0743078556245119E+055   5.0351757549291079E+047   1.1435459847074805E+036  -2.0897801196165325E+024  -492383704829.63837      -0.23408439812986481        1.8165916345599058E-012   7.7386780965004413E-023  -5.3458651716220528E-028  -7.6408211207127834E-034  -4.5684840487981652E-039  -6.4936202365772760E-044  -1.2911286179782170E-048
   9.9069982216649230E+043   4.5835735942879418E+055   9.8760567755812219E+054   4.1525222032963760E+047  -7.3637881390295420E+035  -2.7886024022287729E+024  -613291332616.00903      -0.33939997826166007        9.5623509776087259E-014   5.7454052620016005E-023  -4.3961217456858123E-028  -6.4658921370720751E-034  -3.9010258426035610E-039  -5.5515650999972508E-044  -1.1009416296702297E-048
   9.7882904499006451E+043   4.3876923880321446E+055   9.0518783001213989E+054   3.3348332632882059E+047  -2.4267886132962371E+036  -3.3969316498145717E+024  -715776664156.26257      -0.42778593812159865       -1.3575591417304705E-012   4.0436345549641106E-023  -3.5786936650794728E-028  -5.4511417484649455E-034  -3.3247387359776830E-039  -4.7405693567966573E-044  -9.3797891347057722E-049
   9.6655685824143563E+043   4.1969054848060135E+055   8.2692227877203151E+054   2.5787812133064536E+047  -3.9406930917022150E+036  -3.9224110872863216E+024  -801648529590.31079      -0.50108459931306160       -2.5739794047803466E-012   2.5983817686346127E-023  -2.8773179638950022E-028  -4.5764048226908815E-034  -2.8278085573927514E-039  -4.0430594686778650E-044  -7.9844825021930893E-049
   9.5392019219934541E+043   4.0112293457101703E+055   7.5267636578514586E+054   1.8811407239968817E+047  -5.2904501099288287E+036  -4.3721849139751370E+024  -872574093477.19373      -0.56097338134260277       -3.5815960361397662E-012   1.3783794856442908E-023  -2.2775602961199545E-028  -3.8238970590723687E-034  -2.3998818788885340E-039  -3.4437364575327342E-044  -6.7907127834011968E-049
   9.4095429059402770E+043   3.8306682261361417E+055   6.8231727468354031E+054   1.2387908655751452E+047  -6.4877823334737129E+036  -4.7529217787414426E+024  -930087737224.26318      -0.60897726666281871       -4.4055686114206923E-012   3.5572088301148481E-024  -1.7666249755436396E-028  -3.1779503999504903E-034  -2.0318936465741756E-039  -2.9292921338156603E-044  -5.7701589951541851E-049
   9.2769276171051966E+043   3.6552151070474431E+055   6.1571245405416734E+054   6.4871648921593821E+046  -7.5437949766303570E+036  -5.0708379397057428E+024  -975599568733.70093      -0.64648051565412679       -5.0685030172860910E-012  -4.9446597667672151E-024  -1.3331831324519960E-028  -2.6247759721141525E-034  -1.7159141263236708E-039  -2.4881592927725443E-044  -4.8983727991280461E-049
   9.1416762897603429E+043   3.4848525803774482E+055   5.5273000095876373E+054   1.0800904250948255E+046  -8.4689944505808283E+036  -5.3317200162145773E+024  -1010403555176.1761      -0.67473765695764143       -5.5906784067772281E-012  -1.1943155861333675E-023  -9.6721744299069037E-029  -2.1522519219405977E-034  -1.4450131342007613E-039  -2.1102920134873001E-044  -4.1542639812754483E-049
   9.0040938096644513E+043   3.3195536898995862E+055   4.9323900711258487E+054  -3.8613312492883447E+046  -9.2733077184774994E+036  -5.5409472549567418E+024  -1035685277916.6571      -0.69488378026596187       -5.9902567131623690E-012  -1.7634962703594930E-023  -6.5988199585542674E-029  -1.7497337307774879E-034  -1.2131397162083304E-039  -1.7869726063031315E-044  -3.5196521219705502E-049
   8.8644702077318705E+043   3.1592827289439738E+055   4.3710987003745862E+054  -8.3640491336374095E+046  -9.9661021800788309E+036  -5.7035132450634082E+024  -1052529311299.3115      -0.70794415990110948       -6.2834757892655461E-012  -2.2194572888559880E-023  -4.0337596524112511E-029  -1.4078848051965731E-034  -1.0150156209492471E-039  -1.5106421255767725E-044  -2.9788762630866293E-049
   8.7230811467775567E+043   3.0039959963467964E+055   3.8421457141095305E+054  -1.2453950336172055E+047  -1.0556205926683722E+037  -5.8240470286620393E+024  -1061926229289.5363      -0.71484323832194585       -6.4848272060289087E-012  -2.5776536377164155E-023  -1.9082985841120806E-029  -1.1185253305029649E-034  -8.4604107261319662E-040  -1.2747516999603259E-044  -2.5184553436092950E-049
   8.5801884008654004E+043   2.8536425120251609E+055   3.3442692474017696E+054  -1.6155869311986526E+047  -1.1051928223970382E+037  -5.9068335638027817E+024  -1064779245910.7944      -0.71641299916369150       -6.6072197071852733E-012  -2.8517503134016444E-023  -1.6203200619819451E-030  -8.7449755572450382E-035  -7.0221150129615174E-040  -1.0736322343993255E-044  -2.1267930347181735E-049
   8.4360403268392827E+043   2.7081646935713058E+055   2.8762279439623332E+054  -1.9493600318305887E+047  -1.1461080095953873E+037  -5.9558335060272859E+024  -1061910497038.3329      -0.71340075957033589       -6.6621292773128834E-012  -3.0538076895990727E-023   1.2580739068106518E-029  -6.6954584475871202E-035  -5.8004402395064203E-040  -9.0238030957732996E-045  -1.7939213689363702E-049
   8.2908723276653725E+043   2.5674989952565005E+055   2.4368028795394665E+054  -2.2489912694118081E+047  -1.1790994897695830E+037  -5.9747022831888751E+024  -1054066972454.4009      -0.70647641148205376       -6.6597367390237909E-012  -3.1944495513145431E-023   2.3985070642301274E-029  -4.9820998201374690E-035  -4.7651259318166755E-040  -7.5675834826937568E-045  -1.5112782355447642E-049
   8.1449073072601135E+043   2.4315765108270712E+055   2.0247992369147228E+054  -2.5166568604016983E+047  -1.2048548777694070E+037  -5.9668084455403049E+024  -1041926108160.9103      -0.69623914122465247       -6.6090537522939529E-012  -3.2830152267630877E-023   3.2999490653933296E-029  -3.5573036238352583E-035  -3.8899084354972660E-040  -6.3310733647454522E-045  -1.2715144148011392E-049
   7.9983561165214576E+043   2.3003235414633248E+055   1.6390477501600989E+054  -2.7544342913951466E+047  -1.2240180943110892E+037  -5.9352512796570937E+024  -1026101049813.6920      -0.68322365625242465       -6.5180380455662906E-012  -3.3276971581117109E-023   3.9979375212467351E-029  -2.3796382541239608E-035  -3.1520176689405136E-040  -5.2827058260543165E-045  -1.0683263546540965E-049
   7.8514179903213065E+043   2.1736621302569770E+055   1.2784059349530258E+054  -2.9643044892919448E+047  -1.2371913652228038E+037  -5.8828776805318746E+024  -1007145598813.2429      -0.66790594725141683       -6.3936986647435397E-012  -3.3356651569663761E-023   4.5234585184756428E-029  -1.4130901271106912E-035  -2.5317344028450452E-040  -4.3952717258051962E-045  -8.9631136294495746E-050
   7.7042809752548246E+043   2.0515105645445413E+055   9.4175912090085047E+053  -3.1481541459513400E+047  -1.2449371868802679E+037  -5.8122982812257542E+024  -985558853083.60120      -0.65070861304510208       -6.2421919829503483E-012  -3.3131784998731773E-023   4.9034760132226895E-029  -6.2640236764130408E-036  -2.0120011334769574E-040  -3.6453393439487488E-045  -7.5084230221851220E-050
   7.5571223479775049E+043   1.9337838474132240E+055   6.2802130100301225E+053  -3.3077781715659576E+047  -1.2477802522399860E+037  -5.7259028438589225E+024  -961789554915.02063      -0.63200577488350485       -6.0689091713262261E-012  -3.2656869331268876E-023   5.1614043474173936E-029   7.5105110657875174E-038  -1.5780803664613124E-040  -3.0127486447917897E-045  -6.2795923925490794E-050
   7.4101090239937418E+043   1.8203941396726555E+055   3.3613581257865622E+053  -3.4448822531942421E+047  -1.2462093327348292E+037  -5.6258749195235998E+024  -936240158456.84033      -0.61212760576159242       -5.8785557893922495E-012  -3.1979215748879941E-023   5.3175295306501374E-029   5.1208015031054554E-036  -1.2172548022775401E-040  -2.4801709159076225E-045  -5.2427582274195830E-050
   7.2633979567912053E+043   1.7112511735604649E+055   6.5075863210999403E+052  -3.5610854969617361E+047  -1.2406791120761638E+037  -5.5142057879625259E+024  -909270629541.88794      -0.59136449942215275       -5.6752241129393029E-012  -3.1139766259859888E-023   5.3893844222394903E-029   9.0754149873125578E-036  -9.1856452070446435E-041  -2.0327256366316310E-045  -4.3689844503831718E-050
   7.1171365272437023E+043   1.6062626394226443E+055  -1.8615508549189133E+053  -3.6579231343837949E+047  -1.2316119687137847E+037  -5.3927076906265694E+024  -881201990518.79041      -0.56997090266880157       -5.4624587780907917E-012  -3.0173827287708138E-023   5.3920824794284599E-029   1.2113362112498003E-035  -6.7257680539775703E-041  -1.6576474038759051E-045  -3.6335649214208151E-050
   6.9714629232315560E+043   1.5053345465810515E+055  -4.1852306424651664E+053  -3.7368492750808474E+047  -1.2193997043444132E+037  -5.2630263730531075E+024  -852319622678.00220      -0.54816883356040114       -5.2433162823332738E-012  -2.9111727458683523E-023   5.3386143062455447E-029   1.4384682487571212E-035  -4.7118473731621073E-041  -1.3439966059781589E-045  -3.0154220372762679E-050
   6.8265065094529488E+043   1.4083715595705425E+055  -6.3296346118063354E+053  -3.7992396898571334E+047  -1.2044052164361724E+037  -5.1266529544363350E+024  -822876338694.03308      -0.52615110699119083       -5.0204188469838825E-012  -2.7979406675732366E-023   5.2401108412266554E-029   1.6018170156520574E-035  -3.0743112214180453E-041  -1.0824082994789350E-045  -2.4965885597935171E-050
   6.6823881874221481E+043   1.3152773108973242E+055  -8.3038099495871408E+053  -3.8463946097000785E+047  -1.1869641132547412E+037  -4.9849351438323071E+024  -793095237281.83838      -0.50408428809171535       -4.7960031108422670E-012  -2.6798942977243865E-023   5.1060766586892722E-029   1.7124128136874783E-035  -1.7535470704430620E-041  -8.6487441967643056E-046  -2.0617614708845359E-050
   6.5392207456713462E+043   1.2259546914383599E+055  -1.0116497858959336E+054  -3.8795415277352962E+047  -1.1673862703411116E+037  -4.8390878236926988E+024  -763172351989.88855      -0.48211139282297638       -4.5719640916999734E-012  -2.5589023130901030E-023   4.9445965254059717E-029   1.7796788858380220E-035  -6.9855990609722210E-042  -6.8455505309813435E-046  -1.6979181149787596E-050
   6.3971092001919399E+043   1.1403061195692700E+055  -1.1776135156325770E+054  -3.8998379925466691E+047  -1.1459573278050152E+037  -4.6902030223866707E+024  -733279105735.30457      -0.46035435408748199       -4.3498948209719331E-012  -2.4365362403629930E-023   4.7625180502314395E-029   1.8116438684752679E-035   1.3419759406776458E-042  -5.3561502726986143E-046  -1.3939861678038312E-050
   6.2561511251686344E+043   1.0582337900752699E+055  -1.3290856665368711E+054  -3.9083743825470728E+047  -1.1229401281660645E+037  -4.5392592980813519E+024  -703564582335.74512      -0.43891627065216038       -4.1311220269751403E-012  -2.3141078476451624E-023   4.5656129864637043E-029   1.8151280597201935E-035   7.8184388872325174E-042  -4.1308253810948740E-046  -1.1405600863458158E-050
   6.1164369740756986E+043   9.7963990386648935E+054  -1.4668498325746063E+054  -3.9061766522680745E+047  -1.0985760948000066E+037  -4.3871305568376918E+024  -674157625915.74048      -0.41788345517440156       -3.9167382142949633E-012  -2.1927024036011731E-023   4.3587194935214968E-029   1.7959065424430531E-035   1.2759550245608387E-041  -3.1272694488893045E-046  -9.2965766851217309E-051
   5.9780503912194660E+043   9.0442687948561430E+054  -1.5916600939288167E+054  -3.8942090425311737E+047  -1.0730865513337026E+037  -4.2345943280663099E+024  -645168778668.21875      -0.39732729664784078       -3.7076304602236170E-012  -2.0732082170786361E-023   4.1458674340424728E-029   1.7588518682933472E-035   1.6433351384483317E-041  -2.3095322323804017E-046  -7.5451119979172341E-051
   5.8410685138243546E+043   8.3249754736234537E+054  -1.7042414481726541E+054  -3.8733767474735501E+047  -1.0466739825826863E+037  -4.0823395206019324E+024  -616692067040.69653      -0.37730595164203967       -3.5045062243914211E-012  -1.9563428327529521E-023   3.9303885729949894E-029   1.7080587109438071E-035   1.9066854894456200E-041  -1.6471088369774122E-046  -6.0938840347291814E-051
   5.7055622647717947E+043   7.6375532773578607E+054  -1.8052902912938724E+054  -3.8445285323325813E+047  -1.0195232378424808E+037  -3.9309736826172541E+024  -588806645994.87341      -0.35786587780237472       -3.3079164443946718E-012  -1.8426762240550002E-023   3.7150133551905237E-029   1.6469526292660438E-035   2.0851847725436595E-041  -1.1141544186309466E-046  -4.8943905434201903E-051
   5.5715966361122976E+043   6.9810439313264588E+054  -1.8954749423405619E+054  -3.8084592967499404E+047  -9.9180267753206670E+036  -3.7810297884278390E+024  -561578310562.45422      -0.33904322220495275       -3.1182761684028624E-012  -1.7326512931038501E-023   3.5019557651244601E-029   1.5783848415189112E-035   2.1949919344837134E-041  -6.8880770648695950E-047  -3.9056367522625444E-051
   5.4392309634806468E+043   6.3544981625620162E+054  -1.9754362059055422E+054  -3.7659125791422798E+047  -9.6366526434768056E+036  -3.6329725749573374E+024  -535060883492.59436      -0.32086507632744504       -2.9358829553463255E-012  -1.6266019584113436E-023   3.2929876168971509E-029   1.5047146971598265E-035   2.2496813556815934E-041  -3.5260879632869767E-047  -3.0930122183353729E-051
   5.3085191915529157E+043   5.7569770410834081E+054  -2.0457879670916697E+054  -3.7175829984055703E+047  -9.3524960021991932E+036  -3.4872044502534442E+024  -509297487360.57611      -0.30335060860105678       -2.7609332542833301E-012  -1.5247690845782047E-023   3.0895034807076927E-029   1.4278813411448016E-035   2.2606190622245649E-041  -8.9998543302864633E-048  -2.4273308335948074E-051
   5.1795101306917414E+043   5.1875531913483152E+054  -2.1071178140030010E+054  -3.6641186298780887E+047  -9.0668091047929194E+036  -3.3440709959846852E+024  -484321709085.88202      -0.28651208475172435       -2.5935369568609742E-012  -1.4273144838955425E-023   2.8925773247958155E-029   1.3494658943351534E-035   2.2372875711120347E-041   1.1211147251210375E-047  -1.8840109244719482E-051
   5.0522477049330882E+043   4.6453118815226520E+054  -2.1599876831878444E+054  -3.6061233130866862E+047  -8.7807197672700741E+036  -3.2038660853198043E+024  -460158664392.99469      -0.27035578541999900       -2.4337303003532806E-012  -1.3343331975418242E-023   2.7030118365481905E-029   1.2707453208437313E-035   2.1875660350785061E-041   2.6470799503481156E-047  -1.4423755546088979E-051
   4.9267711914736924E+043   4.1293519978396193E+054  -2.2049345238199822E+054  -3.5441588893461705E+047  -8.4952401998093818E+036  -3.0668366370073689E+024  -436825969341.92853      -0.25488282986856181       -2.2814872835184007E-012  -1.2458642437718093E-023   2.5213812826863501E-029   1.1927390169785732E-035   2.1179715267358055E-041   3.7699248505138178E-047  -1.0850558895353254E-051
   4.8031154518235232E+043   3.6387869110157896E+054  -2.2424709767444539E+054  -3.4787473677757936E+047  -8.2112753572321029E+036  -2.9331870258440959E+024  -414334625659.24847      -0.24008991394332835       -2.1367297434006842E-012  -1.1619000019865777E-023   2.3480686749981929E-029   1.1162490351930159E-035   2.0338665730889640E-041   4.5665208786406507E-047  -7.9748286175323936E-052
   4.6813111547919696E+043   3.1727452413924481E+054  -2.2730860648349588E+054  -3.4103730187435161E+047  -7.9296308251744784E+036  -2.8030831690560171E+024  -392689826215.42096      -0.22596996984781770       -1.9993362281490157E-012  -1.0823943847164686E-023   2.1832979240258617E-029   1.0418947485995839E-035   1.9396374096918289E-041   5.1009144783663543E-047  -5.6745443299930586E-052
   4.5613849914801654E+043   2.7303715291780354E+054  -2.2972458914119009E+054  -3.3394843941510539E+047  -7.6510202589194774E+036  -2.6766563074255720E+024  -371891686621.78455      -0.21251275471991574       -1.8691497888679340E-012  -1.0072699342132356E-023   2.0271615876154635E-029   9.7014266576474920E-036   1.8388468589552358E-041   5.4263080598567217E-047  -3.8476752950079813E-052
   4.4433598824549037E+043   2.3108268158822749E+054  -2.3153943437541005E+054  -3.2664962743338637E+047  -7.3760723920143974E+036  -2.5540064992876999E+024  -351935908560.98724      -0.19970537446424055       -1.7459848024017780E-012  -9.3642396641339858E-024   1.8796447534739789E-029   9.0133202041871156E-036   1.7343652405958137E-041   5.5867508841062163E-047  -2.4090526261447949E-052
   4.3272551772819755E+043   1.9132891427545916E+054  -2.3279537990039124E+054  -3.1917915416731029E+047  -7.1053376318594408E+036  -2.4352058447957255E+024  -332814380118.99237      -0.18753274879081638       -1.6296329267153780E-012  -8.6973387238870637E-024   1.7406455341362940E-029   8.3569668525513878E-036   1.6284822860599560E-041   5.6185805926360098E-047  -1.2877137343647501E-052
   4.2130868465986808E+043   1.5369539717690726E+054  -2.3353258300157236E+054  -3.1157229813039874E+047  -6.8392942594182563E+036  -2.3203014571292063E+024  -314515718055.09692      -0.17597802294039211       -1.5198682811207016E-012  -8.0706167593616697E-024   1.6099925983520950E-029   7.7338389213713080E-036   1.5230026459729168E-041   5.5516506036975514E-047  -4.2464983783948905E-053
   4.1008676669065494E+043   1.1810345344354947E+054  -2.3378919089321645E+054  -3.0386150095595392E+047  -6.5783542500859501E+036  -2.2093181965861169E+024  -297025756629.06470      -0.16502293113716687       -1.4164519349525254E-012  -7.4825793558077334E-024   1.4874601142467725E-029   7.1447018184522193E-036   1.4193272440136532E-041   5.4103738016604696E-047   2.2910278240473042E-053
   3.9906073982661595E+043   8.4476211346114702E+053  -2.3360141064916639E+054  -2.9607653310129292E+047  -6.3228687325636406E+036  -2.1022611827752907E+024  -280327987301.57086      -0.15464811639953358       -1.3191357803652628E-012  -6.9316506987718143E-024   1.3727804361337766E-029   6.5897495417054004E-036   1.3185224365585250E-041   5.2146087822394980E-047   7.1407860858192416E-053
   3.8823129550763716E+043   5.2738626204120987E+053  -2.3300357852758036E+054  -2.8824465251778593E+047  -6.0731331023408670E+036  -1.9991180994057213E+024  -264403953335.65601      -0.14483341095732760       -1.2276658576574884E-012  -6.4162017641705683E-024   1.2656548280484235E-029   6.0687194292458456E-036   1.2213786800466020E-041   4.9804113025774901E-047   1.0637493143954750E-052
   3.7759885701202295E+043   2.2817496531650963E+053  -2.3202822852960674E+054  -2.8039075640968953E+047  -5.8293918060867055E+036  -1.8998613054605650E+024  -249233603052.69846      -0.13555808116858906       -1.1417851948829620E-012  -5.9345740729769148E-024   1.1657624824707727E-029   5.5809889963569403E-036   1.1284601829257314E-041   4.7206704517019025E-047   1.3056780314454184E-052
   3.6716359520594204E+043  -5.3585251693530145E+052  -2.3070616004975807E+054  -2.7253752621944946E+047  -5.5918428129052110E+036  -1.8044497658481697E+024  -234795605236.33453      -0.12680104049860824       -1.0612362174319667E-012  -5.4850995691179559E-024   1.0727680618857036E-029   5.1256573372940146E-036   1.0401468223668962E-041   4.4456463418935552E-047   1.4624932888122473E-052
   3.5692544365584243E+043  -3.1858926559793305E+053  -2.2906650449230606E+054  -2.6470556598965529E+047  -5.3606417880280364E+036  -1.7128308139426237E+024  -221067629931.52692      -0.11854103381767499       -9.8576277772200544E-013  -5.0661171171066998E-024   9.8632796340810228E-030   4.7016132530622154E-036   9.5666943425273994E-042   4.1634237710494834E-047   1.5527098223916451E-052
   3.4688411312184076E+043  -5.6751334171149157E+053  -2.2713679074339743E+054  -2.5691353426235835E+047  -5.1359059841031684E+036  -1.6249417577640712E+024  -208026597653.27838      -0.11075679599013673       -9.1511185008216632E-013  -4.6759860601108267E-024   9.0609548233229453E-030   4.3075919875320987E-036   8.7813943521751221E-042   3.8802942729027440E-047   1.5914194698414788E-052
   3.3703910544995684E+043  -8.0101516303986628E+053  -2.2494300940285310E+054  -2.4917826968517600E+047  -4.9177178647996513E+036  -1.5407113409059526E+024  -195648899799.94287      -0.10342718746478506       -8.4903493131303777E-013  -4.3130972290288674E-024   8.3172502883213722E-030   3.9422222092315771E-036   8.0457360505531033E-042   3.6010772146127249E-047   1.5908719532134239E-052
   3.2738972688090055E+043  -1.0197338977093952E+054  -2.2250967569281410E+054  -2.4151491050066820E+047  -4.7061284749891393E+036  -1.4600610686936869E+024  -183910592859.29950       -9.6531309333959286E-002  -7.8728918321851174E-013  -3.9758817481710074E-024   7.6287553285633849E-030   3.6040646610187827E-036   7.3591474424994999E-042   3.3293890835964620E-047   1.5609624258613409E-052
   3.1793510079293201E+043  -1.2242903015702857E+054  -2.1985989097259712E+054  -2.3393700810103803E+047  -4.5011605712909280E+036  -1.3829064094580105E+024  -172787568801.08035       -9.0048600104852050E-002  -7.2963834960396937E-013  -3.6628179428455156E-024   6.9921315527462753E-030   3.2916437111554061E-036   6.7204882262058957E-042   3.0678687959473719E-047   1.5096401550362801E-052
   3.0867417989610739E+043  -1.4152868528860278E+054  -2.1701540280037670E+054  -2.2645663483441200E+047  -4.3028115262819288E+036  -1.3091578802270186E+024  -162255703867.03607       -8.3958916220138388E-002  -6.7585347678622967E-013  -3.3724366180899384E-024   6.4041340830158317E-030   3.0034728739960125E-036   6.1281914927740546E-042   2.8183657298144741E-047   1.4432505678998767E-052
   2.9960575789499345E+043  -1.5933079161985930E+054  -2.1399666349267014E+054  -2.1908448625193597E+047  -4.1110560191807540E+036  -1.2387220255843084E+024  -152290987798.40045       -7.8242598175091230E-002  -6.2571346353532927E-013  -3.1033249455535482E-024   5.8616277494626931E-030   2.7380752238531055E-036   5.5803801961614022E-042   2.5820962146514821E-047   1.3668210557245971E-052
   2.9072848063669039E+043  -1.7589199326283939E+054  -2.1082288714212006E+054  -2.1182997798679809E+047  -3.9258485253189648E+036  -1.1715022979068420E+024  -142869635380.30258       -7.2880523903705141E-002  -5.7900546353979145E-013  -2.8541291667639267E-024   5.3615990551816945E-030   2.4939994991593079E-036   5.0749623051899224E-042   2.3597733703426394E-047   1.2842993649575143E-052
   2.8204085676073884E+043  -1.9126716340302464E+054  -2.0751210506279581E+054  -2.0470133745717362E+047  -3.7471256162154784E+036  -1.1073998466852908E+024  -133968182032.77925       -6.7854150945987873E-002  -5.3552516093049615E-013  -2.6235562953578818E-024   4.9011645889310847E-030   2.2698325836658837E-036   4.6097079901454512E-042   2.1517144706313320E-047   1.1987520667838970E-052
   2.7354126786721287E+043  -2.0550942785818556E+054  -2.0408121964021704E+054  -1.9770569058508573E+047  -3.5748080815749645E+036  -1.0463142241416722E+024  -125563565038.07500       -6.3145548761510822E-002  -4.9507693709039958E-013  -2.4103749780170414E-024   4.4775764715389028E-030   2.0642089551721589E-036   4.1823117127644203E-042   1.9579293871504715E-047   1.1125294562364220E-052
   2.6522797821901456E+043  -2.1867019055297791E+054  -2.0054605657058330E+054  -1.9084914372238764E+047  -3.4088028840398168E+036  -9.8814401389385746E+023  -117633191863.39816       -5.8737422419597979E-002  -4.5747394489662917E-013  -2.2134156535407789E-024   4.0882253423196742E-030   1.8758176084709110E-036   3.7904416703953945E-042   1.7781931398861481E-047   1.0274022596723820E-052
   2.5709914399408473E+043  -2.3079916069596314E+054  -1.9692141548032273E+054  -1.8413686097358495E+047  -3.2490049570400925E+036  -9.3278738897371425E+023  -110154996916.74301       -5.4613128773291005E-002  -4.2253810466802677E-013  -2.0315701314583645E-024   3.7306413216536874E-030   1.7034068863118817E-036   3.4317786843289799E-042   1.6121051251164316E-047   9.4467470141115374E-053
   2.4915282210294192E+043  -2.4194438145926183E+054  -1.9322111892308220E+054  -1.7757313710311406E+047  -3.0952988556083232E+036  -8.8014260508488411E+023  -103107487960.32463       -5.0756686111620965E-002  -3.9010003440663440E-013  -1.8637906955965614E-024   3.4024933244400210E-030   1.5457875888934223E-036   3.1040463112597682E-042   1.4591372023559917E-047   8.6527777569358163E-053
   2.4138697858664304E+043  -2.5215225997395260E+054  -1.8945805975672169E+054  -1.7116146621205479E+047  -2.9475602695577890E+036  -8.3010843458699275E+023  -96469783301.139130       -4.7152778181954166E-002  -3.5999892540897686E-013  -1.7090888238679171E-024   3.1015870453753797E-030   1.4018346775093582E-036   2.8050336890544836E-042   1.3186724885856763E-047   7.8984597101974852E-053
   2.3379949660994103E+043  -2.6146759846662227E+054  -1.8564424690777368E+054  -1.6490460636614738E+047  -2.8056574079648975E+036  -7.8258454631495196E+023  -90221640780.706238       -4.3786753380517761E-002  -3.3208237296665171E-013  -1.5665336030380596E-024   2.8258618900503770E-030   1.2704878404603665E-036   2.5326123977452765E-042   1.1900364232389868E-047   7.1878018498860772E-053
   2.2638818406408691E+043  -2.6993362637417722E+054  -1.8179084953523148E+054  -1.5880464035347280E+047  -2.6694522634498329E+036  -7.3747183598430800E+023  -84343479495.742371       -4.0644619823956014E-002  -3.0620617066134906E-013  -1.4352499061947778E-024   2.5733870849045895E-030   1.1507511482646475E-036   2.2847484189596611E-042   1.0725214242875740E-047   6.5229913582339860E-053
   2.1915078079339522E+043  -2.7759203328515335E+054  -1.7790823960946095E+054  -1.5286303274630266E+047  -2.5388017643153742E+036  -6.9467271159573103E+023  -78816395097.922729       -3.7713036937263550E-002  -2.8223407567377337E-013  -1.3144163909215002E-024   2.3423571634375656E-030   1.0416919897585069E-036   2.0595101074852589E-042   9.6540624846091768E-048   5.9048121051671469E-053
   2.1208496545935577E+043  -2.8448300256634015E+054  -1.7400603292553109E+054  -1.4708068343747966E+047  -2.4135588221825091E+036  -6.5409133793303577E+023  -73622169443.617508       -3.4979304123078613E-002  -2.6003755155691685E-013  -1.2032633676319464E-024   2.1310869951079550E-030   9.4243945014730724E-037   1.8550729435504513E-042   8.6797099209022566E-048   5.3329837927949578E-053
   2.0518836205574293E+043  -2.9064524554357561E+054  -1.7009312857335369E+054  -1.4145797781730501E+047  -2.2935732823536164E+036  -6.1563384394889970E+023  -68743275293.138458       -3.2431347013525541E-002  -2.3949549406064894E-013  -1.1010705800240884E-024   1.9380064965085172E-030   8.5218226582058388E-037   1.6697217103713988E-042   7.7950851891185055E-048   4.8064354343035377E-053
   1.9845854608783309E+043  -2.9611603611509463E+054  -1.6617774688974448E+054  -1.3599483375232959E+047  -2.1786927837400337E+036  -5.7920849654998664E+023  -64162876693.232086       -3.0057701748037680E-002  -2.2049394482646521E-013  -1.0071649330454291E-024   1.7616551411843769E-030   7.7016646822756266E-037   1.5018506356898514E-042   6.9933297362852798E-048   4.3235246191279337E-053
   1.9189305042850722E+043  -3.0093124568484284E+054  -1.6226746591989204E+054  -1.3069074552270910E+047  -2.0687635348109865E+036  -5.4472584402778266E+023  -59864825615.948433       -2.7847497668374552E-002  -2.0292579708919901E-013  -9.2091819802483318E-025   1.6006763644244055E-030   6.9569280983385964E-037   1.3499619458978805E-042   6.2678593185431584E-048   3.8822121420347021E-053
   1.8548937086367626E+043  -3.0512537831171732E+054  -1.5836925641777594E+054  -1.2554482486993121E+047  -1.9636310116553273E+036  -5.1209883213237959E+023  -55833655371.256859       -2.5790438774908244E-002  -1.8669049691806054E-013  -8.4174471962594746E-025   1.4538119421093654E-030   6.2811404871943495E-037   1.2126632047366015E-042   5.6124064545850718E-048   3.4801999928328477E-053
   1.7924497133913307E+043  -3.0873160597878639E+054  -1.5448951541683340E+054  -1.2055583930178315E+047  -1.8631405838963758E+036  -4.8124289555298098E+023  -52054571259.548607       -2.3876784245764671E-002  -1.7169374299478767E-013  -7.6909914493023967E-025   1.3198964078985807E-030   5.6683215435738546E-037   1.0886637435748362E-042   5.0210476486239759E-048   3.1150393715167017E-053
   1.7315728892059944E+043  -3.1178180389418824E+054  -1.5063409840365839E+054  -1.1572224779643547E+047  -1.7671380738633877E+036  -4.5207602735033409E+023  -48513438883.151154       -2.2097328282168496E-002  -1.5784718745492850E-013  -7.0247419118917340E-025   1.1978515603720042E-030   5.1129548520488643E-037   9.7677043528017611E-043   4.4882185445569709E-048   2.7842142729013795E-053
   1.6722373847840534E+043  -3.1430658574263094E+054  -1.4680835012875304E+054  -1.1104223404249574E+047  -1.6754702541006845E+036  -4.2451882868190647E+023  -45196770492.888901       -2.0443379508987208E-002  -1.4506813990291284E-013  -6.4139846552795147E-025   1.0866811009449189E-030   4.6099597865473208E-037   8.7588301726789440E-043   4.0087196220377620E-048   2.4852052429873879E-053
   1.6144171710790824E+043  -3.1633533881323190E+054  -1.4301713408935406E+054  -1.0651373734686002E+047  -1.5879852879871523E+036  -3.9849454096972231E+023  -42091709706.282822       -1.8906740128659651E-002  -1.3327927634677974E-013  -5.8543434707768279E-025   9.8546543419816120E-031   4.1546638538788766E-037   7.8498913022270585E-043   3.5777145818238803E-048   2.2155371189092119E-053
   1.5580860829643430E+043  -3.1789625893586040E+054  -1.3926486072015070E+054  -1.0213448133718148E+047  -1.5045331179444455E+036  -3.7392906248267116E+023  -39186014897.925484       -1.7479684999111941E-002  -1.2240835447891752E-013  -5.3417593960512484E-025   8.9335665450581320E-031   3.7427757301563361E-037   7.0315920617116776E-043   3.1907231789053225E-048   1.9728139019942501E-053
   1.5032178584720123E+043  -3.1901638516419834E+054  -1.3555551432831021E+054  -9.7902000580801613E+046  -1.4249658054315666E+036  -3.5075095113913233E+023  -36468041529.652969       -1.6154940781619467E-002  -1.1238793645015203E-013  -4.8724710065146271E-025   8.0957373630826980E-031   3.3703591791372861E-037   6.2954131212039954E-043   2.8436099363023875E-048   1.7547433592911391E-053
   1.4497861757036416E+043  -3.1972163414942877E+054  -1.3189267880965141E+054  -9.3813665237069829E+046  -1.3491378266562759E+036  -3.2889141518126762E+023  -33926723658.128063       -1.4925665282598387E-002  -1.0315512004163036E-013  -4.4429955144121494E-025   7.3339793990717440E-031   3.0338079916472588E-037   5.6335603257982437E-043   2.5325699004186719E-048   1.5591534860161426E-053
   1.3977646875101132E+043  -3.2003683415381339E+054  -1.2827956218307145E+054  -8.9866703855123323E+046  -1.2769063276796628E+036  -3.0828429322869905E+023  -31551554830.132744       -1.3785427093758662E-002  -9.4651278928271777E-014  -4.0501107034128076E-025   6.6416844010566543E-031   2.7298220439401922E-037   5.0389145526459814E-043   2.2541123722223052E-048   1.3840025753613946E-053
   1.3471270540362833E+043  -3.1998575865844639E+054  -1.2471901998044896E+054  -8.6058224424424476E+046  -1.2081313423488906E+036  -2.8886602508589177E+023  -29332568551.037453       -1.2728185617695406E-002  -8.6821812545538228E-014  -3.6908377140454739E-025   6.0127818125601546E-031   2.4553845388527940E-037   4.5049830855535743E-043   2.0050433602775935E-048   1.2273843208356346E-053
   1.2978469732224432E+043  -3.1959115952418822E+054  -1.2121357752923521E+054  -8.2385233780670770E+046  -1.1426759762641864E+036  -2.7057561455381831E+023  -27260318489.378693       -1.1748271550628585E-002  -7.9615905914707903E-014  -3.3624246849230680E-025   5.4416995919611817E-031   2.2077404658324479E-037   4.0258528635457722E-043   1.7824473457661601E-048   1.0875291094504600E-053
   1.2498982093517469E+043  -3.1887479966919643E+054  -1.1776545116481513E+054  -7.8844655465106930E+046  -1.0804065597692596E+036  -2.5335458538182353E+023  -25325858560.054771       -1.0840367880431714E-002  -7.2986299647832723E-014  -3.0623312460834322E-025   4.9233272805926709E-031   1.9843762934253083E-037   3.5961458540250247E-043   1.5836688210140912E-048   9.6280244288911907E-054
   1.2032546197298137E+043  -3.1785748523061141E+054  -1.1437656840948193E+054  -7.5433346130793768E+046  -1.0211927727490624E+036  -2.3714693138949480E+023  -23520723010.175903       -9.9994914461433455E-003  -6.6889070239519258E-014  -2.7882138537133477E-025   4.4529812794346255E-031   1.7830008897915823E-037   3.2109767152458960E-043   1.4062939573334812E-048   8.5170124091395170E-054
   1.1578901795798300E+043  -3.1655909718181418E+054  -1.1104858715453929E+054  -7.2148110585025521E+046  -9.6490774382476531E+035  -2.2189906169025031E+023  -21836906614.921093       -9.2209750946704739E-003  -6.1283420656258910E-014  -2.5379119498028322E-025   4.0263722785308112E-031   1.6015276525694602E-037   2.8659128436056564E-043   1.2481326714995606E-048   7.5284863044214884E-054
   1.1137790052336548E+043  -3.1499862238028765E+054  -1.0778291388162806E+054  -6.8985715552844478E+046  -9.1142812635259159E+035  -2.0755974185778588E+023  -20266845075.715687       -8.5004504612245374E-003  -5.6131481153145160E-014  -2.3094349257161098E-025   3.6395747711276028E-031   1.4380578183358454E-037   2.5569368460175672E-043   1.1072012897836045E-048   6.6498769968089755E-054
   1.0708953756966660E+043  -3.1319418402447537E+054  -1.0458072095888425E+054  -6.5942902242482659E+046  -8.6063415346032380E+035  -1.9408003179300155E+023  -18803395699.513905       -7.8338313920444397E-003  -5.1398120180574608E-014  -2.1009498651007485E-025   3.2889985754480766E-031   1.2908649134935524E-037   2.2804114340738224E-043   9.8170595149052943E-049   5.8697459502273026E-054
   1.0292137526613736E+043  -3.1116307150116879E+054  -1.0144296304697880E+054  -6.3016397789567194E+046  -8.1240967419245301E+035  -1.8141322097209850E+023  -17439818425.823410       -7.2172980210354360E-003  -4.7050765188247020E-014  -1.9107700388444922E-025   2.9713622804882468E-031   1.1583803022074712E-037   2.0330467028557870E-043   8.7002684816057296E-049   5.1777125532206784E-054
   9.8870879904218741E+042  -3.0892176960786887E+054  -9.8370392649475376E+053  -6.0202925653062798E+046  -7.6664217268164556E+035  -1.6951476168577487E+023  -16169757257.227293       -6.6472815059767151E-003  -4.3059233088952796E-014  -1.7373441228044289E-025   2.6836685278352833E-031   1.0391797826367251E-037   1.8118697314415392E-043   7.7070335808767327E-049   4.5643801056143512E-054
   9.4935539610113757E+042  -3.0648598713727415E+054  -9.5363574841279555E+053  -5.7499215032191464E+046  -7.2322277212008239E+035  -1.5834220081443634E+023  -14987222139.433325       -6.1204494248231437E-003  -3.9395570108919512E-014  -1.5792461076652093E-025   2.4231810388971040E-031   9.3197117984205786E-038   1.6141964229807140E-043   6.8242010698156071E-049   4.0212621713104621E-054
   9.1112865923182432E+042  -3.0387068481355999E+054  -9.2422901208245606E+053  -5.4902009369967984E+046  -6.8204622516883636E+035  -1.4785511062469447E+023  -13886571328.210537       -5.6336918282561934E-003  -3.6033900723682734E-014  -1.4351658694355878E-025   2.1874032957866502E-031   8.3558288211169941E-038   1.4376054884586327E-043   6.0399396310791195E-049   3.5407105777488465E-054
   8.7400395246641244E+042  -3.0109010257243623E+054  -8.9548603030265745E+053  -5.2408074005519567E+046  -6.4301089231641185E+035  -1.3801501901777727E+023  -12862494272.865437       -5.1841079409424085E-003  -3.2950285357485276E-014  -1.3039003686813695E-025   1.9740587841541938E-031   7.4895326681054445E-038   1.2799144689472954E-043   5.3436195794852398E-049   3.1158459884647707E-054
   8.3795690176808762E+042  -2.9815778617911916E+054  -8.6740763739393365E+053  -5.0014203034018920E+046  -6.0601870957848576E+035  -1.2878533961048342E+023  -11909995039.078243       -4.7689935008593505E-003  -3.0122586509144690E-014  -1.1843454465446245E-025   1.7810727072775304E-031   6.7112096201837721E-038   1.1391576853918010E-043   4.7257011038170745E-049   2.7404916931859499E-054
   8.0296340716905303E+042  -2.9508661318033442E+054  -8.3999330683755068E+053  -4.7717225429851426E+046  -5.7097514681936608E+035  -1.2013130198363617E+023  -11024376287.883907       -4.3858287234806786E-003  -2.7530342957321450E-014  -1.0754881858499802E-025   1.6065550825068283E-031   6.0121589101582937E-038   1.0135660020958247E-043   4.1776312279768839E-049   2.4091110370969139E-054
   7.6899965381187123E+042  -2.9188881818829019E+054  -8.1324126227189426E+053  -4.5514010485556876E+046  -5.3778915787135437E+035  -1.1201988239133458E+023  -10201223822.269428       -4.0322668755120418E-003  -2.5154651692427217E-014  -9.7639980609377111E-026   1.4487851335514311E-031   5.3845104796124039E-038   9.0154828945436351E-044   3.6917491077201840E-049   2.1167487364831024E-054
   7.3604212194974254E+042  -2.8857601749623724E+054  -7.8714858213718590E+053  -4.3401472616133667E+046  -5.0637312353069959E+035  -1.0441973518636248E+023  -9436391708.2007637       -3.7061234411822860E-003  -2.2978057220375554E-014  -8.8622906180306877E-026   1.3061968949488352E-031   4.8211495475998294E-038   8.0167447264086029E-044   3.2611992337037387E-049   1.8589761929885968E-054
   7.0406759595916020E+042  -2.8515923302676594E+054  -7.6171129825116387E+053  -4.1376575575465548E+046  -4.7664278841780019E+035  -9.7301125182625195E+022  -8725987972.8268757       -3.4053658627697524E-003  -2.0984447884419287E-014  -8.0419611459810083E-026   1.1773659482521627E-031   4.3156475106218079E-038   7.1266005547835086E-044   2.8798520839320682E-049   1.6318408157434162E-054
   6.7305317241628656E+042  -2.8164891561539502E+054  -7.3692448858986825E+053  -3.9436336128925994E+046  -4.4851719260441514E+035  -9.0635861144185275E+022  -8066360879.0779352       -3.1281038360361918E-003  -1.9158958854929721E-014  -7.2958685025805197E-026   1.0609972129117801E-031   3.8621987145395983E-038   6.3335201227133488E-044   2.5422317551021972E-049   1.4318192834812060E-054
   6.4297626728637155E+042  -2.7805496763328555E+054  -7.1278236453913774E+053  -3.7577827223630367E+046  -4.2191859883155011E+035  -8.4397230562118744E+022  -7454085772.8267145       -2.8725801405103677E-003  -1.7487881442706919E-014  -6.6174761314663748E-026   9.5591371842582222E-032   3.4555626616467592E-038   5.6271594466817473E-044   2.2434500997096917E-049   1.2557746223899081E-054
   6.1381462227355714E+042  -2.7438676495407702E+054  -6.8927835287389082E+053  -3.5798180695338496E+046  -3.9677241606806804E+035  -7.8559935854785799E+022  -6885952496.1687174       -2.6371619840734259E-003  -1.5958578398877072E-014  -6.0008033147455393E-026   8.6104628802418618E-032   3.0910112394341187E-038   4.9982440543563763E-044   1.9791469015339199E-049   1.1009169356267204E-054
   5.8554631037650194E+042  -2.7065317827089632E+054  -6.6640517271375082E+053  -3.4094589548656978E+046  -3.7300712009163283E+035  -7.3100032103992776E+022  -6358953358.1530294       -2.4203328410160063E-003  -1.4559404873292265E-014  -5.4403800803930240E-026   7.7542406787416353E-032   2.7642805811825083E-038   4.4384629617345220E-044   1.7454356341795005E-049   9.6476759374283989E-055
   5.5814974069340386E+042  -2.6686259377054083E+054  -6.4415490769510927E+053  -3.2464309844948319E+046  -3.5055417171003535E+035  -6.7994866418718482E+022  -5870271652.4222822       -2.2206847626337423E-003  -1.3279634713303065E-014  -4.9312055227072143E-026   6.9816583950706015E-032   2.4715271920604163E-038   3.9403725132930152E-044   1.5388543640183288E-049   8.4512667888543487E-055
   5.3160366251820691E+042  -2.6302293317269059E+054  -6.2251907359133435E+053  -3.0904662230220204E+046  -3.2934793318198658E+035  -6.3223018999400932E+022  -5417270709.6590776       -2.0369111394772164E-003  -1.2109391795570160E-014  -4.4687093060768176E-026   6.2847205682659321E-032   2.2092879976056753E-038   3.4973092627567462E-044   1.3563213787837900E-049   7.4004346727534391E-055
   5.0588716876803000E+042  -2.5914167314277146E+054  -6.0148868160452381E+053  -2.9413033133238398E+046  -3.0932558334182298E+035  -5.8764245959057873E+022  -4997483471.4544230       -1.8677998945515794E-003  -1.1039586094995384E-014  -4.0487161342517184E-026   5.6561755264202208E-032   1.9744439941145785E-038   3.1033111258676135E-044   1.1950951451188324E-049   6.4778973223139319E-055
   4.8097969878017959E+042  -2.5522586408776859E+054  -5.8105429754401781E+053  -2.7986875662178729E+046  -2.9042703188200116E+035  -5.4599423942586362E+022  -4608602571.1800709       -1.7122270870492567E-003  -1.0061854206695805E-014  -3.6674129791111923E-026   5.0894486314879070E-032   1.7641872023826917E-038   2.7530460893441797E-044   1.0527382217008875E-049   5.6683565241534671E-055
   4.5686104051547063E+042  -2.5128214834489213E+054  -5.6120609709881195E+053  -2.6623710226303343E+046  -2.7259483320050538E+035  -5.0710496572301151E+022  -4248470906.6335812       -1.5691509065783268E-003  -9.1685040490543718E-015  -3.3213188745038533E-026   4.5785812213943643E-032   1.5759906473168529E-038   2.4417478115275513E-044   9.2708477847378545E-050   4.9582811578979619E-055
   4.3351133220300736E+042  -2.4731677777352657E+054  -5.4193391740309191E+053  -2.5321124907410211E+046  -2.5577410017712613E+035  -4.7080422735991328E+022  -3915072688.6065879       -1.4376060383031277E-003  -8.3524634881189835E-015  -3.0072570920274430E-026   4.1181747995478718E-032   1.4075811060809331E-038   2.1651574996098902E-044   8.1621139647763826E-050   4.3357121804257899E-055
   4.1091106346004946E+042  -2.4333563076135098E+054  -5.2322730508632289E+053  -2.4076775604160326E+046  -2.3991241820276045E+035  -4.3693126723368588E+022  -3606524949.0804377       -1.3166983799282387E-003  -7.6072326358726512E-015  -2.7223295265709862E-026   3.7033400527105613E-032   1.2569143865920118E-038   1.9194714955538034E-044   7.1841084637553195E-050   3.7900876416342712E-055
   3.8904107591911758E+042  -2.3934422865591746E+054  -5.0507556099171661E+053  -2.2888385970829198E+046  -2.2495975974922360E+035  -4.0533450207629027E+022  -3321069492.4579883       -1.2056000920197530E-003  -6.9268395870626319E-015  -2.4638931300168516E-026   3.3296503075662896E-032   1.1221529163158530E-038   1.7012940476437608E-044   6.3216856672668760E-050   3.3120859285326602E-055
   3.6788256339306868E+042  -2.3534775163330771E+054  -4.8746778173944616E+053  -2.1753747170556250E+046  -2.1086839973334550E+035  -3.7587106060842123E+022  -3057065273.0769777       -1.1035449637577190E-003  -6.3057993712757160E-015  -2.2295382416666883E-026   2.9930990642009072E-032   1.0016454384077256E-038   1.5075947869512903E-044   5.5614158512845121E-050   2.8934855502959656E-055
   3.4741707160749722E+042  -2.3135105401577214E+054  -4.7039289830370754E+053  -2.0670717461773116E+046  -1.9759283189815809E+035  -3.4840633984912019E+022  -2812981182.2020707       -1.0098240768412841E-003  -5.7390759087133530E-015  -2.0170686736926465E-026   2.6900612710750422E-032   8.9390862830903891E-039   1.3356704677915122E-044   4.8913964639005293E-050   2.5270398949729938E-055
   3.2762649752849681E+042  -2.2735867905048394E+054  -4.5383971176563245E+053  -1.9637221635176691E+046  -1.8508968640558268E+035  -3.2281357933832151E+022  -2587389227.7438102       -9.2378175091510975E-004  -5.2220467696006955E-015  -1.8244834192109365E-026   2.4172580309308374E-032   7.9761045895671383E-039   1.1831105684954992E-044   4.3010833180911983E-050   2.2063655060584184E-055
   3.0849308831253204E+042  -2.2337487316172614E+054  -4.3779692639715772E+053  -1.8651250317372023E+046  -1.7331764880902570E+035  -2.9897345297786083E+022  -2378958090.0896411       -8.4481175454483666E-004  -4.7504705483149828E-015  -1.6499598594222318E-026   2.1717244504557552E-032   7.1155515681503642E-039   1.0477663835543610E-044   3.7811397233953809E-050   1.9258425420520176E-055
   2.8999943990394597E+042  -2.1940359968896677E+054  -4.2225318022423799E+053  -1.7710859156140038E+046  -1.6223738055052208E+035  -2.7677367815254378E+022  -2186447037.6422024       -7.7235376643460820E-004  -4.3204566741080955E-015  -1.4918383546614315E-026   1.9507803684636803E-032   6.3466960403062671E-039   9.2772327046890583E-045   3.3233017594190926E-050   1.6805261929478594E-055
   2.7212849530443258E+042  -2.1544855212337940E+054  -4.0719707321126940E+053  -1.6814167901182990E+046  -1.5181144110537747E+035  -2.5610864175593151E+022  -2008700185.9322414       -7.0589007224556167E-004  -3.9284374907005780E-015  -1.3486081121510821E-026   1.7520037178898591E-032   5.6599105417718315E-039   8.2127574454679559E-045   2.9202580569683931E-050   1.4660679332853272E-055
   2.5486354253766547E+042  -2.1151316685542620E+054  -3.9261719320226413E+053  -1.5959359393163152E+046  -1.4200421187750277E+035  -2.3687904271486809E+022  -1844641084.4976451       -6.4494248303630466E-004  -3.5711424470223548E-015  -1.2188942307649791E-026   1.5732062960821558E-032   5.0465604033872416E-039   7.2690514252621070E-045   2.5655426035760655E-050   1.2786455912739263E-055
   2.3818821233116892E+042  -2.0760063544615178E+054  -3.7850213974818524E+053  -1.5144678472874669E+046  -1.3278182193067563E+035  -2.1899155058180777E+022  -1693267616.0873322       -5.8906946200085913E-004  -3.2455742509569861E-015  -1.1014458301907011E-026   1.4124117357617720E-032   4.4989036472158669E-039   6.4325960138074484E-045   2.2534392295798850E-050   1.1149013071767017E-055
   2.2208647553645775E+042  -2.0371391643482975E+054  -3.6484054594391460E+053  -1.4368430821471536E+046  -1.2411207562467043E+035  -2.0235847974411611E+022  -1553647193.1511817       -5.3786344682321588E-004  -2.9489868471052347E-015  -9.9512517854384351E-027   1.2678354856804811E-032   4.0100006863130043E-039   5.6913612209075802E-045   1.9788965591938049E-050   9.7188654142164926E-056
   2.0654264030745192E+042  -1.9985574669557682E+054  -3.5162109839258820E+053  -1.3628981741814187E+046  -1.1596438221045034E+035  -1.8689747878418145E+022  -1424912237.0076394       -4.9094835559785222E-004  -2.6788650883178213E-015  -8.9889773874609960E-027   1.1378666254788946E-032   3.5736329054610665E-039   5.0346450967142657E-045   1.7374523287228659E-050   8.4701337379099862E-056
   1.9154134905619026E+042  -1.9602865235548901E+054  -3.3883255540948476E+053  -1.2924754890189459E+046  -1.0830968742529886E+035  -1.7253123451289239E+022  -1306255925.5329940       -4.4797726488017678E-004  -2.4329059790580850E-015  -8.1182305984889353E-027   1.0210513536128252E-032   3.1842292820969922E-039   4.4529300044791742E-045   1.5251660817897346E-050   7.3801140962280020E-056
   1.7706757520392389E+042  -1.9223495928677428E+054  -3.2646376357230141E+053  -1.2254230966902081E+046  -1.0112040711677686E+035  -1.5918719019135757E+022  -1196928195.6849439       -4.0863024902815102E-004  -2.2090013765475324E-015  -7.3304644497981644E-027   9.1607800052384212E-033   2.8368002819643092E-039   3.9377540558323174E-045   1.3385593497731127E-050   6.4288967744652785E-056
   1.6310661974476352E+042  -1.8847680318525400E+054  -3.1450367271948666E+053  -1.1615946373527058E+046  -9.4370362913620330E+034  -1.4679727745125998E+022  -1096231987.6531658       -3.7261237057496571E-004  -2.0052220431280929E-015  -6.6179133272705790E-027   8.2176343154666537E-033   2.5268783331639727E-039   3.4815961631152871E-045   1.1745625152233830E-050   5.5990296512688466E-056
   1.4964410763818410E+042  -1.8475613924748458E+054  -3.0294134949332573E+053  -1.1008491843949243E+046  -8.8034719952056315E+034  -1.3529766142257161E+022  -1003519717.9168966       -3.3965181193157374E-004  -1.8198029503535189E-015  -5.9735233357412783E-027   7.3704071542992126E-033   2.2504642456774485E-039   3.0777733132282670E-045   1.0304676374335681E-050   4.8752209871297164E-056
   1.3666598404585259E+042  -1.8107475145860896E+054  -2.9176598951968312E+053  -1.0430511055696540E+046  -8.2089926657413629E+034  -1.2462849857816145E+022  -918189968.98032176       -3.0949813925639218E-004  -1.6511297420096515E-015  -5.3908886747034207E-027   6.6094794485627141E-033   2.0039790014984715E-039   2.7203488039305762E-045   9.0388659320664726E-051   4.2440772011498494E-056
   1.2415851042744308E+042  -1.7743426150289640E+054  -2.8096692831170082E+053  -9.8806992274944083E+045  -7.6513656573264724E+034  -1.1473370680780294E+022  -839684384.04759753       -2.8192068984707813E-004  -1.4977262695713540E-015  -4.8641935278868147E-027   5.9261810503949113E-033   1.7842203936249109E-039   2.4040503076071512E-045   7.9271395275692003E-051   3.6938716680251937E-056
   1.1210826050933290E+042  -1.7383613730875712E+054  -2.7053365098031922E+053  -9.3578017084291335E+045  -7.1284752223575122E+034  -1.0556074723893905E+022  -767484755.38787663       -2.5670707490568892E-004  -1.3582431195459372E-015  -4.3881590079839952E-027   5.3126989540396966E-033   1.5883240406981673E-039   2.1241967401655090E-045   6.9509407117262731E-051   3.2143409928583085E-056
   1.0050211613933462E+042  -1.7028170123983912E+054  -2.6045580083023564E+053  -8.8606125636039461E+045  -6.6383170987384460E+034  -9.7060417328039697E+021  -701110295.62433410       -2.3366179000366063E-004  -1.2314470577426840E-015  -3.9579947338153264E-027   4.7619941756839347E-033   1.4137283483839181E-039   1.8766330148909380E-045   6.0939193048090923E-051   2.7965056054856736E-056
   8.9327263039910263E+041  -1.6677213794362264E+054  -2.5072318691583014E+053  -8.3879731607032914E+045  -6.1789932960334914E+034  -8.9186654754254566E+021  -640115081.65789020       -2.1260492602694929E-004  -1.1162113207599805E-015  -3.5693546506622528E-027   4.2677265040961968E-033   1.2581430289942160E-039   1.6576718536363678E-045   5.3416731659602019E-051   2.4325118618270289E-056
   7.8571186471636009E+041  -1.6330850186872515E+054  -2.4132579062767513E+053  -7.9387707614443892E+045  -5.7487070772830265E+034  -8.1896351656112292E+021  -584085661.40439069       -1.9337097381456477E-004  -1.0115066899101802E-015  -3.2182967355101157E-027   3.8241863992208895E-033   1.1195208276663021E-039   1.4640419114750645E-045   4.6815195976814792E-051   2.1154931505558657E-056
   6.8221666818035238E+041  -1.5989172446192160E+054  -2.3225377137648801E+053  -7.5119371214899960E+045  -5.3457581330699785E+034  -7.5149178762058415E+021  -532638813.98200369       -1.7580771611589983E-004  -9.1639328742243928E-016  -2.9012462576784170E-027   3.4262333795717448E-033   9.9603213692782533E-040   1.2928415466606022E-045   4.1022930702239446E-051   1.8394477822111272E-056
   5.8266775102275141E+041  -1.5652262105566708E+054  -2.2349747143779621E+053  -7.1064471020200986E+045  -4.9685379440896165E+034  -6.8907418976485177E+021  -485419454.43234915       -1.5977520088411522E-004  -8.3001303909009253E-016  -2.6149622919208230E-027   3.0692402976772775E-033   8.8604221196201274E-040   1.1414976361263921E-045   3.5941663089356152E-051   1.5991316876033351E-056
   4.8694868445626622E+041  -1.5320189745668681E+054  -2.1504742001713963E+053  -6.7213172958114644E+045  -4.6155253281928446E+034  -6.3135809994435320E+021  -442098674.49345118       -1.4514479029485310E-004  -7.5158275157633812E-016  -2.3565072056871813E-027   2.7490429563539494E-033   7.8809072659173336E-040   1.0077288984711048E-045   3.1484921089992962E-051   1.3899641757111678E-056
   3.9494585477017104E+041  -1.4993015624597143E+054  -2.0689433659234714E+053  -6.3556046703509174E+045  -4.2852821676371614E+034  -5.7801395530221518E+021  -402371911.36423570       -1.3179828023225941E-004  -6.8038775637443759E-016  -2.1232188649866442E-027   2.4618945675926228E-033   7.0087343516246514E-040   8.8951324202088775E-046   2.7576635300643473E-051   1.2079452007250930E-056
   3.0654841702460429E+041  -1.4670790280028337E+054  -1.9902913358627915E+053  -6.0084052302094087E+045  -3.9764493120860255E+034  -5.2873384757669879E+021  -365957236.80843353       -1.1962708531827691E-004  -6.1577607595046797E-016  -1.9126853242997828E-027   2.2044246006890001E-033   6.2322572833802727E-040   7.8505870569104043E-046   2.4149903812455579E-051   1.0495827657928096E-056
   2.2164824842627283E+041  -1.4353555104504614E+054  -1.9144291842042227E+053  -5.6788527006279447E+045  -3.6877426527425151E+034  -4.8323019572461699E+021  -332593759.33994806       -1.0853148487704532E-004  -5.5715307089159439E-016  -1.7227217853768036E-027   1.9736016072550177E-033   5.5410789153043197E-040   6.9277760550041893E-046   2.1145901377615544E-051   9.1182924949281541E-057
   1.4013990146321463E+041  -1.4041342894825205E+054  -1.8412699499685615E+053  -5.3661172340117327E+045  -3.4179493628830772E+034  -4.4123449300014748E+021  -302040132.61175013       -9.8419925524662736E-005  -5.0397652995423215E-016  -1.5513496276410317E-027   1.7666996482196441E-033   4.9259189345186482E-040   6.1126354019049236E-046   1.8512916367959512E-051   7.9202558206560525E-057
   6.1920556871515275E+040  -1.3734178376478441E+054  -1.7707286465337591E+053  -5.0694041407943145E+045  -3.1659242999684589E+034  -4.0249612485428175E+021  -274073163.49599880       -8.9208376356185166E-005  -4.5575216776722709E-016  -1.3967773293976793E-027   1.5812679821472843E-033   4.3784954927367355E-040   5.3927094589729229E-046   1.6205500844321100E-051   6.8785232375600050E-057
  -1.3110023497664152E+040  -1.3432078704031244E+054  -1.7027222663394548E+053  -4.7879526459176190E+045  -2.9305865644483728E+034  -3.6678125415137993E+021  -248486513.69429129       -8.0819732967247064E-005  -4.1202949760772478E-016  -1.2573831142275266E-027   1.4151037054333313E-033   3.8914191826180794E-040   4.7569692261107151E-046   1.4183720699621160E-051   5.9728680889414971E-057
  -8.5049543846726147E+040  -1.3135053938367712E+054  -1.6371697811417203E+053  -4.5210346719756837E+045  -2.7109162103411564E+034  -3.3387177033027153E+021  -225089489.05376306       -7.3183266797755757E-005  -3.7239804914363957E-016  -1.1316991709175331E-027   1.2662270634235609E-033   3.4580980967511866E-040   4.1956508459353426E-046   1.2412494305234292E-051   5.1856561804625194E-057
  -1.5399322157605326E+041  -1.2843107501644729E+054  -1.5739921381912526E+053  -4.2679536498879981E+045  -2.5059511026569348E+034  -3.0356429926746706E+021  -203705911.08728582       -6.6234116520429945E-005  -3.3648390333801989E-016  -1.0183973081338045E-027   1.1328591774736470E-033   3.0726528329517604E-040   3.7001121333239533E-046   1.0861009397047016E-051   4.5015172803880452E-057
  -2.2003383434825396E+041  -1.2556236610808718E+054  -1.5131122526857334E+053  -4.0280433578021126E+045  -2.3147839167400982E+034  -2.7566927072883098E+021  -184173065.50442687       -5.9912818418190442E-005  -3.0394651884801170E-016  -9.1627591685955816E-028   1.0134019566266261E-033   2.7298404232558837E-040   3.2627051529469039E-046   9.5022091014353144E-052   3.9070576711266134E-057
  -2.8326176702004526E+041  -1.2274432690493976E+054  -1.4544549968256528E+053  -3.8006667887731606E+045  -2.1365592746320042E+034  -2.5001004042307513E+021  -166340722.85436562       -5.4164872902241745E-005  -2.7447582623497046E-016  -8.2424812447914768E-028   9.0641998413353880E-034   2.4249862666670005E-040   2.8766630796349178E-046   8.3123390371161282E-052   3.3906087098661344E-057
  -3.4376505839315802E+041  -1.1997681766099528E+054  -1.3979471857825342E+053  -3.5852150476294115E+045  -1.9704710135955452E+034  -2.2642206379529402E+021  -150070226.66288742       -4.8940344517758759E-005  -2.4778956814242318E-016  -7.4133103436126290E-028   8.1062418865465687E-034   2.1539232384003043E-040   2.5359997665231478E-046   7.2705483499859019E-052   2.9420069618636715E-057
  -4.0162944773905550E+041  -1.1725964837818152E+054  -1.3435175608691639E+053  -3.3811062773069539E+045  -1.8157595819977401E+034  -2.0475211882116735E+021  -135233644.71320614       -4.4193492967057415E-005  -2.2363086530442408E-016  -6.6663595394764294E-028   7.2485712782072728E-034   1.9129372319903674E-040   2.2354206160947284E-046   6.3585383568286497E-052   2.5524020050535111E-057
  -4.5693842105549945E+041  -1.1459258236368137E+054  -1.2910967701830623E+053  -3.1877846148222176E+045  -1.6717095578130101E+034  -1.8485757518213601E+021  -121712979.37505083       -3.9882432851606583E-005  -2.0176598982725502E-016  -5.9935952275099708E-028   6.4807972805760414E-034   1.6987184660378766E-040   1.9702435015190039E-046   5.5602532011162396E-052   2.2140884769916165E-057
  -5.0977325701607855E+041  -1.1197533961155668E+054  -1.2406173469770160E+053  -3.0047191769475616E+045  -1.5376472850866722E+034  -1.6660570731860221E+021  -109399433.12855929       -3.5968819994836672E-005  -1.8198232865079759E-016  -5.3877565936597995E-028   5.7935933932346456E-034   1.5083179553444887E-040   1.7363286218628816E-046   4.8616075698850888E-052   1.9203593518315224E-057
  -5.6021307257674858E+041  -1.0940760001573161E+054  -1.1920136859939659E+053  -2.8314030755617196E+045  -1.4129386237839955E+034  -1.4987304897183201E+021  -98192725.659442246       -3.2417562358006582E-005  -1.6408652145016365E-016  -4.8422825365450603E-028   5.1785897680420479E-034   1.3391086074272524E-040   1.5300162964902385E-046   4.2502470936999188E-052   1.6653778023502308E-057
  -6.0833486820621429E+041  -1.0688900642116883E+054  -1.1452220179879021E+053  -2.6673524625628483E+045  -1.2969868085435503E+034  -1.3454478693561726E+021  -88000459.120021582       -2.9196553701971751E-005  -1.4790275849080214E-016  -4.3512453673209297E-028   4.6282763377782552E-034   1.1887504605585676E-040   1.3480718127370471E-046   3.7153375599374424E-052   1.4440653256566858E-057
  -6.5421357270963224E+041  -1.0441916751985308E+054  -1.1001803826375717E+053  -2.5121056041565705E+045  -1.1892304119533304E+034  -1.2051419184577123E+021  -78737528.357520565       -2.6276428279096426E-005  -1.3327122510831868E-016  -3.9092906730228374E-028   4.1359156090116440E-034   1.0551596291287108E-040   1.1876365380965451E-046   3.2473795201464690E-052   1.2520040961508628E-057
  -6.9792208761762250E+041  -1.0199766059798336E+054  -1.0568286000457901E+053  -2.3652219842641296E+045  -1.0891414080731543E+034  -1.0768208393911625E+021  -70325573.106812879       -2.3630334962298671E-005  -1.2004668055427769E-016  -3.5115827830510829E-028   3.6954641719173337E-034   9.3648056680665938E-041   1.0461845948750698E-046   2.8380452714256936E-052   1.0853517600376997E-057
  -7.3953133111495574E+041  -9.9624034140565151E+053  -1.0151082410038533E+053  -2.2262814367359278E+045  -9.9622333203614160E+033  -9.5956331813719363E+020  -62692469.330147393       -2.1233729332806945E-005  -1.0809715993750186E-016  -3.1537553280336850E-028   3.3015020706488107E-034   8.3106129816348122E-041   9.2148447267091446E-047   2.4800355452935662E-052   9.4076710622041358E-058
  -7.7911028148554591E+041  -9.7297810299387595E+053  -9.7496259618800906E+052  -2.0948833060028052E+045  -9.1000953167471273E+033  -8.5251382318716590E+020  -55771857.061581045       -1.9064182355124489E-005  -9.7302788902666539E-017  -2.8318664256462941E-028   2.9491692602553428E-034   7.3743130555844129E-041   8.1156502306284003E-047   2.1669535504878475E-052   8.1534524224105131E-058
  -8.1672602005251058E+041  -9.5018487230169269E+053  -9.3633664444307608E+052  -1.9706456357508645E+045  -8.3006150723178392E+033  -7.5487819795128674E+020  -49502702.279395916       -1.7101204367398890E-005  -8.7554701529762055E-017  -2.5423580694172862E-028   2.6341084508079045E-034   6.5428179056783809E-041   7.1468534245037171E-047   1.8931942930620746E-052   7.0656107424300417E-058
  -8.5244377359409250E+041  -9.2785541304458561E+053  -8.9917702029711231E+052  -1.8532043851649670E+045  -7.5596733533485788E+033  -6.6591952978622847E+020  -43828890.486067191       -1.5326083208316392E-005  -7.8754052714366759E-017  -2.2820193344228572E-028   2.3524137070451521E-034   5.8044805841985197E-041   6.2930810385433517E-047   1.6538473420892949E-052   6.1222003948527673E-058
  -8.8632695621814911E+041  -9.0598429201681185E+053  -8.6343198084045995E+052  -1.7422126722507828E+045  -6.8734017352892411E+033  -5.8495427961239699E+020  -38698849.822799765       -1.3721735388199442E-005  -7.0811117004409446E-017  -2.0479530483758478E-028   2.1005842331168960E-034   5.1489380011078836E-041   5.5407594737230172E-047   1.4446114258474805E-052   5.3041517120824507E-058
  -9.1843721067972856E+041  -8.8456589886539490E+053  -8.2905137209253263E+052  -1.6373400437149864E+045  -6.2381684178287636E+033  -5.1134865691721348E+020  -34065201.684665799       -1.2272569292575656E-005  -6.3644466528659686E-017  -1.8375456082050573E-028   1.8754828274685725E-034   4.5669707041350397E-041   4.8779058252614023E-047   1.2617194347594482E-052   4.5948969081870825E-058
  -9.4883444912796625E+041  -8.6359446476783037E+053  -7.9598659497032071E+052  -1.5382717708575034E+045  -5.6505647750301023E+033  -4.4451522573295465E+020  -29884436.933352113       -1.0964359481481622E-005  -5.7180221259725887E-017  -1.6484396510595542E-028   1.6742985431085952E-034   4.0503778111388635E-041   4.2939429450847337E-047   1.1018725764535191E-052   3.9800442335902196E-058
  -9.7757689327014924E+041  -8.4306408006190820E+053  -7.6419057096374720E+052  -1.4447081709081995E+045  -5.1073926070563141E+033  -3.8390972793650066E+020  -26116615.927849326       -9.7841312175204036E-006  -5.1351365413741391E-017  -1.4785093149860300E-028   1.4945131339164513E-034   3.5918654776672124E-041   3.7795358084317069E-047   9.6218257764425002E-053   3.4470942075720579E-058
  -1.0047211139423268E+042  -8.2296871087429736E+053  -7.3361770761468160E+052  -1.3563639532227499E+045  -4.6056520611845392E+033  -3.2902811094443124E+020  -22725090.709461089       -8.7200544205425839E-006  -4.6097124303791634E-017  -1.3258378485291236E-028   1.3338709087254689E-034   3.1849474526563653E-041   3.3264467568048919E-047   8.4012095936787983E-053   2.9851925492878931E-058
  -1.0303220700772778E+042  -8.0330221479284101E+053  -7.0422386388859186E+052  -1.2729675897382664E+045  -4.1425301909696680E+033  -2.7940374757104635E+020  -19676247.786645368       -7.7613463070846890E-006  -4.1362396437841342E-017  -1.1886973503905975E-028   1.1903516520534161E-034   2.8238564276941261E-041   2.9274074626052186E-047   7.3347452845483459E-053   2.5849151074628176E-058
  -1.0544331470620050E+042  -7.8405835562583658E+053  -6.7596631552046015E+052  -1.1942607090783080E+045  -3.7153901235695969E+033  -2.3460483647985707E+020  -16939270.067773152       -6.8981820286749640E-006  -3.7097236087589840E-017  -1.0655304402331822E-028   1.0621463039235005E-034   2.5034650219601604E-041   2.5760057036658644E-047   6.4030633076694188E-053   2.2380806838090271E-058
  -1.0771061944782014E+042  -7.6523081728996805E+053  -6.4880372040967184E+052  -1.1199975136888657E+045  -3.3217608063766892E+033  -1.9423197229176147E+020  -14485916.586243853       -6.1216126750873557E-006  -3.3256381955219581E-017  -9.5493367989421952E-029   9.4763512155202436E-035   2.2192153674609949E-041   2.2665852518165407E-047   5.5892140225425874E-053   1.9375881658675976E-058
  -1.0983915632203338E+042  -7.4681321686698368E+053  -6.2269608413211379E+052  -1.0499442193815093E+045  -2.9593273052128854E+033  -1.5791587501635342E+020  -12290318.752858596       -5.4234900568560879E-006  -2.9798827933110762E-017  -8.5564258083480228E-029   8.4536807308077772E-035   1.9670563689353712E-041   1.9941573714966249E-047   4.8783673370111771E-053   1.6772748404994314E-058
  -1.1183381419871110E+042  -7.2879911686768200E+053  -5.9760472563162594E+052  -9.8387851665689290E+044  -2.6259216274369592E+033  -1.2531526904753675E+020  -10328791.955238394       -4.7963977261057554E-006  -2.6687432289778518E-017  -7.6651804873142508E-029   7.5404723827851307E-035   1.7433878111171093E-041   1.7543225949210654E-047   4.2575493537923685E-053   1.4517931576494957E-058
  -1.1369933931431694E+042  -7.1118203674029118E+053  -5.7349224314726246E+052  -9.2158905318097579E+044  -2.3195140443799458E+033  -9.6114902511748858E+019  -8579661.4036863968       -4.2335877362409004E-006  -2.3888561925874541E-017  -6.8653412984716234E-029   6.7251101347767710E-035   1.5450105740772664E-041   1.5432015917316893E-047   3.7154114981183750E-053   1.2565035623303622E-058
  -1.1544033879487928E+042  -6.9395546365888359E+053  -5.5032248042747819E+052  -8.6287493678742700E+044  -2.0382048885673747E+033  -7.0023698277590991E+019  -7023101.1975225918       -3.7289226794958872E-006  -2.1371768629237815E-017  -6.1476693631545379E-029   5.9971993817805076E-035   1.3690822961785205E-041   1.3573740855321993E-047   3.2420281545481964E-053   1.0873813172102445E-058
  -1.1706128411564185E+042  -6.7711286262607519E+053  -5.2806049327736992E+052  -8.0754525838255172E+044  -1.7802168022035319E+033  -4.6773028430451524E+019  -5640985.6558430661       -3.2768225769779947E-006  -1.9109494519676683E-017  -5.5038463883926948E-029   5.3474397894522515E-035   1.2130778947105467E-041   1.1938248890766120E-047   2.8287193218518509E-053   9.4093550419121154E-059
  -1.1856651449735428E+042  -6.6064768592290296E+053  -5.0667251648043684E+052  -7.5541863413350125E+044  -1.5438874143825660E+033  -2.6115104485755736E+019  -4416752.0221400531       -2.8722162288390888E-006  -1.7076804114266163E-017  -4.9263842565032458E-029   4.7675112264689220E-035   1.0747544173885718E-041   1.0498962358251922E-047   2.4678952181951529E-053   8.1413862570655376E-059
  -1.1996024023924598E+042  -6.4455338193746546E+053  -4.8612593113197043E+052  -7.0632276632634893E+044  -1.3276624254531962E+033  -7.8214760607149128E+018  -3335273.7135168095       -2.5104966627663839E-006  -1.5251140664162078E-017  -4.4085433597738031E-029   4.2499714587430884E-035   9.5211975435541671E-042   9.2324567958586207E-048   2.1529201414437125E-053   7.0436542935023318E-059
  -1.2124654598880157E+042  -6.2882340340263972E+053  -4.6638923241712164E+052  -6.6009402228767574E+044  -1.1300890778975159E+033   8.3183688521772820E+018  -2382743.3425846458       -2.1874803472617850E-006  -1.3612104615850190E-017  -3.9442588482213608E-029   3.7881644074470618E-035   8.4340479081972419E-042   8.1180891734787221E-048   1.8779932172550524E-053   6.0933975655952015E-059
  -1.2242939394852689E+042  -6.1345121507196017E+053  -4.4743199786290461E+052  -6.1657703077145680E+044  -9.4980999398961042E+032   2.2498308465218920E+019  -1546564.7937681878       -1.8993698623422398E-006  -1.2141252234827865E-017  -3.5280740361140054E-029   3.3761378931304512E-035   7.4703862560942077E-042   7.1376696436918560E-048   1.6380439560366208E-053   5.2708837063522527E-059
  -1.2351262701996072E+042  -5.9843030086155568E+053  -4.2922485608987424E+052  -5.7562429522213764E+044  -7.8555736137616213E+032   3.4896802704056721E+019  -815253.68588819867       -1.6427197444899976E-006  -1.0821912599310438E-017  -3.1550802835427671E-029   3.0085698966547374E-035   6.6162652127642895E-042   6.2751717615154237E-048   1.4286407934968953E-053   4.5590085423500337E-059
  -1.2449997188524719E+042  -5.8375417048489050E+053  -4.1173945608593337E+052  -5.3709582333473302E+044  -6.3614744856891091E+032   4.5678025359366439E+019  -178345.59974680745       -1.4144052450517859E-006  -9.6390213269131541E-018  -2.8208627334623351E-029   2.6807024653719719E-035   5.8593028745614836E-042   5.5164767006427770E-048   1.2459110125420954E-053   3.9429478409645323E-059
  -1.2539504202664136E+042  -5.6941636560594573E+053  -3.9494843702168083E+052  -5.0085877234342423E+044  -5.0047543315774603E+032   5.4992918255283937E+019   373688.50679463515       -1.2115937619602968E-006  -8.5789695395355614E-018  -2.5214513428594160E-029   2.3882824809848825E-035   5.1885083141198449E-042   4.8491475089354666E-048   1.0864706403232720E-053   3.4098549331281030E-059
  -1.2620134068437208E+042  -5.5541046553540118E+053  -3.7882539862388533E+052  -4.6678710948140064E+044  -3.7751052634355977E+032   6.2980172485603205E+019   849520.23289258464       -1.0317187237521443E-006  -7.6294667019324538E-018  -2.2532766995840612E-029   2.1275085847858714E-035   4.5941263848398091E-042   4.2622299023967735E-048   9.4736308654015669E-054   2.9485982089914558E-059
  -1.2692226375333461E+042  -5.4173009249334130E+053  -3.6334487212105070E+052  -4.3476128706647276E+044  -2.6629137815199135E+032   6.9767141463716217E+019   1257035.5164641198       -8.7245572249745134E-007  -6.7794160886749833E-018  -2.0131301643743391E-029   1.8949836273366094E-035   4.0674997087263497E-042   3.7460765012204519E-048   8.2600544050232361E-054   2.5495332631805448E-059
  -1.2756110261912961E+042  -5.2836891646101059E+053  -3.4848229177261363E+052  -4.0466793167919419E+044  -1.6592174842319434E+032   7.5470690243988537E+019   1603400.7265276753       -7.3170070854366814E-007  -6.0188017432919354E-018  -1.7981279211582553E-029   1.6876720738905096E-035   3.6009459614831117E-042   3.2921917696515775E-048   7.2014147744263249E-054   2.2043051453934307E-059
  -1.2812104693400672E+042  -5.1532065964317520E+053  -3.3421396699107622E+052  -3.7639954691279091E+044  -7.5566429379159716E+031   8.0197985299956400E+019   1895123.4958940672       -6.0755007500906989E-007  -5.3385858931680398E-018  -1.6056785582303149E-029   1.5028618546759293E-035   3.1876487737377017E-042   2.8930952385346091E-048   6.2780054138371205E-054   1.9056767636402254E-059
  -1.2860518733330694E+042  -5.0257910056171370E+053  -3.2051705506430626E+052  -3.4985422918703067E+044   5.5525937506071626E+030   8.4047228687637119E+019   2138108.6930293906       -4.9828247383182797E-007  -4.7306158750310659E-018  -1.4334538387398318E-029   1.3381302011799400E-035   2.8215607502259354E-042   2.5422008701955845E-048   5.4726157442441928E-054   1.6473800026455519E-059
  -1.2901651809303365E+042  -4.9013807780016874E+053  -3.0736953448333599E+052  -3.2493539613121241E+044   7.8159756911619207E+031   8.7108340279627760E+019   2337709.9030878604       -4.0234221797442653E-007  -4.1875397092894899E-018  -1.2793623514279459E-029   1.1913130563717284E-035   2.4973172720301188E-042   2.2337106738322169E-048   4.7702165235721382E-054   1.4239865685590030E-059
  -1.2935793972921180E+042  -4.7799149341811806E+053  -2.9475017887923609E+052  -3.0155152705464647E+044   1.4292931845513579E+032   8.9463591526816989E+019   2498776.7612626357       -3.1832413618036251E-007  -3.7027295377379931E-018  -1.1415257620147791E-029   1.0604776888967814E-035   2.2101598926381033E-042   1.9625208995282794E-048   4.1576846556217633E-054   1.2307959616759588E-059
  -1.2963226153972411E+042  -4.6613331605339353E+053  -2.8263853157103466E+052  -2.7961591503628536E+044   2.0048855905596498E+032   9.1188193988769546E+019   2625698.4566001161       -2.4495975755482708E-007  -3.2702122088276837E-018  -1.0182574123446404E-029   9.4389817912375872E-036   1.9558682685376686E-042   1.7241393336180652E-048   3.6235625348138917E-054   1.0637383188024190E-059
  -1.2984220408933739E+042  -4.5455758372937409E+053  -2.7101488072517812E+052  -2.5904643017849634E+044   2.5142079137995474E+032   9.2350845670499205E+019   2722443.7011492071       -1.8110471326245559E-007  -2.8846063583520530E-018  -9.0804303859839995E-030   8.4003347895595374E-036   1.7306996809602373E-042   1.5146123902889397E-048   3.1578476183170821E-054   9.1929016270386940E-060
  -1.2999040163865564E+042  -4.4325840638380019E+053  -2.5986023512568142E+052  -2.3976529358329548E+044   2.9626819001171740E+032   9.3014238011795882E+019   2792597.4376597442       -1.2572725186744131E-007  -2.5410653915343170E-018  -8.0952340180826297E-030   7.4750777790815663E-036   1.5313353087388717E-042   1.3304608465867051E-048   2.7518084509715547E-054   7.9440135343469956E-060
  -1.3007940451775693E+042  -4.3222996813482072E+053  -2.4915630055289043E+052  -2.2169886162265802E+044   3.3553445162458786E+032   9.3235526194903351E+019   2839394.5388983451       -7.7897773343917529E-008  -2.2352258255819073E-018  -7.2147864377068688E-030   6.6509293544019822E-036   1.3548325043899629E-042   1.1686232026526299E-048   2.3978238366285853E-054   6.8643176020463601E-060
  -1.3011168144528832E+042  -4.2146652929926174E+053  -2.3888545676765735E+052  -2.0477742008772770E+044   3.6968729486911456E+032   9.3066765266576376E+019   2865750.7329163193       -3.6779294612871512E-008  -1.9631605002267294E-018  -6.4281419943884888E-030   5.9169276423965313E-036   1.1985824076666269E-042   1.0264057680889347E-048   2.0892422601002452E-054   5.9309636712387589E-060
  -1.3008962179381005E+042  -4.1096242817742027E+053  -2.2903073509672030E+052  -1.8893498781485955E+044   3.9916080897283320E+032   9.2555314410817716E+019   2874290.9711898128       -1.6187666672955971E-009  -1.7213362079875846E-018  -5.7254811316035094E-030   5.2632897133693409E-036   1.0602723040383374E-042   9.0143868060961131E-049   1.8202590238887819E-054   5.1241769544912381E-060
  -1.3001553780219256E+042  -4.0071208261802420E+053  -2.1957579661415826E+052  -1.7410912939939303E+044   4.2435765958197447E+032   9.1744211558376407E+019   2867375.4403696265        2.8260830022556149E-008  -1.5065753362340287E-018  -5.0979962086661810E-030   4.6812858386778671E-036   9.3785220078598544E-043   7.9163715617132813E-049   1.5858088794201448E-054   4.4268457211623562E-060
  -1.2989166673588355E+042  -3.9070999137636472E+053  -2.1050491091296829E+052  -1.6024077662086437E+044   4.4565115993441413E+032   9.0672520377862865E+019   2847123.4033449665        5.3467679032896754E-008  -1.3160211499293898E-018  -4.5377887366120296E-030   4.1631270419772320E-036   8.2950515152264508E-043   6.9516735200055620E-049   1.3814722090764032E-054   3.8241640225802897E-060
  -1.2972017299587030E+042  -3.8095073527799416E+053  -2.0180293546007104E+052  -1.4727405821598512E+044   4.6338721503188222E+032   8.9375651560620392E+019   2815435.0413646754        7.4547672039358062E-008  -1.1471063774878739E-018  -4.0377769032543978E-030   3.7018645519449511E-036   7.3362091172504390E-043   6.1041629658369512E-049   1.2033930576833483E-054   3.3033221456644494E-060
  -1.2950315017717274E+042  -3.7142897819979853E+053  -1.9345529552738628E+052  -1.3515613764813475E+044   4.7788614607750829E+032   8.7885660186816594E+019   2774011.4559989832        9.1990359842817619E-008  -9.9752479277470429E-019  -3.5916123718017347E-030   3.2912999086247839E-036   6.4877255397456787E-043   5.3596540487083496E-049   1.0482075244591255E-054   2.8532384494377284E-060
  -1.2924262307770755E+042  -3.6213946787968937E+053  -1.8544796469103346E+052  -1.2383705853431472E+044   4.8944440206151098E+032   8.6231520843141710E+019   2724372.9776966795        1.0623436207231426E-007  -8.6520551416400308E-019  -3.1936054361937442E-030   2.9259046050265423E-036   5.7369571267195909E-043   4.7056715363875857E-049   9.1298121245417255E-055   2.4643270779482978E-060
  -1.2894054965837046E+042  -3.5307703656561906E+053  -1.7776744589019052E+052  -1.1326959740247374E+044   4.9833616501254585E+032   8.4439382052597203E+019   2667875.9165333998        1.1767228291446152E-007  -7.4828976698028529E-019  -2.8386577056319805E-030   2.6007482618314764E-036   5.0727016455366632E-043   4.1312454203105135E-049   7.9515459545011488E-055   2.1282967719287581E-060
  -1.2859882295518640E+042  -3.4423660151410531E+053  -1.7040075303668792E+052  -1.0340912346383447E+044   5.0481485508423786E+032   8.2532801473727906E+019   2605727.8803968695        1.2665517621850948E-007  -6.4510987880005664E-019  -2.5222015715334864E-030   2.3114344373254271E-036   4.4850348388850302E-043   3.6267300650972437E-049   6.9249530497910395E-055   1.8379766344528044E-060
  -1.2821927294438034E+042  -3.3561316534795445E+053  -1.6333539316601806E+052  -9.4213465096312008E+043   5.0911454131508557E+032   8.0532963229907747E+019   2539001.7762588761        1.3349659965265831E-007  -5.5417029817622157E-019  -2.2401457831314948E-030   2.0540432682254563E-036   3.9651654020691855E-043   3.1836449849265262E-049   6.0305646507165926E-055   1.5871652554301276E-060
  -1.2780366836122271E+042  -3.2720181628239560E+053  -1.5655934912009662E+052  -8.5642782746311303E+043   5.1145126358456844E+032   7.8458878638572241E+019   2468648.6012892681        1.3847629421465168E-007  -4.7413044654935452E-019  -1.9888265239174216E-030   1.8250802209702942E-036   3.5053063220101893E-043   2.7945346741545091E-049   5.2514031173161338E-055   1.3705000769110150E-060
  -1.2735371847350295E+042  -3.1899772822837941E+053  -1.5006106275182049E+052  -7.7659447967116221E+043   5.1202427098829112E+032   7.6327571525250728E+019   2395509.1223257058        1.4184352230427840E-007  -4.0378923059075995E-019  -1.7649634407281207E-030   1.6214303082914783E-036   3.0985607437886063E-043   2.4528452237711412E-049   4.5726642989417815E-055   1.1833442953403373E-060
  -1.2687107481048434E+042  -3.1099616078136219E+053  -1.4382941864122350E+052  -7.0227928322730589E+043   5.1101718156973494E+032   7.4154249227562828E+019   2320324.5345786852        1.4382009472519853E-007  -3.4207105813309325E-019  -1.5656201311344811E-030   1.4403171933531902E-036   2.7388207347139090E-043   2.1528157237652659E-049   3.9814402443464448E-055   1.0216889563607709E-060
  -1.2635733284819085E+042  -3.0319245910347011E+053  -1.3785372831282832E+052  -6.3314677896400009E+043   5.0859906807503488E+032   7.1952460319692194E+019   2243746.1833819011        1.4460311437817269E-007  -2.8801321532277023E-019  -1.3881686434289458E-030   1.2792666642382449E-036   2.4206774975123715E-043   1.8893826883818880E-049   3.4664771514090361E-055   8.8206820969772165E-061
  -1.2581403365187345E+042  -2.9558205370654361E+053  -1.3212371494363306E+052  -5.6888033153127713E+043   5.0492547413959361E+032   6.9734240017943495E+019   2166344.4262536145        1.4436746201854702E-007  -2.4075447580035761E-019  -1.2302575874362510E-030   1.1360740157794286E-036   2.1393417457592887E-043   1.6580959502853151E-049   3.0179640974095923E-055   7.6148596230839494E-061
  -1.2524266547650057E+042  -2.8816046014317283E+053  -1.2662949855104580E+052  -5.0918113915298287E+043   5.0013936507067535E+032   6.7510244162543944E+019   2088616.7064781250        1.4326804726041736E-007  -1.9952482469573692E-019  -1.0897834940332559E-030   1.0087749243312514E-036   1.8905730983399418E-043   1.4550446540468818E-049   2.6273486522529476E-055   6.5735240277511640E-061
  -1.2464466532611151E+042  -2.8092327861247104E+053  -1.2136158164999149E+052  -4.5376729220038555E+043   4.9437201715785856E+032   6.5289872609604714E+019   2010994.9038132031        1.4144184600227886E-007  -1.6363619111931032E-019  -9.6486509706767314E-031   8.9561944462426606E-037   1.6706174774676500E-043   1.2767921420356685E-049   2.2871759682143963E-055   5.6742907358929168E-061
  -1.2402142047286688E+042  -2.7386619348697733E+053  -1.1631083536835585E+052  -4.0237287836176213E+043   4.8774384922281135E+032   6.3081382809858400E+019   1933852.0227469262        1.3900974360941447E-007  -1.3247409273505119E-019  -8.5382024368103824E-031   7.9504879686095606E-037   1.4761516083642719E-043   1.1203186692509223E-049   1.9909483693929695E-055   4.8978134461092756E-061
  -1.2337426993662426E+042  -2.6698497276674821E+053  -1.1146848600990087E+052  -3.5474713227605326E+043   4.8036519991075933E+032   6.0891994297200632E+019   1857508.2739357895        1.3607820150318993E-007  -1.0549010500368177E-019  -7.5514516820295237E-031   7.0567464716488840E-037   1.3042338196764490E-043   9.8297101014602015E-050   1.7330028397759423E-055   4.2273729416567885E-061
  -1.2270450592585972E+042  -2.6027546746637262E+053  -1.0682610205378286E+052  -3.1065362758534726E+043   4.7233705402774486E+032   5.8727984759960486E+019   1782236.6000270089        1.3274076326426319E-007  -8.2195075864953510E-020  -6.6749589109450434E-031   6.2626061580203208E-037   1.1522604334477617E-043   8.6241813204451853E-050   1.5084041373621541E-055   3.6485213705575744E-061
  -1.2201337524074988E+042  -2.5373361094033937E+053  -1.0237558157982417E+052  -2.6986950944484901E+043   4.6375172103982864E+032   5.6594778320995410E+019   1708267.6929754815        1.2907941494392211E-007  -6.2153014060228517E-020  -5.8967152815322493E-031   5.5570577563094608E-037   1.0179271132296428E-043   7.5661220809621216E-050   1.3128515490495552E-055   3.1487745390486316E-061
  -1.2130208063921984E+042  -2.4735541815189221E+053  -9.8109140108730041E+051  -2.3218476561012815E+043   4.5469346867228468E+032   5.4497026608950895E+019   1635794.5461854781        1.2516581298468986E-007  -4.4975586047235742E-020  -5.2059931659838482E-031   4.9302992834473789E-037   8.9919460979406047E-044   6.6375432941762726E-050   1.1425975521221488E-055   2.7173457606898420E-061
  -1.2057178216675539E+042  -2.4113698489022760E+053  -9.4019298846505657E+051  -1.9740153429987313E+043   4.4523911437814024E+032   5.2438683162154271E+019   1564976.5813161351        1.2106239196816762E-007  -3.0317162589095378E-020  -4.5932118395882650E-031   4.3736046854554308E-037   7.9425840688993468E-044   5.8226435247821551E-050   9.9437686769109953E-056   2.3449156685534941E-061
  -1.1982359845076801E+042  -2.3507448694062242E+053  -9.0098873322406011E+051  -1.6533344710813653E+043   4.3545857728565671E+032   5.0423071668447126E+019   1495943.3863669829        1.1682336332578738E-007  -1.7870361665213966E-020  -4.0498170308930576E-031   3.8792066581409456E-037   7.0152182543687129E-044   5.1075438514177329E-050   8.6534458331081662E-056   2.0234331476445205E-061
  -1.1905860796029322E+042  -2.2916417921182361E+053  -8.6340962409847835E+051  -1.3580500531319367E+043   4.2541539308312913E+032   4.8452948508634751E+019   1428798.0986854893        1.1249561515840283E-007  -7.3620394033054897E-021  -3.5681729232969255E-031   3.4401921294712473E-037   6.1957219425213715E-044   4.4800547412172071E-050   7.5302218966782966E-056   1.7459431943594579E-061
  -1.1827785023179212E+042  -2.2340239482478836E+053  -8.2738937719822669E+051  -1.0865098800069871E+043   4.1516719415627618E+032   4.6530560037983519E+019   1363620.4637945278        1.0811952240580258E-007   1.4503146840246238E-021  -3.1414653396090294E-031   3.0504090465323700E-037   5.4715973955256629E-044   3.9294710890304163E-050   6.5525052276144416E-056   1.5064380726737951E-061
  -1.1748232706181672E+042  -2.1778554416663068E+053  -7.9286433356472978E+051  -8.3715890486861152E+042   4.0476615715812144E+032   4.4657695009180672E+019   1300469.5984068403        1.0372967578023845E-007   8.7818177156917492E-021  -2.7636149685278349E-031   2.7043832542030227E-037   4.8317888467882427E-044   3.4463920325647472E-050   5.7014873101565280E-056   1.2997286243868916E-061
  -1.1667300366729024E+042  -2.1231011391340881E+053  -7.5977336024628373E+051  -6.0853391592937145E+042   3.9425942006324292E+032   4.2835732511243641E+019   1239386.4836600795        9.9355537122449195E-008   1.4823104496715384E-020  -2.4291996067858824E-031   2.3972443817096933E-037   4.2665168630390761E-044   3.0225625605768450E-050   4.9607849860551604E-056   1.1213330131613105E-061
  -1.1585080981414126E+042  -2.0697266602517708E+053  -7.2805775479243638E+051  -3.9925848385488641E+042   3.8368947063723623E+032   4.1065685771895005E+019   1180396.2124552233        9.5022028148463195E-008   1.9742941975243315E-020  -2.1333844941134707E-031   2.1246597686590749E-037   3.7671316429920142E-044   2.6507342887496246E-050   4.3161285398196015E-056   9.6738054795474749E-062
  -1.1501664091502216E+042  -2.0176983671652393E+053  -6.9766115306834624E+051  -2.0803817057668488E+042   3.7309450813785221E+032   3.9348242145781826E+019   1123510.0127993398        9.0750058925210357E-008   2.3690576364840326E-020  -1.8718599113066300E-031   1.8827755653898435E-037   3.3259830987429105E-044   2.3245430927648541E-050   3.7550897791616487E-056   8.3452854829296982E-062
  -1.1417135909683000E+042  -1.9669833540562697E+053  -6.6852944029169478E+051  -3.3655986852993726E+041   3.6250877995619286E+032   3.7683799587494109E+019   1068727.0672282216        8.6557001837627456E-008   2.6797839383708549E-020  -1.6407852955491595E-031   1.6681642348209790E-037   2.9363058096749570E-044   2.0384015653782654E-050   3.2668449991534012E-056   7.1989048820755767E-062
  -1.1331579423873763E+042  -1.9175494364467303E+053  -6.4061066519642056E+051   1.2503191352210899E+042   3.5196289480427206E+032   3.6072499886519177E+019   1016036.1467034640        8.2457116284877223E-008   2.9181037515073194E-020  -1.4367392026440487E-031   1.4777777655403786E-037   2.5921171548651017E-044   1.7874045084824662E-050   2.8419683694762093E-056   6.2097389323172508E-062
  -1.1245074498143154E+042  -1.8693651403431717E+053  -6.1385495722928790E+051   2.6910031441975287E+042   3.4148411395886001E+032   3.4514258920950665E+019   965417.07583123096        7.8461928864274324E-008   3.0942645885067657E-020  -1.2566745137776408E-031   1.3089059796991722E-037   2.2881271218831790E-044   1.5672458861367665E-050   2.4722518524626040E-056   5.3562667052718771E-062
  -1.1157697970824172E+042  -1.8223996912469103E+053  -5.8821444668709881E+051   3.9955880402625592E+042   3.3109662198054360E+032   3.3008794167857193E+019   916842.04482610698        7.4580573364616487E-008   3.2172826264064646E-020  -1.0978783456122093E-031   1.1591393852715486E-037   2.0196584601651274E-044   1.3741458538217300E-050   2.1505482558405042E-056   4.6199073026757379E-062
  -1.1069523749883744E+042  -1.7766230030531113E+053  -5.6364318770419657E+051   5.1735543798139855E+042   3.2082177824107060E+032   3.1555649690613477E+019   870276.78233361337        7.0820094492278574E-008   3.2950786804483898E-020  -9.5793617754917071E-032   1.0263360812292591E-037   1.7825759982403330E-044   1.2047866457993847E-050   1.8706344572890211E-056   3.9846191052482277E-062
  -1.0980622905615156E+042  -1.7320056668609068E+053  -5.4009708400178075E+051   6.2338020906493600E+042   3.1067835051104135E+032   3.0154218807121023E+019   825681.60202051455        6.7185718890352607E-008   3.3345999414425992E-020  -8.3469975953072253E-032   9.0859227690107532E-038   1.5732240781493579E-044   1.0562562491251808E-050   1.6270922160727383E-056   3.4365535129791777E-062
  -1.0891063760718411E+042  -1.6885189397151564E+053  -5.1753381731245153E+051   7.1846833303117960E+042   3.0068273178361001E+032   2.8803764627614859E+019   783012.33473481820        6.3681096680292649E-008   3.3419289115446141E-020  -7.2625840829831802E-032   8.0421603390039620E-038   1.3883711793118527E-044   9.2599892194334506E-051   1.4152043170993375E-056   2.9637557876480815E-062
  -1.0800911977832505E+042  -1.6461347332991032E+053  -4.9591277839532105E+051   8.0340335975005559E+042   2.9084914143782185E+032   2.7503438636592263E+019   742221.15701991564        6.0308516454184750E-008   3.3223808329303947E-020  -6.3091334009481535E-032   7.1170388110011279E-038   1.2251609095926758E-044   8.1177172729973587E-051   1.2308640808306054E-056   2.5559066073487846E-062
  -1.0710230644582384E+042  -1.6048256025959053E+053  -4.7519500055895981E+051   8.7892011838974309E+042   2.8118981177730793E+032   2.6252297480237621E+019   703257.32583266834        5.7069096371370985E-008   3.2805907768885727E-020  -5.4715472382806809E-032   6.2971999074230718E-038   1.0810686348754736E-044   7.1160635367361485E-051   1.0704965238888605E-056   2.2040988071602237E-062
  -1.0619080356202239E+042  -1.5645647345358055E+053  -4.5534309561139037E+051   9.4570750497018476E+042   2.7171516091606961E+032   2.5049318108487778E+019   666067.82845699263        5.3962953763388609E-008   3.2205914460222619E-020  -4.7364117110833717E-032   5.5707763736549751E-038   9.5386310142734360E-045   6.2377558139050101E-051   9.3098967458883064E-057   1.9006445279400093E-062
  -1.0527519295795599E+042  -1.5253259366445462E+053  -4.3632119215828392E+051   1.0044111202278942E+043   2.6243395292280094E+032   2.3893411409522688E+019   630597.95581668545        5.0989355423908747E-008   3.1458826384286217E-020  -4.0918140869209804E-032   4.9272269123850116E-038   8.4157247891635311E-045   5.4676383146760285E-051   8.0963473905141538E-057   1.6389086421752076E-062
  -1.0435603312291583E+042  -1.4870836257075412E+053  -4.1809487617245907E+051   1.0556357653599598E+043   2.5335344607841626E+032   2.2783434463917744E+019   596791.80666834360        4.8146850553621283E-008   3.0594932288732068E-020  -3.5271790503699579E-032   4.3571892478761970E-038   7.4245431718324988E-045   4.7924130152575700E-051   7.0407398057007884E-057   1.4131648854621218E-062
  -1.0343385996155506E+042  -1.4498128164632842E+053  -4.0063113375971997E+051   1.0999478028584032E+043   2.4447953004798987E+032   2.1718201535902462E+019   564592.72949219018        4.5433388142024428E-008   2.9640364371624989E-020  -3.0331224619116009E-032   3.8523493443292694E-038   6.5496896770902687E-045   4.2004125329140453E-051   6.1225532060375807E-057   1.2184716062479139E-062
  -1.0250918752910844E+042  -1.4134891103384834E+053  -3.8389829604800451E+051   1.1378773893045535E+043   2.3581685271798751E+032   2.0696493910083854E+019   533943.70829068962        4.2846420397201489E-008   2.8617590772918404E-020  -2.6013207737020645E-032   3.4053250161440891E-038   5.7775607199538802E-045   3.6814006889030602E-051   5.3239279687094683E-057   1.0505644651219635E-062
  -1.0158250874528479E+042  -1.3780886842364901E+053  -3.6786598612872370E+051   1.1699205866662663E+043   2.2736893740230747E+032   1.9717068673564037E+019   504787.69794767065        4.0382993679403102E-008   2.7545854117356592E-020  -2.2243944555617782E-032   3.0095623586199951E-038   5.0961376452637560E-045   3.2263973946587389E-051   4.6293212488397541E-057   9.0576377700125793E-063
  -1.0065429608738026E+042  -1.3435882793896954E+053  -3.5250506798108177E+051   1.1965413583281671E+043   2.1913829107609260E+032   1.8778666535565017E+019   477067.91429024865        3.8039828253228434E-008   2.6441561727517753E-020  -1.8958039550001477E-032   2.6592435978891993E-038   4.4948027826423330E-045   2.8275249040052994E-051   4.0252070595681562E-057   7.8089450263763486E-063
  -9.9725002263148443E+041  -1.3099651902857481E+053  -3.3778759731204458E+051   1.2181734557860490E+043   2.1112650425436189E+032   1.7880018769427593E+019   450728.08352841949        3.5813388045157963E-008   2.5318632561558368E-020  -1.6097568681711324E-032   2.3492051108321562E-038   3.9641767633491387E-045   2.4778728324884934E-051   3.4998150904845813E-057   6.7321716658763267E-063
  -9.8795060863953229E+041  -1.2771972536766465E+053  -3.2368677424648803E+051   1.2352222016506660E+043   2.0333434309309936E+032   1.7019853355136520E+019   425712.65531934722        3.3699941476983372E-008   2.4188805421085302E-020  -1.3611251360914567E-032   2.0748645013304132E-038   3.4959746519685258E-045   2.1713796599679999E-051   3.0429032734267406E-057   5.8036821284350305E-063
  -9.7864886998718427E+041  -1.2452628376790222E+053  -3.1017689780389857E+051   1.2480661743328710E+043   1.9576183425339096E+032   1.6196900394303578E+019   401966.98331191362        3.1695614340257718E-008   2.3061912515236716E-020  -1.1453712038222774E-032   1.8321557402150432E-038   3.0828787262079523E-045   1.9027287096195111E-051   2.6455597458944810E-057   5.0030851167392327E-063
  -9.6934877909177684E+041  -1.2141408309732147E+053  -2.9723332209980818E+051   1.2570587995209348E+043   1.8840834303437834E+032   1.5409896863779811E+019   379437.47666910576        2.9796435581289288E-008   2.1946122052748563E-020  -9.5848219103676833E-033   1.6174714842272613E-038   2.7184259864689507E-045   1.6672568400271753E-051   2.3000304214455204E-057   4.3127890614704715E-063
  -9.6005413566917380E+041  -1.1838106321080895E+053  -2.8483241421193740E+051   1.2625298533114170E+043   1.8127264524808336E+032   1.4657590768735820E+019   358071.72573857103        2.7998376779549059E-008   2.0848153160214121E-020  -7.9691122174877492E-033   1.4276117856169740E-038   2.3969086969031747E-045   1.4608743011338447E-051   1.9995688638997370E-057   3.7176183801250588E-063
  -9.5076857252694298E+041  -1.1542521389179047E+053  -2.7295151365277483E+051   1.2647868816167412E+043   1.7435299327842407E+032   1.3938744751114654E+019   337818.60474268574        2.6297386023850543E-008   1.9773466088007411E-020  -6.5752515011241675E-033   1.2597384899116027E-038   2.1132864545969741E-045   1.2799943930038815E-051   1.7383055871430388E-057   3.2044822330953512E-063
  -9.4149556118499337E+041  -1.1254457380569522E+053  -2.6156889339205297E+051   1.2641165402451727E+043   1.6764717673788418E+032   1.3252139204797512E+019   318628.35408644326        2.4689416819560854E-008   1.8726430361898533E-020  -5.3755799915531500E-033   1.1113346960061497E-038   1.8631084561921906E-045   1.1214717317620455E-051   1.5111342727735140E-057   2.7620886102027122E-063
  -9.3223841732828531E+041  -1.0973722946571370E+053  -2.5066372237427632E+051   1.2607858598317963E+043   1.6115257810820183E+032   1.2596574944602055E+019   300452.64463225508        2.3170452595742796E-008   1.7710473265035319E-020  -4.3456950101149301E-033   9.8016872105226709E-039   1.6424447841785033E-045   9.8254807244842571E-052   1.3136127207417019E-057   2.3806975570103523E-063
  -9.2300030609611337E+041  -1.0700131421131319E+053  -2.4021602947812479E+051   1.2550434395919135E+043   1.5486622372601277E+032   1.1970875472332327E+019   283244.62606340996        2.1736527322899514E-008   1.6728210788795875E-020  -3.4640819151299063E-033   8.6426207354923884E-039   1.4478256705280790E-045   8.6080476629033491E-052   1.1418766295852584E-057   2.0519081937692440E-063
  -9.1378424721236981E+041  -1.0433500719992480E+053  -2.3020666886618777E+051   1.2471205736706501E+043   1.4878483045051884E+032   1.1373888879495115E+019   266958.96125064720        2.0383742699337605E-008   1.5781562969400656E-020  -2.7117856963674966E-033   7.6186099235871346E-039   1.2761878152771578E-045   7.5412104216387393E-052   9.9256454815258451E-058   1.7684749087274977E-063
  -9.0459311996109208E+041  -1.0173653241216988E+053  -2.2061728667508428E+051   1.2372323136740413E+043   1.4290484832786694E+032   1.0804489422969235E+019   251551.84834740849        1.9108282316573421E-008   1.4871855327728619E-020  -2.0721188396444104E-033   6.7141115778841833E-039   1.1248269438567535E-045   6.6063740067131193E-052   8.6275255447998423E-058   1.5241487373019653E-063
  -8.9542966801149525E+041  -9.9204157670949852E+052  -2.1143028899759014E+051   1.2255784707871243E+043   1.3722249954592768E+032   1.0261578806841483E+019   236981.03216730160        1.7906423171216276E-008   1.3999907950352949E-020  -1.5304015460834228E-033   5.9153522405274696E-039   9.9135588100137806E-046   5.7872349594132916E-052   7.4989740377154913E-058   1.3135404827097863E-063
  -8.8629650409659952E+041  -9.6736193674681815E+052  -2.0262881110992523E+051   1.2123445607132083E+043   1.3173381395347817E+032   9.7440872007876690E+018   223205.80624073543        1.6774544851948501E-008   1.3166113588446583E-020  -1.0737308053532325E-033   5.2101286088709568E-039   8.7366750230850958E-046   5.0694995641520010E-052   6.5178704975352789E-058   1.1320026037096496E-063
  -8.7719611454946254E+041  -9.4330993044924283E+052  -1.9419668789884945E+051   1.1977026945051735E+043   1.2643466139934182E+032   9.2509740227621294E+018   210187.00680526273        1.5709136695200123E-008   1.2370506006139762E-020  -6.9077519377218373E-034   4.5876302637453882E-039   7.6990199821298718E-046   4.4406366278653619E-052   5.6649758510855005E-058   9.7552730115810978E-064
  -8.6813086370093244E+041  -9.1986949388600905E+052  -1.8611842544467873E+051   1.1818124182040362E+043   1.2132078112974586E+032   8.7812285113481564E+018   197886.99985470556        1.4706803171533758E-008   1.1612819679543846E-020  -3.7159260093199325E-034   4.0382822359010418E-039   6.7841795037046904E-046   3.8896606003515891E-052   4.9235576992005283E-058   8.4065858583571318E-064
  -8.5910299814274565E+041  -8.9702496374996024E+052  -1.7837917371775867E+051   1.1648215040517679E+043   1.1638780846595912E+032   8.3338701109001298E+018   186269.66225453632        1.3764267736293320E-008   1.0892541830542384E-020  -1.0746838647119229E-034   3.5536052088330220E-039   5.9776677817948599E-046   3.4069413212191871E-052   4.2790642441111097E-058   7.2441641295453755E-064
  -8.5011465085970006E+041  -8.7476106827664476E+052  -1.7096470034732582E+051   1.1468666959041550E+043   1.1163129896910043E+032   7.9079486905619384E+018   175300.35782423691        1.2878375352436468E-008   1.0208957674285720E-020   1.0922826461360749E-034   3.1260913986415192E-039   5.2667016426945062E-046   2.9840371325684843E-052   3.7188405578299732E-058   6.2423123041880686E-064
  -8.4116784523454685E+041  -8.5306291831367981E+052  -1.6386136542304260E+051   1.1280744113350463E+043   1.0704675028480123E+032   7.5025446163625912E+018   164945.90919052652        1.2046093870400119E-008   9.5611896649281062E-021   2.8517178096674573E-034   2.7490943675351550E-039   4.6400011300177248E-046   2.6135484947945641E-052   3.2318817042461146E-058   5.3788751388883679E-064
  -8.3226449892915273E+041  -8.3191599854122948E+052  -1.5705609729081469E+051   1.1085614027953277E+043   1.0262962184710960E+032   7.1167686938565908E+018   155174.56612758778        1.1264514429099224E-008   8.9482314394490564E-021   4.2619321736884876E-034   2.4167312199229326E-039   4.0876133604601990E-046   2.2889895926672842E-052   2.8086179372414259E-058   4.6347505684958399E-064
  -8.2340642764540183E+041  -8.1130615884418348E+052  -1.5053636930578708E+051   1.0884353800681476E+043   9.8375352608577432E+031   6.7497619971827814E+018   145955.97102093947        1.0530851023511662E-008   8.3689770834393606E-021   5.3738042875574966E-034   2.1237958013226247E-039   3.6007569449922638E-046   2.0046757260012267E-052   2.4407278152011245E-058   3.9934695240390530E-064
  -8.1459534876921722E+041  -7.9121960583638769E+052  -1.4429017750666744E+051   1.0677955961459711E+043   9.4279376951831537E+031   6.4006955989502986E+018   137261.12201968851        9.8424393675565677E-009   7.8222462746357541E-021   6.2316682279978155E-034   1.8656816728276828E-039   3.1716845834234086E-046   1.7556245489492879E-052   2.1209756105812638E-058   3.4408334902319315E-064
  -8.0583288490099895E+041  -7.7164289453704302E+052  -1.3830601917674552E+051   1.0467333985447529E+043   9.0337138927040020E+031   6.0687702140144660E+018   129062.33437688088        9.1967351659481038E-009   7.3068057989701038E-021   6.8740995517923779E-034   1.6383137696616898E-039   2.7935617174156578E-046   1.5374694587863250E-052   1.8430698619902920E-058   2.9646018812790512E-064
  -7.9712056727569721E+041  -7.5256292019919186E+052  -1.3257287225816163E+051   1.0253327479656049E+043   8.6544104949505125E+031   5.7532157689699871E+018   121333.20041895122        8.5913118952364281E-009   6.8213878792493747E-021   7.3346109494396196E-034   1.4380877732293962E-039   2.4603593721856096E-046   1.3463836429914103E-052   1.6015403244868764E-058   2.5542223984549990E-064
  -7.8845983907565317E+041  -7.3396691029000622E+052  -1.2708017558713069E+051   1.0036707061145452E+043   8.2895775082097148E+031   5.4532909080551291E+018   114048.54853229455        8.0238581821823632E-009   6.3647057076604503E-021   7.6422676517479305E-034   1.2618163336704590E-039   2.1667595339951080E-046   1.1790134760020801E-052   1.3916309292935822E-058   2.2005984694321230E-064
  -7.7985205863926635E+041  -7.1584241662241983E+052  -1.2181780991894626E+051   9.8181789439605815E+042   7.9387693018351180E+031   5.1682824451212308E+018   107184.40150723352        7.4921748568159406E-009   5.9354665295212896E-021   7.8222315491761972E-034   1.1066813756844754E-039   1.9080716023414068E-046   1.0324201172891045E-052   1.2092066736739645E-058   1.8958886777962064E-064
  -7.7129850256846462E+041  -6.9817730763747537E+052  -1.1677607971267684E+051   9.5983892510600485E+042   7.6015454873741811E+031   4.8975047703693824E+018   100717.93453666854        6.9941717478776727E-009   5.5323825865551629E-021   7.8962420079053839E-034   9.7019180561546363E-040   1.6801586254002179E-046   9.0402830309890510E-053   1.0506726312437087E-058   1.6333337890868746E-064
  -7.6280036873788184E+041  -6.8095976083660923E+052  -1.1194569564652203E+051   9.3779280666370148E+042   7.2774716884892409E+031   4.6402992196839885E+018   94627.433128045071        6.5278642797231342E-009   5.1541801929777511E-021   7.8830404949639129E-034   8.5014601361236639E-040   1.4793721773001521E-046   7.9158144771678922E-053   9.1290350764752450E-059   1.4071075821184244E-064
  -7.5435877920857214E+041  -6.6417825536294476E+052  -1.0731775783581897E+051   9.1573332434153830E+042   6.9661202109232923E+031   4.3960334135949184E+018   88892.251152561410        6.0913699220842816E-009   4.7996071864336954E-021   7.7987453462988645E-034   7.4459863214635332E-040   1.3024948684737447E-046   6.9310227851235065E-053   7.9318237083109650E-059   1.2121882143119692E-064
  -7.4597478304901547E+041  -6.4782156473054872E+052  -1.0288373972668382E+051   8.9370939787311542E+042   6.6670706210860343E+031   4.1641005721702497E+018   83492.769224410862        5.6829045372326348E-009   4.4674389679178230E-021   7.6571823166856858E-034   6.5183107218118877E-040   1.1466895976383370E-046   6.0685832417894720E-053   6.8914736299120362E-059   1.0442472985609006E-064
  -7.3764935906609854E+041  -6.3187874970047165E+052  -9.8635472639234587E+050   8.7176541724736572E+042   6.3799102412049125E+031   3.9439188114749809E+018   78410.353574978144        5.3007786629963445E-009   4.1564833199225384E-021   7.4701759300156805E-034   5.7032541167575181E-040   1.0094547576801854E-046   5.3133165908878568E-053   5.9874535611207922E-059   8.9955425648388935E-065
  -7.2938341844868938E+041  -6.1633915130229317E+052  -9.4565130935276412E+050   8.4994155792632239E+042   6.1042345683976086E+031   3.7349304266225551E+018   73627.315561987460        4.9433937646695847E-009   3.8655841698567714E-021   7.2478060949184750E-034   4.9874125857531142E-040   8.8858469941465305E-047   4.6519237997399813E-053   5.2019164776726576E-059   7.7489384719256554E-065
  -7.2117780732634755E+041  -6.0119238399978859E+052  -9.0665217786233068E+050   8.2827407665789098E+042   5.8396476244739905E+031   3.5366011658909655E+018   69126.871931357236        4.6092384840499263E-009   3.5936244460044495E-021   6.9986339568086405E-034   4.3589525266853381E-040   7.8213483826154857E-047   4.0727535545960222E-053   4.5193491117532208E-059   6.6749505916873122E-065
  -7.1303330924565306E+041  -5.8642832899924280E+052  -8.6928551517986158E+050   8.0679558899205723E+042   5.5857622427642765E+031   3.3484194998694886E+018   64893.105929701022        4.2968849095853169E-009   3.3395281556803830E-021   6.7299005169690062E-034   3.8074290822805850E-040   6.8839086053558984E-047   3.5655984541207277E-053   3.9262671560232813E-059   5.7496980177301207E-065
  -7.0495064756656636E+041  -5.7203712769885635E+052  -8.3348252510129737E+050   7.8553532954921973E+042   5.3422002977938733E+031   3.1698958891416305E+018   60910.929347796809        4.0049848878508719E-009   3.1022617995728795E-021   6.4477011565336443E-034   3.3236253272840633E-040   6.0584154939434895E-047   3.1215163658968177E-053   3.4109502207061905E-059   4.9526004770280063E-065
  -6.9693048778117074E+041  -5.5800917527761120E+052  -7.9917730627970961E+050   7.6451939603264406E+042   5.1085928831816397E+031   3.0005620535912054E+018   57166.045559718586        3.7322663932560317E-009   2.8808352223319350E-021   6.1571388531380626E-034   2.8994098660446780E-040   5.3315480647160384E-047   2.7326738453288425E-053   2.9632113667427356E-059   4.2659226305325816E-065
  -6.8897343975708428E+041  -5.4433511442190038E+052  -7.6630673166400175E+050   7.4377097792324525E+042   4.8845804427252624E+031   2.8399702460380447E+018   53644.913608493662        3.4775299699589116E-009   2.6743019870868544E-021   5.8624585660201507E-034   2.5276107538522070E-040   4.6915649470380513E-047   2.3922088975694954E-053   2.5741967110921589E-059   3.6743812154410327E-065
  -6.8108005990776924E+041  -5.3100582918816096E+052  -7.3481033285524071E+050   7.2331057074386944E+042   4.6698128592529531E+031   2.6876925325647437E+018   50334.713376942003        3.2396452573953270E-009   2.4817593505932778E-021   5.5671649874160645E-034   2.2019038897438258E-040   4.1281177158436607E-047   2.0941106975640881E-053   2.2362111859840050E-059   3.1648063743904287E-065
  -6.7325085329190366E+041  -5.1801243899970125E+052  -7.0463018918697641E+050   7.0315617673184401E+042   4.4639495054629175E+031   2.5433200815830426E+018   47223.311871611884        3.0175476085777176E-009   2.3023479059692838E-021   5.2741256105601579E-034   1.9167142367634458E-040   3.6320862072089627E-047   1.8331141767390981E-053   1.9425670436168212E-059   2.7258497071016424E-065
  -6.6548627564392586E+041  -5.0534629277586271E+052  -6.7571082134310326E+050   6.8332349271265697E+042   4.2666592606394263E+031   2.4064624634053565E+018   44299.230638303998        2.8102348083501062E-009   2.1352509513510018E-021   4.9856608442097072E-034   1.6671284107038799E-040   3.1954332371371505E-047   1.6046076422708827E-053   1.6874521413067375E-059   2.3477326068161064E-065
  -6.5778673533780236E+041  -4.9299896319161699E+052  -6.4799908933376139E+050   6.6382608592410588E+042   4.0776204968249694E+031   2.2767469618311137E+018   41551.614319442218        2.6167638970689880E-009   1.9796936351609210E-021   4.7036227074587396E-034   1.4488173427568066E-040   2.8110764454136495E-047   1.4045518206715635E-053   1.4658154279890056E-059   2.0220293296564891E-065
  -6.5015259528601505E+041  -4.8096224106566283E+052  -6.2144409465649241E+050   6.4467555849898716E+042   3.8965210377406021E+031   2.1538178990266652E+018   38970.200356384368        2.4362481036891502E-009   1.8349419219301260E-021   4.4294634640736423E-034   1.2579678675251193E-040   2.4727752529157691E-047   1.2294089154925206E-053   1.2732673887366446E-059   1.7414800091357756E-065
  -6.4258417477570811E+041  -4.6922812987505736E+052  -5.9599708647634992E+050   6.2588170127529176E+042   3.7230580934796182E+031   2.0373359747695084E+018   36545.289833560091        2.2678538909431546E-009   1.7003014166532104E-021   4.1642954003444455E-034   1.0912222175516662E-040   2.1750311562211726E-047   1.0760804426709671E-053   1.1059934960844850E-059   1.4998294871291376E-065
  -6.3508175124388546E+041  -4.5778884039438834E+052  -5.7161137166493449E+050   6.0745263756580242E+042   3.5569381737518000E+031   1.9269776209404657E+018   34267.719455977989        2.1107981141913997E-009   1.5751160803956912E-021   3.9089428124150499E-034   9.4562452069902448E-041   1.9129997913592501E-047   9.4185275941516413E-054   9.6067897109467991E-060   1.2916884011155699E-065
  -6.2764556199349146E+041  -4.4663678545747697E+052  -5.4824222854437043E+050   5.8939495748387165E+042   3.3978769822254672E+031   1.8224343719795223E+018   32128.834647069230        1.9643452945662612E-009   1.4587668652414755E-021   3.6639871463691908E-034   8.1857349898879849E-041   1.6824133822795590E-047   8.2434933615783614E-054   8.3444337819901332E-060   1.1124134578246002E-065
  -6.2027580585216429E+041  -4.3576457483957966E+052  -5.2584682418808761E+050   5.7171384338888445E+042   3.2455992943011281E+031   1.7234122518705756E+018   30120.463749948667        1.8278050062208240E-009   1.3506702925932828E-021   3.4298061253411208E-034   7.0778065831042554E-041   1.4795123518930030E-047   7.2148893830368378E-054   7.2478377019377534E-060   9.5800424631748586E-066
  -6.1297264477539542E+041  -4.2516501025804553E+052  -5.0438413513591050E+050   5.5441318698339865E+042   3.0998388204527093E+031   1.6296311780858860E+018   28234.893311903506        1.7005293768040538E-009   1.2502769952602191E-021   3.2066076011022139E-034   6.1123333901489070E-041   1.3009850168688758E-047   6.3144898727280038E-054   6.2952526707858953E-060   8.2501430825173293E-066
  -6.0573620539578451E+041  -4.1483108048937929E+052  -4.8381487138639577E+050   5.3749569856410650E+042   2.9603380570889568E+031   1.5408243828011482E+018   26464.844429195844        1.5819106997054232E-009   1.1570702406286263E-021   2.9944587816176133E-034   5.2716206895348482E-041   1.1439144139497912E-047   5.5263346046760554E-054   5.4677809797154671E-060   7.1047449761286764E-066
  -5.9856658052003150E+041  -4.0475595660064868E+052  -4.6410140353461585E+050   5.2096300890050302E+042   2.8268481267177674E+031   1.4567378515855204E+018   24803.450127028922        1.4713791561299939E-009   1.0705644494655059E-021   2.7933114097829882E-034   4.5401172401574640E-041   1.0057314173267808E-047   4.8364476882009456E-054   4.7490026192816396E-060   6.1182693344286490E-066
  -5.9146383057525864E+041  -3.9493298729317769E+052  -4.4520769292864951E+050   5.0481576418839182E+042   2.6991286090389813E+031   1.3771297796764792E+018   23244.233747722257        1.3684006446681784E-009   9.9030372250401681E-022   2.6030234008802893E-034   3.9041605756230876E-041   8.8417340532220888E-048   4.2325911987200103E-054   4.1246507360309210E-060   5.2686808299953948E-066
  -5.8442798500621648E+041  -3.8535569435646374E+052  -4.2709922472292321E+050   4.8905371450003280E+042   2.5769473644456904E+031   1.3017700458659382E+018   21781.088318718677        1.2724747157024301E-009   9.1586038486829767E-022   2.4233773862865607E-034   3.3517521013635471E-041   7.7724782178237365E-048   3.7040493509901085E-054   3.5823295546387554E-060   4.5369971447841418E-066
  -5.7745904362487709E+041  -3.7601776823026114E+052  -4.0974294371126282E+050   4.7367579612877224E+042   2.4600803512795801E+031   1.2304397039506427E+018   20408.256870961228        1.1831326077366538E-009   8.4683355657490922E-022   2.2540965577867360E-034   2.8723585518212991E-041   6.8320005453161344E-048   3.2414394346096265E-054   3.1112692156007859E-060   3.9068663234649754E-066
  -5.7055697791388071E+041  -3.6691306367277938E+052  -3.9310719282705211E+050   4.5868020820331242E+042   2.3483114380614960E+031   1.1629304916355272E+018   19120.313677390444        1.0999353825348571E-009   7.8284775576903955E-022   2.0948581597262866E-034   2.4567367583202839E-041   6.0048512117578812E-048   2.8365461986380780E-054   2.7021127029145582E-060   3.3642025829657430E-066
  -5.6372173228525890E+041  -3.5803559553294970E+052  -3.7716165420227711E+050   4.4406448392532701E+042   2.2414322118036083E+031   1.0990443567226644E+018   17912.146380784845        1.0224721558061025E-009   7.2355153998721362E-022   1.9453049345203850E-034   2.0967790270661263E-041   5.2774271251724559E-048   2.4821767816381227E-054   2.3467306661755082E-060   2.8968725012691647E-066
  -5.5695322529581518E+041  -3.4937953462472954E+052  -3.6187729268145005E+050   4.2982555676382963E+042   2.1392417834035448E+031   1.0385930003698437E+018   16778.938979868290        9.5035842006654751E-010   6.6861618955955345E-022   1.8050547901134556E-034   1.7853767360362116E-041   4.6377519678554114E-048   2.1720336423874276E-054   2.0380604893681739E-060   2.4944246232796671E-066
  -5.5025135082050698E+041  -3.4093920370141854E+052  -3.4722630169047437E+050   4.1595982192051097E+042   2.0415465910231072E+031   9.8139743716098586E+017   15716.155642506154        8.8323445624039223E-010   6.1773443625136996E-022   1.6737089253222460E-034   1.5163000337612468E-041   4.0752823461980529E-048   1.9006032611626304E-054   1.7699664350510469E-060   2.1478564826710253E-066
  -5.4361597918513381E+041  -3.3270907352798111E+052  -3.3318205136442901E+050   4.0246319336210739E+042   1.9481602022640828E+031   9.2728757169489549E+017   14719.525314882934        8.2076383052470089E-010   5.7061923937618855E-022   1.5508586201205360E-034   1.2840917661068169E-041   3.5807369598571386E-048   1.6630586573180518E-054   1.5371181069126508E-060   1.8494138672057417E-066
  -5.3704695825959816E+041  -3.2468375904938041E+052  -3.1971903884202112E+050   3.8933115669870545E+042   1.8589031158706571E+031   8.7610179136864243E+017   13785.027095771979        7.6263197303366388E-010   5.2700261087256529E-022   1.4360908724100470E-034   1.0839739726387468E-041   3.1459460661389096E-048   1.4551740106508832E-054   1.3348848339096470E-060   1.5924178693284521E-066
  -5.3054411451297045E+041  -3.1685801565295044E+052  -3.0681284063809105E+050   3.7655881817066779E+042   1.7736025636115596E+031   8.2768657500663322E+017   12908.876345353088        7.0854483475183470E-010   4.8663449020955063E-022   1.3289930402919623E-034   9.1176548511154826E-042   2.7637188367393599E-048   1.2732498859578755E-054   1.1592438924252344E-060   1.3711158796166632E-066
  -5.2410725403155283E+041  -3.0922673552284792E+052  -2.9444006700905088E+050   3.6414094999153127E+042   1.6920923129248387E+031   7.8189611696565005E+017   12087.511498486341        6.5822761935957667E-010   4.4928166945647655E-022   1.2291566289702209E-034   7.6380932981913316E-042   2.4277264874972614E-048   1.1140477459256083E-054   1.0067007552324823E-060   1.1805532114965423E-066
  -5.1773616350110272E+041  -3.0178494408464741E+052  -2.8257831822950832E+050   3.5207203227974568E+042   1.6142124708436165E+031   7.3859196632937050E+017   11317.581552893836        6.1142358654418220E-010   4.1472676840952406E-022   1.1361803438817756E-034   6.3690878544667927E-042   2.1323993119941341E-048   9.7473260028434761E-055   8.7421979284045076E-061   1.0164625032056029E-066
  -5.1143061115434424E+041  -2.9452779653816416E+052  -2.7120614270156708E+050   3.4034629179843341E+042   1.5398092896619553E+031   6.9764268079268813E+017   10595.934203319783        5.6789292347406486E-010   3.8276725929930231E-022   1.0496725161937041E-034   5.2827108084260867E-042   1.8728359705823673E-048   8.5282278182438714E-055   7.5916405867564243E-061   8.7516843740357214E-067
  -5.0519034768485996E+041  -2.8745057447661029E+052  -2.6030299682141837E+050   3.2895773770942229E+042   1.4687349747456194E+031   6.5892349482616998E+017   9919.6045934204594        5.2741168118858893E-010   3.5321454030074266E-022   9.6925299319527172E-035   4.3545783472645610E-042   1.6447235811890595E-048   7.4614596490541729E-055   6.5924296853896683E-061   7.5350565880349330E-067
  -4.9901510712842681E+041  -2.8054868259021328E+052  -2.4984920653084091E+050   3.1790019453559219E+042   1.4008474948427783E+031   6.2231600170385485E+017   9285.8046578666072        4.8977077274031079E-010   3.2589305682039520E-022   8.9455457413384196E-035   3.5634144348122285E-042   1.4442673300760735E-048   6.5280065166017642E-055   5.7246684038553525E-061   6.4874806322475301E-067
  -4.9290460771282700E+041  -2.7381764545245101E+052  -2.3982593048411485E+050   3.0716733251404835E+042   1.3360103952041262E+031   5.8770784897299443E+017   8691.9130279116525        4.5477503001776938E-010   3.0063946933911768E-022   8.2522406150941610E-035   2.8906671537394349E-042   1.2681284723272032E-048   5.7112244711171283E-055   4.9710739575125340E-061   5.5854788403191647E-067
  -4.8685855267713516E+041  -2.6725310438707988E+052  -2.3021512476363988E+050   2.9675269551174520E+042   1.2740926137802815E+031   5.5499244694198842E+017   8135.4654744801637        4.2224231627380945E-010   2.7730186643347667E-022   7.6092298858694777E-035   2.3201713116045404E-042   1.1133697255576947E-048   4.9965452856226777E-055   4.3166344174898458E-061   4.8088321960009477E-067
  -4.8087663106145374E+041  -2.6085081441415968E+052  -2.2099950908021599E+050   2.8664972666491200E+042   1.2149683007263222E+031   5.2406868976239104E+017   7614.1458636541993        3.9200269148531170E-010   2.5573902148102935E-022   7.0132807576038405E-035   1.8378518326219886E-042   9.7740717829794525E-049   4.3712178833813901E-055   3.7483105478514278E-061   4.1401283305212136E-067
  -4.7495851846803989E+041  -2.5460664127330404E+052  -2.1216253439652408E+050   2.7685179189393138E+042   1.1585166414086556E+031   4.9484068868223424E+017   7125.7776002732471        3.6389762777389308E-010   2.3581969146782039E-022   6.4613146127622478E-035   1.4314630962141474E-042   8.5796793854488974E-049   3.8240819357516960E-055   3.2547767601135394E-061   3.5643721719493613E-067
  -4.6910387779473779E+041  -2.4851655852241192E+052  -2.0368835191481308E+050   2.6735220143617077E+042   1.1046216830778809E+031   4.6721751705080749E+017   6668.3155362101934        3.3777927222254249E-010   2.1742195625634788E-022   5.9504074558055862E-035   1.0903599489299787E-042   7.5305283973718821E-049   3.3453696333136490E-055   2.8261960577018879E-061   3.0686505692014873E-067
  -4.6331235994160635E+041  -2.4257664471016211E+052  -1.9556178337218178E+050   2.5814422953063411E+042   1.0531721653426272E+031   4.4111296665925670E+017   6239.8383207356392        3.1350975452935484E-010   2.0043259663490178E-022   5.4777888308854871E-035   8.0529661656764868E-043   6.6090360233806057E-049   2.9265321290518161E-055   2.4540245143632588E-061   2.6418434141146522E-067
  -4.5758360449160360E+041  -2.3678308062058041E+052  -1.8776829258912837E+050   2.4922113238015637E+042   1.0040613545533092E+031   4.1644531500673005E+017   5838.5411712310979        2.9096053704572560E-010   1.8474650945105019E-022   5.0408395039736222E-035   5.6825018577772319E-043   5.7997392057744579E-049   2.5600875868688481E-055   2.1308414141435554E-061   2.2743748197883037E-067
  -4.5191724036616275E+041  -2.3113214658801639E+052  -1.8029395821924283E+050   2.4057616450918375E+042   9.5718688218118201E+030   3.9313710308816186E+017   5462.7290433542921        2.7001180485189735E-010   1.7026615813005935E-022   4.6370881579118506E-035   3.7226571565709441E-043   5.0890400683849068E-049   2.2394881493572043E-055   1.8502016877917328E-061   1.9579988050835161E-067
  -4.4631288645647324E+041  -2.2562021988089386E+052  -1.7312544765002714E+050   2.3220259362793968E+042   9.1245058725673937E+030   3.7111492330698016E+017   5110.8101805930746        2.5055189362705290E-010   1.5690105689049887E-022   4.2642073124811619E-035   2.1132038573169724E-043   4.4649818166564964E-049   1.9590034722342113E-055   1.6065077213223537E-061   1.6856147035466144E-067
  -4.4077015223125187E+041  -2.2024377215262834E+052  -1.6624999200686276E+050   2.2409371410695042E+042   8.6975836291227149E+030   3.5030921712393683E+017   4781.2900239658156        2.3247675317374553E-010   1.4456728699186268E-022   3.9200086498950576E-035   8.0204392464705290E-044   3.9170514629968627E-049   1.7136187649845376E-055   1.3948979956434987E-061   1.4511081771199832E-067
  -4.3528863832176893E+041  -2.1499936695813182E+052  -1.5965536221409484E+050   2.1624285915946817E+042   8.2902000705608123E+030   3.3065408206175968E+017   4472.7654634326336        2.1568944455696275E-010   1.3318704338069158E-022   3.6024378985613895E-035  -2.5583423377025245E-044   3.4360061778246083E-049   1.4989455331702697E-055   1.2111503491741936E-061   1.2492142855049902E-067
  -4.2986793708486887E+041  -2.0988365733435334E+052  -1.5332984606908002E+050   2.0864341182326687E+042   7.9014907719030189E+030   3.1208708769431354E+017   4183.9194133716965        2.0009966891622154E-010   1.2268821014065380E-022   3.3095694040254295E-035  -1.0992699742846295E-043   3.0137204470451979E-049   1.3111434420461877E-055   1.0515979447942365E-061   1.0753995536085752E-067
  -4.2450763314470383E+041  -2.0489338344333278E+052  -1.4726222628684616E+050   2.0128881482756973E+042   7.5306274937034207E+030   2.9454910025833971E+017   3913.5156952461289        1.8562332610452947E-010   1.1300396319679703E-022   3.0396004952634120E-035  -1.7617307853695010E-043   2.6430515519380587E-049   1.1468519174864343E-055   9.1305627399089949E-062   9.2576040304715124E-068
  -4.1920730391387706E+041  -2.0002537027627295E+052  -1.4144175947474426E+050   1.9417257942548909E+042   7.1768168129155427E+030   2.7798411553552352E+017   3660.3942113385565        1.7218210140062788E-010   1.0407239877341434E-022   2.7908457365490232E-035  -2.2720126344660792E-043   2.3177211829611574E-049   1.0031302722327743E-055   7.9275974964827824E-062   7.9693567860351357E-068
  -4.1396652009467123E+041  -1.9527652541716291E+052  -1.3585815599813579E+050   1.8728829326728730E+042   6.8392987947767017E+030   2.6233909966255712E+017   3423.4663941607987        1.5970307863050486E-010   9.5836186157540441E-023   2.5617311396196269E-035  -2.6548524665244377E-043   2.0322112594644532E-049   8.7740529613232890E-056   6.8830662887537368E-062   6.8603131494006401E-068
  -4.0878484616101738E+041  -1.9064383686451421E+052  -1.3050156069975694E+050   1.8062962738499573E+042   6.5173457053575311E+030   2.4756383753693866E+017   3201.7109168548986        1.4811837812061887E-010   8.8242243375043348E-023   2.3507883975195395E-035  -2.9314635752110081E-043   1.7816722568910397E-049   7.6742538098914492E-056   5.9761117233456683E-062   5.9055545975085310E-068
  -4.0366184082183844E+041  -1.8612437090979952E+052  -1.2536253443693496E+050   1.7419034235443567E+042   6.2102607643378202E+030   2.3361078849642800E+017   2994.1696505879454        1.3736481798854337E-010   8.1241434442781411E-023   2.1566491900251815E-035  -3.1200032862073530E-043   1.5618425453869186E-049   6.7122036622703835E-056   5.1886208996960417E-062   5.0836260290655379E-068
  -3.9859705746638346E+041  -1.8171527007121017E+052  -1.2043203640230556E+050   1.6796429369645662E+042   5.9173769374940274E+030   2.2043494896030291E+017   2799.9438556065393        1.2738359735677665E-010   7.4788286917655868E-023   1.9780396007242034E-035  -3.2359812611796331E-043   1.3689774220594178E-049   5.8706639278189981E-056   4.5048644767250274E-062   4.3760546219937945E-068
  -3.9359004459215091E+041  -1.7741375108137856E+052  -1.1570140719509537E+050   1.6194543657522589E+042   5.6380557683177752E+030   2.0799372173078947E+017   2618.1905932570448        1.1812000015225554E-010   6.8840728521021631E-023   1.8137746774186296E-035  -3.2926157333682770E-043   1.1997866762627237E-049   5.1345514128972702E-056   3.9111831773272783E-062   3.7669354950090130E-068
  -3.8864034621597774E+041  -1.7321710292773644E+052  -1.1116235261139176E+050   1.5612782984766218E+042   5.3716862481273686E+030   1.9624679166322586E+017   2448.1193468949050        1.0952311822766734E-010   6.3359841674329809E-023   1.6627531603666261E-035  -3.3011441058546789E-043   1.0513796657540834E-049   4.4906690827141756E-056   3.3957155001860785E-062   3.2425749035831429E-068
  -3.8374750226885659E+041  -1.6912268494420929E+052  -1.0680692812312644E+050   1.5050563951458211E+042   5.1176837239852565E+030   1.8515600742363194E+017   2288.9888402002434        1.0154559261100392E-010   5.8309634838659428E-023   1.5239523968066860E-035  -3.2710935677055015E-043   9.2121700356739169E-050   3.9274704200306950E-056   2.9481612260951052E-062   2.7911829859479210E-068
  -3.7891104897502435E+041  -1.6512792495297380E+052  -1.0262752401675185E+050   1.4507314162081832E+042   4.8754888436925799E+030   1.7468526906236093E+017   2140.1040419879469        9.4143371756984810E-011   5.3656829606619738E-023   1.3964234550795461E-035  -3.2105166992501484E-043   8.0706806294261756E-050   3.4348531929822350E-056   2.5595760164383377E-062   2.4026091820881108E-068
  -3.7413051921584918E+041  -1.6123031745503063E+052  -9.8616851163790067E+049   1.3982472464845445E+042   4.6445665370968868E+030   1.6480042114237978E+017   2000.8133471486185        8.7275485738053148E-011   4.9370662549695919E-023   1.2792864473518720E-035  -3.1261964349840484E-043   7.0697360234992597E-050   3.0039789656489233E-056   2.2221930187697517E-062   2.0681144025158564E-068
  -3.6940544287902689E+041  -1.5742742186837337E+052  -9.4767927396588762E+049   1.3475489144439559E+042   4.4244050329201197E+030   1.5546915117043869E+017   1870.5059238825565        8.0903835373683401E-011   4.5422700877256260E-023   1.1717260663420185E-035  -3.0238242215176433E-043   6.1921289607339003E-050   2.6271151415411852E-056   1.9292679307591875E-062   1.7801748452584769E-068
  -3.6473534719358192E+041  -1.5371686081255879E+052  -9.1074064463724303E+049   1.2985826072074340E+042   4.2145149102905536E+030   1.4666089308892448E+017   1748.6092178926701        7.4992995354813664E-011   4.1786671014968802E-023   1.0729873384557263E-035  -2.9081547402123673E-043   5.4227482930849900E-050   2.2974967299309024E-056   1.6749444397392788E-062   1.5323130672395528E-068
  -3.6011975705115150E+041  -1.5009631843851138E+052  -8.7528855540555845E+049   1.2512956816386159E+042   4.0144281841439406E+030   1.3834673559553614E+017   1634.5866046843853        6.9510030475408336E-011   3.8438299260162044E-023   9.8237159327421698E-036  -2.7831401522352068E-043   4.7483248145972660E-050   2.0092053749962866E-056   1.4541373599216448E-062   1.3189525258625119E-068
  -3.5555819531401943E+041  -1.4656353880241835E+052  -8.4126163271452533E+049   1.2056366718559134E+042   3.8236974236452293E+030   1.3049933506705320E+017   1527.9351815817031        6.4424324135561044E-011   3.5355163719615808E-023   8.9923264732507067E-036  -2.6520464611571649E-043   4.1572077833920122E-050   1.7570634942380662E-056   1.2624311410624928E-062   1.1352923317091233E-068
  -3.5105018311034818E+041  -1.4311632428259881E+052  -8.0860108321194630E+049   1.1615552934779748E+042   3.6418949027724299E+030   1.2309283287238381E+017   1428.1836915091083        5.9707418330254266E-011   3.2516556781320840E-023   8.2297319844308763E-036  -2.5175542691140257E-043   3.6391684418187473E-050   1.5365416409763378E-056   1.0959917279126924E-062   9.7719940555318167E-069
  -3.4659524011704740E+041  -1.3975253403825422E+052  -7.7725058413987425E+049   1.1190024448928857E+042   3.4686117821980714E+030   1.1610277686876611E+017   1334.8905710096340        5.5332864384998773E-011   2.9903357415862208E-023   7.5304142573780023E-036  -2.3818459218100439E-043   3.1852272861483671E-050   1.3436774406907063E-056   9.5149001523746192E-063   8.4111562245183363E-069
  -3.4219288483069876E+041  -1.3647008250903243E+052  -7.4715617839427244E+049   1.0779302058214537E+042   3.3034573216008890E+030   1.0950604688344814E+017   1247.6421153706090        5.1276083744179672E-011   2.7497912645244410E-023   6.8892778917741704E-036  -2.2466807907431676E-043   2.7875022266113867E-050   1.1750046566724283E-056   8.2603537379545444E-063   7.2397786120625426E-069
  -3.3784263482695000E+041  -1.3326693795436148E+052  -7.1826617405622465E+049   1.0382918334261129E+042   3.1460581215405329E+030   1.0328078399138291E+017   1166.0507541110831        4.7514238160136483E-011   2.5283927557188319E-023   6.3016202203304304E-036  -2.1134602239587317E-043   2.4390751214977789E-050   1.0274911205521273E-056   7.1711792299653781E-063   6.2314916646871366E-069
  -3.3354400700877167E+041  -1.3014112103153374E+052  -6.9053104820500481E+049   1.0000417561992957E+042   2.9960573940308531E+030   97406323407443520.        1089.7534304492781        4.4026108670899665E-011   2.3246363281206540E-023   5.7631030886496793E-036  -1.9832835058591666E-043   2.1338744709699105E-050   8.9848442093489989E-057   6.2255839998338344E-063   5.3635947966642638E-069
  -3.2929651784396269E+041  -1.2709070341154338E+052  -6.6390335483126390E+049   9.6313556584858503E+041   2.8531142609524902E+030   91863130819383776.        1018.4100787152399        4.0791982792196594E-011   2.1371342379133466E-023   5.2697264134243076E-036  -1.8569959989854920E-043   1.8665723220770205E-050   7.8566438140539817E-057   5.4046462605504350E-063   4.6165460927213047E-069
  -3.2509968359227599E+041  -1.2411380643170460E+052  -6.3833763667620985E+049   9.2753000738041460E+041   2.7169030794526782E+030   86632741995244384.        951.70219400385247        3.7793549384920575E-011   1.9646061137288003E-023   4.8178034394170143E-036  -1.7352304934832986E-043   1.6324936704989769E-050   6.8700148000157235E-057   4.6919370266960302E-063   3.9735229556537349E-069
  -3.2095302052252457E+041  -1.2120859978409923E+052  -6.1379034082996353E+049   8.9318296756954915E+041   2.5871127934892506E+030   81697705506132448.        889.33148867710486        3.5013800692825194E-011   1.8058708280126705E-023   4.4039376144043896E-036  -1.6184426607360904E-043   1.4275368505788798E-050   6.0072046803643069E-057   4.0731918333324799E-063   3.4200438402182958E-069
  -3.1685604512001650E+041  -1.1837330023892609E+052  -5.9021973792928200E+049   8.6005346198794720E+041   2.4634463106864985E+030   77041528412283008.        831.01863062265056        3.2436941076857175E-011   1.6598389656155622E-023   4.0250010009829934E-036  -1.5069413942428298E-043   1.2481035865681315E-050   5.2526853874598034E-057   3.5360256676853456E-063   2.9436425839389466E-069
  -3.1280827428465802E+041  -1.1560617040184539E+052  -5.6758584480155848E+049   8.2810162075384259E+041   2.3456199036825928E+030   72648624767049824.        776.50205845883113        3.0048302002364183E-011   1.5255058476068616E-023   3.6781141446677219E-036  -1.4009147213377116E-043   1.0910375376468596E-050   4.5928747729907597E-057   3.0696854282228825E-063   2.5335880246516510E-069
  -3.0880922552004988E+041  -1.1290551750443336E+052  -5.4585035040845150E+049   7.9728867314993510E+041   2.2333626351615736E+030   68504266799968720.        725.53686914513321        2.7834262863501409E-011   1.4019450710628939E-023   3.3606273188985107E-036  -1.3004518821255641E-043   9.5357030979006445E-051   4.0158929465799253E-057   2.6648349733239759E-063   2.1806426101077844E-069
  -3.0485841711389546E+041  -1.1026969222688363E+052  -5.2497654494867289E+049   7.6757693124840493E+041   2.1264158057772606E+030   64594538646296480.        677.89377371204614        2.5782177255597536E-011   1.2883025281773395E-023   3.0701030692821236E-036  -1.2055620955603151E-043   8.3327403121019234E-051   3.5113490988523282E-057   2.3133684710763585E-063   1.8768545794609689E-069
  -3.0095536831002617E+041  -1.0769708755211218E+052  -5.0492925198538369E+049   7.3892977266999765E+041   2.0245324241916322E+030   60906292496453136.        633.35811706613049        2.3880304331111472E-011   1.1837908704859678E-023   2.8042999815187496E-036  -1.1161904656256671E-043   7.2801969693275248E-051   3.0701549985407653E-057   2.0082483257557468E-063   1.6153790495408924E-069
  -2.9709959947234100E+041  -1.0518613765044376E+052  -4.8567476346932748E+049   7.1131162259465061E+041   1.9274766984662165E+030   57427107044591712.        591.72895805532801        2.2117744898197590E-011   1.0876843862963772E-023   2.5611575999025905E-036  -1.0322314219397945E-043   6.3594058382617552E-051   2.6843618290229068E-057   1.7433644464141364E-063   1.3903239873199740E-069
  -2.9329063224094826E+041  -1.0273531679407668E+052  -4.6718077753426916E+049   6.8468793513198718E+041   1.8350235480616141E+030   54145248121090776.        552.81820619674329        2.0484381942876222E-011   9.9931426157315293E-024   2.3387824259607354E-036  -9.5354003778880775E-044   5.5540012167234800E-051   2.3470174461491212E-057   1.5134120484883287E-063   1.1966176084181260E-069
  -2.8952798968078696E+041  -1.0034313830054359E+052  -4.4941633894652322E+049   6.5902517415146253E+041   1.7469581357173612E+030   51049631399116656.        516.44981167480887        1.8970825276454716E-011   9.1806419655630074E-024   2.1354349296369938E-036  -8.7994152370666807E-044   4.8496368000585868E-051   2.0520415037263299E-057   1.3137855488868145E-063   1.0298942223675946E-069
  -2.8581119642299671E+041  -9.8008153504404068E+051  -4.3235178209535938E+049   6.3429079366396181E+041   1.6630754185018291E+030   48129787070540160.        482.45900541248329        1.7568360029232802E-011   8.4336635229247242E-024   1.9495175083796954E-036  -8.1123915547792636E-044   4.2337379567980905E-051   1.7941162120457315E-057   1.1404864359730852E-063   8.8639595944064675E-070
  -2.8213977879929756E+041  -9.5728950756424546E+051  -4.1595867641585767E+049   6.1045321783920595E+041   1.5831797173396314E+030   45375826391421152.        450.69158620240034        1.6268898729725078E-011   7.7469760304075522E-024   1.7795633325069282E-036  -7.4722086115366799E-044   3.6952842350125647E-051   1.5685907740504214E-057   9.9004327462018214E-064   7.6288817040065915E-070
  -2.7851326496963107E+041  -9.3504154449518647E+051  -4.0020977414038406E+049   5.8748182073636504E+041   1.5070843043420015E+030   42778410002000872.        421.00325205920575        1.5064936725708121E-011   7.1157607218392820E-024   1.6242260182596631E-036  -6.8766466173253725E-044   3.2246184275988871E-051   1.3713977880961393E-057   8.5944224861061534E-064   6.5658659755844851E-070
  -2.7493118504330672E+041  -9.1332424070740114E+051  -3.8507896027925454E+049   5.6534690581879585E+041   1.4346110072837335E+030   40328717930670336.        393.25897311915600        1.3949510719414056E-011   6.5355793083810428E-024   1.4822700729801497E-036  -6.3234313403285982E-044   2.8132789687703879E-051   1.1989801201099631E-057   7.4606685291520801E-064   5.6509467987878770E-070
  -2.7139307119388941E+041  -8.9212453278637046E+051  -3.7054120473537373E+049   5.4401968531777343E+041   1.3655898305884573E+030   38018421195721336.        367.33240356887262        1.2916160204206104E-011   6.0023443981453367E-024   1.3525620598433933E-036  -5.8102704149816990E-044   2.4538528245745637E-051   1.0482269351020510E-057   6.4764553098878377E-064   4.8634958251081652E-070
  -2.6789845776805757E+041  -8.7142969005294788E+051  -3.5657251646167553E+049   5.2347225950445399E+041   1.2998585922022163E+030   35839654922839076.        343.10533023239469        1.1958891604142404E-011   5.5122921695265392E-024   1.2340624325021469E-036  -5.3348825882307874E-044   2.1398463837507985E-051   9.1641774176477254E-058   5.6220621080516429E-064   4.1857573711215570E-070
  -2.6444688138865083E+041  -8.5122730582410327E+051  -3.4314989957406439E+049   5.0367759592405851E+041   1.2372625757534420E+030   33784992900268720.        320.46715558476666        1.1072144931016867E-011   5.0619571311873952E-024   1.1258179928638920E-036  -4.8950209899567540E-044   1.8655721573140776E-051   8.0117344721730491E-058   4.8803683107633345E-064   3.6024484809356984E-070
  -2.6103788105212239E+041  -8.3150528890759037E+051  -3.3025131133626689E+049   4.8460950864138340E+041   1.1776541974154497E+030   31847423497388408.        299.31441309176387        1.0250762785811818E-011   4.6481488135496036E-024   1.0269549279886635E-036  -4.4884913630680265E-044   1.6260493608836671E-051   7.0041354437412124E-058   4.2365106870372380E-064   3.1004146521266534E-070
  -2.5767099822060271E+041  -8.1225185532429809E+051  -3.1785562193655545E+049   4.6624263754220132E+041   1.1208926869054531E+030   30020326876054104.        279.55031289937466        9.4899615430562305E-012   4.2679302477432422E-024   9.3667238476951679E-037  -4.1131660579479319E-044   1.4169166873471695E-051   6.1231866416690239E-058   3.6775858237586847E-064   2.6683334804979296E-070
  -2.5434577690877360E+041  -7.9345552025220950E+051  -3.0594257597971521E+049   4.4855242773088909E+041   1.0668437820717917E+030   28297453427552912.        261.08431601370353        8.7853045674020399E-012   3.9185980983265029E-024   8.5423654362580990E-037  -3.7669944822994449E-044   1.2343557828148964E-051   5.3529782088687852E-058   3.1923917742553299E-064   2.2964595561303193E-070
  -2.5106176376574682E+041  -7.7510509018604929E+051  -2.9449275562088215E+049   4.3151510906069781E+041   1.0153794365385191E+030   26672903371317388.        243.83173522240452        8.1326773218538643E-012   3.5976643257397932E-024   7.7897515489848847E-037  -3.4480105987964551E-044   1.0750241193701325E-051   4.6795976295025708E-058   2.7712037538835932E-064   1.9764048705825276E-070
  -2.4781850815213415E+041  -7.5718965530684460E+051  -2.8348754527101026E+049   4.1510767582943407E+041   9.6637753989372849E+029   25141107454719124.        227.71336111292962        7.5282642365563651E-012   3.3028392634500274E-024   7.1027250398328466E-037  -3.1543379774268307E-044   9.3599611684390569E-052   4.0908791492162377E-058   2.4055793972522537E-064   1.7009497935559558E-070
  -2.4461556221248910E+041  -7.3969858205578221E+051  -2.7290909780671701E+049   3.9930786666993765E+041   9.1972164992491606E+029   23696808696281584.        212.65511164112030        6.9685272158982579E-012   3.0320160031134014E-024   6.4756477347087147E-037  -2.8841928353320084E-044   8.1471150536664598E-052   3.5761846097048437E-058   2.0881896823794161E-064   1.4638803647708811E-070
  -2.4145248094329621E+041  -7.2262150590688373E+051  -2.6274030222012361E+049   3.8409414466161175E+041   8.7530073642132552E+029   22335045117534900.        198.58770379629487        6.4501856699701093E-012   2.7832559888771293E-024   5.9033577268251601E-037  -2.6358854328497071E-044   7.0893004308660100E-052   3.1262117623239324E-058   1.8126721400031208E-064   1.2598482386450553E-070
  -2.3832882225667596E+041  -7.0594832433316288E+051  -2.5296475264705437E+049   3.6944567768634985E+041   8.3300893607952540E+029   21051133411485036.        185.44634599628691        5.9701979641501362E-012   2.5547757291896975E-024   5.3811300699671512E-037  -2.4078201390702097E-044   6.1669181123146573E-052   2.7328266180309692E-058   1.5735034116687452E-064   1.0842501289056745E-070
  -2.3524414703996930E+041  -6.8966918996107073E+051  -2.4356671871458957E+049   3.5534231904951843E+041   7.9274531806446496E+029   19840653498291048.        173.17044992815994        5.5257441878217355E-012   2.3449345412302190E-024   4.9046406125857438E-037  -2.1984944324010404E-044   5.3628240341642388E-052   2.3889168219115325E-058   1.3658886069820547E-064   9.3312403894208055E-071
  -2.3219801921135961E+041  -6.7377450390816323E+051  -2.3453111715148458E+049   3.4176458838416767E+041   7.5441365979387480E+029   18699433921242756.        161.70336062783048        5.1142101499799477E-012   2.1522232493335251E-024   4.4699327335190473E-037  -2.0064970604177680E-044   4.6620240934448772E-052   2.0882634176120126E-058   1.1856652462610912E-064   8.0305994137054598E-071
  -2.2919000577168506E+041  -6.5825490929906657E+051  -2.2584348460738518E+049   3.2869365285434107E+041   7.1792223252915981E+029   17623538038511924.        150.99210366483521        4.7331725157914687E-012   1.9752537646099896E-024   4.0733867569729452E-037  -1.8305055478008264E-044   4.0514066619011408E-052   1.8254286969000097E-058   1.0292198664440410E-064   6.9112289541616115E-071
  -2.2621967685258865E+041  -6.4310128495493612E+051  -2.1748995162907402E+049   3.1611130867123537E+041   6.8318359637083929E+029   16609250968417482.        140.98714836722692        4.3803850040621705E-012   1.8127494783671769E-024   3.7116918402130133E-037  -1.6692832106681230E-044   3.5195081522427413E-052   1.5956581182001881E-058   8.9341562133355761E-065   5.9478687062381032E-071
  -2.2328660576114870E+041  -6.2830473925173472E+051  -2.0945721774420181E+049   3.0399996293400489E+041   6.5011440427112314E+029   15653067248104952.        131.64218608630750        4.0537655710637923E-012   1.6635364069618765E-024   3.3818201422622796E-037  -1.5216758094537748E-044   3.0563075770140899E-052   1.3947945304658902E-058   7.7552942713490248E-065   5.1187778637899919E-071
  -2.2039036902112843E+041  -6.1385660414278013E+051  -2.0173252760507276E+049   2.9234261580520086E+041   6.1863521469036617E+029   14751679167595612.        122.91392256183406        3.7513845113025380E-012   1.5265350303720471E-024   3.0810030958075714E-037  -1.3866079500806198E-044   2.6530465362982035E-052   1.2192031596598724E-058   6.7319739516504721E-065   4.4052448416448515E-071
  -2.1753054641097636E+041  -5.9974842934112716E+051  -1.9430364814708531E+049   2.8112284302917923E+041   5.8867031253792664E+029   13901965743117580.        114.76188350567095        3.4714534106001249E-012   1.4007527711030382E-024   2.8067096175318579E-037  -1.2630793240270742E-044   2.3020715061713770E-052   1.0657060083820158E-058   5.8436745938441000E-065   3.7911652806221882E-071
  -2.1470672099870742E+041  -5.8597197665747140E+051  -1.8715884671837115E+049   2.7032477880028363E+041   5.6014753805133903E+029   13100982295492312.        107.14823257581214        3.2123148913243973E-012   1.2852770640541860E-024   2.5566261042536890E-037  -1.1501608615600833E-044   1.9966956825168132E-052   9.3152448825503050E-059   5.0725825034252053E-065   3.2626788274598692E-071
  -2.1191847917378940E+041  -5.7251921448937166E+051  -1.8028687013903703E+049   2.5993309898621457E+041   5.3299812328073121E+029   12345950601120716.        100.03760096345124        2.9724330937726764E-012   1.1792689716919906E-024   2.3286380736101546E-037  -1.0469908585140992E-044   1.7310779709086155E-052   8.1422925258646592E-059   4.4032339210837782E-065   2.8078565055428448E-071
  -2.0916541067615361E+041  -5.5938231245770240E+051  -1.7367692465019580E+049   2.4993300471071123E+041   5.0715653585804191E+029   11634249584796914.        93.396927863515288        2.7503848415960661E-012   1.0819573023247575E-024   2.1208133186091632E-037  -9.5277112520888686E-045   1.5001170084384755E-052   7.1169632621414737E-059   3.8222050727200103E-065   2.4164316316082561E-071
  -2.0644710862244727E+041  -5.4655363618635513E+051  -1.6731865671467846E+049   2.4031020629850068E+041   4.8256032974284953E+029   10963406525178654.        87.195311143969889        2.5448514427750875E-012   9.9263319246971161E-025   1.9313864552418341E-037  -8.6676319612718607E-045   1.2993583625407696E-052   6.2206874262907582E-059   3.3178430932362263E-065   2.0795682143349158E-071
  -2.0376316952963870E+041  -5.3402574222131320E+051  -1.6120213463295325E+049   2.3105090758439789E+041   4.5915000264849903E+029   10331088745265112.        81.403867571413826        2.3546110810336529E-012   9.1064511726482804E-025   1.7587447515274372E-037  -7.8828463056511689E-045   1.1249132794428652E-052   5.4372299748189371E-059   2.8800324352365863E-065   1.7896616149698416E-071
  -2.0111319333608422E+041  -5.2179137308532773E+051  -1.5531783093934050E+049   2.2214179058746353E+041   4.3686885986371875E+029   9735095761678946.0        75.995601990160722        2.1785317557253591E-012   8.3539429562049473E-025   1.6014151349011722E-037  -7.1670542740482474E-045   9.7338755466401714E-053   4.7523971418992380E-059   2.4999920840482476E-065   1.5401669768886627E-071
  -1.9849678342016114E+041  -5.0984345246452414E+051  -1.4965660554511000E+049   2.1357000055023695E+041   4.1566288419605700E+029   9173351867923536.0        70.945284889302215        2.0155647311586495E-012   7.6633045934608436E-025   1.4580522827877065E-037  -6.5144457125012207E-045   8.4181927338226728E-053   4.1537799312345365E-059   2.1700995171710622E-065   1.3254515565782628E-071
  -1.9591354661656789E+041  -4.9817508052336560E+051  -1.4420968959648079E+049   2.0532313134225671E+041   3.9548061177424622E+029   8643899128091470.0        66.229337827296334        1.8647384590596055E-012   7.0294795783794120E-025   1.3274277085677704E-037  -5.9196672224682719E-045   7.2762432245000844E-053   3.6305298212028255E-059   1.8837378816943284E-065   1.1406676270432730E-071
  -1.9336309323038846E+041  -4.8677952934449671E+051  -1.3896867001691498E+049   1.9738921122634881E+041   3.7627301345702059E+029   8144890758739886.0        61.825726216558657        1.7251529404162966E-012   6.4478217209169095E-025   1.2084197619768377E-037  -5.3777905783706752E-045   6.2854871097225483E-053   3.1731626404464144E-059   1.6351633280926223E-065   9.8164308818977639E-072
  -1.9084503704901606E+041  -4.7565023849008232E+051  -1.3392547470441150E+049   1.8975668898550388E+041   3.5799338160598787E+029   7674584877825318.0        57.713859001473686        1.5959744953191189E-012   5.9140621381566534E-025   1.1000044693079829E-037  -4.8842827134714655E-045   5.4262685495843089E-053   2.7733870780995479E-059   1.4193898424229445E-065   8.4478731776117111E-072
  -1.8835899535202608E+041  -4.6478081068134938E+051  -1.2907235835576263E+049   1.8241442040757077E+041   3.4059722198988206E+029   7231338600707999.0        53.874494792307011        1.4764309116190671E-012   5.4242788728532856E-025   1.0012471446578067E-037  -4.4349772957447095E-045   4.6814508563227052E-053   2.4239547363400623E-059   1.2320892693630863E-065   7.2701013987287175E-072
  -1.8590458891908653E+041  -4.5416500759312641E+051  -1.2440188889093994E+049   1.7535165512446043E+041   3.2404215059691723E+029   6813602464296170.0        50.289654044794915        1.3658069452812376E-012   4.9748689330178945E-025   9.1129470888573354E-038  -4.0260478932790185E-045   4.0360973230479315E-053   2.1185290208559829E-059   1.0695045227642029E-065   6.2565208384541917E-072
  -1.8348144203599061E+041  -4.4379674576026394E+051  -1.1990693445192882E+049   1.6855802380207677E+041   3.0828779514102789E+029   6419915161407374.0        46.942536900820386        1.2634401472243381E-012   4.5625225621094601E-025   8.2936865798217715E-038  -3.6539827110779045E-045   3.4771921083718282E-053   1.8515705040990833E-059   9.2837424452412216E-066   5.3842436052503233E-072
  -1.8108918249889286E+041  -4.3367009259289911E+051  -1.1558065095143347E+049   1.6202352567676866E+041   2.9329570105652425E+029   6048898568378667.0        43.817446329652043        1.1687169932180023E-012   4.1841995641298628E-025   7.5475862718775638E-038  -3.3155608671799801E-045   2.9933961900997819E-053   1.6182366929446645E-059   8.0586740190553904E-066   4.6335720233614131E-072
  -1.7872744161682806E+041  -4.2377926249761507E+051  -1.1141647014793014E+049   1.5573851643371959E+041   2.7902924178412252E+029   5699253049863608.0        40.899716231816761        1.0810692950673164E-012   3.8371075215366911E-025   6.8681650150000695E-038  -3.0078301652309311E-045   2.5748340177258228E-053   1.4142943919183868E-059   6.9952651251262098E-066   3.9875540186422179E-072
  -1.7639585421258884E+041  -4.1411861310162199E+051  -1.0740808822455661E+049   1.4969369642236187E+041   2.6545353315943371E+029   5369753025613126.0        38.175644188885613        9.9997087285640216E-013   3.5186817564720349E-025   6.2495102717050269E-038  -2.7280863124872474E-045   2.2129070342719091E-053   1.2360430801480612E-059   6.0721835898409906E-066   3.4316004606522481E-072
  -1.7409405862203528E+041  -4.0468264157716389E+051  -1.0354945485029377E+049   1.4388009920361200E+041   2.5253535172282496E+029   5059242784852217.0        35.632428562358712        9.2493446945803160E-013   3.2265668974325703E-025   5.6862288245712810E-038  -2.4738535262818104E-045   1.9001307123009424E-053   1.0802479187286962E-059   5.2709120551930405E-066   2.9531558289514095E-072
  -1.7182169669190762E+041  -3.9546598106343533E+051  -9.9834762702820176E+048   1.3828908042347272E+041   2.4024305677710385E+029   4766632534637110.0        33.258109663514951        8.5550888985132806E-013   2.9585999242471425E-025   5.1734016927518081E-038  -2.2428664678594683E-045   1.6299921648450523E-053   9.4408117881996551E-060   4.5753765862883236E-066   2.5414147739614964E-072
  -1.6957841377620981E+041  -3.8646339718335966E+051  -9.6258437433307118E+048   1.3291230700733200E+041   2.2854651602673536E+029   4490894669310007.0        31.041514733620655        7.9127634903146425E-013   2.7127945741485387E-025   4.7065429050742703E-038  -2.0330534398769430E-045   1.3968257566717758E-053   8.2507103264722893E-060   3.9716242760101634E-066   2.1870781777290018E-072
  -1.6736385873123057E+041  -3.7766978465265916E+051  -9.2815128054269496E+048   1.2774174666910410E+041   2.1741703463928489E+029   4231060248862851.0        28.972206490336752        7.3185001345024500E-013   2.4873270008871766E-025   4.2815618060628562E-038  -1.8425207824831335E-045   1.1957044610360733E-053   7.2105678238004056E-060   3.4475433836294584E-066   1.8821432107526932E-072
  -1.6517768390926483E+041  -3.6908016397871058E+051  -8.9499697732399610E+048   1.2276965772920601E+041   2.0682728757649896E+029   3986215674679639.5        27.040435011590912        6.7687172200052860E-013   2.2805225872926749E-025   3.8947285976886136E-038  -1.6695384025213148E-045   1.0223449873462004E-053   6.3014971800364988E-060   2.9926203965603170E-066   1.6197226477946021E-072
  -1.6301954515109684E+041  -3.6068967824675364E+051  -8.6307214969087721E+048   1.1798857923523526E+041   1.9675125504889876E+029   3755499551750409.0        25.237092742652134        6.2600987355611101E-013   2.0908438194973520E-025   3.5426428440425850E-038  -1.5125263708271082E-045   8.7302495084461588E-054   5.5069889686812488E-060   2.5977291444756785E-066   1.3938893655517714E-072
  -1.6088910177730456E+041  -3.5249358999108301E+051  -8.3232945152076658E+048   1.1339132137911483E+041   1.8716416095397325E+029   3538099727040850.0        23.553672425716879        5.7895746900718182E-013   1.9168791382423255E-025   3.2222046885808443E-038  -1.3700425236691069E-045   7.4451057071942923E-054   4.8126122642352219E-060   2.2549477374311492E-066   1.1995425130997428E-072
  -1.5878601657844137E+041  -3.4448727814891865E+051  -8.0272342462409381E+048   1.0897095620439247E+041   1.7804241416402865E+029   3333250494261275.5        21.982227764043262        5.3543029659457420E-013   1.7573326893373572E-025   2.9305885542580369E-038  -1.2407710059524620E-045   6.3399357174657853E-054   4.2057530932622471E-060   1.9573996573621328E-066   1.0322923349285067E-072
  -1.5670995580415090E+041  -3.3666623509471466E+051  -7.7421042121509274E+048   1.0472080859732603E+041   1.6936355253549033E+029   3140229955808893.0        20.515336644604385        4.9516525014828493E-013   1.6110149014818585E-025   2.6652191158816332E-038  -1.1235116957617660E-045   5.3903612989161152E-054   3.6753857802911184E-060   1.6991158164880881E-066   8.8836104719642855E-073
  -1.5466058915126704E+041  -3.2902606375272564E+051  -7.4674852963884363E+048   1.0063444755534811E+041   1.6110618951696291E+029   2958357533159487.0        19.146066754421085        4.5791877058135317E-013   1.4768338253153618E-025   2.4237493515086438E-038  -1.0171704520598092E-045   4.5752284714592804E-054   3.2118730536937133E-060   1.4749148164751771E-066   7.6449753001238778E-073
  -1.5263758975095044E+041  -3.2156247478571049E+051  -7.2029750321570990E+048   9.6705677726484271E+040   1.5324996323864560E+029   2786991617460193.5        17.867943436224468        4.2346540168306459E-013   1.3537871727874128E-025   2.2040404957869037E-038  -9.2075012980124246E-046   3.8761886775739836E-054   2.8067912961205249E-060   1.2802990070933234E-066   6.5790391028528341E-073
  -1.5064063415491073E+041  -3.1427128385771077E+051  -6.9481869207028230E+048   9.2928531213295505E+040   1.4577548797078349E+029   2625527352525345.5        16.674919638931865        3.9159645189927125E-013   1.2409550007525270E-025   2.0041437329230415E-038  -8.3334230929708899E-046   3.2773335915241361E-054   2.4527777783032686E-060   1.1113642598647839E-066   5.6617237798061983E-073
  -1.4866940232076135E+041  -3.0714840896889765E+051  -6.7027497781766497E+048   8.9297259634925699E+040   1.3866430784370923E+029   2473394542863683.0        15.561347827636462        3.6211875438577690E-013   1.1374929871365663E-025   1.8222834805395750E-038  -7.5411968932166005E-046   2.7648767817751384E-054   2.1433971122307433E-060   9.6472164718423397E-067   4.8723080954505099E-073
  -1.4672357759655285E+041  -3.0018986786053616E+051  -6.4663071098539652E+048   8.5806326440860244E+040   1.3189885272671125E+029   2330055679768822.0        14.521953726449027        3.3485351817642920E-013   1.0426262521152325E-025   1.6568421281579263E-038  -6.8232909614230102E-046   2.3268762851756012E-054   1.8730245070245520E-060   8.3742945610415327E-067   4.1929597100812020E-073
  -1.4480284670452832E+041  -2.9339177548816901E+051  -6.2385165105453170E+048   8.2450399470036640E+040   1.2546239616745265E+029   2195004078886876.0        13.551811775624948        3.0963526382374199E-013   9.5564368051982907E-026   1.5063461054990655E-038  -6.1728506333778202E-046   1.9529928976870380E-054   1.6367437145444485E-060   7.2693417320673834E-067   3.6083324432752628E-073
  -1.4290689972414327E+041  -2.8675034156117387E+051  -6.0190490900841437E+048   7.9224343748995850E+040   1.1933901529797188E+029   2067762123036672.8        12.646322191995090        2.8631083734930131E-013   8.7589270516457245E-026   1.3694531663093580E-038  -5.5836393992372625E-046   1.6342796396937089E-054   1.4302578173130029E-060   6.3101925687685773E-067   3.1052196776751441E-073
  -1.4103543007439053E+041  -2.8026186814689947E+051  -5.8075889228246097E+048   7.6123214522818487E+040   1.1351355261742480E+029   1947879604400176.2        11.801189528825962        2.6473849678646868E-013   8.0277451399618780E-026   1.2449407830702474E-038  -5.0499848690012831E-046   1.3629984257120948E-054   1.2498112435534108E-060   5.4776066945454351E-067   2.6722560780963053E-073
  -1.3918813449546935E+041  -2.7392274733763344E+051  -5.6038325201285794E+048   7.3142250512656067E+040   1.0797157956568618E+029   1834932160524457.5        11.012402637893082        2.4478706601137466E-013   7.3573964692133211E-026   1.1316955568054460E-038  -4.5667292485891208E-046   1.1324604687312791E-054   1.0921215971695991E-060   4.7548827730964757E-067   2.2996608914885945E-073
  -1.3736471302983639E+041  -2.6772945897870539E+051  -5.4074883248646020E+048   7.0276867393739237E+040   1.0269936180572340E+029   1728519798882890.0        10.276215942788815        2.2633515094213138E-013   6.7428395088992476E-026   1.0287035543218234E-038  -4.1291839772516279E-046   9.3688738729723200E-055   9.5432006802612507E-061   4.1275234456246398E-067   1.9790170318584884E-073
  -1.3556486900267479E+041  -2.6167856845607175E+051  -5.2182762269837670E+048   6.7522651487824902E+040   9.7683826136291075E+028   1628265505033036.0        9.5891319383287819        2.0927041354265979E-013   6.1794486432071080E-026   9.3504149266893278E-039  -3.7330882004434533E-046   7.7129036656184144E-055   8.3389934310906816E-061   3.5829444833096283E-067   1.7030809620462459E-073
  -1.3378830900181609E+041  -2.5576672454177776E+051  -5.0359270992774334E+048   6.4875353664129814E+040   9.2912528959979525E+028   1533813929682807.2        8.9478848363933441        1.9348889939846608E-013   5.6629800426591659E-026   8.4986869743129430E-039  -3.3745707746277038E-046   6.3136505965172125E-055   7.2866807486884187E-061   3.1102223206538307E-067   1.4656190794716400E-073
  -1.3203474285714868E+041  -2.4999065729573399E+051  -4.8601823524602562E+048   6.2330883442888568E+040   8.8373626234987123E+028   1444830150235786.8        8.3494252836659566        1.7889441493890940E-013   5.1895403184000550E-026   7.7241976772722649E-039  -3.0501155217554325E-046   5.1340020883382902E-055   6.3671108171073321E-061   2.6998749051190461E-067   1.2612669112981423E-073
  -1.3030388361954504E+041  -2.4434717602228775E+051  -4.6907935087587136E+048   5.9885303295769618E+040   8.4055844842183436E+028   1360998502631809.2        7.7909060815299860        1.6539795066565856E-013   4.7555577339750106E-026   7.0199788652434568E-039  -2.7565294713306411E-046   4.1419822229027770E-055   5.5635455935091556E-061   2.3436714667211690E-067   1.0854079394173565E-073
  -1.2859544753933850E+041  -2.3883316728011240E+051  -4.5275217932205268E+048   5.7534823137481867E+040   7.9948455302090787E+028   1282021479530808.2        7.2696688428800433        1.5291714701170077E-013   4.3577557674967763E-026   6.3796872013742682E-039  -2.4909138470332521E-046   3.3100616644340677E-055   4.8613567246763191E-061   2.0344673913369265E-067   9.3406931884182064E-074
  -1.2690915404437973E+041  -2.3344559294397746E+051  -4.3701377419940202E+048   5.5275795003007478E+040   7.6041245779343136E+028   1207618691107236.0        6.7832315248123614        1.4137579970088994E-013   3.9931288337174377E-026   5.7975485558837498E-039  -2.2506375728361302E-046   2.6145582970783080E-055   4.2477597538721442E-061   1.7660608850303494E-067   8.0383213451497572E-074
  -1.2524472571770131E+041  -2.2818148831700251E+051  -4.2184208268586754E+048   5.3104707905001500E+040   7.2324497314986012E+028   1137525884929694.0        6.3292767800988798        1.3070340170596104E-013   3.6589199908211455E-026   5.2683072891677071E-039  -2.0333130904365298E-046   2.0351168480577249E-055   3.7115817988485953E-061   1.5330685538229667E-067   6.9175416980900124E-074
  -1.2360188827481797E+041  -2.2303796029203489E+051  -4.0721590953189911E+048   5.1018182866006919E+040   6.8788960229666884E+028   1071494021596442.0        5.9056410740385505        1.2083471911444301E-013   3.3526004708380254E-026   4.7871800156610963E-039  -1.8367742956546184E-046   1.5542572644686309E-055   3.2430584880315395E-061   1.3308174027750077E-067   5.9530344249202554E-074
  -1.2198037054068913E+041  -2.1801218556083069E+051  -3.9311488256032209E+048   4.9012968120243370E+040   6.5425831643335263E+028   1009288402982778.4        5.5103045167325853        1.1170939840814851E-013   3.0718508855437917E-026   4.3498134566613962E-039  -1.6590564162654825E-046   1.1569829194312178E-055   2.8336564719250026E-061   1.1552510876236805E-067   5.1230100708154824E-074
  -1.2037990442636886E+041  -2.1310140886975289E+051  -3.7951941959368057E+048   4.7085934479838750E+040   6.2226734059529831E+028   950687850131447.62        5.1413813640628163        1.0327160284398990E-013   2.8145439716414799E-026   3.9522460241380045E-039  -1.4983776675644663E-046   8.3044086568434625E-056   2.4759182901452531E-061   1.0028485381435885E-067   4.4087173174806216E-074
  -1.1880022490536785E+041  -2.0830294132073669E+051  -3.6641069674873154E+048   4.5234070860485036E+040   5.9183694964682948E+028   895483927982816.12        4.7971111436779168        9.5469675792778904E-014   2.5787287500025242E-026   3.5908728085016934E-039  -1.3531225348603838E-046   5.6362735250343530E-056   2.1633267795975526E-061   8.7055332058722963E-068   3.7940193801453041E-074
  -1.1724106998975069E+041  -2.0361415871630665E+051  -3.5377061804035658E+048   4.3454479961612686E+040   5.6289127395122158E+028   843480214298042.75        4.4758503651239954        8.8255829049352811E-014   2.3626159838488047E-026   3.2624136716236468E-039  -1.2218265440907764E-046   3.4713269313701496E-056   1.8901865634657376E-061   7.5571232200755487E-068   3.2650294647823529E-074
  -1.1570218070599125E+041  -1.9903249994746321E+051  -3.4158178623962797E+048   4.1744374096290929E+040   5.3535811426600630E+028   794491610276363.50        4.1760647759062426        8.1585854272706158E-014   2.1645648300545220E-026   2.9638841722951629E-039  -1.1031623929029606E-046   1.7292033068512647E-056   1.6515204703005709E-061   6.5602252628048972E-068   2.8097970515981130E-074
  -1.1418330107060713E+041  -1.9455546542328884E+051  -3.2982747493313559E+048   4.0101071166175033E+040   5.0916876543246073E+028   748343690507367.50        3.8963221277484243        7.5418855849607429E-014   1.9830705863003500E-026   2.6925690750083723E-039  -9.9592732488957319E-047   3.4135614380674027E-057   1.4429790031658010E-061   5.6948481398388262E-068   2.4180379187081196E-074
  -1.1268417806559455E+041  -1.9018061554115524E+051  -3.1849160173294205E+048   3.8521990776934454E+040   4.8425784844785324E+028   704872090031191.25        3.6352854196377309        6.9717003600198895E-014   1.8167534446811347E-026   2.4459982146005083E-039  -8.9903163925310994E-047  -7.5059622249654386E-057   1.2607612154265358E-061   4.9436385920648733E-068   2.0809018077716491E-074
  -1.1120456161368306E+041  -1.8590556919644470E+051  -3.0755870258870109E+048   3.7004650489708872E+040   4.6056315052782512E+028   663921926404339.75        3.3917065864140725        6.4445303860017723E-014   1.6643481696065884E-026   2.2219245091096802E-039  -8.1148823704527347E-047  -1.5963008422622281E-056   1.1015455566232439E-061   4.2915331868272977E-068   1.7907724835146257E-074
  -1.0974420455342934E+041  -1.8172800233072764E+051  -2.9701390715554654E+048   3.5546662204251296E+040   4.3802547278427033E+028   625347254786720.12        3.1644206036946336        5.9571387580389229E-014   1.5246946244919079E-026   2.0183039312948729E-039  -7.3240311332768667E-047  -2.2379060075301025E-056   9.6242943270905259E-062   3.7254561482968276E-068   1.5410956707156458E-074
  -1.0830286261416814E+041  -1.7764564651736781E+051  -2.8684291517334386E+048   3.4145728669528805E+040   4.1658848516126015E+028   589010554176840.50        2.9523399818254430        5.5065314188834296E-014   1.3967290778581338E-026   1.8332772658204892E-039  -6.6096671217317730E-047  -2.7111285075775682E-056   8.4087638301030734E-062   3.2340570643170812E-068   1.3262309818829922E-074
  -1.0688029439083820E+041  -1.7365628758355484E+051  -2.7703197381479214E+048   3.2799640117662027E+040   3.9619858828798076E+028   554782243027330.50        2.7544496233300362        5.0899390043567373E-014   1.2794762250927799E-026   1.6651534942277970E-039  -5.9644606841246425E-047  -3.0461747002583335E-056   7.3466991446166008E-062   2.8074832072447194E-068   1.1413244907278217E-074
  -1.0547626131869927E+041  -1.6975776426779119E+051  -2.6756785596168316E+048   3.1506271017193793E+040   3.7680478192334689E+028   522540222572309.62        2.5698020199889084        4.7048000401858934E-014   1.1720418672989489E-026   1.5123946636328467E-039  -5.3817766646908547E-047  -3.2685348922965795E-056   6.4187315446878081E-062   2.4371819007839878E-068   9.8219907287536687E-075
  -1.0409052764795695E+041  -1.6594796691188774E+051  -2.5843783937035882E+048   3.0263576941785517E+040   3.5835853968194813E+028   492169446291990.88        2.3975127672396255        4.3487453901486675E-014   1.0736061934218614E-026   1.3736021077135642E-039  -4.8556095255341517E-047  -3.3996679734027292E-056   5.6079358935120429E-062   2.1157289676527358E-068   8.4526003658169741E-075
  -1.0272286041831030E+041  -1.6222483618654699E+051  -2.4962968668907454E+048   2.9069591550546477E+040   3.4081368974530827E+028   463561514028555.62        2.2367563750430577        4.0195838628150072E-014   9.8341761621870996E-027   1.2475039000793244E-039  -4.3805244194044316E-047  -3.4575910289456653E-056   4.8995224762700815E-062   1.8366798161996359E-068   7.2741391160062976E-075
  -1.0137302943343699E+041  -1.5858636184963979E+051  -2.4113162629156408E+048   2.7922423676306546E+040   3.2412630127611973E+028   436614289351052.12        2.0867623557226627        3.7152888909996053E-014   9.0078711666160891E-027   1.1329434306474678E-039  -3.9516036806957429E-047  -3.4573867220946528E-056   4.2805676809175648E-062   1.5944401783189981E-068   6.2599856157283822E-075
  -1.0004080723543010E+041  -1.5503058153630446E+051  -2.3293233389262668E+048   2.6820254518246321E+040   3.0825457626618635E+028   411231538846136.12        1.9468115705570717        3.4339862043685326E-014   8.2508305506234909E-027   1.0288690052682679E-039  -3.5643982481010982E-047  -3.4116395523721007E-056   3.7397786317802805E-062   1.3841539052928687E-068   5.3872304109914956E-075
  -9.8725969079199838E+040  -1.5155557958002232E+051  -2.2502091491301265E+048   2.5761334935400803E+040   2.9315874656128721E+028   387322592086122.19        1.8162328180970722        3.1739424215083483E-014   7.5572641060767647E-027   9.3432437762096207E-040  -3.2148835746352048E-047  -3.3308106315709075E-056   3.2672874973673164E-062   1.2016055704403144E-068   4.6361583878892464E-075
  -9.7428292906853346E+040  -1.4815948586384571E+051  -2.1738688756227836E+048   2.4743982837652816E+040   2.7880097581809244E+028   364802021096315.25        1.6943996482917314        2.9335544932021557E-014   6.9218641411880817E-027   8.4844013042022174E-040  -2.8994196195150028E-047  -3.2235593421438925E-056   2.8544717327443136E-062   1.0431359245373149E-068   3.9898033701361985E-075
  -9.6147559322064375E+040  -1.4484047470097821E+051  -2.1002016660961600E+048   2.3766580670930797E+040   2.6514526615964389E+028   343589338210147.19        1.5807273875498007        2.7113399336950091E-014   6.3397654172092732E-027   7.7042583029051596E-040  -2.6147145519372222E-047  -3.0970191331423999E-056   2.4937969878874449E-062   9.0556850784796222E-069   3.4335648212346478E-075
  -9.4883551564445229E+040  -1.4159676374392751E+051  -2.0291104781393943E+048   2.2827572993422221E+040   2.5215736930677727E+028   323608711263485.81        1.4746703608363367        2.5059277813997510E-014   5.8065083974773182E-027   6.9956288734521312E-040  -2.3577918293610000E-047  -2.9570337433188289E-056   2.1786798252036475E-062   7.8614594645258149E-069   2.9548779918364807E-075
  -9.3636055483931306E+040  -1.3842661292147413E+051  -1.9605019298573038E+048   2.1925464139708492E+040   2.3980470197323678E+028   304788695138811.56        1.3757192978149957        2.3160502348205949E-014   5.3180055363145957E-027   6.3519805660301389E-040  -2.1259603427244862E-047  -2.8083593015577060E-056   1.9033677493186377E-062   6.8247465486209475E-069   2.5429300602421203E-075
  -9.2404859515189898E+040  -1.3532832340271842E+051  -1.8942861565431690E+048   2.1058815969819936E+040   2.2805626532213244E+028   287061978725964.50        1.2833989108978037        2.1405349134804999E-014   4.8705103575734073E-027   5.7673752393674105E-040  -1.9167873483139292E-047  -2.6548370251600980E-056   1.6628343668268378E-062   5.9247683556896754E-069   2.1884158530201711E-075
  -9.1189754652062399E+040  -1.3230023658748968E+051  -1.8303766731537663E+048   2.0226245700300171E+040   2.1688256829084388E+028   270365146419033.34        1.1972656338601466        1.9782976973526963E-014   4.4605890930899273E-027   5.2364152432468597E-040  -1.7280739309636300E-047  -2.4995406025329975E-056   1.4526877686713366E-062   5.1434881258744402E-069   1.8833276269050604E-075
  -8.9990534422050492E+040  -1.2934073312241983E+051  -1.7686902423452583E+048   1.9426423814458209E+040   2.0625555460049228E+028   254638453318864.84        1.1169055104228665        1.8283361017380682E-014   4.0850946701243443E-027   4.7541944480480167E-040  -1.5578327660826847E-047  -2.3449017961845089E-056   1.2690904681643899E-062   4.4652486311699475E-069   1.6207741626328261E-075
  -8.8806994860855073E+040  -1.2644823194200387E+051  -1.7091467478388220E+048   1.8658072049073038E+040   1.9614853327471090E+028   239825613357777.16        1.0419322228990147        1.6897231477183942E-014   3.7411428541456502E-027   4.3162536875558568E-040  -1.4042679688533203E-047  -2.1928173238256038E-056   1.1086894377293708E-062   3.8764582177279059E-069   1.3948250835884964E-075
  -8.7638934486976815E+040  -1.2362118933398750E+051  -1.6516690728946792E+048   1.7919961454900584E+040   1.8653611250065877E+028   225873599607521.03       0.97198525165313343        1.5616016912691357E-014   3.4260903691947009E-027   3.9185402197979878E-040  -1.2657568379869407E-047  -2.0447396604328350E-056   9.6855497105457962E-063   3.3653182757893751E-069   1.2003768820206296E-075
  -8.6486154276386772E+040  -1.2085809802844023E+051  -1.5961829836825951E+048   1.7210910528415654E+040   1.7739413667305961E+028   212732456073495.00       0.90672815672884144        1.4431791768516691E-014   3.1375148326414423E-027   3.5573708458046693E-040  -1.1408333188066154E-047  -1.9017540441373557E-056   8.4612725782943361E-063   2.9215866703541403E-069   1.0330376260024144E-075
  -8.5348457637275112E+040  -1.1815748630988996E+051  -1.5426170173458761E+048   1.6529783412302137E+040   1.6869962646952574E+028   200355120317820.00       0.84584697356873451        1.3337227838395183E-014   2.8731963545459039E-027   3.2293983582241746E-040  -1.0281730262864655E-047  -1.7646436566268555E-056   7.3916969849655087E-063   2.5363723871585246E-069   8.8902774236263481E-076
  -8.4225650384885313E+040  -1.1551791715191184E+051  -1.4909023745645073E+048   1.5875488162283726E+040   1.6043072181256107E+028   188697256291254.16       0.78904871528173837        1.2325549364809236E-014   2.6311006641339680E-027   2.9315810209386640E-040  -9.2657968314627755E-048  -1.6339446781476556E-056   6.4572810904489306E-063   2.2019572747812375E-069   7.6509463400755802E-076
  -8.3117540716441003E+040  -1.1293798737358138E+051  -1.4409728164312816E+048   1.5246975077964188E+040   1.5256662758044221E+028   177717096789191.19       0.73605997440947168        1.1390491502747376E-014   2.4093636371963480E-027   2.6611548074595498E-040  -8.3497284129105531E-048  -1.5099926827436973E-056   5.6409507301477827E-063   1.9116413072970574E-069   6.5843920261111910E-076
  -8.2023939186172603E+040  -1.1041632681721659E+051  -1.3927645654626590E+048   1.4643235095421013E+040   1.4508756193566907E+028   167375294980269.50       0.68662561760715068        1.0526261896507709E-014   2.2062771085939928E-027   2.4156081501615455E-040  -7.5237676690811488E-048  -1.3929616363353665E-056   4.9277879153047860E-063   1.6596082637577079E-069   5.6665261662639732E-076
  -8.0944658680449860E+040  -1.0795159754685094E+051  -1.3462162105736126E+048   1.4063298239369279E+040   1.3797470714586731E+028   157634784487515.31       0.64050756708818157        9.7275051371114985E-015   2.0202758635801269E-027   2.1926589745470555E-040  -6.7791038048827955E-048  -1.2828965845018972E-056   4.3047586402064431E-063   1.4408091303663090E-069   4.8766189604271384E-076
  -7.9879514393026545E+040  -1.0554249306689331E+051  -1.3012686158529488E+048   1.3506232132783429E+040   1.3121016277793080E+028   148460647531575.62       0.59748366308682566        8.9892698851684575E-015   1.8499257103970171E-027   1.9902338129053486E-040  -6.1077815301425164E-048  -1.1797409647965009E-056   3.7604750381729484E-063   1.2508608867446014E-069   4.1968308450891178E-076
  -7.8828323800403160E+040  -1.0318773756044591E+051  -1.2578648329824714E+048   1.2971140561933846E+040   1.2477690115182365E+028   139819990673548.98       0.55734660197202446        8.3069784600343969E-015   1.6939125446377275E-027   1.8064488101159149E-040  -5.5026186864247363E-048  -1.0833593469677573E-056   3.2849875533976203E-063   1.0859586463046210E-069   3.6118095086464633E-076
  -7.7790906637312950E+040  -1.0088608514676595E+051  -1.2159500171499775E+048   1.2457162094862156E+040   1.1865872494583275E+028   131681827721297.50       0.51990294499935708        7.6763987109176047E-015   1.5510323232375867E-027   1.6395924510993874E-040  -4.9571317247201603E-048  -9.9355629086367169E-057   2.8696033420641168E-063   9.4279938862098458E-070   3.1083430964051178E-076
  -7.6767084872336710E+040  -9.8636319157370389E+050  -1.1754713463123956E+048   1.1963468751384585E+040   1.1284022685018138E+028   124016969388005.25       0.48497219301879085        7.0936179993096779E-015   1.4201818727304563E-027   1.4881098546858314E-040  -4.4654682951619961E-048  -9.1009191368893087E-057   2.5067275936681672E-063   8.1851575423147428E-070   2.6750617703732729E-076
  -7.5756682683650900E+040  -9.6437251430296689E+050  -1.1363779436714197E+048   1.1489264722776182E+040   1.0730675117079918E+028   116797919315222.33       0.45238592276488426        6.5550191348202706E-015   1.3003504626202411E-027   1.3505884925798427E-040  -4.0223462783480405E-048  -8.3269467361212703E-057   2.1897248807796596E-063   7.1061857413794925E-070   2.3021808814295280E-076
  -7.4759526434913937E+040  -9.4287721622045989E+050  -1.0986208032297946E+048   1.1033785139350304E+040   1.0204435728969796E+028   109998776094777.55       0.42198698064482321        6.0572581182577870E-015   1.1906120804236417E-027   1.2257452047743110E-040  -3.6229986500651745E-048  -7.6107180368741108E-057   1.9127980101842087E-063   6.1694698148667163E-070   1.9812799515981275E-076
  -7.3775444651294919E+040  -9.2186596536747597E+050  -1.0621527183019492E+048   1.0596294884207769E+040   9.7039784892841745E+027   103595140944832.06       0.39362873020943184        5.5972435566890139E-015   1.0901183501774593E-027   1.1124143943089352E-040  -3.2631236277734483E-048  -6.9491776710761136E-057   1.6708821670695775E-063   5.3562510499236852E-070   1.7051124732190026E-076
  -7.2804267995648739E+040  -9.0132769472096570E+050  -1.0269282128579816E+048   1.0176087451488210E+040   9.2280420880631164E+027   97564030715049.922       0.36717434974434915        5.1721176252940784E-015   9.9809204101101506E-028   1.0095372947852085E-040  -2.9388395986106455E-048  -6.3392105059062700E-057   1.4595524224651760E-063   4.6502447568525883E-070   1.4674422280431906E-076
  -7.1845829244841609E+040  -8.8125159581627496E+050  -9.9290347558507964E+047   9.7724838475125454E+039   8.7754267880155047E+027   91883795914448.609       0.34249617665403753        4.7792384601685056E-015   9.1382111679650703E-028   9.1615221362747935E-041  -2.6466443753827093E-048  -5.7776956604277937E-057   1.2749429175663972E-063   4.0373139315359786E-070   1.2629024284441498E-076
  -7.0899963266230421E+040  -8.6162711252900603E+050  -9.6003629655532763E+047   9.3848315332603836E+039   8.3449914282207582E+027   86534043473022.516       0.31947509553128778        4.4161638748666751E-015   8.3665328193969478E-028   8.3138566280280715E-041  -2.3833783694292488E-048  -5.2615489052142064E-057   1.1136762513057737E-063   3.5051859692522812E-070   1.0868744985494757E-076
  -6.9966506994299370E+040  -8.4244393501186541E+050  -9.2828600639350167E+047   9.0125034066792032E+039   7.9356505729733686E+027   81495563964767.297       0.29799996701041187        4.0806363014818396E-015   7.6599098208976619E-028   7.5444429665627328E-041  -2.1461913077794283E-048  -4.7877554004867012E-057   9.7280178343844458E-064   3.0432067497591747E-070   9.3538375681497688E-077
  -6.9045299407456903E+040  -8.2369199378248228E+050  -8.9761341784291478E+047   8.6548968233737453E+039   7.5463717987858251E+027   76750263035328.281       0.27796709469431252        3.7705688644642998E-015   7.0128682195786913E-028   6.8460758375227982E-041  -1.9325121569913218E-048  -4.3533944324014396E-057   8.4974172787130219E-064   2.6421271630226311E-070   8.0500964340911917E-077
  -6.8136181504995997E+040  -8.0536145395828207E+050  -8.6798076963163875E+047   8.3114326542739976E+039   7.1761731128983743E+027   72281096792203.469       0.25927972762497709        3.4840325022354183E-015   6.4203936556359264E-028   6.2122114619910399E-041  -1.7400219478167801E-048  -3.9556575534034649E-057   7.4224405293862031E-064   2.2939177955636224E-070   6.9280846437770855E-077
  -6.7238996284220305E+040  -7.8744270963461514E+050  -8.3935167254551504E+047   7.9815543789285435E+039   6.8241204969613040E+027   68072010929302.664       0.24184759593448771        3.2192440580013892E-015   5.8778928710064648E-028   5.6369070593104146E-041  -1.5666292236454385E-048  -3.5918613152210493E-057   6.4834132939475408E-064   1.9916080621357103E-070   5.9624690734067366E-077
  -6.6353588717738947E+040  -7.6992637840243017E+050  -8.1169105761827658E+047   7.6647272131170136E+039   6.4893255698577589E+027   64107883370745.594       0.22558647747014324        2.9745552670449582E-015   5.3811584324824459E-028   5.1147658288225518E-041  -1.4104478618216823E-048  -3.2594555971022888E-057   5.6631477531397241E-064   1.7291465576648458E-070   5.1314482682401083E-077
  -6.5479805730931962E+040  -7.5280329600189340E+050  -7.8496512635284697E+047   7.3604372695207942E+039   6.1709433639231908E+027   60374470231117.492       0.21041779333347282        2.7484425732103393E-015   4.9263364017263228E-028   4.6408869495672520E-041  -1.2697770406398064E-048  -2.9560283729570619E-057   4.9466284183155332E-064   1.5012798299124991E-070   4.4162600674855196E-077
  -6.4617496179588832E+040  -7.3606451110844368E+050  -7.5914130289146898E+047   7.0681907502351843E+039   5.8681702090920204E+027   56858354901033.359       0.19626823040946795        2.5394977123288956E-015   4.5098967068165452E-028   4.2108201422304838E-041  -1.1430831463264172E-048  -2.6793076254065241E-057   4.3207376645317388E-064   1.3034471427014856E-070   3.8007578781477541E-077
  -6.3766510827721841E+040  -7.1970128024787108E+050  -7.3418818805574118E+047   6.7875131699488375E+039   5.5802417197636719E+027   53546900077831.906       0.18306938908989259        2.3464190049906995E-015   4.1286059903059382E-028   3.8205243788097499E-041  -1.0289834338169135E-048  -2.4271609991096594E-057   3.7740159300831550E-064   1.1316891201806912E-070   3.2710460261116692E-077
  -6.2926702325556180E+040  -7.0370506283709660E+050  -7.1007551518093367E+047   6.5179486086575468E+039   5.3064308794293082E+027   50428202571563.297       0.17075745451365007        2.1680033053775586E-015   3.7795027274475179E-028   3.4663303629471917E-041  -9.2623127280832117E-049  -2.1975936873218091E-057   3.2964522054488547E-064   9.8256844093250712E-071   2.8151659473669048E-077
  -6.2097925187698390E+040  -6.8806751634742057E+050  -6.8677410767209733E+047   6.2590589928194293E+039   5.0460462183380587E+027   47491050726188.586       0.15927288975843620        2.0031385568623281E-015   3.4598744253722817E-028   3.1449064379925539E-041  -8.3370282659108453E-049  -1.9887449620143088E-057   2.8793009870753212E-064   8.5310099232850912E-071   2.4228261308114602E-077
  -6.1280035771484611E+040  -6.7278049158709482E+050  -6.6425583821249149E+047   6.0104234038971631E+039   4.7984300797076605E+027   44724884305104.273       0.14856014952181135        1.8507969087710421E-015   3.1672367297172677E-028   2.8532276109009927E-041  -7.5038502567991417E-049  -1.7988836869492770E-057   2.5149223541711735E-064   7.4069610526119473E-071   2.0851697124554801E-077
  -6.0472892255510071E+040  -6.5783602810015352E+050  -6.4249358955774333E+047   5.7716374132703835E+039   4.5629569701999640E+027   42119756698776.836       0.13856741292686114        1.7100283521207875E-015   2.8993142796165433E-028   2.5885474083190364E-041  -6.7536471141705787E-049  -1.6264030930474970E-057   2.1966422485260627E-064   6.4310467142931849E-071   1.7945744714124651E-077
  -5.9676354618340891E+040  -6.4322634967852559E+050  -6.2146121685190928E+047   5.5423124425374526E+039   4.3390319905869855E+027   39666299320447.008       0.12924633417823669        1.5799548353076328E-015   2.6540231651895207E-028   2.3483723069156704E-041  -6.0781883663648017E-049  -1.4698150446474939E-057   1.9186304059751898E-064   5.5837410338319835E-071   1.5444807100306804E-077
  -5.8890284617409252E+040  -6.2894385998452454E+050  -6.0113351140426229E+047   5.3220751482608561E+039   4.1260893427287401E+027   37355688063571.383       0.12055180987899462        1.4597648236443352E-015   2.4294548537884113E-028   2.1304385034023324E-041  -5.4700562126911501E-049  -1.3277439824828095E-057   1.6757937102246843E-064   4.8480923471411847E-071   1.3292431304203310E-077
  -5.8114545768093056E+040  -6.1498113828089546E+050  -5.8148616586815146E+047   5.1105668302442600E+039   3.9235909091703122E+027   35179611701935.535       0.11244176189768759        1.3487082693544910E-015   2.2238614623898205E-028   1.9326908109631059E-041  -4.9225657054186881E-049  -1.1989206932412838E-057   1.4636830211994615E-064   4.2093837685004743E-071   1.1440033617036556E-077
  -5.7349003322980600E+040  -6.0133093526566882E+050  -5.6249574076571286E+047   4.9074428624620064E+039   3.7310249018430400E+027   33130242120224.238       0.10487693474895657        1.2460919611344979E-015   2.0356422637171849E-028   1.7532634881735979E-041  -4.4296927227121641E-049  -1.0821760254154548E-057   1.2784117760017349E-064   3.6548385228670248E-071   9.8458025880262069E-078
  -5.6593524251321189E+040  -5.8798616900914670E+050  -5.4413963230453338E+047   4.7123721457933957E+039   3.5479045765236453E+027   31200206269292.402        9.7820706519790357E-002   1.1512752247122363E-015   1.8633313230370201E-028   1.5904628240962659E-041  -3.9860089776219326E-049  -9.7643464594739215E-058   1.1165848754562499E-064   3.1733641381169131E-071   8.4737549502170161E-078
  -5.5847977218662048E+040  -5.7493992099041613E+050  -5.2639604143458980E+047   4.5250365817446747E+039   3.3737670098660654E+027   29382559746469.504        9.1238912437969125E-002   1.0636659479756192E-015   1.7055861711524474E-028   1.4427513192580851E-041  -3.5866233807363910E-049  -8.8070891117545346E-058   9.7523655698350028E-065   2.7553303716963802E-071   7.2929231615109484E-078
  -5.5112232566672279E+040  -5.6218543223085720E+050  -5.0924394409592220E+047   4.3451305663711718E+039   3.2081719359740017E+027   27670761906969.914        8.5099680239296829E-002   9.8271690622809085E-016   1.5611774269862761E-028   1.3087333167864645E-041  -3.2271291397176918E-049  -7.9409290817025676E-058   8.5177611860676516E-065   2.3923764222994678E-071   6.2766562111363700E-078
  -5.4386162293153857E+040  -5.4971609952217534E+050  -4.9266306260953508E+047   4.1723605036405226E+039   3.0507006396281701E+027   26058652417892.402        7.9373276546333124E-002   9.0792236496362675E-016   1.4289792903618211E-028   1.1871419512313463E-041  -2.9035560383113574E-049  -7.1575670815826476E-058   7.4394050225333100E-065   2.0772435641215520E-071   5.4020179002345928E-078
  -5.3669640032240277E+040  -5.3752547174655727E+050  -4.7663383816597975E+047   4.0064443375054944E+039   2.9009549034212224E+027   24540429171392.551        7.4031963523722905E-002   8.3881493925191434E-016   1.3079608322064961E-028   1.0768272946540036E-041  -2.6123273911337774E-049  -6.4494086190739845E-058   6.4975286976798204E-065   1.8036298507369414E-071   4.6492690069608531E-078
  -5.2962541034782765E+040  -5.2560724628661228E+050  -4.6113740436794112E+047   3.8471111019815194E+039   2.7585560061856882E+027   23110627478419.762        6.9049865124134330E-002   7.7496269039540399E-016   1.1971780154706501E-028   9.7674559052420355E-042  -2.3502212191308176E-049  -5.8095115729073204E-058   5.6748641450148566E-065   1.5660639779302504E-071   4.0014216412243837E-078
  -5.2264742148924254E+040  -5.1395526552281929E+050  -4.4615556178494503E+047   3.6941004885497397E+039   2.6231437702263249E+027   21764100468942.598        6.4402842284485229E-002   7.1596644197326705E-016   1.0957663856174779E-028   8.8594947593535417E-042  -2.1143352345484519E-049  -5.2315365141014797E-058   4.9563274696392945E-065   1.3597957787444397E-071   3.4438557247361544E-078
  -5.1576121800861030E+040  -5.0256351341626716E+050  -4.3167075348002348E+047   3.5471624302311948E+039   2.4943756549882759E+027   20496000628857.926        6.0068376474776697E-002   6.6145729873179240E-016   1.0029343746408357E-028   8.0357910171157464E-042  -1.9020552640006360E-049  -4.7096998336030294E-058   4.3287427658625462E-065   1.1807011572918916E-071   2.9639889352297514E-078
  -5.0896559975792065E+040  -4.9142611217452630E+050  -4.1766604146981536E+047   3.4060567017017021E+039   2.3719258949067511E+027   19301762407805.895        5.6025461041660819E-002   6.1109435302448743E-016   9.1795716724475411E-029   7.2885406822278558E-042  -1.7110267741578498E-049  -4.2387296869567805E-058   3.7806008463701625E-065   1.0251995571912987E-071   2.5509926612709966E-078
  -5.0225938199055751E+040  -4.8053731899855282E+050  -4.0412508408116185E+047   3.2705525348401577E+039   2.2554846792927273E+027   18177085835908.074        5.2254499826036048E-002   5.6456256465566703E-016   8.4017108210639360E-029   6.6106610221808847E-042  -1.5391291970721736E-049  -3.8138247271810857E-058   3.3018484712687176E-065   8.9018231164338354E-072   2.1955475532551782E-078
  -4.9564139517453839E+040  -4.6989152290857776E+050  -3.9103211416876353E+047   3.1404282491252337E+039   2.1447573722127923E+027   17117921091022.945        4.8737212568660870E-002   5.2157080104556282E-016   7.6896842507542369E-029   5.9957240680144919E-042  -1.3844527815281147E-049  -3.4306155664893374E-058   2.8837042226414804E-065   7.7295044017802354E-072   1.8896331504833055E-078
  -4.8911048480762183E+040  -4.5948324164699022E+050  -3.7837191815991307E+047   3.0154708963170647E+039   2.0394637704198978E+027   16120453961484.715        4.5456546650169710E-002   4.8185002561941371E-016   7.0379277476684386E-029   5.4378962286847183E-042  -1.2452777233588701E-049  -3.0851288843591079E-058   2.5184976571780102E-065   6.7116064636520710E-072   1.6263468338131445E-078
  -4.8266551123428117E+040  -4.4930711865627462E+050  -3.6612981589370403E+047   2.8954759188812252E+039   1.9393373974857011E+027   15181092152468.719        4.2396594742115018E-002   4.4515162323357137E-016   6.4413466430825500E-029   4.9318834595480571E-042  -1.1200553516636548E-049  -2.7737540824080145E-058   2.1995287948764080E-065   5.8277843507671906E-072   1.3997480156826266E-078
  -4.7630534946453658E+040  -4.3935792013011243E+050  -3.5429164122344541E+047   2.7802468216324164E+039   1.8441248323745842E+027   14296452387121.756        3.9542517973890544E-002   4.1124585229389222E-016   5.8952762603140873E-029   4.4728814756639586E-042  -1.0073911695464372E-049  -2.4932123744951887E-058   1.9209453735216759E-065   5.0603741050816260E-072   1.2047240492638241E-078
  -4.7002888899464367E+040  -4.2963053213581047E+050  -3.4284372335228172E+047   2.6695948560945752E+039   1.7535850707845706E+027   13463348256417.967        3.6880474246744101E-002   3.7992041400070541E-016   5.3954456867432739E-029   4.0565305471570245E-042  -9.0602956759022421E-050  -2.2405281925053173E-058   1.6776356234012734E-065   4.3940393998093558E-072   1.0368748290003897E-078
  -4.6383503362963037E+040  -4.2011995780626293E+050  -3.3177286887324081E+047   2.5633387170928228E+039   1.6674889176613825E+027   12678778774361.119        3.4397551350689358E-002   3.5097912987515837E-016   4.9379445920538695E-029   3.6788744561835371E-042  -8.1484004598358364E-050  -2.0130027836105515E-058   1.4651346004569619E-065   3.8154647602293919E-072   8.9241347689003887E-079
  -4.5772270130767760E+040  -4.1082131459970524E+050  -3.2106634448609727E+047   2.4613042511106397E+039   1.5856184093690371E+027   11939917597660.846        3.2081704563091312E-002   3.2424071938814808E-016   4.5191928371364423E-029   3.3363232334983419E-042  -7.3280479720816174E-050  -1.8081898727913058E-058   1.2795423639697245E-065   3.3130892252947971E-072   7.6808087213135952E-079
  -4.5169082392633525E+040  -4.0172983162555838E+050  -3.1071186036456098E+047   2.3633241759630251E+039   1.5077662640737998E+027   11244102871373.068        2.9921698429136539E-002   2.9953767012937763E-016   4.1359126394804960E-029   3.0256193275666021E-042  -6.5900751564126574E-050  -1.6238732644834823E-058   1.1174525014576251E-065   2.8768751180216738E-072   6.6107209436643112E-079
  -4.4573834717056705E+040  -3.9284084703471221E+050  -3.0069755414837193E+047   2.2692378113531395E+039   1.4337353589682324E+027   10588827664221.150        2.7907052444409865E-002   2.7671519352409559E-016   3.7851030804814638E-029   2.7438068909282833E-042  -5.9262331347436563E-050  -1.4580462589510375E-058   9.7588969268921937E-066   2.4981072957702584E-072   5.6897311977884071E-079
  -4.3986423034261711E+040  -3.8414980547263432E+050  -2.9101197553591190E+047   2.1788908198960674E+039   1.3633382330286047E+027   9971730959412.4961        2.6027990378476942E-002   2.5563025963224165E-016   3.4640167580526668E-029   2.4882038973904069E-042  -5.3290963413081607E-050  -1.3088927619801241E-058   8.5225517003279756E-066   2.1692188619272159E-072   4.8970634082742050E-079
  -4.3406744619368807E+040  -3.7565225559373724E+050  -2.8164407145392750E+047   2.0921349582088984E+039   1.2963966140622714E+027   9390589168742.4629        2.4275392995807187E-002   2.3615070505225437E-016   3.1701384043968491E-029   2.2563768298560559E-042  -4.7919806500564668E-050  -1.1747699704407097E-058   7.4427907679325631E-066   1.8836398503910348E-072   4.2148367963891985E-079
  -4.2834698075742339E+040  -3.6734384763547396E+050  -2.7258317178190539E+047   2.0088278376813253E+039   1.2327409688619160E+027   8843308139640.7051        2.2640753946644502E-002   2.1815440840266011E-016   2.9011653038816531E-029   2.0461177024390317E-042  -4.3088696095683167E-050  -1.0541925209053186E-058   6.4997885137169687E-066   1.6356658542702200E-072   3.6276623654816503E-079
  -4.2270183318518489E+040  -3.5922033105067438E+050  -2.6381897560954422E+047   1.9288326945554273E+039   1.1722100753409366E+027   8327915626570.7480        2.1116138615622865E-002   2.0152852827150652E-016   2.6549893597927265E-029   1.8554232021764722E-042  -3.8743479865048379E-050  -9.4581799364085257E-059   5.6762287532268396E-066   1.4203439695450091E-072   3.1222956283489441E-079
  -4.1713101558311500E+040  -3.5127755219667302E+050  -2.5534153800663607E+047   1.8520181689572334E+039   1.1146506155788644E+027   7842554199848.1045        1.9694145730101063E-002   1.8616879890927651E-016   2.4296806714120504E-029   1.6824757553365620E-042  -3.4835418969188424E-050  -8.4843366972624071E-059   4.9569871969432065E-066   1.2333737711196047E-072   2.6873377369522864E-079
  -4.1163355285097515E+040  -3.4351145207981433E+050  -2.4714125728550153E+047   1.7782580925361048E+039   1.0599167887576933E+027   7385474566501.2324        1.8367871543423293E-002   1.7197887929747040E-016   2.2234724944837460E-029   1.5256263412046537E-042  -3.1320648754155578E-050  -7.6094444465702394E-059   4.3288540817642626E-066   1.0710213396499629E-072   2.3129782677080715E-079
  -4.0620848252274804E+040  -3.3591806415396131E+050  -2.3920886273692173E+047   1.7074312843809167E+039   1.0078699430194708E+027   6955029279268.6572        1.7130876420662744E-002   1.5886975155475119E-016   2.0347474687732850E-029   1.3833788924823869E-042  -2.8159692959432294E-050  -6.8236180746676569E-059   3.7802918908949048E-066   9.3004461880203367E-073   1.9907738560822346E-079
  -4.0085485460899653E+040  -3.2849351217166687E+050  -2.3153540282127044E+047   1.6394213548944905E+039   9.5837822532258757E+026   6549666811209.8457        1.5977153665932217E-002   1.4675916494742979E-016   1.8620250061796521E-029   1.2543761361995637E-042  -2.5317026155604356E-050  -6.1179380003656734E-059   3.3012237246494137E-066   8.0762860941165917E-073   1.7134576835965079E-079
  -3.9557173144096453E+040  -3.2123400808670189E+050  -2.2411223379728768E+047   1.5741165173197580E+039   9.1131624841901161E+026   6167925974711.6523        1.4901100441104053E-002   1.3557112205298341E-016   1.7039497417977492E-029   1.1373867424529982E-042  -2.2760679644764257E-050  -5.4843587680945536E-059   2.8828484456919196E-066   7.0132910392420932E-073   1.4747755169040438E-079
  -3.9035818751641244E+040  -3.1413585000666968E+050  -2.1693100877163361E+047   1.5114094066227096E+039   8.6656477411736948E+026   5808430664901.2119        1.3897490635822241E-002   1.2523540388597988E-016   1.5592809585182431E-029   1.0312936604734139E-042  -2.0461886525364691E-050  -4.9156259052362931E-059   2.5174792123528798E-066   6.0902383543414832E-073   1.2693445980373416E-079
  -3.8521330934717244E+040  -3.0719542019446612E+050  -2.0998366715303822E+047   1.4511969054483429E+039   8.2401041203735415E+026   5469884908634.0859        1.2961449558060327E-002   1.1568713103681432E-016   1.4268829032565391E-029   9.3508353259259246E-043  -1.8394762046180812E-050  -4.4052003478842076E-059   2.1984024418264095E-066   5.2887006404645773E-073   1.0925322008113809E-079
  -3.8013619530841495E+040  -3.0040918311738059E+050  -2.0326242449550674E+047   1.3933799768765679E+039   7.8354533309957288E+026   5151068201317.5439        1.2088430323224243E-002   1.0686635809653359E-016   1.3057159197787649E-029   8.4783708674018738E-043  -1.6536015755607392E-050  -3.9471897932115527E-059   1.9197546191000942E-066   4.5926775211583598E-073   9.4035111232957074E-080
  -3.7512595548961223E+040  -2.9377368354265956E+050  -1.9675976271565980E+047   1.3378635037153823E+039   7.4506699703169621E+026   4850831114856.8877        1.1274191827960828E-002   9.8717698847089463E-017   1.1948283293930749E-029   7.6872041723540500E-043  -1.4864692296732020E-050  -3.5362863842272281E-059   1.6764146942343736E-066   3.9882759176643091E-073   8.0936968061537296E-080
  -3.7018171154718881E+040  -2.8728554467838895E+050  -1.9046842066988065E+047   1.2845561340786033E+039   7.0847789320675581E+026   4568091160981.3291        1.0514778202449778E-002   9.1189979886889931E-017   1.0933489965472571E-029   6.9697707193724292E-043  -1.3361938009119606E-050  -3.1677101778258117E-059   1.4639100960674364E-066   3.4634324519472648E-073   6.9663439820635906E-080
  -3.6530259655884468E+040  -2.8094146635857801E+050  -1.8438138507751245E+047   1.2333701330050366E+039   6.7368529416271578E+026   4301828895118.5063        9.8064996420650780E-003   8.4235920537676114E-017   1.0004805216626513E-029   6.3192087135462651E-043  -1.2010790778298216E-050  -2.8371578896402663E-059   1.2783346397937016E-066   3.0076724255581254E-073   5.9960327452516633E-080
  -3.6048775487954069E+040  -2.7473822327135745E+050  -1.7849188177689265E+047   1.1842212398852213E+039   6.4060102118412274E+026   4051084246846.5518        9.1459145259255928E-003   7.7811837041621219E-017   9.1549300838017208E-030   5.7292939216411724E-043  -1.0795990826516380E-050  -2.5407564492640823E-059   1.1162768237099152E-066   2.6119005541684326E-073   5.1608849337323845E-080
  -3.5573634199913215E+040  -2.6867266322923172E+050  -1.7279336730153634E+047   1.1370285314707882E+039   6.0914122135677517E+026   3814953063762.7212        8.5298127360450265E-003   7.1877369208128914E-017   8.3771835683380166E-030   5.1943805380105565E-043  -9.7038103661253055E-051  -2.2750209369474974E-059   9.7475720072704374E-067   2.2682192729659289E-073   4.4420706147748203E-080
  -3.5104752440163881E+040  -2.6274170548035342E+050  -1.6727952076428203E+047   1.0917142902500472E+039   5.7922615553503201E+026   3592583856370.7969        7.9552000965684624E-003   6.6395227809024600E-017   7.6654503863426164E-030   4.7093475243749759E-043  -8.7219002423455685E-051  -2.0368165079402865E-059   8.5117367648939060E-067   1.9697709796892248E-073   3.8233833438944459E-080
  -3.4642047942613753E+040  -2.5694233905981286E+050  -1.6194423603769478E+047   1.0482038779816729E+039   5.5077999668867219E+026   3383174732308.5537        7.4192838579736258E-003   6.1330961149541068E-017   7.0141331297177795E-030   4.2695499178929441E-043  -7.8391518773909310E-051  -1.8233239433237553E-059   7.4325373116593661E-067   1.7106010609515314E-073   3.2908746126397909E-080
  -3.4185439512926536E+040  -2.5127162117996287E+050  -1.5678161421948387E+047   1.0064256141863141E+039   5.2373063812217670E+026   3185970508914.0396        6.9194591561457641E-003   5.6652739361490689E-017   6.4181084666049324E-030   3.8707746485260926E-043  -7.0455729949156781E-051  -1.6320084965350533E-059   6.4901268883963436E-067   1.4855389632462442E-073   2.8325392363447055E-080
  -3.3734847014931946E+040  -2.4572667565882256E+050  -1.5178595637213504E+047   9.6631065940359357E+038   4.9800951108402040E+026   3000259993767.6162        6.4532963809294450E-003   5.2331155075021405E-017   5.8726870407427491E-030   3.5092004490017390E-043  -6.3321757543075826E-051  -1.4605917329374578E-059   5.6671726923947586E-067   1.2900949309646723E-073   2.4380445827082381E-080
  -3.3290191357194062E+040  -2.4030469138562986E+050  -1.4695175652638195E+047   9.2779290302934602E+038   4.7355141130705863E+026   2825373423448.0415        6.0185293931411775E-003   4.8339039227050851E-017   5.3735767578840838E-030   3.1813614790885720E-043  -5.6908760600749386E-051  -1.3070260858379387E-059   4.9485375336543885E-067   1.1203703471144488E-073   2.0984975315029129E-080
  -3.2851394479736744E+040  -2.3500292082263431E+050  -1.4227369493854992E+047   8.9080885555502333E+038   4.5029433404346854E+026   2660680051307.2920        5.6130445331144790E-003   4.4651290858486993E-017   4.9168491736591428E-030   2.8841143207825611E-043  -5.1144029339255945E-051  -1.1694718764098319E-059   4.3210017911949081E-067   9.7297988447925234E-074   1.8062439072374237E-080
  -3.2418379340924672E+040  -2.2981867854224615E+050  -1.3774663159219590E+047   8.5529754503802631E+038   4.2817931717898183E+026   2505585875602.5498        5.2348703676633546E-003   4.1244719839255034E-017   4.4989087213113307E-030   2.6146080326739234E-043  -4.5962169474192957E-051  -1.0462765671576071E-059   3.7730205692439578E-067   8.4498391115227919E-074   1.5546958594360697E-080
  -3.1991069904498836E+040  -2.2474933979868017E+050  -1.3336559993484311E+047   8.2120041763829287E+038   4.0715029203139495E+026   2359531499826.4585        4.8821681259093542E-003   3.8097901540493105E-017   4.1164645397521954E-030   2.3702569805260639E-043  -4.1304368124755783E-051  -9.3595603897641473E-060   3.2945115983821336E-067   7.3382979943523628E-074   1.3381832958892136E-080
  -3.1569391126764868E+040  -2.1979233913325286E+050  -1.2912580084096996E+047   7.8846124206279585E+038   3.8715394145760735E+026   2221990117550.4360        4.5532227777385290E-003   3.5191042547549758E-017   3.7665046825522089E-030   2.1487161872111302E-043  -3.7117733166057484E-051  -8.3717770062385346E-060   2.8766699903732118E-067   6.3730096512578895E-074   1.1518260170148513E-080
  -3.1153268943933169E+040  -2.1494516901251557E+050  -1.2502259679275794E+047   7.5702601776568935E+038   3.6813956491176498E+026   2092465614541.9893        4.2464347117534889E-003   3.2505856576072078E-017   3.4462725069595691E-030   1.9478589688569044E-043  -3.3354698704732820E-051  -7.4874525664513615E-060   2.5118064477642273E-067   5.5347261878259324E-074   9.9142366660442653E-081
  -3.0742630259609091E+040  -2.1020537849842475E+050  -1.2105150627043357E+047   7.2684288675769823E+038   3.5005895011452600E+026   1970490781337.3040        3.9603119724773489E-003   3.0025449816937706E-017   3.1532450589619563E-030   1.7657566455868059E-043  -2.9972490081419694E-051  -6.6958497558200986E-060   2.1932059594180868E-067   4.8067334475157441E-074   8.5336101625148003E-081
  -3.0337402932432184E+040  -2.0557057194977095E+050  -1.1720819834435966E+047   6.9786204888398391E+038   3.3286625101005292E+026   1855625629846.3452        3.6934630192643780E-003   2.7734214994449083E-017   2.8851132859064492E-030   1.6006601347792255E-043  -2.6932642459302224E-051  -5.9873331475272405E-060   1.9150043888163077E-067   4.1745174024548305E-074   7.3452644675484306E-081
  -2.9937515763862803E+040  -2.0103840775410963E+050  -1.1348848746133407E+047   6.7003568043514001E+038   3.1651787170312155E+026   1747455807940.7288        3.4445899718895667E-003   2.5617733476436189E-017   2.6397639223897309E-030   1.4509832525162899E-043  -2.4200567648612826E-051  -5.3532577111279850E-060   1.6720806901210050E-067   3.6254744792235086E-074   6.3224178755898645E-081
  -2.9542898486114942E+040  -1.9660659708945272E+050  -1.0988832841784907E+047   6.4331785596119112E+038   3.0097235608374853E+026   1645591106325.9832        3.2124823101382992E-003   2.3662684825039334E-017   2.4152629081338629E-030   1.3152875650009068E-043  -2.1745164349215044E-051  -4.7858683978717841E-060   1.4599627736232721E-067   3.1486600323130726E-074   5.4420193156426165E-081
  -2.9153481750233776E+040  -1.9227290271500214E+050  -1.0640381151334414E+047   6.1766447316348928E+038   2.8619028286102809E+026   1549664052330.8613        2.9960109969088874E-003   2.1856763223276525E-017   2.2098402084722040E-030   1.1922686463448137E-043  -1.9538467472887293E-051  -4.2782097289140620E-060   1.2747452925798191E-067   2.7345699404346467E-074   4.6842286319362190E-081
  -2.8769197114316536E+040  -1.8803513779022179E+050  -1.0303115787675545E+047   5.9303318074423115E+038   2.7213416574145518E+026   1459328585558.1436        2.7941229963856359E-003   2.0188600255326296E-017   2.0218759189774953E-030   1.0807436124058315E-043  -1.7555332638898578E-051  -3.8240444131538160E-060   1.1130178421375661E-067   2.3749509628675381E-074   4.0319692741814680E-081
  -2.8389977031875434E+040  -1.8389116472156316E+050  -9.9766714959924645E+046   5.6938330909797011E+038   2.5876835849994290E+026   1374258810635.1250        2.6058361607480115E-003   1.8647693558042150E-017   1.8498875457536877E-030   9.7963981240362948E-044  -1.5773152325599509E-051  -3.4177801130575291E-060   9.7180225207320881E-068   2.0626360678106748E-074   3.4705433080559352E-081
  -2.8015754840341166E+040  -1.7983889403617807E+050  -9.6606952191677222E+046   5.4667580373396293E+038   2.4605896470403839E+026   1294147822578.6531        2.4302344606616307E-003   1.7224340897803167E-017   1.6925183620618988E-030   8.8798457098261274E-044  -1.4171600511274444E-051  -3.0544035602455423E-060   8.4849782193163796E-068   1.7914014437366172E-074   2.9873000625131473E-081
  -2.7646464749705632E+040  -1.7587628328196604E+050  -9.3548456786620489E+046   5.2487316132249822E+038   2.3397375186354362E+026   1218706600550.2222        2.2664635364576177E-003   1.5909579260623755E-017   1.5485267503295456E-030   8.0489588332039970E-044  -1.2732402953226507E-051  -2.7294212985009328E-060   7.4083349289075925E-068   1.5558423380268551E-074   2.5713509405236371E-081
  -2.7282041831302511E+040  -1.7200133595332321E+050  -9.0587929702939352E+046   5.0393936826248574E+038   2.2248206978887563E+026   1147662966022.1470        2.1137265484565257E-003   1.4695128574702900E-017   1.4167764462648798E-030   7.2957397489362993E-044  -1.1439130538435705E-051  -2.4388064008427416E-060   6.4682607798149709E-068   1.3512652433559605E-074   2.2133239612429252E-081
  -2.6922422006724296E+040  -1.6821210044197330E+050  -8.7722181743688680E+046   4.8383984167156659E+038   2.1155477295208957E+026   1080760601607.0938        1.9712803063387189E-003   1.3573339713483606E-017   1.2962276088261594E-030   6.6129364569394011E-044  -1.0277013395242028E-051  -2.1789505699696184E-060   5.6474378348361546E-068   1.1735942789146398E-074   1.9051524978624364E-081
  -2.6567542036874450E+040  -1.6450666901227770E+050  -8.4948129796292253E+046   4.6454137270383726E+038   2.0116414665455936E+026   1017758127021.0984        1.8384316588120251E-003   1.2537146453994950E-017   1.1859286462298152E-030   5.9939732611249821E-044  -9.2327736861559266E-052  -1.9466210882678486E-060   4.9307435143836086E-068   1.0192898971499650E-074   1.6398934467605875E-081
  -2.6217339511153293E+040  -1.6088317680043634E+050  -8.2262793205160374E+046   4.4601207210395309E+038   1.9128383681489088E+026   958428228855.38953        1.7145341260859010E-003   1.1580021089928279E-017   1.0850087340749524E-030   5.4328877845110104E-044  -8.2944752096084464E-052  -1.7389221351895716E-060   4.3049723804810774E-068   8.8527829292622112E-075   1.4115707274399497E-081
  -2.5871752836776195E+040  -1.5733980083700612E+050  -7.9663290272534016E+046   4.2822131790992855E+038   1.8188878319975833E+026   902556841025.62939        1.5989847588354612E-003   1.0695933421708062E-017   9.9267096705798045E-031   4.9242738413471349E-044  -7.4513881254946922E-052  -1.5532600366043552E-060   3.7585931682619316E-068   7.6889010579551687E-075   1.2150405840932854E-081
  -2.5530721228222845E+040  -1.5387475909217739E+050  -7.7146834882849243E+046   4.1113970522034732E+038   1.7295515592902147E+026   849942372949.24133        1.4912212084341120E-003   9.8793128668986388E-018   9.0818609069281074E-031   4.4632296225187433E-044  -6.6938672877853745E-052  -1.3873120531352694E-060   3.2815366007537759E-068   6.6780719168828415E-075   1.0458756513793025E-081
  -2.5194184696816060E+040  -1.5048630954326344E+050  -7.4710733246096131E+046   3.9473899794497915E+038   1.6446029509472964E+026   800394982672.98254        1.3907189942554737E-003   9.1250134537709428E-018   8.3088676397717028E-031   4.0453107008771854E-044  -6.0132428191282114E-052  -1.2389983529002049E-060   2.8650100879741678E-068   5.8001640150126724E-075   9.0026517020404737E-082
  -2.4862084040428974E+040  -1.4717274926387094E+050  -7.2352380755818408E+046   3.7899208246094561E+038   1.5638265334146250E+026   753735892334.46143        1.2969889547986883E-003   8.4282814788593788E-018   7.6016230808919958E-031   3.6664874088682146E-044  -5.4017216988979152E-052  -1.1064568488494513E-060   2.5013359050555436E-068   5.0376944399677924E-075   7.7492910354538960E-082
  -2.4534360833319115E+040  -1.4393241353423336E+050  -7.0069258957565609E+046   3.6387292309960689E+038   1.4870174126291847E+026   709796743493.44019        1.2095748702806921E-003   7.7847256259800425E-018   6.9545389999271720E-031   3.3231061823261043E-044  -4.8522992590799687E-052  -9.8802061235083750E-061   2.1838098753171273E-068   4.3754803192931163E-075   6.6704421584451518E-082
  -2.4210957416088058E+040  -1.4076367497220089E+050  -6.7858932623768778E+046   3.4935651939225485E+038   1.4139807547676013E+026   668418990012.08386        1.1280512451688452E-003   7.1902893595607423E-018   6.3625017330376915E-031   3.0118545019575790E-044  -4.3586795930410024E-052  -8.8219760312573338E-061   1.9065779608160230E-068   3.8003361581287853E-075   5.7418044929284516E-082
  -2.3891816885765364E+040  -1.3766494268439455E+050  -6.5719046931163768E+046   3.3541886500550056E+038   1.3445312924647649E+026   629453326298.30017        1.0520212399014687E-003   6.6412254193462552E-018   5.8208319195225575E-031   2.7297290982118479E-044  -3.9152039818651854E-052  -7.8765248135894601E-061   1.6645284918467217E-068   3.3008110134345534E-075   4.9424616255258496E-082
  -2.3576883086015419E+040  -1.3463466143704257E+050  -6.3647324737032506E+046   3.2203690829993421E+038   1.2784928552544359E+026   592759148853.46179        9.8111474176605586E-004   6.1340722566773552E-018   5.3252476508522960E-031   2.4740071162424357E-044  -3.5167865326189865E-052  -7.0319029104535847E-061   1.4531980541518161E-068   2.8669602602638844E-075   4.2544099730318025E-082
  -2.3266100597465888E+040  -1.3167131084603114E+050  -6.1641563950673913E+046   3.0918851444822738E+038   1.2156979230447350E+026   558204049185.55945        9.1498656557869999E-004   5.6656322646808565E-018   4.8718307432547738E-031   2.2422199658051432E-044  -3.1588563036349189E-052  -6.2774182462644385E-061   1.2686893035273230E-068   2.4901473961827944E-075   3.6621531001305885E-082
  -2.2959414728156429E+040  -1.2877340458571102E+050  -5.9699634996651842E+046   2.9685242905133798E+038   1.1559872014995078E+026   525663336261.63770        8.5331477543682292E-004   5.2329516659258362E-018   4.4569958694094352E-031   2.0321296064696407E-044  -2.8373052645691485E-052  -5.6035049792073280E-061   1.1075991966573000E-068   2.1628719295668742E-075   3.1523525437666458E-082
  -2.2656771504106407E+040  -1.2593948961601413E+050  -5.7819478366496751E+046   2.8500824319387101E+038   1.0992092182518235E+026   495019586779.60205        7.9579911940367675E-004   4.8333019314678869E-018   4.0774623071638318E-031   1.8417070416904963E-044  -2.5484415043909183E-052  -5.0016058145550770E-061   9.6695631841559990E-069   1.8786199181731466E-075   2.7135272727057536E-082
  -2.2358117660000240E+040  -1.2316814542744541E+050  -5.5999102255664148E+046   2.7363635988194981E+038   1.0452199389284179E+026   466162221639.56268        7.4215956953010693E-004   4.4641626147834613E-018   3.7302280836570586E-031   1.6691128163055417E-044  -2.2889471593265928E-052  -4.4640664973689876E-061   8.4416615303993068E-069   1.6317341764749876E-075   2.3357950074369721E-082
  -2.2063400629989104E+040  -1.2045798330352450E+050  -5.4236580282671744E+046   2.6271796180916700E+038   9.9388240201389781E+025   438987107089.12793        6.9213496012937538E-004   4.1232054929493555E-018   3.4125463119771758E-031   1.5126793311036937E-044  -2.0558405857591368E-052  -3.9840412391095230E-061   7.3696329258278181E-069   1.4173015628012685E-075   2.0106495693884332E-082
  -2.1772568538607804E+040  -1.1780764560026404E+050  -5.2530049287453644E+046   2.5223498039831027E+038   9.4506637163106268E+025   413396179105.83612        6.4548171769689404E-004   3.8082799156036056E-018   3.1219035346392700E-031   1.3708948054108344E-044  -1.8464423507617105E-052  -3.5554079581348245E-061   6.4336970355487730E-069   1.2310550981777487E-075   1.7307692407540999E-082
  -2.1485570191805333E+040  -1.1521580504228041E+050  -5.0877707206080446E+046   2.4217006606860391E+038   8.9864800735893308E+025   389297089663.52850        6.0197267631081376E-004   3.5173992697841002E-018   2.8559999038811928E-031   1.2423887343445678E-044  -1.6583446558502861E-052  -3.1726923271280850E-061   5.6165828404015068E-069   1.0692889647391242E-075   1.4898518153765083E-082
  -2.1202355068088048E+040  -1.1268116403514248E+050  -4.9277811019100852E+046   2.3250655968017267E+038   8.5450955025308811E+025   366602873608.21735        5.6139597276369209E-004   3.2487284757274693E-018   2.6127310431572771E-031   1.1259187016350545E-044  -1.4893838481507251E-052  -2.8309997223592133E-061   4.9032104082113561E-069   9.2878468857621219E-076   1.2824726228718615E-082
  -2.0922873309774086E+040  -1.1020245399357485E+050  -4.7728674770862880E+046   2.2322846510932584E+038   8.1253902427383207E+025   345231634943.17560        5.2355401606192704E-004   3.0005724351664912E-018   2.3901714473783818E-031   1.0203584218343252E-044  -1.3376157079192633E-052  -2.5259542614334019E-061   4.2804130099569275E-069   8.0674703503795376E-076   1.1039623260907742E-082
  -2.0647075714357758E+040  -1.0777843468513993E+050  -4.6228667657271558E+046   2.1432042291007390E+038   7.7262995236662023E+025   325106251392.83594        4.8826252629015441E-004   2.7713653596298009E-018   2.1865592915020707E-031   9.2468689746285669E-045  -1.2012932326179356E-052  -2.2536441987893803E-061   3.7366944674975011E-069   7.0074833827932609E-076   9.5030173776139738E-083
  -2.0374913725982781E+040  -1.0540789358903352E+050  -4.4776212179534146E+046   2.0576768501903963E+038   7.3468108647618506E+025   306154096180.88361        4.5534963817410982E-004   2.5596609117601786E-018   2.0002825281132742E-031   8.3797858728063152E-045  -1.0788466658757251E-052  -2.0105730225720963E-061   3.2620172673839304E-069   6.0868015510385073E-076   8.1803128581472195E-083
  -2.0106339427022977E+040  -1.0308964526963709E+050  -4.3369782361535483E+046   1.9755609046260071E+038   6.9859615081100615E+025   288306776019.89935        4.2465506498916918E-004   2.3641230977614573E-018   1.8298661647395874E-031   7.5939449152121960E-045  -9.6886554497525873E-053  -1.7936156634232678E-061   2.8476175410895291E-069   5.2871127925326204E-076   7.0417308709699631E-083
  -1.9841305529769313E+040  -1.0082253076447824E+050  -4.2007902028573463E+046   1.8967204202671794E+038   6.6428359770824775E+025   271499884368.27350        3.9602931875442709E-004   2.1835178537909980E-018   1.6739606208949625E-031   6.8817406868297569E-045  -8.7008256327553980E-053  -1.5999792859376889E-061   2.4858435061387002E-069   4.5925127916464015E-076   6.0616387337804709E-083
  -1.9579765368222015E+040  -9.8605416986260227E+049  -4.0689143145268434E+046   1.8210248385145077E+038   6.3165637548112376E+025   255672769065.08646        3.6933298292515787E-004   2.0167052734639508E-018   1.5313310733131769E-031   6.2362790641425777E-045  -7.8135906446734863E-053  -1.4271681876829642E-061   2.1700143941564578E-069   3.9891883238008836E-076   5.2179725817600860E-083
  -1.9321672889986549E+040  -9.6437196138628779E+049  -3.9412124210541755E+046   1.7483487991365577E+038   6.0063170766094224E+025   240768313505.42267        3.4443603405115187E-004   1.8626324276543760E-018   1.4008477055840533E-031   5.6513107623491049E-045  -7.0167200398805124E-053  -1.2729523793722065E-061   1.8942972687385445E-069   3.4651422545541057E-076   4.4917404345460467E-083
  -1.9066982648272296E+040  -9.4316785145353303E+049  -3.8175508707636089E+046   1.6785719336279296E+038   5.7113088307487611E+025   226732730567.34830        3.2121720910596036E-004   1.7203267314917907E-018   1.2814767855014513E-031   5.1211710837249756E-045  -6.3010222950239448E-053  -1.1353394635526593E-061   1.6535994651731153E-069   3.0099547128205473E-076   3.8665944645615112E-083
  -1.8815649793992699E+040  -9.2243125092606709E+049  -3.6978003607225130E+046   1.6115786667614535E+038   5.4307905622790338E+025   213515368547.70813        2.9956341541366053E-004   1.5888898168829774E-018   1.1722724999278928E-031   4.6407252892090563E-045  -5.6582394727063721E-053  -1.0125494685157347E-061   1.4434746714777594E-069   2.6145756786909695E-076   3.3284628289789971E-083
  -1.8567630067965731E+040  -9.0215180684036162E+049  -3.5818357921732070E+046   1.5472580260107731E+038   5.1640505748341363E+025   201068528407.14963        2.7936918030644465E-004   1.4674918720594035E-018   1.0723694829270281E-031   4.2053190690727764E-045  -5.0809525464181450E-053  -9.0299232948606701E-062   1.2600409212313596E-069   2.2711448526915682E-076   2.8652327699788468E-083
  -1.8322879793213471E+040  -8.8231939708324723E+049  -3.4695361309045649E+046   1.4855034585323183E+038   4.9104121256175067E+025   189347291665.51990        2.6053613783913937E-004   1.3553664125801283E-018   9.8097597835839317E-032   3.8107336373183950E-045  -4.5624963097815531E-053  -8.0524774090653991E-062   1.0999089878914850E-069   1.9728352172407326E-076   2.4664778433580040E-083
  -1.8081355867359691E+040  -8.6292412518950318E+049  -3.3607842723888732E+046   1.4262126554078696E+038   4.6692317089953026E+025   178309358327.14569        2.4297255006660510E-004   1.2518054509268919E-018   8.9736758311158274E-032   3.4531450187041169E-045  -4.0968829017178039E-053  -7.1804713216187054E-062   9.6011986172324151E-070   1.7137171733854305E-076   2.1232231299963900E-083
  -1.7843015755124237E+040  -8.4395631525856719E+049  -3.2554669115158827E+046   1.3692873828606817E+038   4.4398974243497911E+025   167914894251.64246        2.2659286055772492E-004   1.1561550343291580E-018   8.2088152171795326E-032   3.1290871374330427E-045  -3.6787330767839538E-053  -6.4025754469913135E-062   8.3809015764318456E-070   1.4886405460534257E-076   1.8277431406191877E-083
  -1.7607817480913106E+040  -8.2540650698756891E+049  -3.1534744167621070E+046   1.3146333201694100E+038   4.2218274240585818E+025   158126387419.92621        2.1131727797617396E-004   1.0678111227677559E-018   7.5091140725293917E-032   2.8354183529504746E-045  -3.3032144377424082E-053  -5.7086721150171689E-062   7.3156444827486247E-070   1.2931321072271575E-076   1.5733878610003948E-083
  -1.7375719621503087E+040  -8.0726545081796987E+049  -3.0547007086393593E+046   1.2621599040149371E+038   4.0144684376679912E+025   148908512577.15497        1.9707138770412499E-004   9.8621578124096743E-019   6.8690244726362765E-032   2.5692911213164215E-045  -2.9659859264056706E-053  -5.0897266051716059E-062   6.3857364400455863E-070   1.1233065757372510E-076   1.3544330188446045E-083
  -1.7146681298819797E+040  -7.8952410319314790E+049  -2.9590431422722206E+046   1.2117801790056175E+038   3.8172943685216651E+025   140228003764.50922        1.8378578962119873E-004   9.1085366234971138E-019   6.2834705695426067E-032   2.3281244905714544E-045  -2.6631479398303023E-053  -4.5376718216631448E-062   5.5739865316065589E-070   9.7578932095948651E-077   1.1659511993547397E-083
  -1.6920662172808092E+040  -7.7217362192433687E+049  -2.8664023939596084E+046   1.1634106541364863E+038   3.6298049592888573E+025   132053534280.14951        1.7139576027796533E-004   8.4124875708126209E-019   5.7478084506419244E-032   2.1095791656795077E-045  -2.3911975028145149E-053  -4.0453051768568064E-062   4.8653865266475275E-070   8.4764923093729795E-077   1.0037009062465727E-083
  -1.6697622434393632E+040  -7.5520536166238890E+049  -2.7766823515808572E+046   1.1169711649475906E+038   3.4515245230111474E+025   124355603636.46236        1.5984093782176565E-004   7.7696139335507453E-019   5.2577894080354603E-032   1.9115349032694922E-045  -2.1469879851014735E-053  -3.6061963996885348E-062   4.2468338440495660E-070   7.3634040799552410E-077   8.6403106929547624E-084
  -1.6477522798534637E+040  -7.3861086947288940E+049  -2.6897900087118490E+046   1.0723847411558578E+038   3.2820007364522083E+025   117106431105.92003        1.4906502814311732E-004   7.1758546345033360E-019   4.8095263289432723E-032   1.7320700187433709E-045  -1.9276929033513848E-053  -3.2146051195065938E-062   3.7068896672294695E-070   6.3965153080059283E-077   7.4379884751090759E-084
  -1.6260324497362654E+040  -7.2238188051221693E+049  -2.6056353623215578E+046   1.0295774795438093E+038   3.1208034926928921E+025   110279855471.62622        1.3901553081403643E-004   6.6274586287250435E-019   4.3994629422006473E-032   1.5694428085846529E-045  -1.7307733944012139E-053  -2.8654071957489969E-062   3.2355677514998897E-070   5.5566187456603978E-077   6.4029887657393654E-084
  -1.6045989273411311E+040  -7.0651031380219107E+049  -2.5241313139241053E+046   9.8847842189695736E+037   2.9675238100639060E+025   103851240620.98462        1.2964348348574247E-004   6.1209612454445687E-019   4.0243456783435342E-032   1.4220747090812765E-045  -1.5539489881046350E-053  -2.5540288714424336E-062   2.8241500306387501E-070   4.8270311374672038E-077   5.5120236699420134E-084
  -1.5834479372931989E+040  -6.9098826810101778E+049  -2.4451935740659190E+046   9.4901943778993602E+037   2.8217727946509385E+025   97797386641.988297        1.2090322350288526E-004   5.6531623343496528E-019   3.6811979213560372E-032   1.2885350293458324E-045  -1.3951713456072109E-053  -2.2763879249529597E-062   2.4650256230876889E-070   4.1932614675575000E-077   4.7450468135601649E-084
  -1.5625757539295377E+040  -6.7580801786828655E+049  -2.3687405700319556E+046   9.1113511202930220E+037   2.6831806537427510E+025   92096446101.464951        1.1275216557507297E-004   5.2211060787122725E-019   3.3672964489793834E-032   1.1675271116331333E-045  -1.2526006626864756E-053  -2.0288410808701210E-062   2.1515502693131420E-070   3.6427228227222557E-077   4.0848021003045786E-084
  -1.5419787006477839E+040  -6.6096200932183524E+049  -2.2946933566591181E+046   8.7476263656851351E+037   2.5513957577217175E+025   86727845203.293152        1.0515059442449650E-004   4.8220623482961339E-019   3.0801498757127678E-032   1.0578757856644565E-045  -1.1245844681545056E-053  -1.8081370183876226E-062   1.8779236083232683E-070   3.1644821357992660E-077   3.5164352913591049E-084
  -1.5216531492631593E+040  -6.4644285658434560E+049  -2.2229755301490328E+046   8.3984170671787478E+037   2.4260837480189776E+025   81672209542.198059        9.8061471401212602E-005   4.4535094746669818E-019   2.8174789284072478E-032   9.5851599610031025E-046  -1.0096385746246054E-053  -1.6113743849753897E-062   1.6390820300657424E-070   2.7490428281961832E-077   3.0271596603891461E-084
  -1.5015955193737652E+040  -6.3224333791758809E+049  -2.1535131447762342E+046   8.0631442147923293E+037   2.3069266888729973E+025   76911294185.303650        9.1450254125523102E-005   4.1131183404679677E-019   2.5771983987878297E-032   8.6848249357802884E-046  -9.0642996349227658E-054  -1.4359642853470384E-062   1.4306051274847226E-070   2.3881560255444291E-077   2.6059681948920099E-084
  -1.4818022777340561E+040  -6.1835639204227910E+049  -2.0862346323915361E+046   7.7412518784192287E+037   2.1936222607412888E+025   72427917829.222580        8.5284728280194294E-005   3.7987376824835244E-019   2.3574006304493657E-032   7.8690048995458217E-046  -8.1376140805114313E-054  -1.2795967714566885E-062   1.2486340226726368E-070   2.0746565894534232E-077   2.2433858632238698E-084
  -1.4622699376363894E+040  -6.0477511454156652E+049  -2.0210707246239464E+046   7.4322062888292210E+037   2.0858829933205199E+025   68205900795.159508        7.9534850734310839E-005   3.5083805159474650E-019   2.1563404099623885E-032   7.1297718766641640E-046  -7.3055765850656772E-054  -1.1402109091775498E-062   1.0898000604271252E-070   1.8023207024575161E-077   1.9312563690337049E-084
  -1.4429950583005538E+040  -5.9149275434620575E+049  -1.9579543776879699E+046   7.1354949552037262E+037   1.9834355362305890E+025   64230006638.343330        7.4172603235634466E-005   3.2402115946022968E-019   1.9724211427904078E-032   6.4599410152557292E-046  -6.5585303048778860E-054  -1.0159680420216769E-062   9.5116255364424817E-071   1.5657421723686766E-077   1.6625585915643086E-084
  -1.4239742442711781E+040  -5.7850271029953424E+049  -1.8968206997064561E+046   6.8506258177558833E+037   1.8860199655136215E+025   60485887161.136818        6.9171855959709936E-005   2.9925358275311701E-019   1.8041822048473037E-032   5.8530009889512818E-046  -5.8878025469552503E-054  -9.0522791229446874E-063   8.3015443186411801E-071   1.3602249949195996E-077   1.4312485788458881E-084
  -1.4052041448229217E+040  -5.6579852780039507E+049  -1.8376068804623515E+046   6.5771264340439056E+037   1.7933891241896023E+025   56960030631.446419        6.4508240251875319E-005   2.7637875798023045E-019   1.6502873697917161E-032   5.3030509110013532E-046  -5.2856045973773816E-054  -8.0652733592258493E-063   7.2453479000679092E-071   1.1816900372317601E-077   1.2321235362730119E-084
  -1.3866814533733590E+040  -5.5337389552221064E+049  -1.7802521234958255E+046   6.3145431976411372E+037   1.7053079951966185E+025   53639713019.614250        6.0159029943025061E-005   2.5525207895258594E-019   1.5095142206375541E-032   4.8047431519884966E-046  -4.7449417316501537E-054  -7.1856115928423864E-063   6.3234746157754217E-071   1.0265939857209992E-077   1.0607047483865117E-084
  -1.3684029069034499E+040  -5.4122264220644289E+049  -1.7246975804661914E+046   6.0624405878790659E+037   1.6215531051257474E+025   50512952077.860352        5.6103030661658259E-005   2.3573998390599776E-019   1.3807444620224567E-032   4.3532315092310960E-046  -4.2595323736578058E-054  -6.4016525509601010E-063   5.5188485172450844E-071   8.9185894616057077E-078   9.1313679803834928E-085
  -1.3503652853855119E+040  -5.2933873352872282E+049  -1.6708862877009173E+046   5.8204004494303155E+037   1.5419119572386507E+025   47568464096.594887        5.2320476603623802E-005   2.1771911228482413E-019   1.2629550565802663E-032   3.9441242275074127E-046  -3.8237354745240331E-054  -5.7030134012018099E-063   4.8165636254412094E-071   7.7481129562214293E-078   7.8610081410505693E-085
  -1.3325654112186013E+040  -5.1771626903597169E+049  -1.6187631048567847E+046   5.5880213005473917E+037   1.4661824923301354E+025   44795623181.575165        4.8792934257236789E-005   2.0107552587549021E-019   1.1552101153650657E-032   3.5734414174613923E-046  -3.4324852768112515E-054  -5.0804342046487460E-063   4.2036082773743085E-071   6.7312857013299782E-078   6.7673979480183860E-085
  -1.3150001486712045E+040  -5.0634947915287594E+049  -1.5682746556208945E+046   5.3649176688197755E+037   1.3941725760684993E+025   42184422904.973938        4.5503212615263009E-005   1.8570398938144322E-019   1.0566534782241880E-032   3.2375764604250852E-046  -3.0812327140845157E-054  -4.5256569083750942E-063   3.6686244768358137E-071   5.8479333179064736E-078   5.8259432555111350E-085
  -1.2976664033311547E+040  -4.9523272225611646E+049  -1.5193692703817972E+046   5.1507194533570122E+037   1.3256995115135902E+025   39725440191.988815        4.2435279436814606E-005   1.7150730590536014E-019   9.6650192546259672E-033   2.9332610268125816E-046  -2.7658927719037968E-054  -4.0313173253264849E-063   3.2016978057772684E-071   5.0805309794974991E-078   5.0154724440131350E-085
  -1.2805611215626837E+040  -4.8436048181479131E+049  -1.4719969308034707E+046   4.9450713123486266E+037   1.2605895755763088E+025   37409801312.685715        3.9574183151623090E-005   1.5839570315009332E-019   8.8403896712392798E-033   2.6575333700754911E-046  -2.4827972046500320E-054  -3.5908487141467411E-063   2.7941740166938052E-071   4.4138553570683182E-078   4.3177600944625455E-085
  -1.2636812899705162E+040  -4.7372736359550656E+049  -1.4261092162372577E+046   4.7476320749932089E+037   1.1986775782439670E+025   35229149856.363815        3.6905980026598550E-005   1.4628626646916907E-019   8.0860916077348155E-033   2.4077095897941806E-046  -2.2286520640138487E-054  -3.1983957189677517E-063   2.4384989187239394E-071   3.8346822965820828E-078   3.7171169610023566E-085
  -1.2470239348709213E+040  -4.6332809293064772E+049  -1.3816592519091504E+046   4.5580741768289684E+037   1.1398064434536221E+025   33175616572.880657        3.4417666240179493E-005   1.3510241519265552E-019   7.3961291284137832E-033   2.1813575861153282E-046  -2.0004995501800853E-054  -2.8487375610246882E-063   2.1280786000673735E-071   3.3315242188190909E-078   3.2000370134511585E-085
  -1.2305861217696343E+040  -4.5315751204837893E+049  -1.3386016588220262E+046   4.3760831175362899E+037   1.0838268105503732E+025   31241790972.111153        3.2097114533850700E-005   1.2477341892673957E-019   6.7650172240281439E-033   1.9762734537095659E-046  -1.7956837463547142E-054  -2.5372194918736528E-063   1.8571574046714228E-071   2.8944020210708815E-078   2.7548936054490457E-085
  -1.2143649548465625E+040  -4.4321057746294897E+049  -1.2968925053145462E+046   4.2013569403196921E+037   1.0305966553197897E+025   29420694579.056694        2.9933015132471959E-005   1.1523395077711203E-019   6.1877382976684858E-033   1.7904600869623152E-046  -1.6118198418686617E-054  -2.2596916234326937E-063   1.6207114088623720E-071   2.5146469465775054E-078   2.3716779301465680E-085
  -1.1983575764471889E+040  -4.3348235742392081E+049  -1.2564892602204890E+046   4.0336057320119142E+037   9.7998092963326624E+024   27705755748.093563        2.7914820645827688E-005   1.0642367467883252E-019   5.6597023544298308E-033   1.6221077894523641E-046  -1.4467664891634293E-054  -2.0124543443494890E-063   1.4143554297408769E-071   2.1847284835806817E-078   2.0417738772446598E-085
  -1.1825611665805902E+040  -4.2396802942296938E+049  -1.2173507475742489E+046   3.8725511430768340E+037   9.3185121879227830E+024   26090785945.474712        2.6032694683176327E-005   9.8286864230196566E-020   5.1767105798107802E-033   1.4695767001212852E-046  -1.2986009759731632E-054  -1.7922096164930521E-063   1.2342618469949867E-071   1.8981048735073843E-078   1.7577642246001799E-085
  -1.1669729424239879E+040  -4.1466287775692898E+049  -1.1794371028101413E+046   3.7179259267205173E+037   8.8608541570238752E+024   24569957414.496151        2.4277463930643212E-005   9.0772050626602417E-020   4.7349220185793220E-033   1.3313808660782759E-046  -1.1655969263777267E-054  -1.5960175207234802E-063   1.0770897379160826E-071   1.6490932573831939E-078   1.5132638029388181E-085
  -1.1515901578337457E+040  -4.0556229114579816E+049  -1.1427097304049758E+046   3.5694734963510656E+037   8.4256741105051767E+024   23137782142.727852        2.2640573458149544E-005   8.3831697473763677E-020   4.3308230903423593E-033   1.2061738078880275E-046  -1.0462042734806015E-054  -1.4212574884542764E-063   9.3992301585366947E-072   1.4327568800525102E-078   1.3027758793486735E-085
  -1.1364101028627375E+040  -3.9666176040444337E+049  -1.1071312629151281E+046   3.4269475006580008E+037   8.0118679869959207E+024   21789092055.406704        2.1114045038284420E-005   7.7421900428987424E-020   3.9611997004785903E-033   1.0927354376066487E-046  -9.3903127259611504E-055  -1.2655937157290503E-063   8.2021642862612318E-072   1.2448071109260676E-078   1.1215685278359065E-085
  -1.1214301032840012E+040  -3.8795687616677016E+049  -1.0726655213610456E+046   3.2901114156108475E+037   7.6183859555321196E+024   20519020363.513264        1.9690438274183180E-005   7.1502109775699952E-020   3.6231117256123085E-033   9.8996020290106950E-047  -8.4282834731102235E-055  -1.1269443103431906E-063   7.1574841858247170E-072   1.0815183345354796E-078   9.6556820507686649E-086
  -1.1066475201205986E+040  -3.7944332666116190E+049  -1.0392774769137471E+046   3.1587381527043266E+037   7.2442297517974747E+024   19322983999.220272        1.8362814347144756E-005   6.6034874180938185E-020   3.3138696715806989E-033   8.9684634243647908E-047  -7.5647358188415860E-055  -1.0034537706271093E-063   6.2457997276245659E-072   9.3965402001222922E-079   8.3126813672864423E-086
  -1.0920597491816096E+040  -3.7111689553601184E+049  -1.0069332138394754E+046   3.0326096828042699E+037   6.8884501452009848E+024   18196667075.324406        1.7124702207470086E-005   6.0985604019041606E-020   3.0310133190271701E-033   8.1248614845815653E-047  -6.7895969240592822E-055  -8.9346843747580322E-064   5.4501870226632889E-072   8.1640250081599848E-079   7.1564945298123139E-086
  -1.0776642206041726E+040  -3.6297345973420286E+049  -9.7559989366016409E+045   2.9115166749739570E+037   6.5501445303656698E+024   17136005308.967548        1.5970067043893919E-005   5.6322352768117048E-020   2.7722921874735597E-033   7.3605714223192428E-047  -6.0938232617362701E-055  -7.9551459960115158E-064   4.7558748656333464E-072   7.0932118903630667E-079   6.1611329895451287E-086
  -1.0634583984015031E+040  -3.5500898741541592E+049  -9.4524572048886544E+045   2.7952581496851925E+037   6.2284546369182854E+024   16137171353.433413        1.4893280878072446E-005   5.2015615099783262E-020   2.5356476631086283E-033   6.6681407683509058E-047  -5.4692955404390195E-055  -7.0827896628315598E-064   4.1499710282104500E-072   6.1628811622236041E-079   5.3042239252224432E-086
  -1.0494397800168104E+040  -3.4721953592517493E+049  -9.1583990750068907E+045   2.6836411458420707E+037   5.9225643517699313E+024   15196560985.082048        1.3889095140932318E-005   4.8038140387948574E-020   2.3191966486924664E-033   6.0408168979215050E-047  -4.9087243427522706E-055  -6.3059125253780573E-064   3.6212233398284588E-072   5.3545983829403802E-079   4.5665071474359679E-086
  -1.0356058958830366E+040  -3.3960124980955996E+049  -8.8735264450117209E+045   2.5764804010680758E+037   5.6316976483627391E+024   14310780095.570532        1.2952615097333037E-005   4.4364760459596895E-020   2.1212166060200891E-033   5.4724813530374973E-047  -4.4055653872859035E-055  -5.6140864899040636E-064   3.1598111361689123E-072   4.6523486854867722E-079   3.9314020108717382E-086
  -1.0219543089883474E+040  -3.3215035887454688E+049  -8.5975506655531431E+045   2.4735980447289671E+037   5.3551166176291221E+024   13476632442.414099        1.2079275994491847E-005   4.0972230500365059E-020   1.9401318724075686E-033   4.9575903239333743E-047  -3.9539434339518149E-055  -4.9980197319114273E-064   2.7571632169310607E-072   4.0422191261952486E-079   3.3846345916258427E-086
  -1.0084826144473001E+040  -3.2486317628895552E+049  -8.3301922364177956E+045   2.3748233031848255E+037   5.0921195956680502E+024   12691108113.678493        1.1264820818011080E-005   3.7839082110653843E-020   1.7745011427474353E-033   4.4911207125691810E-047  -3.5485839519296017E-055  -4.4494332094483859E-064   2.4057989445136281E-072   3.5121227464727276E-079   2.9139167427703365E-086
  -9.9518843907761181E+039  -3.1773609673001143E+049  -8.0711805129799122E+045   2.2799922167847617E+037   4.8420393833880749E+024   11951372665.171440        1.0505279547173914E-005   3.4945487584647319E-020   1.6230060179063700E-033   4.0685212550478847E-047  -3.1847517593391570E-055  -3.9609505572708765E-064   2.0991895430825708E-072   3.0515588679366424E-079   2.5086698086158309E-086
  -9.8206944098246444E+039  -3.1076559457055107E+049  -7.8202534222302469E+045   2.1889473681370946E+037   4.6042415536001560E+024   11254756890.927916        9.7969498084732598E-006   3.2273134555403089E-020   1.4844405286801506E-033   3.6856682288221224E-047  -2.8581959241336010E-055  -3.5259999167252101E-064   1.8316370310173525E-072   2.6514048620381759E-079   2.1597867829129950E-086
  -9.6912330913826893E+039  -3.0394822210692029E+049  -7.5771571880634125E+045   2.1015376212063556E+037   4.3781228412651012E+024   10598747190.069462        9.1363788331457245E-006   2.9805110214564646E-020   1.3577015522450822E-033   3.3388253149585410E-047  -2.5651002880409841E-055  -3.1387264117010020E-064   1.5981685458172482E-072   2.3037352604310991E-079   1.8594275611727946E-086
  -9.5634776298782245E+039  -2.9728060782664117E+049  -7.3416460655150081E+045   2.0176178708062933E+037   4.1631096128114049E+024   9980976495.2698364        8.5203466308313073E-006   2.7525794375648508E-020   1.2417800451126451E-033   3.0246072259729533E-047  -2.3020390403478784E-055  -2.7939141198359400E-064   1.3944441052293976E-072   2.0016646153840573E-079   1.6008426818334716E-086
  -9.4374055203878818E+039  -2.9075945471494196E+049  -7.1134820836505271E+045   1.9370488020751621E+037   3.9586564106398005E+024   9399215730.0861683        7.9458502974005585E-006   2.5420760705652316E-020   1.1357530230606817E-033   2.7399467462289704E-047  -2.0659368266783497E-055  -2.4869165121040578E-064   1.2166760968883380E-072   1.7392109912187605E-079   1.3782215919196188E-086
  -9.3129945546742895E+039  -2.8438153859926505E+049  -6.8924347968182104E+045   1.8596966595360125E+037   3.7642445691215886E+024   8851365764.3234196        7.4100893805131898E-006   2.3476685501268117E-020   1.0387762244311247E-033   2.4820648649586631E-047  -1.8540329303482941E-055  -2.2135944445742845E-064   1.0615590057220124E-072   1.5111773774645518E-079   1.1865620245505447E-086
  -9.1902228172753020E+039  -2.7814370653089071E+049  -6.6782810439878904E+045   1.7854330253604808E+037   3.5793808985791559E+024   8335449838.3972607        6.9104522316224237E-006   2.1681263433591042E-020   9.5007739859780353E-034   2.2484437119352181E-047  -1.6638491109701065E-055  -1.9702608849054742E-064   9.2620807778884989E-073   1.3130486702965863E-079   1.0215575505787857E-086
  -9.0690686816444158E+039  -2.7204287520283284E+049  -6.4708047159073332E+045   1.7141346064697330E+037   3.4035964339095629E+024   7849606429.3531694        6.4445032779426289E-006   2.0023129729187911E-020   8.6895016636098838E-034   2.0368020329938449E-047  -1.4931607272875796E-055  -1.7536316443163434E-064   8.0810578456292128E-073   1.1409021779448007E-079   8.7950077546356319E-087
  -8.9495108063417350E+039  -2.6607602940318291E+049  -6.2697965298167374E+045   1.6456830301207732E+037   3.2364452446760627E+024   7392082532.7934856        6.0099711523776569E-006   1.8491788296009521E-020   7.9474840355717264E-034   1.8450729672205811E-047  -1.3399708092222952E-055  -1.5607814644676918E-064   7.0505509603389231E-073   9.9132987426873864E-080   7.5720000440891413E-087
  -8.8315281312748485E+039  -2.6024022050309700E+049  -6.0750538114709644E+045   1.5799646476403080E+037   3.0775033036483403E+024   6961227336.4651632        5.6047376235851936E-006   1.7077545340150570E-020   7.2688110331896214E-034   1.6713839099469706E-047  -1.2024867782477135E-055  -1.3891048789330894E-064   6.1513869700228903E-073   8.6137085792587156E-080   6.5190750174195435E-087
  -8.7150998739889488E+039  -2.5453256497864009E+049  -5.8863802842274729E+045   1.5168703459817833E+037   2.9263674109205628E+024   6555486262.6745644        5.2268272722490102E-006   1.5771448054118653E-020   6.6480767621360639E-034   1.5140382659174425E-047  -1.0790995458685398E-055  -1.2362813316183922E-064   5.3668339095678007E-073   7.4845267715379727E-080   5.6125773129063009E-087
  -8.6002055260055845E+039  -2.4895024296572007E+049  -5.7035858649662867E+045   1.4562953667941013E+037   2.7826541708773159E+024   6173395358.0267544        4.8743978632650254E-006   1.4565227989286396E-020   6.0803365095962129E-034   1.3714989153309707E-047  -9.6836474752372237E-056  -1.1002440904289723E-064   4.6822903195146971E-073   6.5034035616571523E-080   4.8321418901072571E-087
  -8.4868248492093925E+039  -2.4349049684735991E+049  -5.5264864666161676E+045   1.3981391327029084E+037   2.6459990194115884E+024   5813576010.2403135        4.5457313669362586E-006   1.3451248754771133E-020   5.5610674159659847E-034   1.2423732320765073E-047  -8.6898589396878133E-056  -9.7915254439931123E-065   4.0850140873232812E-073   5.6509211202084452E-080   4.1602363236032512E-087
  -8.3749378722822152E+039  -2.3815062987257694E+049  -5.3549038070688698E+045   1.3423050805172384E+037   2.5160552989264496E+024   5474729972.9691591        4.2392255854326432E-006   1.2422457712299854E-020   5.0861324988872995E-034   1.1253995085433014E-047  -7.7979924441205227E-056  -8.7136751703825283E-065   3.5638857854223952E-073   4.9102088361430894E-080   3.5817667727468744E-087
  -8.2645248871839842E+039  -2.3292800480615175E+049  -5.1886652242707417E+045   1.2887005010857102E+037   2.3924933787733014E+024   5155634680.6745462        3.9533863437195708E-006   1.1472341361846452E-020   4.6517477440080542E-034   1.0194346550382036E-047  -6.9976022563591680E-056  -7.7542926838171290E-065   3.1092021191643636E-073   4.2666090977267228E-080   3.0837387679865576E-087
  -8.1555664456797533E+039  -2.2782004260858803E+049  -5.0276034972880419E+045   1.2372363855374478E+037   2.2749998188948752E+024   4855138836.6372738        3.6868202069083093E-006   1.0594884136131959E-020   4.2544520011746723E-034   9.2344305421437293E-048  -6.2793123925823312E-056  -6.9003789369815394E-065   2.7124956554526693E-073   3.7073869363321605E-080   2.6549651870931929E-087
  -8.0480433559123002E+039  -2.2282422114557975E+049  -4.8715566731492657E+045   1.1878272776534225E+037   2.1632765745507448E+024   4572158258.1859398        3.4382276885455134E-006   9.7845303436037223E-021   3.8910794470156719E-034   8.3648646212914650E-048  -5.6347071538767877E-056  -6.1403585842091068E-065   2.3663774896033163E-073   3.2214777751757475E-080   2.2858148558225773E-087
  -7.9419366790197027E+039  -2.1793807392631869E+049  -4.7203678992743796E+045   1.1403911321240336E+037   2.0570402401073808E+024   4305671964.1454906        3.2063969167503282E-006   9.0361490193917193E-021   3.5587343952317521E-034   7.5771485771163647E-048  -5.0562328538527500E-056  -5.4639243709649261E-065   2.0643999329312328E-073   2.7992682811225138E-080   1.9679961210783331E-087
  -7.8372277257972992E+039  -2.1315918886998938E+049  -4.5738852613073047E+045   1.0948491784584479E+037   1.9560213299738715E+024   4054718490.3845162        2.9901977273377663E-006   8.3450014621050483E-021   3.2547682545322729E-034   6.8635815163125107E-048  -4.5371095942982353E-056  -4.8618984930631964E-065   1.8009366744822995E-073   2.4324059744146943E-080   1.6943705310485720E-087
  -7.7338980534034728E+039  -2.0848520709981443E+049  -4.4319616261741430E+045   1.0511257903205524E+037   1.8599635948587005E+024   3818392420.1630564        2.7885761551469287E-006   7.7067112512946284E-021   2.9767584511972574E-034   6.2171867390589633E-048  -4.0712520624725249E-056  -4.3261090796871865E-065   1.5710781941192962E-073   2.1136338216606936E-080   1.4587924337670375E-087
  -7.6319294621086752E+039  -2.0391382176402838E+049  -4.2944544901956637E+045   1.0091483600753307E+037   1.7686233716125763E+024   3595841116.7579527        2.6005492967324125E-006   7.1172365560762825E-021   2.7224891488328220E-034   5.6316436715394536E-048  -3.6531984283758294E-056  -3.8492801545106743E-065   1.3705404868052308E-073   1.8366465329866717E-080   1.2559708883249005E-087
  -7.5313039920871422E+039  -1.9944277688317097E+049  -4.1612258320882868E+045   9.6884717833807111E+036   1.6817689650075459E+024   3386261646.5728745        2.4252005193862766E-006   6.5728445598805809E-021   2.4899336121497674E-034   5.1012261925035540E-048  -3.2780465143939014E-056  -3.4249336077998594E-065   1.1955854046386328E-073   1.5959657147412456E-080   1.0813507846423371E-087
  -7.4320039202507471E+039  -1.9506986622310651E+049  -4.0321419706933804E+045   9.3015531832707623E+036   1.5991800598836427E+024   3188897881.6276751        2.2616749931451062E-006   6.0700878396631397E-021   2.2772380746427602E-034   4.6207467536100553E-048  -2.9413964941890689E-056  -3.0473018716371245E-065   1.0429511385468321E-073   1.3868314031031964E-080   9.3101049958456613E-088
  -7.3340117571244229E+039  -1.9079293219318757E+049  -3.9070734272800858E+045   8.9300852482847651E+036   1.5206471621713825E+024   3003037770.9691825        2.1091755240101485E-006   5.6057825502559855E-021   2.0827069819843883E-034   4.1855057496057085E-048  -2.6392994535693692E-056  -2.7112501324349203E-065   9.0979154951966340E-074   1.2051078287972743E-080   8.0157378898950555E-088
  -7.2373102437626490E+039  -1.8660986476899716E+049  -3.7858947922720458E+045   8.5734510758936435E+036   1.4459710673716904E+024   2828010771.1552248        1.9669586680759564E-006   5.1769882759448643E-021   1.9047894938689266E-034   3.7912456454260412E-048  -2.3682112141922178E-056  -2.4122070415582026E-065   7.9362322334599424E-074   1.0472015453236039E-080   6.9013393522605389E-088
  -7.1418823487064424E+039  -1.8251860043911403E+049  -3.6684845962534182E+045   8.2310583896278135E+036   1.3749623551445138E+024   2663185426.5378623        1.8343311076314781E-006   4.7809894218909770E-021   1.7420671370313631E-034   3.4341094135540618E-048  -2.1249508821361360E-056  -2.1461029978063573E-065   6.9227926603566490E-074   9.0999029825382023E-081   5.9418844542184778E-088
  -7.0477112649803241E+039  -1.7851712117536001E+049  -3.5547251851144275E+045   7.9023385563511458E+036   1.3074409087236196E+024   2507967090.6124535        1.7106462715738841E-006   4.4152780277449755E-021   1.5932425113072116E-034   3.1106028768854935E-048  -1.9066636383112181E-056  -1.9093151762012444E-065   6.0386898212074871E-074   7.9076122610813591E-081   5.1158283268392886E-088
  -6.9547804071287625E+039  -1.7460345342600033E+049  -3.4445025992013310E+045   7.5867456427320141E+036   1.2432354579380836E+024   2361795780.2083774        1.5953011836657020E-006   4.0775378947875927E-021   1.4571289589603276E-034   2.8175605903319704E-048  -1.7107873370119647E-056  -1.6986185673083246E-065   5.2674268714670087E-074   6.8715716832892370E-081   4.4046221681951049E-088
  -6.8630734082915612E+039  -1.7077566713137938E+049  -3.3377064563402181E+045   7.2837555093492137E+036   1.1821831446808668E+024   2224144154.7766943        1.4877335232759395E-006   3.7656299262315795E-021   1.3326411151555140E-034   2.5521149288146239E-048  -1.5350225232158720E-056  -1.5111423713622342E-065   4.5946100090609890E-074   5.9713001657984125E-081   3.7922965683897222E-088
  -6.7725741173176954E+039  -1.6703187476148754E+049  -3.2342298386084141E+045   6.9928649409326802E+036   1.1241291097218449E+024   2094515613.4815519        1.3874188842811420E-006   3.4775785879861945E-021   1.2187862644508152E-034   2.3116680804933543E-048  -1.3773055190106454E-056  -1.3443311628290052E-065   4.0076805109881485E-074   5.1890018521438553E-081   3.2651027884233838E-088
  -6.6832665959170748E+039  -1.6337023037496482E+049  -3.1339691827314390E+045   6.7135908112987187E+036   1.0689260998168127E+024   1972442503.2273612        1.2938682187678461E-006   3.2115594042666481E-021   1.1146564345864735E-034   2.0938666723444470E-048  -1.2357842652528559E-056  -1.1959103046534742E-065   3.4956808966200971E-074   4.5092139804456376E-081   2.8112039315671049E-088
  -6.5951351158497774E+039  -1.5978892869905895E+049  -3.0368241739875644E+045   6.4454692815967547E+036   1.0164340941154917E+024   1857484431.1541522        1.2066254530783240E-006   2.9658874089712626E-021   1.0194211647043099E-034   1.8965787808150834E-048  -1.1087966366350543E-056  -1.0638551481501128E-065   3.0490508734517410E-074   3.9185009390569058E-081   2.4204090673477371E-088
  -6.5081641561522178E+039  -1.5628620423006707E+049  -2.9426976435059145E+045   6.1880550305397158E+036   9.6651994892053775E+023   1749226675.5106173        1.1252652645812709E-006   2.7390064797900633E-021   9.3232089048919477E-035   1.7178731034963280E-048  -9.9485097713851468E-057  -9.4636360504613094E-066   2.6594492738259515E-074   3.4051884504769471E-081   2.0839443336531032E-088
  -6.4223384003998079E+039  -1.5286033035380003E+049  -2.8514954688478511E+045   5.9409205153430058E+036   9.1905705989611554E+023   1647278689.1694109        1.0493910083322420E-006   2.5294794875881364E-021   8.5266089362577282E-035   1.5560000887915444E-048  -8.9260862870872916E-057  -8.4183172324412329E-066   2.3195986736213123E-074   2.9591326190272147E-081   1.7942558735642846E-088
  -6.3376427340056094E+039  -1.4950961848561923E+049  -2.7631264777650458E+045   5.7036552621478271E+036   8.7392504086888405E+023   1551272690.3836713        9.7863278351902034E-007   2.3359791987605722E-021   7.7980576744755801E-035   1.4093748396190116E-048  -8.0086824921034484E-057  -7.4883193803270155E-066   2.0231498049887958E-074   2.5715192686070939E-081   1.5448401789970667E-088
  -6.2540622415545149E+039  -1.4623241722960647E+049  -2.6775023550311590E+045   5.4758651847533631E+036   8.3100941840634712E+023   1460862335.6986063        9.1264563026824653E-007   2.1572798730157228E-021   7.1317435475746618E-035   1.2765616244608446E-048  -7.1855173656673195E-057  -6.6609370626820083E-066   1.7645632427550506E-074   2.2346895969934395E-081   1.3300980291735725E-088
  -6.1715822041724997E+039  -1.4302711155643708E+049  -2.5945375522474860E+045   5.2571719305291455E+036   7.9020134139755003E+023   1375721470.2285323        8.5110784802487564E-007   1.9922495034398732E-021   6.5223511755132182E-035   1.1562598447228113E-048  -6.4469159470867285E-057  -5.9248626295203363E-066   1.5390061648874911E-074   1.9419886945269822E-081   1.1452087421969174E-088
  -6.0901880969304760E+039  -1.3989212199953601E+049  -2.5141492005262041E+045   5.0472122524238862E+036   7.5139730489918480E+023   1295542950.7889752        7.9371942730845878E-007   1.8398426497570154E-021   5.9650190180864086E-035   1.0472913215533079E-048  -5.7841959376395378E-057  -5.2700326805884165E-066   1.3422622673848857E-074   1.6876339279802772E-081   9.8602191448787115E-089
  -6.0098655862823004E+039  -1.3682590386910665E+049  -2.4362570259580574E+045   4.8456374060302288E+036   7.1449888754635932E+023   1220037537.6364193        7.4020058720273769E-007   1.6990938194478539E-021   5.4553006365525436E-035   9.4858877812228086E-049  -5.1895659201005431E-057  -4.6874913680683291E-066   1.1706531583061954E-074   1.4666005839087173E-081   8.4896421582588970E-089
  -5.9306005275364853E+039  -1.3382694648363160E+049  -2.3607832677743762E+045   4.6521125707063201E+036   6.7941250186170842E+023   1148932850.8159192        6.9029041145029259E-007   1.5691113548561583E-021   4.9891292607502373E-035   8.5918540500716642E-049  -4.6560340066082477E-057  -4.1692686913945507E-066   1.0209697689099277E-074   1.2745225076514050E-081   7.3095914605227110E-089
  -5.8523789623611808E+039  -1.3089377241845287E+049  -2.2876525991163173E+045   4.4663162937949145E+036   6.4604915682926029E+023   1081972387.3499701        6.4374557650451646E-007   1.4490717876099508E-021   4.5627853797579043E-035   7.7820540688604105E-049  -4.1773258472239836E-057  -3.7082721430635284E-066   8.9041250600020910E-075   1.1076057711512639E-081   6.2935795074621220E-089
  -5.7751871163219898E+039  -1.2802493677104916E+049  -2.2167920503270767E+045   4.2879399570189227E+036   6.1432423213058925E+023   1018914595.7216479        6.0033916533932010E-007   1.3382146246400157E-021   4.1728670981864765E-035   7.0485543830069954E-049  -3.7478110407488453E-057  -3.2981902435848588E-066   7.7653903201554959E-075   9.6255366079218085E-082   5.4188014392254662E-089
  -5.6990113964521692E+039  -1.2521902644263529E+049  -2.1481309346855970E+045   4.1166872641690407E+036   5.8415726347038567E+023   959532004.31180787        5.5985956123490795E-007   1.2358375328074921E-021   3.8162630221869797E-035   6.3841684491720791E-049  -3.3624370874153812E-057  -2.9334066634550517E-066   6.7721870116437196E-075   8.3650150062089449E-082   4.6656230165932997E-089
  -5.6238383888548209E+039  -1.2247465943571859E+049  -2.0816007765029881E+045   3.9522737492343110E+036   5.5547173844671153E+023   903610400.64488125        5.2210941614771821E-007   1.1412918916730810E-021   3.4901274593711658E-035   5.7823863456284256E-049  -3.0166701111005600E-057  -2.6089237723536968E-066   5.9059280363734417E-075   7.2696002107665728E-082   4.0171397639641417E-089
  -5.5496548563366174E+039  -1.1979048416725415E+049  -2.0171352415054487E+045   3.7944263041603211E+036   5.2819490244796967E+023   850948058.48118353        4.8690468863611678E-007   1.0539786862686071E-021   3.1918577352453875E-035   5.2373110943253135E-049  -2.7064416577374329E-057  -2.3202945825607882E-066   5.1503987790553814E-075   6.3176615255299522E-082   3.4587974162982718E-089
  -5.4764477360727017E+039  -1.1716517879704982E+049  -1.9546700694300015E+045   3.6428827254522145E+036   5.0225757408405945E+023   801355009.96634948        4.5407374665241365E-007   9.7334471388202521E-022   2.9190734455914454E-035   4.7436009730412732E-049  -2.4281009475542289E-057  -2.0635621665611773E-066   4.4914544534876231E-075   5.4904027011688570E-082   2.9780651445710227E-089
  -5.4042041373022855E+039  -1.1459745057107982E+049  -1.8941430087617624E+045   3.4973912788709088E+036   4.7759396968338476E+023   754652360.21112764        4.2345653082791305E-007   8.9887908085302386E-022   2.6695974796267602E-035   4.2964172544275046E-049  -2.1783720224664651E-057  -1.8352057294426538E-066   3.9167560369861865E-075   4.7714904342488694E-082   2.5641542200137112E-089
  -5.3329113390546023E+039  -1.1208603517937267E+049  -1.8354937535437990E+045   3.3577102815008436E+036   4.5414153641038739E+023   710671641.82791185        3.9490377417253002E-007   8.3010996721070678E-022   2.4414386628622707E-035   3.8913768616682521E-049  -1.9543152871311258E-057  -1.6320926063498079E-066   3.4155398755212860E-075   4.1467315683421204E-082   2.2077757982201748E-089
  -5.2625567879047768E+039  -1.0962969612814760E+049  -1.7786638821929140E+045   3.2236077004963775E+036   4.3184079358015394E+023   669254207.09460306        3.6827627438546325E-007   7.6660163867902800E-022   2.2327758814616939E-035   3.5245094784380594E-049  -1.7532929935074206E-057  -1.4514355351226623E-066   2.9784166684620763E-075   3.6037926110827347E-082   1.9009323830123128E-089
  -5.1931280957592384E+039  -1.0722722412588078E+049  -1.7235967982568404E+045   3.0948607678415269E+036   4.1063518176744426E+023   630250655.55220091        3.4344421522982905E-007   7.0795168714039685E-022   2.0419435616925591E-035   3.1922186942855292E-049  -1.5729382648535904E-057  -1.2907546253933094E-066   2.5971960884353007E-075   3.1319560187101885E-082   1.6367382865396237E-089
  -5.1246130376702865E+039  -1.0487743648298964E+049  -1.6702376730504737E+045   2.9712556104842970E+036   3.9047091932727225E+023   593520294.97040832        3.2028653366329587E-007   6.5378848209306329E-022   1.8674183888413303E-035   2.8912468059419162E-049  -1.4111272964602168E-057  -1.1478435087858384E-066   2.2647337688116447E-075   2.7219084273193825E-082   1.4092650534384786E-089
  -5.0569995496794185E+039  -1.0257917652483085E+049  -1.6185333901107912E+045   2.8525868952322963E+036   3.7129686596297361E+023   558930633.73597169        2.9869032963977226E-007   6.0376881697266401E-022   1.7078071598275937E-035   2.6186429307234398E-049  -1.2659544075592055E-057  -1.0207392113117971E-066   1.9747978076047983E-075   2.3655566422559966E-082   1.2134083776343466E-089
  -4.9902757266890516E+039  -1.0033131301771441E+049  -1.5684324914120889E+045   2.7386574878207724E+036   3.5306439299558088E+023   526356902.83188474        2.7855031570517917E-007   5.5757573544108855E-022   1.5618356727740521E-035   2.3717341205159693E-049  -1.1357096521866941E-057  -9.0769533933032968E-067   1.7219522998322851E-075   2.0558677463844915E-082   1.0447735231357781E-089
  -4.9244298203622536E+039  -9.8132739607643101E+048  -1.5198851252850624E+045   2.6292781255877015E+036   3.3572726000533250E+023   495681605.68238437        2.5976830370429989E-007   5.1491652388441446E-022   1.4283385650415609E-035   2.1480991941141404E-049  -1.0188587267059006E-057  -8.0715821522186996E-067   1.5014557273909621E-075   1.7867301651947347E-082   8.9957667579093051E-090
  -4.8594502370501251E+039  -9.5982374271492678E+048  -1.4728429959851072E+045   2.5242671032130702E+036   3.1924149753231053E+023   466794094.23923969        2.4225272609658122E-007   4.7552085741323388E-022   1.3062500187873030E-035   1.9455450322191772E-049  -9.1402493856116319E-058  -7.1774563880655169E-067   1.3091723121319906E-075   1.5528329413547130E-082   7.7456001079509394E-090
  -4.7953255357464662E+039  -9.3879158780355382E+048  -1.4272593148569970E+045   2.4234499710011692E+036   3.0356529553857749E+023   439590169.77954191        2.2591818954745219E-007   4.3913908762992848E-022   1.1945952600092997E-035   1.7620851034389859E-049  -8.1997302495023069E-058  -6.3822798605779580E-067   1.1414946792193099E-075   1.3495608315735441E-082   6.6691856879111214E-090
  -4.7320444260693642E+039  -9.1822058174774831E+048  -1.3830887530448062E+045   2.3266592452054625E+036   2.8865889734880569E+023   413971706.97439241        2.1068505861904504E-007   4.0554066132445201E-022   1.0924827833567558E-035   1.5959200114145754E-049  -7.3559463174936241E-058  -5.6751138829407117E-067   9.9527638850747420E-076   1.1729031516458204E-082   5.7423729861548201E-090
  -4.6695957662693469E+039  -8.9810060251607028E+048  -1.3402873956976261E+045   2.2337341299155756E+036   2.7448449880029115E+023   389846299.87187034        1.9647906753091390E-007   3.7451266008864609E-022   9.9909724076336743E-036   1.4454198729306405E-049  -6.5989528245743535E-058  -5.0462276320205629E-067   8.6777307549368484E-076   1.0193745675037424E-082   4.9443685307013624E-090
  -4.6079685612637677E+039  -8.7842175062248077E+048  -1.2988126976232145E+045   2.1445202500450892E+036   2.6100615234646523E+023   367126928.51675290        1.8323095809817089E-007   3.4585845160426115E-022   9.1369293724562101E-036   1.3091083547474302E-049  -5.9198268436762480E-058  -4.4869649413046450E-067   7.5659110380131122E-076   8.8594626639269066E-083   4.2572692067342753E-090
  -4.5471519606970510E+039  -8.5917434421974886E+048  -1.2586234403432881E+045   2.0588693949772178E+036   2.4818967587058764E+023   345731645.00394088        1.7087614208205681E-007   3.1939644406653477E-022   8.3558788204229318E-036   1.1856482130900267E-049  -5.3105623483183171E-058  -3.9896257643264875E-067   6.5964277111981584E-076   7.6998614758746774E-083   3.6656604558006594E-090
  -4.4871352570264806E+039  -8.4034891430150991E+048  -1.2196796905056596E+045   1.9766392724431293E+036   2.3600256597825483E+023   325583277.83267856        1.5935438630695972E-007   2.9495893585784722E-022   7.6415834769321661E-036   1.0738281944076384E-049  -4.7639760453651370E-058  -3.5473606952797491E-067   5.7510723266082237E-076   6.6920685044511403E-083   3.1562703356082409E-090
  -4.4279078836331809E+039  -8.2193620001055271E+048  -1.1819427596098823E+045   1.8976932722246003E+036   2.2441391554872472E+023   306609153.49470407        1.4860951900886940E-007   2.7239105318876705E-022   6.9883389370009857E-036   9.7255116931253814E-050  -4.2736228732297739E-058  -3.1540771106434408E-067   5.0139641276309570E-076   5.8162059257739495E-083   2.7176716737196079E-090
  -4.3694594129579611E+039  -8.0392714405096779E+048  -1.1453751650044672E+045   1.8219002392890018E+036   2.1339433533586479E+023   288740834.29166609        1.3858915598374727E-007   2.5154976898051919E-022   6.3909281511188994E-036   8.8082338365540710E-050  -3.8337201740773246E-058  -2.8043556533548800E-067   4.3712526827224009E-076   5.0549992558988127E-083   2.3400256283950938E-090
  -4.3117795546617014E+039  -7.8631288820184077E+048  -1.1099405921150989E+045   1.7491342559802270E+036   2.0291587941980688E+023   271913871.43571067        1.2924444520080776E-007   2.3230299677708014E-022   5.8445797976132913E-036   7.9774472160849034E-050  -3.4390796502139202E-058  -2.4933759214905632E-067   3.8108584846359365E-076   4.3934363284058135E-083   2.0148608996084973E-090
  -4.2548581538099489E+039  -7.6908476893022805E+048  -1.0756038578645846E+045   1.6792744329041984E+036   1.9295197432016348E+023   256067572.54229915        1.2052982863571498E-007   2.1452875394998130E-022   5.3449302097473906E-036   7.2249988551657032E-050  -3.0850463060650337E-058  -2.2168503484421838E-067   3.3222466707846559E-076   3.8184709533524255E-083   1.7348836337391940E-090
  -4.1986851890814015E+039  -7.5223431310120497E+048  -1.0423308752465529E+045   1.6122047081619953E+036   1.8347735159095069E+023   241144782.67626026        1.1240282016263913E-007   1.9811438889747710E-022   4.8879885540854859E-036   6.5435040623466328E-050  -2.7674436590214870E-058  -1.9709653728900774E-067   2.8962296382178575E-076   3.3187654021079152E-083   1.4938137546112905E-090
  -4.1432507709999786E+039  -7.3575323378282158E+048  -1.0100886190161323E+045   1.5478136545974834E+036   1.7446798372619947E+023   227091678.16098890        1.0482379842239876E-007   1.8295586734479513E-022   4.4701049825585511E-036   5.9262740578795403E-050  -2.4825245759182474E-058  -1.7523290959803938E-067   2.5247948657292047E-076   2.8844666301108362E-083   1.2862440468853165E-090
  -4.0885451401901582E+039  -7.1963342614385401E+048  -9.7884509246204301E+044   1.4859942947396147E+036   1.6590102321363533E+023   213857572.40676725        9.7755813656917886E-008   1.6895711322628098E-022   4.0879415043524670E-036   5.3672504154291759E-050  -2.2269271578684115E-058  -1.5579247113423395E-067   2.2009547259401225E-076   2.5070118164900049E-083   1.1075188286377237E-090
  -4.0345586656552679E+039  -7.0386696344228694E+048  -9.4856929522567177E+044   1.4266439231323212E+036   1.5775474458179745E+023   201394733.05755764        9.1164407568309664E-008   1.5602939997575365E-022   3.7384453454089915E-036   4.8609456774057212E-050  -1.9976351553737348E-058  -1.3850690721287478E-067   1.9186154805714467E-076   2.1789593789557986E-083   9.5362948976176147E-091
  -3.9812818430784358E+039  -6.8844609310250500E+048  -9.1923119213381928E+044   1.3696639357571781E+036   1.5000848929356127E+023   189658209.79646349        8.5017445324389477E-008   1.4409078837048059E-022   3.4188245831489206E-036   4.4023895627833063E-050  -1.7919424487654758E-058  -1.2313758291878505E-067   1.6724630101684514E-076   1.8938421258679979E-083   8.2112455146794801E-091
  -3.9287052931458997E+039  -6.7336323287922168E+048  -8.9080168301288085E+044   1.3149596662657727E+036   1.4264261334625344E+023   178605672.18851951        7.9284958891632003E-008   1.3306560736888433E-022   3.1265258621551496E-036   3.9870802409486762E-050  -1.6074211767165320E-058  -1.0947226367211783E-067   1.4578631419456982E-076   1.6460396448800161E-083   7.0703222815751015E-091
  -3.8768197598923751E+039  -6.5861096710621291E+048  -8.6325257345325915E+044   1.2624402287500002E+036   1.3563843744541417E+023   168197256.97569561        7.3939000931805551E-008   1.2288397465426707E-022   2.8592140131348249E-036   3.6109401946612066E-050  -1.4418931383653518E-058  -9.7322197719351268E-068   1.2707747119860133E-076   1.4306674077021838E-083   6.0879375360919224E-091
  -3.8256161090681927E+039  -6.4418204302797338E+048  -8.3655654649381566E+044   1.2120183667893569E+036   1.2897819962579351E+023   158395424.27310815        6.8953508550013312E-008   1.1348135384821024E-022   2.6147534126463934E-036   3.2702762400835323E-050  -1.2934041330046037E-058  -8.6519520658514530E-068   1.1076737358388023E-076   1.2434804008384626E-083   5.2420597506196329E-091
  -3.7750853265279280E+039  -6.3006936721244768E+048  -8.1068713519713982E+044   1.1636103085247084E+036   1.2264501019937732E+023   149164822.14755625        6.4304176229895999E-008   1.0479814558946027E-022   2.3911909349498094E-036   2.9617433124990674E-050  -1.1602009357623374E-058  -7.6914946498183023E-068   9.6548726904658421E-077   1.0807893791651664E-083   4.5137192681998857E-091
  -3.7252185166402142E+039  -6.1626600204303483E+048  -7.8561869608735094E+044   1.1171356275180016E+036   1.1662280891614305E+023   140472159.08974779        5.9968337336536026E-008   9.6779309888518252E-023   2.1867403600267987E-036   2.6823116631654729E-050  -1.0407106386437880E-058  -6.8375713657809408E-068   8.4153572015064872E-077   9.3938808861365028E-084   3.8865827412374506E-091
  -3.6760069007184829E+039  -6.0276516228810604E+048  -7.6132638342306288E+044   1.0725171091669912E+036   1.1089632422886037E+023   132286083.92006792        5.5924853609371069E-008   8.9374017366169582E-023   1.9997681134239481E-036   2.4292371461212153E-050  -9.3352211407012469E-059  -6.0783757795432587E-068   7.3348253666008308E-077   8.1649002092383094E-084   3.3465867224459485E-091
  -3.6274418154723473E+039  -5.8956021174630932E+048  -7.3778612427901809E+044   1.0296806224532571E+036   1.0545103455859036E+023   124577072.69456644        5.2154012106375058E-008   8.2535327167067266E-023   1.8287802241867942E-036   2.2000343039914520E-050  -8.3736938297132242E-059  -5.4034086444865261E-068   6.3929032225643907E-077   7.0967345173724977E-084   2.8816221853237725E-091
  -3.5795147114793447E+039  -5.7664465996598058E+048  -7.1497459441074903E+044   9.8855499681064148E+035   1.0027313146261328E+023   117317322.20310193        4.8637429097089975E-008   7.6219889508382071E-023   1.6724103968625592E-036   1.9924519892247936E-050  -7.5111669185570957E-059  -4.8033333200074245E-068   5.5718256371725765E-077   6.1683367692077942E-084   2.4812628945799499E-091
  -3.5322171516767878E+039  -5.6401215903701215E+048  -6.9286919487744774E+044   9.4907190390972707E+035   9.5349484611341921E+022   110480649.67536889        4.5357960435967245E-008   7.0387670979517870E-023   1.5294091024299996E-036   1.8044512820013556E-050  -6.7374512335045879E-059  -4.2698471637010506E-068   4.8561025091659933E-077   5.3614150419025213E-084   2.1365315311230656E-091
  -3.4855408098734421E+039  -5.5165650045357177E+048  -6.7144802939902377E+044   9.1116574416212805E+035   9.0667608485367959E+022   104042398.33293656        4.2299617979068928E-008   6.5001700852951673E-023   1.3986336011376965E-036   1.6341854885272432E-050  -6.0434058272041552E-059  -3.7955671345897270E-068   4.2322276475505557E-077   4.6600718064834282E-084   1.8396983235872445E-091
  -3.4394774692807751E+039  -5.3957161204609672E+048  -6.5068988242409602E+044   8.7477353775619845E+035   8.6215630708152946E+022   97979348.446522087        3.9447491636641143E-008   6.0027836799304764E-023   1.2790388176616829E-036   1.4799820237907034E-050  -5.4208301903817969E-059  -3.3739280389574521E-068   3.6884248769171490E-077   4.0504904420545432E-084   1.5841076679230473E-091
  -3.3940190210635178E+039  -5.2775155498102573E+048  -6.3057419788641205E+044   8.3983482004328114E+035   8.1982261934025588E+022   92269633.577588245        3.6787676681546778E-008   5.5434548522626095E-023   1.1696689957887398E-036   1.3403260012994831E-050  -4.8623675418565109E-059  -2.9990920232310370E-068   3.2144266118498193E-077   3.5206628013838267E-084   1.3640288447078341E-091
  -3.3491574629092778E+039  -5.1619052082676600E+048  -6.1108105862791077E+044   8.0629154110083296E+035   7.7956767215093182E+022   86892661.702062100        3.4307205959167814E-008   5.1192717945350477E-023   1.0696500660470863E-036   1.2138453690276487E-050  -4.3614180588629263E-059  -2.6658680722011669E-068   2.8012807509703763E-077   3.0601524510319788E-084   1.1745274846318761E-091
  -3.3048848976169592E+039  -5.0488282868442294E+048  -5.9219116646733758E+044   7.7408796930569622E+035   7.4128938774428010E+022   81829040.931588903        3.1993986668282437E-008   4.7275454677197411E-023   9.7818266539106687E-037   1.0992974459364958E-050  -3.9120610265073786E-059  -2.3696404077912633E-068   2.4411822711151817E-077   2.6598889135830128E-084   1.0113548982346035E-091
  -3.2611935317037317E+039  -4.9382292238185862E+048  -5.7388582289400051E+044   7.4317059875743885E+035   7.0489070116456796E+022   77060509.564324707        2.9836741404706351E-008   4.3657925599068795E-023   8.9453575324602554E-037   9.9555672714607282E-051  -3.5089849900300453E-059  -2.1063048054207567E-068   2.1273263644462257E-077   2.3119888516322490E-084   8.7085278685294793E-092
  -3.2180756740303115E+039  -4.8300536772967137E+048  -5.5614691036690504E+044   7.1348806039806973E+035   6.7027931408874330E+022   72569870.212894738        2.7824953180269268E-008   4.0317197482393819E-023   8.1804077297530166E-037   9.0160383825529514E-051  -3.1474250876338435E-059  -1.8722119534298217E-068   1.8537803645921583E-077   2.0096006650810274E-084   7.4987119690035073E-092
  -3.1755237344443023E+039  -4.7242484983772398E+048  -5.3895687420013915E+044   6.8499103668057560E+035   6.3736746073628955E+022   68340927.771855712        2.5948814149077944E-008   3.7232091646925697E-023   7.4808631218104572E-037   8.1651553056098313E-051  -2.8231068260738131E-059  -1.6641170775103728E-068   1.6153720597242608E-077   1.7467694354898002E-084   6.4569787676903889E-092
  -3.1335302224413682E+039  -4.6207617049087828E+048  -5.2229870501599092E+044   6.5763217964460674E+035   6.0607168527594749E+022   64358431.000855416        2.4199177791090743E-008   3.4383049736238554E-023   6.8411321922897235E-037   7.3945561911944548E-051  -2.5321956369687792E-059  -1.4791351379366638E-068   1.4075922973660857E-077   1.5183195528856038E-084   5.5599745151047259E-092
  -3.0920877458439861E+039  -4.5195424558262151E+048  -5.0615592174786956E+044   6.3136603226329928E+035   5.7631263016462173E+022   60608017.512728624        2.2567514319883863E-008   3.1752009760586756E-023   6.2561013702595768E-037   6.6966677482804289E-051  -2.2712516197888959E-059  -1.3147009837775864E-068   1.2265100534446900E-077   1.3197527094422644E-084   4.7875905074293985E-092
  -3.0511890094975613E+039  -4.4205410260530363E+048  -4.9051255517567899E+044   6.0614895293064533E+035   5.4801483488152995E+022   57076161.968055263        2.1045869097207949E-008   2.9322291621818927E-023   5.7210941840751050E-037   6.0646309006881286E-051  -2.0371889384857530E-059  -1.1685339162425964E-068   1.0686983716162243E-077   1.1471592477478737E-084   4.1225121490592255E-092
  -3.0108268139836678E+039  -4.3237087819572761E+048  -4.7535313197683861E+044   5.8193904296403636E+035   5.2110654454702507E+022   53750127.289276190        1.9626823851592467E-008   2.7078491395096271E-023   5.2318339053612674E-037   5.4922334503347226E-051  -1.8272393934819912E-059  -1.0386061737906406E-068   9.3116978260159198E-078   9.9714111493604065E-085   3.5498306828547635E-092
  -2.9709940543501805E+039  -4.2289981573486859E+048  -4.6066265927668974E+044   5.5869607700160750E+035   4.9551952794059685E+022   50617918.718357019        1.8303460511925815E-008   2.5006383697630084E-023   4.7844093849563293E-037   4.9738490871303689E-051  -1.6389197398672359E-059  -9.2311490544125032E-069   8.1131999095505927E-078   8.6674490299179638E-085   3.0567088783885670E-092
  -2.9316837188580863E+039  -4.1363626300052069E+048  -4.4642660968253770E+044   5.3638143617881477E+035   4.7118890445641183E+022   47668240.552251056        1.7069327479687636E-008   2.3092831525877269E-023   4.3752438081300162E-037   4.5043821475302596E-051  -1.4700023667332108E-059  -8.2045724660320651E-069   7.0687877168062358E-078   7.5340365457398299E-085   2.6320931790582010E-092
  -2.8928888877447479E+039  -4.0457566987169981E+048  -4.3263090678608594E+044   5.1495804397329053E+035   4.4805297955741964E+022   44890455.400074199        1.5918408175398906E-008   2.1325702989939484E-023   4.0010661196808602E-037   4.0792175800757449E-051  -1.3184889921406886E-059  -7.2920815433225104E-069   6.1586715430468468E-078   6.5488628665478955E-085   2.2664658512548970E-092
  -2.8546027320033967E+039  -3.9571358608365567E+048  -4.1926191111950042E+044   4.9439030461145052E+035   4.2605308831061921E+022   42274545.815003298        1.4845091705942831E-008   1.9693794417601346E-023   3.6588848908182228E-037   3.6941756272782291E-051  -1.1825870637088147E-059  -6.4810069682675849E-069   5.3656008993647691E-078   5.6925363457982955E-085   1.9516315762071595E-092
  -2.8168185121786455E+039  -3.8704565903237180E+048  -4.0630640655081581E+044   4.7464404393457671E+035   4.0513344660658050E+022   39811078.162477903        1.3844145509749440E-008   1.8186759340791364E-023   3.3459644192166502E-037   3.3454707794162569E-051  -1.0606885866701843E-059  -5.7600852568669727E-069   4.6745389970481298E-078   4.9482024976717831E-085   1.6805336978056240E-092
  -2.7795295771778101E+039  -3.7856763162745773E+048  -3.9375158710484629E+044   4.5568645262618335E+035   3.8524100968580892E+022   37491168.594354369        1.2910689846479377E-008   1.6795042914512626E-023   3.0598028714487714E-037   3.0296745976810760E-051  -9.5135112981687956E-060  -5.1193028945724790E-069   4.0723789267452664E-078   4.3012119777047184E-085   1.4470960049999920E-092
  -2.7427293630978204E+039  -3.7027534019236300E+048  -3.8158504419620467E+044   4.3748603170639392E+035   3.6632533761308322E+022   35306451.006259315        1.2040174006834927E-008   1.5509821352703704E-023   2.7981122932999463E-037   2.7436820420287620E-051  -8.5328078540920818E-060  -4.5497577366409398E-069   3.5476961959678290E-078   3.7388320207088408E-085   1.2460865001707458E-092
  -2.7064113920675227E+039  -3.6216471241086293E+048  -3.6979475426146149E+044   4.2001254020281558E+035   3.4833846735851821E+022   33249046.862545274        1.1228354126512499E-008   1.4322945997272075E-023   2.5588003283731728E-037   2.4846809734486134E-051  -7.6531688213139446E-060  -4.0435357628751814E-069   3.0905329709809510E-078   3.2499956468321323E-085   1.0730000980721599E-092
  -2.6705692711051632E+039  -3.5423176531879423E+048  -3.5836906677788378E+044   4.0323694491101561E+035   3.3123479116087105E+022   31311536.779989559        1.0471272496131393E-008   1.3226891665893804E-023   2.3399534990251855E-037   2.2501245314742492E-051  -6.8641827082731529E-060  -3.5936014874173013E-069   2.6922099644063527E-078   2.8250836915487041E-085   9.2395762458620360E-093
  -2.6351966909908541E+039  -3.4647260334003802E+048  -3.4729669265659489E+044   3.8713137216117003E+035   3.1497094086454195E+022   29486933.767723050        9.7652382662672205E-009   1.2214708951279971E-023   2.1398219161429153E-037   2.0377061159500838E-051  -6.1565102127720392E-060  -3.1937005121328292E-069   2.3451624290535718E-078   2.4557353627396713E-085   7.9561885014815120E-093
  -2.6002874251538210E+039  -3.3888341636577122E+048  -3.3656669299838283E+044   3.7166906151078323E+035   2.9950567793687955E+022   27768658.026851047        9.1068094535197657E-009   1.1279980169644037E-023   1.9568052956728858E-037   1.8453367275975703E-051  -5.5217738490078485E-060  -2.8382728792515113E-069   2.0427971713150612E-078   2.1346835906194420E-085   6.8510760750826538E-093
  -2.5658353285742353E+039  -3.3146047787602860E+048  -3.2616846820075521E+044   3.5682432128658098E+035   2.8479978888680861E+022   26150513.218855832        8.4927761598882305E-009   1.0416778679223681E-023   1.7894401702456466E-037   1.6711244450526108E-051  -4.9524589318897496E-060  -2.5223760275987424E-069   1.7793678923910957E-078   1.8556119251781069E-085   5.8994731454350670E-093
  -2.5318343366994372E+039  -3.2420014310264020E+048  -3.1609174740520402E+044   3.4257248590174012E+035   2.7081598581950311E+022   24626664.117169630        7.9201449236420269E-009   9.6196313110617904E-024   1.6363881937761152E-037   1.5133558369943096E-051  -4.4418247505043084E-060  -2.2416162889973231E-069   1.5498665100462594E-078   1.6130301607012650E-085   5.0800545621058486E-093
  -2.4982784643743589E+039  -3.1709884723262873E+048  -3.0632657827399031E+044   3.2888987487757406E+035   2.5751881187485500E+022   23191615.561297223        7.3861241253917248E-009   8.8834836739695327E-024   1.4964254456447852E-037   1.3704791269608079E-051  -3.9838248826821040E-060  -1.9920879790541557E-069   1.3499284139925524E-078   1.4021662361797961E-085   4.3744578067315950E-093
  -2.4651618047859574E+039  -3.1015310365117114E+048  -2.9686331708610002E+044   3.1575375350161611E+035   2.4487455130987975E+022   21840192.637566604        6.8881103782092823E-009   8.2036681138047056E-024   1.3684326490437085E-037   1.2410889456361184E-051  -3.5730357103685625E-060  -1.7703192411830142E-069   1.1757498699726594E-078   1.2188722813212337E-085   3.7668713765003946E-093
  -2.4324785284214719E+039  -3.0335950222325095E+048  -2.8769261914234856E+044   3.0314229505676437E+035   2.3285114399698073E+022   20567522.015011754        6.4236758354442692E-009   7.5758741240161197E-024   1.2513862253686261E-037   1.1239125209609447E-051  -3.2045922921802064E-060  -1.5732238957871469E-069   1.0240160160899010E-078   1.0595429567543603E-085   3.2436803599958237E-093
  -2.4002228820403186E+039  -2.9671470761314504E+048  -2.7880542946992857E+044   2.9103454455875670E+035   2.2141810412119688E+022   19369014.369059097        5.9905563543569089E-009   6.9961210199359950E-024   1.1443501132127536E-037   1.0177971705229063E-051  -2.8741308362705509E-060  -1.3980586293107727E-069   8.9183809418107374E-079   9.2104447938262815E-086   2.7931612582028679E-093
  -2.3683891876594458E+039  -2.9021545764090861E+048  -2.7019297381700482E+044   2.7941038394175073E+035   2.1054644287020919E+022   18240347.829613592        5.5866404578611889E-009   6.4607327036458767E-024   1.0464682866218005E-037   9.2169897345548645E-052  -2.5777370944581854E-060  -1.2423849315021587E-069   7.7669873279003019E-079   8.0065293447228381E-086   2.4052192078641704E-093
  -2.3369718415519649E+039  -2.8385856167503975E+048  -2.6184674992825442E+044   2.6825049863418672E+035   2.0020859492101236E+022   17177452.393836435        5.2099590405624228E-009   5.9663143594879645E-024   9.5695791285245691E-038   8.3467251064549998E-052  -2.3119000683989056E-060  -1.1040352547234984E-069   6.7640424983163072E-079   6.9600065911354486E-086   2.0711617152798528E-093
  -2.3059653132588840E+039  -2.7764089906052590E+048  -2.5375851909254121E+044   2.5753634546942048E+035   1.9037834853678710E+022   16176495.247386437        4.8586757689022953E-009   5.5097309325270593E-024   8.7510309498238183E-038   7.5586157252925893E-052  -2.0734704812357618E-060  -9.8108292739329254E-070   5.8904307517955870E-079   6.0502964077930626E-086   1.7835038273976292E-093
  -2.2753641446137659E+039  -2.7155941758148782E+048  -2.4592029795418919E+044   2.4725012187782923E+035   1.8103077909666850E+022   15233866.941174861        4.5310781286085347E-009   5.0880872535659635E-024   8.0024914938935048E-038   6.8449074325058050E-052  -1.8596235243728661E-060  -8.7181540545529048E-070   5.1294950864624946E-079   5.2595101296411572E-086   1.5358003720090768E-093
  -2.2451629487801432E+039  -2.6561113195765863E+048  -2.3832435057959165E+044   2.3737473630922089E+035   1.7214218588981360E+022   14346168.373769714        4.2255690758021944E-009   4.6987096847507271E-024   7.3179737238796658E-038   6.1985777855230491E-052  -1.6678254394524351E-060  -7.7471049184592817E-070   4.4667212931101429E-079   4.5720985004390387E-086   1.3225015058667886E-093
  -2.2153564093015131E+039  -2.5979312237394889E+048  -2.3096318077115299E+044   2.2789377983642058E+035   1.6369003201345169E+022   13510198.532492116        3.9406592510585845E-009   4.3391291694376533E-024   6.6920025421824760E-038   5.6132670256134435E-052  -1.4958035408634555E-060  -6.8841519491275455E-070   3.8894625977915022E-079   3.9745456792437624E-086   1.1388283321818490E-093
  -2.1859392791637515E+039  -2.5410253304236755E+048  -2.2382952462081200E+044   2.1879149889286903E+035   1.5565288722247539E+022   12722942.948984366        3.6749597184625429E-009   4.0070655788925143E-024   6.1195710215261262E-038   5.0832155568174865E-052  -1.3415193247073246E-060  -6.1172693318284071E-070   3.3866996536530106E-079   3.4551032780276927E-086   9.8066579897507292E-094
  -2.1569063798697718E+039  -2.4853657079558431E+048  -2.1691634329564165E+044   2.1005276909895057E+035   1.4801037358561768E+022   11981562.827606907        3.4271751942582609E-009   3.7004132566103531E-024   5.5961003775486223E-038   4.6032073220000504E-052  -1.2031443465688183E-060  -5.4357682629370367E-070   2.9488313482317274E-079   3.0035591924385959E-086   8.4447047723286051E-094
  -2.1282526005262756E+039  -2.4309250371143348E+048  -2.1021681604825597E+044   2.0166307013357738E+035   1.4074311381037894E+022   11283384.807448616        3.1960977320808814E-009   3.4172276686335646E-024   5.1174033631267483E-038   4.1685185199438123E-052  -1.0790385831187336E-060  -4.8301484072565389E-070   2.5674924734218197E-079   2.6110366732221414E-086   7.2719115145041602E-094
  -2.0999728969424248E+039  -2.3776765976767706E+048  -2.0372433344498533E+044   1.9360846160928959E+035   1.3383268210563841E+022   10625891.321020680        2.9806008339830719E-009   3.1557130752548229E-024   4.6796507919781776E-038   3.7748711598231039E-052  -9.6773102189237480E-061  -4.2919658461024845E-070   2.2353948119103333E-079   2.2698196816055431E-086   6.2620044241461992E-094
  -2.0720622907402775E+039  -2.3255942552635820E+048  -1.9743249080500109E+044   1.8587555991080120E+035   1.2726155745732101E+022   10006711.514856834        2.7796339585457289E-009   2.9142111459641421E-024   4.2793409240746710E-038   3.4183909968797734E-052  -8.6790224989107893E-061  -3.8137156868747849E-070   1.9461886356036983E-079   1.9732010897357123E-086   5.3923592942915579E-094
  -2.0445158684768341E+039  -2.2746524484709209E+048  -1.9133508184378881E+044   1.7845151595851793E+035   1.2101307919861270E+022   9423612.6992697958        2.5922173992978862E-009   2.6911904454769905E-024   3.9132714682570982E-038   3.0955694361294014E-052  -7.7836883525204936E-061  -3.3887277075825427E-070   1.6943419967162722E-079   1.7153507372855485E-086   4.6434945216316610E-094
  -2.0173287807775339E+039  -2.2248261762865516E+048  -1.8542609251457393E+044   1.7132399386009136E+035   1.1507140476203614E+022   8874492.2964227181        2.4174375084763289E-009   2.4852367242007959E-024   3.5785139783468748E-038   2.8032290298796863E-052  -6.9806931740293392E-061  -3.0110735900783289E-070   1.4750355280100531E-079   1.4912007464605821E-086   3.9986345568838982E-094
  -1.9904962414810533E+039  -2.1760909857824803E+048  -1.7969969504150782E+044   1.6448115041454858E+035   1.0942146950623486E+022   8357370.2576720072        2.2544422428390658E-009   2.2950439515953043E-024   3.2723904381662589E-038   2.5384922301249162E-052  -6.2605164011130438E-061  -2.6754844560836450E-070   1.2840707614742628E-079   1.2963458375660866E-086   3.4433340017113787E-094
  -1.9640135267952471E+039  -2.1284229600782121E+048  -1.7415024213861559E+044   1.5791161543495013E+035   1.0404894851557518E+022   7870381.9228308117        2.1024370098169707E-009   2.1194060355904278E-024   2.9924518483642640E-038   2.2987530888370469E-052  -5.6146187887933010E-061  -2.3772775626559346E-070   1.1177902300211386E-079   1.1269566827332864E-086   2.9651539264578647E-094
  -1.9378759744640926E+039  -2.0817987065686635E+048  -1.6877226140869674E+044   1.5160447285689158E+035   9.8940220275680524E+021   7411771.2955966052        1.9606807937521557E-009   1.9572091755732397E-024   2.7364586439353833E-038   2.0816516281184129E-052  -5.0353412942130646E-061  -2.1122911405241269E-070   9.7300783935199857E-080   9.7970459217624309E-087   2.5533831536472977E-094
  -1.9120789829454854E+039  -2.0361953454108912E+048  -1.6356044991655235E+044   1.4554924260146660E+035   9.4082332132770201E+021   6979884.7108875681        1.8284825433371909E-009   1.8074248004712066E-024   2.5023627859423591E-038   1.8850506283972574E-052  -4.5158143767652068E-061  -1.8768264714517506E-070   8.4694819120319917E-080   8.5169605051979055E-087   2.1987982602122833E-094
  -1.8866180105997341E+039  -1.9915904982639226E+048  -1.5850966893108938E+044   1.3973586316256361E+035   8.9462967449200309E+021   6573164.8712462094        1.7051978026427217E-009   1.6691030471670116E-024   2.2882913843287319E-038   1.7070146065922188E-052  -4.0498766411389224E-061  -1.6675964010285894E-070   7.3719370836704046E-080   7.4041581470213133E-087   1.8934569193677130E-094
  -1.8614885748886249E+039  -1.9479622772761058E+048  -1.5361493883102420E+044   1.3415467488957083E+035   8.5070414371905843E+021   6190145.2308000177        1.5902255693086498E-009   1.5413667379049383E-024   2.0925317209385195E-038   1.5457907776785161E-052  -3.6320018612298650E-061  -1.4816795724261477E-070   6.4163855938269817E-080   6.4367745353623473E-087   1.6305199503974209E-094
  -1.8366862515849026E+039  -1.9052892743145172E+048  -1.4887143416907351E+044   1.2879640393771902E+035   8.0893536134535232E+021   5829444.7065226454        1.4830053645815320E-009   1.4234058185114119E-024   1.9135175530467886E-038   1.3997918125677554E-052  -3.2572335218852871E-061  -1.3164797459084653E-070   5.5844850938416042E-080   5.5958035553429591E-087   1.4040980881317430E-094
  -1.8122066739920302E+039  -1.8635505504310874E+048  -1.4427447888968150E+044   1.2365214685940125E+035   7.6921742817957994E+021   5489762.6977198236        1.3830145009136987E-009   1.3144722221730103E-024   1.7498165879353973E-038   1.2675802228561064E-052  -2.9211261042922266E-061  -1.1696896393617806E-070   4.8602593569772467E-080   4.8647235894659311E-087   1.2091200379915473E-094
  -1.7880455321740950E+039  -1.8227256255602204E+048  -1.3981954169548745E+044   1.1871335581087194E+035   7.3144964497525482E+021   5169874.3957760269        1.2897655338027781E-009   1.2138751262125282E-024   1.6001190284044220E-038   1.1478542189751411E-052  -2.6196924205128781E-061  -1.0392587877668304E-070   4.2297934451276291E-080   4.2291726864951137E-087   1.0412188595839168E-094
  -1.7641985721957200E+039  -1.7827944684428060E+048  -1.3550223155788894E+044   1.1397182434975092E+035   6.9553625708982436E+021   4868626.3672449253        1.2028038854485563E-009   1.1209765717946406E-024   1.4632270976665002E-038   1.0394349027526437E-052  -2.3493563741667754E-061  -9.2336497525133551E-071   3.6809681014775130E-080   3.6766662071818500E-087   8.9663413265398895E-095
  -1.7406615953718418E+039  -1.7437374867716245E+048  -1.3131829336720182E+044   1.0941967379973854E+035   6.6138621168271061E+021   4584932.3943526791        1.1217056286417779E-009   1.0351874187930841E-024   1.3380454598967708E-038   9.4125466849916430E-053  -2.1069105883977410E-061  -8.2038884289681540E-071   3.2032283270478523E-080   3.1963513913254081E-087   7.7212771293752858E-095
  -1.7174304575272355E+039  -1.7055355175532685E+048  -1.2726360371805903E+044   1.0504934015989097E+035   6.2891292683650623E+021   4317769.5579116708        1.0460754200806853E-009   9.5596361017570542E-025   1.2235724598678061E-038   8.5234669860864705E-053  -1.8894783998015030E-061  -7.2889131951757990E-071   2.7873817465021863E-080   2.7787940173881072E-087   6.6491119005084890E-095
  -1.6945010682656405E+039  -1.6681698176818000E+048  -1.2333416682582716E+044   1.0085356153670798E+035   5.9803407201578810E+021   4066174.5485166437        9.7554457303960856E-010   8.8280272222561378E-025   1.1188921116439960E-038   7.7183545041456733E-053  -1.6944797686063533E-061  -6.4759356178906913E-071   2.4254229329760180E-080   2.4157929575350345E-087   5.7258342182766872E-095
  -1.6718693902483684E+039  -1.6316220547194807E+048  -1.1952611056995293E+044   9.6825366078155113E+034   5.6867135930677529E+021   3829240.1927187042        9.0976925999331076E-010   8.1524077872849602E-025   1.0231667722955788E-038   6.9892804078222107E-053  -1.5196007017033686E-061  -5.7535912491887935E-071   2.1103803536635825E-080   2.1002189799765509E-087   4.9307674534652598E-095
  -1.6495314384822600E+039  -1.5958742978800020E+048  -1.1583568266027854E+044   9.2958060389575266E+034   5.4075034490839698E+021   3606112.1816480337        8.4842883643437876E-010   7.5284930892935285E-025   9.3563044206665752E-039   6.3290644373866016E-053  -1.3627658266610601E-061  -5.1117811600805380E-071   1.8361830267388295E-080   1.8258746276735009E-087   4.2461065935043395E-095
  -1.6274832796168689E+039  -1.5609090092097585E+048  -1.1225924692249068E+044   8.9245218412244807E+034   5.1420024037133989E+021   3395985.9902864490        7.9122427771180607E-010   6.9523263060712358E-025   8.5558263743783798E-039   5.7312042443085688E-053  -1.2221137921221437E-061  -4.5415310977057473E-071   1.5975443539933440E-080   1.5873724172189658E-087   3.6565194020206852E-095
  -1.6057210312507434E+039  -1.5267090349627911E+048  -1.0879327969898716E+044   8.5680670746098924E+034   4.8895373310636872E+021   3198103.9762786119        7.3787672126993514E-010   6.4202534104266022E-025   7.8238278810256065E-039   5.1898113993840485E-053  -1.0959752034073307E-061  -4.0348663074604157E-071   1.3898609194000835E-080   1.3800289622052146E-087   3.1488029769661122E-095
  -1.5842408612466871E+039  -1.4932575971651336E+048  -1.0543436636156210E+044   8.2258494398887283E+034   4.6494681570672084E+021   3011752.6478182818        6.8812610718079106E-010   5.9288999997333726E-025   7.1544511306330134E-039   4.6995534402044042E-053  -9.8285283213728051E-062  -3.5847002789274437E-071   1.2091243278110309E-080   1.1997729387198869E-087   2.7115880120257942E-095
  -1.5630389870558764E+039  -1.4605382853643900E+048  -1.0217919793242345E+044   7.8973002944730364E+034   4.4211862365173433E+021   2836260.0907558743        6.4172991034205090E-010   5.4751498984459253E-025   6.5423393488305351E-039   4.2556013881184252E-053  -8.8140386558320118E-062  -3.1847358678671342E-071   1.0518444055335903E-080   1.0430650829618385E-087   2.3350841350158320E-095
  -1.5421116750507138E+039  -1.4285350485604526E+048  -9.9024567810165542E+043   7.5818737075726691E+034   4.2041128098012358E+021   2670993.5456478777        5.9846195815979669E-010   5.0561253979259333E-025   5.9825939462945651E-039   3.8535822185938357E-053  -7.9042398558665028E-062  -2.8293774184447869E-071   9.1498230028178967E-081   9.0682864768749195E-088   2.0108606174727833E-095
  -1.5214552398663010E+039  -1.3972321873133761E+048  -9.5967368597425574E+043   7.2790455530913759E+034   3.9976975354153135E+021   2515357.1260095313        5.5811132795196871E-010   4.6691690083014759E-025   5.4707353325155082E-039   3.4895358175715415E-053  -7.0883308853490559E-062  -2.5136526627121418E-071   7.9589220604174737E-081   7.8838894995407735E-088   1.7316575422521286E-095
  -1.5010660437504136E+039  -1.3666143460244970E+048  -9.3004589027055089E+043   6.9883126387512579E+034   3.8014170945420515E+021   2368789.6695414628        5.2048131869709627E-010   4.3118266066648627E-025   5.0026670805802549E-039   3.1598760005004727E-053  -6.3566247729543863E-062  -2.2331433102328215E-071   6.9227060228139101E-081   6.8542082146803664E-088   1.4912231984545828E-095
  -1.4809404959218630E+039  -1.3366665053869825E+048  -9.0133310983736998E+043   6.7091918699987650E+034   3.6147738641492413E+021   2230762.7145806085        4.8538849211534527E-010   3.9818318747673258E-025   4.5746431564434925E-039   2.8613552106768358E-053  -5.7004337343096216E-062  -1.9839233615311920E-071   6.0211203977136235E-081   5.9590292829615367E-088   1.2841740606869310E-095
  -1.4610750519371313E+039  -1.3073739750020754E+048  -8.7350706618074446E+043   6.4412194473031414E+034   3.4372946552467919E+021   2100778.5944774193        4.5266177840693812E-010   3.6770919275433071E-025   4.1832379506575633E-039   2.5910325496807468E-053  -5.1119661364095162E-062  -1.7625042864223792E-071   5.2367062976933408E-081   5.1807806181398049E-088   1.1058742157102993E-095
  -1.4414662130651704E+039  -1.2787223861573814E+048  -8.4654035550271363E+043   6.1839500955137570E+034   3.2685295131013588E+021   1978368.6430266879        4.2214164228822489E-010   3.3956740413462822E-025   3.8253188729324406E-039   2.3462448254609482E-053  -4.5842340839109294E-062  -1.5657863037363211E-071   4.5542650180911484E-081   4.5041862021075627E-088   9.5233153527580701E-096
  -1.4221105256702478E+039  -1.2506976847636316E+048  -8.2040642160614233E+043   5.9369563239959866E+034   3.1080505763662413E+021   1863091.5044798937        3.9367930525965896E-010   3.1357933977497044E-025   3.4980212903843833E-039   2.1245803332861914E-053  -4.1109705326437535E-062  -1.3910150838036484E-071   3.9605658988234088E-081   3.9159660195408541E-088   8.2010826916194864E-096
  -1.4030045806027380E+039  -1.2232861244464219E+048  -7.9507952964052077E+043   5.6998277163164126E+034   2.9554509922333827E+021   1754531.5420441513        3.6713602031407199E-010   2.8958017652049030E-025   3.1987256090675155E-039   1.9238551116513206E-053  -3.6865549484509672E-062  -1.2357432705020288E-071   3.4440918919435197E-081   3.4045752135055390E-088   7.0624405551934441E-096
  -1.3841450125977448E+039  -1.1964742597895203E+048  -7.7053474066256460E+043   5.4721702482972632E+034   2.8103438848564040E+021   1652297.3391280945        3.4238239554931253E-010   2.6741770467934709E-025   2.9250363155167069E-039   1.7420914395609493E-053  -3.3059466306317064E-062  -1.0977962867142515E-071   2.9948179747746685E-081   2.9599773346664669E-088   6.0818962383789844E-096
  -1.3655284996814519E+039  -1.1702489397263988E+048  -7.4674788698624616E+043   5.2536056333070574E+034   2.6723613744287234E+021   1556020.2879295205        3.1929776338772872E-010   2.4695136278024439E-025   2.6747628106995585E-039   1.5774983636529980E-053  -2.9646249100036968E-062  -9.7524194665361599E-072   2.6040181741462061E-081   2.5734472271577885E-088   5.2374970541401024E-096
  -1.3471517625850962E+039  -1.1445973010767250E+048  -7.2369554829768820E+043   5.0437706936997383E+034   2.5411536444292360E+021   1465353.2602746529        2.9776959232732754E-010   2.2805134619212881E-025   2.4459018831052000E-039   1.4284540635846461E-053  -2.6585355129978821E-062  -8.6636345149486959E-072   2.2640975124993986E-081   2.2373996769132625E-088   4.5103387248021055E-096
  -1.3290115641664599E+039  -1.1195067622246189E+048  -7.0135502851111222E+043   4.8423167573579845E+034   2.4163880546702365E+021   1379969.3559155366        2.7769293835679420E-010   2.1059778395424518E-025   2.2366216808024986E-039   1.2934898821805755E-053  -2.3840424562106710E-062  -7.6963539184506321E-072   1.9684456617393099E-081   1.9452404547900139E-088   3.8841420478937294E-096
  -1.3111047088387771E+039  -1.0949650169355516E+048  -6.7970433334278423E+043   4.6489090783380740E+034   2.2977482978983876E+021   1299560.7237714431        2.5896993335992791E-010   1.9447997859717067E-025   2.0452470542848388E-039   1.1712758632153221E-053  -2.1378849013312765E-062  -6.8370242245180553E-072   1.7113095047048726E-081   1.6912368271151685E-088   3.3448883540121113E-096
  -1.2934280420069570E+039  -1.0709600283088310E+048  -6.5872214858061476E+043   4.4632262806537652E+034   2.1849335978100224E+021   1223837.4518632586        2.4150930801538428E-010   1.7959570413481008E-025   1.8702461528786783E-039   1.0606076545289332E-053  -1.9171384591073758E-062  -6.0736031175749610E-072   1.4876821648620999E-081   1.4704049890054113E-088   2.8805055912777889E-096
  -1.2759784495110207E+039  -1.0474800228626876E+048  -6.3838781902777618E+043   4.2849598242750467E+034   2.0776579464470722E+021   1152526.5219375733        2.2522594686578808E-010   1.6585055777614112E-025   1.7102181675160912E-039   9.6039464760365581E-054  -1.7191804837065562E-062  -5.3953910198379979E-072   1.2932063791408431E-081   1.2784122084851675E-088   2.4805980050861777E-096
  -1.2587528570766569E+039  -1.0245134847490373E+048  -6.1868132809936432E+043   4.1138134924545519E+034   1.9756493790398062E+021   1085370.8250104983        2.1004047338711351E-010   1.5315736124608488E-025   1.5638821218376752E-039   8.6964923689097913E-054  -1.5416589460967894E-062  -4.7928814483012095E-072   1.1240903626998086E-081   1.1114917586047211E-088   2.1362133584649592E-096
  -1.2417482297727946E+039  -1.0020491500950651E+048  -5.9958327805180055E+043   3.9495028995298423E+034   1.8786492844575147E+021   1022128.2342809708        1.9587886303548845E-010   1.4143560791940621E-025   1.4300666219746914E-039   7.8747709319251559E-054  -1.3824645174655963E-062  -4.2576280400145252E-072   9.7703455301787402E-082   9.6636896612424296E-089   1.8396424792973428E-096
  -1.2249615714761007E+039  -9.8007600146883691E+047  -5.8107487082529150E+043   3.7917550183837896E+034   1.7864117495185890E+021   962570.73207018652        1.8267208238497560E-010   1.3061095226201212E-025   1.3077004830251506E-039   7.1306835537319232E-054  -1.2397055317260536E-062  -3.7821263900768330E-072   8.4916782860440000E-082   8.4019692382818769E-089   1.5842466448127656E-096
  -1.2083899243423061E+039  -9.5858326246620247E+047  -5.6313788948028729E+043   3.6403077267779472E+034   1.6987029354973102E+021   906483.58763867745        1.7035575259708360E-010   1.2061473834225586E-025   1.1958041572490053E-039   6.4568965371902312E-054  -1.1116855302682105E-062  -3.3597090532094550E-072   7.3799197874742379E-082   7.3050060346486539E-089   1.3643089373053277E-096
  -1.1920303682842659E+039  -9.3756039241632142E+047  -5.4575468020946714E+043   3.4949093718051484E+034   1.6153004852463078E+021   853664.58291602647        1.5886983558138268E-010   1.1138356442257037E-025   1.0934818954186742E-039   5.8467688643315627E-054  -9.9688312271036573E-063  -2.9844522432673553E-072   6.4133335851915243E-082   6.3512827140407875E-089   1.1749062419877692E-096
  -1.1758800204566626E+039  -9.1699708120319561E+047  -5.2890813490736424E+043   3.3553183517376721E+034   1.5359929594312977E+021   803923.28335101740        1.4815834131722552E-010   1.0285888087051810E-025   9.9991457862407098E-040   5.2942867817332887E-054  -8.9393392484800399E-063  -2.6510929281339476E-072   5.5730080073344339E-082   5.5220925261877155E-089   1.0117990202560999E-096
  -1.1599360347472606E+039  -8.9688324420065554E+047  -5.1258167428029318E+043   3.2213027145762287E+034   1.4605793004485314E+021   757080.35125274595        1.3816905490973684E-010   9.4986618839601631E-026   9.1435316319296256E-040   4.7940045624414609E-054  -8.0161435961370161E-063  -2.3549551623977692E-072   4.8424897631491118E-082   4.8011721334718920E-089   8.7133638978660301E-097
  -1.1441956012746215E+039  -8.7720901731829301E+047  -4.9675923147978877E+043   3.0926397726327467E+034   1.3888683226655917E+021   712966.89914645767        1.2885328204944534E-010   8.7716847365276226E-026   8.3611268629071905E-040   4.3409908613468800E-054  -7.1882712894029028E-063  -2.0918846290412251E-072   4.2074649887277473E-082   4.1743824123348782E-089   7.5037438573339901E-097
  -1.1286559458921928E+039  -8.5796475215590625E+047  -4.8142523624328698E+043   2.9691157325065875E+034   1.3206782276929297E+021   671423.88081219629        1.2016561163465217E-010   8.1003456701771343E-026   7.6456678424751852E-040   3.9307801359557713E-054  -6.4458818422330300E-063  -1.8581904758744904E-072   3.6554816016050070E-082   3.6294309600956848E-089   6.4620557252241785E-097
  -1.1133143296986789E+039  -8.3914101126405630E+047  -4.6656459952628602E+043   2.8505253398393988E+034   1.2558361434570057E+021   632301.51781024213        1.1206369439930270E-010   7.4803865891711111E-026   6.9914267976167039E-040   3.5593286543390112E-054  -5.7801504084159838E-063  -1.6505936342142415E-072   3.1757076227535506E-082   3.1556308572279106E-089   5.5649842996074869E-097
  -1.0981680485546125E+039  -8.2072856350840144E+047  -4.5216269861071724E+043   2.7366715382583502E+034   1.1941776859062631E+021   595458.75942530471        1.0450803646715662E-010   6.9078752714174313E-026   6.3931659787771185E-040   3.2229746571829716E-054  -5.1831629812731203E-063  -1.4661808977528212E-072   2.7587208141828562E-082   2.7436909474434801E-089   4.7924515629448263E-097
  -1.0832144326050365E+039  -8.0271837953552267E+047  -4.3820536267473081E+043   2.6273651419410845E+034   1.1355465422385566E+021   560762.77408195427        9.7461806825821543E-011   6.3791804298729412E-026   5.8460957406727197E-040   2.9184022817442356E-054  -4.6478224046654142E-063  -1.3023641199472846E-072   2.3963255810831684E-082   2.3855335171198558E-089   4.1271671935766505E-097
  -1.0684508458082119E+039  -7.8510162733800022E+047  -4.2467885880956339E+043   2.5224245212583384E+034   1.0797940745932324E+021   528088.47039727564        9.0890657782075430E-011   5.8909486824017416E-026   5.3458362087681304E-040   2.6426088925318121E-054  -4.1677640802956336E-063  -1.1568439596981739E-072   2.0813936107203042E-082   2.0741357938580994E-089   3.5542414928294341E-097
  -1.0538746854702751E+039  -7.6786966791655673E+047  -4.1156987846960079E+043   2.4216753009719256E+034   1.0267789432029520E+021   497318.04614360881        8.4762557523189963E-011   5.4400832840466136E-026   4.8883822247431047E-040   2.3928754970678648E-054  -3.7372803712570670E-063  -1.0275776685791931E-072   1.8077251760560026E-082   1.8033921518529517E-089   3.0608520602744488E-097
  -1.0394833817857496E+039  -7.5101405103712595E+047  -3.9886552434218167E+043   2.3249500704866181E+034   9.7636674804970475E+020   468340.56349490024        7.9047633967985298E-011   5.0237244868471437E-026   4.4700712904964907E-040   2.1667399554411726E-054  -3.3512528048934478E-063  -9.1275046930517701E-073   1.5699284290374922E-082   1.5679943184913816E-089   2.6359567533669496E-097
  -1.0252743973838443E+039  -7.3452651108075478E+047  -3.8655329762410739E+043   2.2320881056745036E+034   9.2842968811636982E+020   441051.54902496835        7.3718029146385660E-011   4.6392314026581418E-026   4.0875542542196745E-040   1.9619727198650493E-054  -3.0050912705194738E-063  -8.1075012527249630E-073   1.3633143542450961E-082   1.3633272301681269E-089   2.2700465042142921E-097
  -1.0112452268804478E+039  -7.1839896298429122E+047  -3.7462108569222726E+043   2.1429351018096143E+034   8.8284623736981710E+020   415352.61701525771        6.8747763397573236E-011   4.2841652539523785E-026   3.7377685040053520E-040   1.7765548653536822E-054  -2.6946794905026411E-063  -7.2014434557172873E-073   1.1838053547091731E-082   1.1853784926656667E-089   1.9549324587882363E-097
  -9.9739339643574522E+038  -7.0262349826985861E+047  -3.6305715015586611E+043   2.0573429171690913E+034   8.3950083665395581E+020   391151.11471371318        6.4112608724704805E-011   3.9562739063928343E-026   3.4179134545155344E-040   1.6086581951827265E-054  -2.4163261176073376E-063  -6.3966070947778222E-073   1.0278557039590056E-082   1.0306596686330143E-089   1.6835626725035088E-097
  -9.8371646331737623E+038  -6.8719238116115567E+047  -3.5185011527923669E+043   1.9751693268748520E+034   7.9828360071149335E+020   368359.78826556919        5.9789970688794721E-011   3.6534775850873752E-026   3.1254281305754263E-040   1.4566272252232970E-054  -2.1667208782325528E-063  -5.6816882961946328E-073   8.9238232675748904E-083   8.9613784696410076E-090   1.4498642579481839E-097
  -9.7021201546905820E+038  -6.7209804478467069E+047  -3.4098895676235270E+043   1.8962777865667666E+034   7.5909003959152358E+020   346896.46811139764        5.5758778265997564E-011   3.3738556839445848E-026   2.8579706683340670E-040   1.3189628697340367E-054  -1.9428952410255643E-063  -5.0466450430915426E-073   7.7470456987247886E-083   7.7917615078709088E-090   1.2486074504969209E-097
  -9.5687767108459853E+038  -6.5733308745393433E+047  -3.3046299086931286E+043   1.8205372055146666E+034   7.2182079373654583E+020   326683.77271796123        5.1999381131345876E-011   3.1156345844809323E-026   2.6133995699724069E-040   1.1943076679457490E-054  -1.7421871440345252E-063  -4.4825563730969640E-073   6.7249179744212956E-083   6.7748201629872672E-090   1.0752885483316414E-097
  -9.4371107818721733E+038  -6.4289026903498167E+047  -3.2026186389317521E+043   1.7478217287921946E+034   6.8638138207720715E+020   307648.82957353233        4.8493453868203318E-011   2.8771764068305601E-026   2.3897565619674765E-040   1.0814324059417877E-054  -1.5622093617090133E-063  -3.9814972801722899E-073   5.8371779632116378E-083   5.8906222726192519E-090   9.2602910602881295E-098
  -9.3070991421411139E+038  -6.2876250739123019E+047  -3.1037554194697346E+043   1.6780105281505659E+034   6.5268196249603801E+020   289723.01244159625        4.5223906636457061E-011   2.6569686216202561E-026   2.1852509197496543E-040   9.7922400207428501E-055  -1.4008211362396729E-063  -3.5364275698995112E-073   5.0662110813467658E-083   5.1218382262865983E-090   7.9748912481430349E-098
  -9.1787188560618088E+038  -6.1494287490602281E+047  -3.0079430107075489E+043   1.6109876012447609E+034   6.2063710405282418E+020   272841.69392548944        4.2174801863959965E-011   2.4536144568311067E-026   1.9982451333213655E-040   8.8667453659648059E-055  -1.2561027364577998E-063  -3.1410931125962929E-073   4.3967051913063528E-083   4.4534011005993428E-090   6.8679229598707571E-098
  -9.0519472740284925E+038  -6.0142459508112190E+047  -2.9150871764483305E+043   1.5466415788785462E+034   5.9016557039407635E+020   256944.01245173713        3.9331276555097103E-011   2.2658240388095822E-026   1.8272417991335858E-040   8.0287131745725736E-055  -1.1263326422519731E-063  -2.7899381119720281E-073   3.8153503850253871E-083   3.8722111835600925E-090   5.9146162389107753E-098
  -8.9267620284190151E+038  -5.8820103920947812E+047  -2.8250965909975203E+043   1.4848655399480517E+034   5.6119011379742179E+020   241972.65283184987        3.6679469837734765E-011   2.0924062112462711E-026   1.6708716333271300E-040   7.2698788440634018E-055  -1.0099670836133061E-063  -2.4780271610780338E-073   3.3105778255816516E-083   3.3668790895240684E-090   5.0936398721486297E-098
  -8.8031410296427446E+038  -5.7526572312063358E+047  -2.7378827491375755E+043   1.4255568337764094E+034   5.3363727932871075E+020   227873.63961130695        3.4206455395347807E-011   1.9322609802397255E-026   1.5278825104172994E-040   6.5827586279784006E-055  -9.0562169136277597E-064  -2.2009759941880590E-073   2.8723325760138082E-083   2.9275024239255781E-090   4.3866239752558581E-098
  -8.6810624622372356E+038  -5.6261230399715733E+047  -2.6533598788885393E+043   1.3686169095442549E+034   5.0743721861526913E+020   214596.14246056453        3.1900178454936522E-011   1.7843725375331359E-026   1.3971294397047684E-040   5.9605758684683570E-055  -8.1205504167458374E-064  -1.9548899648812662E-073   2.4918760011966962E-083   2.5454716154448849E-090   3.7777488628003532E-098
  -8.5605047810130116E+038  -5.5023457726054433E+047  -2.5714448569680377E+043   1.3139511525326693E+034   4.8252351276311688E+020   202092.29290635319        2.9749397023553808E-011   1.6478028176780042E-026   1.2775653991982789E-040   5.3971941967079594E-055  -7.2815389898563085E-064  -1.7363093886863079E-073   2.1616139009170946E-083   2.2133011058032471E-090   3.2533909995980257E-098
  -8.4414467072457600E+038  -5.3812647352504238E+047  -2.4920571268669687E+043   1.2614687269064691E+034   4.5883300396915681E+020   190317.01174242201        2.7743627086975685E-011   1.5216855482648782E-026   1.1682329536957101E-040   4.8870570430942189E-055  -6.5291998203942875E-064  -1.5421609846904549E-073   1.8749470304557738E-083   1.9244825850819919E-090   2.8018181077396258E-098
  -8.3238672249152702E+038  -5.2628205561790845E+047  -2.4151186194597376E+043   1.2110824247766069E+034   4.3630563540138394E+020   179227.84649739930        2.5873091503363806E-011   1.4052207554879947E-026   1.0682565899443238E-040   4.4251328613044547E-055  -5.8545809589202754E-064  -1.3697147358626481E-073   1.6261410986593144E-083   1.6733573931395845E-090   2.4129266042272403E-098
  -8.2077455769904406E+038  -5.1469551566462494E+047  -2.3405536760704177E+043   1.1627085212908922E+034   4.1488429894113414E+020   168784.81837370517        2.4128672342781459E-011   1.2976696901982246E-026   9.7683570753860997E-041   4.0068655265620757E-055  -5.2496548892222930E-064  -1.2165455636753111E-073   1.4102137110120672E-083   1.4550055838469968E-090   2.0780154918378427E-098
  -8.0930612617597103E+038  -5.0336117223764139E+047  -2.2682889739186698E+043   1.1162666355122448E+034   3.9451469040132417E+020   158950.27810560510        2.2501866440223452E-011   1.1983501422652554E-026   8.9323820946105921E-041   3.6281294194183795E-055  -4.7072230843068301E-064  -1.0804992799956583E-073   1.2228360538534517E-083   1.2651494758634740E-090   1.7895916419180379E-098
  -7.9797940292062380E+038  -4.9227346756723698E+047  -2.1982534538715957E+043   1.0716795968533201E+034   3.7514517185359092E+020   149688.77021665615        2.0984743945486035E-011   1.1066321135324957E-026   8.1679464096933862E-041   3.2851887525071801E-055  -4.2208304145486550E-064  -9.5966233909409571E-074   1.0602474019502639E-083   1.1000697979540414E-090   1.5412021105794458E-098
  -7.8679238774272285E+038  -4.8142696481312934E+047  -2.1303782504300191E+043   1.0288733168455702E+034   3.5672664071526606E+020   140966.90518708588        1.9569909667812499E-011   1.0219338219222280E-026   7.4689282992112660E-041   2.9746607395204159E-055  -3.7846883912411616E-064  -8.5233496582147977E-074   9.1918078063322040E-084   9.5653278398925996E-091   1.3272897349446277E-098
  -7.7574310490967204E+038  -4.7081634539548812E+047  -2.0645966238798901E+043   9.8777666602967020E+033   3.3921240526426099E+020   132753.23907016742        1.8250467026874736E-011   9.4371801134862506E-027   6.8297298564035037E-041   2.6934822434983987E-055  -3.3936063336951060E-064  -7.5700728328162589E-074   7.9679833043622996E-084   8.3172678761986630E-091   1.1430687772402938E-098
  -7.6482960279712536E+038  -4.6043640638403688E+047  -2.0008438945416686E+043   9.4832135576275335E+033   3.2255806626623462E+020   125018.16012351510        1.7019984434356811E-011   8.7148854403558042E-027   6.2452321709787608E-041   2.4388795758004506E-055  -3.0429296421186762E-064  -6.7233810533110267E-074   6.9063511081105628E-084   7.2320717340271173E-091   9.8441783331707185E-099
  -7.5404995354377546E+038  -4.5028205794395875E+047  -1.9390573790526249E+043   9.1044182474606033E+033   3.0672140441391825E+020   117733.78204652082        1.5872463942255633E-011   8.0478725362726113E-027   5.7107543453516742E-041   2.2083411481577123E-055  -2.7284844428915326E-064  -5.9713609656188696E-074   5.9855024366506216E-084   6.2884840353731546E-091   8.4778760864211319E-099
  -7.4340225271030679E+038  -4.4034832083734820E+047  -1.8791763286190182E+043   8.7407513008445672E+033   2.9166227329320590E+020   110873.84343897221        1.4802312005064084E-011   7.4319103913319111E-027   5.2220160172789641E-041   1.9995927083154045E-055  -2.4465279485208668E-064  -5.3034303558555808E-074   5.1868444035165294E-084   5.4680238054248805E-091   7.3012149761553673E-099
  -7.3288461894245023E+038  -4.3063032397897874E+047  -1.8211418691770587E+043   8.3916084269679981E+033   2.7734249760463349E+020   104413.61311832810        1.3804312213306995E-011   6.8630918127700244E-027   4.7751030889250352E-041   1.8105749152234245E-055  -2.1937039424361405E-064  -4.7101894690385851E-074   4.4942308008874595E-084   4.7546222893142799E-091   6.2878718865576963E-099
  -7.2249519363807911E+038  -4.2112330204518309E+047  -1.7648969434034745E+043   8.0564094690336730E+033   2.6372577638219599E+020   98329.800954251565        1.2873599865510582E-011   6.3378086422845797E-027   4.3664363880471069E-041   1.6394230327824633E-055  -1.9670028596462409E-064  -4.1832889283158774E-074   3.8936411599062936E-084   4.1343080564079278E-091   5.4151776429903151E-099
  -7.1223214061828877E+038  -4.1182259313466907E+047  -1.7103862545183161E+043   7.7345974402350025E+033   2.5077759096412222E+020   92600.473898896205        1.2005638254648191E-011   5.8527288700086808E-027   3.9927430104551638E-041   1.4844485420246374E-055  -1.7637259888703873E-064  -3.7153124019995019E-074   3.3729017906301549E-084   3.5949332172904169E-091   4.6636097809024562E-099
  -7.0209364580240235E+038  -4.0272363648011882E+047  -1.6575562118244335E+043   7.4256375982327388E+033   2.3846511748227603E+020   87204.976910176425        1.1196196553463215E-011   5.4047754999887105E-027   3.6510301143601827E-041   1.3441224905085673E-055  -1.5814533707099166E-064  -3.2996723723693685E-074   2.9214433244981836E-084   3.1259353850265865E-091   4.0163557306491935E-099
  -6.9207791688684234E+038  -3.9382197020944601E+047  -1.6063548779297697E+043   7.1290165565941039E+033   2.2675714364830974E+020   82123.858482896423        1.0441329190864370E-011   4.9911070331234969E-027   3.3385609568467855E-041   1.2170604148248469E-055  -1.4180150103329715E-064  -2.9305175438512367E-074   2.5300899951757800E-084   2.7181307133863524E-091   3.4589366423164819E-099
  -6.8218318302781249E+038  -3.8511322915560807E+047  -1.5567319176002867E+043   6.8442414317178572E+033   2.1562398962559048E+020   77338.800519227516        9.7373566188574037E-012   4.6090994437805277E-027   3.0528329806507285E-041   1.1020086876075582E-055  -1.2714650625190735E-064  -2.6026505913328407E-074   2.1908765139896502E-084   2.3635339542389572E-091   2.9788834319143072E-099
  -6.7240769452773249E+038  -3.7659314271389634E+047  -1.5086385481929623E+043   6.5708390238278281E+033   2.0503743278628002E+020   72832.552285670725        9.0808473762560573E-012   4.2563295357778415E-027   2.7915577758310103E-041   9.9783215448345746E-056  -1.1400586822228350E-064  -2.3114550943466703E-074   1.8968889359133472E-084   2.0552020062348310E-091   2.5654577991157667E-099
  -6.6274972252537348E+038  -3.6825753274564842E+047  -1.4620274916198625E+043   6.3083550306740007E+033   1.9497063616279858E+020   68588.868218376985        8.4686013617366973E-012   3.9305595721682851E-027   2.5526427559320640E-041   9.0350293910089746E-056  -1.0222312654847779E-064  -2.0528306316451506E-074   1.6421263816533220E-084   1.7870978875928108E-091   2.2094119732529250E-099
  -6.5320755868963335E+038  -3.6010231152735237E+047  -1.4168529277958043E+043   6.0563532926346322E+033   1.8539808041227128E+020   64592.449352573371        7.8976342346965587E-012   3.6297230813414156E-027   2.3341744019536849E-041   8.1809030589064732E-056  -9.1657983391817615E-065  -1.8231351251260467E-074   1.4213808899218110E-084   1.5539724663393518E-091   1.9027818110636592E-099
  -6.4377951491690244E+038  -3.5212347974413215E+047  -1.3730704495236066E+043   5.8144150679650012E+033   1.7629549912146261E+020   60828.888164912030        7.3651628678733282E-012   3.3519117494186721E-027   2.1344029399946888E-041   7.4075148063382360E-056  -8.2184634147117327E-065  -1.6191336237342514E-074   1.2301330293877677E-084   1.3512616295644749E-091   1.6387086161215657E-099
  -6.3446392303196387E+038  -3.4431712452662736E+047  -1.3306370187723495E+043   5.5821383369885495E+033   1.6763981728817437E+020   57284.616629864970        6.8685917808110958E-012   3.0953633158069336E-027   1.9517283299112743E-041   6.7072333835083557E-056  -7.3690270500544236E-065  -1.4379528082937300E-074   1.0644612089666969E-084   1.1749968759995581E-091   1.4112856926832351E-099
  -6.2525913449237450E+038  -3.3667941753030188E+047  -1.2895109243054338E+043   5.3591371340741941E+033   1.5940909282313611E+020   53946.857302876349        6.4055004880391331E-012   2.8584503951377519E-027   1.7846874528244299E-041   6.0731487657250358E-056  -6.6073738071753275E-065  -1.2770405784747105E-074   9.2096289404749070E-085   1.0217275794250126E-091   1.2154262002433368E-099
  -6.1616352009627625E+038  -3.2920661305623450E+047  -1.2496517406165808E+043   5.1450409062898215E+033   1.5158246092407587E+020   50803.577253898613        5.9736317002890956E-012   2.6396701546949485E-027   1.6319423949065098E-041   5.4990039979451826E-056  -5.9244332679994657E-065  -1.1341301543996875E-074   7.9668617018398869E-085   8.8845339924570808E-092   1.0467493517894515E-099
  -6.0717546969358342E+038  -3.2189504621246874E+047  -1.2110202881332061E+043   4.9394938976662573E+033   1.4414008118094055E+020   47843.444685215945        5.5708803212346520E-012   2.4376347818589497E-027   1.4922697336519964E-041   4.9791334792539145E-056  -5.3120720921402160E-065  -1.0072081887358487E-074   6.8907029924862182E-085   7.7256551351834104E-092   9.0148240926640242E-100
  -5.9829339190049722E+038  -3.1474113111501614E+047  -1.1735785946478557E+043   4.7421545580485707E+033   1.3706308727816130E+020   45055.788077137739        5.1952831861155843E-012   2.2510626811067556E-027   1.3645507408617477E-041   4.5084070788505064E-056  -4.7629972222147256E-065  -8.9448644139808944E-075   5.9589409001297950E-085   6.7179552268090426E-092   7.7637628328310209E-100
  -5.8951571381729326E+038  -3.0774135912762745E+047  -1.1372898579396072E+043   4.5526949755524426E+033   1.3033353916644296E+020   42430.557714259608        4.8450094922249929E-012   2.0787703447335140E-027   1.2477624239078826E-041   4.0821795325874771E-056  -4.2706690857138618E-065  -7.9437661898408370E-075   5.1523105903018743E-085   5.8417102261330945E-092   6.6863284853698078E-100
  -5.8084088074933535E+038  -3.0089229713946696E+047  -1.1021184095485211E+043   4.3708003316825284E+033   1.2393437758281810E+020   39958.289453573008        4.5183518746109265E-012   1.9196648457346177E-027   1.1409693335565660E-041   3.6962446211561389E-056  -3.8292237612191059E-065  -7.0546802548122889E-075   4.4541049154425844E-085   5.0797697640001527E-092   5.7584234860638359E-100
  -5.7226735593126434E+038  -2.9419058587984086E+047  -1.0680296796673695E+043   4.1961683782074102E+033   1.1784938080366048E+020   37630.070603788154        4.2137180834890873E-012   1.7727369052332351E-027   1.0433160727620824E-041   3.3467936781425493E-056  -3.4334031833192550E-065  -6.2650771024691578E-075   3.8498362855092784E-085   4.4172212783489001E-092   4.9592948953825290E-100
  -5.6379362025431246E+038  -2.8763293826915143E+047  -1.0349901631159742E+043   4.0285089349218831E+033   1.1206312352101376E+020   35437.507792847166        3.9296232227964387E-012   1.6370544904821574E-027   9.5402044645676163E-042   3.0303780188567286E-056  -3.0784925561418925E-065  -5.5638283432139614E-075   3.3269430735302794E-085   3.8410979853516226E-092   4.2710701609047402E-100
  -5.5541817199669501E+038  -2.8121613780526637E+047  -1.0029673863645543E+043   3.8675434074620361E+033   1.0656093773797522E+020   33372.696707773379        3.6646825120510622E-012   1.5117569028339756E-027   8.7236719749248627E-042   2.7438749194856306E-056  -2.7602642311130403E-065  -4.9410500727774459E-075   2.8745347096666454E-085   3.3401249645359464E-092   3.6783573192732530E-100
  -5.4713952655703234E+038  -2.7493703698450720E+047  -9.7192987557353189E+042   3.7130043243718807E+033   1.0132887558399314E+020   31428.193597753663        3.4176045362345636E-012   1.3960493181812004E-027   7.9770227858171706E-042   2.4844568111174196E-056  -2.4749273814112207E-065  -4.3879637448252883E-075   2.4831703826120827E-085   2.9044983828118388E-092   3.1679006926014994E-100
  -5.3895621619075351E+038  -2.6879255575648225E+047  -9.4184712561824070E+042   3.5646348926523113E+033   9.6353673955804381E+019   29596.988437708194        3.1871849507923556E-012   1.2891977452377011E-027   7.2942761437676300E-042   2.2495633848759102E-056  -2.2190828745021115E-065  -3.8967725922159638E-075   2.1446669325203602E-085   2.5256935318188332E-092   2.7282843760096253E-100
  -5.3086678974943478E+038  -2.6277968001200240E+047  -9.1268957006796248E+042   3.4221885710538476E+033   9.1622720894367007E+019   27872.479655589399        2.9723006110657570E-012   1.1905243696830087E-027   6.6699631174974961E-042   2.0368763331016911E-056  -1.9896828059456969E-065  -3.4605518598242830E-075   1.8519320981132840E-085   2.1962979176979598E-092   2.3496768823340967E-100
  -5.2286981242302704E+038  -2.5689546010333660E+047  -8.8442855208965830E+042   3.2854286604041223E+033   8.7124023612545204E+019   26248.450332289951        2.7719040975388294E-012   1.0994032546383618E-027   6.0990827992377718E-042   1.8442964775033589E-056  -1.7839942130935838E-065  -3.0731513058392468E-075   1.5988197835120248E-085   1.9098661333541105E-092   2.0236112309666471E-100
  -5.1496386548492573E+038  -2.5113700939607808E+047  -8.5703629624767990E+042   3.1541279102893719E+033   8.2846178092487819E+019   24719.045788349424        2.5850186102123898E-012   1.0152563702034268E-027   5.5770622538685550E-042   1.6699230587343076E-056  -1.5995665369982959E-065  -2.7291086007826561E-075   1.3800044474999332E-085   1.6607936701351195E-092   1.7427955608449015E-100
  -5.0714754603983845E+038  -2.4550150285191046E+047  -8.3048588117162690E+042   3.0280681414363656E+033   7.8778340175622357E+019   23278.752476649410        2.4107332072170515E-012   9.3754992686970811E-028   5.0997198952058311E-042   1.5120349831596449E-056  -1.4342024454294920E-065  -2.4235724065930001E-075   1.1908720979346967E-085   1.4442071969839815E-092   1.5009500305873678E-100
  -4.9941946677440421E+038  -2.3998617564157461E+047  -8.0475121306538146E+042   2.9070398831672868E+033   7.4910198071970529E+019   21922.378104995911        2.2481983644552073E-012   8.6579098955403451E-028   4.6632319961924099E-042   1.3690738418739242E-056  -1.2859316698636695E-065  -2.1522340541244529E-075   1.0274257043357345E-085   1.2558691577974551E-092   1.2926663569243587E-100
  -4.9177825571052154E+038  -2.3458832178735550E+047  -7.7980700003117701E+042   2.7908420253251428E+033   7.1231946219089715E+019   20645.032916922180        2.0966218346268058E-012   7.9952435077537071E-028   4.2641020648393556E-042   1.2396285345036230E-056  -1.1529875451589964E-065  -1.9112668582309431E-075   8.8620312876326236E-086   1.0920948182746051E-092   1.1132868490863240E-100
  -4.8422255596133931E+038  -2.2930529283441936E+047  -7.5562872718337123E+042   2.6792814840913039E+033   6.7734260424366506E+019   19442.112063221299        1.9552647854532044E-012   7.3832964314185162E-028   3.8991328407074582E-042   1.1224213461508958E-056  -1.0337859727713373E-065  -1.6972722169349699E-075   7.6420592461851402E-086   9.4968013746309393E-093   9.5880023300725406E-101
  -4.7675102548986861E+038  -2.2413449655035010E+047  -7.3219263252736545E+042   2.5721728811398766E+033   6.4408274227642483E+019   18309.279000650509        1.8234381982743703E-012   6.8181867283280527E-028   3.5654006876985995E-042   1.0162953401629329E-056  -9.2690655719333178E-066  -1.5072317365257792E-075   6.5883756983595777E-086   8.2583905129152080E-093   8.2575193484463631E-101
  -4.6936233687017151E+038  -2.1907339565224206E+047  -7.0947568357987856E+042   2.4693382355957545E+033   6.1245556424245944E+019   17242.449857952815        1.7004995094639717E-012   6.2963295716222649E-028   3.2602321781121980E-042   9.2020294238550295E-057  -8.3107569114804080E-066  -1.3384647091294522E-075   5.6784988937474932E-086   7.1814893977047093E-093   7.1116681681516452E-101
  -4.6205517705108505E+038  -2.1411950656072523E+047  -6.8745555470750822E+042   2.3706066682844827E+033   5.8238089691445756E+019   16237.778712829062        1.5858494782905522E-012   5.8144145060459444E-028   2.9811826804658864E-042   8.3319560430778552E-057  -7.4515138824944732E-066  -1.1885903445328013E-075   4.8929658565901634E-086   6.2450320986801442E-093   6.1248263693614804E-101
  -4.5482824712243613E+038  -2.0927039818030870E+047  -6.6611060516122818E+042   2.2758141177824922E+033   5.5378250264140399E+019   15291.643726778282        1.4789292659568504E-012   5.3693844485929021E-028   2.7260167796225157E-042   7.5441444314418739E-057  -6.6810968262944777E-066  -1.0554942248796262E-075   4.2149293789213377E-086   5.4307006545991327E-093   5.2749274418051982E-101
  -4.4768026208370892E+038  -2.0452369070544269E+047  -6.4541985778515374E+042   2.1848030677958574E+033   5.2658788608256229E+019   14400.634087816996        1.3792177115787459E-012   4.9584162963375512E-028   2.4926903724359880E-042   6.8308176653234943E-057  -5.9903243367199665E-066  -9.3729851022985845E-076   3.6298085478542976E-086   4.7225665695315526E-093   4.5429672716711710E-101
  -4.4060995061512047E+038  -1.9987705445171133E+047  -6.2536297837857730E+042   2.0974222854145682E+033   5.0072811042857771E+019   13561.537714001150        1.2862287918253409E-012   4.5789030184493142E-028   2.2793342955436409E-042   6.1849339824990593E-057  -5.3709639071131597E-066  -8.3233547571280578E-076   3.1249857263727956E-086   4.1067790855921214E-093   3.9125791244085875E-101
  -4.3361605485106461E+038  -1.9532820871158177E+047  -6.0592025569092118E+042   2.0135265698073691E+033   4.7613762264378417E+019   12771.329673417353        1.1995092518369771E-012   4.2284371187991102E-028   2.0842393542003660E-042   5.6001172925175206E-057  -4.8156338754126059E-066  -7.3912400785546377E-076   2.6895438399643056E-086   3.5712941281605985E-093   3.3696676163103525E-101
  -4.2669733015588462E+038  -1.9087492063414545E+047  -5.8707258202987441E+042   1.9329765109395668E+033   4.5275408728667070E+019   12027.161278893307        1.1186363958728992E-012   3.9047953642606201E-028   1.9058426322675504E-042   5.0705942548245980E-057  -4.3177155002524256E-066  -6.5634872928341865E-076   2.3140386318884207E-086   3.1056386162118404E-093   2.9020934873891163E-101
  -4.1985254490193263E+038  -1.8651500412830166E+047  -5.6880143446359667E+042   1.8556382579128705E+033   4.3051822848721019E+019   11326.349818110113        1.0432160269189225E-012   3.6059246818370864E-028   1.7427149737279878E-042   4.5911373039554852E-057  -3.8712741215034164E-066  -5.8284145795958154E-076   1.9903012538462971E-086   2.7007055230283546E-093   2.4994021245095994E-101
  -4.1308048024987785E+038  -1.8224631878884226E+047  -5.5108885659844857E+042   1.7813832965423029E+033   4.0937367968043205E+019   10666.368882089921        9.7288052521157920E-013   3.3299291351581018E-028   1.5935495354783698E-042   4.1570130597642588E-057  -3.4709884667869811E-066  -5.1756473996394881E-076   1.7112671702567270E-086   2.3485756748107725E-093   2.1525897624412614E-101
  -4.0637992993122314E+038  -1.7806676884491039E+047  -5.3391744091428259E+042   1.7100882358005801E+033   3.8926684071528661E+019   10044.839257189918        9.0728705631239375E-013   3.0750578977371312E-028   1.4571513197287559E-042   3.7639356137676014E-057  -3.1120872624248854E-066  -4.5959722398698164E-076   1.4708278853765927E-086   2.0423627983389904E-093   1.8539021333441201E-101
  -3.9974970003299168E+038  -1.7397430213031446E+047  -5.1727031163987766E+042   1.6416346027750882E+033   3.7014674197654643E+019   9459.5203477653558        8.4611589999744716E-013   2.8396941467028815E-028   1.3324276021823788E-042   3.4080242307719353E-057  -2.7902923942099114E-066  -4.0812067161970072E-076   1.2637024636692357E-086   1.7760787841294598E-093   1.5966610610555648E-101
  -3.9318860878454447E+038  -1.6996690907519148E+047  -5.0113110815163217E+042   1.5759086457967243E+033   3.5196491517526778E+019   8908.3020985775074        7.8906889181632017E-013   2.6223448065560833E-028   1.2183791793418795E-042   3.0857650485005661E-057  -2.5017679413279704E-066  -3.6240842053917550E-076   1.0853262142867750E-086   1.5445165274038609E-093   1.3751151216475849E-101
  -3.8669548634649168E+038  -1.6604262171852295E+047  -4.8548396887915044E+042   1.5128011454134594E+033   3.3467527048024580E+019   8389.1973878243844        7.3586796972372952E-013   2.4216310778949252E-028   1.1140923648471630E-042   2.7939763973702676E-057  -2.2430744766580682E-066  -3.2181513813207278E-076   9.3175425825631971E-087   1.3431480533876687E-093   1.1843110300578883E-101
  -3.8026917460165821E+038  -1.6219951274101763E+047  -4.7031351570185408E+042   1.4522072328944993E+033   3.1823397967896814E+019   7900.3348633687483        6.8625381869935822E-013   2.2362796910313722E-028   1.0187316707479040E-042   2.5297773982736252E-057  -2.0111280893538054E-066  -2.8576772125853549E-076   7.9957799886801952E-087   1.1680359327381227E-093   1.0199828762092395E-101
  -3.7390852694806768E+038  -1.5843569451788470E+047  -4.5560483882123705E+042   1.3940262159634470E+033   3.0259936507186180E+019   7439.9521963358902        6.3998460674904103E-013   2.0651148290185810E-028   9.3153311509840394E-043   2.2905595285564395E-057  -1.8031636418142224E-066  -2.5375721398906334E-076   6.8585277787156841E-087   1.0157562531233681E-093   8.7845673329137506E-102
  -3.6761240809390690E+038  -1.5474931819103135E+047  -4.4134348209385213E+042   1.3381614114708772E+033   2.8773179381816070E+019   7006.3897277584492        5.9683480612590861E-013   1.9070506688556702E-028   8.5179810227788383E-043   2.0739608756572719E-057  -1.6167018235511359E-066  -2.2533162947492205E-076   5.8803522762600037E-087   8.8333163923626460E-094   7.5656850472161598E-102
  -3.6137969385443436E+038  -1.5113857276022788E+047  -4.2751542881056956E+042   1.2845199847282500E+033   2.7359357746554376E+019   6598.0844853626159        5.5659409402551213E-013   1.7610844935572120E-028   7.7888782702553618E-043   1.8778428243875258E-057  -1.4495196096541382E-066  -2.0008957483927882E-076   5.0392902685927274E-087   7.6817301026012297E-094   6.5159317241626800E-102
  -3.5520927095079532E+038  -1.4760168419279269E+047  -4.1410708790809229E+042   1.2330127952361856E+033   2.6014887640883384E+019   6213.5645489245826        5.1906632739635317E-013   1.6262903313958095E-028   7.1221815737349132E-043   1.7002689478366062E-057  -1.2996237720805648E-066  -1.7767458928062524E-076   4.3163793912776073E-087   6.6802893486350496E-094   5.6118386401985623E-102
  -3.4910003681070904E+038  -1.4413691455135902E+047  -4.0110528059913474E+042   1.1835542485507208E+033   2.4736360903554601E+019   5851.4437438828254        4.8406858686852411E-013   1.5018130819700191E-028   6.5125495549583103E-043   1.5394858936244180E-057  -1.1652271283381007E-066  -1.5777011562100089E-076   3.6952516185225083E-087   5.8094159253801933E-094   4.8331937635820771E-102
  -3.4305089937099113E+038  -1.4074256113929363E+047  -3.8849722740808859E+042   1.1360621540413804E+033   2.3520536532795294E+019   5510.4166440752952        4.5143028514008778E-013   1.3868630918378111E-028   5.9550979899862724E-043   1.3939060769070686E-057  -1.0447272447144859E-066  -1.4009503445022811E-076   3.1617814292725644E-087   5.0520847942033254E-094   4.1625898151758972E-102
  -3.3706077688187556E+038  -1.3741695566334683E+047  -3.7627053559939699E+042   1.0904575883046841E+033   2.2364332470263595E+019   5189.2538655850731        4.2099233547502924E-013   1.2807111453074116E-028   5.4453606838275457E-043   1.2620920093652092E-057  -9.3668734042965547E-067  -1.2439969793919744E-076   2.7037813394431504E-087   4.3934910919052960E-094   3.5850350483664256E-102
  -3.3112859771310184E+038  -1.3415846341312112E+047  -3.6441318698624599E+042   1.0466647640060990E+033   2.1264817787923055E+019   4886.7976347276308        3.9260637625963074E-013   1.1826838386107330E-028   4.9792536934360971E-043   1.1427421095437363E-057  -8.3981916528821322E-067  -1.1046240743159053E-076   2.3107384628724946E-087   3.8207605741605805E-094   3.0876180437457087E-102
  -3.2525330016173170E+038  -1.3096548245695462E+047  -3.5291352610755809E+042   1.0046109039324786E+033   2.0219205258029183E+019   4601.9576142011947        3.6613404783738081E-013   1.0921593081164417E-028   4.5530426125333503E-043   1.0346778545257231E-057  -7.5296764690609754E-067  -9.8086285173233225E-077   1.9735866070262213E-087   3.3226978272880650E-094   2.6592190222597451E-102
  -3.1943383226166123E+038  -1.2783644285382235E+047  -3.4176024876163550E+042   9.6422612004567404E+032   1.9224844287391572E+019   4333.7069723524573        3.4144631809736280E-013   1.0085632854854258E-028   4.1633126562316784E-043   9.3683214615654762E-058  -6.7509712465418652E-067  -8.7096496089434215E-077   1.6845091411946001E-087   2.8895673214748840E-094   2.2902612209226467E-102
  -3.1366915159479406E+038  -1.2476980588086835E+047  -3.3094239088515164E+042   9.2544329733632340E+032   1.8279214197998893E+019   4081.0786813864097        3.1842285352872099E-013   9.3136545474526718E-029   3.8069413058573670E-043   8.4823877701675937E-058  -6.0527900635407908E-067  -7.7337780451249039E-077   1.4367685096331868E-087   2.5129030213617528E-094   1.9724967711913903E-102
  -3.0795822510384129E+038  -1.2176406327618640E+047  -3.2044931776653134E+042   8.8819798228478975E+032   1.7379917836971911E+019   3843.1620311744850        2.9695143267542665E-013   8.6007608817543756E-029   3.4810732948747295E-043   7.6802289219240611E-058  -5.4268070070215077E-067  -6.8672262650975177E-077   1.2245588126153026E-087   2.1853428288134834E-094   1.6988222917334665E-102
  -3.0230002890671494E+038  -1.1881773649647759E+047  -3.1027071358308805E+042   8.5242827574388175E+032   1.6524675499644660E+019   3619.0993460924778        2.7692739913225000E-013   7.9424293966348262E-029   3.1830977355619966E-043   6.9539235271635626E-058  -4.8655569358879405E-067  -6.0977505196930966E-077   1.0428783558121124E-087   1.9004846186870980E-094   1.4631200718603806E-102
  -2.9669354811248077E+038  -1.1592937598921767E+047  -3.0039657125160693E+042   8.1807473006533306E+032   1.5711319150367756E+019   3408.0828930516991        2.5825315141558692E-013   7.3344837582564436E-029   2.9106272032342286E-043   6.2962991545046811E-058  -4.3623465010127250E-067  -5.4144780492423179E-077   8.8741948245076663E-088   1.6527610509887065E-094   1.2601212942084048E-102
  -2.9113777663883781E+038  -1.1309756047897624E+047  -2.9081718258237089E+042   7.8508025029906584E+032   1.4937786926382430E+019   3209.3519695761370        2.4083766722253903E-013   6.7730672669355456E-029   2.6614786104860263E-043   5.7008615223403045E-058  -3.9111743621292249E-067  -4.8077536032372827E-077   7.5447336170921524E-088   1.4373307102536020E-094   1.0852882381257826E-102
  -2.8563171703109170E+038  -1.1032089626753517E+047  -2.8152312872692555E+042   7.5338999930103056E+032   1.4202117910831630E+019   3022.1901614274839        2.2459605975926856E-013   6.2546183916139074E-029   2.4336557182628238E-043   5.1617303841815967E-058  -3.5066596511389094E-067  -4.2690031376522471E-077   6.4084771806909407E-088   1.2499834424864712E-094   9.3471282969738143E-103
  -2.8017438028258846E+038  -1.0759801654746152E+047  -2.7250527091016918E+042   7.2295130659191275E+032   1.3502447161656699E+019   2845.9227598911734        2.0944916397597362E-013   5.7758481767403864E-029   2.2253331436787816E-043   4.6735814751074268E-058  -3.1439778295953189E-067  -3.7906127678845019E-077   5.4379575618696277E-088   1.0870580378158775E-094   8.0502926989797260E-103
  -2.7476478565657731E+038  -1.0492758072879630E+047  -2.6375474143763284E+042   6.9371358081521993E+032   1.2837000983776815E+019   2679.9143294121777        1.9532315069160909E-013   5.3337193782452108E-029   2.0348417364867475E-043   4.2315939463718943E-058  -2.8188031761888575E-067  -3.3658212702778929E-077   4.6095476974687203E-088   9.4537064858856308E-095   6.9333878719044143E-103
  -2.6940196050946902E+038  -1.0230827377852676E+047  -2.5526293496908711E+042   6.6562822564924685E+032   1.2204092432565209E+019   2523.5664168113644        1.8214916672742467E-013   4.9254271962575642E-029   1.8606552070673979E-043   3.8314027693770783E-058  -2.5272572190212975E-067  -2.9886246161489433E-077   3.9029312548739270E-088   8.2215254268404741E-095   5.9714483201698411E-103
  -2.6408494011545903E+038  -9.9738805572516532E+046  -2.4702150004987571E+042   6.3864855903315653E+032   1.1602117037222351E+019   2376.3153938236328        1.6986299929517362E-013   4.5483814823457272E-029   1.7013778988282798E-043   3.4690556392543231E-058  -2.2658624982651621E-067  -2.6536911918377441E-077   3.3006448928856572E-088   7.1499597448078354E-095   5.1429726413399300E-103
  -2.5881276749248337E+038  -9.7217910259573274E+046  -2.3902233089162702E+042   6.1272973557291242E+032   1.1029548733203835E+019   2237.6304251797023        1.5840476300407289E-013   4.2001903084122913E-029   1.5557336070693251E-043   3.1409739526991664E-058  -2.0315011082937096E-067  -2.3562865089402698E-077   2.7876831344730553E-088   6.2180711472735139E-095   4.4294428483746880E-103
  -2.5358449322947442E+038  -9.4744345637340582E+046  -2.3125755939424281E+042   5.8782867199808829E+032   1.0484935993390608E+019   2107.0115549060447        1.4771860796084943E-013   3.8786447930143705E-029   1.4225553547528737E-043   2.8439174749100991E-058  -1.8213775252978332E-067  -2.0922063426660875E-077   2.3511573617786229E-088   5.4076511867490215E-095   3.8149103931310947E-103
  -2.4839917531488766E+038  -9.2316892539705408E+046  -2.2371954740130029E+042   5.6390397554564199E+032   9.9668981481929585E+018   1983.9879039436282        1.3775244754002602E-013   3.5817050888549337E-029   1.3007760432804499E-043   2.5749523468865879E-058  -1.6329852774545492E-067  -1.8577173550892901E-077   1.9800015864948004E-088   4.7028653191359805E-095   3.2856396349717015E-103
  -2.4325587896646648E+038  -8.9934354235418907E+046  -2.1640087918123155E+042   5.4091587515160725E+032   9.4741218852586066E+018   1868.1159725874763        1.2845770449748030E-013   3.3074874425570836E-029   1.1894199033868710E-043   2.3314221173060671E-058  -1.4640770604854693E-067  -1.6495043655939123E-077   1.6647186386123732E-088   4.0899433777674842E-095   2.8298007828656869E-103
  -2.3815367646221435E+038  -8.7595555837633044E+046  -2.0929435412686941E+042   5.1882615533631696E+032   9.0053579199105485E+018   1758.9780416269316        1.1978907418972376E-013   3.0542522446349281E-029   1.0875946776708121E-043   2.1109215130482308E-058  -1.3126379424876868E-067  -1.4646235245442060E-077   1.3971612738864904E-088   3.5569104097553690E-095   2.4372054456238376E-103
  -2.3309164697254476E+038  -8.5299343724062094E+046  -2.0239297966616157E+042   4.9759809267324870E+032   8.5594178278730127E+018   1656.1806664223377        1.1170430374472864E-013   2.8203929938558497E-029   9.9448447214107415E-044   1.9112726894623357E-058  -1.1768613387224936E-067  -1.3004607294548889E-077   1.1703434428286708E-088   3.0933526108186926E-095   2.0990788776394357E-103
  -2.2806887639357727E+038  -8.3044584967481341E+046  -1.9568996437706322E+042   4.7719639473587162E+032   8.1351710322552812E+018   1559.3532584889065        1.0416398610788445E-013   2.6044261059892881E-029   9.0934321951638513E-044   1.7305037259459475E-058  -1.0551274700473951E-067  -1.1546946968692629E-077   9.7827760692218105E-089   2.6902137813220547E-095   1.8078638280185965E-103
  -2.2308445718154987E+038  -8.0830166776282482E+046  -1.8917871129981941E+042   4.5758714142099068E+032   7.7315419371541606E+018   1468.1467494739918        9.7131367959173159E-014   2.4049815022933692E-029   8.3148870191655227E-044   1.5668291545631337E-058  -9.4598404826694655E-068  -1.0252641688152978E-077   8.1583454435281899E-089   2.3396183232494224E-095   1.5570516076261593E-103
  -2.1813748818831728E+038  -7.8654995944808371E+046  -1.8285281144004190E+042   4.3873772855102965E+032   7.3475072006074450E+018   1382.2323327110371        9.0572170565265690E-014   2.2207939180369078E-029   7.6029708506339345E-044   1.4186323294950240E-058  -8.4812895821025138E-068  -9.1033879102625595E-078   6.7862256936423427E-089   2.0347173169631107E-095   1.3410365971498733E-103
  -2.1322707449790591E+038  -7.6517998313195469E+046  -1.7670603745617368E+042   4.2061681366148041E+032   6.9820931399839990E+018   1301.3002778131122        8.4454422693292232E-014   2.0506948759217439E-029   6.9519792020700583E-044   1.2844494632840147E-058  -7.6039473013351301E-068  -8.0829325190479670E-078   5.6288350637384119E-089   1.7695546680076082E-095   1.1549909434062483E-103
  -2.0835232726409478E+038  -7.4418118236456549E+046  -1.7073233752511451E+042   4.0319426388337325E+032   6.6343732632316918E+018   1225.0588140322786        7.8748304771831072E-014   1.8936052734880843E-029   6.3566957373937332E-044   1.1629551722837872E-058  -6.8173461737803378E-068  -7.1768431720734311E-078   4.6540312088226890E-089   1.5389507067475347E-095   9.9475664249696061E-104
  -2.0351236354899346E+038  -7.2354318062541240E+046  -1.6492582937995703E+042   3.8644110583410064E+032   6.3034659197234616E+018   1153.2330783589039        7.3426003539483788E-014   1.7485285374802782E-029   5.8123504788309721E-044   1.0529493886231627E-058  -6.1121011334157831E-068  -6.3723043627696842E-078   3.8343402148470443E-089   1.3384009649591965E-095   8.5675259716937955E-104
  -1.9870630616258743E+038  -7.0325577619115473E+046  -1.5928079451395085E+042   3.7032947743326449E+032   5.9885320647448607E+018   1085.5641245684335        6.8461576472524022E-014   1.6145443017468711E-029   5.3145815897556498E-044   9.5334550947952009E-059  -5.4797975897179707E-068  -5.6579363193374064E-078   3.1462931745580632E-089   1.1639881503049366E-095   7.3789457053188297E-104
  -1.9393328350322144E+038  -6.8330893708805876E+046  -1.5379167254497669E+042   3.5483258156341014E+032   5.6887731319544678E+018   1021.8079896428362        6.3830825330773291E-014   1.4908025685697860E-029   4.8594004273325814E-044   8.6315966667017617E-059  -4.9128910736869719E-068  -5.0236341835264014E-078   2.5698555007368674E-089   1.0123055977162427E-095   6.3552624661095604E-104
  -1.8919242939899190E+038  -6.6369279612659083E+046  -1.4845305573496875E+042   3.3992464149857260E+032   5.4034290084221921E+018   961.73481420076268        5.9511178205301738E-014   1.3765183163840672E-029   4.4431595850007579E-044   7.8150101062822750E-059  -4.4046172587209540E-068  -4.4604251987490431E-078   2.0879361796346870E-089   8.8039070114531066E-096   5.4735985656036101E-104
  -1.8448288295001915E+038  -6.4439764601569565E+046  -1.4325968365887694E+042   3.2558085802649796E+032   5.1317761071104276E+018   905.12801376514358        5.5481579492991574E-014   1.2709665196812281E-029   4.0625236687847793E-044   7.0756291284203834E-059  -3.9489112837379342E-068  -3.9603418911227484E-078   1.6859659151561655E-089   7.6566702430651834E-096   4.7142504319579451E-104
  -1.7980378837157105E+038  -6.2541393455433948E+046  -1.3820643801790648E+042   3.1177736819321050E+032   4.8731255319099791E+018   851.78349788021262        5.1722387261638024E-014   1.1734775495039154E-029   3.7144425733214085E-044   6.4061499990357064E-059  -3.5403354168015465E-068  -3.5163094527331924E-078   1.3515346254147427E-089   6.6589395873728476E-096   4.0602482071369807E-104
  -1.7515429483800882E+038  -6.0673225989793124E+046  -1.3328833759191433E+042   2.9849120560129096E+032   4.6268213305772022E+018   801.50893426241294        4.8215277505285491E-014   1.0834329253538142E-029   3.3961270435117137E-044   5.7999594051959449E-059  -3.1740141969084498E-068  -3.1220457368492341E-078   1.0740800595057179E-089   5.7912294508215688E-096   3.4969764507878224E-104
  -1.7053355632752692E+038  -5.8834336589727271E+046  -1.2850053332597810E+042   2.8570026219580819E+032   4.3922388311415071E+018   754.12305533197980        4.4943154823080034E-014   1.0002613915638799E-029   3.1050263260181013E-044   5.2510691427244655E-059  -2.8455762807214377E-068  -2.7719724528275470E-078   8.4462043128274929E-090   5.0365940183172100E-096   3.0118474717836191E-104
  -1.6594073146765809E+038  -5.7023813750772430E+046  -1.2383830354628480E+042   2.7338325147431609E+032   4.1687830575639434E+018   709.45500462474843        4.1890069086228365E-014   9.2343529324417344E-030   2.8388077315661594E-044   4.7540569764680811E-059  -2.5511023009457908E-068  -2.4611363065294248E-078   6.5552494246479605E-090   4.3802961733941866E-096   2.5940199849750527E-104
  -1.6137498338151564E+038  -5.5240759626630385E+046  -1.1929704930061384E+042   2.6151967305968779E+032   3.9558872206282895E+018   667.34372072748272        3.9041137686839450E-014   8.5246722881087492E-030   2.5953379443177457E-044   4.3040130893231815E-059  -2.2870781146989518E-068  -2.1851389724629052E-078   5.0031691022796928E-090   3.8095195797748209E-096   2.2341568039805860E-104
  -1.5683547953474456E+038  -5.3484289583447379E+046  -1.1487228981880984E+042   2.5008977857682315E+032   3.7530112802367299E+018   627.63735651526588        3.6382472989630740E-014   7.8690695786250706E-030   2.3726659285767676E-044   3.8964915912887830E-059  -2.0503528844685892E-068  -1.9400749085398522E-078   3.7350494246410007E-090   3.3131182967614088E-096   1.9242161535252524E-104
  -1.5232139158315323E+038  -5.1753531760439672E+046  -1.1055965808875953E+042   2.3907453877642497E+032   3.5596405754630815E+018   590.19273159672957        3.3901114632839327E-014   7.2633854478714836E-030   2.1690072958846678E-044   3.5274666097667955E-059  -1.8381014918570234E-068  -1.7224761350579688E-078   2.7043823262661352E-090   2.8813990346852203E-096   1.6572719364180873E-104
  -1.4783189522099788E+038  -5.0047626636647772E+046  -1.0635489654349878E+042   2.2845561185110854E+032   3.3752845188881485E+018   554.87481599258001        3.1584966348312197E-014   6.7037771997971437E-030   1.9827300072612852E-044   3.1932925275557678E-059  -1.6477908359568869E-068  -1.5292631978433252E-078   1.8718258896428885E-090   2.5059317947251629E-096   1.4273589375445240E-104
  -1.4336617002989203E+038  -4.8365726603603452E+046  -1.0225385285518559E+042   2.1821531289108628E+032   3.1994753519046257E+018   521.55624318544324        2.9422736992775298E-014   6.1866944192873965E-030   1.8123412960421406E-044   2.8906679759308949E-059  -1.4771496145091255E-068  -1.3577016228065627E-078   1.2041428159042363E-090   2.1793851922833831E-096   1.2293395047148190E-104
  -1.3892339932831265E+038  -4.6706995543696711E+046  -9.8252475831778817E+041   2.0833658442855703E+032   3.0317669578333752E+018   490.11685078490035        2.7403885502804457E-014   5.7088564470623943E-030   1.6564757065410052E-044   2.6166032272742964E-059  -1.3241412275117238E-068  -1.2053632467070330E-078   6.7329195311458606E-091   1.8953832456178494E-096   1.0587887263169101E-104
  -1.3450277002167574E+038  -4.5070608414032838E+046  -9.4346811412362756E+041   1.9880296802173465E+032   2.8717337298393119E+018   460.44324715109207        2.5518569505143749E-014   5.2672315657026726E-030   1.5138841527051408E-044   2.3683906652812598E-059  -1.1869394801703934E-068  -1.0700918777774501E-078   2.5565125153725086E-091   1.6483808310197150E-096   9.1189553920650759E-105
  -1.3010347245295347E+038  -4.3455750835572005E+046  -9.0532998757154225E+041   1.8959857683117201E+032   2.7189694907738701E+018   432.42840241381680        2.3757597331830334E-014   4.8590177647515393E-030   1.3834239091014619E-044   2.1435780411515995E-059  -1.0639067954544973E-068  -9.4997280100855184E-079  -6.8646473849529017E-092   1.4335553706916879E-096   7.8537755637331514E-105
  -1.2572470025380533E+038  -4.1861618687346312E+046  -8.6807266428321149E+041   1.8070806914268167E+032   2.5730864622025272E+018   405.97126241194223        2.2112383206177516E-014   4.4816249628601912E-030   1.2640494540404804E-044   1.9399442516803008E-059  -9.5357467644023080E-069  -8.4330569719132871E-079  -3.1628099651173899E-091   1.2467126367681570E-096   6.7640771061182219E-105
  -1.2136565019619596E+038  -4.0287417705552080E+046  -8.3165928657830346E+041   1.7211662279271950E+032   2.4337142800003200E+018   380.97638416053229        2.0574905381119275E-014   4.1326585741832349E-030   1.1548040914710983E-044   1.7554774000596889E-059  -8.5462618544507605E-069  -7.4858059302967540E-079  -5.0122913098600795E-091   1.0842048308229612E-096   5.8255107455489352E-105
  -1.1702552204447184E+038  -3.8732363087316832E+046  -7.9605381698626341E+041   1.6380991045359366E+032   2.3004990540162030E+018   357.35359153064610        1.9137667025805825E-014   3.8099043147585194E-030   1.0548122845177610E-044   1.5883549227422387E-059  -7.6588023100235496E-069  -6.6445650244908019E-079  -6.3517803853605851E-091   9.4285933813175545E-097   5.0171044490361333E-105
  -1.1270351840786993E+038  -3.7195679098943244E+046  -7.6122100255525471E+041   1.5577407573728224E+032   2.1731024694185700E+018   335.01764989957724        1.7793659669731167E-014   3.5113141524698490E-030   9.6327263923216442E-045   1.4369255861111688E-059  -6.8627747527887507E-069  -5.8974245724131245E-079  -7.2787757589679977E-091   8.1991676458423276E-097   4.3207947459312409E-105
  -1.0839884459343066E+038  -3.5676598688434016E+046  -7.2712633992285616E+041   1.4799571007799807E+032   2.0512009274397501E+018   313.88795859763150        1.6536329026134302E-014   3.2349933114442251E-030   8.7945148234025793E-045   1.2996931751665718E-059  -6.1486769385899627E-069  -5.2338065893738089E-079  -7.8744044391537387E-091   7.1297704555645156E-097   3.7210230535137402E-105
  -1.0411070845928814E+038  -3.4174363102103814E+046  -6.9373604111386978E+041   1.4046183035492590E+032   1.9344847233369303E+018   293.88826004163315        1.5359543028008056E-014   2.9791882484226656E-030   8.0267698152343381E-045   1.1753017131401448E-059  -5.5079843713520924E-069  -4.6443151376762992E-079  -8.2059765838284510E-091   6.1995257380227458E-097   3.2043879840761105E-105
  -9.9838320268310254E+037  -3.2688221505086422E+046  -6.6101700003129672E+041   1.3315985721778046E+032   1.8226572594810770E+018   274.94636450544084        1.4257561920828245E-014   2.7422755248078481E-030   7.3233376111864415E-045   1.0625220660664978E-059  -4.9330485806484379E-069  -4.1206033917163240E-079  -8.3291580232106486E-091   5.3902743058975582E-097   2.7593458623848234E-105
  -9.5580892542061728E+037  -3.1217430605546887E+046  -6.2893675960720486E+041   1.2607759407899461E+032   1.7154342915742316E+018   256.99388953405185        1.3225010266134769E-014   2.5227515037718818E-030   6.6785797009054973E-045   9.6023980001274748E-060  -4.4170058495978137E-069  -3.6552555393698045E-079  -8.2898160390219265E-091   4.6862192357499660E-097   2.3759527599910381E-105
  -9.1337639915062571E+037  -2.9761254282410230E+046  -5.9746347958086091E+041   1.1920320673744705E+032   1.6125432060792865E+018   239.96601306058892        1.2256850719403536E-014   2.3192228070394429E-030   6.0873276275145013E-045   8.6744417103555462E-060  -3.9536953043675330E-069  -3.2416818500850794E-079  -8.1255859669186508E-091   4.0736173860425830E-097   2.0456422808347141E-105
  -8.7107778989315369E+037  -2.8318963216420019E+046  -5.6656590487209823E+041   1.1252520359968090E+032   1.5137223270252045E+018   223.80123933478066        1.1348359454289285E-014   2.1303974707785384E-030   5.5448415601070740E-045   7.8321813911804366E-060  -3.5375853881847726E-069  -2.8740254261378057E-079  -7.8671994145016630E-091   3.5405110279225074E-097   1.7610341316757805E-105
  -8.2890528189074032E+037  -2.6889834524341562E+046  -5.3621333451847006E+041   1.0603241646554860E+032   1.4187202504248230E+018   208.44117681764610        1.0495103113336333E-014   1.9550767444637351E-030   5.0467722995109985E-045   7.0672930744850464E-060  -3.1637078427354156E-069  -2.5470793185947992E-079  -7.5396090612295030E-091   3.0764943460301334E-097   1.5157691989593393E-105
  -7.8685107615826734E+037  -2.5473151396125862E+046  -5.0637559114527892E+041   9.9713981846148718E+031   1.3272952046120893E+018   193.83032724014026        9.6929171726865568E-015   1.7921474806530318E-030   4.5891264127921100E-045   6.3722169753820734E-060  -2.8275984093475116E-069  -2.2562128359962500E-079  -7.1629399980771428E-091   2.6725102479184380E-097   1.3043674461601716E-105
  -7.4490738903466634E+037  -2.4068202734851918E+046  -4.7702299093808768E+041   9.3559322782795628E+031   1.2392144348709693E+018   179.91588506366540        8.9378856151968939E-015   1.6405750673654019E-030   4.1682342170256222E-045   5.7400827892721171E-060  -2.5252435424827460E-069  -1.9973060036718676E-079  -6.7532932607323470E-091   2.3206735128414310E-097   1.1221054556985071E-105
  -7.0306645073622701E+037  -2.2674282799266248E+046  -4.4812631408779766E+041   8.7558131136586248E+031   1.1542536107895145E+018   166.64754661774830        8.2263218127467912E-015   1.4993968581851872E-030   3.7807203556781752E-045   5.1646417967617140E-060  -2.2530324997488010E-069  -1.7666912467895146E-079  -6.3234235128995155E-091   2.0141168252734755E-097   9.6491087857564881E-106
  -6.6132050391124100E+037  -2.1290690848739510E+046  -4.1965677567883334E+041   8.1700350318900855E+031   1.0721962548298449E+018   153.97732822495888        7.5547505243993635E-015   1.3677160583737685E-030   3.4234767317028116E-045   4.6402051056231904E-060  -2.0077142367525410E-069  -1.5611014723209194E-079  -5.8833096616736850E-091   1.7468566856117372E-097   8.2927143275897811E-106
  -6.1966180219570802E+037  -1.9916730790461372E+046  -3.9158599699139455E+041   7.5976158433897069E+031   9.9283319065821043E+017   141.85939265542615        6.9198909225080479E-015   1.2446960281582563E-030   3.0936375803169944E-045   4.1615874195539758E-060  -1.7863585924025691E-069  -1.3776238155394099E-079  -5.4406344623183325E-091   1.5136765788306341E-097   7.1215641649795094E-106
  -5.7808260876983643E+037  -1.8551710828695628E+046  -3.6388597718913099E+041   7.0375951804731131E+031   9.1596200982901466E+017   130.24988328321285        6.3186405638589738E-015   1.1295549670096578E-030   2.7885564815616444E-045   3.7240557780404525E-060  -1.5863213014225628E-069  -1.2136583967160237E-079  -5.0011868324972413E-091   1.3100251189893253E-097   6.1094898244384283E-106
  -5.3657519491506659E+037  -1.7194943115918519E+046  -3.3652906536396067E+041   6.4890328855866528E+031   8.4138655546279616E+017   119.10676534443965        5.7480602275328420E-015   1.0215609451357869E-030   2.5057851282641486E-045   3.3232827606885707E-060  -1.4052124164635199E-069  -1.0668815044829799E-079  -4.5691985920853713E-091   1.1319271800298199E-097   5.2338765892790096E-106
  -4.9513183857134668E+037  -1.5845743405664023E+046  -3.0948793291008936E+041   5.9510074324411135E+031   7.6891642160082688E+017   108.38967372251273        5.2053595453809527E-015   9.2002725061243183E-031   2.2430536790745169E-045   2.9553036934344914E-060  -1.2408677628472171E-069  -9.3521268488698411E-080  -4.1476256275989048E-091   9.7590627696112409E-098   4.4751581140028348E-106
  -4.5374482289439112E+037  -1.4503430706900533E+046  -2.8273554619959607E+041   5.4226143773958467E+031   6.9836646695827366E+017   98.059766709186420        4.6878833548586450E-015   8.2430802257383006E-031   1.9982525389238131E-045   2.6164774335277464E-060  -1.0913230851191086E-069  -8.1678527034221635E-080  -3.7383820099769673E-091   8.3891668126085596E-098   3.8163791446440994E-106
  -4.1240643481265083E+037  -1.3167326939764086E+046  -2.5624513953223223E+041   4.9029648384899316E+031   6.2955634183390157E+017   88.079585211577779        4.1930987074645400E-015   7.3379414269301330E-031   1.7694154206689892E-045   2.3034503454762932E-060  -9.5479057666716051E-070  -7.0991993129319498E-080  -3.3425343364307959E-091   7.1828394443362405E-098   3.2428165712362496E-106
  -3.7110896358372278E+037  -1.1836756592473720E+046  -2.2999018833233776E+041   4.3911839995616553E+031   5.6231002696715078E+017   78.412916894711060        3.7185824692125079E-015   6.4790935881549493E-031   1.5547035519296367E-045   2.0131231116053691E-060  -8.2963751205575834E-070  -6.1310087609695033E-080  -2.9604624916828571E-091   6.1165266785966179E-098   2.7416503419042448E-106
  -3.2984469934992900E+037  -1.0511046379255083E+046  -2.0394438256599802E+041   3.8864096369379456E+031   4.9645538316318899E+017   69.024664766783488        3.2620094524307593E-015   5.6610661607641030E-031   1.3523909002717344E-045   1.7426200488202881E-060  -7.1436672676899855E-070  -5.2495436203467386E-080  -2.5919921056467512E-091   5.1694049855558731E-098   2.3016768820542029E-106
  -2.8860593169279217E+037  -9.1895248990987131E+045  -1.7808160035177259E+041   3.3877906662114922E+031   4.3182371053328333E+017   59.880719730167549        2.8211410207526701E-015   4.8786457214084485E-031   1.1608502980243578E-045   1.4892606278525819E-060  -6.0759871105346258E-070  -4.4422921299288274E-080  -2.2365032015474296E-091   4.3229745201562619E-098   1.9130586116284558E-106
  -2.4738494818613666E+037  -7.8715222951797600E+045  -1.5237588173849276E+041   2.8944857066552336E+031   3.6824931622163501E+017   50.947836635257538        2.3938141114493305E-015   4.1268427436797194E-031   9.7854035519237079E-046   1.2505329129522746E-060  -5.0805510375875105E-070  -3.6977906767335741E-080  -1.8930188618641684E-091   3.5606976728025955E-098   1.5671039596308784E-106
  -2.0617403294754006E+037  -6.5563699147659990E+045  -1.2680140262377593E+041   2.4056616608516803E+031   3.0556908951072646E+017   42.193513386679449        1.9779306212655033E-015   3.4008597771907371E-031   8.0399305520862453E-046   1.0240686588799593E-060  -4.1454338872304578E-070  -3.0054610659890571E-080  -1.5602771732057931E-091   2.8676758782054493E-098   1.2560729561145371E-106
  -1.6496546518786461E+037  -5.2433999694411896E+045  -1.0133244878702135E+041   1.9204923071382387E+031   2.4362208321529309E+017   33.585872662156952        1.5714471036681713E-015   2.6960608311396365E-031   6.3580193370315852E-046   8.0761981833649352E-061  -3.2594261053863671E-070  -2.3554602702220384E-080  -1.2367892315453320E-091   2.2303583645701589E-098   9.7300405276970453E-107
  -1.2375151775859256E+037  -3.9319451954707930E+045  -7.5943390010746436E+040   1.4381569024893662E+031   1.8224910029029962E+017   25.093545813499819        1.1723647269088017E-015   2.0079417669532045E-031   4.7261074509756086E-046   5.9903622680544197E-061  -2.4118993862833619E-070  -1.7385405241092841E-080  -9.2088558442347720E-092   1.6362771480868998E-098   7.1155829690200642E-107
  -8.2524455696691540E+036  -2.6213385141369567E+045  -5.0608654264189187E+040   9.5783879347200992E+030   1.2129228459081067E+017   16.685558526788029        7.7871944354374390E-016   1.3321015109070720E-031   3.1310252569678500E-046   3.9624424330955328E-061  -1.5926791861141717E-070  -1.1459177772102082E-080  -6.1075314681403620E-092   1.0738030890524448E-098   4.6587737051781743E-107
  -4.1276534766734798E+036  -1.3109126918695902E+045  -2.5302701923142378E+040   4.7872403292241159E+030   60594714731423168.        8.3312178248901425        3.8857232305794687E-016   6.6421390271525303E-032   1.5598896507888168E-046   1.9722613491032411E-061  -7.9192258056053714E-071  -5.6914663385234055E-081  -3.0446434390440811E-092   5.3191823590850744E-099   2.3045231506580208E-107
   0.0000000000000000        0.0000000000000000        0.0000000000000000        0.0000000000000000        0.0000000000000000        0.0000000000000000        0.0000000000000000        0.0000000000000000        0.0000000000000000        0.0000000000000000        0.0000000000000000        0.0000000000000000        0.0000000000000000        0.0000000000000000        0.0000000000000000     
